{
    "version": "ERV",
    "book_name": "Hosea",
    "book_nr": "28",
    "book": {
        "1": {
            "chapter_nr": "1",
            "chapter": {
                "1": {
                    "verse_nr": "1",
                    "verse": "The Lord God\u2019s Message Through Hosea - This is the LORD\u2019s message that came to Hosea son of Beeri during the time that Uzziah, Jotham, Ahaz, and Hezekiah were kings of Judah, and Jeroboam son of Joash was king of Israel."
                },
                "2": {
                    "verse_nr": "2",
                    "verse": "This was the LORD\u2019s first message to Hosea. The LORD said, \u201cGo, marry a prostitute who has had children as a result of her prostitution. Do this because the people in this country have acted like prostitutes\u2014they have been unfaithful to the LORD.\u201d"
                },
                "3": {
                    "verse_nr": "3",
                    "verse": "The Birth of Jezreel - So Hosea married Gomer daughter of Diblaim. She became pregnant and gave birth to a son for Hosea."
                },
                "4": {
                    "verse_nr": "4",
                    "verse": "The LORD said to Hosea, \u201cName him Jezreel, because soon I will punish the family of Jehu for the people he killed at Jezreel Valley. Then I will put an end to the kingdom of the nation of Israel."
                },
                "5": {
                    "verse_nr": "5",
                    "verse": "And at that time I will break Israel\u2019s bow at Jezreel Valley.\u201d"
                },
                "6": {
                    "verse_nr": "6",
                    "verse": "The Birth of Lo-Ruhamah - Then Gomer became pregnant again and gave birth to a daughter. The LORD said to Hosea, \u201cName her Lo-Ruhamah, because I will not show mercy to the nation of Israel anymore, nor will I forgive them."
                },
                "7": {
                    "verse_nr": "7",
                    "verse": "But I will show mercy to the nation of Judah. I will save them, but I will not use bows or swords or war horses and soldiers to save them. I will save them by my own power.\u201d"
                },
                "8": {
                    "verse_nr": "8",
                    "verse": "The Birth of Lo-Ammi - After Gomer had finished nursing Lo-Ruhamah, she became pregnant again and gave birth to a son."
                },
                "9": {
                    "verse_nr": "9",
                    "verse": "Then the Lord said, \u201cName him Lo-Ammi, because you are not my people, and I am not your God.\u201d"
                },
                "10": {
                    "verse_nr": "10",
                    "verse": "The Lord Speaks to the Nation of Israel - \u201cIn the future the number of the people of Israel will be like the sand of the sea, which you cannot measure or count. In the same place that God told them, \u2018You are not my people,\u2019 he will call them \u2018children of the Living God.\u2019"
                },
                "11": {
                    "verse_nr": "11",
                    "verse": "\u201cThen the people of Judah and the people of Israel will be gathered together. They will choose one ruler for themselves, and their nation will be too large for the land. Jezreel\u2019s day will be great!"
                }
            }
        },
        "2": {
            "chapter_nr": "2",
            "chapter": {
                "1": {
                    "verse_nr": "1",
                    "verse": "\u201cThen you will say to your brothers, \u2018You are my people,\u2019 and you will say to your sisters, \u2018He has shown mercy to you.\u2019\u201d"
                },
                "2": {
                    "verse_nr": "2",
                    "verse": "\u201cArgue with your mother. Argue with her because she is no longer my wife, and I am no longer her husband! Tell her to stop being like a prostitute. Tell her to take away her lovers from between her breasts."
                },
                "3": {
                    "verse_nr": "3",
                    "verse": "If she refuses to stop her adultery, I will strip her naked and leave her like the day she was born. I will take away her people, and she will be like an empty, dry desert. I will kill her with thirst."
                },
                "4": {
                    "verse_nr": "4",
                    "verse": "I will have no pity on her children because they are the children of prostitution."
                },
                "5": {
                    "verse_nr": "5",
                    "verse": "Their mother has acted like a prostitute. She should be ashamed of what she did. She said, \u2018I will go to my lovers, who give me food and water, wool and linen, wine and olive oil.\u2019"
                },
                "6": {
                    "verse_nr": "6",
                    "verse": "\u201cSo I, the Lord, will block Israel\u2019s road with thorns, and I will build a wall. Then she will not be able to find her path."
                },
                "7": {
                    "verse_nr": "7",
                    "verse": "She will run after her lovers, but she will not be able to catch up with them. She will look for her lovers, but she will not be able to find them. Then she will say, \u2018I will go back to my husband. Life was better for me when I was with him. Life was better then than it is now.\u2019"
                },
                "8": {
                    "verse_nr": "8",
                    "verse": "\u201cIsrael didn\u2019t know that I, the Lord, was the one who gave her grain, wine, and oil. I kept giving her more and more silver and gold, but she used this silver and gold to make statues of Baal."
                },
                "9": {
                    "verse_nr": "9",
                    "verse": "So I will return and take back my grain at the time it is ready to be harvested. I will take back my wine at the time the grapes are ready. I will take back my wool and linen. I gave those things to her so that she could cover her naked body."
                },
                "10": {
                    "verse_nr": "10",
                    "verse": "Now I will strip her. She will be naked, so all her lovers can see her. No one will be able to save her from my power."
                },
                "11": {
                    "verse_nr": "11",
                    "verse": "I will take away all her fun. I will stop her festivals, her New Moon celebrations, and her days of rest. I will stop all her special feasts."
                },
                "12": {
                    "verse_nr": "12",
                    "verse": "I will destroy her vines and fig trees. She said, \u2018My lovers gave these things to me.\u2019 But I will change her gardens\u2014they will become like a wild forest. Wild animals will come and eat from those plants."
                },
                "13": {
                    "verse_nr": "13",
                    "verse": "\u201cIsrael served false gods, so I will punish her. She burned incense to those false gods. She dressed up\u2014she put on her jewelry and nose ring. Then she went to her lovers and forgot me.\u201d This is what the LORD has said."
                },
                "14": {
                    "verse_nr": "14",
                    "verse": "\u201cSo I, the Lord, will speak romantic words to her. I will lead her into the desert and speak tender words."
                },
                "15": {
                    "verse_nr": "15",
                    "verse": "There I will give her vineyards. I will give her Achor Valley as a doorway of hope. Then she will answer as she did when she came out of the land of Egypt.\u201d"
                },
                "16": {
                    "verse_nr": "16",
                    "verse": "This is what the LORD says. \u201cAt that time you will call me \u2018My husband.\u2019 You will not call me \u2018My Baal.\u2019"
                },
                "17": {
                    "verse_nr": "17",
                    "verse": "I will take the names of those false gods out of her mouth. Then people will not use those names again."
                },
                "18": {
                    "verse_nr": "18",
                    "verse": "\u201cAt that time I will make an agreement for the Israelites with the animals of the field, the birds of the sky, and the crawling things on the ground. I will break the bow, the sword, and the weapons of war in that land. I will make the land safe, so the people of Israel can lie down in peace."
                },
                "19": {
                    "verse_nr": "19",
                    "verse": "And I will make you my bride forever. I will make you my bride with goodness and justice and with love and mercy."
                },
                "20": {
                    "verse_nr": "20",
                    "verse": "I will make you my faithful bride. Then you will really know the LORD."
                },
                "21": {
                    "verse_nr": "21",
                    "verse": "And at that time I will answer.\u201d This is what the LORD says. \u201cI will speak to the skies, and they will give rain to the earth."
                },
                "22": {
                    "verse_nr": "22",
                    "verse": "The earth will produce grain, wine, and oil, and they will meet Jezreel\u2019s needs."
                },
                "23": {
                    "verse_nr": "23",
                    "verse": "I will sow her many seeds on her land. To Lo-Ruhamah, I will show mercy. To Lo-Ammi, I will say, \u2018You are my people.\u2019 And they will say to me, \u2018You are our God.\u2019\u201d"
                }
            }
        },
        "3": {
            "chapter_nr": "3",
            "chapter": {
                "1": {
                    "verse_nr": "1",
                    "verse": "Hosea Buys Gomer Back From Slavery - Then the LORD said to me again, \u201cGomer has many lovers, but you must continue loving her. Do this because it is an example of the LORD\u2019s love for Israel. He continues to love them, but they continue to turn to other gods, and they love to eat those raisin cakes.\u201d"
                },
                "2": {
                    "verse_nr": "2",
                    "verse": "So I bought Gomer back for 6 ounces of silver and 9 bushels of barley."
                },
                "3": {
                    "verse_nr": "3",
                    "verse": "Then I told her, \u201cYou must stay at home with me for many days. You will not be like a prostitute. You will not have sexual relations with another man. I will be your husband.\u201d"
                },
                "4": {
                    "verse_nr": "4",
                    "verse": "In the same way the people of Israel will continue many days without a king or a leader. They will be without a sacrifice or a memorial stone. They will be without an ephod or a household god."
                },
                "5": {
                    "verse_nr": "5",
                    "verse": "After this, the people of Israel will come back and look for the LORD their God and for David their king. In the last days they will come to honor the LORD and his goodness."
                }
            }
        },
        "4": {
            "chapter_nr": "4",
            "chapter": {
                "1": {
                    "verse_nr": "1",
                    "verse": "The Lord Is Angry Against Israel - People of Israel, listen to the LORD\u2019s message. The LORD has something to say against those who live in this land: \u201cThe people in this land are not honest or loyal. They don\u2019t really know God."
                },
                "2": {
                    "verse_nr": "2",
                    "verse": "They are always cursing, lying, killing, stealing, and committing adultery. They murder one person after another."
                },
                "3": {
                    "verse_nr": "3",
                    "verse": "So the country is like someone crying for the dead, and all of its people are weak. Even the animals of the field, the birds of the sky, and the fish in the sea are dying."
                },
                "4": {
                    "verse_nr": "4",
                    "verse": "No one should argue or blame another person. Priests, my argument is with you!"
                },
                "5": {
                    "verse_nr": "5",
                    "verse": "You priests will fall in the daytime. And at night the prophet will also fall with you. I will also destroy your mother."
                },
                "6": {
                    "verse_nr": "6",
                    "verse": "\u201cMy people are destroyed because they have no knowledge. You priests have refused to learn, so I will refuse to let you be priests for me. You have forgotten the law of your God, so I will forget your children."
                },
                "7": {
                    "verse_nr": "7",
                    "verse": "They became proud. They sinned more and more against me, so I will change their honor to shame."
                },
                "8": {
                    "verse_nr": "8",
                    "verse": "\u201cThe priests fed on the people\u2019s sins. They wanted more and more of their sin offerings."
                },
                "9": {
                    "verse_nr": "9",
                    "verse": "So the priests are no different from the people. I will punish them for the things they did. I will pay them back for the wrong things they did."
                },
                "10": {
                    "verse_nr": "10",
                    "verse": "They will eat, but they will not be satisfied. They will commit sexual sins, but they will not have babies. This is because they left the LORD and became like prostitutes."
                },
                "11": {
                    "verse_nr": "11",
                    "verse": "\u201cSexual sins, strong drink, and new wine ruin a person\u2019s ability to think straight."
                },
                "12": {
                    "verse_nr": "12",
                    "verse": "My people are asking pieces of wood for advice. They think those sticks will answer them! They have chased after those false gods like prostitutes and have left their own God."
                },
                "13": {
                    "verse_nr": "13",
                    "verse": "They make sacrifices on the tops of the mountains and burn incense on the hills under oak trees, poplar trees, and elm trees. The shade under those trees looks nice. So your daughters lie under those trees like prostitutes, and your daughters-in-law commit sexual sins."
                },
                "14": {
                    "verse_nr": "14",
                    "verse": "\u201cI cannot blame your daughters or your daughters-in-law for doing this, because your men go and have sex with the temple prostitutes and offer sacrifices with them. This is how foolish people destroy themselves."
                },
                "15": {
                    "verse_nr": "15",
                    "verse": "The Shameful Sins of Israel - \u201cIsrael, just because you act like a prostitute doesn\u2019t mean that Judah should feel guilty too. People, don\u2019t go to Gilgal or Beth Aven. Don\u2019t use the Lord\u2019s name to make promises. Don\u2019t say, \u2018As the LORD lives \u2026!\u2019"
                },
                "16": {
                    "verse_nr": "16",
                    "verse": "The LORD has given many things to Israel. He is like a shepherd who takes his sheep to a large field with plenty of grass. But Israel is stubborn like a young cow that runs away again and again."
                },
                "17": {
                    "verse_nr": "17",
                    "verse": "\u201cEphraim has joined his idols, so leave him alone."
                },
                "18": {
                    "verse_nr": "18",
                    "verse": "Ephraim has joined their drunkenness. Let them continue to be prostitutes. Let them be with their lovers."
                },
                "19": {
                    "verse_nr": "19",
                    "verse": "They went to those gods for safety, and they have lost their ability to think. Their altars will bring them shame."
                }
            }
        },
        "5": {
            "chapter_nr": "5",
            "chapter": {
                "1": {
                    "verse_nr": "1",
                    "verse": "The Leaders Cause Israel and Judah to Sin - \u201cPriests, nation of Israel, and people in the king\u2019s family, listen to me. You have been judged guilty! \u201cYou were like a trap at Mizpah and like a net spread on the ground at Tabor."
                },
                "2": {
                    "verse_nr": "2",
                    "verse": "You have done many evil things, so I will punish you all."
                },
                "3": {
                    "verse_nr": "3",
                    "verse": "I know Ephraim. I know what Israel has done. Ephraim, right now you act like a prostitute. Israel is dirty with sin."
                },
                "4": {
                    "verse_nr": "4",
                    "verse": "The people of Israel have done many evil things, and these evil things keep them from coming back to their God. They are always thinking of ways to chase after other gods. They don\u2019t know the LORD."
                },
                "5": {
                    "verse_nr": "5",
                    "verse": "Israel\u2019s pride is a witness against them, so Israel and Ephraim will stumble in their sin. But Judah will also stumble with them."
                },
                "6": {
                    "verse_nr": "6",
                    "verse": "\u201cThe leaders of the people went to look for the LORD. They took their sheep and cattle with them, but they did not find the LORD because he refused to accept them."
                },
                "7": {
                    "verse_nr": "7",
                    "verse": "They have not been faithful to the LORD. Their children are from some stranger. And now, he will destroy them and their land again."
                },
                "8": {
                    "verse_nr": "8",
                    "verse": "A Prophecy of Israel\u2019s Destruction - \u201cBlow the horn in Gibeah. Blow the trumpet in Ramah. Give the warning at Beth Aven. The enemy is behind you, Benjamin."
                },
                "9": {
                    "verse_nr": "9",
                    "verse": "Ephraim will become empty at the time of punishment. I, God, warn the families of Israel that this really will happen."
                },
                "10": {
                    "verse_nr": "10",
                    "verse": "The leaders of Judah are like thieves trying to steal someone\u2019s property, so I will pour out my anger on them like water."
                },
                "11": {
                    "verse_nr": "11",
                    "verse": "Ephraim will be punished. He will be crushed and pressed like grapes, because he decided to follow filth."
                },
                "12": {
                    "verse_nr": "12",
                    "verse": "I will destroy Ephraim as a moth eats a piece of cloth. I will ruin Judah, like rot on a piece of wood."
                },
                "13": {
                    "verse_nr": "13",
                    "verse": "Ephraim saw his sickness, and Judah saw his wound, so they went to Assyria for help. They told their problems to the great king, but he cannot heal you or cure your wound."
                },
                "14": {
                    "verse_nr": "14",
                    "verse": "I will be like a lion to Ephraim, like a young lion to the nation of Judah. I\u2014yes, I myself\u2014will rip them to pieces. I will carry them away, and no one can save them."
                },
                "15": {
                    "verse_nr": "15",
                    "verse": "I will go back to my place, until the people admit they are guilty, until they come looking for me. Yes, in their trouble they will try very hard to find me.\u201d"
                }
            }
        },
        "6": {
            "chapter_nr": "6",
            "chapter": {
                "1": {
                    "verse_nr": "1",
                    "verse": "The Rewards of Coming Back to the Lord - \u201cCome, let\u2019s go back to the LORD. He hurt us, but he will heal us. He wounded us, but he will put bandages on us."
                },
                "2": {
                    "verse_nr": "2",
                    "verse": "After two days he will bring us back to life. He will raise us up on the third day. Then we can live near him."
                },
                "3": {
                    "verse_nr": "3",
                    "verse": "Let\u2019s learn about the LORD. Let\u2019s try very hard to know him. We know he is coming, just as we know the dawn is coming. He will come to us like the rain, like the spring rain that waters the ground.\u201d"
                },
                "4": {
                    "verse_nr": "4",
                    "verse": "The People Are Not Faithful - \u201cEphraim, what should I do with you? Judah, what should I do with you? Your faithfulness is like a morning mist. Your faithfulness is like the dew that goes away early in the morning."
                },
                "5": {
                    "verse_nr": "5",
                    "verse": "I used the prophets and made laws for the people. The people were killed at my command, but good things will come from those decisions."
                },
                "6": {
                    "verse_nr": "6",
                    "verse": "This is because I want faithful love, not sacrifice. I want people to know God, not to bring burnt offerings."
                },
                "7": {
                    "verse_nr": "7",
                    "verse": "But the people broke the agreement as Adam did. They were unfaithful to me in their country."
                },
                "8": {
                    "verse_nr": "8",
                    "verse": "Gilead is a city of people who do evil\u2014 people who have tricked and killed others."
                },
                "9": {
                    "verse_nr": "9",
                    "verse": "The priests are like gangs of robbers hiding and waiting on the road to attack someone. They murder people before they reach safety in Shechem. They do such evil things."
                },
                "10": {
                    "verse_nr": "10",
                    "verse": "I have seen a terrible thing in the nation of Israel. Ephraim was unfaithful to God. Israel is dirty with sin."
                },
                "11": {
                    "verse_nr": "11",
                    "verse": "Judah, there is also a time of harvest for you. It will happen when I bring my people back from captivity."
                }
            }
        },
        "7": {
            "chapter_nr": "7",
            "chapter": {
                "1": {
                    "verse_nr": "1",
                    "verse": "\u201cI will heal Israel! Then people will know that Ephraim sinned. They will know about Samaria\u2019s lies. They will know about the thieves who come and go in that town."
                },
                "2": {
                    "verse_nr": "2",
                    "verse": "They don\u2019t believe that I will remember their crimes. The bad things they did are all around. I can see their sins clearly."
                },
                "3": {
                    "verse_nr": "3",
                    "verse": "Their evil makes their king happy. Their false gods please their leaders."
                },
                "4": {
                    "verse_nr": "4",
                    "verse": "A baker presses dough to make bread. He puts the bread in the oven. He does not make the fire hotter while the bread is rising. But the people of Israel are not like that. They are always making their fire hotter."
                },
                "5": {
                    "verse_nr": "5",
                    "verse": "On Our King\u2019s Day, the leaders get so drunk that they get sick. They become crazy with wine and make agreements with people who laugh at God."
                },
                "6": {
                    "verse_nr": "6",
                    "verse": "The people make their secret plans. Their hearts burn with excitement like an oven. Their excitement burns all night, and in the morning it is like a hot fire."
                },
                "7": {
                    "verse_nr": "7",
                    "verse": "They are all like hot ovens. They destroyed their rulers. All their kings fell. Not one of them called to me for help."
                },
                "8": {
                    "verse_nr": "8",
                    "verse": "Israel and the Nations - \u201cEphraim mixes with the nations. Ephraim is like a cake that was not cooked on both sides."
                },
                "9": {
                    "verse_nr": "9",
                    "verse": "Strangers destroy Ephraim\u2019s strength, but Ephraim does not know it. Gray hairs are also sprinkled on Ephraim, but Ephraim does not know it."
                },
                "10": {
                    "verse_nr": "10",
                    "verse": "Ephraim\u2019s pride speaks against him. The people had many troubles, but they still didn\u2019t go back to the LORD their God. They didn\u2019t look to him for help."
                },
                "11": {
                    "verse_nr": "11",
                    "verse": "So Ephraim has become like a silly dove without understanding. The people called to Egypt for help. They went to Assyria for help."
                },
                "12": {
                    "verse_nr": "12",
                    "verse": "They go to those countries for help, but I will trap them. I will throw my net over them, and I will bring them down like the birds of the sky. I will punish them for their agreements."
                },
                "13": {
                    "verse_nr": "13",
                    "verse": "It will be very bad for those who left me. They refused to obey me, so they will be destroyed. I saved them, but they speak lies against me."
                },
                "14": {
                    "verse_nr": "14",
                    "verse": "They never call to me from their hearts. Yes, they cry on their beds. And they cut themselves when they ask for grain and new wine. But in their hearts, they have turned away from me."
                },
                "15": {
                    "verse_nr": "15",
                    "verse": "I trained them and made their arms strong, but they made evil plans against me."
                },
                "16": {
                    "verse_nr": "16",
                    "verse": "Like a boomerang, they changed directions, but they did not come back to me. Their leaders bragged about their strength, but they will be killed with swords. And the people in Egypt will laugh at them."
                }
            }
        },
        "8": {
            "chapter_nr": "8",
            "chapter": {
                "1": {
                    "verse_nr": "1",
                    "verse": "Idol Worship Leads to Destruction - \u201cPut the trumpet to your lips and give the warning. Be like an eagle over the LORD\u2019s house. The Israelites have broken my agreement. They have not obeyed my law."
                },
                "2": {
                    "verse_nr": "2",
                    "verse": "They yell out at me, \u2018My God, we in Israel know you!\u2019"
                },
                "3": {
                    "verse_nr": "3",
                    "verse": "But Israel refused the good things, so the enemy chases him."
                },
                "4": {
                    "verse_nr": "4",
                    "verse": "The Israelites chose their kings, but they didn\u2019t come to me for advice. They chose leaders, but they didn\u2019t choose men I knew. The Israelites used their silver and gold to make idols for themselves, so they will be destroyed."
                },
                "5": {
                    "verse_nr": "5",
                    "verse": "He has refused your calf, Samaria. God says, \u2018I am very angry with the Israelites.\u2019 The people of Israel will be punished for their sin. Some worker made those statues. They are not God. Samaria\u2019s calf will be broken into pieces."
                },
                "6": {
                    "verse_nr": "6",
                    "verse": "He has refused your calf, Samaria. God says, \u2018I am very angry with the Israelites.\u2019 The people of Israel will be punished for their sin. Some worker made those statues. They are not God. Samaria\u2019s calf will be broken into pieces."
                },
                "7": {
                    "verse_nr": "7",
                    "verse": "The Israelites did a foolish thing\u2014it was like trying to plant the wind. But they will get only troubles\u2014they will harvest a whirlwind. The grain in the fields will grow, but it will give no food. Even if it grew something, strangers would eat it."
                },
                "8": {
                    "verse_nr": "8",
                    "verse": "\u201cIsrael was destroyed; its people are scattered among the nations, like some dish that was thrown away because no one wanted it."
                },
                "9": {
                    "verse_nr": "9",
                    "verse": "Ephraim went to his \u2018lovers.\u2019 Like a stubborn donkey, they led him off to Assyria."
                },
                "10": {
                    "verse_nr": "10",
                    "verse": "Yes, Israel was taken to the nations, but I will bring them back. But first, they must suffer a little by carrying the burden of that mighty king."
                },
                "11": {
                    "verse_nr": "11",
                    "verse": "Israel Forgets God and Worships Idols - \u201cEphraim built more and more altars, and that was a sin. They have been altars of sin for Ephraim."
                },
                "12": {
                    "verse_nr": "12",
                    "verse": "Even if I wrote 10,000 laws for Ephraim, he would treat them as if they were for some stranger."
                },
                "13": {
                    "verse_nr": "13",
                    "verse": "The Israelites love sacrifices. They offer the meat and eat it. The LORD does not accept their sacrifices. He remembers their sins, and he will punish them. They will be carried away as prisoners to Egypt."
                },
                "14": {
                    "verse_nr": "14",
                    "verse": "Israel has built palaces for their kings, and now Judah builds fortresses. But they have forgotten their Maker! So I will send a fire to destroy their cities and fortresses!\u201d"
                }
            }
        },
        "9": {
            "chapter_nr": "9",
            "chapter": {
                "1": {
                    "verse_nr": "1",
                    "verse": "The Sadness of Exile - Israel, don\u2019t celebrate like the nations do. Don\u2019t be happy. You acted like a prostitute and left your God. You committed your sexual sin on every threshing floor."
                },
                "2": {
                    "verse_nr": "2",
                    "verse": "But the grain from those threshing floors will not provide enough food for Israel. There will not be enough wine for Israel."
                },
                "3": {
                    "verse_nr": "3",
                    "verse": "The Israelites will not stay in the LORD\u2019s land. Ephraim will return to Egypt. In Assyria they will eat food that they should not eat."
                },
                "4": {
                    "verse_nr": "4",
                    "verse": "They will not be able to give offerings of wine to the LORD. None of their sacrifices will please him. What they offer will be like food eaten at a funeral\u2014whoever eats it will become unclean. They can eat that food for their own hunger, but it cannot be taken into the Lord\u2019s Temple."
                },
                "5": {
                    "verse_nr": "5",
                    "verse": "They will not be able to celebrate the LORD\u2019s feasts or festivals."
                },
                "6": {
                    "verse_nr": "6",
                    "verse": "The people of Israel left because the enemy took everything from them. But Egypt will take the people themselves. Memphis will bury them. Weeds will grow over their silver treasures, and thorns will grow where the Israelites lived."
                },
                "7": {
                    "verse_nr": "7",
                    "verse": "Israel Rejected the True Prophets - The prophet says, \u201cIsrael, learn this: The time of punishment has come. The time has come for you to pay for the evil things you did.\u201d But the people of Israel say, \u201cThe prophet is a fool. This man with God\u2019s Spirit is crazy.\u201d The prophet says, \u201cYou will be punished for your terrible sins. You will be punished for your hate.\u201d"
                },
                "8": {
                    "verse_nr": "8",
                    "verse": "God and the prophet are like guards watching over Ephraim, but there are many traps along his way. And people hate the prophet, even in the house of his God."
                },
                "9": {
                    "verse_nr": "9",
                    "verse": "The Israelites have gone deep into ruin as in the time of Gibeah. God will remember the Israelites\u2019 sins, and he will punish them."
                },
                "10": {
                    "verse_nr": "10",
                    "verse": "Israel Is Ruined by Its Worship of Idols - \u201cAt the time I, the Lord, found Israel, they were like fresh grapes in the desert. They were like the first figs on a fig tree at the beginning of the season. But when they came to Baal Peor, they changed. So I had to cut them off like rotten fruit. They became like the terrible things that they loved."
                },
                "11": {
                    "verse_nr": "11",
                    "verse": "The Israelites Will Have No Children - \u201cLike a bird, Ephraim\u2019s glory will fly away. There will be no more pregnancies, no more births, and no more babies."
                },
                "12": {
                    "verse_nr": "12",
                    "verse": "But even if the Israelites do raise their children, it will not help, because I will take the children away from them. I will leave them, and they will have nothing but troubles.\u201d"
                },
                "13": {
                    "verse_nr": "13",
                    "verse": "I can see that Ephraim is leading his children into a trap. Ephraim will lead his children out to the killer."
                },
                "14": {
                    "verse_nr": "14",
                    "verse": "LORD, give them what you will. Give them a womb that loses babies and breasts that cannot give milk."
                },
                "15": {
                    "verse_nr": "15",
                    "verse": "All their evil is in Gilgal; I began hating them there. I will force them to leave my house because of the evil things they do. I will not love them anymore. Their leaders are rebels who turned against me."
                },
                "16": {
                    "verse_nr": "16",
                    "verse": "Ephraim will be punished. Their root is dying. They will not have any more babies. They might give birth to babies, but I will kill the precious babies who come from their bodies."
                },
                "17": {
                    "verse_nr": "17",
                    "verse": "Those people will not listen to my God, so he will refuse to listen to them. And they will wander among the nations without a home."
                }
            }
        },
        "10": {
            "chapter_nr": "10",
            "chapter": {
                "1": {
                    "verse_nr": "1",
                    "verse": "Israel\u2019s Riches Led to Its Worship of Idols - Israel is like a vine that grows plenty of fruit. But as Israel got more and more things, he built more and more altars to honor false gods. His land became better and better, so he put up better and better stones to honor false gods."
                },
                "2": {
                    "verse_nr": "2",
                    "verse": "The people of Israel tried to trick God, but now they must accept their guilt. He will break down their altars and destroy their memorial stones."
                },
                "3": {
                    "verse_nr": "3",
                    "verse": "The Evil Decisions of the Israelites - Now the Israelites say, \u201cWe have no king. We don\u2019t honor the LORD. And his king cannot do anything to us.\u201d"
                },
                "4": {
                    "verse_nr": "4",
                    "verse": "They make promises, but they are only telling lies. They don\u2019t keep their promises. They make agreements with other countries. God does not like those agreements. The judges are like poisonous weeds growing in a plowed field."
                },
                "5": {
                    "verse_nr": "5",
                    "verse": "The people from Samaria worship the calves at Beth Aven. They will cry. The priests will cry, because their beautiful idol is gone. It was carried away."
                },
                "6": {
                    "verse_nr": "6",
                    "verse": "It was carried away as a gift to the great king of Assyria. He will keep Ephraim\u2019s shameful idol. Israel will be ashamed of its idol."
                },
                "7": {
                    "verse_nr": "7",
                    "verse": "Samaria\u2019s false god will be destroyed. It will be like a piece of wood floating away on the water\u2019s surface."
                },
                "8": {
                    "verse_nr": "8",
                    "verse": "Israel sinned and built many high places. The high places of Aven will be destroyed. Thorns and weeds will grow on their altars. Then they will say to the mountains, \u201cCover us!\u201d and to the hills, \u201cFall on us!\u201d"
                },
                "9": {
                    "verse_nr": "9",
                    "verse": "Israel Will Pay for Sin - \u201cIsrael, you have sinned since the time of Gibeah. (And the people have continued to sin there.) Those evil people at Gibeah will be trapped by war."
                },
                "10": {
                    "verse_nr": "10",
                    "verse": "I will come to punish them. Armies will come together against them and punish the Israelites for both of their sins."
                },
                "11": {
                    "verse_nr": "11",
                    "verse": "\u201cEphraim is like a trained young cow that loves to walk on grain on the threshing floor. I will put a good yoke on her neck. I will put the ropes on Ephraim. Then Judah will begin plowing. Jacob will break the ground himself.\u201d"
                },
                "12": {
                    "verse_nr": "12",
                    "verse": "If you plant goodness, you will harvest faithful love. Plow your ground, and you will harvest with the LORD. He will come, and he will make goodness fall on you like rain."
                },
                "13": {
                    "verse_nr": "13",
                    "verse": "But you planted evil, and you harvested trouble. You ate the fruit of your lies, because you had trusted in your power and your soldiers."
                },
                "14": {
                    "verse_nr": "14",
                    "verse": "So your armies will hear the noise of battle, and all your fortresses will be destroyed. It will be like the time Shalman destroyed Beth Arbel. At that time of war, mothers were killed with their children."
                },
                "15": {
                    "verse_nr": "15",
                    "verse": "And this will happen to you at Bethel, because you did so many evil things. When that day begins, the king of Israel will be fully destroyed."
                }
            }
        },
        "11": {
            "chapter_nr": "11",
            "chapter": {
                "1": {
                    "verse_nr": "1",
                    "verse": "Israel Has Forgotten the Lord - The Lord said, \u201cI loved Israel when he was a child, and I called my son out of Egypt."
                },
                "2": {
                    "verse_nr": "2",
                    "verse": "But the more I called the Israelites, the more they left me. The Israelites gave sacrifices to the false gods and burned incense to the idols."
                },
                "3": {
                    "verse_nr": "3",
                    "verse": "\u201cBut I was the one who taught Ephraim to walk. I took the Israelites in my arms. I healed them, but they don\u2019t know that."
                },
                "4": {
                    "verse_nr": "4",
                    "verse": "I led them with ropes, but they were ropes of love. I was like a person who set them free. I bent down and fed them."
                },
                "5": {
                    "verse_nr": "5",
                    "verse": "\u201cThe Israelites will not go back to Egypt. The king of Assyria will become their king, because they refused to turn back to God."
                },
                "6": {
                    "verse_nr": "6",
                    "verse": "The sword will swing against their cities and kill their strong men. It will destroy their leaders."
                },
                "7": {
                    "verse_nr": "7",
                    "verse": "\u201cMy people expect me to come back. They will call to God above, but he will not help them.\u201d"
                },
                "8": {
                    "verse_nr": "8",
                    "verse": "The Lord Will Not Destroy Israel - \u201cEphraim, I don\u2019t want to give you up. Israel, I want to protect you. I don\u2019t want to make you like Admah. I don\u2019t want to make you like Zeboiim. I am changing my mind. My love for you is too strong."
                },
                "9": {
                    "verse_nr": "9",
                    "verse": "I will not let my terrible anger win. I will not destroy Ephraim again. I am God and not a human. I am the Holy One. I am with you. I will not show my anger."
                },
                "10": {
                    "verse_nr": "10",
                    "verse": "I, the LORD, will roar like a lion, and my children will come and follow me. They will come from the west, shaking with fear."
                },
                "11": {
                    "verse_nr": "11",
                    "verse": "They will come from Egypt, shaking like birds. They will come shaking like doves from the land of Assyria, and I will take them back home.\u201d This is what the LORD said."
                },
                "12": {
                    "verse_nr": "12",
                    "verse": "\u201cEphraim surrounded me with false gods. The people of Israel turned against me. But Judah still walks with God and is true to the Holy One.\u201d"
                }
            }
        },
        "12": {
            "chapter_nr": "12",
            "chapter": {
                "1": {
                    "verse_nr": "1",
                    "verse": "The Lord Is Against Israel - Ephraim is wasting its time; Israel \u201cchases the wind\u201d all day long. The people tell more and more lies and steal more and more. They have made agreements with Assyria, and they are carrying their olive oil to Egypt."
                },
                "2": {
                    "verse_nr": "2",
                    "verse": "The LORD says, \u201cI have a complaint against Israel. Jacob must be punished for the bad things he did."
                },
                "3": {
                    "verse_nr": "3",
                    "verse": "While Jacob was still in his mother\u2019s womb, he began to trick his brother. Jacob was a strong young man, and at that time he fought with God."
                },
                "4": {
                    "verse_nr": "4",
                    "verse": "Jacob wrestled with God\u2019s angel and won. He cried and asked for a favor. That happened at Bethel. There he spoke to us."
                },
                "5": {
                    "verse_nr": "5",
                    "verse": "Yes, YAHWEH is the God of the armies. His name is YAHWEH."
                },
                "6": {
                    "verse_nr": "6",
                    "verse": "So come back to your God. Be loyal to him. Do the right thing, and always trust in your God!"
                },
                "7": {
                    "verse_nr": "7",
                    "verse": "\u201cJacob is a tricky merchant. He even cheats his friend! Even his scales lie."
                },
                "8": {
                    "verse_nr": "8",
                    "verse": "Ephraim said, \u2018I am rich! I have found true riches! No one will learn about my crimes. No one will learn about my sins.\u2019"
                },
                "9": {
                    "verse_nr": "9",
                    "verse": "\u201cBut I am still the LORD your God, as I was when you left the land of Egypt. I will make you live in tents, as you do during the Festival of Shelters."
                },
                "10": {
                    "verse_nr": "10",
                    "verse": "I spoke to the prophets and gave them many visions. I gave the prophets many ways to teach my lessons to you."
                },
                "11": {
                    "verse_nr": "11",
                    "verse": "But the people in Gilead have sinned. There are many terrible idols in that place. They offer sacrifices to bulls at Gilgal. They have many altars. There are rows and rows of altars\u2014like the rows of dirt in a plowed field."
                },
                "12": {
                    "verse_nr": "12",
                    "verse": "\u201cJacob ran away to the land of Aram. There Israel worked for a wife. He kept sheep to get another wife."
                },
                "13": {
                    "verse_nr": "13",
                    "verse": "But the LORD used a prophet and brought Israel out of Egypt. He used a prophet and kept Israel safe."
                },
                "14": {
                    "verse_nr": "14",
                    "verse": "But Ephraim made the LORD very angry. Ephraim killed many people, so he will be punished for his crimes. His Lord will make him bear his shame.\u201d"
                }
            }
        },
        "13": {
            "chapter_nr": "13",
            "chapter": {
                "1": {
                    "verse_nr": "1",
                    "verse": "Israel Has Ruined Itself - \u201cThe tribe of Ephraim made itself very important in Israel. Ephraim spoke and people shook with fear. But Ephraim sinned by worshiping Baal, so he must die."
                },
                "2": {
                    "verse_nr": "2",
                    "verse": "Now the Israelites sin more and more. They make idols for themselves. Workers make those fancy statues from silver, and then they talk to their statues. They offer sacrifices to them, and they kiss those calf idols."
                },
                "3": {
                    "verse_nr": "3",
                    "verse": "That is why those people will soon disappear. They will be like a fog that comes early in the morning and then quickly disappears. The Israelites will be like chaff that is blown from the threshing floor. The Israelites will be like smoke that goes out a window and disappears."
                },
                "4": {
                    "verse_nr": "4",
                    "verse": "\u201cI have been the LORD your God since the time you were in the land of Egypt. You did not know any other god except me. I am the one who saved you."
                },
                "5": {
                    "verse_nr": "5",
                    "verse": "I knew you in the desert\u2014I knew you in that dry land."
                },
                "6": {
                    "verse_nr": "6",
                    "verse": "I gave food to the Israelites, and they ate it. They became full and satisfied. They became proud, and then they forgot me."
                },
                "7": {
                    "verse_nr": "7",
                    "verse": "\u201cThat is why I will be like a lion to them. I will be like a leopard waiting by the road."
                },
                "8": {
                    "verse_nr": "8",
                    "verse": "I will attack them like a bear whose cubs were robbed from her. I will attack them and rip open their chests. I will be like a lion or other wild animal tearing and eating its prey."
                },
                "9": {
                    "verse_nr": "9",
                    "verse": "Israel Cannot Be Saved From God\u2019s Anger - \u201cIsrael, I helped you, but you turned against me. So now I will destroy you."
                },
                "10": {
                    "verse_nr": "10",
                    "verse": "Where is your king? Can he save you in any of your cities? Where are your judges? You asked for them, saying, \u2018Give me a king and leaders.\u2019"
                },
                "11": {
                    "verse_nr": "11",
                    "verse": "I was angry, and I gave you a king. And when I became very angry, I took him away."
                },
                "12": {
                    "verse_nr": "12",
                    "verse": "\u201cEphraim tried to hide his guilt. He thought his sins were a secret, but he will be punished."
                },
                "13": {
                    "verse_nr": "13",
                    "verse": "His punishment will be like the pain of a woman giving birth. He will not be a wise son. The time will come for his birth, and he will not survive."
                },
                "14": {
                    "verse_nr": "14",
                    "verse": "\u201cI will save them from the grave. I will rescue them from death. Death, where are your diseases? Grave, where is your power? I am not looking for revenge."
                },
                "15": {
                    "verse_nr": "15",
                    "verse": "Israel grows among his brothers, but a powerful east wind will come\u2014the LORD\u2019s wind will blow from the desert. Then his well will dry up. His spring of water will be dry. The wind will take away anything of value."
                },
                "16": {
                    "verse_nr": "16",
                    "verse": "Samaria must be punished because she turned against her God. The Israelites will be killed with swords. Their children will be torn to pieces, and their pregnant women will be ripped open.\u201d"
                }
            }
        },
        "14": {
            "chapter_nr": "14",
            "chapter": {
                "1": {
                    "verse_nr": "1",
                    "verse": "Return to the Lord - Israel, you fell and sinned against God. So come back to the LORD your God."
                },
                "2": {
                    "verse_nr": "2",
                    "verse": "Think about what you will say, and come back to the LORD. Say to him, \u201cTake away our sin, and accept these words as our sacrifice. We offer you the praise from our lips."
                },
                "3": {
                    "verse_nr": "3",
                    "verse": "Assyria will not save us. We will not ride on war horses. We will never again say, \u2018Our God\u2019 to something we made with our hands. This is because you are the one who shows mercy to orphans.\u201d"
                },
                "4": {
                    "verse_nr": "4",
                    "verse": "The Lord Will Forgive Israel - The Lord says, \u201cI will forgive them for leaving me. I will show them my love without limits, because I have stopped being angry."
                },
                "5": {
                    "verse_nr": "5",
                    "verse": "I will be like the dew to Israel. Israel will blossom like the lily. He will grow like the cedar trees of Lebanon."
                },
                "6": {
                    "verse_nr": "6",
                    "verse": "His branches will grow, and he will be like a beautiful olive tree. He will be like the sweet smell from the cedar trees of Lebanon."
                },
                "7": {
                    "verse_nr": "7",
                    "verse": "The people of Israel will again live under my protection. They will grow like grain. They will bloom like a vine. They will be like the wine of Lebanon."
                },
                "8": {
                    "verse_nr": "8",
                    "verse": "The Lord Warns Israel About Idols - \u201cEphraim, I will have nothing more to do with idols. I am the one who answers your prayers and watches over you. I am like a fir tree that is always green. Your fruit comes from me.\u201d"
                },
                "9": {
                    "verse_nr": "9",
                    "verse": "Final Advice - A wise person understands these things, and a smart person should learn them. The LORD\u2019s ways are right. Good people will live by them. Sinners will die by them."
                }
            }
        }
    }
}