{
    "version": "cns",
    "book_name": "Galatians",
    "book_nr": "48",
    "book": {
        "1": {
            "chapter_nr": 1,
            "chapter": {
                "1": {
                    "verse_nr": 1,
                    "verse": "\u95ee\u5b89\u4f5c\u4f7f\u5f92\u7684\u4fdd\u7f57\uff08\u4e0d\u662f\u7531\u4e8e\u4eba\uff0c\u4e5f\u4e0d\u662f\u501f\u7740\u4eba\uff0c\u800c\u662f\u501f\u7740\u8036\u7a23\u57fa\u7763\u548c\u90a3\u4f7f\u4ed6\u4ece\u6b7b\u4eba\u4e2d\u590d\u6d3b\u7684\u7236\u3000\u795e\uff09\uff0c\n"
                },
                "2": {
                    "verse_nr": 2,
                    "verse": "\u548c\u6240\u6709\u4e0e\u6211\u5728\u4e00\u8d77\u7684\u5f1f\u5144\uff0c\u5199\u4fe1\u7ed9\u52a0\u62c9\u592a\u7684\u4f17\u6559\u4f1a\u3002\n"
                },
                "3": {
                    "verse_nr": 3,
                    "verse": "\u613f\u6069\u60e0\u5e73\u5b89\u4ece\u6211\u4eec\u7684\u7236\u3000\u795e\u548c\u4e3b\u8036\u7a23\u57fa\u7763\u4e34\u5230\u4f60\u4eec\u3002\n"
                },
                "4": {
                    "verse_nr": 4,
                    "verse": "\u57fa\u7763\u7167\u7740\u6211\u4eec\u7236\u3000\u795e\u7684\u65e8\u610f\uff0c\u66fe\u7ecf\u4e3a\u6211\u4eec\u7684\u7f6a\u820d\u5df1\uff0c\u4e3a\u7684\u662f\u8981\u6551\u6211\u4eec\u8131\u79bb\u73b0\u5728\u8fd9\u90aa\u6076\u7684\u4e16\u4ee3\u3002\n"
                },
                "5": {
                    "verse_nr": 5,
                    "verse": "\u613f\u8363\u8000\u5f52\u7ed9\u4ed6\uff0c\u76f4\u5230\u6c38\u6c38\u8fdc\u8fdc\u3002\u963f\u4eec\u3002\n"
                },
                "6": {
                    "verse_nr": 6,
                    "verse": "\u798f\u97f3\u53ea\u6709\u4e00\u4e2a\u6211\u5f88\u60ca\u5947\uff0c\u4f60\u4eec\u8fd9\u4e48\u5feb\u5c31\u79bb\u5f00\u4e86\u501f\u7740\u57fa\u7763\u7684\u6069\u547c\u53ec\u4f60\u4eec\u7684\u90a3\u4e00\u4f4d\uff0c\u53bb\u5f52\u5411\u522b\u7684\u798f\u97f3\u3002\n"
                },
                "7": {
                    "verse_nr": 7,
                    "verse": "\u5176\u5b9e\u90a3\u5e76\u4e0d\u662f\u53e6\u4e00\u4e2a\u798f\u97f3\uff0c\u53ea\u662f\u6709\u4e9b\u6405\u6270\u4f60\u4eec\u7684\u4eba\uff0c\u60f3\u628a\u57fa\u7763\u7684\u798f\u97f3\u6539\u53d8\u4e86\u3002\n"
                },
                "8": {
                    "verse_nr": 8,
                    "verse": "\u4f46\u65e0\u8bba\u662f\u6211\u4eec\uff0c\u6216\u662f\u4ece\u5929\u4e0a\u6765\u7684\u4f7f\u8005\uff0c\u5982\u679c\u4f20\u7ed9\u4f60\u4eec\u7684\u548c\u6211\u4eec\u4ee5\u524d\u4f20\u7ed9\u4f60\u4eec\u7684\u798f\u97f3\u4e0d\u540c\uff0c\u4ed6\u5c31\u8be5\u53d7\u5492\u8bc5\u3002\n"
                },
                "9": {
                    "verse_nr": 9,
                    "verse": "\u6211\u4eec\u5df2\u7ecf\u8bf4\u8fc7\uff0c\u73b0\u5728\u6211\u8981\u518d\u8bf4\uff0c\u5982\u679c\u6709\u4eba\u4f20\u7ed9\u4f60\u4eec\u7684\u548c\u4f60\u4eec\u4ee5\u524d\u6240\u9886\u53d7\u7684\u798f\u97f3\u4e0d\u540c\uff0c\u4ed6\u5c31\u8be5\u53d7\u5492\u8bc5\u3002\n"
                },
                "10": {
                    "verse_nr": 10,
                    "verse": "\u6211\u73b0\u5728\u662f\u8981\u5f97\u4eba\u7684\u6b22\u5fc3\uff0c\u8fd8\u662f\u8981\u5f97\u3000\u795e\u7684\u6b22\u5fc3\u5462\uff1f\u96be\u9053\u6211\u60f3\u8ba8\u4eba\u6b22\u559c\u5417\uff1f\u5982\u679c\u6211\u4ecd\u7136\u8981\u8ba8\u4eba\u6b22\u559c\uff0c\u5c31\u4e0d\u662f\u57fa\u7763\u7684\u4ec6\u4eba\u4e86\u3002\n"
                },
                "11": {
                    "verse_nr": 11,
                    "verse": "\u4fdd\u7f57\u5f97\u542f\u793a\u4f5c\u4f7f\u5f92\u5f1f\u5144\u4eec\uff0c\u6211\u8981\u4f60\u4eec\u77e5\u9053\uff0c\u6211\u6240\u4f20\u7684\u798f\u97f3\uff0c\u5e76\u4e0d\u662f\u7167\u7740\u4eba\u7684\u610f\u601d\uff0c\n"
                },
                "12": {
                    "verse_nr": 12,
                    "verse": "\u56e0\u4e3a\u8fd9\u798f\u97f3\u6211\u4e0d\u662f\u4ece\u4eba\u9886\u53d7\u7684\uff0c\u4e5f\u4e0d\u662f\u4eba\u6559\u5bfc\u6211\u7684\uff0c\u800c\u662f\u501f\u7740\u8036\u7a23\u57fa\u7763\u7684\u542f\u793a\u6765\u7684\u3002\n"
                },
                "13": {
                    "verse_nr": 13,
                    "verse": "\u4f60\u4eec\u542c\u8fc7\u6211\u4ece\u524d\u5728\u72b9\u592a\u6559\u4e2d\u6240\u884c\u7684\uff1a\u600e\u6837\u6781\u529b\u903c\u8feb\u6b8b\u5bb3\u3000\u795e\u7684\u6559\u4f1a\uff0c\n"
                },
                "14": {
                    "verse_nr": 14,
                    "verse": "\u600e\u6837\u5728\u72b9\u592a\u6559\u4e2d\u6bd4\u8bb8\u591a\u672c\u65cf\u540c\u8f88\u7684\u4eba\u66f4\u6fc0\u8fdb\uff0c\u4e3a\u6211\u7956\u5148\u7684\u4f20\u7edf\u5206\u5916\u70ed\u5fc3\u3002\n"
                },
                "15": {
                    "verse_nr": 15,
                    "verse": "\u7136\u800c\uff0c\u5f53\u6211\u5728\u6bcd\u8179\u91cc\u5c31\u628a\u6211\u5206\u522b\u51fa\u6765\uff0c\u53c8\u7528\u4ed6\u7684\u6069\u547c\u53ec\u6211\u7684\u90a3\u4e00\u4f4d\uff0c\n"
                },
                "16": {
                    "verse_nr": 16,
                    "verse": "\u65e2\u7136\u4e50\u610f\u628a\u81ea\u5df1\u7684\u513f\u5b50\u542f\u793a\u7ed9\u6211\uff0c\u4f7f\u6211\u53ef\u4ee5\u5728\u5916\u65cf\u4eba\u4e2d\u4f20\u626c\u4ed6\uff0c\u6211\u5c31\u6ca1\u6709\u548c\u4efb\u4f55\u4eba\uff08\u201c\u4eba\u201d\u76f4\u8bd1\u201c\u8089\u548c\u8840\u201d\uff09\u5546\u91cf\uff0c\n"
                },
                "17": {
                    "verse_nr": 17,
                    "verse": "\u4e5f\u6ca1\u6709\u4e0a\u8036\u8def\u6492\u51b7\u89c1\u90a3\u4e9b\u6bd4\u6211\u5148\u4f5c\u4f7f\u5f92\u7684\uff0c\u5374\u53bb\u4e86\u963f\u62c9\u4f2f\uff0c\u7136\u540e\u518d\u56de\u5230\u5927\u9a6c\u58eb\u9769\u3002\n"
                },
                "18": {
                    "verse_nr": 18,
                    "verse": "\u8fc7\u4e86\u4e09\u5e74\uff0c\u6211\u624d\u4e0a\u8036\u8def\u6492\u51b7\u53bb\u89c1\u77f6\u6cd5\uff0c\u548c\u4ed6\u4f4f\u4e86\u5341\u4e94\u5929\u3002\n"
                },
                "19": {
                    "verse_nr": 19,
                    "verse": "\u81f3\u4e8e\u5176\u4f59\u7684\u4f7f\u5f92\uff0c\u9664\u4e86\u4e3b\u7684\u5f1f\u5f1f\u96c5\u5404\u4ee5\u5916\uff0c\u6211\u90fd\u6ca1\u6709\u89c1\u8fc7\u3002\n"
                },
                "20": {
                    "verse_nr": 20,
                    "verse": "\u5728\u3000\u795e\u9762\u524d\u6211\u6562\u8bf4\uff0c\u6211\u5199\u7ed9\u4f60\u4eec\u7684\u90fd\u4e0d\u662f\u8c0e\u8bdd\u3002\n"
                },
                "21": {
                    "verse_nr": 21,
                    "verse": "\u540e\u6765\uff0c\u6211\u5230\u4e86\u53d9\u5229\u4e9a\u548c\u57fa\u5229\u5bb6\u4e00\u5e26\u7684\u5730\u65b9\u3002\n"
                },
                "22": {
                    "verse_nr": 22,
                    "verse": "\u90a3\u65f6\uff0c\u5728\u57fa\u7763\u91cc\u7684\u72b9\u592a\u4f17\u6559\u4f1a\u8fd8\u6ca1\u6709\u89c1\u8fc7\u6211\u7684\u9762\uff0c\n"
                },
                "23": {
                    "verse_nr": 23,
                    "verse": "\u4e0d\u8fc7\u542c\u8bf4\u201c\u90a3\u4e2a\u4ece\u524d\u8feb\u5bb3\u6211\u4eec\u7684\uff0c\u73b0\u5728\u7adf\u7136\u4f20\u626c\u4ed6\u4ee5\u524d\u6240\u6b8b\u5bb3\u7684\u4fe1\u4ef0\u201d\uff0c\n"
                },
                "24": {
                    "verse_nr": 24,
                    "verse": "\u4ed6\u4eec\u5c31\u56e0\u7740\u6211\u7684\u7f18\u6545\u9882\u8d5e\u3000\u795e\u3002\n"
                }
            }
        },
        "2": {
            "chapter_nr": 2,
            "chapter": {
                "1": {
                    "verse_nr": 1,
                    "verse": "\u5176\u4ed6\u4f7f\u5f92\u63a5\u7eb3\u4fdd\u7f57\n"
                },
                "2": {
                    "verse_nr": 2,
                    "verse": "\u6211\u662f\u987a\u4ece\u542f\u793a\u53bb\u7684\uff1b\u5728\u90a3\u91cc\u6211\u5bf9\u4ed6\u4eec\u8bf4\u660e\u6211\u5728\u5916\u65cf\u4eba\u4e2d\u6240\u4f20\u7684\u798f\u97f3\uff0c\u79c1\u4e0b\u8bb2\u4e86\u7ed9\u90a3\u4e9b\u6709\u540d\u671b\u7684\u4eba\u542c\uff0c\u514d\u5f97\u6211\u4ece\u524d\u6216\u73b0\u5728\u90fd\u767d\u8dd1\u4e86\u3002\n"
                },
                "3": {
                    "verse_nr": 3,
                    "verse": "\u4e0e\u6211\u540c\u884c\u7684\u63d0\u591a\uff0c\u867d\u7136\u662f\u5e0c\u814a\u4eba\uff0c\u4e5f\u6ca1\u6709\u5f3a\u8feb\u4ed6\u53d7\u5272\u793c\uff1b\n"
                },
                "4": {
                    "verse_nr": 4,
                    "verse": "\u8fd9\u662f\u56e0\u4e3a\u6709\u4e9b\u6df7\u8fdb\u6765\u7684\u5047\u5f1f\u5144\uff0c\u6697\u6697\u5730\u6765\u4fa6\u67e5\u6211\u4eec\u5728\u57fa\u7763\u8036\u7a23\u91cc\u4eab\u6709\u7684\u81ea\u7531\uff0c\u4e3a\u7684\u662f\u8981\u8f96\u5236\u6211\u4eec\u3002\n"
                },
                "5": {
                    "verse_nr": 5,
                    "verse": "\u5bf9\u8fd9\u4e9b\u4eba\uff0c\u6211\u4eec\u4e00\u70b9\u4e5f\u6ca1\u6709\u8ba9\u6b65\u59a5\u534f\uff0c\u4e3a\u4e86\u8981\u4f7f\u798f\u97f3\u7684\u771f\u7406\u5b58\u7559\u5728\u4f60\u4eec\u4e2d\u95f4\u3002\n"
                },
                "6": {
                    "verse_nr": 6,
                    "verse": "\u81f3\u4e8e\u90a3\u4e9b\u88ab\u8ba4\u4e3a\u6709\u540d\u671b\u7684\u4eba\uff08\u65e0\u8bba\u4ed6\u4eec\u4ece\u524d\u600e\u4e48\u6837\uff0c\u90fd\u4e0e\u6211\u65e0\u5173\uff1b\u3000\u795e\u4e0d\u4ee5\u5916\u8c8c\u53d6\u4eba\uff09\uff0c\u4ed6\u4eec\u5e76\u6ca1\u6709\u7ed9\u6211\u589e\u52a0\u4ec0\u4e48\uff1b\n"
                },
                "7": {
                    "verse_nr": 7,
                    "verse": "\u53cd\u800c\u56e0\u4e3a\u770b\u89c1\u6211\u53d7\u6258\u4f20\u798f\u97f3\u7ed9\u6ca1\u6709\u53d7\u5272\u793c\u7684\u4eba\uff0c\u5c31\u50cf\u5f7c\u5f97\u53d7\u6258\u4f20\u798f\u97f3\u7ed9\u53d7\u5272\u793c\u7684\u4eba\u4e00\u6837\uff0c\n"
                },
                "8": {
                    "verse_nr": 8,
                    "verse": "\uff08\u56e0\u4e3a\u8fd0\u884c\u5728\u5f7c\u5f97\u91cc\u9762\uff0c\u4f7f\u4ed6\u4f5c\u53d7\u5272\u793c\u8005\u7684\u4f7f\u5f92\u7684\u90a3\u4e00\u4f4d\uff0c\u4e5f\u8fd0\u884c\u5728\u6211\u91cc\u9762\uff0c\u4f7f\u6211\u4f5c\u5916\u65cf\u4eba\u7684\u4f7f\u5f92\uff0c\uff09\n"
                },
                "9": {
                    "verse_nr": 9,
                    "verse": "\u53c8\u77e5\u9053\u6211\u8499\u4e86\u3000\u795e\u7684\u6069\uff0c\u90a3\u51e0\u4f4d\u88ab\u8a89\u4e3a\u67f1\u77f3\u7684\u96c5\u5404\u3001\u77f6\u6cd5\u548c\u7ea6\u7ff0\uff0c\u5c31\u5411\u6211\u548c\u5df4\u62ff\u5df4\u4f38\u51fa\u53f3\u624b\u4e92\u76f8\u8bb8\u8bfa\uff0c\u6211\u4eec\u8981\u5230\u5916\u65cf\u4eba\u90a3\u91cc\u53bb\u4f20\u798f\u97f3\uff0c\u4ed6\u4eec\u8981\u5230\u53d7\u5272\u793c\u7684\u4eba\u90a3\u91cc\u53bb\u4f20\u798f\u97f3\uff1b\n"
                },
                "10": {
                    "verse_nr": 10,
                    "verse": "\u53ea\u662f\u8981\u6211\u4eec\u8bb0\u5ff5\u7a77\u4eba\uff0c\u8fd9\u672c\u6765\u4e5f\u662f\u6211\u4e00\u5411\u70ed\u5fc3\u4f5c\u7684\u3002\n"
                },
                "11": {
                    "verse_nr": 11,
                    "verse": "\u5f7c\u5f97\u53d7\u8d23\u5907\u53ef\u662f\uff0c\u77f6\u6cd5\u5230\u4e86\u5b89\u63d0\u963f\u7684\u65f6\u5019\uff0c\u56e0\u4e3a\u4ed6\u6709\u8be5\u8d23\u5907\u7684\u5730\u65b9\uff0c\u6211\u5c31\u5f53\u9762\u53cd\u5bf9\u4ed6\u3002\n"
                },
                "12": {
                    "verse_nr": 12,
                    "verse": "\u4ece\u96c5\u5404\u90a3\u91cc\u6765\u7684\u4eba\u8fd8\u6ca1\u6709\u5230\u4ee5\u524d\uff0c\u4ed6\u548c\u5916\u65cf\u4eba\u4e00\u540c\u5403\u996d\uff1b\u4f46\u4ed6\u4eec\u6765\u5230\u4e86\uff0c\u4ed6\u56e0\u4e3a\u6015\u90a3\u4e9b\u5b88\u5272\u793c\u7684\u4eba\uff0c\u5c31\u4ece\u5916\u65cf\u4eba\u4e2d\u9000\u51fa\u6765\uff0c\u548c\u4ed6\u4eec\u5206\u5f00\u3002\n"
                },
                "13": {
                    "verse_nr": 13,
                    "verse": "\u5176\u4f59\u7684\u72b9\u592a\u4eba\u4e5f\u548c\u4ed6\u4e00\u540c\u88c5\u5047\uff0c\u751a\u81f3\u8fde\u5df4\u62ff\u5df4\u4e5f\u53d7\u4e86\u5f71\u54cd\uff0c\u8ddf\u7740\u4ed6\u4eec\u88c5\u5047\u3002\n"
                },
                "14": {
                    "verse_nr": 14,
                    "verse": "\u4f46\u6211\u4e00\u89c1\u4ed6\u4eec\u6240\u884c\u7684\u4e0d\u5408\u798f\u97f3\u7684\u771f\u7406\uff0c\u5c31\u5f53\u4f17\u5bf9\u77f6\u6cd5\u8bf4\uff1a\u201c\u4f60\u662f\u72b9\u592a\u4eba\uff0c\u751f\u6d3b\u65e2\u7136\u50cf\u5916\u65cf\u4eba\u800c\u4e0d\u50cf\u72b9\u592a\u4eba\uff0c\u600e\u4e48\u8fd8\u52c9\u5f3a\u5916\u65cf\u4eba\u8ddf\u968f\u72b9\u592a\u4eba\u7684\u89c4\u77e9\u5462\uff1f\u201d\n"
                },
                "15": {
                    "verse_nr": 15,
                    "verse": "\u56e0\u4fe1\u79f0\u4e49\u6211\u4eec\u751f\u6765\u662f\u72b9\u592a\u4eba\uff0c\u4e0d\u662f\u5916\u65cf\u4e2d\u7684\u7f6a\u4eba\uff1b\n"
                },
                "16": {
                    "verse_nr": 16,
                    "verse": "\u65e2\u7136\u77e5\u9053\u4eba\u79f0\u4e49\u4e0d\u662f\u9760\u884c\u5f8b\u6cd5\uff0c\u800c\u662f\u56e0\u4fe1\u8036\u7a23\u57fa\u7763\uff0c\u6211\u4eec\u4e5f\u5c31\u4fe1\u4e86\u57fa\u7763\u8036\u7a23\uff0c\u4f7f\u6211\u4eec\u56e0\u4fe1\u57fa\u7763\u79f0\u4e49\uff0c\u4e0d\u662f\u9760\u884c\u5f8b\u6cd5\uff1b\u56e0\u4e3a\u6ca1\u6709\u4eba\u80fd\u9760\u884c\u5f8b\u6cd5\u79f0\u4e49\u3002\n"
                },
                "17": {
                    "verse_nr": 17,
                    "verse": "\u5982\u679c\u6211\u4eec\u5bfb\u6c42\u5728\u57fa\u7763\u91cc\u79f0\u4e49\uff0c\u5374\u4ecd\u7136\u662f\u7f6a\u4eba\uff0c\u96be\u9053\u57fa\u7763\u662f\u4f7f\u4eba\u72af\u7f6a\u7684\u5417\uff1f\u7edd\u5bf9\u4e0d\u662f\u3002\n"
                },
                "18": {
                    "verse_nr": 18,
                    "verse": "\u6211\u82e5\u91cd\u5efa\u6211\u6240\u62c6\u6bc1\u7684\uff0c\u5c31\u8bc1\u660e\u81ea\u5df1\u662f\u4e2a\u6709\u8fc7\u72af\u7684\u4eba\u3002\n"
                },
                "19": {
                    "verse_nr": 19,
                    "verse": "\u6211\u501f\u7740\u5f8b\u6cd5\u5df2\u7ecf\u5411\u5f8b\u6cd5\u6b7b\u4e86\uff0c\u4f7f\u6211\u53ef\u4ee5\u5411\u3000\u795e\u6d3b\u7740\u3002\n"
                },
                "20": {
                    "verse_nr": 20,
                    "verse": "\u6211\u5df2\u7ecf\u4e0e\u57fa\u7763\u540c\u9489\u5341\u5b57\u67b6\uff1b\u73b0\u5728\u6d3b\u7740\u7684\uff0c\u4e0d\u518d\u662f\u6211\uff0c\u800c\u662f\u57fa\u7763\u6d3b\u5728\u6211\u91cc\u9762\uff1b\u5982\u4eca\u5728\u8089\u8eab\u4e2d\u6d3b\u7740\u7684\u6211\uff0c\u662f\u56e0\u4fe1\u3000\u795e\u7684\u513f\u5b50\u800c\u6d3b\u7684\uff1b\u4ed6\u7231\u6211\uff0c\u4e3a\u6211\u820d\u5df1\u3002\n"
                },
                "21": {
                    "verse_nr": 21,
                    "verse": "\u6211\u4e0d\u5e9f\u5f03\u3000\u795e\u7684\u6069\uff1b\u5982\u679c\u4e49\u662f\u501f\u7740\u5f8b\u6cd5\u800c\u6765\u7684\uff0c\u57fa\u7763\u5c31\u767d\u767d\u5730\u6b7b\u4e86\u3002\n"
                }
            }
        },
        "3": {
            "chapter_nr": 3,
            "chapter": {
                "1": {
                    "verse_nr": 1,
                    "verse": "\u5f8b\u6cd5\u548c\u4fe1\u5fc3\n"
                },
                "2": {
                    "verse_nr": 2,
                    "verse": "\u6211\u53ea\u60f3\u95ee\u4f60\u4eec\u8fd9\u4e00\u70b9\uff1a\u4f60\u4eec\u63a5\u53d7\u4e86\u5723\u7075\uff0c\u662f\u9760\u7740\u884c\u5f8b\u6cd5\uff0c\u8fd8\u662f\u56e0\u4e3a\u4fe1\u6240\u542c\u89c1\u7684\u798f\u97f3\u5462\uff1f\n"
                },
                "3": {
                    "verse_nr": 3,
                    "verse": "\u4f60\u4eec\u662f\u8fd9\u6837\u7684\u65e0\u77e5\u5417\uff1f\u4f60\u4eec\u65e2\u7136\u9760\u7740\u5723\u7075\u5f00\u59cb\uff0c\u73b0\u5728\u8fd8\u8981\u9760\u7740\u8089\u4f53\u6210\u5168\u5417\uff1f\n"
                },
                "4": {
                    "verse_nr": 4,
                    "verse": "\u4f60\u4eec\u53d7\u4e86\u8fd9\u4e48\u591a\u7684\u82e6\uff0c\u90fd\u662f\u767d\u53d7\u7684\u5417\uff1f\u6050\u6015\u771f\u662f\u767d\u53d7\u7684\u4e86\u3002\n"
                },
                "5": {
                    "verse_nr": 5,
                    "verse": "\u90a3\u4e48\uff0c\u3000\u795e\u8d50\u5723\u7075\u7ed9\u4f60\u4eec\uff0c\u53c8\u5728\u4f60\u4eec\u4e2d\u95f4\u884c\u795e\u8ff9\uff0c\u662f\u56e0\u4e3a\u4f60\u4eec\u884c\u5f8b\u6cd5\uff0c\u8fd8\u662f\u56e0\u4e3a\u4f60\u4eec\u4fe1\u6240\u542c\u89c1\u7684\u798f\u97f3\u5462\uff1f\n"
                },
                "6": {
                    "verse_nr": 6,
                    "verse": "\u6b63\u5982\u4e9a\u4f2f\u62c9\u7f55\u4fe1\u3000\u795e\uff0c\u8fd9\u5c31\u7b97\u4e3a\u4ed6\u7684\u4e49\u3002\n"
                },
                "7": {
                    "verse_nr": 7,
                    "verse": "\u6240\u4ee5\u4f60\u4eec\u8981\u77e5\u9053\uff0c\u6709\u4fe1\u5fc3\u7684\u4eba\uff0c\u5c31\u662f\u4e9a\u4f2f\u62c9\u7f55\u7684\u5b50\u5b59\u3002\n"
                },
                "8": {
                    "verse_nr": 8,
                    "verse": "\u5723\u7ecf\u65e2\u7136\u9884\u5148\u770b\u89c1\u3000\u795e\u8981\u4f7f\u5916\u65cf\u4eba\u56e0\u4fe1\u79f0\u4e49\uff0c\u5c31\u9884\u5148\u628a\u597d\u4fe1\u606f\u4f20\u7ed9\u4e9a\u4f2f\u62c9\u7f55\uff1a\u201c\u4e07\u56fd\u90fd\u5fc5\u56e0\u4f60\u5f97\u798f\u3002\u201d\n"
                },
                "9": {
                    "verse_nr": 9,
                    "verse": "\u8fd9\u6837\u770b\u6765\uff0c\u6709\u4fe1\u5fc3\u7684\u4eba\uff0c\u5fc5\u5b9a\u548c\u6709\u4fe1\u5fc3\u7684\u4e9a\u4f2f\u62c9\u7f55\u4e00\u540c\u5f97\u798f\u3002\n"
                },
                "10": {
                    "verse_nr": 10,
                    "verse": "\u51e1\u662f\u9760\u884c\u5f8b\u6cd5\u79f0\u4e49\u7684\uff0c\u90fd\u5728\u5492\u8bc5\u4e4b\u4e0b\uff0c\u56e0\u4e3a\u7ecf\u4e0a\u8bb0\u7740\uff1a\u201c\u51e1\u4e0d\u5e38\u5e38\u7167\u7740\u5f8b\u6cd5\u4e66\u4e0a\u6240\u5199\u7684\u4e00\u5207\u53bb\u884c\u7684\uff0c\u90fd\u88ab\u5492\u8bc5\u3002\u201d\n"
                },
                "11": {
                    "verse_nr": 11,
                    "verse": "\u5f88\u660e\u663e\uff0c\u5728\u3000\u795e\u9762\u524d\uff0c\u6ca1\u6709\u4e00\u4e2a\u4eba\u53ef\u4ee5\u9760\u7740\u5f8b\u6cd5\u79f0\u4e49\uff0c\u56e0\u4e3a\u201c\u4e49\u4eba\u5fc5\u56e0\u4fe1\u5f97\u751f\u201d\uff08\u201c\u4e49\u4eba\u5fc5\u56e0\u4fe1\u5f97\u751f\u201d\u6216\u8bd1\uff1a\u201c\u56e0\u4fe1\u79f0\u4e49\u7684\u4eba\uff0c\u5fc5\u5b9a\u5f97\u751f\u201d\uff09\u3002\n"
                },
                "12": {
                    "verse_nr": 12,
                    "verse": "\u5f8b\u6cd5\u672c\u6765\u4e0d\u662f\u51fa\u4e8e\u4fe1\uff0c\u800c\u662f\u8bf4\uff1a\u201c\u9075\u884c\u8fd9\u4e9b\u4e8b\u7684\u4eba\uff0c\u5c31\u5fc5\u56e0\u8fd9\u4e9b\u4e8b\u800c\u6d3b\u3002\u201d\n"
                },
                "13": {
                    "verse_nr": 13,
                    "verse": "\u57fa\u7763\u66ff\u6211\u4eec\u53d7\u4e86\u5492\u8bc5\uff0c\u5c31\u6551\u8d4e\u6211\u4eec\u8131\u79bb\u4e86\u5f8b\u6cd5\u7684\u5492\u8bc5\uff0c\u56e0\u4e3a\u7ecf\u4e0a\u8bb0\u7740\uff1a\u201c\u51e1\u6302\u5728\u6728\u5934\u4e0a\u7684\uff0c\u90fd\u662f\u53d7\u5492\u8bc5\u7684\u3002\u201d\n"
                },
                "14": {
                    "verse_nr": 14,
                    "verse": "\u8fd9\u6837\uff0c\u4e9a\u4f2f\u62c9\u7f55\u6240\u8499\u7684\u798f\uff0c\u5c31\u5728\u8036\u7a23\u57fa\u7763\u91cc\u4e34\u5230\u5916\u65cf\u4eba\uff0c\u4f7f\u6211\u4eec\u56e0\u7740\u4fe1\uff0c\u53ef\u4ee5\u9886\u53d7\u6240\u5e94\u8bb8\u7684\u5723\u7075\u3002\n"
                },
                "15": {
                    "verse_nr": 15,
                    "verse": "\u5f8b\u6cd5\u548c\u5e94\u8bb8\u5f1f\u5144\u4eec\uff0c\u6211\u7167\u7740\u4eba\u7684\u5e38\u7406\u8bf4\uff1a\u4e00\u4e2a\u7acb\u597d\u4e86\u7684\u7ea6\uff0c\u867d\u7136\u662f\u4eba\u6240\u7acb\u7684\uff0c\u5374\u6ca1\u6709\u4eba\u53ef\u4ee5\u5e9f\u5f03\u6216\u589e\u52a0\u3002\n"
                },
                "16": {
                    "verse_nr": 16,
                    "verse": "\u90a3\u4e9b\u5e94\u8bb8\u672c\u6765\u662f\u7ed9\u4e9a\u4f2f\u62c9\u7f55\u548c\u4ed6\u7684\u540e\u88d4\u7684\u3002\u3000\u795e\u5e76\u6ca1\u6709\u8bf4\u201c\u7ed9\u4f17\u540e\u88d4\u201d\uff0c\u597d\u50cf\u6307\u7740\u591a\u6570\uff1b\u800c\u662f\u8bf4\u201c\u7ed9\u4f60\u7684\u4e00\u4e2a\u540e\u88d4\u201d\uff0c\u6307\u7740\u4e00\u4e2a\uff0c\u5c31\u662f\u57fa\u7763\u3002\n"
                },
                "17": {
                    "verse_nr": 17,
                    "verse": "\u6211\u8981\u8fd9\u6837\u8bf4\uff0c\u3000\u795e\u9884\u5148\u7acb\u597d\u7684\u7ea6\uff0c\u90a3\u56db\u767e\u4e09\u5341\u5e74\u540e\u624d\u6709\u7684\u5f8b\u6cd5\uff0c\u4e0d\u80fd\u628a\u5b83\u5e9f\u6389\uff0c\u4f7f\u90a3\u5e94\u8bb8\u843d\u7a7a\u3002\n"
                },
                "18": {
                    "verse_nr": 18,
                    "verse": "\u56e0\u4e3a\u6240\u627f\u53d7\u7684\uff0c\u5982\u679c\u662f\u51fa\u4e8e\u5f8b\u6cd5\uff0c\u5c31\u4e0d\u662f\u51fa\u4e8e\u5e94\u8bb8\uff1b\u4f46\u3000\u795e\u662f\u51ed\u7740\u5e94\u8bb8\u8d50\u7ed9\u4e86\u4e9a\u4f2f\u62c9\u7f55\u3002\n"
                },
                "19": {
                    "verse_nr": 19,
                    "verse": "\u90a3\u4e48\uff0c\u4e3a\u4ec0\u4e48\u8981\u6709\u5f8b\u6cd5\u5462\uff1f\u662f\u4e3a\u4e86\u8fc7\u72af\u7684\u7f18\u6545\u624d\u52a0\u4e0a\u7684\uff0c\u76f4\u5230\u90a3\u5f97\u5e94\u8bb8\u7684\u540e\u88d4\u6765\u5230\u3002\u5f8b\u6cd5\u662f\u501f\u7740\u5929\u4f7f\u7ecf\u4e2d\u4fdd\u7684\u624b\u8bbe\u7acb\u7684\uff1b\n"
                },
                "20": {
                    "verse_nr": 20,
                    "verse": "\u4e2d\u4fdd\u4e0d\u662f\u4e3a\u5355\u65b9\u9762\u7684\uff0c\u4f46\u3000\u795e\u5374\u662f\u4e00\u4f4d\u3002\n"
                },
                "21": {
                    "verse_nr": 21,
                    "verse": "\u5f8b\u6cd5\u7684\u529f\u7528\u8fd9\u6837\uff0c\u5f8b\u6cd5\u548c\u3000\u795e\u7684\u5e94\u8bb8\u662f\u5bf9\u7acb\u7684\u5417\uff1f\u7edd\u5bf9\u4e0d\u662f\u3002\u5982\u679c\u6240\u8d50\u4e0b\u7684\u5f8b\u6cd5\u80fd\u4f7f\u4eba\u5f97\u751f\u547d\uff0c\u4e49\u5c31\u771f\u7684\u662f\u51fa\u4e8e\u5f8b\u6cd5\u4e86\u3002\n"
                },
                "22": {
                    "verse_nr": 22,
                    "verse": "\u4f46\u5723\u7ecf\u628a\u6240\u6709\u7684\u4eba\u90fd\u5708\u5728\u7f6a\u4e2d\uff0c\u597d\u628a\u90a3\u56e0\u4fe1\u8036\u7a23\u57fa\u7763\u800c\u6765\u7684\u5e94\u8bb8\uff0c\u8d50\u7ed9\u76f8\u4fe1\u7684\u4eba\u3002\n"
                },
                "23": {
                    "verse_nr": 23,
                    "verse": "\u4f46\u4fe1\u7684\u9053\u7406\u8fd8\u6ca1\u6709\u6765\u5230\u4ee5\u524d\uff0c\u6211\u4eec\u5728\u5f8b\u6cd5\u4e0b\u88ab\u56da\u7981\u3001\u88ab\u56f4\u56f0\uff0c\u76f4\u5230\u90a3\u8981\u6765\u7684\u4fe1\u7684\u9053\u7406\u663e\u660e\u51fa\u6765\u3002\n"
                },
                "24": {
                    "verse_nr": 24,
                    "verse": "\u8fd9\u6837\uff0c\u5f8b\u6cd5\u6210\u4e86\u6211\u4eec\u7684\u542f\u8499\u6559\u5e08\uff0c\u9886\u6211\u4eec\u5230\u57fa\u7763\u90a3\u91cc\uff0c\u4f7f\u6211\u4eec\u53ef\u4ee5\u56e0\u4fe1\u79f0\u4e49\u3002\n"
                },
                "25": {
                    "verse_nr": 25,
                    "verse": "\u4f46\u4fe1\u7684\u9053\u7406\u65e2\u7136\u6765\u5230\uff0c\u6211\u4eec\u5c31\u4e0d\u518d\u5728\u542f\u8499\u6559\u5e08\u4e4b\u4e0b\u4e86\u3002\n"
                },
                "26": {
                    "verse_nr": 26,
                    "verse": "\u56e0\u4fe1\u4f5c\u627f\u53d7\u4ea7\u4e1a\u7684\u513f\u5b50\u4f60\u4eec\u56e0\u7740\u4fe1\uff0c\u5728\u57fa\u7763\u8036\u7a23\u91cc\u90fd\u4f5c\u4e86\u3000\u795e\u7684\u513f\u5b50\u3002\n"
                },
                "27": {
                    "verse_nr": 27,
                    "verse": "\u4f60\u4eec\u6240\u6709\u53d7\u6d17\u5f52\u5165\u57fa\u7763\u7684\u4eba\uff0c\u90fd\u662f\u62ab\u6234\u57fa\u7763\u7684\uff0c\n"
                },
                "28": {
                    "verse_nr": 28,
                    "verse": "\u5e76\u4e0d\u5206\u72b9\u592a\u4eba\u6216\u5e0c\u814a\u4eba\uff0c\u4f5c\u5974\u4ec6\u7684\u6216\u81ea\u7531\u4eba\uff0c\u7537\u7684\u6216\u5973\u7684\uff0c\u56e0\u4e3a\u4f60\u4eec\u5728\u57fa\u7763\u8036\u7a23\u91cc\u90fd\u6210\u4e3a\u4e00\u4f53\u4e86\u3002\n"
                },
                "29": {
                    "verse_nr": 29,
                    "verse": "\u5982\u679c\u4f60\u4eec\u5c5e\u4e8e\u57fa\u7763\uff0c\u5c31\u662f\u4e9a\u4f2f\u62c9\u7f55\u7684\u540e\u88d4\uff0c\u662f\u6309\u7167\u5e94\u8bb8\u627f\u53d7\u4ea7\u4e1a\u7684\u4e86\u3002\n"
                }
            }
        },
        "4": {
            "chapter_nr": 4,
            "chapter": {
                "1": {
                    "verse_nr": 1,
                    "verse": "\u6211\u8bf4\uff0c\u90a3\u627f\u53d7\u4ea7\u4e1a\u7684\uff0c\u867d\u7136\u662f\u5168\u90e8\u4ea7\u4e1a\u7684\u4e3b\u4eba\uff0c\u4f46\u5728\u5b69\u7ae5\u7684\u65f6\u671f\uff0c\u5374\u548c\u5974\u4ec6\u6ca1\u6709\u5206\u522b\u3002\n"
                },
                "2": {
                    "verse_nr": 2,
                    "verse": "\u4ed6\u662f\u5728\u76d1\u62a4\u4eba\u548c\u7ba1\u5bb6\u4e4b\u4e0b\uff0c\u76f4\u5230\u7236\u4eb2\u9884\u5148\u6307\u5b9a\u7684\u65f6\u5019\u3002\n"
                },
                "3": {
                    "verse_nr": 3,
                    "verse": "\u6211\u4eec\u4e5f\u662f\u8fd9\u6837\uff0c\u4f5c\u5b69\u7ae5\u7684\u65f6\u5019\uff0c\u88ab\u4e16\u4fd7\u7684\u8a00\u8bba\u6240\u5974\u5f79\uff1b\n"
                },
                "4": {
                    "verse_nr": 4,
                    "verse": "\u4f46\u5230\u4e86\u65f6\u673a\u6210\u719f\uff0c\u3000\u795e\u5c31\u5dee\u9063\u4ed6\u7684\u513f\u5b50\uff0c\u7531\u5973\u4eba\u6240\u751f\uff0c\u800c\u4e14\u751f\u5728\u5f8b\u6cd5\u4e4b\u4e0b\uff0c\n"
                },
                "5": {
                    "verse_nr": 5,
                    "verse": "\u8981\u628a\u5f8b\u6cd5\u4e4b\u4e0b\u7684\u4eba\u6551\u8d4e\u51fa\u6765\uff0c\u597d\u8ba9\u6211\u4eec\u5f97\u7740\u55e3\u5b50\u7684\u540d\u5206\u3002\n"
                },
                "6": {
                    "verse_nr": 6,
                    "verse": "\u4f60\u4eec\u65e2\u7136\u662f\u513f\u5b50\uff0c\u3000\u795e\u5c31\u5dee\u9063\u4ed6\u513f\u5b50\u7684\u7075\u8fdb\u5165\u6211\u4eec\u5fc3\u91cc\uff0c\u547c\u53eb\u201c\u963f\u7238\u3001\u7236\uff01\u201d\n"
                },
                "7": {
                    "verse_nr": 7,
                    "verse": "\u8fd9\u6837\uff0c\u4f60\u4e0d\u518d\u662f\u5974\u4ec6\uff0c\u800c\u662f\u513f\u5b50\uff1b\u65e2\u7136\u662f\u513f\u5b50\uff0c\u5c31\u9760\u7740\u3000\u795e\u627f\u53d7\u4ea7\u4e1a\u4e86\u3002\n"
                },
                "8": {
                    "verse_nr": 8,
                    "verse": "\u4fdd\u7f57\u4e3a\u52a0\u62c9\u592a\u4fe1\u5f92\u62c5\u5fe7\u4ece\u524d\u4f60\u4eec\u4e0d\u8ba4\u8bc6\u3000\u795e\u7684\u65f6\u5019\uff0c\u662f\u7ed9\u90a3\u4e9b\u672c\u6765\u4e0d\u662f\u3000\u795e\u7684\u4f5c\u5974\u4ec6\uff1b\n"
                },
                "9": {
                    "verse_nr": 9,
                    "verse": "\u73b0\u5728\u4f60\u4eec\u65e2\u7136\u8ba4\u8bc6\u3000\u795e\uff0c\u66f4\u53ef\u4ee5\u8bf4\u662f\u3000\u795e\u6240\u8ba4\u8bc6\u7684\uff0c\u600e\u4e48\u8fd8\u56de\u5230\u90a3\u4e9b\u8f6f\u5f31\u8d2b\u4e4f\u7684\u8a00\u8bba\uff0c\u60c5\u613f\u518d\u4f5c\u5b83\u4eec\u7684\u5974\u4ec6\u5462\uff1f\n"
                },
                "10": {
                    "verse_nr": 10,
                    "verse": "\u4f60\u4eec\u4e25\u5b88\u65e5\u5b50\u3001\u6708\u4efd\u3001\u8282\u671f\u3001\u5e74\u4efd\uff1b\n"
                },
                "11": {
                    "verse_nr": 11,
                    "verse": "\u6211\u4e3a\u4f60\u4eec\u62c5\u5fc3\uff0c\u6050\u6015\u6211\u5728\u4f60\u4eec\u8eab\u4e0a\u7684\u52b3\u82e6\u662f\u767d\u8d39\u4e86\u3002\n"
                },
                "12": {
                    "verse_nr": 12,
                    "verse": "\u5f1f\u5144\u4eec\uff0c\u6211\u8bf7\u6c42\u4f60\u4eec\u8981\u50cf\u6211\u4e00\u6837\uff0c\u56e0\u4e3a\u6211\u4e5f\u50cf\u4f60\u4eec\u4e00\u6837\u3002\u4f60\u4eec\u5e76\u6ca1\u6709\u4e8f\u8d1f\u8fc7\u6211\u3002\n"
                },
                "13": {
                    "verse_nr": 13,
                    "verse": "\u4f60\u4eec\u77e5\u9053\uff0c\u6211\u7b2c\u4e00\u6b21\u4f20\u798f\u97f3\u7ed9\u4f60\u4eec\uff0c\u662f\u56e0\u4e3a\u8eab\u4f53\u6709\u75c5\u3002\n"
                },
                "14": {
                    "verse_nr": 14,
                    "verse": "\u867d\u7136\u6211\u7684\u8eab\u4f53\u5bf9\u4f60\u4eec\u662f\u4e2a\u8bd5\u70bc\uff0c\u4f60\u4eec\u5374\u6ca1\u6709\u8f7b\u770b\uff0c\u4e5f\u6ca1\u6709\u538c\u5f03\uff0c\u53cd\u800c\u63a5\u7eb3\u6211\uff0c\u597d\u50cf\u3000\u795e\u7684\u5929\u4f7f\uff0c\u4e5f\u597d\u50cf\u57fa\u7763\u8036\u7a23\u3002\n"
                },
                "15": {
                    "verse_nr": 15,
                    "verse": "\u73b0\u5728\uff0c\u4f60\u4eec\u7684\u6b22\u4e50\u5728\u54ea\u91cc\u5462\uff1f\u6211\u53ef\u4ee5\u4e3a\u4f60\u4eec\u4f5c\u8bc1\uff0c\u90a3\u65f6\u5982\u679c\u53ef\u80fd\uff0c\u4f60\u4eec\u751a\u81f3\u613f\u610f\u628a\u4f60\u4eec\u7684\u773c\u775b\u525c\u51fa\u6765\u7ed9\u6211\u54e9\uff01\n"
                },
                "16": {
                    "verse_nr": 16,
                    "verse": "\u73b0\u5728\u6211\u628a\u771f\u7406\u544a\u8bc9\u4f60\u4eec\uff0c\u53cd\u800c\u6210\u4e86\u4f60\u4eec\u7684\u4ec7\u654c\u5417\uff1f\n"
                },
                "17": {
                    "verse_nr": 17,
                    "verse": "\u90a3\u4e9b\u4eba\u70ed\u5fc3\u5f85\u4f60\u4eec\uff0c\u5e76\u4e0d\u662f\u51fa\u4e8e\u597d\u610f\uff0c\u800c\u662f\u60f3\u4f60\u4eec\u548c\u6211\u758f\u8fdc\uff0c\u597d\u4f7f\u4f60\u4eec\u70ed\u5fc3\u5f85\u4ed6\u4eec\u3002\n"
                },
                "18": {
                    "verse_nr": 18,
                    "verse": "\u5e38\u5e38\u5728\u5584\u4e8b\u4e0a\u70ed\u5fc3\uff0c\u603b\u662f\u597d\u7684\uff1b\u53ea\u662f\u4e0d\u8981\u6211\u5728\u4f60\u4eec\u90a3\u91cc\u7684\u65f6\u5019\u624d\u662f\u8fd9\u6837\u3002\n"
                },
                "19": {
                    "verse_nr": 19,
                    "verse": "\u6211\u7684\u5b69\u5b50\u4eec\uff0c\u4e3a\u4e86\u4f60\u4eec\u6211\u518d\u53d7\u751f\u4ea7\u7684\u75db\u82e6\uff0c\u76f4\u5230\u57fa\u7763\u5728\u4f60\u4eec\u91cc\u9762\u6210\u5f62\u3002\n"
                },
                "20": {
                    "verse_nr": 20,
                    "verse": "\u6211\u6068\u4e0d\u5f97\u73b0\u4eca\u5c31\u5728\u4f60\u4eec\u90a3\u91cc\uff0c\u6539\u53d8\u6211\u7684\u8bed\u6c14\uff0c\u56e0\u4e3a\u6211\u4e3a\u4f60\u4eec\u5341\u5206\u56f0\u6270\u3002\n"
                },
                "21": {
                    "verse_nr": 21,
                    "verse": "\u4e24\u4e2a\u5987\u4eba\u7684\u5bd3\u610f\u4f60\u4eec\u8fd9\u613f\u610f\u5728\u5f8b\u6cd5\u4e4b\u4e0b\u7684\u4eba\u54ea\uff01\u8bf7\u544a\u8bc9\u6211\uff0c\u4f60\u4eec\u6ca1\u6709\u542c\u8fc7\u5f8b\u6cd5\u5417\uff1f\n"
                },
                "22": {
                    "verse_nr": 22,
                    "verse": "\u7ecf\u4e0a\u8bb0\u7740\u8bf4\uff0c\u4e9a\u4f2f\u62c9\u7f55\u6709\u4e24\u4e2a\u513f\u5b50\uff0c\u4e00\u4e2a\u51fa\u4e8e\u5a62\u5973\uff0c\u4e00\u4e2a\u51fa\u4e8e\u81ea\u7531\u7684\u5987\u4eba\u3002\n"
                },
                "23": {
                    "verse_nr": 23,
                    "verse": "\u4f46\u90a3\u51fa\u4e8e\u5a62\u5973\u7684\uff0c\u662f\u6309\u7740\u8089\u4f53\u751f\u7684\uff1b\u90a3\u51fa\u4e8e\u81ea\u7531\u7684\u5987\u4eba\u7684\uff0c\u662f\u51ed\u7740\u5e94\u8bb8\u751f\u7684\u3002\n"
                },
                "24": {
                    "verse_nr": 24,
                    "verse": "\u8fd9\u90fd\u662f\u5bd3\u610f\u7684\u8bf4\u6cd5\uff1a\u90a3\u4e24\u4e2a\u5987\u4eba\u5c31\u662f\u4e24\u4e2a\u7ea6\uff0c\u4e00\u4e2a\u662f\u51fa\u4e8e\u897f\u5948\u5c71\uff0c\u751f\u5b50\u4f5c\u5974\u4ec6\uff0c\u8fd9\u662f\u590f\u7532\u3002\n"
                },
                "25": {
                    "verse_nr": 25,
                    "verse": "\u8fd9\u590f\u7532\u662f\u6307\u7740\u963f\u62c9\u4f2f\u7684\u897f\u5948\u5c71\uff0c\u76f8\u5f53\u4e8e\u73b0\u5728\u7684\u8036\u8def\u6492\u51b7\uff0c\u5979\u548c\u5979\u7684\u513f\u5973\u90fd\u662f\u4f5c\u5974\u4ec6\u7684\u3002\n"
                },
                "26": {
                    "verse_nr": 26,
                    "verse": "\u90a3\u5728\u4e0a\u9762\u7684\u8036\u8def\u6492\u51b7\u662f\u81ea\u7531\u7684\uff0c\u5979\u662f\u6211\u4eec\u7684\u6bcd\u4eb2\uff0c\n"
                },
                "27": {
                    "verse_nr": 27,
                    "verse": "\u56e0\u4e3a\u7ecf\u4e0a\u8bb0\u7740\u8bf4\uff1a\u201c\u4e0d\u80fd\u751f\u80b2\u3001\u6ca1\u6709\u751f\u517b\u7684\u554a\uff0c\u4f60\u8981\u6b22\u6b23\uff01\u6ca1\u6709\u53d7\u8fc7\u751f\u4ea7\u75db\u82e6\u7684\u554a\uff0c\u4f60\u8981\u547c\u558a\uff0c\u5927\u58f0\u547c\u53eb\uff01\u56e0\u4e3a\u5f03\u5987\u6bd4\u6709\u592b\u4e4b\u5987\u6709\u66f4\u591a\u513f\u5b50\u3002\u201d\n"
                },
                "28": {
                    "verse_nr": 28,
                    "verse": "\u53ef\u662f\uff0c\u5f1f\u5144\u4eec\uff0c\u4f60\u4eec\u662f\u6309\u7740\u5e94\u8bb8\u4f5c\u513f\u5973\u7684\uff0c\u597d\u50cf\u4ee5\u6492\u4e00\u6837\u3002\n"
                },
                "29": {
                    "verse_nr": 29,
                    "verse": "\u4e0d\u8fc7\uff0c\u5f53\u65f6\u90a3\u6309\u7740\u8089\u4f53\u751f\u7684\uff0c\u8feb\u5bb3\u90a3\u6309\u7740\u5723\u7075\u751f\u7684\uff0c\u73b0\u5728\u4e5f\u662f\u8fd9\u6837\u3002\n"
                },
                "30": {
                    "verse_nr": 30,
                    "verse": "\u7136\u800c\u7ecf\u4e0a\u600e\u6837\u8bf4\u5462\uff1f\u201d\u628a\u5a62\u5973\u548c\u5979\u7684\u513f\u5b50\u8d76\u51fa\u53bb\uff0c\u56e0\u4e3a\u5a62\u5973\u7684\u513f\u5b50\uff0c\u7edd\u5bf9\u4e0d\u53ef\u4ee5\u548c\u81ea\u7531\u7684\u5987\u4eba\u7684\u513f\u5b50\u4e00\u540c\u627f\u53d7\u4ea7\u4e1a\u3002\u201d\n"
                },
                "31": {
                    "verse_nr": 31,
                    "verse": "\u6240\u4ee5\uff0c\u5f1f\u5144\u4eec\uff0c\u6211\u4eec\u4e0d\u662f\u5a62\u5973\u7684\u513f\u5973\uff0c\u800c\u662f\u81ea\u7531\u7684\u5987\u4eba\u7684\u513f\u5973\u4e86\u3002\n"
                }
            }
        },
        "5": {
            "chapter_nr": 5,
            "chapter": {
                "1": {
                    "verse_nr": 1,
                    "verse": "\u57fa\u7763\u91ca\u653e\u4e86\u6211\u4eec\uff0c\u4e3a\u4e86\u8981\u4f7f\u6211\u4eec\u5f97\u81ea\u7531\u3002\u6240\u4ee5\u4f60\u4eec\u8981\u7ad9\u7acb\u5f97\u7a33\uff0c\u4e0d\u8981\u518d\u88ab\u5974\u5f79\u7684\u8f6d\u63a7\u5236\u3002\n"
                },
                "2": {
                    "verse_nr": 2,
                    "verse": "\u57fa\u7763\u5f92\u7684\u81ea\u7531\u6211\u4fdd\u7f57\u73b0\u5728\u544a\u8bc9\u4f60\u4eec\uff0c\u5982\u679c\u4f60\u4eec\u53d7\u5272\u793c\uff0c\u57fa\u7763\u5bf9\u4f60\u4eec\u5c31\u6beb\u65e0\u76ca\u5904\u4e86\u3002\n"
                },
                "3": {
                    "verse_nr": 3,
                    "verse": "\u6211\u518d\u5bf9\u6240\u6709\u53d7\u5272\u793c\u7684\u4eba\u90d1\u91cd\u58f0\u660e\uff1a\u4ed6\u6709\u8d23\u4efb\u9075\u884c\u5168\u90e8\u7684\u5f8b\u6cd5\u3002\n"
                },
                "4": {
                    "verse_nr": 4,
                    "verse": "\u4f60\u4eec\u8fd9\u4e9b\u9760\u5f8b\u6cd5\u79f0\u4e49\u7684\u4eba\uff0c\u662f\u548c\u57fa\u7763\u9694\u7edd\uff0c\u4ece\u6069\u5178\u4e2d\u5760\u843d\u4e86\u3002\n"
                },
                "5": {
                    "verse_nr": 5,
                    "verse": "\u6211\u4eec\u9760\u7740\u5723\u7075\uff0c\u51ed\u7740\u4fe1\uff0c\u70ed\u5207\u7b49\u5019\u6240\u76fc\u671b\u7684\u4e49\u3002\n"
                },
                "6": {
                    "verse_nr": 6,
                    "verse": "\u56e0\u4e3a\u5728\u57fa\u7763\u8036\u7a23\u91cc\uff0c\u53d7\u5272\u793c\u6216\u4e0d\u53d7\u5272\u793c\uff0c\u90fd\u6ca1\u6709\u7528\u5904\uff0c\u552f\u6709\u90a3\u501f\u7740\u7231\u8868\u8fbe\u51fa\u6765\u7684\u4fe1\uff0c\u624d\u6709\u7528\u5904\u3002\n"
                },
                "7": {
                    "verse_nr": 7,
                    "verse": "\u4f60\u4eec\u5411\u6765\u8dd1\u5f97\u597d\uff0c\u8c01\u62e6\u963b\u4e86\u4f60\u4eec\uff0c\u4f7f\u4f60\u4eec\u4e0d\u987a\u4ece\u771f\u7406\u5462\uff1f\n"
                },
                "8": {
                    "verse_nr": 8,
                    "verse": "\u8fd9\u79cd\u529d\u8bf1\u4e0d\u662f\u51fa\u4e8e\u90a3\u53ec\u4f60\u4eec\u7684\u3002\n"
                },
                "9": {
                    "verse_nr": 9,
                    "verse": "\u4e00\u70b9\u9762\u9175\u80fd\u4f7f\u5168\u56e2\u9762\u53d1\u8d77\u6765\u3002\n"
                },
                "10": {
                    "verse_nr": 10,
                    "verse": "\u6211\u5728\u4e3b\u91cc\u6df1\u4fe1\u4f60\u4eec\u4e0d\u4f1a\u5b58\u522b\u7684\u610f\u5ff5\uff1b\u4f46\u90a3\u6405\u6270\u4f60\u4eec\u7684\uff0c\u65e0\u8bba\u662f\u8c01\uff0c\u5fc5\u5b9a\u8981\u53d7\u5211\u7f5a\u3002\n"
                },
                "11": {
                    "verse_nr": 11,
                    "verse": "\u5f1f\u5144\u4eec\uff0c\u5982\u679c\u6211\u4ecd\u65e7\u4f20\u5272\u793c\uff0c\u6211\u4e3a\u4ec0\u4e48\u8fd8\u53d7\u8feb\u5bb3\u5462\uff1f\u82e5\u662f\u8fd9\u6837\uff0c\u5341\u5b57\u67b6\u7eca\u5012\u4eba\u7684\u5730\u65b9\u5c31\u6ca1\u6709\u4e86\u3002\n"
                },
                "12": {
                    "verse_nr": 12,
                    "verse": "\u6211\u6068\u4e0d\u5f97\u90a3\u4e9b\u6270\u4e71\u4f60\u4eec\u7684\u4eba\u628a\u81ea\u5df1\u9609\u5272\u4e86\uff01\n"
                },
                "13": {
                    "verse_nr": 13,
                    "verse": "\u5f1f\u5144\u4eec\uff0c\u4f60\u4eec\u8499\u53ec\u5f97\u4e86\u81ea\u7531\uff1b\u53ea\u662f\u4e0d\u53ef\u628a\u8fd9\u81ea\u7531\u5f53\u4f5c\u653e\u7eb5\u60c5\u6b32\u7684\u673a\u4f1a\uff0c\u603b\u8981\u51ed\u7740\u7231\u5fc3\u4e92\u76f8\u670d\u4e8b\u3002\n"
                },
                "14": {
                    "verse_nr": 14,
                    "verse": "\u56e0\u4e3a\u5168\u90e8\u7684\u5f8b\u6cd5\uff0c\u90fd\u5728\u201c\u7231\u4eba\u5982\u5df1\u201d\u8fd9\u4e00\u53e5\u8bdd\u91cc\u9762\u6210\u5168\u4e86\u3002\n"
                },
                "15": {
                    "verse_nr": 15,
                    "verse": "\u4f60\u4eec\u8981\u8c28\u614e\uff0c\u5982\u679c\u76f8\u54ac\u76f8\u541e\uff0c\u6050\u6015\u5f7c\u6b64\u90fd\u8981\u6bc1\u706d\u4e86\u3002\n"
                },
                "16": {
                    "verse_nr": 16,
                    "verse": "\u8089\u4f53\u4e0e\u5723\u7075\u4e3a\u654c\u6211\u662f\u8bf4\uff0c\u4f60\u4eec\u5e94\u5f53\u987a\u7740\u5723\u7075\u884c\u4e8b\uff0c\u8fd9\u6837\u5c31\u4e00\u5b9a\u4e0d\u4f1a\u53bb\u6ee1\u8db3\u8089\u4f53\u7684\u79c1\u6b32\u4e86\u3002\n"
                },
                "17": {
                    "verse_nr": 17,
                    "verse": "\u56e0\u4e3a\u8089\u4f53\u7684\u79c1\u6b32\u548c\u5723\u7075\u654c\u5bf9\uff0c\u5723\u7075\u4e5f\u548c\u8089\u4f53\u654c\u5bf9\uff1b\u8fd9\u4e24\u6837\u4e92\u76f8\u654c\u5bf9\uff0c\u4f7f\u4f60\u4eec\u4e0d\u80fd\u4f5c\u81ea\u5df1\u613f\u610f\u4f5c\u7684\u3002\n"
                },
                "18": {
                    "verse_nr": 18,
                    "verse": "\u4f46\u4f60\u4eec\u82e5\u88ab\u5723\u7075\u5f15\u5bfc\uff0c\u5c31\u4e0d\u5728\u5f8b\u6cd5\u4ee5\u4e0b\u4e86\u3002\n"
                },
                "19": {
                    "verse_nr": 19,
                    "verse": "\u8089\u4f53\u6240\u884c\u7684\u90fd\u662f\u663e\u800c\u6613\u89c1\u7684\uff0c\u5c31\u5982\u6deb\u4e71\u3001\u6c61\u79fd\u3001\u90aa\u8361\u3001\n"
                },
                "20": {
                    "verse_nr": 20,
                    "verse": "\u62dc\u5076\u50cf\u3001\u884c\u90aa\u672f\u3001\u4ec7\u6068\u3001\u4e89\u7ade\u3001\u5fcc\u6068\u3001\u5fff\u6012\u3001\u81ea\u79c1\u3001\u5206\u515a\u3001\u7ed3\u6d3e\u3001\n"
                },
                "21": {
                    "verse_nr": 21,
                    "verse": "\u5ac9\u5992\u3001\u9189\u9152\u3001\u8352\u5bb4\uff0c\u548c\u7c7b\u4f3c\u7684\u4e8b\u3002\u6211\u4ece\u524d\u65e9\u5c31\u544a\u8bc9\u8fc7\u4f60\u4eec\uff0c\u73b0\u5728\u53c8\u4e8b\u5148\u544a\u8bc9\u4f60\u4eec\uff1a\u884c\u8fd9\u4e9b\u4e8b\u7684\u4eba\uff0c\u5fc5\u5b9a\u4e0d\u80fd\u627f\u53d7\u3000\u795e\u7684\u56fd\u3002\n"
                },
                "22": {
                    "verse_nr": 22,
                    "verse": "\u5723\u7075\u7684\u679c\u5b50\u4f46\u5723\u7075\u7684\u679c\u5b50\u662f\u4ec1\u7231\u3001\u559c\u4e50\u3001\u5e73\u5b89\u3001\u5fcd\u8010\u3001\u6069\u6148\u3001\u826f\u5584\u3001\u4fe1\u5b9e\u3001\n"
                },
                "23": {
                    "verse_nr": 23,
                    "verse": "\u6e29\u67d4\u3001\u8282\u5236\uff1b\u8fd9\u6837\u7684\u4e8b\uff0c\u662f\u6ca1\u6709\u5f8b\u6cd5\u7981\u6b62\u7684\u3002\n"
                },
                "24": {
                    "verse_nr": 24,
                    "verse": "\u5c5e\u57fa\u7763\u8036\u7a23\u7684\u4eba\uff0c\u662f\u5df2\u7ecf\u628a\u8089\u4f53\u548c\u90aa\u60c5\u79c1\u6b32\u90fd\u9489\u5728\u5341\u5b57\u67b6\u4e0a\u4e86\u3002\n"
                },
                "25": {
                    "verse_nr": 25,
                    "verse": "\u5982\u679c\u6211\u4eec\u9760\u5723\u7075\u6d3b\u7740\uff0c\u5c31\u5e94\u8be5\u987a\u7740\u5723\u7075\u884c\u4e8b\u3002\n"
                },
                "26": {
                    "verse_nr": 26,
                    "verse": "\u6211\u4eec\u4e0d\u53ef\u8d2a\u56fe\u865a\u8363\uff0c\u5f7c\u6b64\u89e6\u6012\uff0c\u4e92\u76f8\u5ac9\u5992\u3002\n"
                }
            }
        },
        "6": {
            "chapter_nr": 6,
            "chapter": {
                "1": {
                    "verse_nr": 1,
                    "verse": "\u4fe1\u5f92\u7684\u8d23\u4efb\n"
                },
                "2": {
                    "verse_nr": 2,
                    "verse": "\u4f60\u4eec\u5404\u4eba\u7684\u91cd\u62c5\u8981\u4e92\u76f8\u62c5\u5f53\uff0c\u8fd9\u6837\u5c31\u6210\u5168\u4e86\u57fa\u7763\u7684\u5f8b\u6cd5\u3002\n"
                },
                "3": {
                    "verse_nr": 3,
                    "verse": "\u5982\u679c\u6709\u4eba\u672c\u6765\u6ca1\u6709\u4ec0\u4e48\u4e86\u4e0d\u8d77\uff0c\u5374\u81ea\u4ee5\u4e3a\u662f\u4e86\u4e0d\u8d77\u7684\uff0c\u5c31\u662f\u6b3a\u9a97\u81ea\u5df1\u3002\n"
                },
                "4": {
                    "verse_nr": 4,
                    "verse": "\u5404\u4eba\u5e94\u8be5\u7701\u5bdf\u81ea\u5df1\u6240\u4f5c\u7684\uff0c\u8fd9\u6837\uff0c\u4ed6\u5f15\u4ee5\u4e3a\u8363\u7684\uff0c\u5c31\u53ea\u5728\u81ea\u5df1\u800c\u4e0d\u5728\u522b\u4eba\u4e86\uff1b\n"
                },
                "5": {
                    "verse_nr": 5,
                    "verse": "\u56e0\u4e3a\u5404\u4eba\u7684\u62c5\u5b50\uff0c\u662f\u8981\u81ea\u5df1\u62c5\u5f53\u7684\u3002\n"
                },
                "6": {
                    "verse_nr": 6,
                    "verse": "\u5728\u5723\u9053\u4e0a\u53d7\u6559\u7684\uff0c\u5e94\u8be5\u548c\u65bd\u6559\u7684\u4eba\u5206\u4eab\u81ea\u5df1\u7684\u4e00\u5207\u7f8e\u7269\u3002\n"
                },
                "7": {
                    "verse_nr": 7,
                    "verse": "\u4e0d\u8981\u81ea\u6b3a\uff0c\u3000\u795e\u662f\u4e0d\u53ef\u8f7b\u6162\u7684\u3002\u4eba\u79cd\u7684\u662f\u4ec0\u4e48\uff0c\u6536\u7684\u4e5f\u662f\u4ec0\u4e48\uff1a\n"
                },
                "8": {
                    "verse_nr": 8,
                    "verse": "\u987a\u7740\u81ea\u5df1\u7684\u8089\u4f53\u6492\u79cd\u7684\uff0c\u5fc5\u5b9a\u4ece\u8089\u4f53\u6536\u53d6\u8d25\u574f\uff1b\u987a\u7740\u5723\u7075\u6492\u79cd\u7684\uff0c\u5fc5\u5b9a\u4ece\u5723\u7075\u6536\u53d6\u6c38\u751f\u3002\n"
                },
                "9": {
                    "verse_nr": 9,
                    "verse": "\u6211\u4eec\u884c\u5584\uff0c\u4e0d\u8981\u89c9\u5f97\u538c\u70e6\uff1b\u5982\u679c\u4e0d\u677e\u61c8\uff0c\u5230\u4e86\u9002\u5f53\u7684\u65f6\u5019\uff0c\u5c31\u6709\u6536\u6210\u3002\n"
                },
                "10": {
                    "verse_nr": 10,
                    "verse": "\u6240\u4ee5\uff0c\u6211\u4eec\u4e00\u6709\u673a\u4f1a\uff0c\u5c31\u5e94\u8be5\u5bf9\u4f17\u4eba\u884c\u5584\uff0c\u5bf9\u4fe1\u5f92\u66f4\u8981\u8fd9\u6837\u3002\n"
                },
                "11": {
                    "verse_nr": 11,
                    "verse": "\u529d\u52c9\u548c\u795d\u798f\u8bf7\u770b\uff0c\u6211\u4eb2\u624b\u5199\u7ed9\u4f60\u4eec\u7684\u5b57\u662f\u591a\u4e48\u7684\u5927\u3002\n"
                },
                "12": {
                    "verse_nr": 12,
                    "verse": "\u90a3\u4e9b\u5728\u5916\u8868\u4e0a\u8981\u4f53\u9762\u7684\u4eba\uff0c\u4ed6\u4eec\u52c9\u5f3a\u4f60\u4eec\u53d7\u5272\u793c\uff0c\u4e0d\u8fc7\u662f\u6015\u4e3a\u4e86\u57fa\u7763\u7684\u5341\u5b57\u67b6\u53d7\u8feb\u5bb3\u3002\n"
                },
                "13": {
                    "verse_nr": 13,
                    "verse": "\u90a3\u4e9b\u53d7\u5272\u793c\u7684\u4eba\uff0c\u81ea\u5df1\u4e5f\u4e0d\u9075\u5b88\u5f8b\u6cd5\uff0c\u53cd\u800c\u8981\u4f60\u4eec\u53d7\u5272\u793c\uff0c\u4e3a\u7684\u662f\u8981\u501f\u7740\u4f60\u4eec\u7684\u8089\u8eab\u5938\u53e3\u3002\n"
                },
                "14": {
                    "verse_nr": 14,
                    "verse": "\u81f3\u4e8e\u6211\uff0c\u6211\u7edd\u4e0d\u4ee5\u522b\u7684\u5938\u53e3\uff0c\u53ea\u5938\u6211\u4eec\u4e3b\u8036\u7a23\u57fa\u7763\u7684\u5341\u5b57\u67b6\u3002\u501f\u7740\u8fd9\u5341\u5b57\u67b6\uff0c\u5728\u6211\u6765\u8bf4\uff0c\u4e16\u754c\u5df2\u7ecf\u9489\u5728\u5341\u5b57\u67b6\u4e0a\u4e86\uff1b\u5c31\u4e16\u754c\u6765\u8bf4\uff0c\u6211\u4e5f\u5df2\u7ecf\u9489\u5728\u5341\u5b57\u67b6\u4e0a\u4e86\u3002\n"
                },
                "15": {
                    "verse_nr": 15,
                    "verse": "\u53d7\u5272\u793c\u6216\u4e0d\u53d7\u5272\u793c\uff0c\u90fd\u7b97\u4e0d\u5f97\u4ec0\u4e48\uff0c\u8981\u7d27\u7684\u662f\u4f5c\u65b0\u9020\u7684\u4eba\u3002\n"
                },
                "16": {
                    "verse_nr": 16,
                    "verse": "\u6240\u6709\u7167\u8fd9\u51c6\u5219\u800c\u884c\u7684\u4eba\uff0c\u613f\u5e73\u5b89\u601c\u60af\u4e34\u5230\u4ed6\u4eec\uff0c\u5c31\u662f\u4e34\u5230\u3000\u795e\u7684\u4ee5\u8272\u5217\u3002\n"
                },
                "17": {
                    "verse_nr": 17,
                    "verse": "\u4ece\u4eca\u4ee5\u540e\uff0c\u8c01\u4e5f\u4e0d\u8981\u6405\u6270\u6211\uff0c\u56e0\u4e3a\u6211\u8eab\u4e0a\u5e26\u7740\u8036\u7a23\u7684\u70d9\u75d5\u3002\n"
                },
                "18": {
                    "verse_nr": 18,
                    "verse": "\u5f1f\u5144\u4eec\uff0c\u613f\u6211\u4eec\u4e3b\u8036\u7a23\u57fa\u7763\u7684\u6069\u60e0\u4e0e\u4f60\u4eec\u540c\u5728\uff08\u201c\u4e0e\u4f60\u4eec\u540c\u5728\u201d\u539f\u6587\u4f5c\u201c\u4e0e\u4f60\u4eec\u7684\u5fc3\u7075\u540c\u5728\u201d\uff09\u3002\u963f\u4eec\u3002\n"
                }
            }
        }
    }
}