{
    "version": "luther1912",
    "book_name": "Ruth",
    "book_nr": "8",
    "book": {
        "1": {
            "chapter_nr": 1,
            "chapter": {
                "1": {
                    "verse_nr": 1,
                    "verse": "Zu der Zeit, da die Richter regierten, ward eine Teuerung im Lande. Und ein Mann von Bethlehem-Juda zog wallen in der Moabiter Land mit seinem Weibe und seinen zwei S\u00f6hnen. {~}\n"
                },
                "2": {
                    "verse_nr": 2,
                    "verse": "Der hie\u00df Elimelech und sein Weib Naemi und seine zwei S\u00f6hne Mahlon und Chiljon; die waren Ephrather von Bethlehem-Juda. Und da sie kamen ins Land der Moabiter, blieben sie daselbst.\n"
                },
                "3": {
                    "verse_nr": 3,
                    "verse": "Und Elimelech, der Naemi Mann, starb, und sie blieb \u00fcbrig mit ihren zwei S\u00f6hnen.\n"
                },
                "4": {
                    "verse_nr": 4,
                    "verse": "Die nahmen moabitische Weiber; eine hie\u00df Orpa, die andere Ruth. Und da sie daselbst gewohnt hatten ungef\u00e4hr zehn Jahre,\n"
                },
                "5": {
                    "verse_nr": 5,
                    "verse": "starben sie alle beide, Mahlon und Chiljon, da\u00df das Weib \u00fcberlebte beide S\u00f6hne und ihren Mann. {~} {~}\n"
                },
                "6": {
                    "verse_nr": 6,
                    "verse": "Da machte sie sich auf mit ihren zwei Schwiegert\u00f6chtern und zog wieder aus der Moabiter Lande; denn sie hatte erfahren im Moabiterlande, da\u00df der HERR sein Volk hatte heimgesucht und ihnen Brot gegeben.\n"
                },
                "7": {
                    "verse_nr": 7,
                    "verse": "Und sie ging aus von dem Ort, da sie gewesen war, und ihre beiden Schwiegert\u00f6chter mit ihr. Und da sie ging auf dem Wege, da\u00df sie wiederk\u00e4me ins Land Juda,\n"
                },
                "8": {
                    "verse_nr": 8,
                    "verse": "sprach sie zu ihren beiden Schwiegert\u00f6chtern: Geht hin und kehrt um, eine jegliche zu ihrer Mutter Haus. Der HERR tue an euch Barmherzigkeit, wie ihr an den Toten und mir getan habt!\n"
                },
                "9": {
                    "verse_nr": 9,
                    "verse": "Der HERR gebe euch, da\u00df ihr Ruhe findet, eine jegliche in ihres Mannes Hause! Und k\u00fc\u00dfte sie. Da hoben sie ihre Stimmen auf und weinten\n"
                },
                "10": {
                    "verse_nr": 10,
                    "verse": "und sprachen zu ihr: Wir wollen mit dir zu deinem Volk gehen.\n"
                },
                "11": {
                    "verse_nr": 11,
                    "verse": "Aber Naemi sprach: Kehrt um, meine T\u00f6chter! warum wollt ihr mit mir gehen? Wie kann ich f\u00fcrder Kinder in meinem Leibe haben, die eure M\u00e4nner sein k\u00f6nnten?\n"
                },
                "12": {
                    "verse_nr": 12,
                    "verse": "Kehrt um, meine T\u00f6chter, und geht hin! denn ich bin nun zu alt, da\u00df ich einen Mann nehme. Und wenn ich spr\u00e4che: Es ist zu hoffen, da\u00df ich diese Nacht einen Mann nehme und Kinder geb\u00e4re,\n"
                },
                "13": {
                    "verse_nr": 13,
                    "verse": "wie k\u00f6nntet ihr doch harren, bis sie gro\u00df w\u00fcrden? wie wolltet ihr verziehen, da\u00df ihr nicht M\u00e4nner solltet nehmen? Nicht, meine T\u00f6chter! denn mich jammert euer sehr; denn des HERRN Hand ist \u00fcber mich ausgegangen.\n"
                },
                "14": {
                    "verse_nr": 14,
                    "verse": "Da hoben sie ihre Stimme auf und weinten noch mehr. Und Opra k\u00fc\u00dfte ihre Schwiegermutter; Ruth aber blieb bei ihr.\n"
                },
                "15": {
                    "verse_nr": 15,
                    "verse": "Sie aber sprach: Siehe, deine Schw\u00e4gerin ist umgewandt zu ihrem Volk und zu ihrem Gott; kehre auch du um, deiner Schw\u00e4gerin nach.\n"
                },
                "16": {
                    "verse_nr": 16,
                    "verse": "Ruth antwortete: Rede mir nicht ein, da\u00df ich dich verlassen sollte und von dir umkehren. Wo du hin gehst, da will ich auch hin gehen; wo du bleibst, da bleibe ich auch. Dein Volk ist mein Volk, und dein Gott ist mein Gott.\n"
                },
                "17": {
                    "verse_nr": 17,
                    "verse": "Wo du stirbst, da sterbe ich auch, da will ich auch begraben werden. Der HERR tue mir dies und das, der Tod mu\u00df mich und dich scheiden.\n"
                },
                "18": {
                    "verse_nr": 18,
                    "verse": "Als sie nun sah, da\u00df sie fest im Sinn war, mit ihr zu gehen, lie\u00df sie ab, mit ihr davon zu reden.\n"
                },
                "19": {
                    "verse_nr": 19,
                    "verse": "Also gingen die beiden miteinander, bis sie gen Bethlehem kamen. Und da sie nach Bethlehem hineinkamen, regte sich die ganze Stadt \u00fcber ihnen und sprach: Ist das die Naemi?\n"
                },
                "20": {
                    "verse_nr": 20,
                    "verse": "Sie aber sprach: Hei\u00dft mich nicht Naemi, sondern Mara; denn der Allm\u00e4chtige hat mich sehr betr\u00fcbt.\n"
                },
                "21": {
                    "verse_nr": 21,
                    "verse": "Voll zog ich aus, aber leer hat mich der HERR wieder heimgebracht. Warum hei\u00dft ihr mich denn Naemi, so mich doch der HERR gedem\u00fctigt und der Allm\u00e4chtige betr\u00fcbt hat?\n"
                },
                "22": {
                    "verse_nr": 22,
                    "verse": "Es war aber um die Zeit, da\u00df die Gerstenernte anging, da Naemi mit ihrer Schwiegertochter Ruth, der Moabitin, wiederkam vom Moabiterlande gen Bethlehem. {~}\n"
                }
            }
        },
        "2": {
            "chapter_nr": 2,
            "chapter": {
                "1": {
                    "verse_nr": 1,
                    "verse": "Es war auch ein Mann, ein Verwandter des Mannes der Naemi, von dem Geschlecht Elimelechs, mit Namen Boas; der war ein wohlhabender Mann.\n"
                },
                "2": {
                    "verse_nr": 2,
                    "verse": "Und Ruth, die Moabitin, sprach zu Naemi: La\u00df mich aufs Feld gehen und \u00c4hren auflesen dem nach, vor dem ich Gnade finde. Sie aber sprach zu ihr: Gehe hin, meine Tochter.\n"
                },
                "3": {
                    "verse_nr": 3,
                    "verse": "Sie ging hin, kam und las auf, den Schnittern nach, auf dem Felde. Und es begab sich eben, da\u00df dasselbe Feld war des Boas, der von dem Geschlecht Elimelechs war.\n"
                },
                "4": {
                    "verse_nr": 4,
                    "verse": "Und siehe, Boas kam eben von Bethlehem und sprach zu den Schnittern: Der HERR mit euch! Sie antworteten: Der HERR segne dich!\n"
                },
                "5": {
                    "verse_nr": 5,
                    "verse": "Und Boas sprach zu seinem Knechte, der \u00fcber die Schnitter gestellt war: Wes ist die Dirne?\n"
                },
                "6": {
                    "verse_nr": 6,
                    "verse": "Der Knecht, der \u00fcber die Schnitter gestellt war, antwortete und sprach: Es ist die Dirne, die Moabitin, die mit Naemi wiedergekommen ist von der Moabiter Lande.\n"
                },
                "7": {
                    "verse_nr": 7,
                    "verse": "Denn sie sprach: La\u00dft mich doch auflesen und sammeln unter den Garben, den Schnittern nach; und ist also gekommen und dagestanden vom Morgen an bis her und bleibt wenig daheim.\n"
                },
                "8": {
                    "verse_nr": 8,
                    "verse": "Da sprach Boas zu Ruth: H\u00f6rst du es, meine Tochter? Du sollst nicht gehen auf einen andern Acker, aufzulesen, und gehe auch nicht von hinnen, sondern halte dich zu meinen Dirnen.\n"
                },
                "9": {
                    "verse_nr": 9,
                    "verse": "Und siehe, wo sie schneiden im Felde, da gehe ihnen nach. Ich habe meinen Knechten geboten, da\u00df dich niemand antaste. Und so dich d\u00fcrstet, so gehe hin zu dem Gef\u00e4\u00df und trinke von dem, was meine Knechte sch\u00f6pfen. {~}\n"
                },
                "10": {
                    "verse_nr": 10,
                    "verse": "Da fiel sie auf ihr Angesicht und beugte sich nieder zur Erde und sprach zu ihm: Womit habe ich die Gnade gefunden vor deinen Augen, da\u00df du mich ansiehst, die ich doch fremd bin?\n"
                },
                "11": {
                    "verse_nr": 11,
                    "verse": "Boas antwortete und sprach zu ihr: Es ist mir angesagt alles, was du hast getan an deiner Schwiegermutter nach deines Mannes Tod: da\u00df du verlassen hast deinen Vater und deine Mutter und dein Vaterland und bist zu meinem Volk gezogen, das du zuvor nicht kanntest.\n"
                },
                "12": {
                    "verse_nr": 12,
                    "verse": "Der HERR vergelte dir deine Tat, und dein Lohn m\u00fcsse vollkommen sein bei dem HERRN, dem Gott Israels, zu welchem du gekommen bist, da\u00df du unter seinen Fl\u00fcgeln Zuversicht h\u00e4ttest.\n"
                },
                "13": {
                    "verse_nr": 13,
                    "verse": "Sie sprach: La\u00df mich Gnade vor deinen Augen finden, mein Herr; denn du hast mich getr\u00f6stet und deine Magd freundlich angesprochen, so ich doch nicht bin wie deiner M\u00e4gde eine.\n"
                },
                "14": {
                    "verse_nr": 14,
                    "verse": "Boas sprach zu ihr, da Essenszeit war: Mache dich hier herzu und i\u00df vom Brot und tauche deinen Bissen in den Essig. Und sie setzte sich zur Seite der Schnitter. Er aber legte ihr ger\u00f6stete K\u00f6rner vor, und sie a\u00df und ward satt und lie\u00df \u00fcbrig.\n"
                },
                "15": {
                    "verse_nr": 15,
                    "verse": "Und da sie sich aufmachte, zu lesen, gebot Boas seinen Knechten und sprach: La\u00dft sie auch zwischen den Garben lesen und besch\u00e4mt sie nicht;\n"
                },
                "16": {
                    "verse_nr": 16,
                    "verse": "Auch von den Haufen la\u00dft \u00fcbrigbleiben und la\u00dft liegen, da\u00df sie es auflese, und niemand schelte sie darum. {~}\n"
                },
                "17": {
                    "verse_nr": 17,
                    "verse": "Also las sie auf dem Felde bis zum Abend und schlug's aus, was sie aufgelesen hatte; und es war bei einem Epha Gerste.\n"
                },
                "18": {
                    "verse_nr": 18,
                    "verse": "Und sie hob's auf und kam in die Stadt; und ihre Schwiegermutter sah es, was sie gelesen hatte. Da zog sie hervor und gab ihr, was \u00fcbriggeblieben war, davon sie satt war geworden.\n"
                },
                "19": {
                    "verse_nr": 19,
                    "verse": "Da sprach ihre Schwiegermutter zu ihr: Wo hast du heute gelesen, und wo hast du gearbeitet? Gesegnet sei, der dich angesehen hat! Sie aber sagte es ihrer Schwiegermutter, bei wem sie gearbeitet h\u00e4tte, und sprach: Der Mann, bei dem ich heute gearbeitet habe, hei\u00dft Boas.\n"
                },
                "20": {
                    "verse_nr": 20,
                    "verse": "Naemi aber sprach zu ihrer Schwiegertochter: Gesegnet sei er dem HERRN! denn er hat seine Barmherzigkeit nicht gelassen an den Lebendigen und an den Toten. Und Naemi sprach zu ihr: Der Mann geh\u00f6rt zu uns und ist unser Erbe.\n"
                },
                "21": {
                    "verse_nr": 21,
                    "verse": "Ruth, die Moabitin, sprach: Er sprach auch das zu mir: Du sollst dich zu meinen Leuten halten, bis sie mir alles eingeerntet haben.\n"
                },
                "22": {
                    "verse_nr": 22,
                    "verse": "Naemi sprach zu Ruth, ihrer Schwiegertochter: Es ist gut, meine Tochter, da\u00df du mit seinen Dirnen ausgehst, auf da\u00df nicht jemand dir dreinrede auf einem andern Acker.\n"
                },
                "23": {
                    "verse_nr": 23,
                    "verse": "Also hielt sie sich zu den Dirnen des Boas, da\u00df sie las, bis da\u00df die Gerstenernte und Weizenernte aus war; und kam wieder zu ihrer Schwiegermutter.\n"
                }
            }
        },
        "3": {
            "chapter_nr": 3,
            "chapter": {
                "1": {
                    "verse_nr": 1,
                    "verse": "Und Naemi, ihre Schwiegermutter, sprach zu ihr: Meine Tochter, ich will dir Ruhe schaffen, da\u00df dir's wohl gehe.\n"
                },
                "2": {
                    "verse_nr": 2,
                    "verse": "Nun, der Boas, unser Verwandter, bei des Dirnen du gewesen bist, worfelt diese Nacht Gerste auf seiner Tenne. {~}\n"
                },
                "3": {
                    "verse_nr": 3,
                    "verse": "So bade dich und salbe dich und lege dein Kleid an und gehe hinab auf die Tenne; gib dich dem Manne nicht zu erkennen, bis er ganz gegessen und getrunken hat.\n"
                },
                "4": {
                    "verse_nr": 4,
                    "verse": "Wenn er sich dann legt, so merke den Ort, da er sich hin legt, und komm und decke auf zu seinen F\u00fc\u00dfen und lege dich, so wird er dir wohl sagen, was du tun sollst.\n"
                },
                "5": {
                    "verse_nr": 5,
                    "verse": "Sie sprach zu ihr: Alles, was du mir sagst, will ich tun.\n"
                },
                "6": {
                    "verse_nr": 6,
                    "verse": "Sie ging hinab zur Tenne und tat alles, wie ihre Schwiegermutter geboten hatte.\n"
                },
                "7": {
                    "verse_nr": 7,
                    "verse": "Und da Boas gegessen und getrunken hatte, ward sein Herz guter Dinge, und er kam und legte sich hinter einen Kornhaufen; und sie kam leise und deckte auf zu seinen F\u00fc\u00dfen und legte sich.\n"
                },
                "8": {
                    "verse_nr": 8,
                    "verse": "Da es nun Mitternacht ward, erschrak der Mann und beugte sich vor; und siehe, ein Weib lag zu seinen F\u00fc\u00dfen.\n"
                },
                "9": {
                    "verse_nr": 9,
                    "verse": "Und er sprach: Wer bist du? Sie antwortete: Ich bin Ruth, deine Magd. Breite deine Decke \u00fcber deine Magd; denn du bist der Erbe.\n"
                },
                "10": {
                    "verse_nr": 10,
                    "verse": "Er aber sprach: Gesegnet seist du dem HERRN, meine Tochter! Du hast deine Liebe hernach besser gezeigt den zuvor, da\u00df du bist nicht den J\u00fcnglingen nachgegangen, weder reich noch arm.\n"
                },
                "11": {
                    "verse_nr": 11,
                    "verse": "Nun, meine Tochter, f\u00fcrchte dich nicht. Alles was du sagst, will ich dir tun; denn die ganze Stadt meines Volkes wei\u00df, da\u00df du ein tugendsam Weib bist.\n"
                },
                "12": {
                    "verse_nr": 12,
                    "verse": "Nun, es ist wahr, da\u00df ich der Erbe bin; aber es ist einer n\u00e4her denn ich.\n"
                },
                "13": {
                    "verse_nr": 13,
                    "verse": "Bleibe \u00fcber Nacht. Morgen, so er dich nimmt, wohl; gel\u00fcstet's ihn aber nicht, dich zu nehmen, so will ich dich nehmen, so wahr der HERR lebt. Schlaf bis zum Morgen. {~}\n"
                },
                "14": {
                    "verse_nr": 14,
                    "verse": "Und sie schlief bis zum Morgen zu seinen F\u00fc\u00dfen. Und sie stand auf, ehe denn einer den andern erkennen konnte; und er gedachte, da\u00df nur niemand innewerde, da\u00df das Weib in die Tenne gekommen sei.\n"
                },
                "15": {
                    "verse_nr": 15,
                    "verse": "Und sprach: Lange her den Mantel, den du anhast, und halt ihn. Und sie hielt ihn. Und er ma\u00df sechs Ma\u00df Gerste und legte es auf sie. Und er kam in die Stadt.\n"
                },
                "16": {
                    "verse_nr": 16,
                    "verse": "Sie aber kam zu ihrer Schwiegermutter; die sprach: Wie steht's mit dir, meine Tochter? Und sie sagte ihr alles, was ihr der Mann getan hatte,\n"
                },
                "17": {
                    "verse_nr": 17,
                    "verse": "und sprach: Diese sechs Ma\u00df Gerste gab er mir; denn er sprach: Du sollst nicht leer zu deiner Schwiegermutter kommen.\n"
                },
                "18": {
                    "verse_nr": 18,
                    "verse": "Sie aber sprach: Sei still, meine Tochter, bis du erf\u00e4hrst, wo es hinaus will; denn der Mann wird nicht ruhen, er bringe es denn heute zu Ende.\n"
                }
            }
        },
        "4": {
            "chapter_nr": 4,
            "chapter": {
                "1": {
                    "verse_nr": 1,
                    "verse": "Boas ging hinauf ins Tor und setzte sich daselbst. Und siehe, da der Erbe vor\u00fcberging, von welchem er geredet hatte, sprach Boas: Komm und setze dich hierher! Und er kam und setzte sich. {~} {~} {~}\n"
                },
                "2": {
                    "verse_nr": 2,
                    "verse": "Und er nahm zehn M\u00e4nner von den \u00c4ltesten der Stadt und sprach: Setzt euch her! Und sie setzten sich.\n"
                },
                "3": {
                    "verse_nr": 3,
                    "verse": "Da sprach er zu dem Erben: Naemi, die vom Lande der Moabiter wiedergekommen ist, bietet feil das St\u00fcck Feld, das unsers Bruders war, Elimelechs.\n"
                },
                "4": {
                    "verse_nr": 4,
                    "verse": "Darum gedachte ich's vor deine Ohren zu bringen und zu sagen: Willst du es beerben, so kaufe es vor den B\u00fcrgern und vor den \u00c4ltesten meines Volkes; willst du es aber nicht beerben, so sage mir's, da\u00df ich's wisse. Denn es ist kein Erbe au\u00dfer dir und ich nach dir. Er sprach: Ich will's beerben.\n"
                },
                "5": {
                    "verse_nr": 5,
                    "verse": "Boas sprach: Welches Tages du das Feld kaufst von der Hand Naemis, so mu\u00dft du auch Ruth, die Moabitin, des Verstorbenen Weib, nehmen, da\u00df du dem Verstorbenen einen Namen erweckst auf seinem Erbteil.\n"
                },
                "6": {
                    "verse_nr": 6,
                    "verse": "Da sprach er: Ich vermag es nicht zu beerben, da\u00df ich nicht vielleicht mein Erbteil verderbe. Beerbe du, was ich beerben soll; denn ich vermag es nicht zu beerben.\n"
                },
                "7": {
                    "verse_nr": 7,
                    "verse": "Und es war von alters her eine solche Gewohnheit in Israel: wenn einer ein Gut nicht beerben noch erkaufen wollte, auf da\u00df eine Sache best\u00e4tigt w\u00fcrde, so zog er seinen Schuh aus und gab ihn dem andern; das war das Zeugnis in Israel.\n"
                },
                "8": {
                    "verse_nr": 8,
                    "verse": "Und der Erbe sprach zu Boas: Kaufe du es! und zog seinen Schuh aus.\n"
                },
                "9": {
                    "verse_nr": 9,
                    "verse": "Und Boas sprach zu den \u00c4ltesten und zu allem Volk: Ihr seid heute Zeugen, da\u00df ich alles gekauft habe, was dem Elimelech, und alles, was Chiljon und Mahlon geh\u00f6rt hat, von der Hand Naemis;\n"
                },
                "10": {
                    "verse_nr": 10,
                    "verse": "dazu auch Ruth, die Moabitin, Mahlons Weib, habe ich mir erworben zum Weibe, da\u00df ich dem Verstorbenen einen Namen erwecke auf sein Erbteil und sein Name nicht ausgerottet werde unter seinen Br\u00fcdern und aus dem Tor seines Orts; Zeugen seid ihr des heute.\n"
                },
                "11": {
                    "verse_nr": 11,
                    "verse": "Und alles Volk, das im Tor war, samt den \u00c4ltesten sprachen: Wir sind Zeugen. Der HERR mache das Weib, das in dein Haus kommt, wie Rahel und Leah, die beide das Haus Israels gebaut haben; und wachse sehr in Ephratha und werde gepriesen zu Bethlehem.\n"
                },
                "12": {
                    "verse_nr": 12,
                    "verse": "Und dein Haus werde wie das Haus des Perez, den Thamar dem Juda gebar, von dem Samen, den dir der HERR geben wird von dieser Dirne.\n"
                },
                "13": {
                    "verse_nr": 13,
                    "verse": "Also nahm Boas die Ruth, da\u00df sie sein Weib ward. Und da er zu ihr einging, gab ihr der HERR, da\u00df sie schwanger ward und gebar einen Sohn.\n"
                },
                "14": {
                    "verse_nr": 14,
                    "verse": "Da sprachen die Weiber zu Naemi: Gelobt sei der HERR, der dir nicht hat lassen abgehen einen Erben zu dieser Zeit, da\u00df sein Name in Israel bliebe.\n"
                },
                "15": {
                    "verse_nr": 15,
                    "verse": "Der wir dich erquicken und dein Alter versorgen. Denn deine Schwiegertochter, die dich geliebt hat, hat ihn geboren, welche dir besser ist als sieben S\u00f6hne.\n"
                },
                "16": {
                    "verse_nr": 16,
                    "verse": "Und Naemi nahm das Kind und legte es auf ihren Scho\u00df und ward seine W\u00e4rterin.\n"
                },
                "17": {
                    "verse_nr": 17,
                    "verse": "Und ihre Nachbarinnen gaben ihm einen Namen und sprachen: Naemi ist ein Kind geboren; und hie\u00dfen ihn Obed. Der ist der Vater Isais, welcher ist Davids Vater.\n"
                },
                "18": {
                    "verse_nr": 18,
                    "verse": "Dies ist das Geschlecht des Perez: Perez zeugte Hezron;\n"
                },
                "19": {
                    "verse_nr": 19,
                    "verse": "Hezron zeugte Ram; Ram zeugte Amminadab;\n"
                },
                "20": {
                    "verse_nr": 20,
                    "verse": "Amminadab zeugte Nahesson; Nahesson zeugte Salma;\n"
                },
                "21": {
                    "verse_nr": 21,
                    "verse": "Salma zeugte Boas; Boas zeugte Obed;\n"
                },
                "22": {
                    "verse_nr": 22,
                    "verse": "Obed zeugte Isai; Isai zeugte David.\n"
                }
            }
        }
    }
}