{
    "version": "BLPH",
    "book_name": "Lamentations",
    "book_nr": "25",
    "book": {
        "1": {
            "chapter_nr": "1",
            "chapter": {
                "1": {
                    "verse_nr": "1",
                    "verse": "Primera eleg\u00eda - \u00a1Qu\u00e9 solitaria se encuentra la ciudad superpoblada! Ha quedado como viuda la grande ante las naciones. La reina de las provincias se ha convertido en esclava."
                },
                "2": {
                    "verse_nr": "2",
                    "verse": "Pasa las noches llorando, riega el llanto sus mejillas; no hay nadie que la consuele entre todos sus amantes; sus amigos la han dejado y se le han vuelto enemigos."
                },
                "3": {
                    "verse_nr": "3",
                    "verse": "Desterrada y humillada, Jud\u00e1 sufre esclavitud y habita entre las naciones sin encontrar su morada; todos sus perseguidores le han dado caza en su asedio."
                },
                "4": {
                    "verse_nr": "4",
                    "verse": "De luto est\u00e1n las calzadas de Si\u00f3n, sin peregrinos; sus puertas est\u00e1n en ruinas y sus sacerdotes gimen; sus doncellas se lamentan y ella padece amargura."
                },
                "5": {
                    "verse_nr": "5",
                    "verse": "Sus enemigos la oprimen, sus adversarios prosperan, porque el Se\u00f1or la ha afligido por sus copiosos pecados; sus ni\u00f1os van al destierro delante del enemigo."
                },
                "6": {
                    "verse_nr": "6",
                    "verse": "Si\u00f3n se ha visto privada de toda su majestad; sus pr\u00edncipes, como ciervos que no han encontrado pastos, caminan desfallecidos ante sus perseguidores."
                },
                "7": {
                    "verse_nr": "7",
                    "verse": "Recuerda Jerusal\u00e9n d\u00edas tristes de vida errante, cayendo en mano enemiga sin que nadie la ayudara. Los enemigos, al verla, se burlaban de su ruina."
                },
                "8": {
                    "verse_nr": "8",
                    "verse": "\u00a1Jerusal\u00e9n ha pecado: por eso ha quedado impura! Los que la honraban la humillan porque la han visto desnuda; ella tambi\u00e9n se lamenta y hasta se vuelve de espaldas."
                },
                "9": {
                    "verse_nr": "9",
                    "verse": "Su impureza est\u00e1 en sus ropas, no pens\u00f3 en tales extremos. Su ca\u00edda fue incre\u00edble y ya no hay quien la consuele. \u201cMira, Se\u00f1or, mi desgracia y el triunfo del enemigo\u201d."
                },
                "10": {
                    "verse_nr": "10",
                    "verse": "Mano ha puesto el enemigo sobre todos sus tesoros; ella ha visto a los paganos profanar el santuario, aunque t\u00fa hab\u00edas prohibido que entraran en tu asamblea."
                },
                "11": {
                    "verse_nr": "11",
                    "verse": "Toda su gente se queja, anda en busca de alimento; cambian sus joyas por pan para mantenerse vivos. \u201cMira, Se\u00f1or, y contempla en qu\u00e9 vileza he ca\u00eddo\u201d."
                },
                "12": {
                    "verse_nr": "12",
                    "verse": "\u00bfNo les dice nada a ustedes, los que van por el camino? Miren bien si hay un dolor como el dolor que me aflige, que el Se\u00f1or me castig\u00f3 el d\u00eda de su furor."
                },
                "13": {
                    "verse_nr": "13",
                    "verse": "Desde el cielo mand\u00f3 un fuego que me ha abrasado los huesos; tendi\u00f3 una trampa a mi paso y me hizo volver atr\u00e1s; me ha dejado destrozada y sufriendo todo el d\u00eda."
                },
                "14": {
                    "verse_nr": "14",
                    "verse": "Con mi delito hizo un yugo bien atado por su mano y me lo carg\u00f3 en el cuello, debilitando mis fuerzas; pues me ha entregado mi Dios a quien no puedo hacer frente."
                },
                "15": {
                    "verse_nr": "15",
                    "verse": "Desbarat\u00f3 a mis valientes mi Dios en medio de m\u00ed; llam\u00f3 contra m\u00ed un ej\u00e9rcito para acabar con mis j\u00f3venes. \u00a1Mi Dios pis\u00f3 en el lagar a la virgen de Jud\u00e1!"
                },
                "16": {
                    "verse_nr": "16",
                    "verse": "Por eso yo estoy llorando y mis ojos vierten l\u00e1grimas, porque no hay quien me consuele ni quien me devuelva el \u00e1nimo. Mis hijos est\u00e1n at\u00f3nitos por la victoria enemiga."
                },
                "17": {
                    "verse_nr": "17",
                    "verse": "Aunque Si\u00f3n tiende sus manos, no hay nadie que la consuele. Mand\u00f3 el Se\u00f1or que a Jacob lo cercasen enemigos; Jerusal\u00e9n ha quedado mancillada en medio de ellos."
                },
                "18": {
                    "verse_nr": "18",
                    "verse": "El Se\u00f1or ha sido justo, pues me opuse a su mandato. Esc\u00fachenme, pueblos todos, y contemplen mi dolor: mis j\u00f3venes y doncellas se marcharon al destierro."
                },
                "19": {
                    "verse_nr": "19",
                    "verse": "Ped\u00ed auxilio a mis amantes, pero ellos me traicionaron. Mis sacerdotes y ancianos murieron en la ciudad buscando alg\u00fan alimento con que reanimar sus vidas."
                },
                "20": {
                    "verse_nr": "20",
                    "verse": "Contempla, Se\u00f1or, mi angustia: mis entra\u00f1as se estremecen, dentro el coraz\u00f3n se agita porque he sido muy rebelde. Fuera me quedo sin hijos y en casa ronda la muerte."
                },
                "21": {
                    "verse_nr": "21",
                    "verse": "Aunque escuchan mis gemidos, \u00a1no hay nadie que me consuele! Mi enemigo oye mi mal y celebra lo que has hecho. \u00a1Haz que llegue el d\u00eda anunciado y corra mi misma suerte!"
                },
                "22": {
                    "verse_nr": "22",
                    "verse": "Ten presente su maldad y tr\u00e1talo a \u00e9l tambi\u00e9n como me has tratado a m\u00ed por todas mis rebeld\u00edas. \u00a1Que son muchos mis lamentos y mi coraz\u00f3n flaquea!"
                }
            }
        },
        "2": {
            "chapter_nr": "2",
            "chapter": {
                "1": {
                    "verse_nr": "1",
                    "verse": "Segunda Eleg\u00eda - \u00a1C\u00f3mo ha nublado mi Dios, con su c\u00f3lera a Si\u00f3n! Desde el cielo ech\u00f3 por tierra el esplendor de Israel, olvid\u00f3 lleno de ira al pedestal de sus pies."
                },
                "2": {
                    "verse_nr": "2",
                    "verse": "Dios destruy\u00f3 sin piedad las moradas de Jacob, arras\u00f3 las fortalezas de la hija de Jud\u00e1 y ech\u00f3 por tierra, humillados, a su reino y a sus pr\u00edncipes."
                },
                "3": {
                    "verse_nr": "3",
                    "verse": "Quebr\u00f3, encendido de c\u00f3lera, todo el poder de Israel, su mano escondi\u00f3 en la espalda ante el ataque enemigo y prendi\u00f3 fuego en Jacob devorando sus contornos."
                },
                "4": {
                    "verse_nr": "4",
                    "verse": "Enemigo, tens\u00f3 el arco y lo afianz\u00f3 en su derecha; cual adversario mat\u00f3 todo lo m\u00e1s apreciado, y en las tiendas de Si\u00f3n prendi\u00f3 el fuego de su c\u00f3lera."
                },
                "5": {
                    "verse_nr": "5",
                    "verse": "Es mi Dios un enemigo que ha aniquilado a Israel: desmantel\u00f3 sus palacios, derrib\u00f3 sus fortalezas y llen\u00f3 la capital de gemidos y lamentos."
                },
                "6": {
                    "verse_nr": "6",
                    "verse": "Forz\u00f3, cual huerto, su tienda y arras\u00f3 el lugar de encuentro; borr\u00f3 el Se\u00f1or en Si\u00f3n festividades y s\u00e1bados; y rechaz\u00f3 enfurecido a reyes y a sacerdotes."
                },
                "7": {
                    "verse_nr": "7",
                    "verse": "Rechaz\u00f3 mi Dios su altar y repudi\u00f3 su santuario, entregando al enemigo los muros de sus palacios; daban gritos en el Templo, como en un d\u00eda de fiesta."
                },
                "8": {
                    "verse_nr": "8",
                    "verse": "Decidi\u00f3 el Se\u00f1or destruir las murallas de Si\u00f3n; ech\u00f3 el cordel, sin quitar la mano que derribaba; muro y baluarte gem\u00edan al desmoronarse juntos."
                },
                "9": {
                    "verse_nr": "9",
                    "verse": "Tir\u00f3 por tierra sus puertas, quit\u00f3 y rompi\u00f3 sus cerrojos; su rey y sus pr\u00edncipes viven entre paganos; no hay ley, ni los profetas reciben sus visiones del Se\u00f1or."
                },
                "10": {
                    "verse_nr": "10",
                    "verse": "Silenciosos y por tierra, los ancianos de Si\u00f3n se echan polvo en sus cabezas y se visten de sayal; humillan su rostro en tierra las doncellas de Si\u00f3n."
                },
                "11": {
                    "verse_nr": "11",
                    "verse": "El llanto seca mis ojos, mis entra\u00f1as se estremecen y la hiel se me derrama por la ruina de mi pueblo; ni\u00f1os y beb\u00e9s sucumben por las calles del lugar."
                },
                "12": {
                    "verse_nr": "12",
                    "verse": "\u201c\u00bfD\u00f3nde est\u00e1n el pan y el vino?\u201d, interpelan a las madres, mientras yacen moribundos en medio de la ciudad y van quedando sin vida en los brazos de sus madres."
                },
                "13": {
                    "verse_nr": "13",
                    "verse": "\u00bfCon qui\u00e9n puedo compararte, ciudad de Jerusal\u00e9n? \u00bfCon qu\u00e9 ejemplo consolarte, virgen, hija de Si\u00f3n? Un mar inmenso es tu herida: \u00bfqui\u00e9n te la podr\u00e1 curar?"
                },
                "14": {
                    "verse_nr": "14",
                    "verse": "Tus profetas te anunciaban falsas e ilusas visiones: no descubrieron tu culpa para hacer cambiar tu suerte; s\u00f3lo te dieron or\u00e1culos falaces y seductores."
                },
                "15": {
                    "verse_nr": "15",
                    "verse": "Baten palmas contra ti todos los que van de paso; silban, menean la cabeza burl\u00e1ndose de Si\u00f3n. \u201c\u00bfEs esta la urbe m\u00e1s bella y m\u00e1s alegre del mundo?\u201d."
                },
                "16": {
                    "verse_nr": "16",
                    "verse": "Abren contra ti sus bocas todos tus enemigos; silban, rechinan los dientes y dicen: \u201c\u00a1Ya es pan comido! \u00a1Es el d\u00eda que esper\u00e1bamos! \u00a1Al fin lo hemos conseguido!\u201d"
                },
                "17": {
                    "verse_nr": "17",
                    "verse": "Ha hecho el Se\u00f1or lo fijado y ha cumplido la promesa que hace tiempo formul\u00f3: sin piedad ha destruido, alegrando a tu enemigo y aumentando su poder."
                },
                "18": {
                    "verse_nr": "18",
                    "verse": "\u00a1Grita con fuerza a mi Dios, oh muralla de Si\u00f3n! Deja correr noche y d\u00eda el torrente de tus l\u00e1grimas; no te des ninguna tregua, que no descansen tus ojos."
                },
                "19": {
                    "verse_nr": "19",
                    "verse": "\u00c1lzate y grita en la noche, al comienzo de las guardias; desahoga el coraz\u00f3n en presencia de mi Dios y levanta hacia \u00e9l tus manos por la vida de tus ni\u00f1os."
                },
                "20": {
                    "verse_nr": "20",
                    "verse": "Mira, Se\u00f1or, ten en cuenta que a nadie has tratado as\u00ed: \u00bfTen\u00edan que comer las madres a sus hijos, ni\u00f1os tiernos, o morir en el santuario sacerdotes y profetas?"
                },
                "21": {
                    "verse_nr": "21",
                    "verse": "En el polvo de las calles yacen muchachos y ancianos; mis doncellas y mis j\u00f3venes caen a filo de espada. En tu c\u00f3lera mataste, masacrando sin piedad."
                },
                "22": {
                    "verse_nr": "22",
                    "verse": "Como a fiesta has convocado los terrores que me cercan; nadie ha podido escapar del enojo del Se\u00f1or. A los que cuid\u00e9 y cri\u00e9 mi enemigo los mat\u00f3."
                }
            }
        },
        "3": {
            "chapter_nr": "3",
            "chapter": {
                "1": {
                    "verse_nr": "1",
                    "verse": "Tercera eleg\u00eda - Yo he sufrido la aflicci\u00f3n en la vara de su c\u00f3lera."
                },
                "2": {
                    "verse_nr": "2",
                    "verse": "Me ha guiado y hecho andar por tinieblas y sin luz."
                },
                "3": {
                    "verse_nr": "3",
                    "verse": "Vuelve sin cesar su mano todo el d\u00eda contra m\u00ed."
                },
                "4": {
                    "verse_nr": "4",
                    "verse": "Me ha comido carne y piel y me ha quebrado los huesos."
                },
                "5": {
                    "verse_nr": "5",
                    "verse": "Me ha levantado un asedio de veneno y sufrimiento."
                },
                "6": {
                    "verse_nr": "6",
                    "verse": "Me ha hecho vivir en tinieblas como a los muertos antiguos."
                },
                "7": {
                    "verse_nr": "7",
                    "verse": "Me ha tapiado sin salida, carg\u00e1ndome de cadenas."
                },
                "8": {
                    "verse_nr": "8",
                    "verse": "Aunque grit\u00e9 y ped\u00ed auxilio, no hizo caso de mi s\u00faplica."
                },
                "9": {
                    "verse_nr": "9",
                    "verse": "Me ha amurallado el camino y me ha cambiado las sendas."
                },
                "10": {
                    "verse_nr": "10",
                    "verse": "Me ha acechado como un oso, como un le\u00f3n escondido."
                },
                "11": {
                    "verse_nr": "11",
                    "verse": "Me ha extraviado y hecho trizas, me ha dejado destrozado."
                },
                "12": {
                    "verse_nr": "12",
                    "verse": "Me ha apuntado con su arco, me ha hecho blanco de sus flechas."
                },
                "13": {
                    "verse_nr": "13",
                    "verse": "Me ha clavado en las entra\u00f1as las flechas de su aljaba."
                },
                "14": {
                    "verse_nr": "14",
                    "verse": "Soy la burla de mi pueblo y su copla todo el d\u00eda."
                },
                "15": {
                    "verse_nr": "15",
                    "verse": "Me ha saciado de amargura, me ha dado a beber ajenjo."
                },
                "16": {
                    "verse_nr": "16",
                    "verse": "Me ha machacado los dientes, me ha revolcado en el polvo."
                },
                "17": {
                    "verse_nr": "17",
                    "verse": "Me han secuestrado la paz y hasta he olvidado la dicha."
                },
                "18": {
                    "verse_nr": "18",
                    "verse": "Pienso que estoy sin fuerza, que se ha agotado del todo mi esperanza en el Se\u00f1or."
                },
                "19": {
                    "verse_nr": "19",
                    "verse": "Recuerda mi pena amarga que es ajenjo envenenado."
                },
                "20": {
                    "verse_nr": "20",
                    "verse": "Me acuerdo constantemente y se me derrumba el \u00e1nimo."
                },
                "21": {
                    "verse_nr": "21",
                    "verse": "Pero algo viene a mi mente que me llena de esperanza:"
                },
                "22": {
                    "verse_nr": "22",
                    "verse": "que tu amor, Se\u00f1or, no cesa, ni tu compasi\u00f3n se agota;"
                },
                "23": {
                    "verse_nr": "23",
                    "verse": "\u00a1se renuevan cada d\u00eda por tu gran fidelidad!"
                },
                "24": {
                    "verse_nr": "24",
                    "verse": "T\u00fa eres mi herencia, Se\u00f1or, por eso conf\u00edo en ti."
                },
                "25": {
                    "verse_nr": "25",
                    "verse": "Es bueno el Se\u00f1or con quien conf\u00eda en \u00e9l y lo busca."
                },
                "26": {
                    "verse_nr": "26",
                    "verse": "Es bueno esperar callado la salvaci\u00f3n del Se\u00f1or."
                },
                "27": {
                    "verse_nr": "27",
                    "verse": "Es bueno que el ser humano cargue el yugo desde ni\u00f1o,"
                },
                "28": {
                    "verse_nr": "28",
                    "verse": "que aguante solo y callado pues el Se\u00f1or se lo ha impuesto;"
                },
                "29": {
                    "verse_nr": "29",
                    "verse": "que su boca bese el polvo por si a\u00fan queda esperanza;"
                },
                "30": {
                    "verse_nr": "30",
                    "verse": "y que ofrezca su mejilla al que lo hiere y lo afrenta."
                },
                "31": {
                    "verse_nr": "31",
                    "verse": "Porque no ha de rechazarnos eternamente mi Dios:"
                },
                "32": {
                    "verse_nr": "32",
                    "verse": "pues, aunque aflige, se apiada porque es inmenso su amor;"
                },
                "33": {
                    "verse_nr": "33",
                    "verse": "que no disfruta afligiendo o humillando al ser humano."
                },
                "34": {
                    "verse_nr": "34",
                    "verse": "Si alguien pisotea a todos los cautivos de un pa\u00eds,"
                },
                "35": {
                    "verse_nr": "35",
                    "verse": "si se agravia a un ser humano en presencia del Alt\u00edsimo,"
                },
                "36": {
                    "verse_nr": "36",
                    "verse": "o si se altera un proceso, \u00bfes que mi Dios no lo ve?"
                },
                "37": {
                    "verse_nr": "37",
                    "verse": "\u00bfQui\u00e9n dice algo y sucede si mi Dios no lo ha ordenado?"
                },
                "38": {
                    "verse_nr": "38",
                    "verse": "\u00bfNo salen males y bienes de la boca del Alt\u00edsimo?"
                },
                "39": {
                    "verse_nr": "39",
                    "verse": "\u00bfPor qu\u00e9 alguno se lamenta, si vive aunque haya pecado?"
                },
                "40": {
                    "verse_nr": "40",
                    "verse": "Revisemos nuestras sendas y volvamos al Se\u00f1or."
                },
                "41": {
                    "verse_nr": "41",
                    "verse": "Alcemos al Dios del cielo nuestras plegarias sinceras."
                },
                "42": {
                    "verse_nr": "42",
                    "verse": "Fuimos rebeldes e infieles, \u00a1por eso no perdonaste!"
                },
                "43": {
                    "verse_nr": "43",
                    "verse": "Airado nos perseguiste, nos mataste sin piedad."
                },
                "44": {
                    "verse_nr": "44",
                    "verse": "Te ocultaste en una nube para no escuchar las s\u00faplicas."
                },
                "45": {
                    "verse_nr": "45",
                    "verse": "Nos convertiste en basura y desecho entre los pueblos."
                },
                "46": {
                    "verse_nr": "46",
                    "verse": "Nos provocan con insultos todos nuestros enemigos."
                },
                "47": {
                    "verse_nr": "47",
                    "verse": "Miedo y p\u00e1nico es lo nuestro, desolaci\u00f3n y fracaso."
                },
                "48": {
                    "verse_nr": "48",
                    "verse": "Mis ojos son r\u00edos de l\u00e1grimas por la capital en ruinas."
                },
                "49": {
                    "verse_nr": "49",
                    "verse": "Mis ojos lloran sin tregua y no sentir\u00e1n alivio"
                },
                "50": {
                    "verse_nr": "50",
                    "verse": "hasta que el Se\u00f1or se asome y mire desde los cielos."
                },
                "51": {
                    "verse_nr": "51",
                    "verse": "Siento dolor en mis ojos por mi ciudad y sus hijas."
                },
                "52": {
                    "verse_nr": "52",
                    "verse": "Los que me odian sin motivo me cazaron como a un p\u00e1jaro."
                },
                "53": {
                    "verse_nr": "53",
                    "verse": "Me arrojaron vivo a un pozo, ech\u00e1ndome encima piedras."
                },
                "54": {
                    "verse_nr": "54",
                    "verse": "Me sumergieron las aguas y me dije: \u201c\u00a1Estoy perdido!\u201d."
                },
                "55": {
                    "verse_nr": "55",
                    "verse": "Invoqu\u00e9, Se\u00f1or, tu nombre desde lo hondo del pozo."
                },
                "56": {
                    "verse_nr": "56",
                    "verse": "\u00a1Escucha mi voz, no cierres tu o\u00eddo al grito de auxilio!"
                },
                "57": {
                    "verse_nr": "57",
                    "verse": "Cuando llam\u00e9 te acercaste y me dijiste: \u201c\u00a1No temas!\u201d."
                },
                "58": {
                    "verse_nr": "58",
                    "verse": "Me has defendido, Dios m\u00edo, y me has salvado la vida."
                },
                "59": {
                    "verse_nr": "59",
                    "verse": "Ya ves que sufro injusticia: \u00a1hazme justicia, Se\u00f1or!"
                },
                "60": {
                    "verse_nr": "60",
                    "verse": "Ya ves todas sus intrigas de venganza contra m\u00ed."
                },
                "61": {
                    "verse_nr": "61",
                    "verse": "T\u00fa oyes, Se\u00f1or, sus insultos y sus planes contra m\u00ed;"
                },
                "62": {
                    "verse_nr": "62",
                    "verse": "mi adversario cuchichea todo el d\u00eda contra m\u00ed."
                },
                "63": {
                    "verse_nr": "63",
                    "verse": "M\u00edralos: de pie o sentados, me hacen tema de sus coplas."
                },
                "64": {
                    "verse_nr": "64",
                    "verse": "P\u00e1gales, Se\u00f1or, a todos como merecen sus obras."
                },
                "65": {
                    "verse_nr": "65",
                    "verse": "Endur\u00e9celes la mente, \u00e9chales tu maldici\u00f3n."
                },
                "66": {
                    "verse_nr": "66",
                    "verse": "Pers\u00edguelos con tu c\u00f3lera y b\u00f3rralos bajo el cielo."
                }
            }
        },
        "4": {
            "chapter_nr": "4",
            "chapter": {
                "1": {
                    "verse_nr": "1",
                    "verse": "Cuarta eleg\u00eda - \u00a1Qu\u00e9 deslucido est\u00e1 el oro, qu\u00e9 p\u00e1lido el oro fino! \u00a1Las piedras santas est\u00e1n tiradas por las esquinas!"
                },
                "2": {
                    "verse_nr": "2",
                    "verse": "De Si\u00f3n los nobles hijos, m\u00e1s apreciados que el oro, parecen cuencos de barro, hechura de un alfarero."
                },
                "3": {
                    "verse_nr": "3",
                    "verse": "Hasta los chacales dan de mamar a sus cachorros; la hija de mi pueblo es cruel como avestruz del desierto."
                },
                "4": {
                    "verse_nr": "4",
                    "verse": "De sed se pega la lengua al paladar del beb\u00e9. Los peque\u00f1os piden pan sin que nadie se lo d\u00e9."
                },
                "5": {
                    "verse_nr": "5",
                    "verse": "Los que antes banqueteaban desfallecen por las calles; los criados entre p\u00farpura revuelven los basureros."
                },
                "6": {
                    "verse_nr": "6",
                    "verse": "La culpa de mi ciudad supera a la de Sodoma, arrasada en un momento sin intervenci\u00f3n humana."
                },
                "7": {
                    "verse_nr": "7",
                    "verse": "Como leche y nieve pura resplandec\u00edan sus pr\u00edncipes; coral rojo eran sus cuerpos y un zafiro, su figura."
                },
                "8": {
                    "verse_nr": "8",
                    "verse": "Y hoy, m\u00e1s negros que el carb\u00f3n, nadie afuera los conoce; su piel al hueso pegada y enjutos como sarmientos."
                },
                "9": {
                    "verse_nr": "9",
                    "verse": "Mejor le fue al ca\u00eddo en guerra que a las v\u00edctimas del hambre: extenuadas se consumen por carencia de alimentos."
                },
                "10": {
                    "verse_nr": "10",
                    "verse": "Manos tiernas de mujeres cuecen a sus propios hijos y los sirven de comida mientras cae la capital."
                },
                "11": {
                    "verse_nr": "11",
                    "verse": "Colm\u00f3 el Se\u00f1or su furor, derram\u00f3 su ardiente c\u00f3lera y prendi\u00f3 un fuego en Si\u00f3n que calcin\u00f3 sus cimientos."
                },
                "12": {
                    "verse_nr": "12",
                    "verse": "Ni los reyes de la tierra ni los que habitan el orbe pensaron ver enemigos entrando en Jerusal\u00e9n."
                },
                "13": {
                    "verse_nr": "13",
                    "verse": "Por pecados de profetas y culpas de sacerdotes se derram\u00f3 en su interior sangre de gente inocente."
                },
                "14": {
                    "verse_nr": "14",
                    "verse": "Tropezando como ciegos caminan ensangrentados, sin que nadie por las calles pueda tocar sus vestidos."
                },
                "15": {
                    "verse_nr": "15",
                    "verse": "\u00a1Ap\u00e1rtense! \u2014les gritaban\u2014 \u00a1Un impuro! \u00a1No toquen! Y cuando hu\u00edan vagabundos, los paganos les dec\u00edan: \u201cNo pueden vivir aqu\u00ed\u201d."
                },
                "16": {
                    "verse_nr": "16",
                    "verse": "El Se\u00f1or los dispers\u00f3 y no volver\u00e1 a mirarlos. Negaron honra y piedad a sacerdotes y ancianos."
                },
                "17": {
                    "verse_nr": "17",
                    "verse": "Se gastaban nuestros ojos aguardando ayuda en vano; vigilantes esper\u00e1bamos a un aliado que no salva."
                },
                "18": {
                    "verse_nr": "18",
                    "verse": "Vigilaban nuestros pasos sin dejarnos caminar. Nuestro fin estaba cerca, nuestros d\u00edas ya cumplidos, hab\u00eda llegado el final."
                },
                "19": {
                    "verse_nr": "19",
                    "verse": "Los perseguidores eran m\u00e1s veloces que las \u00e1guilas: nos acosaron con trampas por los montes y el desierto."
                },
                "20": {
                    "verse_nr": "20",
                    "verse": "Con sus trampas dieron caza al rey, que era nuestro aliento, pues a su sombra esper\u00e1bamos vivir entre las naciones."
                },
                "21": {
                    "verse_nr": "21",
                    "verse": "Goza y al\u00e9grate, Edom, la que habitas tierras de Us; ya te pasar\u00e1n la copa y andar\u00e1s ebria y desnuda."
                },
                "22": {
                    "verse_nr": "22",
                    "verse": "Expiaste tu culpa, Si\u00f3n; no volver\u00e1 a desterrarte. Ser\u00e1s castigada, Edom, descubiertos tus pecados."
                }
            }
        },
        "5": {
            "chapter_nr": "5",
            "chapter": {
                "1": {
                    "verse_nr": "1",
                    "verse": "Quinta eleg\u00eda - Recuerda, Se\u00f1or, lo que hemos pasado; contempla y mira nuestra desgracia."
                },
                "2": {
                    "verse_nr": "2",
                    "verse": "Nuestra herencia es de extranjeros, nuestras casas son de extra\u00f1os."
                },
                "3": {
                    "verse_nr": "3",
                    "verse": "Somos hu\u00e9rfanos de padre y son viudas nuestras madres."
                },
                "4": {
                    "verse_nr": "4",
                    "verse": "Pagamos hasta el agua que bebemos, compramos nuestra le\u00f1a con dinero."
                },
                "5": {
                    "verse_nr": "5",
                    "verse": "Con el yugo al cuello, a\u00fan nos acosan; agotados, no nos dan respiro."
                },
                "6": {
                    "verse_nr": "6",
                    "verse": "Suplicamos a Egipto ayuda, a Asiria pedimos alimentos."
                },
                "7": {
                    "verse_nr": "7",
                    "verse": "Nuestros padres pecaron y no viven, nosotros sufrimos su castigo."
                },
                "8": {
                    "verse_nr": "8",
                    "verse": "Somos dominados por esclavos y no hay quien nos libre de su mano."
                },
                "9": {
                    "verse_nr": "9",
                    "verse": "Nos jugamos la vida por el pan, afrontamos los peligros del desierto."
                },
                "10": {
                    "verse_nr": "10",
                    "verse": "Nuestra piel abrasa como un horno por los ardores que causa el hambre."
                },
                "11": {
                    "verse_nr": "11",
                    "verse": "Violaron a mujeres en Si\u00f3n, a doncellas en ciudades de Jud\u00e1."
                },
                "12": {
                    "verse_nr": "12",
                    "verse": "Colgaron de sus manos a los nobles, los ancianos no fueron respetados."
                },
                "13": {
                    "verse_nr": "13",
                    "verse": "Muchachos empujaban el molino, ni\u00f1os tropezaban bajo el peso de la le\u00f1a."
                },
                "14": {
                    "verse_nr": "14",
                    "verse": "Los ancianos no acud\u00edan a la plaza ni los j\u00f3venes cantaban sus canciones."
                },
                "15": {
                    "verse_nr": "15",
                    "verse": "Qued\u00f3 sin alegr\u00eda el coraz\u00f3n, nuestros bailes acabaron en duelo."
                },
                "16": {
                    "verse_nr": "16",
                    "verse": "Se nos ha ca\u00eddo la corona. \u00a1Ay de nosotros, que hemos pecado!"
                },
                "17": {
                    "verse_nr": "17",
                    "verse": "Por eso nos duele el coraz\u00f3n, por eso se nos nublan los ojos:"
                },
                "18": {
                    "verse_nr": "18",
                    "verse": "porque el monte Si\u00f3n est\u00e1 asolado y por \u00e9l merodean las raposas."
                },
                "19": {
                    "verse_nr": "19",
                    "verse": "Pero t\u00fa, Se\u00f1or, reinas por siempre, tu trono permanece eternamente."
                },
                "20": {
                    "verse_nr": "20",
                    "verse": "\u00bfPor qu\u00e9 has de olvidarnos para siempre y nos vas a abandonar por tanto tiempo?"
                },
                "21": {
                    "verse_nr": "21",
                    "verse": "Haznos volver a ti, Se\u00f1or, y volveremos; haz que nuestros d\u00edas sean como anta\u00f1o."
                },
                "22": {
                    "verse_nr": "22",
                    "verse": "\u00bfO nos has rechazado por completo, enojado del todo con nosotros?"
                }
            }
        }
    }
}