{
    "version": "BLPH",
    "book_name": "Philemon",
    "book_nr": "57",
    "book": {
        "1": {
            "chapter_nr": "1",
            "chapter": {
                "1": {
                    "verse_nr": "1",
                    "verse": "Saludo - Pablo, encarcelado por causa de Cristo, y el hermano Timoteo, a nuestro querido amigo y colaborador Filem\u00f3n"
                },
                "2": {
                    "verse_nr": "2",
                    "verse": "y a toda la iglesia que se re\u00fane en su casa, en especial a la hermana Apia y a Arquipo, compa\u00f1ero nuestro de lucha."
                },
                "3": {
                    "verse_nr": "3",
                    "verse": "Que Dios, nuestro Padre, y Jesucristo, el Se\u00f1or, les concedan gracia y paz."
                },
                "4": {
                    "verse_nr": "4",
                    "verse": "El amor y la fe de Filem\u00f3n - En mis oraciones me acuerdo siempre de ti y doy gracias a Dios"
                },
                "5": {
                    "verse_nr": "5",
                    "verse": "al o\u00edr hablar del amor y la fe que profesas a Jes\u00fas, el Se\u00f1or, y a todos los creyentes."
                },
                "6": {
                    "verse_nr": "6",
                    "verse": "\u00a1Ojal\u00e1 que esa fe tuya, compartida con nosotros, se vuelva eficaz y llegues as\u00ed a descubrir todo el bien que podemos hacer por Cristo!"
                },
                "7": {
                    "verse_nr": "7",
                    "verse": "Tu amor, hermano, me ha proporcionado mucha alegr\u00eda y consuelo, pues ha venido a ser b\u00e1lsamo para el coraz\u00f3n de los creyentes."
                },
                "8": {
                    "verse_nr": "8",
                    "verse": "Pablo aboga por On\u00e9simo - Por eso, aunque Cristo me concede pleno derecho para darte \u00f3rdenes sobre lo que debes hacer,"
                },
                "9": {
                    "verse_nr": "9",
                    "verse": "prefiero dirigirte un ruego inspirado en el amor. Yo, el anciano Pablo, encarcelado ahora por causa de Cristo Jes\u00fas,"
                },
                "10": {
                    "verse_nr": "10",
                    "verse": "te hago un ruego en favor de On\u00e9simo, el hijo a quien he engendrado entre cadenas."
                },
                "11": {
                    "verse_nr": "11",
                    "verse": "En otro tiempo te fue in\u00fatil; ahora, en cambio, se ha vuelto \u00fatil tanto para ti como para m\u00ed."
                },
                "12": {
                    "verse_nr": "12",
                    "verse": "Te lo mando de nuevo como si te enviase mi propio coraz\u00f3n."
                },
                "13": {
                    "verse_nr": "13",
                    "verse": "Me hubiera hecho ilusi\u00f3n retenerlo aqu\u00ed, a fin de que pudiera ayudarme, haciendo tus veces, ahora que estoy encadenado por anunciar el mensaje evang\u00e9lico."
                },
                "14": {
                    "verse_nr": "14",
                    "verse": "Pero no he querido hacer nada sin contar contigo para que el bien que puedas hacer lo hagas de buen grado y no a la fuerza."
                },
                "15": {
                    "verse_nr": "15",
                    "verse": "\u00a1Qui\u00e9n sabe si On\u00e9simo te abandon\u00f3 por breve tiempo precisamente para que puedas ahora recobrarlo de manera permanente!"
                },
                "16": {
                    "verse_nr": "16",
                    "verse": "Y no ya como esclavo, sino como algo m\u00e1s, como hermano muy querido. As\u00ed lo es, al menos, para m\u00ed; cu\u00e1nto m\u00e1s debe serlo para ti, no s\u00f3lo como persona, sino como creyente."
                },
                "17": {
                    "verse_nr": "17",
                    "verse": "Si, pues, de verdad eres mi amigo, rec\u00edbelo como si fuera yo mismo."
                },
                "18": {
                    "verse_nr": "18",
                    "verse": "Y si te caus\u00f3 alg\u00fan da\u00f1o o te debe algo, c\u00e1rgalo a mi cuenta."
                },
                "19": {
                    "verse_nr": "19",
                    "verse": "Soy yo, Pablo, el que lo firmo de mi pu\u00f1o y letra; yo te lo pagar\u00e9. Eso por no recordarte que tambi\u00e9n t\u00fa est\u00e1s en deuda conmigo."
                },
                "20": {
                    "verse_nr": "20",
                    "verse": "Por tanto, hermano, a ver si como creyente me haces este favor, confortando con ello mi coraz\u00f3n en Cristo."
                },
                "21": {
                    "verse_nr": "21",
                    "verse": "Te escribo con la confianza de que atender\u00e1s mi ruego. Estoy, incluso, seguro de que har\u00e1s m\u00e1s de lo que te pido."
                },
                "22": {
                    "verse_nr": "22",
                    "verse": "Y, de paso, prep\u00e1rame hospedaje, pues espero que gracias a las oraciones de ustedes se me conceda poder visitarlos."
                },
                "23": {
                    "verse_nr": "23",
                    "verse": "Saludos finales - Te saluda Epafras, mi compa\u00f1ero de prisi\u00f3n por causa de Cristo Jes\u00fas."
                },
                "24": {
                    "verse_nr": "24",
                    "verse": "Te saludan tambi\u00e9n Marcos, Aristarco, Dimas y Lucas, mis colaboradores."
                },
                "25": {
                    "verse_nr": "25",
                    "verse": "Que la gracia de Jesucristo, el Se\u00f1or, permanezca con ustedes."
                }
            }
        }
    }
}