{
    "version": "maori",
    "book_name": "2 Peter",
    "book_nr": "61",
    "book": {
        "1": {
            "chapter_nr": 1,
            "chapter": {
                "1": {
                    "verse_nr": 1,
                    "verse": "\u00b6 Na Haimona Pita, he pononga, a he apotoro na Ihu Karaiti, ki te hunga kua whiwhi tahi nei tatou ki te whakapono utu nui, i runga o te tika o to tatou Atua, o Ihu Karaiti, o te Kaiwhakaora.\n"
                },
                "2": {
                    "verse_nr": 2,
                    "verse": "Kia whakanuia te aroha noa me te rangimarie ki a koutou, i runga i te matauranga ki te Atua, ki a Ihu hoki, ki to tatou Ariki.\n"
                },
                "3": {
                    "verse_nr": 3,
                    "verse": "Kua homai na hoki e tona kaha Atua ki a tatou nga mea katoa mo te ora, mo te karakia pai, i te mea ka matau nei ki te Kaikaranga i a tatou i runga i te kororia, i te pai:\n"
                },
                "4": {
                    "verse_nr": 4,
                    "verse": "Na enei hoki i riro mai ai i a tatou nga kupu whakaari, he mea nui whakaharahara, he mea utu nui; ma enei hoki koutou ka whiwhi ai ki te ahua Atua, i a koutou ka mawhiti nei i te pirau i te ao, ara i to te hiahia.\n"
                },
                "5": {
                    "verse_nr": 5,
                    "verse": "\u00b6 Ma reira nei hoki, me whakapau rawa to koutou uaua, honoa iho ano te pai ki runga ki to koutou whakapono; ki runga hoki ki te pai ko te matauranga;\n"
                },
                "6": {
                    "verse_nr": 6,
                    "verse": "Ki runga ki te matauranga ko te pehi o te hiahia; ki runga ki te pehi o te hiahia ko te manawanui; ki runga ki te manawanui ko te karakia pai;\n"
                },
                "7": {
                    "verse_nr": 7,
                    "verse": "Ki runga ki te karakia pai ko te atawhai ki nga teina; ki runga ki te atawhai ki nga teina ko te aroha.\n"
                },
                "8": {
                    "verse_nr": 8,
                    "verse": "Ki te mea hoki kei a koutou enei mea, ki te nui haere hoki, ka meinga koutou kia kaua e mangere, kia kaua e huakore i runga i te matauranga ki to tatou Ariki, ki a Ihu Karaiti.\n"
                },
                "9": {
                    "verse_nr": 9,
                    "verse": "Ko te tangata hoki kahore nei i a ia enei mea, he matapo, he atarua, kua wareware ki te horoinga o ona hara o mua.\n"
                },
                "10": {
                    "verse_nr": 10,
                    "verse": "Mo konei, e oku teina, kia puta to koutou uaua ki te whakapumau i to koutou karangatanga, i to koutou whiriwhiringa: ki te penei hoki ta koutou mahi e kore rawa koutou e tapepa:\n"
                },
                "11": {
                    "verse_nr": 11,
                    "verse": "Penei hoki ka whiwhi nui koutou ki te huarahi tomo atu ki te rangatiratanga mutungakore o to tatou Ariki, ara o te Kaiwhakaora, o Ihu Karaiti.\n"
                },
                "12": {
                    "verse_nr": 12,
                    "verse": "\u00b6 Mo reira ano e kore ahau e mangere ki te whakamahara tonu i a koutou ki enei mea, e matau ana raia koutou, kua oti ano te whakau ki runga ki te mea pono, kei a koutou na.\n"
                },
                "13": {
                    "verse_nr": 13,
                    "verse": "Ki toku whakaaro hoki, i ahau e noho ana i tenei tapenakara, he mea tika ano kia whakaoho ahau i a koutou, kia whakamahara;\n"
                },
                "14": {
                    "verse_nr": 14,
                    "verse": "E mohio ana hoki ahau e kore e wheau ka mahue tenei tapenakara oku, ka pera ano me ta to tatou Ariki, me ta Ihu Karaiti, i whakakite mai ai ki ahau.\n"
                },
                "15": {
                    "verse_nr": 15,
                    "verse": "Ka puta ano hoki toku uaua kia mau tonu to koutou mahara ki enei mea i muri i toku matenga.\n"
                },
                "16": {
                    "verse_nr": 16,
                    "verse": "\u00b6 Ehara hoki i te mea he whai ta matou i nga kupu i totoa e te whakaaro tinihanga, i te whakapuakanga o te kaha, o te haerenga mai o to tatou Ariki, o Ihu Karaiti ki a koutou; engari he kaititiro ano matou ki tona nui.\n"
                },
                "17": {
                    "verse_nr": 17,
                    "verse": "I riro hoki ia ia he honore, he kororia na te Atua Matua, i te putanga mai o taua reo ki a ia i roto i te kororia nui rawa, Ko taku Tama tenei i aroha ai, ko taku i ahuareka ai.\n"
                },
                "18": {
                    "verse_nr": 18,
                    "verse": "I rongo ano matou ki tenei reo e puta mai ana i te rangi, i a matou i tona taha i runga i te maunga tapu.\n"
                },
                "19": {
                    "verse_nr": 19,
                    "verse": "\u00b6 Katahi ka u rawa te kupu poropiti ki a tatou inaianei; pai tonu ki te anga to koutou whakaaro ki reira, he rama hoki e tiaho ana i te wahi pouri, kia puao ra ano te ra, kia ara ra ano te whetu o te ata i roto i o koutou ngakau:\n"
                },
                "20": {
                    "verse_nr": 20,
                    "verse": "Kia mohio hoki i te tuatahi, kahore he poropititanga o te karaipiture nona ake ona tikanga.\n"
                },
                "21": {
                    "verse_nr": 21,
                    "verse": "Ehara hoki i te mea na te whakaaro o te tangata i puta mai ai te poropititanga i mua, engari he mea whakamahara na te Wairua Tapu i korero ai nga tangata tapu a te Atua.\n"
                }
            }
        },
        "2": {
            "chapter_nr": 2,
            "chapter": {
                "1": {
                    "verse_nr": 1,
                    "verse": "\u00b6 Otira i ara ake ano he poropiti teka i mua i roto i te iwi, he pera me nga kaiwhakaako teka e puta ake a mua i roto i a koutou; ma enei e mau puku mai nga titorehanga whakangaro, he whakakahore na ratou i te Ariki rawa, nana nei ratou i hoko, ka hohoro tonu ta ratou taki mai i te whakangaromanga ki a ratou ano.\n"
                },
                "2": {
                    "verse_nr": 2,
                    "verse": "A he tokomaha e aru i a ratou tikanga whakarihariha; ma reira e korerotia kinotia ai te ara o te pono.\n"
                },
                "3": {
                    "verse_nr": 3,
                    "verse": "\u00b6 He apo moni hoki e tito kupu ai ratou kia whai taonga ai ratou i a koutou: nonamata te tukunga mo ratou ki te he, e kore ano e whakaroa; kahore hoki he moe o to ratou whakangaromanga.\n"
                },
                "4": {
                    "verse_nr": 4,
                    "verse": "Mehemea kihai i tohungia e te Atua nga anahera i hara, engari i peia ratou e ia ki te po, he mea herehere i te waro pouri, he mea tiaki mo te whakawa;\n"
                },
                "5": {
                    "verse_nr": 5,
                    "verse": "A kihai i tohungia te ao tawhito, he mea tiaki ia nana a Noa, te kaikauwhau i te tika, ratou ko etahi atu tokowhitu, i tana kawenga mai i te waipuke ki te ao o te hunga karakiakore;\n"
                },
                "6": {
                    "verse_nr": 6,
                    "verse": "A meinga ana nga pa, a Horoma, a Komora, kia pungarehu rawa, ko tana whakataunga he he hurihanga, waiho iho hei tohu ki te hunga e noho karakiakore i nga wa i muri;\n"
                },
                "7": {
                    "verse_nr": 7,
                    "verse": "\u00b6 Ko Rota ia, ko te tangata tika, whakaorangia ake e ia, i a ia e whakapouritia ana e nga ritenga whakarihariha a te hunga kino;\n"
                },
                "8": {
                    "verse_nr": 8,
                    "verse": "I taua tangata tika e noho ana i roto i a ratou, mamae a na tona ngakau tika i a ratou mahi kino, i tana i kite ai, i tana i rongo ai i tenei ra, i tenei ra:\n"
                },
                "9": {
                    "verse_nr": 9,
                    "verse": "Matau tonu te Ariki ki te whakaora i te hunga karakia i roto i te whakamatautauranga, kia waiho ko te hunga he mo a te ra whakawa whiu ai;\n"
                },
                "10": {
                    "verse_nr": 10,
                    "verse": "\u00b6 Tera rawa ia tana mo te hunga e whai ana i ta te kikokiko, e haere ana i runga i te hiahia poke, e whakahawea ana ki te rangatiratanga; he hunga hikaka, e whai ana i ta ratou ake; kahore hoki e wehi ki te korero kino ki nga tangata nunui.\n"
                },
                "11": {
                    "verse_nr": 11,
                    "verse": "Tena ko nga anahera, ahakoa nui ake to ratou kaha, to ratou mana kahore e puaki i a ratou he kupu whakatoi mo era i te aroaro o te Atua ina whakawa.\n"
                },
                "12": {
                    "verse_nr": 12,
                    "verse": "Ko era hoki, rite tonu ratou ki te kararehe kahore nei he whakaaro, he mea maori anake, i hanga nei hei hopukanga, hei whakangaromanga, korero kino ana ratou ki nga mea kahore nei e mohiotia e ratou; a ka ngaro i runga i ta ratou tikanga whakama te;\n"
                },
                "13": {
                    "verse_nr": 13,
                    "verse": "Ka whiwhi ki te utu o te he; he tangata e ahuareka ana ki te kakai awatea, he ira ratou, he makenu, e ruku ana ki a ratou hakari ngahau i a ratou e hakari tahi ana me koutou;\n"
                },
                "14": {
                    "verse_nr": 14,
                    "verse": "Ko o ratou kanohi ki tonu i te puremu, kahore hoki e mutu to ratou hara; e poaina ana e ratou nga hinengaro kahore i u: he ngakau to ratou kua oti te whakamahi ki te apo; he tamariki kua oti te kanga:\n"
                },
                "15": {
                    "verse_nr": 15,
                    "verse": "Mahue ake i a ratou te ara tika, kotiti ke ana ratou, whai tonu ana i te ara o Paraama tama a Peoro, i whakapai nei ki te utu o te he;\n"
                },
                "16": {
                    "verse_nr": 16,
                    "verse": "Otira i riria ano ia mo tona he: i korero te kararehe reokore, no te tangata te reo, pehia ana e ia te wairangi o te poropiti.\n"
                },
                "17": {
                    "verse_nr": 17,
                    "verse": "He puna waikore enei tangata, he kapua e akina ana e te tupuhi; pouri kerekere te wahi kua rite mo ratou mo ake tonu atu.\n"
                },
                "18": {
                    "verse_nr": 18,
                    "verse": "E korero ana i nga korero tetere rawa, he mea teka noa, ka poaina e ratou ki nga hiahia o te kikokiko, ki nga hiahia taikaha, te hunga e mawhiti mai ana i era e noho ra i roto i te he.\n"
                },
                "19": {
                    "verse_nr": 19,
                    "verse": "He herekore ta ratou e whakaari nei ki a ratou, heoi he pononga ratou na te pirau: ki te taea hoki te tangata e te hoariri, hei pononga ia mana.\n"
                },
                "20": {
                    "verse_nr": 20,
                    "verse": "Ka mawhiti mai nei ratou i nga poke o te ao, i a ratou ka matau nei ki te Ariki, ara ki te Kaiwhakaora, ki a Ihu Karaiti, na ki te rorea ratou, i te hinga rawa i aua mea, kino noa atu to ratou whakamutunga i te timatanga.\n"
                },
                "21": {
                    "verse_nr": 21,
                    "verse": "he pai ke mo ratou me i kore e matau ki te ara o te tika, i te matau a hei muri ka tahuri ke atu i te ture tapu kua tukua nei ki a ratou.\n"
                },
                "22": {
                    "verse_nr": 22,
                    "verse": "Heoi te tukunga iho ki a ratou rite tonu ki ta te whakatauki pono, Kua hoki te kuri ki tona ruaki; me te poaka i horoi ra, kua okeoke ano i te paru.\n"
                }
            }
        },
        "3": {
            "chapter_nr": 3,
            "chapter": {
                "1": {
                    "verse_nr": 1,
                    "verse": "\u00b6 Ko te rua tenei o aku pukapuka, e oku hoa aroha, ka tuhituhia atu nei ki a koutou; hei whakaoho tauarua i o koutou hinengaro tinihangakore kia mahara:\n"
                },
                "2": {
                    "verse_nr": 2,
                    "verse": "Kia mahara ai koutou ki nga kupu i korerotia i mua e nga poropiti tapu, ki ta matou hoki, ki ta nga apotoro a te Ariki, a te Kaiwhakaora:\n"
                },
                "3": {
                    "verse_nr": 3,
                    "verse": "\u00b6 Ko tenei ta koutou e matau ai i te tuatahi, tera e puta mai etahi kaiwhakamanumanu i nga ra whakamutunga, e haere ana i runga i nga ritenga o o ratou hiahia ake,\n"
                },
                "4": {
                    "verse_nr": 4,
                    "verse": "E mea ana, Kei hea te korero o tona haerenga mai? mau tonu hoki nga mea katoa no te moenga ra ano o nga matua, pera tonu me to te orokohanganga.\n"
                },
                "5": {
                    "verse_nr": 5,
                    "verse": "Na ratou tonu i whakakuware ki tenei, na te kupu a te Atua nga rangi i mua, me te whenua ano totoka tonu i roto i te wai, na te wai ano hoki.\n"
                },
                "6": {
                    "verse_nr": 6,
                    "verse": "He hurihanga na enei i ngaro ai i te wai te ao o tera wa.\n"
                },
                "7": {
                    "verse_nr": 7,
                    "verse": "Ko nga rangi onaianei ia me te whenua, he mea rongoa na taua kupu ra ano, he mea waiho marire mo te ahi, ina taea te ra o te whakawakanga, o te whakangaromanga o nga tangata karakiakore.\n"
                },
                "8": {
                    "verse_nr": 8,
                    "verse": "\u00b6 Kei kuware ia koutou, e oku hoa aroha, ki tenei mea kotahi, ki ta te Ariki he ra kotahi rite tonu ki nga tau kotahi mano, nga tau kotahi mano rite tonu ki te ra kotahi.\n"
                },
                "9": {
                    "verse_nr": 9,
                    "verse": "\u00b6 Kahore he whakaroa o te Ariki ki tana kupu whakaari, kahore e rite ki ta etahi e ki nei he whakaroa; engari e manawanui ana ki a tatou, kahore ona whakaaro mo te tangata kia ngaro; engari kia tae katoa ki te ripeneta.\n"
                },
                "10": {
                    "verse_nr": 10,
                    "verse": "E puta mai hoki te ra o te Ariki ano he tahae i te po; ko reira pahemo atu ai nga rangi, tona nui hoki o te tangi; na ka ngiha nga mea timatanga i te ahi, ka rewa; a pau ake i te ahi te whenua me ana mahi.\n"
                },
                "11": {
                    "verse_nr": 11,
                    "verse": "\u00b6 Heoi mo te rewa nei enei mea katoa, kia pehea ra he tikanga ma koutou i runga i te whakahaere tapu, i te karakia;\n"
                },
                "12": {
                    "verse_nr": 12,
                    "verse": "Me te tumanako, me te takare ano koutou ki te taenga mai o te ra o te Atua, e rewa ai nga rangi i te ahi, e ngiha ai nga mea timatanga, e memeha ai?\n"
                },
                "13": {
                    "verse_nr": 13,
                    "verse": "Heoi kei te tumanako tatou ki nga rangi hou, ki te whenua hou, ki tana i whakaari mai ai, kei reira te tika e noho ana.\n"
                },
                "14": {
                    "verse_nr": 14,
                    "verse": "Mo konei ra, e oku hoa aroha, i a koutou ka tumanako na ki enei mea, kia puta to koutou uaua kia rokohina e ia i runga i te rangimarie, te whai ira, te whai koha i tona aroaro.\n"
                },
                "15": {
                    "verse_nr": 15,
                    "verse": "Kia mahara ano ki te manawanui o to tatou Ariki, he whakaora; ko te mea hoki ia tuhituhia ki a koutou e to tatou teina aroha, e Paora, he mea i rite tonu ki te matauranga kua homai nei ki a ia;\n"
                },
                "16": {
                    "verse_nr": 16,
                    "verse": "I pera ano i ana pukapuka katoa, i korerotia hoki enei mea ki reira; kei reira ano hoki etahi mea he pakeke nei ki te whakaaro, whakawiria ketia ake e te hunga kuware, e te hunga kahore ano i u; ko ta ratou hanga ano ia ki era atu karaipiture, a ngaro iho ratou.\n"
                },
                "17": {
                    "verse_nr": 17,
                    "verse": "Na, e oku hoa aroha, ka matau wawe nei koutou ki enei mea, kia taupato kei kahakina atu koutou e te he o te hunga kino, kei taka atu, kei kore e u.\n"
                },
                "18": {
                    "verse_nr": 18,
                    "verse": "Engari kia neke ake i runga i te aroha noa, i te matauranga o to tatou Ariki, ara o te Kaiwhakaora, o Ihu Karaiti. Waiho atu i a ia te kororia, aianei, a ake tonu atu. Amine.\n"
                }
            }
        }
    }
}