{
    "version": "RVC",
    "book_name": "1 Timothy",
    "book_nr": "54",
    "book": {
        "1": {
            "chapter_nr": "1",
            "chapter": {
                "1": {
                    "verse_nr": "1",
                    "verse": "Saludo - Yo, Pablo, ap\u00f3stol de Jesucristo por mandato de Dios nuestro Salvador, y del Se\u00f1or Jesucristo, que es nuestra esperanza,"
                },
                "2": {
                    "verse_nr": "2",
                    "verse": "a Timoteo, verdadero hijo en la fe: Recibe gracia, misericordia y paz de Dios nuestro Padre, y de Cristo Jes\u00fas nuestro Se\u00f1or."
                },
                "3": {
                    "verse_nr": "3",
                    "verse": "Advertencia contra falsas doctrinas - Cuando fui a Macedonia, te rogu\u00e9 que te quedaras en \u00c9feso para que mandaras a algunos que no ense\u00f1aran una doctrina diferente,"
                },
                "4": {
                    "verse_nr": "4",
                    "verse": "ni prestaran atenci\u00f3n a f\u00e1bulas y genealog\u00edas interminables, que acarrean disputas m\u00e1s que la edificaci\u00f3n de Dios que es por la fe. Y ahora te encargo lo mismo."
                },
                "5": {
                    "verse_nr": "5",
                    "verse": "Pues el prop\u00f3sito de este mandamiento es el amor que nace de un coraz\u00f3n limpio, de una buena conciencia y de una fe sincera."
                },
                "6": {
                    "verse_nr": "6",
                    "verse": "De estas cosas se han desviado algunos y se han apartado a palabrer\u00edas sin sentido;"
                },
                "7": {
                    "verse_nr": "7",
                    "verse": "pretenden ser doctores de la ley, aunque no entienden lo que dicen ni lo que afirman."
                },
                "8": {
                    "verse_nr": "8",
                    "verse": "Pero sabemos que la ley es buena, cuando se usa de manera leg\u00edtima;"
                },
                "9": {
                    "verse_nr": "9",
                    "verse": "tambi\u00e9n sabemos que la ley no fue dada para el justo, sino para los transgresores y desobedientes, para los imp\u00edos y pecadores, para los irreverentes y profanos, para los parricidas y matricidas, para los homicidas,"
                },
                "10": {
                    "verse_nr": "10",
                    "verse": "para los fornicarios, para los sodomitas, para los secuestradores, para los mentirosos y perjuros, y para todo lo que se oponga a la sana doctrina,"
                },
                "11": {
                    "verse_nr": "11",
                    "verse": "seg\u00fan el glorioso evangelio del Dios bendito, que a m\u00ed se me ha encomendado."
                },
                "12": {
                    "verse_nr": "12",
                    "verse": "El ministerio de Pablo - Doy gracias a Cristo Jes\u00fas nuestro Se\u00f1or, que me fortaleci\u00f3, porque me consider\u00f3 fiel al ponerme en el ministerio,"
                },
                "13": {
                    "verse_nr": "13",
                    "verse": "aun cuando antes yo hab\u00eda sido blasfemo, perseguidor e injuriador; pero fui tratado con misericordia porque lo hice por ignorancia, en incredulidad."
                },
                "14": {
                    "verse_nr": "14",
                    "verse": "Pero la gracia de nuestro Se\u00f1or fue m\u00e1s abundante con la fe y el amor que es en Cristo Jes\u00fas."
                },
                "15": {
                    "verse_nr": "15",
                    "verse": "Esta palabra es fiel y digna de ser recibida por todos: Cristo Jes\u00fas vino al mundo para salvar a los pecadores, de los cuales yo soy el primero."
                },
                "16": {
                    "verse_nr": "16",
                    "verse": "Pero por esto fui tratado con misericordia, para que en m\u00ed, el primer pecador, Jesucristo mostrara toda su clemencia, para ejemplo de los que habr\u00edan de creer en \u00e9l para vida eterna."
                },
                "17": {
                    "verse_nr": "17",
                    "verse": "Por tanto, al Rey de los siglos, al inmortal e invisible, al \u00fanico y sabio Dios, sean el honor y la gloria por los siglos de los siglos. Am\u00e9n."
                },
                "18": {
                    "verse_nr": "18",
                    "verse": "Timoteo, hijo m\u00edo, te encargo este mandamiento para que, conforme a las profec\u00edas que antes se hicieron acerca de ti, presentes por ellas la buena batalla"
                },
                "19": {
                    "verse_nr": "19",
                    "verse": "y mantengas la fe y la buena conciencia, que por desecharlas algunos naufragaron en cuanto a la fe,"
                },
                "20": {
                    "verse_nr": "20",
                    "verse": "entre ellos Himeneo y Alejandro, a quienes entregu\u00e9 a Satan\u00e1s para que aprendan a no blasfemar."
                }
            }
        },
        "2": {
            "chapter_nr": "2",
            "chapter": {
                "1": {
                    "verse_nr": "1",
                    "verse": "Instrucciones sobre la oraci\u00f3n - Ante todo, exhorto a que se hagan rogativas, oraciones, peticiones y acciones de gracias por todos los hombres;"
                },
                "2": {
                    "verse_nr": "2",
                    "verse": "por los reyes y por todos los que ocupan altos puestos, para que vivamos con tranquilidad y reposo, y en toda piedad y honestidad."
                },
                "3": {
                    "verse_nr": "3",
                    "verse": "Porque esto es bueno y agradable delante de Dios nuestro Salvador,"
                },
                "4": {
                    "verse_nr": "4",
                    "verse": "el cual quiere que todos los hombres sean salvos y lleguen a conocer la verdad."
                },
                "5": {
                    "verse_nr": "5",
                    "verse": "Porque hay un solo Dios, y un solo mediador entre Dios y los hombres, que es Jesucristo hombre,"
                },
                "6": {
                    "verse_nr": "6",
                    "verse": "el cual se dio a s\u00ed mismo en rescate por todos, de lo cual se dio testimonio a su debido tiempo."
                },
                "7": {
                    "verse_nr": "7",
                    "verse": "Para esto fui constituido predicador y ap\u00f3stol (digo la verdad en Cristo, no miento), y maestro de los no jud\u00edos en la fe y la verdad."
                },
                "8": {
                    "verse_nr": "8",
                    "verse": "Por tanto, quiero que los hombres oren en todas partes, y levanten manos santas, sin ira ni contienda."
                },
                "9": {
                    "verse_nr": "9",
                    "verse": "Quiero tambi\u00e9n que las mujeres se vistan con ropa decorosa, con pudor y modestia, y no con peinados ostentosos, ni con oro, ni perlas, ni vestidos costosos,"
                },
                "10": {
                    "verse_nr": "10",
                    "verse": "sino con buenas obras, como corresponde a las mujeres que profesan la piedad."
                },
                "11": {
                    "verse_nr": "11",
                    "verse": "Que la mujer aprenda en silencio y con toda sujeci\u00f3n,"
                },
                "12": {
                    "verse_nr": "12",
                    "verse": "pues no permito que la mujer ense\u00f1e ni ejerza dominio sobre el hombre, sino que guarde silencio."
                },
                "13": {
                    "verse_nr": "13",
                    "verse": "Porque primero fue formado Ad\u00e1n, y despu\u00e9s Eva;"
                },
                "14": {
                    "verse_nr": "14",
                    "verse": "y el enga\u00f1ado no fue Ad\u00e1n, sino que la mujer, al ser enga\u00f1ada, incurri\u00f3 en transgresi\u00f3n."
                },
                "15": {
                    "verse_nr": "15",
                    "verse": "Pero se salvar\u00e1 al engendrar hijos, si es que con modestia permanece en la fe, el amor y la santificaci\u00f3n."
                }
            }
        },
        "3": {
            "chapter_nr": "3",
            "chapter": {
                "1": {
                    "verse_nr": "1",
                    "verse": "Requisitos de los obispos - \u00c9sta es palabra fiel: Si alguno anhela ser obispo, desea una buena obra."
                },
                "2": {
                    "verse_nr": "2",
                    "verse": "Pero es necesario que el obispo sea irreprensible y que tenga una sola esposa; que sea sobrio, prudente, decoroso, hospedador, apto para ense\u00f1ar;"
                },
                "3": {
                    "verse_nr": "3",
                    "verse": "no afecto al vino, ni pendenciero, ni codicioso de ganancias deshonestas, sino amable, apacible, no avaro;"
                },
                "4": {
                    "verse_nr": "4",
                    "verse": "que gobierne bien su casa, que tenga a sus hijos en sujeci\u00f3n y con toda honestidad"
                },
                "5": {
                    "verse_nr": "5",
                    "verse": "(pues el que no sabe gobernar su propia casa, \u00bfc\u00f3mo podr\u00e1 cuidar de la iglesia de Dios?);"
                },
                "6": {
                    "verse_nr": "6",
                    "verse": "no debe ser un ne\u00f3fito, no sea que se envanezca y caiga en la condenaci\u00f3n del diablo."
                },
                "7": {
                    "verse_nr": "7",
                    "verse": "Tambi\u00e9n es necesario que tenga buen testimonio de los de afuera, para que no caiga en descr\u00e9dito y en los lazos del diablo."
                },
                "8": {
                    "verse_nr": "8",
                    "verse": "Requisitos de los di\u00e1conos - De igual manera, los di\u00e1conos deben ser honestos y sin doblez, no demasiado afectos al vino ni codiciosos de ganancias deshonestas;"
                },
                "9": {
                    "verse_nr": "9",
                    "verse": "y deben guardar el misterio de la fe con limpia conciencia."
                },
                "10": {
                    "verse_nr": "10",
                    "verse": "Adem\u00e1s, \u00e9stos primero deben ser puestos a prueba y, si son irreprensibles, entonces podr\u00e1n ejercer el diaconado."
                },
                "11": {
                    "verse_nr": "11",
                    "verse": "Las mujeres, por su parte, deben ser honestas, y no calumniadoras, sino sobrias y fieles en todo."
                },
                "12": {
                    "verse_nr": "12",
                    "verse": "Los di\u00e1conos deben tener una sola esposa, y gobernar bien sus hijos y sus casas,"
                },
                "13": {
                    "verse_nr": "13",
                    "verse": "pues los que ejercen bien el diaconado ganan para s\u00ed mismos un grado honroso y mucha confianza en la fe que es en Cristo Jes\u00fas."
                },
                "14": {
                    "verse_nr": "14",
                    "verse": "El misterio de la piedad - Aunque tengo la esperanza de ir pronto a visitarte, te escribo esto"
                },
                "15": {
                    "verse_nr": "15",
                    "verse": "para que, si me tardo, sepas c\u00f3mo conducirte en la casa de Dios, que es la iglesia del Dios viviente, columna y baluarte de la verdad."
                },
                "16": {
                    "verse_nr": "16",
                    "verse": "Indiscutiblemente, el misterio de la piedad es grande: Dios fue manifestado en carne, Justificado en el Esp\u00edritu, Visto de los \u00e1ngeles, Predicado a las naciones, Cre\u00eddo en el mundo, Recibido arriba en gloria."
                }
            }
        },
        "4": {
            "chapter_nr": "4",
            "chapter": {
                "1": {
                    "verse_nr": "1",
                    "verse": "Predicci\u00f3n de la apostas\u00eda - Pero el Esp\u00edritu dice claramente que, en los \u00faltimos tiempos, algunos apostatar\u00e1n de la fe y escuchar\u00e1n a esp\u00edritus enga\u00f1adores y a doctrinas de demonios,"
                },
                "2": {
                    "verse_nr": "2",
                    "verse": "y que por la hipocres\u00eda de los mentirosos que tienen cauterizada la conciencia,"
                },
                "3": {
                    "verse_nr": "3",
                    "verse": "prohibir\u00e1n casarse y mandar\u00e1n abstenerse de los alimentos que Dios cre\u00f3, para que los creyentes y los que han conocido la verdad participaran de ellos con acci\u00f3n de gracias."
                },
                "4": {
                    "verse_nr": "4",
                    "verse": "Porque todo lo que Dios cre\u00f3 es bueno, y nada es desechable, si se toma con acci\u00f3n de gracias,"
                },
                "5": {
                    "verse_nr": "5",
                    "verse": "pues por la palabra de Dios y por la oraci\u00f3n es santificado."
                },
                "6": {
                    "verse_nr": "6",
                    "verse": "Un buen ministro de Jesucristo - Si ense\u00f1as esto a los hermanos, ser\u00e1s un buen ministro de Jesucristo, nutrido con las palabras de la fe y de la buena doctrina que has seguido."
                },
                "7": {
                    "verse_nr": "7",
                    "verse": "Desecha las f\u00e1bulas profanas y de viejas. Ejerc\u00edtate para la piedad;"
                },
                "8": {
                    "verse_nr": "8",
                    "verse": "porque el ejercicio corporal es poco provechoso, pero la piedad es provechosa para todo, pues cuenta con promesa para esta vida presente, y para la venidera."
                },
                "9": {
                    "verse_nr": "9",
                    "verse": "Esta palabra es fiel, y digna de ser recibida por todos."
                },
                "10": {
                    "verse_nr": "10",
                    "verse": "Y por esto mismo trabajamos y sufrimos oprobios, porque hemos puesto nuestra esperanza en el Dios vivo, que es el Salvador de todos los hombres, y mayormente de los que creen."
                },
                "11": {
                    "verse_nr": "11",
                    "verse": "Esto manda y ense\u00f1a."
                },
                "12": {
                    "verse_nr": "12",
                    "verse": "Ninguno tenga en poco tu juventud, sino s\u00e9 ejemplo de los creyentes en palabra, conducta, amor, esp\u00edritu, fe y pureza."
                },
                "13": {
                    "verse_nr": "13",
                    "verse": "Mientras llego, oc\u00fapate en la lectura, la exhortaci\u00f3n y la ense\u00f1anza."
                },
                "14": {
                    "verse_nr": "14",
                    "verse": "No descuides el don que hay en ti, y que recibiste mediante profec\u00eda, cuando se te impusieron las manos del presbiterio."
                },
                "15": {
                    "verse_nr": "15",
                    "verse": "Oc\u00fapate en estas cosas, y permanece en ellas, para que tu aprovechamiento sea evidente a todos."
                },
                "16": {
                    "verse_nr": "16",
                    "verse": "Ten cuidado de ti mismo y de la doctrina; persiste en ello. Si haces esto, te salvar\u00e1s a ti mismo y a los que te escuchen."
                }
            }
        },
        "5": {
            "chapter_nr": "5",
            "chapter": {
                "1": {
                    "verse_nr": "1",
                    "verse": "Deberes hacia los dem\u00e1s - No reprendas al anciano, sino exh\u00f3rtalo como a un padre; a los m\u00e1s j\u00f3venes, como a hermanos;"
                },
                "2": {
                    "verse_nr": "2",
                    "verse": "a las ancianas, como a madres; a las jovencitas, con toda pureza, como a hermanas."
                },
                "3": {
                    "verse_nr": "3",
                    "verse": "Honra a las viudas que en verdad son viudas."
                },
                "4": {
                    "verse_nr": "4",
                    "verse": "Pero si alguna viuda tiene hijos, o nietos, \u00e9stos deben aprender primero a ser piadosos para con su propia familia, y a recompensar a sus padres; porque ante Dios esto es bueno y agradable."
                },
                "5": {
                    "verse_nr": "5",
                    "verse": "La viuda que en verdad es viuda, y que se ha quedado sola, espera en Dios y noche y d\u00eda persevera en s\u00faplicas y oraciones;"
                },
                "6": {
                    "verse_nr": "6",
                    "verse": "pero la que se entrega a los placeres, est\u00e1 muerta en vida."
                },
                "7": {
                    "verse_nr": "7",
                    "verse": "Manda tambi\u00e9n estas cosas, para que sean irreprensibles;"
                },
                "8": {
                    "verse_nr": "8",
                    "verse": "porque si alguno no provee para los suyos, y especialmente para los de su casa, niega la fe y es peor que un incr\u00e9dulo."
                },
                "9": {
                    "verse_nr": "9",
                    "verse": "En la lista deben figurar s\u00f3lo las viudas mayores de sesenta a\u00f1os, y que hayan tenido un solo marido;"
                },
                "10": {
                    "verse_nr": "10",
                    "verse": "que cuente con un testimonio de buenas obras, como haber criado hijos, practicado la hospitalidad, lavado los pies de los santos, socorrido a los afligidos, y practicado toda buena obra."
                },
                "11": {
                    "verse_nr": "11",
                    "verse": "Pero no admitas viudas m\u00e1s j\u00f3venes, porque luego se rebelan contra Cristo y, llevadas por sus deseos, quieren casarse,"
                },
                "12": {
                    "verse_nr": "12",
                    "verse": "con lo que incurren en condenaci\u00f3n por quebrantar su primera fe."
                },
                "13": {
                    "verse_nr": "13",
                    "verse": "Adem\u00e1s, aprenden a ser ociosas y a andar de casa en casa; y no solamente se vuelven ociosas sino tambi\u00e9n chismosas y entrometidas, y hablan de lo que no deben."
                },
                "14": {
                    "verse_nr": "14",
                    "verse": "Por eso quiero que las viudas j\u00f3venes se casen y cr\u00eden hijos; que gobiernen su casa y no den al adversario ninguna ocasi\u00f3n de maledicencia."
                },
                "15": {
                    "verse_nr": "15",
                    "verse": "Porque ya algunas se han apartado por seguir a Satan\u00e1s."
                },
                "16": {
                    "verse_nr": "16",
                    "verse": "Si alg\u00fan creyente o alguna creyente tiene viudas, que las mantenga, para no gravar a la iglesia; as\u00ed habr\u00e1 lo suficiente para las viudas que en verdad lo son."
                },
                "17": {
                    "verse_nr": "17",
                    "verse": "Los ancianos que gobiernan bien deben considerarse dignos de doble honor, mayormente los que se dedican a predicar y ense\u00f1ar."
                },
                "18": {
                    "verse_nr": "18",
                    "verse": "Pues la Escritura dice: \u00abNo pondr\u00e1s bozal al buey que trilla\u00bb, y: \u00abDigno es el obrero de su salario.\u00bb"
                },
                "19": {
                    "verse_nr": "19",
                    "verse": "No admitas ninguna acusaci\u00f3n contra un anciano, a menos que haya dos o tres testigos."
                },
                "20": {
                    "verse_nr": "20",
                    "verse": "A los que persisten en pecar, repr\u00e9ndelos delante de todos, para que los dem\u00e1s tambi\u00e9n teman."
                },
                "21": {
                    "verse_nr": "21",
                    "verse": "Te encarezco delante de Dios y del Se\u00f1or Jesucristo, y de sus \u00e1ngeles escogidos, que guardes estas cosas sin prejuicios y sin actuar con parcialidad."
                },
                "22": {
                    "verse_nr": "22",
                    "verse": "No impongas a nadie las manos con ligereza, ni participes en pecados ajenos. Cons\u00e9rvate puro."
                },
                "23": {
                    "verse_nr": "23",
                    "verse": "Por causa de tu est\u00f3mago y de tus frecuentes enfermedades ya no bebas agua, sino toma un poco de vino."
                },
                "24": {
                    "verse_nr": "24",
                    "verse": "Los pecados de algunos hombres se hacen evidentes antes de que ellos sean llevados a juicio, aunque a otros se les descubren despu\u00e9s."
                },
                "25": {
                    "verse_nr": "25",
                    "verse": "De igual manera, las buenas obras se hacen evidentes; y aun las que son diferentes, tampoco pueden permanecer ocultas."
                }
            }
        },
        "6": {
            "chapter_nr": "6",
            "chapter": {
                "1": {
                    "verse_nr": "1",
                    "verse": "Todos los que est\u00e1n sujetos a esclavitud, consideren a sus amos dignos de todo honor, para que no sea blasfemado el nombre de Dios ni la doctrina."
                },
                "2": {
                    "verse_nr": "2",
                    "verse": "Y los que tienen amos creyentes, no deben considerarlos menos por ser hermanos. Al contrario, deben servirles mejor, ya que los que se benefician de su buen servicio son creyentes y amados. Esto debes ense\u00f1ar y exhortar."
                },
                "3": {
                    "verse_nr": "3",
                    "verse": "Piedad y contentamiento - Si alguno ense\u00f1a otra cosa, y no se aviene a las sanas palabras de nuestro Se\u00f1or Jesucristo y a la doctrina que corresponde a la piedad,"
                },
                "4": {
                    "verse_nr": "4",
                    "verse": "est\u00e1 envanecido, no sabe nada, y delira acerca de cuestiones y contiendas de palabras, de las cuales nacen los envidias, los pleitos, las blasfemias, las malas sospechas"
                },
                "5": {
                    "verse_nr": "5",
                    "verse": "y las disputas necias de hombres de entendimiento corrupto y privados de la verdad, que hacen de la piedad una fuente de ganancia. De gente as\u00ed, ap\u00e1rtate."
                },
                "6": {
                    "verse_nr": "6",
                    "verse": "Pero la piedad es una gran ganancia, cuando va acompa\u00f1ada de contentamiento;"
                },
                "7": {
                    "verse_nr": "7",
                    "verse": "porque nada hemos tra\u00eddo a este mundo, y sin duda nada podremos sacar."
                },
                "8": {
                    "verse_nr": "8",
                    "verse": "As\u00ed que, si tenemos sustento y abrigo, content\u00e9monos con eso."
                },
                "9": {
                    "verse_nr": "9",
                    "verse": "Los que quieren enriquecerse caen en la trampa de la tentaci\u00f3n, y en muchas codicias necias y nocivas, que hunden a los hombres en la destrucci\u00f3n y la perdici\u00f3n;"
                },
                "10": {
                    "verse_nr": "10",
                    "verse": "porque la ra\u00edz de todos los males es el amor al dinero, el cual algunos, por codiciarlo, se extraviaron de la fe y acabaron por experimentar muchos dolores."
                },
                "11": {
                    "verse_nr": "11",
                    "verse": "La buena batalla de la fe - Pero t\u00fa, hombre de Dios, huye de estas cosas y sigue la justicia, la piedad, la fe, el amor, la paciencia y la mansedumbre."
                },
                "12": {
                    "verse_nr": "12",
                    "verse": "Presenta la buena batalla de la fe, af\u00e9rrate a la vida eterna, a la cual tambi\u00e9n fuiste llamado cuando hiciste la buena profesi\u00f3n delante de muchos testigos."
                },
                "13": {
                    "verse_nr": "13",
                    "verse": "Delante de Dios, que da vida a todas las cosas, y de Jesucristo, que dio testimonio de la buena profesi\u00f3n delante de Poncio Pilato, te mando"
                },
                "14": {
                    "verse_nr": "14",
                    "verse": "que mantengas el mandamiento inmaculado e irreprensible hasta la aparici\u00f3n de nuestro Se\u00f1or Jesucristo,"
                },
                "15": {
                    "verse_nr": "15",
                    "verse": "la cual a su debido tiempo mostrar\u00e1 el bienaventurado y solo Soberano, Rey de reyes, y Se\u00f1or de se\u00f1ores,"
                },
                "16": {
                    "verse_nr": "16",
                    "verse": "el \u00fanico que es inmortal y que habita en luz inaccesible, a quien ning\u00fan hombre ha visto ni puede ver, al cual sea la honra y el imperio sempiterno. Am\u00e9n."
                },
                "17": {
                    "verse_nr": "17",
                    "verse": "A los ricos de este siglo m\u00e1ndales que no sean altivos, ni pongan su esperanza en las riquezas, las cuales son inciertas, sino en el Dios vivo, que nos da todas las cosas en abundancia para que las disfrutemos."
                },
                "18": {
                    "verse_nr": "18",
                    "verse": "M\u00e1ndales que hagan el bien, y que sean ricos en buenas obras, dadivosos y generosos;"
                },
                "19": {
                    "verse_nr": "19",
                    "verse": "que atesoren para s\u00ed mismos un buen fundamento para el futuro, que se aferren a la vida eterna."
                },
                "20": {
                    "verse_nr": "20",
                    "verse": "Encargo final de Pablo a Timoteo - Timoteo, guarda lo que se te ha encomendado. Evita las pl\u00e1ticas profanas acerca de cosas vanas, y los argumentos de la falsamente llamada ciencia,"
                },
                "21": {
                    "verse_nr": "21",
                    "verse": "la cual algunos profesaron y se desviaron de la fe. Que la gracia sea contigo. Am\u00e9n."
                }
            }
        }
    }
}