{
    "version": "RVC",
    "book_name": "Zephaniah",
    "book_nr": "36",
    "book": {
        "1": {
            "chapter_nr": "1",
            "chapter": {
                "1": {
                    "verse_nr": "1",
                    "verse": "El d\u00eda de la ira del Se\u00f1or - Durante el reinado de Jos\u00edas hijo de Am\u00f3n, rey de Jud\u00e1, la palabra del Se\u00f1or vino a Sofon\u00edas hijo de Cusi, hijo de Gedal\u00edas, hijo de Amar\u00edas, hijo de Ezequ\u00edas."
                },
                "2": {
                    "verse_nr": "2",
                    "verse": "\u00abVoy a destruir por completo todo lo que hay sobre la faz de la tierra. \u2014Palabra del Se\u00f1or."
                },
                "3": {
                    "verse_nr": "3",
                    "verse": "\u00bbVoy a destruir a los seres humanos y a las bestias. Voy a destruir a las aves del cielo y a los peces del mar. Eliminar\u00e9 a los imp\u00edos, y borrar\u00e9 de la faz de la tierra a la humanidad entera. \u2014Palabra del Se\u00f1or."
                },
                "4": {
                    "verse_nr": "4",
                    "verse": "\u00bbVoy a extender mi mano contra Jud\u00e1, y contra todos los habitantes de Jerusal\u00e9n. Voy a borrar de este lugar los restos de Baal, lo mismo que el recuerdo de sus ministros id\u00f3latras y de sus sacerdotes,"
                },
                "5": {
                    "verse_nr": "5",
                    "verse": "esos que en las azoteas rinden culto al ej\u00e9rcito del cielo, y que de rodillas juran en el nombre del Se\u00f1or y tambi\u00e9n en el nombre de Milc\u00f3n."
                },
                "6": {
                    "verse_nr": "6",
                    "verse": "Voy a acabar con los que se apartan de mis caminos, y no me buscan ni me consultan.\u00bb"
                },
                "7": {
                    "verse_nr": "7",
                    "verse": "Guardemos silencio en presencia de nuestro Se\u00f1or y Dios. Ya est\u00e1 cerca el d\u00eda del Se\u00f1or. Ya el Se\u00f1or ha preparado el sacrificio, y ha purificado a sus convidados."
                },
                "8": {
                    "verse_nr": "8",
                    "verse": "\u00abEn el d\u00eda del sacrificio, yo, el Se\u00f1or, castigar\u00e9 a los magnates y a los hijos del rey, y a todos los que visten como extranjeros."
                },
                "9": {
                    "verse_nr": "9",
                    "verse": "Ese d\u00eda castigar\u00e9 tambi\u00e9n a todos los que dan un salto al cruzar la puerta, y a los que llenan de robo y de enga\u00f1o las casas de sus amos."
                },
                "10": {
                    "verse_nr": "10",
                    "verse": "\u00bbCuando llegue ese d\u00eda, se escuchar\u00e1 un gran clamor desde la puerta del Pescado, graves gemidos desde la segunda puerta, y dolientes quejas desde las colinas.\u00bb \u2014Palabra del Se\u00f1or."
                },
                "11": {
                    "verse_nr": "11",
                    "verse": "Lloren, habitantes de Mactes, porque todo el pueblo de mercaderes ha sido destruido. \u00a1Han sido destruidos todos los que tra\u00edan dinero!"
                },
                "12": {
                    "verse_nr": "12",
                    "verse": "\u00abCuando llegue el momento, yo examinar\u00e9 con linterna a Jerusal\u00e9n, y castigar\u00e9 a los que se hallan en tranquilo reposo y asentados como el vino. Castigar\u00e9 a esos que dentro de s\u00ed piensan: \u201cEl Se\u00f1or no hace bien ni hace mal.\u201d"
                },
                "13": {
                    "verse_nr": "13",
                    "verse": "Por pensar as\u00ed, sus bienes ser\u00e1n saqueados y sus casas ser\u00e1n derribadas. Construir\u00e1n casas, pero no llegar\u00e1n a habitarlas; plantar\u00e1n vi\u00f1as, pero no llegar\u00e1n a beber su vino.\u00bb"
                },
                "14": {
                    "verse_nr": "14",
                    "verse": "Ya est\u00e1 cerca el gran d\u00eda del Se\u00f1or. Ya est\u00e1 cerca, muy cerca. Ser\u00e1 un d\u00eda de amargura y de gran estr\u00e9pito, en el que hasta los valientes pedir\u00e1n ayuda."
                },
                "15": {
                    "verse_nr": "15",
                    "verse": "Ser\u00e1 un d\u00eda de ira, de angustia y de estrechez; d\u00eda de alboroto y destrucci\u00f3n, d\u00eda de oscuridad y tinieblas, d\u00eda nublado y sombr\u00edo,"
                },
                "16": {
                    "verse_nr": "16",
                    "verse": "d\u00eda de sonido de trompetas, de gritos de guerra contra las ciudades fortificadas y contra las desafiantes torres."
                },
                "17": {
                    "verse_nr": "17",
                    "verse": "\u00bbYo afligir\u00e9 a los mortales. Por haber pecado contra m\u00ed andar\u00e1n como ciegos; su sangre ser\u00e1 esparcida como el polvo, y su carne ser\u00e1 como esti\u00e9rcol.\u00bb"
                },
                "18": {
                    "verse_nr": "18",
                    "verse": "En el d\u00eda de la ira del Se\u00f1or, nada podr\u00e1 librarlos. Ni su plata ni su oro, porque toda la tierra ser\u00e1 consumida por el fuego de su enojo. En un abrir y cerrar de ojos, el Se\u00f1or destruir\u00e1 a todos los habitantes de la tierra."
                }
            }
        },
        "2": {
            "chapter_nr": "2",
            "chapter": {
                "1": {
                    "verse_nr": "1",
                    "verse": "Juicios contra las naciones vecinas - T\u00fa, naci\u00f3n desvergonzada, ponte a pensar,"
                },
                "2": {
                    "verse_nr": "2",
                    "verse": "antes de que entre en vigor el decreto, y el d\u00eda se pase como el polvo; antes de que caiga sobre ustedes el furor de la ira del Se\u00f1or; \u00a1antes de que les sobrevenga el d\u00eda de la ira del Se\u00f1or!"
                },
                "3": {
                    "verse_nr": "3",
                    "verse": "Ustedes, los humildes de la tierra, los que practican la justicia del Se\u00f1or, \u00a1b\u00fasquenlo! \u00a1Busquen al Se\u00f1or y su justicia! \u00a1Practiquen la mansedumbre! Tal vez el Se\u00f1or los proteja en el d\u00eda de su enojo."
                },
                "4": {
                    "verse_nr": "4",
                    "verse": "Porque Gaza quedar\u00e1 desamparada, y Ascal\u00f3n ser\u00e1 destruida; Asdod ser\u00e1 saqueada en pleno d\u00eda, y Ecr\u00f3n ser\u00e1 arrancada de ra\u00edz."
                },
                "5": {
                    "verse_nr": "5",
                    "verse": "\u00a1Ay de ustedes, cretenses, que habitan en las costas del mar! La palabra del Se\u00f1or va dirigida contra ti, Cana\u00e1n, tierra de los filisteos! Yo har\u00e9 que te destruyan hasta no dejar un solo habitante."
                },
                "6": {
                    "verse_nr": "6",
                    "verse": "La costa del mar quedar\u00e1 convertida en praderas de pastoreo y en corrales de ovejas."
                },
                "7": {
                    "verse_nr": "7",
                    "verse": "All\u00ed cuidar\u00e1n sus reba\u00f1os los sobrevivientes de la casa de Jud\u00e1, y pasar\u00e1n la noche en las casas de Ascal\u00f3n, porque el Se\u00f1or su Dios los visitar\u00e1 y los rescatar\u00e1 de su cautiverio."
                },
                "8": {
                    "verse_nr": "8",
                    "verse": "\u00abHan llegado a mis o\u00eddos las ofensas de Moab y los insultos con que los hijos de Am\u00f3n han deshonrado a mi pueblo. S\u00e9 que se han engrandecido sobre su territorio."
                },
                "9": {
                    "verse_nr": "9",
                    "verse": "Por lo tanto, vivo yo, que a Moab le pasar\u00e1 lo que a Sodoma, y a los hijos de Am\u00f3n lo que a Gomorra. Ser\u00e1 un campo de ortigas y de minas de sal, \u00a1de perenne destrucci\u00f3n! El remanente de mi pueblo los saquear\u00e1, y tomar\u00e1 posesi\u00f3n de sus territorios.\u00bb \u2014Palabra del Se\u00f1or de los ej\u00e9rcitos, Dios de Israel."
                },
                "10": {
                    "verse_nr": "10",
                    "verse": "Esto les sobrevendr\u00e1 por causa de su soberbia, por insultar y engrandecerse en contra del pueblo del Se\u00f1or de los ej\u00e9rcitos."
                },
                "11": {
                    "verse_nr": "11",
                    "verse": "Las acciones del Se\u00f1or contra ellos ser\u00e1n terribles, porque destruir\u00e1 a todos los dioses de la tierra, y todas las naciones se inclinar\u00e1n ante \u00e9l, all\u00ed donde se encuentren."
                },
                "12": {
                    "verse_nr": "12",
                    "verse": "\u00abUstedes, los et\u00edopes, tambi\u00e9n sufrir\u00e1n la muerte ante mi espada.\u00bb"
                },
                "13": {
                    "verse_nr": "13",
                    "verse": "El Se\u00f1or extender\u00e1 su mano contra el norte y destruir\u00e1 a Asiria, y convertir\u00e1 a N\u00ednive en un mont\u00f3n de ruinas y en \u00e1rido desierto."
                },
                "14": {
                    "verse_nr": "14",
                    "verse": "Los reba\u00f1os y los ganados har\u00e1n de ella su aprisco, y en sus dinteles dormir\u00e1n los pel\u00edcanos, los erizos y todas las bestias del campo. Se oir\u00e1n trinos en las ventanas, pero en las puertas habr\u00e1 desolaci\u00f3n porque sus paneles de cedro quedar\u00e1n al descubierto."
                },
                "15": {
                    "verse_nr": "15",
                    "verse": "\u00a1As\u00ed quedar\u00e1 la ciudad alegre, que tan confiada viv\u00eda! \u00a1As\u00ed quedar\u00e1 la ciudad que en su coraz\u00f3n dec\u00eda: \u00ab\u00a1Yo soy \u00fanica! \u00a1No hay nadie como yo!\u00bb Y, sin embargo, quedar\u00e1 asolada; \u00a1quedar\u00e1 convertida en una guarida de fieras! Todos los que pasen cerca de ella, se burlar\u00e1n y le har\u00e1n se\u00f1as con la mano."
                }
            }
        },
        "3": {
            "chapter_nr": "3",
            "chapter": {
                "1": {
                    "verse_nr": "1",
                    "verse": "Pecado y redenci\u00f3n de Jerusal\u00e9n - \u00a1Ay de la ciudad rebelde, contaminada y opresora!"
                },
                "2": {
                    "verse_nr": "2",
                    "verse": "No quiso escuchar la voz de su Dios, ni recibir su correcci\u00f3n. No confi\u00f3 en el Se\u00f1or ni se acerc\u00f3 a \u00e9l"
                },
                "3": {
                    "verse_nr": "3",
                    "verse": "En sus calles, sus magnates parecen leones rugientes; sus jueces son lobos nocturnos que no dejan un solo hueso para el d\u00eda siguiente."
                },
                "4": {
                    "verse_nr": "4",
                    "verse": "Sus profetas son irresponsables y traicioneros; sus sacerdotes contaminan el santuario y falsean la ley."
                },
                "5": {
                    "verse_nr": "5",
                    "verse": "En sus calles, el Se\u00f1or es justo y no hace iniquidad; por la ma\u00f1ana saca a luz su juicio, y nunca faltar\u00e1. Pero el perverso no conoce la verg\u00fcenza."
                },
                "6": {
                    "verse_nr": "6",
                    "verse": "\u00abYo permit\u00ed que las naciones fueran destruidas, y que sus habitaciones quedaran asoladas; yo dej\u00e9 sus calles desiertas, hasta que no qued\u00f3 quien pasara por ellas; sus ciudades quedaron asoladas, hasta que no qued\u00f3 nadie, ni un solo habitante."
                },
                "7": {
                    "verse_nr": "7",
                    "verse": "\u00bbYo me dije: \u201cSeguramente esta ciudad me temer\u00e1; aceptar\u00e1 ser corregida, y no ser\u00e1 destruida su habitaci\u00f3n por todo aquello por lo que la castigu\u00e9.\u201d Pero ellos se apresuraron a corromper todos sus hechos."
                },
                "8": {
                    "verse_nr": "8",
                    "verse": "\u00bbPor lo tanto, esp\u00e9renme hasta el d\u00eda en que me levante para juzgarlos; porque he decidido reunir a las naciones y juntar los reinos para derramar sobre ellos todo mi enojo y el ardor de mi ira. \u00a1El fuego de mi celo consumir\u00e1 toda la tierra!\u00bb \u2014Palabra del Se\u00f1or."
                },
                "9": {
                    "verse_nr": "9",
                    "verse": "\u00abCuando llegue el momento, devolver\u00e9 a los pueblos la pureza de labios, para que todos invoquen mi nombre y me sirvan con esp\u00edritu un\u00e1nime."
                },
                "10": {
                    "verse_nr": "10",
                    "verse": "De allende los r\u00edos de Etiop\u00eda mi pueblo esparcido vendr\u00e1 a adorarme y me traer\u00e1 ofrendas."
                },
                "11": {
                    "verse_nr": "11",
                    "verse": "\u00bbCuando llegue ese d\u00eda, no tendr\u00e1s que avergonzarte por ninguna de tus rebeliones contra m\u00ed, porque yo quitar\u00e9 de en medio de ti a los que se alegran por tu soberbia, y nunca m\u00e1s volver\u00e1s a envanecerte en mi santo monte."
                },
                "12": {
                    "verse_nr": "12",
                    "verse": "En medio de ti dejar\u00e9 a un pueblo humilde y pobre, el cual confiar\u00e1 en mi nombre."
                },
                "13": {
                    "verse_nr": "13",
                    "verse": "El remanente de Israel no cometer\u00e1 injusticias ni dir\u00e1 mentiras, ni habr\u00e1 entre ellos gente mentirosa, porque yo los cuidar\u00e9 como un pastor, y ellos dormir\u00e1n sin que nadie los atemorice.\u00bb"
                },
                "14": {
                    "verse_nr": "14",
                    "verse": "\u00a1Canta, hija de Si\u00f3n! \u00a1Da voces de j\u00fabilo, Israel! \u00a1Regoc\u00edjate de todo coraz\u00f3n, hija de Jerusal\u00e9n!"
                },
                "15": {
                    "verse_nr": "15",
                    "verse": "\u00a1El Se\u00f1or ha apartado tus juicios, y ha expulsado a tus enemigos! \u00a1El Se\u00f1or es el Rey de Israel, y est\u00e1 en medio de ti! \u00a1Nunca m\u00e1s ver\u00e1s el mal!"
                },
                "16": {
                    "verse_nr": "16",
                    "verse": "Cuando llegue el momento, se dir\u00e1 a Jerusal\u00e9n: \u00abNo temas, Si\u00f3n; que no se debiliten tus manos."
                },
                "17": {
                    "verse_nr": "17",
                    "verse": "El Se\u00f1or est\u00e1 en medio de ti, y te salvar\u00e1 con su poder; por ti se regocijar\u00e1 y se alegrar\u00e1; por amor guardar\u00e1 silencio, y con c\u00e1nticos se regocijar\u00e1 por ti.\u00bb"
                },
                "18": {
                    "verse_nr": "18",
                    "verse": "\u00abYo reunir\u00e9 a tus habitantes, a los que por tanto tiempo han tenido que cargar con tu oprobio."
                },
                "19": {
                    "verse_nr": "19",
                    "verse": "Cuando llegue el momento, perseguir\u00e9 a todos tus opresores; salvar\u00e9 a las ovejas que cojean e ir\u00e9 en busca de las que perdieron el camino. Yo har\u00e9 que ustedes sean motivo de alabanza, y que gocen de renombre en toda la tierra."
                },
                "20": {
                    "verse_nr": "20",
                    "verse": "\u00bbCuando llegue el momento, yo mismo los har\u00e9 venir. Cuando llegue el momento yo mismo los reunir\u00e9. Cuando ponga fin a su cautiverio, lo cual ustedes mismos ver\u00e1n, los har\u00e9 gozar de renombre y har\u00e9 que sean motivo de alabanza entre todos los pueblos de la tierra.\u00bb \u2014Palabra del Se\u00f1or."
                }
            }
        }
    }
}