{
    "version": "SND",
    "book_name": "Jude",
    "book_nr": "65",
    "book": {
        "1": {
            "chapter_nr": "1",
            "chapter": {
                "1": {
                    "verse_nr": "1",
                    "verse": "Si Judas, ang alipin ni Jesucristo at kapatid ni Santiago. Sa mga tinawag at pinaging-banal ng Diyos Ama at iniingatan ni Jesucristo."
                },
                "2": {
                    "verse_nr": "2",
                    "verse": "Ang kahabagan, kapayapaan at pag-ibig ay sumagana sa inyo."
                },
                "3": {
                    "verse_nr": "3",
                    "verse": "Ang Kasalanan at Ang Wakas ng mga Taong Hindi Sumasamba sa Diyos - Mga minamahal, buong pagsisikap kong ninais na sulatan kayo patungkol sa kaligtasang tinanggap nating lahat. Kailangang sulatan ko kayo at ipagtagubilin sa inyo na inyong ipaglaban ang pananampalatayang ipinagkatiwala minsan at magpakailanman sa mga banal."
                },
                "4": {
                    "verse_nr": "4",
                    "verse": "Ito ay sapagkat lihim na nakapasok sa inyo ang ilang mga taong hindi maka-Diyos. Noon pang una ay nilagyan na sila ng tanda ng Diyos upang patawan ng kaparusahan. Pinapalitan nila ng kahalayan ang biyaya ng ating Diyos. Ikinakaila nila ang natatanging Panginoong Diyos at ang ating Panginoong Jesucristo."
                },
                "5": {
                    "verse_nr": "5",
                    "verse": "Ngunit ibig ko pa ring ipaalala sa inyo kahit na nalalaman na ninyo ang mga bagay na ito noon. Iniligtas ng Panginoon ang kaniyang tao mula sa lupain ng Egipto ngunit nilipol niya ang hindi sumampalataya."
                },
                "6": {
                    "verse_nr": "6",
                    "verse": "At ang mga anghel na hindi nanatili sa kanilang dating kalagayan, kundi iniwan ang kanilang tinatahanan, ay inilaan ng Diyos sa walang hanggang tanikala sa ilalim ng kadiliman para sa dakilang araw ng paghuhukom."
                },
                "7": {
                    "verse_nr": "7",
                    "verse": "Gayundin ang ginawa sa lungsod ng Sodoma at Gomora at sa mga kalapit lungsod nito. Nagpakabuyo sila sa pakikiapid at mahalay na pagnanasa sa ibang laman. Sila ay naging halimbawa nang sila ay pumailalim sa parusa ng apoy na walang hanggan."
                },
                "8": {
                    "verse_nr": "8",
                    "verse": "Gayundin ang mga taong ito. Sila ay mga taong nananaginip ng masama na dinudungisan ang kanilang laman. Tinatanggihan nila ang mga may kapangyarihan at nilalait nila ang mga maluwalhating nilalang."
                },
                "9": {
                    "verse_nr": "9",
                    "verse": "Nang makipaglaban si arkanghel Miguel sa diyablo, nakipagtalo siya patungkol sa bangkay ni Moises. Sa kaniyang pakikipagtalo ay hindi siya nangahas na magbigay ng mapanglait na paghatol. Sa halip ay sinabi niya: Sawayin ka ng Panginoon."
                },
                "10": {
                    "verse_nr": "10",
                    "verse": "Ngunit nilalait ng mga taong ito ang mga bagay na hindi nila nalalaman. Ngunit ang mga bagay na likas nilang nauunawaan ay ginagamit nila sa kanilang sariling kasiraan, tulad ng mga hayop na walang pag-iisip."
                },
                "11": {
                    "verse_nr": "11",
                    "verse": "Sa aba nila! Ito ay sapagkat sumunod sila sa daan ni Cain. At sa pagnanais nila ng kabayarang salapi, bumulusok sila sa kalikuan ni Balaam. At gaya ni Core sila ay naghimagsik at nalipol."
                },
                "12": {
                    "verse_nr": "12",
                    "verse": "Ang mga taong ito ay mga lubog na batosa inyong pagsasalu-salo sa hapag ng pag-ibig. Nakikisalo silang kasama ninyo nang walang takot, na ang sarili lamang nila ang kanilang pinangangalagaan. Sila ay parang ulap na walang tubig na dinadala ng mga hangin. Katulad din sila ng punong-kahoy na hindi namumunga kahit kapanahunan na, dalawang ulit nang namatay, binunot mula sa mga ugat."
                },
                "13": {
                    "verse_nr": "13",
                    "verse": "Sila ay katulad ng mga malalaking alon sa dagat. Ang kanilang kahiya-hiyang gawain ay lumalabas gaya ng mga bula ng tubig. Sila ay katulad ng mga bituing naliligaw. Ang pusikit na kadiliman ay nakalaan para sa kanila magpakailanman."
                },
                "14": {
                    "verse_nr": "14",
                    "verse": "Si Enoc na ikapitong saling lahi mula kay Adan ay naghayag ng Salita ng Diyos sa kanila. Sinabi niya: Narito, dumating ang Panginoon na kasama ang kaniyang libu-libong banal."
                },
                "15": {
                    "verse_nr": "15",
                    "verse": "Ito ay upang silang lahat ay kaniyang hatulan at sumbatan ang lahat ng mga hindi maka-diyos na kasama nila. Kasama ang mga gawa na ginawa nila sa hindi maka-diyos na paraan, at ang mga mapanglait na salita na sinabi laban sa kaniya ng mga makasalanan, na mga hindi maka-diyos."
                },
                "16": {
                    "verse_nr": "16",
                    "verse": "Ang mga taong ito ay laging dumadaing at laging umaangal. Lumalakad sila ayon sa kanilang masamang layunin. Sila ay nagsasalita ng mga salitang mapagmalaki at nagsasalita ng pakunwaring papuri sa mga tao upang sila ay makinabang."
                },
                "17": {
                    "verse_nr": "17",
                    "verse": "Panawagan para Manatiling Matatag - Ngunit kayo, mga minamahal, alalahanin ninyo ang mga salita na ipinaliwanag na sa inyo noon pang una ng mga apostol ng ating Panginoong Jesucristo."
                },
                "18": {
                    "verse_nr": "18",
                    "verse": "Sinabi nila sa inyo na sa huling araw ay lilitaw ang mga manlilibak. Sila ay lalakad ayon sa sarili nilang masamang hangarin at ng hindi pagkilala sa Diyos."
                },
                "19": {
                    "verse_nr": "19",
                    "verse": "Ang mga ito ang lumikha ng pagkakabaha-bahagi. Sila ay lumalakad ayon sa kanilang likas na pagkatao at wala sa kanila ang Espiritu."
                },
                "20": {
                    "verse_nr": "20",
                    "verse": "Ngunit kayo, mga minamahal, patatagin ninyo ang inyong sarili sa napakabanal na pananampalatya. Manalangin kayo sa pamamagitan ng Banal na Espiritu."
                },
                "21": {
                    "verse_nr": "21",
                    "verse": "Habang naghihintay kayo, panatilihin ninyo ang inyong sarili sa pag-ibig ng Diyos. Hintayin ninyo ang habag ng ating Panginoong Jesucristo na patungo sa walang hanggang buhay."
                },
                "22": {
                    "verse_nr": "22",
                    "verse": "Kahabagan ninyo ang mga nag-aalinlangan."
                },
                "23": {
                    "verse_nr": "23",
                    "verse": "Sagipin ninyong may takot ang iba, agawin ninyo sila mula sa apoy. Gayundin, kapootan ninyo kahit ang damit na nadungisan ng laman."
                },
                "24": {
                    "verse_nr": "24",
                    "verse": "Papuri - Ang Diyos ang makapag-iingat sa inyo mula sa pagkakatisod at makapaghaharap sa inyo nang walang kapintasan na may malaking galak sa harapan ng kaniyang kaluwalhatian."
                },
                "25": {
                    "verse_nr": "25",
                    "verse": "Sa iisang Diyos na ating Tagapagligtas, sumakaniya ang kapurihan at kadakilaan, ang kapangyarihan at kapamahalaan mula ngayon at magpakailanman. Siya nawa!"
                }
            }
        }
    }
}