{
    "version": "NIRV",
    "book_name": "Ezra",
    "book_nr": "15",
    "book": {
        "1": {
            "chapter_nr": "1",
            "chapter": {
                "1": {
                    "verse_nr": "1",
                    "verse": "Cyrus Helps the Jews to Return to Jerusalem - It was the first year of the rule of Cyrus. He was king of Persia. The LORD inspired him to send a message all through his kingdom. It happened so that what the LORD had spoken through Jeremiah would come true. The message was written down. It said,"
                },
                "2": {
                    "verse_nr": "2",
                    "verse": "\u201cCyrus, the king of Persia, says, \u201c\u2009\u2018The LORD is the God of heaven. He has given me all the kingdoms on earth. He has appointed me to build a temple for him at Jerusalem in Judah."
                },
                "3": {
                    "verse_nr": "3",
                    "verse": "Any of his people among you may go up to Jerusalem and build the LORD\u2019s temple. He is the God of Israel. He is the God who is in Jerusalem. And may their God be with them."
                },
                "4": {
                    "verse_nr": "4",
                    "verse": "The people still left alive in every place must bring gifts to the people going. They must provide silver and gold to the people going up to Jerusalem. The people must bring goods and livestock. They should also bring any offerings they choose to. All those gifts will be for God\u2019s temple in Jerusalem.\u2019\u2009\u201d"
                },
                "5": {
                    "verse_nr": "5",
                    "verse": "Then everyone God had inspired prepared to go. They wanted to go up to Jerusalem and build the LORD\u2019s temple there. They included the family leaders of Judah and Benjamin. They also included the priests and Levites."
                },
                "6": {
                    "verse_nr": "6",
                    "verse": "All their neighbors helped them. They gave them silver and gold objects. They gave them goods and livestock. And they gave them gifts of great value. All those things were added to the other offerings the people chose to give."
                },
                "7": {
                    "verse_nr": "7",
                    "verse": "King Cyrus also brought out the objects that belonged to the LORD\u2019s temple. Nebuchadnezzar had carried them off from Jerusalem. He had put them in the temple of his own god."
                },
                "8": {
                    "verse_nr": "8",
                    "verse": "Cyrus, the king of Persia, told Mithredath to bring them out. Mithredath was in charge of the temple treasures. He counted those objects. Then he gave them to Sheshbazzar, the prince of Judah."
                },
                "9": {
                    "verse_nr": "9",
                    "verse": "Here is a list of the objects. There were 30 gold dishes. There were 1,000 silver dishes. There were 29 silver pans."
                },
                "10": {
                    "verse_nr": "10",
                    "verse": "There were 30 gold bowls. There were 410 matching silver bowls. There were 1,000 other objects."
                },
                "11": {
                    "verse_nr": "11",
                    "verse": "The total number of gold and silver objects was 5,400. Sheshbazzar brought all of these back with him to Jerusalem. So Sheshbazzar and the Jews who had been forced to leave Judah came up from Babylon to Jerusalem."
                }
            }
        },
        "2": {
            "chapter_nr": "2",
            "chapter": {
                "1": {
                    "verse_nr": "1",
                    "verse": "The List of the Jews Who Returned to Judah - Nebuchadnezzar had taken many Jews away from the land of Judah. He had forced them to go to Babylon as prisoners. Now they returned to Jerusalem and Judah. All of them went back to their own towns. Nebuchadnezzar was king of Babylon."
                },
                "2": {
                    "verse_nr": "2",
                    "verse": "The leaders of the Jews included Zerubbabel, Joshua, Nehemiah, Seraiah and Reelaiah. They also included Mordecai, Bilshan, Mispar, Bigvai, Rehum and Baanah. Here is a list of the men of Israel who returned home."
                },
                "3": {
                    "verse_nr": "3",
                    "verse": "There were 2,172 from the family line of Parosh."
                },
                "4": {
                    "verse_nr": "4",
                    "verse": "There were 372 from Shephatiah."
                },
                "5": {
                    "verse_nr": "5",
                    "verse": "There were 775 from Arah."
                },
                "6": {
                    "verse_nr": "6",
                    "verse": "There were 2,812 from Pahath-Moab through the family line of Jeshua and Joab."
                },
                "7": {
                    "verse_nr": "7",
                    "verse": "There were 1,254 from Elam."
                },
                "8": {
                    "verse_nr": "8",
                    "verse": "There were 945 from Zattu."
                },
                "9": {
                    "verse_nr": "9",
                    "verse": "There were 760 from Zakkai."
                },
                "10": {
                    "verse_nr": "10",
                    "verse": "There were 642 from Bani."
                },
                "11": {
                    "verse_nr": "11",
                    "verse": "There were 623 from Bebai."
                },
                "12": {
                    "verse_nr": "12",
                    "verse": "There were 1,222 from Azgad."
                },
                "13": {
                    "verse_nr": "13",
                    "verse": "There were 666 from Adonikam."
                },
                "14": {
                    "verse_nr": "14",
                    "verse": "There were 2,056 from Bigvai."
                },
                "15": {
                    "verse_nr": "15",
                    "verse": "There were 454 from Adin."
                },
                "16": {
                    "verse_nr": "16",
                    "verse": "There were 98 from Ater through the family line of Hezekiah."
                },
                "17": {
                    "verse_nr": "17",
                    "verse": "There were 323 from Bezai."
                },
                "18": {
                    "verse_nr": "18",
                    "verse": "There were 112 from Jorah."
                },
                "19": {
                    "verse_nr": "19",
                    "verse": "There were 223 from Hashum."
                },
                "20": {
                    "verse_nr": "20",
                    "verse": "There were 95 from Gibbar."
                },
                "21": {
                    "verse_nr": "21",
                    "verse": "There were 123 from the men of Bethlehem."
                },
                "22": {
                    "verse_nr": "22",
                    "verse": "There were 56 from Netophah."
                },
                "23": {
                    "verse_nr": "23",
                    "verse": "There were 128 from Anathoth."
                },
                "24": {
                    "verse_nr": "24",
                    "verse": "There were 42 from Azmaveth."
                },
                "25": {
                    "verse_nr": "25",
                    "verse": "There were 743 from Kiriath Jearim, Kephirah and Beeroth."
                },
                "26": {
                    "verse_nr": "26",
                    "verse": "There were 621 from Ramah and Geba."
                },
                "27": {
                    "verse_nr": "27",
                    "verse": "There were 122 from Mikmash."
                },
                "28": {
                    "verse_nr": "28",
                    "verse": "There were 223 from Bethel and Ai."
                },
                "29": {
                    "verse_nr": "29",
                    "verse": "There were 52 from Nebo."
                },
                "30": {
                    "verse_nr": "30",
                    "verse": "There were 156 from Magbish."
                },
                "31": {
                    "verse_nr": "31",
                    "verse": "There were 1,254 from the other Elam."
                },
                "32": {
                    "verse_nr": "32",
                    "verse": "There were 320 from Harim."
                },
                "33": {
                    "verse_nr": "33",
                    "verse": "There were 725 from Lod, Hadid and Ono."
                },
                "34": {
                    "verse_nr": "34",
                    "verse": "There were 345 from Jericho."
                },
                "35": {
                    "verse_nr": "35",
                    "verse": "There were 3,630 from Senaah."
                },
                "36": {
                    "verse_nr": "36",
                    "verse": "Here is a list of the priests. There were 973 from the family line of Jedaiah through the line of Jeshua."
                },
                "37": {
                    "verse_nr": "37",
                    "verse": "There were 1,052 from Immer."
                },
                "38": {
                    "verse_nr": "38",
                    "verse": "There were 1,247 from Pashhur."
                },
                "39": {
                    "verse_nr": "39",
                    "verse": "There were 1,017 from Harim."
                },
                "40": {
                    "verse_nr": "40",
                    "verse": "Here is a list of the Levites. There were 74 from the family lines of Jeshua and Kadmiel. Kadmiel was from the line of Hodaviah."
                },
                "41": {
                    "verse_nr": "41",
                    "verse": "Here is a list of the musicians. There were 128 from the family line of Asaph."
                },
                "42": {
                    "verse_nr": "42",
                    "verse": "Here is a list of the men who guarded the gates. There were 139 from the family lines of Shallum, Ater, Talmon, Akkub, Hatita and Shobai."
                },
                "43": {
                    "verse_nr": "43",
                    "verse": "Here is a list of the members of the family lines of the temple servants. Ziha, Hasupha, Tabbaoth,"
                },
                "44": {
                    "verse_nr": "44",
                    "verse": "Keros, Siaha, Padon,"
                },
                "45": {
                    "verse_nr": "45",
                    "verse": "Lebanah, Hagabah, Akkub,"
                },
                "46": {
                    "verse_nr": "46",
                    "verse": "Hagab, Shalmai, Hanan,"
                },
                "47": {
                    "verse_nr": "47",
                    "verse": "Giddel, Gahar, Reaiah,"
                },
                "48": {
                    "verse_nr": "48",
                    "verse": "Rezin, Nekoda, Gazzam,"
                },
                "49": {
                    "verse_nr": "49",
                    "verse": "Uzza, Paseah, Besai,"
                },
                "50": {
                    "verse_nr": "50",
                    "verse": "Asnah, Meunim, Nephusim,"
                },
                "51": {
                    "verse_nr": "51",
                    "verse": "Bakbuk, Hakupha, Harhur,"
                },
                "52": {
                    "verse_nr": "52",
                    "verse": "Bazluth, Mehida, Harsha,"
                },
                "53": {
                    "verse_nr": "53",
                    "verse": "Barkos, Sisera, Temah,"
                },
                "54": {
                    "verse_nr": "54",
                    "verse": "Neziah, Hatipha"
                },
                "55": {
                    "verse_nr": "55",
                    "verse": "Here is a list of the members of the family lines of the servants of Solomon. Sotai, Hassophereth, Peruda,"
                },
                "56": {
                    "verse_nr": "56",
                    "verse": "Jaala, Darkon, Giddel,"
                },
                "57": {
                    "verse_nr": "57",
                    "verse": "Shephatiah, Hattil, Pokereth-Hazzebaim, Ami"
                },
                "58": {
                    "verse_nr": "58",
                    "verse": "The total number of the members of the family lines of the temple servants and the servants of Solomon was 392."
                },
                "59": {
                    "verse_nr": "59",
                    "verse": "Many people came up to Judah from the towns of Tel Melah, Tel Harsha, Kerub, Addon and Immer. But they weren\u2019t able to prove that their families belonged to the people of Israel."
                },
                "60": {
                    "verse_nr": "60",
                    "verse": "There were 652 of them from the family lines of Delaiah, Tobiah and Nekoda."
                },
                "61": {
                    "verse_nr": "61",
                    "verse": "Here is a list of the members of the family lines of the priests. They were Hobaiah, Hakkoz and Barzillai. Barzillai had married a daughter of Barzillai from Gilead. So he was also called Barzillai."
                },
                "62": {
                    "verse_nr": "62",
                    "verse": "The priests looked for their family records. But they couldn\u2019t find them. So they weren\u2019t able to serve as priests. They were \u201cunclean.\u201d"
                },
                "63": {
                    "verse_nr": "63",
                    "verse": "The governor gave them an order. He told them not to eat any of the most sacred food. They had to wait until there was a priest who could use the Urim and Thummim. The priest would use them to find out what the LORD wanted the people to do."
                },
                "64": {
                    "verse_nr": "64",
                    "verse": "The total number of the entire group that returned was 42,360."
                },
                "65": {
                    "verse_nr": "65",
                    "verse": "That didn\u2019t include their 7,337 male and female slaves. There were also 200 male and female singers."
                },
                "66": {
                    "verse_nr": "66",
                    "verse": "And there were 736 horses, 245 mules,"
                },
                "67": {
                    "verse_nr": "67",
                    "verse": "435 camels and 6,720 donkeys."
                },
                "68": {
                    "verse_nr": "68",
                    "verse": "All the people arrived at the place in Jerusalem where the LORD\u2019s temple would be rebuilt. Then some of the leaders of the families brought offerings they chose to give. They would be used for rebuilding the house of God. It would stand in the same place it had been before."
                },
                "69": {
                    "verse_nr": "69",
                    "verse": "The people gave money for the work. It was based on how much they had. They gave 1,100 pounds of gold. They also gave three tons of silver. And they gave 100 sets of clothes for the priests. All of that was added to the temple treasure."
                },
                "70": {
                    "verse_nr": "70",
                    "verse": "The priests and Levites made their homes in their own towns. So did the musicians, the men who guarded the gates, and the temple servants. The rest of the Israelites also made their homes in their own towns."
                }
            }
        },
        "3": {
            "chapter_nr": "3",
            "chapter": {
                "1": {
                    "verse_nr": "1",
                    "verse": "The People Rebuild the Altar - The Israelites had made their homes in their towns. In the seventh month all of them gathered together in Jerusalem."
                },
                "2": {
                    "verse_nr": "2",
                    "verse": "Then Joshua began to build the altar for burnt offerings to honor the God of Israel. Joshua was the son of Jozadak. The other priests helped Joshua. So did Zerubbabel and his men. They built the altar according to what is written in the Law of Moses. Moses was a man of God. Zerubbabel was the son of Shealtiel."
                },
                "3": {
                    "verse_nr": "3",
                    "verse": "The people who built the altar were afraid of the nations around them. But they built it anyway. They set it up where it had stood before. They sacrificed burnt offerings on it to the LORD. They offered the morning and evening sacrifices on it."
                },
                "4": {
                    "verse_nr": "4",
                    "verse": "Then they celebrated the Feast of Booths. They did it according to what is written in the Law. They sacrificed the number of burnt offerings required for each day."
                },
                "5": {
                    "verse_nr": "5",
                    "verse": "After they celebrated the Feast of Booths, they sacrificed the regular burnt offerings. They offered the New Moon sacrifices. They also offered the sacrifices for all the appointed sacred feasts of the LORD. And they sacrificed the offerings the people chose to give him."
                },
                "6": {
                    "verse_nr": "6",
                    "verse": "On the first day of the seventh month they began to offer burnt offerings to the LORD. They did it even though the foundation of the LORD\u2019s temple hadn\u2019t been laid yet."
                },
                "7": {
                    "verse_nr": "7",
                    "verse": "The People Begin to Rebuild the Temple - The people gave money to those who worked with stone and those who worked with wood. They gave food and drink and olive oil to the people of Sidon and Tyre. Then those people brought cedar logs down from Lebanon to the Mediterranean Sea. They floated them down to Joppa. Cyrus, the king of Persia, authorized them to do it."
                },
                "8": {
                    "verse_nr": "8",
                    "verse": "It was the second month of the second year after they had arrived at the house of God in Jerusalem. Zerubbabel, the son of Shealtiel, began the work. Joshua, the son of Jozadak, helped him. So did everyone else. That included the priests and Levites. It also included the rest of those who had returned to Jerusalem. They had been prisoners in the land of Babylon. Levites who were 20 years old or more were appointed to be in charge of building the LORD\u2019s house."
                },
                "9": {
                    "verse_nr": "9",
                    "verse": "Those who joined together to direct the work included Joshua and his sons and brothers. They also included Kadmiel and his sons. And they included the sons of Henadad and their sons and brothers. All those men were Levites. Kadmiel and his sons were members of the family line of Hodaviah."
                },
                "10": {
                    "verse_nr": "10",
                    "verse": "The builders laid the foundation of the LORD\u2019s temple. Then the priests came. They were wearing their special clothes. They brought their trumpets with them. The Levites who belonged to the family line of Asaph also came. They brought their cymbals with them. The priests and Levites took their places to praise the LORD. They did everything just as King David had required them to."
                },
                "11": {
                    "verse_nr": "11",
                    "verse": "They sang to the LORD. They praised him. They gave thanks to him. They said, \u201cThe LORD is good. His faithful love to Israel continues forever.\u201d All the people gave a loud shout. They praised the LORD. They were glad because the foundation of the LORD\u2019s temple had been laid."
                },
                "12": {
                    "verse_nr": "12",
                    "verse": "But many of the older priests and Levites and family leaders wept out loud. They had seen the first temple. So when they saw the foundation of the second temple being laid, they wept. Others shouted with joy."
                },
                "13": {
                    "verse_nr": "13",
                    "verse": "No one could tell the difference between the shouts of joy and the sounds of weeping. That\u2019s because the people made so much noise. The sound was heard far away."
                }
            }
        },
        "4": {
            "chapter_nr": "4",
            "chapter": {
                "1": {
                    "verse_nr": "1",
                    "verse": "Enemies Oppose the Rebuilding of the Temple - The people who had returned from Babylon were building a temple to honor the LORD. He is the God of Israel. The enemies of Judah and Benjamin heard about it."
                },
                "2": {
                    "verse_nr": "2",
                    "verse": "Then those enemies came to Zerubbabel. The family leaders of Israel were with him. The enemies said, \u201cWe want to help you build. We\u2019re just like you. We worship your God. We offer sacrifices to him. We\u2019ve been doing that ever since the time of Esarhaddon. He was king of Assyria. He brought our people here.\u201d"
                },
                "3": {
                    "verse_nr": "3",
                    "verse": "Zerubbabel and Joshua answered them. So did the rest of the family leaders of Israel. They said, \u201cYou can\u2019t help us build a temple to honor our God. You aren\u2019t part of us. We\u2019ll build it ourselves. We\u2019ll do it to honor the LORD, the God of Israel. Cyrus, the king of Persia, commanded us to build it.\u201d"
                },
                "4": {
                    "verse_nr": "4",
                    "verse": "Then the nations around Judah tried to make its people lose hope. They wanted to make them afraid to go on building."
                },
                "5": {
                    "verse_nr": "5",
                    "verse": "So those nations paid some of the Jewish officials to work against the people of Judah. They wanted their plans to fail. They did it during the whole time Cyrus was king of Persia. They kept doing it until Darius became king."
                },
                "6": {
                    "verse_nr": "6",
                    "verse": "Later Enemies Also Oppose the Jews - The enemies of the Jews brought charges against the people of Judah and Jerusalem. It happened when Xerxes began to rule over Persia."
                },
                "7": {
                    "verse_nr": "7",
                    "verse": "Then Artaxerxes became king of Persia. During his rule, Bishlam, Mithredath, Tabeel and their friends wrote a letter to Artaxerxes. It was written in the Aramaic language. And it used the Aramaic alphabet."
                },
                "8": {
                    "verse_nr": "8",
                    "verse": "Rehum and Shimshai also wrote a letter to King Artaxerxes. Rehum was the commanding officer. Shimshai was the secretary. Their letter was against the people of Jerusalem. It said,"
                },
                "9": {
                    "verse_nr": "9",
                    "verse": "We, Rehum and Shimshai, are writing this letter. Rehum is the commanding officer. Shimshai is the secretary. Our friends join us in writing. They include the judges, officials and managers in charge of the people from Persia, Uruk and Babylon. They are also over the Elamites from Susa."
                },
                "10": {
                    "verse_nr": "10",
                    "verse": "And they are over those who were forced to leave their countries. The great King Ashurbanipal, who is worthy of honor, forced them to leave. He moved them to the city of Samaria. He also moved them to other places west of the Euphrates River."
                },
                "11": {
                    "verse_nr": "11",
                    "verse": "Here is a copy of the letter sent to Artaxerxes. We are sending this letter to you, King Artaxerxes. It is from your servants who live west of the Euphrates River."
                },
                "12": {
                    "verse_nr": "12",
                    "verse": "We want you to know about the people who left you and have come up to us. They have gone to Jerusalem and are rebuilding that evil city. It has caused trouble for a long time. Those people are making its walls like new again. They are repairing the foundations."
                },
                "13": {
                    "verse_nr": "13",
                    "verse": "Here is something else we want you to know. Suppose this city is rebuilt. And suppose its walls are made like new again. Then no more taxes, gifts or fees will be collected. And sooner or later there will be less money for you."
                },
                "14": {
                    "verse_nr": "14",
                    "verse": "We owe a lot to you. We don\u2019t want to see dishonor brought on you. So we\u2019re sending this letter to tell you what is going on."
                },
                "15": {
                    "verse_nr": "15",
                    "verse": "Then you can have a search made in the official records. Have someone check the records of the kings who ruled before you. If you do, you will find out that Jerusalem is an evil city. It causes trouble for kings and countries. For a long time the city has refused to let anyone rule over it. That\u2019s why it was destroyed."
                },
                "16": {
                    "verse_nr": "16",
                    "verse": "We want you to know that this city shouldn\u2019t be rebuilt. Its walls shouldn\u2019t be made like new again. If that happens, you won\u2019t have anything left west of the Euphrates River."
                },
                "17": {
                    "verse_nr": "17",
                    "verse": "The king replied, I am writing this letter to Rehum, the commanding officer. I am also writing it to Shimshai the secretary. And I am writing it to your friends living in Samaria and in other places west of the Euphrates River. I give you my greetings."
                },
                "18": {
                    "verse_nr": "18",
                    "verse": "The letter you sent us has been read to me. It has been explained to me in my language."
                },
                "19": {
                    "verse_nr": "19",
                    "verse": "I gave an order. I had a search made. Here is what we found out. Jerusalem has a long history of turning against the kings of the countries that have ruled over it. It has refused to remain under their control. It is always stirring up trouble."
                },
                "20": {
                    "verse_nr": "20",
                    "verse": "Jerusalem has had powerful kings. Some of them ruled over everything west of the Euphrates. Taxes, gifts and fees were paid to them."
                },
                "21": {
                    "verse_nr": "21",
                    "verse": "So give an order to those men. Make them stop their work. Then the city won\u2019t be rebuilt until I give the order."
                },
                "22": {
                    "verse_nr": "22",
                    "verse": "Pay careful attention to this matter. Why should we let this danger grow? That would not be in our best interests."
                },
                "23": {
                    "verse_nr": "23",
                    "verse": "The copy of the letter of King Artaxerxes was read to Rehum and Shimshai the secretary. It was also read to their friends. Right away they went to the Jews in Jerusalem. They forced them to stop their work."
                },
                "24": {
                    "verse_nr": "24",
                    "verse": "And so the work on the house of God in Jerusalem came to a stop. No more work was done on it until the second year that Darius was king of Persia."
                }
            }
        },
        "5": {
            "chapter_nr": "5",
            "chapter": {
                "1": {
                    "verse_nr": "1",
                    "verse": "Tattenai\u2019s Letter to King Darius - Haggai and Zechariah, the prophets, prophesied to the Jews in Judah and Jerusalem. They spoke to them in the name of the God of Israel. God had spoken to those prophets. Zechariah belonged to the family line of Iddo."
                },
                "2": {
                    "verse_nr": "2",
                    "verse": "Zerubbabel, the son of Shealtiel, began to work. So did Joshua, the son of Jozadak. They began to rebuild the house of God in Jerusalem. The prophets of God were right there with them. They were helping them."
                },
                "3": {
                    "verse_nr": "3",
                    "verse": "At that time Tattenai was governor of the land west of the Euphrates River. He and Shethar-Bozenai and their friends went to the Jews. They asked them, \u201cWho authorized you to rebuild this temple? Who told you that you could finish it?\u201d"
                },
                "4": {
                    "verse_nr": "4",
                    "verse": "They also asked, \u201cWhat are the names of the people who are putting up this building?\u201d"
                },
                "5": {
                    "verse_nr": "5",
                    "verse": "But the God of the Jews was watching over their elders. So they didn\u2019t have to stop their work. First a report would have to be sent to Darius. Then they would have to receive his answer in writing."
                },
                "6": {
                    "verse_nr": "6",
                    "verse": "Here is a copy of the letter sent to King Darius. It was from Tattenai, the governor of the land west of the Euphrates. Shethar-Bozenai joined him in writing it. So did their friends. They were officials of that land."
                },
                "7": {
                    "verse_nr": "7",
                    "verse": "The report they sent to the king said, We are sending this letter to you, King Darius. We give you our most friendly greetings."
                },
                "8": {
                    "verse_nr": "8",
                    "verse": "We want you to know that we went to the land of Judah. We went to the temple of the great God. The people are building it with large stones. They are putting wooden beams in the walls. The people are working hard. The work is moving ahead very quickly under the direction of the people."
                },
                "9": {
                    "verse_nr": "9",
                    "verse": "We asked the elders some questions. We said to them, \u201cWho authorized you to rebuild this temple? Who told you that you could finish it?\u201d"
                },
                "10": {
                    "verse_nr": "10",
                    "verse": "We also asked them what their names were. We wanted to write down the names of their leaders for your information."
                },
                "11": {
                    "verse_nr": "11",
                    "verse": "Here is the answer they gave us. They said, \u201cWe serve the God of heaven and earth. We are rebuilding the temple that was built many years ago. The great King Solomon built it and finished it."
                },
                "12": {
                    "verse_nr": "12",
                    "verse": "But our people made the God of heaven angry. So he handed them over to Nebuchadnezzar from Chaldea. He was king of Babylon. He destroyed this temple. He forced the Jews to leave their own country. He took them away to Babylon."
                },
                "13": {
                    "verse_nr": "13",
                    "verse": "\u201cBut King Cyrus gave an order to rebuild this house of God. He gave it in the first year he was king of Babylon."
                },
                "14": {
                    "verse_nr": "14",
                    "verse": "He even removed some gold and silver objects from the temple of Babylon. Nebuchadnezzar had brought them there from the house of God in Jerusalem. He had taken them to the temple in Babylon. Then King Cyrus brought the objects out. He gave them to a man named Sheshbazzar. Cyrus had appointed him as governor."
                },
                "15": {
                    "verse_nr": "15",
                    "verse": "Cyrus told him, \u2018Take these objects with you. Go and put them in the temple in Jerusalem. Rebuild the house of God in the same place where it stood before.\u2019"
                },
                "16": {
                    "verse_nr": "16",
                    "verse": "\u201cSo Sheshbazzar made the trip to Jerusalem. He laid the foundations of the house of God there. From that day until now the people have been working on it. But they haven\u2019t finished it yet.\u201d"
                },
                "17": {
                    "verse_nr": "17",
                    "verse": "If it pleases you, King Darius, let a search be made in the royal records. Search the official records of the kings of Babylon. Find out whether King Cyrus really did give an order to rebuild this house of God in Jerusalem. Then tell us what you decide to do."
                }
            }
        },
        "6": {
            "chapter_nr": "6",
            "chapter": {
                "1": {
                    "verse_nr": "1",
                    "verse": "King Darius\u2019s Reply to Tattenai - King Darius gave an order. He had a search made in the official records stored among the treasures at Babylon."
                },
                "2": {
                    "verse_nr": "2",
                    "verse": "A book was found in a safe storeroom at Ecbatana in the land of Media. Here is what was written on it. This is my official reply to your letter."
                },
                "3": {
                    "verse_nr": "3",
                    "verse": "In the first year that Cyrus was king, he gave an order. It concerned God\u2019s temple in Jerusalem. King Cyrus said, Rebuild the temple. Then the Jews can offer sacrifices there. Lay its foundations. The temple must be 90 feet high and 90 feet wide."
                },
                "4": {
                    "verse_nr": "4",
                    "verse": "Its walls must have three layers of large stones. They must also have a layer of beautiful wood. Use money from the royal treasures to pay for everything."
                },
                "5": {
                    "verse_nr": "5",
                    "verse": "The gold and silver objects from the house of God must be returned. Nebuchadnezzar had taken them from the first temple in Jerusalem. And he had brought them to Babylon. Now they must be returned to their places in the temple at Jerusalem. They must be put in the house of God there."
                },
                "6": {
                    "verse_nr": "6",
                    "verse": "Tattenai, you are governor of the land west of the Euphrates River. I want you to stay away from the temple in Jerusalem. I also want you, Shethar-Bozenai, and you other officials of that area to stay away from it."
                },
                "7": {
                    "verse_nr": "7",
                    "verse": "Don\u2019t try to stop the work on the temple of God. Let the governor of the Jews and their elders rebuild the house of their God. Let them build it in the same place where it stood before."
                },
                "8": {
                    "verse_nr": "8",
                    "verse": "Here is what I want you to do for the elders of the Jews. Here is how you must help them to build the house of their God. Pay all their expenses from the royal treasures. Use the money you collect from the people who live west of the Euphrates. Don\u2019t let the work on the temple stop."
                },
                "9": {
                    "verse_nr": "9",
                    "verse": "Don\u2019t fail to give the priests in Jerusalem what they ask for each day. Give them what they need. Give them young bulls, rams and male lambs. The priests can use them to sacrifice burnt offerings to the God of heaven. Also give them wheat, salt, wine and olive oil."
                },
                "10": {
                    "verse_nr": "10",
                    "verse": "Give them those things so they can offer sacrifices that please the God of heaven. And I want them to pray that things will go well for me and my sons."
                },
                "11": {
                    "verse_nr": "11",
                    "verse": "Don\u2019t change this order. If anyone tries to change it, they must be put to death. A pole must be pulled from their house. The pole must be stuck through their body. Because that person tried to change my royal order, their house must be broken to pieces."
                },
                "12": {
                    "verse_nr": "12",
                    "verse": "God has chosen to put his Name in the temple at Jerusalem. May he wipe out any king or nation that lifts a hand to change this order. May he also wipe out anyone who tries to destroy the temple in Jerusalem. That\u2019s what I have ordered. I am King Darius. Make sure you carry out my order."
                },
                "13": {
                    "verse_nr": "13",
                    "verse": "The Temple Is Completed and Set Apart to God - The governor Tattenai and Shethar-Bozenai carried out King Darius\u2019s order. And so did their friends."
                },
                "14": {
                    "verse_nr": "14",
                    "verse": "The elders of the Jews continued to build the temple. They enjoyed great success because of the preaching of Haggai and Zechariah, the prophets. Zechariah belonged to the family line of Iddo. The people finished building the temple. That\u2019s what the God of Israel had commanded them to do. Cyrus and Darius had given orders allowing them to do it. Later, Artaxerxes supplied many things that were needed in the temple. Those three men were kings of Persia."
                },
                "15": {
                    "verse_nr": "15",
                    "verse": "So the temple was completed on the third day of the month of Adar. It was in the sixth year that Darius was king."
                },
                "16": {
                    "verse_nr": "16",
                    "verse": "When the house of God was set apart, the people of Israel celebrated with joy. The priests and Levites joined them. So did the rest of those who had returned from the land of Babylon."
                },
                "17": {
                    "verse_nr": "17",
                    "verse": "When the house of God was set apart to him, the people sacrificed 100 bulls. They also sacrificed 200 rams and 400 male lambs. As a sin offering for the whole nation of Israel, the people sacrificed 12 male goats. One goat was sacrificed for each tribe in Israel."
                },
                "18": {
                    "verse_nr": "18",
                    "verse": "The priests were appointed to their groups. And the Levites were appointed to their groups. All of them served God at Jerusalem. They served him in keeping with what is written in the Book of Moses."
                },
                "19": {
                    "verse_nr": "19",
                    "verse": "The People Celebrate the Passover Feast - The people who had returned from the land of Babylon celebrated the Passover Feast. It was on the 14th day of the first month."
                },
                "20": {
                    "verse_nr": "20",
                    "verse": "The priests and Levites had made themselves pure and \u201cclean.\u201d The Levites killed Passover lambs for the people who had returned from Babylon. They also did it for themselves and their relatives, the priests."
                },
                "21": {
                    "verse_nr": "21",
                    "verse": "So the Israelites who had returned ate the Passover lamb. They ate it together with all those who had separated themselves from the practices of their Gentile neighbors. Those practices were \u201cunclean.\u201d The people worshiped the LORD. He is the God of Israel."
                },
                "22": {
                    "verse_nr": "22",
                    "verse": "For seven days they celebrated the Feast of Unleavened Bread with joy. That\u2019s because the LORD had filled them with joy. They were glad because he had changed the mind of the king of Persia. So the king had helped them with the work on the house of the God of Israel."
                }
            }
        },
        "7": {
            "chapter_nr": "7",
            "chapter": {
                "1": {
                    "verse_nr": "1",
                    "verse": "Ezra Comes to Jerusalem - After all these things had happened, Ezra came up to Jerusalem from Babylon. It was during the rule of Artaxerxes. He was king of Persia. Ezra was the son of Seraiah. Seraiah was the son of Azariah. Azariah was the son of Hilkiah."
                },
                "2": {
                    "verse_nr": "2",
                    "verse": "Hilkiah was the son of Shallum. Shallum was the son of Zadok. Zadok was the son of Ahitub."
                },
                "3": {
                    "verse_nr": "3",
                    "verse": "Ahitub was the son of Amariah. Amariah was the son of Azariah. Azariah was the son of Meraioth."
                },
                "4": {
                    "verse_nr": "4",
                    "verse": "Meraioth was the son of Zerahiah. Zerahiah was the son of Uzzi. Uzzi was the son of Bukki."
                },
                "5": {
                    "verse_nr": "5",
                    "verse": "Bukki was the son of Abishua. Abishua was the son of Phinehas. Phinehas was the son of Eleazar. And Eleazar was the son of Aaron the chief priest."
                },
                "6": {
                    "verse_nr": "6",
                    "verse": "So Ezra came up from Babylon. He was a teacher who knew the Law of Moses very well. The LORD, the God of Israel, had given Israel that law. The king had given Ezra everything he asked for. That\u2019s because the LORD his God helped him."
                },
                "7": {
                    "verse_nr": "7",
                    "verse": "Some of the Israelites came up to Jerusalem too. They included priests, Levites and musicians. They also included the temple servants and those who guarded the temple gates. It was in the seventh year that Artaxerxes was king."
                },
                "8": {
                    "verse_nr": "8",
                    "verse": "Ezra arrived in Jerusalem in the fifth month of the seventh year of the king\u2019s rule."
                },
                "9": {
                    "verse_nr": "9",
                    "verse": "Ezra had begun his journey from Babylon on the first day of the first month. He arrived in Jerusalem on the first day of the fifth month. That\u2019s because God was gracious to him and helped him."
                },
                "10": {
                    "verse_nr": "10",
                    "verse": "Ezra had committed himself to study and obey the Law of the LORD. He also wanted to teach the LORD\u2019s rules and laws in Israel."
                },
                "11": {
                    "verse_nr": "11",
                    "verse": "King Artaxerxes\u2019s Letter to Ezra - Ezra was a priest and teacher of the Law. He was an educated man. He knew the LORD\u2019s commands and rules for Israel very well. Here is a copy of a letter King Artaxerxes had given to Ezra. It said,"
                },
                "12": {
                    "verse_nr": "12",
                    "verse": "I, Artaxerxes, am writing this letter. I am the greatest king of all. I have given it to Ezra the priest. He is the teacher of the Law of the God of heaven. I give you my greetings."
                },
                "13": {
                    "verse_nr": "13",
                    "verse": "Ezra, I am giving an order about the Israelites in my kingdom. Any of them who want to go to Jerusalem with you may go. The order also allows priests and Levites to go with you."
                },
                "14": {
                    "verse_nr": "14",
                    "verse": "I and my seven advisers are sending you to see how things are going in Judah and Jerusalem. Find out whether the people there are obeying the Law of your God. You have a copy of that law with you."
                },
                "15": {
                    "verse_nr": "15",
                    "verse": "I and my advisers have freely given some silver and gold to the God of Israel. He is the God who lives in Jerusalem. Take that silver and gold with you."
                },
                "16": {
                    "verse_nr": "16",
                    "verse": "Also take any other silver and gold you can get from the land of Babylon. And take the offerings the people and priests choose to give for the temple of their God in Jerusalem."
                },
                "17": {
                    "verse_nr": "17",
                    "verse": "Make sure you use the money to buy bulls, rams and male lambs. Also buy their grain offerings and drink offerings. Then sacrifice them on the altar of the temple of your God in Jerusalem."
                },
                "18": {
                    "verse_nr": "18",
                    "verse": "You and the other Jews can do what you think is best with the rest of the silver and gold. Do what your God wants you to do."
                },
                "19": {
                    "verse_nr": "19",
                    "verse": "Give to the God of Jerusalem all the things you are responsible for. Use them for worshiping your God in his temple."
                },
                "20": {
                    "verse_nr": "20",
                    "verse": "You might need to supply some other things for the temple of your God. If you do, take them from among the royal treasures."
                },
                "21": {
                    "verse_nr": "21",
                    "verse": "I, King Artaxerxes, also give this order. It applies to all those who are in charge of the treasures west of the Euphrates River. Make sure you provide anything Ezra the priest might ask you to give. He is the teacher of the Law of the God of heaven."
                },
                "22": {
                    "verse_nr": "22",
                    "verse": "Give Ezra up to three and three-fourths tons of silver. Give him up to 18 tons of wheat. Give him up to 600 gallons of wine and up to 600 gallons of olive oil. And give him as much salt as he needs."
                },
                "23": {
                    "verse_nr": "23",
                    "verse": "Work hard for the temple of the God of heaven. Do everything he has required. I don\u2019t want him to be angry with my kingdom and the kingdom of my sons."
                },
                "24": {
                    "verse_nr": "24",
                    "verse": "Here is something else I want you to know. You have no authority to collect taxes, gifts or fees from these people. You may not collect them from the priests, Levites or musicians. You may not collect them from those who guard the temple gates. You may not collect them from the temple servants. And you may not collect them from other workers at the house of God in Jerusalem."
                },
                "25": {
                    "verse_nr": "25",
                    "verse": "Ezra, appoint judges and other court officials. When you do it, use the wisdom your God gives you. Those you appoint should do what is right and fair when they judge people. They should do it for everyone who lives west of the Euphrates River. They should do it for everyone who knows the laws of your God. And I want you to teach the people who don\u2019t know those laws."
                },
                "26": {
                    "verse_nr": "26",
                    "verse": "Anyone who doesn\u2019t obey the law of your God must be punished. The same thing applies to anyone who doesn\u2019t obey my law. The people must be punished in keeping with the laws they have broken. Some of them must be put to death. Others must be forced to leave the places where they live. Others must have their property taken away from them. Still others must be put in prison."
                },
                "27": {
                    "verse_nr": "27",
                    "verse": "So here is what I, Ezra, say to you people of Israel. \u201cGive praise to the LORD. He is the God of our people who lived long ago. He has put it in the king\u2019s heart to bring honor to the LORD\u2019s temple in Jerusalem. The king has honored the LORD in his letter."
                },
                "28": {
                    "verse_nr": "28",
                    "verse": "The LORD has been kind to me. He has caused the king and his advisers to be kind to me. In fact, all the king\u2019s powerful officials have been kind to me. The strong hand of the LORD my God helped me. That gave me new strength. So I gathered together leaders from Israel to go up to Jerusalem with me.\u201d"
                }
            }
        },
        "8": {
            "chapter_nr": "8",
            "chapter": {
                "1": {
                    "verse_nr": "1",
                    "verse": "The Family Leaders Who Returned to Jerusalem With Ezra - Many family leaders came up to Jerusalem with me from Babylon. So did others who were listed with them. It was during the time when Artaxerxes was king. Here is a list of those who came."
                },
                "2": {
                    "verse_nr": "2",
                    "verse": "Gershom came from the family line of Phinehas. Daniel came from the family line of Ithamar. Hattush came from the family line of David."
                },
                "3": {
                    "verse_nr": "3",
                    "verse": "Hattush also belonged to the family of Shekaniah. Zechariah came from the family line of Parosh. The total number of men who were listed with him was 150."
                },
                "4": {
                    "verse_nr": "4",
                    "verse": "Eliehoenai came from the family line of Pahath-Moab. Eliehoenai was the son of Zerahiah. The total number of men with him was 200."
                },
                "5": {
                    "verse_nr": "5",
                    "verse": "Shekaniah came from the family line of Zattu. Shekaniah was the son of Jahaziel. The total number of men with him was 300."
                },
                "6": {
                    "verse_nr": "6",
                    "verse": "Ebed came from the family line of Adin. Ebed was the son of Jonathan. The total number of men with him was 50."
                },
                "7": {
                    "verse_nr": "7",
                    "verse": "Jeshaiah came from the family line of Elam. Jeshaiah was the son of Athaliah. The total number of men with him was 70."
                },
                "8": {
                    "verse_nr": "8",
                    "verse": "Zebadiah came from the family line of Shephatiah. Zebadiah was the son of Michael. The total number of men with him was 80."
                },
                "9": {
                    "verse_nr": "9",
                    "verse": "Obadiah came from the family line of Joab. Obadiah was the son of Jehiel. The total number of men with him was 218."
                },
                "10": {
                    "verse_nr": "10",
                    "verse": "Shelomith came from the family line of Bani. Shelomith was the son of Josiphiah. The total number of men with him was 160."
                },
                "11": {
                    "verse_nr": "11",
                    "verse": "Zechariah came from the family line of Bebai. Zechariah was the son of Bebai. The total number of men with him was 28."
                },
                "12": {
                    "verse_nr": "12",
                    "verse": "Johanan came from the family line of Azgad. Johanan was the son of Hakkatan. The total number of men with him was 110."
                },
                "13": {
                    "verse_nr": "13",
                    "verse": "Eliphelet, Jeuel and Shemaiah came from the family line of Adonikam. Some members of their family had gone up to Jerusalem before them. The total number of men with them was 60."
                },
                "14": {
                    "verse_nr": "14",
                    "verse": "Uthai and Zakkur came from the family line of Bigvai. The total number of men with them was 70."
                },
                "15": {
                    "verse_nr": "15",
                    "verse": "Ezra Leads Many Jews Back to Jerusalem - I gathered the people together at the canal that flows toward Ahava. We camped there for three days. I looked for Levites among the people and priests. But I didn\u2019t find any."
                },
                "16": {
                    "verse_nr": "16",
                    "verse": "So I sent for Eliezer, Ariel, Shemaiah, Elnathan and Jarib. I also sent for Elnathan, Nathan, Zechariah and Meshullam. All of them were leaders. And I sent for Joiarib and Elnathan. They were very well educated."
                },
                "17": {
                    "verse_nr": "17",
                    "verse": "I ordered all those men to go to Iddo. He was the leader in Kasiphia. He and his Levite relatives were temple servants there. I told my men what to say to them. I wanted Iddo and his Levite relatives to bring some attendants to us for the house of our God."
                },
                "18": {
                    "verse_nr": "18",
                    "verse": "God was gracious to us and helped us. So they brought us Sherebiah, a very capable man. He came from the family line of Mahli. Mahli was the son of Levi. Levi was a son of Israel. They also brought us Sherebiah\u2019s sons and brothers. The total number of men was 18."
                },
                "19": {
                    "verse_nr": "19",
                    "verse": "And they brought Hashabiah and his brothers and nephews. They brought them together with Jeshaiah. He came from the family line of Merari. The total number of men was 20."
                },
                "20": {
                    "verse_nr": "20",
                    "verse": "They also brought 220 of the temple servants. That was a special group David and his officials had established. They were supposed to help the Levites. All of them were listed by name."
                },
                "21": {
                    "verse_nr": "21",
                    "verse": "By the canal that flows toward Ahava, I announced a fast. I told the people not to eat any food. In that way, we made ourselves humble in God\u2019s sight. We prayed that he would give us and our children a safe journey. We asked him to keep safe everything we owned."
                },
                "22": {
                    "verse_nr": "22",
                    "verse": "I was ashamed to ask King Artaxerxes for soldiers and horsemen. They could have kept us safe from enemies on the road. But we had told the king that our God would keep us safe. We had said, \u201cOur God is gracious and helps everyone who looks to him. But he becomes very angry with anyone who deserts him.\u201d"
                },
                "23": {
                    "verse_nr": "23",
                    "verse": "So we didn\u2019t eat anything. We prayed to our God about all these matters. And he answered our prayers."
                },
                "24": {
                    "verse_nr": "24",
                    "verse": "Then I set apart 12 of the leading priests. They were Sherebiah, Hashabiah and ten of their relatives."
                },
                "25": {
                    "verse_nr": "25",
                    "verse": "I weighed out to them the offering of silver and gold and other things. They had been given for the house of our God. The king, his advisers and officials, and all the Israelites who were there had given them."
                },
                "26": {
                    "verse_nr": "26",
                    "verse": "I weighed out 24 tons of silver and gave it to those men. I weighed out almost four tons of silver things. I weighed out almost four tons of gold."
                },
                "27": {
                    "verse_nr": "27",
                    "verse": "I weighed out 20 gold bowls. They weighed 19 pounds. I also weighed out two fine objects. The bronze they were made out of was highly polished. They were as priceless as gold."
                },
                "28": {
                    "verse_nr": "28",
                    "verse": "I said to those men, \u201cYou are set apart to the LORD. So are these things. The silver and gold were offered to the LORD by those who chose to give them. He is the God of your people."
                },
                "29": {
                    "verse_nr": "29",
                    "verse": "Guard all these things carefully until you weigh them out. Weigh them in the special rooms of the LORD\u2019s temple in Jerusalem. Do this in front of the leading priests and the Levites. Make sure the family leaders of Israel are watching.\u201d"
                },
                "30": {
                    "verse_nr": "30",
                    "verse": "Then the priests and Levites received the silver and gold and sacred objects. All of them had been weighed out. They were going to be taken to the house of our God in Jerusalem."
                },
                "31": {
                    "verse_nr": "31",
                    "verse": "On the 12th day of the first month we started out. We left the canal that flows toward Ahava. And we headed for Jerusalem. Our God helped us. He kept us safe from enemies and robbers along the way."
                },
                "32": {
                    "verse_nr": "32",
                    "verse": "So we arrived in Jerusalem. There we rested for three days."
                },
                "33": {
                    "verse_nr": "33",
                    "verse": "On the fourth day we weighed out the silver and gold. We also weighed out the sacred objects. We weighed everything in the house of our God. We handed all of it over to Meremoth the priest. He was the son of Uriah. Eleazar, Jozabad and Noadiah were with him. Eleazar was the son of Phinehas. Jozabad was the son of Jeshua. Noadiah was the son of Binnui. Jozabad and Noadiah were Levites."
                },
                "34": {
                    "verse_nr": "34",
                    "verse": "Everything was listed by number and weight. And the total weight was recorded at that time."
                },
                "35": {
                    "verse_nr": "35",
                    "verse": "Then the people sacrificed burnt offerings to the God of Israel. They had returned from Babylon. They offered 12 bulls for the whole nation of Israel. They offered 96 rams and 77 male lambs. All of that was a burnt offering to the LORD. They sacrificed 12 male goats as a sin offering."
                },
                "36": {
                    "verse_nr": "36",
                    "verse": "They also handed over the king\u2019s orders. They gave them to the royal officials and governors who ruled over the land west of the Euphrates River. Then those men helped the people. They also did many things for the house of God."
                }
            }
        },
        "9": {
            "chapter_nr": "9",
            "chapter": {
                "1": {
                    "verse_nr": "1",
                    "verse": "Ezra Prays for the People - After all these things had been done, the leaders came to me. They said, \u201cThe people of Israel have committed sins. Even the priests and Levites have sinned. They haven\u2019t kept themselves separate from the nations around them. The LORD hates the practices of those nations. He hates what the Canaanites, Hittites, Perizzites and Jebusites do. He also hates what the Ammonites, Moabites, Egyptians and Amorites do."
                },
                "2": {
                    "verse_nr": "2",
                    "verse": "The men of Israel have married the daughters of some of those people. They\u2019ve also taken some of those women for their sons to marry. So they\u2019ve mixed our holy nation with the nations around us. We leaders and officials have also married women who don\u2019t worship the LORD. By doing this, we have led the way in breaking our covenant with the LORD.\u201d"
                },
                "3": {
                    "verse_nr": "3",
                    "verse": "When I heard that, I tore my inner robe and my coat. I pulled hair from my head and beard. I was so shocked I sat down."
                },
                "4": {
                    "verse_nr": "4",
                    "verse": "Then everyone who trembled with fear at God\u2019s words gathered around me. That\u2019s because the people who had returned from Babylon had not been faithful. So I was very upset. I just sat there until the time of the evening sacrifice."
                },
                "5": {
                    "verse_nr": "5",
                    "verse": "Then I got up. I had been very sad for quite a while. My inner robe and my coat were torn. I fell down on my knees. I spread my hands out to the LORD my God."
                },
                "6": {
                    "verse_nr": "6",
                    "verse": "I prayed, \u201cI\u2019m filled with shame and dishonor, my God. I can hardly look to you and pray. That\u2019s because our sins are piled up above our heads. Our guilt reaches all the way to the heavens."
                },
                "7": {
                    "verse_nr": "7",
                    "verse": "We are filled with it. It has been like that ever since the days of our people who lived long ago. Kings of other countries have killed many of us and our kings and priests with their swords. They\u2019ve forced others to leave their own land. They\u2019ve taken them away as prisoners. They\u2019ve robbed others. They\u2019ve made still others feel ashamed and dishonored. All these things have happened to us because we\u2019ve committed so many sins. And that\u2019s how things still are to this day."
                },
                "8": {
                    "verse_nr": "8",
                    "verse": "\u201cBut you are the LORD our God. Now you have shown us your kindness for a short time. That\u2019s because you have allowed a few of us to remain here. Your temple has given us new hope. So you have made things easier for us. You have given us a little rest from our slavery."
                },
                "9": {
                    "verse_nr": "9",
                    "verse": "We are still slaves. But you are our God. You haven\u2019t turned away from us. You haven\u2019t left us in our slavery. You have been kind to us. The kings of Persia have seen it. You have given us new life to repair your temple and rebuild it. You have given us a place of safety in Judah and Jerusalem."
                },
                "10": {
                    "verse_nr": "10",
                    "verse": "\u201cYou are our God. What can we say after the way you have blessed us? We have turned away from your commands."
                },
                "11": {
                    "verse_nr": "11",
                    "verse": "You gave us your commands through your servants the prophets. You said, \u2018You are entering the land to take it as your own. The sinful practices of its people have made the land impure. They have filled it with their \u201cunclean\u201d acts from one end to the other. The LORD hates all their practices."
                },
                "12": {
                    "verse_nr": "12",
                    "verse": "So don\u2019t let your daughters marry their sons. And don\u2019t let their daughters marry your sons. Don\u2019t make a peace treaty with them at any time. Then you will be strong. You will eat the good things the land produces. And you will leave all of it to your children as their share. They and their children after them will enjoy it forever.\u2019"
                },
                "13": {
                    "verse_nr": "13",
                    "verse": "\u201cOur evil acts and our terrible sins have brought about the things that have happened to us. You are our God. Because we sinned so much, you should have punished us even more than you have. But you have left many of your people alive."
                },
                "14": {
                    "verse_nr": "14",
                    "verse": "Suppose we don\u2019t obey your commands again. And suppose we continue to marry people who commit sins that you hate. If we do, you will be so angry with us that you will destroy us. You won\u2019t leave us even a few people. You won\u2019t leave anyone alive."
                },
                "15": {
                    "verse_nr": "15",
                    "verse": "LORD, you are the God of Israel. You are holy. You always do what is right. Today you have left many of your people alive. Here we are with all our guilt. You see the guilt of our sin. Because we have sinned, not one of us can stand in front of you.\u201d"
                }
            }
        },
        "10": {
            "chapter_nr": "10",
            "chapter": {
                "1": {
                    "verse_nr": "1",
                    "verse": "The People Admit They Have Sinned - Ezra was praying and admitting to God that his people had sinned. He was weeping and throwing himself down in front of the house of God. Then a large crowd of Israelites gathered around him. Men, women and children were there. They too wept bitterly."
                },
                "2": {
                    "verse_nr": "2",
                    "verse": "Shekaniah spoke to Ezra. Shekaniah was the son of Jehiel. He belonged to the family line of Elam. Shekaniah said, \u201cWe haven\u2019t been faithful to our God. We\u2019ve married women from the nations around us. In spite of that, there is still hope for Israel."
                },
                "3": {
                    "verse_nr": "3",
                    "verse": "So let\u2019s make a covenant in front of our God. Let\u2019s promise to send away all these women and their children. That\u2019s what you have advised us to do. Those who respect our God\u2019s commands have given us the same advice. We want to do what the Law says."
                },
                "4": {
                    "verse_nr": "4",
                    "verse": "Get up, Ezra. This matter is in your hands. Do what you need to. We will be behind you all the way. Be brave and do it.\u201d"
                },
                "5": {
                    "verse_nr": "5",
                    "verse": "So Ezra got up. He made the leading priests and Levites and all the Israelites make a promise. He made them promise they would do what Shekaniah had suggested. And they made that promise."
                },
                "6": {
                    "verse_nr": "6",
                    "verse": "Then Ezra left the house of God. He went to Jehohanan\u2019s room. Jehohanan was the son of Eliashib. While Ezra was there, he didn\u2019t eat any food. He didn\u2019t drink any water. That\u2019s because he was filled with sadness. He mourned because the people weren\u2019t faithful to the LORD\u2019s commands. Those people were the ones who had returned from the land of Babylon."
                },
                "7": {
                    "verse_nr": "7",
                    "verse": "Then an announcement was sent all through Judah and Jerusalem. All the people who had returned were told to gather together in Jerusalem."
                },
                "8": {
                    "verse_nr": "8",
                    "verse": "They were supposed to come there before three days had passed. If they didn\u2019t, they would lose all their property. They would also be removed from the community of those who had returned. That\u2019s what the officials and elders had decided."
                },
                "9": {
                    "verse_nr": "9",
                    "verse": "Before the three days were over, all the men of Judah and Benjamin had gathered together in Jerusalem. It was the 20th day of the ninth month. They were sitting in the open area in front of the house of God. They were very upset by what they knew would happen. And they were upset because it was raining."
                },
                "10": {
                    "verse_nr": "10",
                    "verse": "Then Ezra the priest stood up. He said, \u201cYou haven\u2019t been faithful to the LORD. You have married women from other lands. So you have added to Israel\u2019s guilt."
                },
                "11": {
                    "verse_nr": "11",
                    "verse": "Now honor the LORD, the God of your people. Then do what he wants you to do. Separate yourselves from the nations around you. Send away your wives from other lands.\u201d"
                },
                "12": {
                    "verse_nr": "12",
                    "verse": "The whole community answered with a loud voice. They said, \u201cYou are right! We must do as you say."
                },
                "13": {
                    "verse_nr": "13",
                    "verse": "But there are a lot of people here. And it\u2019s the rainy season. So we can\u2019t stand outside. Besides, this matter can\u2019t be taken care of in just a day or two. That\u2019s because we have sinned terribly by what we\u2019ve done."
                },
                "14": {
                    "verse_nr": "14",
                    "verse": "Our officials can act for the whole community. Have everyone in our towns who has married a woman from another land come at a certain time. Tell them to come together with the elders and judges of each town. Then our God will no longer be angry with us concerning this whole matter.\u201d"
                },
                "15": {
                    "verse_nr": "15",
                    "verse": "Only a few men opposed that. They included Jonathan and Jahzeiah. Meshullam and Shabbethai the Levite joined them. Jonathan was the son of Asahel. Jahzeiah was the son of Tikvah."
                },
                "16": {
                    "verse_nr": "16",
                    "verse": "So those who had returned did what had been suggested. Ezra the priest chose some family leaders. There was one from each family group. All of them were chosen by name. They sat down to check out each case. They started on the first day of the tenth month."
                },
                "17": {
                    "verse_nr": "17",
                    "verse": "By the first day of the first month they were finished. They had handled all the cases of the men who had married women from other lands."
                },
                "18": {
                    "verse_nr": "18",
                    "verse": "A List of Those Who Had Married Women From Other Lands - Among the family lines of the priests, here are the men who had married women from other lands. Maaseiah, Eliezer, Jarib and Gedaliah came from the family line of Joshua and his brothers. Joshua was the son of Jozadak."
                },
                "19": {
                    "verse_nr": "19",
                    "verse": "All of them made a firm promise to send their wives away. Each of these men brought a ram from his flock as a guilt offering."
                },
                "20": {
                    "verse_nr": "20",
                    "verse": "Hanani and Zebadiah came from the family line of Immer."
                },
                "21": {
                    "verse_nr": "21",
                    "verse": "Maaseiah and Elijah came from the family line of Harim. So did Shemaiah, Jehiel and Uzziah."
                },
                "22": {
                    "verse_nr": "22",
                    "verse": "Elioenai, Maaseiah and Ishmael came from the family line of Pashhur. So did Nethanel, Jozabad and Elasah."
                },
                "23": {
                    "verse_nr": "23",
                    "verse": "Among the Levites, here are the men who had married women from other lands. There were Jozabad, Shimei and Kelaiah. There were also Pethahiah, Judah and Eliezer. Kelaiah\u2019s other name was Kelita."
                },
                "24": {
                    "verse_nr": "24",
                    "verse": "Eliashib came from the musicians. Shallum, Telem and Uri came from the men who guarded the temple gates."
                },
                "25": {
                    "verse_nr": "25",
                    "verse": "Among the other Israelites, here are the men who had married women from other lands. Ramiah, Izziah, Malkijah and Mijamin came from the family line of Parosh. So did Eleazar, Malkijah and Benaiah."
                },
                "26": {
                    "verse_nr": "26",
                    "verse": "Mattaniah, Zechariah and Jehiel came from the family line of Elam. So did Abdi, Jeremoth and Elijah."
                },
                "27": {
                    "verse_nr": "27",
                    "verse": "Elioenai, Eliashib and Mattaniah came from the family line of Zattu. So did Jeremoth, Zabad and Aziza."
                },
                "28": {
                    "verse_nr": "28",
                    "verse": "Jehohanan, Hananiah, Zabbai and Athlai came from the family line of Bebai."
                },
                "29": {
                    "verse_nr": "29",
                    "verse": "Meshullam, Malluk and Adaiah came from the family line of Bani. So did Jashub, Sheal and Jeremoth."
                },
                "30": {
                    "verse_nr": "30",
                    "verse": "Adna, Kelal, Benaiah and Maaseiah came from the family line of Pahath-Moab. So did Mattaniah, Bezalel, Binnui and Manasseh."
                },
                "31": {
                    "verse_nr": "31",
                    "verse": "Eliezer, Ishijah, Malkijah, Shemaiah and Shimeon came from the family line of Harim."
                },
                "32": {
                    "verse_nr": "32",
                    "verse": "So did Benjamin, Malluk and Shemariah."
                },
                "33": {
                    "verse_nr": "33",
                    "verse": "Mattenai, Mattattah, Zabad and Eliphelet came from the family line of Hashum. So did Jeremai, Manasseh and Shimei."
                },
                "34": {
                    "verse_nr": "34",
                    "verse": "Maadai, Amram and Uel came from the family line of Bani."
                },
                "35": {
                    "verse_nr": "35",
                    "verse": "So did Benaiah, Bedeiah, Keluhi,"
                },
                "36": {
                    "verse_nr": "36",
                    "verse": "Vaniah, Meremoth, Eliashib,"
                },
                "37": {
                    "verse_nr": "37",
                    "verse": "Mattaniah, Mattenai and Jaasu."
                },
                "38": {
                    "verse_nr": "38",
                    "verse": "Shimei came from the family line of Binnui."
                },
                "39": {
                    "verse_nr": "39",
                    "verse": "So did Shelemiah, Nathan, Adaiah,"
                },
                "40": {
                    "verse_nr": "40",
                    "verse": "Maknadebai, Shashai, Sharai,"
                },
                "41": {
                    "verse_nr": "41",
                    "verse": "Azarel, Shelemiah, Shemariah,"
                },
                "42": {
                    "verse_nr": "42",
                    "verse": "Shallum, Amariah and Joseph."
                },
                "43": {
                    "verse_nr": "43",
                    "verse": "Jeiel, Mattithiah, Zabad and Zebina came from the family line of Nebo. So did Jaddai, Joel and Benaiah."
                },
                "44": {
                    "verse_nr": "44",
                    "verse": "All these men had married women from other lands. Some of them had even had children by those wives."
                }
            }
        }
    }
}