{
    "version": "NIRV",
    "book_name": "Hebrews",
    "book_nr": "58",
    "book": {
        "1": {
            "chapter_nr": "1",
            "chapter": {
                "1": {
                    "verse_nr": "1",
                    "verse": "God Speaks His Final Word Through His Son - In the past, God spoke to our people through the prophets. He spoke at many times. He spoke in different ways."
                },
                "2": {
                    "verse_nr": "2",
                    "verse": "But in these last days, he has spoken to us through his Son. He is the one whom God appointed to receive all things. God also made everything through him."
                },
                "3": {
                    "verse_nr": "3",
                    "verse": "The Son is the shining brightness of God\u2019s glory. He is the exact likeness of God\u2019s being. He uses his powerful word to hold all things together. He provided the way for people to be made pure from sin. Then he sat down at the right hand of the King, the Majesty in heaven."
                },
                "4": {
                    "verse_nr": "4",
                    "verse": "So he became higher than the angels. The name he received is more excellent than theirs."
                },
                "5": {
                    "verse_nr": "5",
                    "verse": "The Son Is Greater Than the Angels - God never said to any of the angels, \u201cYou are my Son. Today I have become your Father.\u201d (Psalm 2:7) Or, \u201cI will be his Father. And he will be my Son.\u201d (2 Samuel 7:14; 1 Chronicles 17:13)"
                },
                "6": {
                    "verse_nr": "6",
                    "verse": "God\u2019s first and only Son is over all things. When God brings him into the world, he says, \u201cLet all God\u2019s angels worship him.\u201d (Deuteronomy 32:43)"
                },
                "7": {
                    "verse_nr": "7",
                    "verse": "Here is something else God says about the angels. \u201cGod makes his angels to be like spirits. He makes those who serve him to be like flashes of lightning.\u201d (Psalm 104:4)"
                },
                "8": {
                    "verse_nr": "8",
                    "verse": "But here is what he says about the Son. \u201cYou are God. Your throne will last for ever and ever. Your kingdom will be ruled by justice."
                },
                "9": {
                    "verse_nr": "9",
                    "verse": "You have loved what is right and hated what is evil. So your God has placed you above your companions. He has filled you with joy by pouring the sacred oil on your head.\u201d (Psalm 45:6,7)"
                },
                "10": {
                    "verse_nr": "10",
                    "verse": "He also says, \u201cLord, in the beginning you made the earth secure. You placed it on its foundations. The heavens are the work of your hands."
                },
                "11": {
                    "verse_nr": "11",
                    "verse": "They will pass away. But you remain. They will all wear out like a piece of clothing."
                },
                "12": {
                    "verse_nr": "12",
                    "verse": "You will roll them up like a robe. They will be changed as a person changes clothes. But you remain the same. Your years will never end.\u201d (Psalm 102:25\u201327)"
                },
                "13": {
                    "verse_nr": "13",
                    "verse": "God never said to an angel, \u201cSit at my right hand until I put your enemies under your control.\u201d (Psalm 110:1)"
                },
                "14": {
                    "verse_nr": "14",
                    "verse": "All angels are spirits who serve. God sends them to serve those who will receive salvation."
                }
            }
        },
        "2": {
            "chapter_nr": "2",
            "chapter": {
                "1": {
                    "verse_nr": "1",
                    "verse": "A Warning to Pay Attention - So we must pay the most careful attention to what we have heard. Then we will not drift away from it."
                },
                "2": {
                    "verse_nr": "2",
                    "verse": "Even the message God spoke through angels had to be obeyed. Every time people broke the Law, they were punished. Every time they didn\u2019t obey, they were punished."
                },
                "3": {
                    "verse_nr": "3",
                    "verse": "Then how will we escape if we don\u2019t pay attention to God\u2019s great salvation? The Lord first announced this salvation. Those who heard him gave us the message about it."
                },
                "4": {
                    "verse_nr": "4",
                    "verse": "God showed that this message is true by signs and wonders. He showed that it\u2019s true by different kinds of miracles. God also showed that this message is true by the gifts of the Holy Spirit. God gave them out as it pleased him."
                },
                "5": {
                    "verse_nr": "5",
                    "verse": "Jesus Was Made Fully Human - God has not put angels in charge of the world that is going to come. We are talking about that world."
                },
                "6": {
                    "verse_nr": "6",
                    "verse": "There is a place where someone has spoken about this. He said, \u201cWhat are human beings that you think about them? What is a son of man that you take care of him?"
                },
                "7": {
                    "verse_nr": "7",
                    "verse": "You made them a little lower than the angels. You placed on them a crown of glory and honor."
                },
                "8": {
                    "verse_nr": "8",
                    "verse": "You have put everything under their control.\u201d (Psalm 8:4\u20136) So God has put everything under his Son. Everything is under his control. We do not now see everything under his control."
                },
                "9": {
                    "verse_nr": "9",
                    "verse": "But we do see Jesus already given a crown of glory and honor. He was made lower than the angels for a little while. He suffered death. By the grace of God, he tasted death for everyone. That is why he was given his crown."
                },
                "10": {
                    "verse_nr": "10",
                    "verse": "God has made everything. He is now bringing his many sons and daughters to share in his glory. It is only right that Jesus is the one to lead them into their salvation. That\u2019s because God made him perfect by his sufferings."
                },
                "11": {
                    "verse_nr": "11",
                    "verse": "And Jesus, who makes people holy, and the people he makes holy belong to the same family. So Jesus is not ashamed to call them his brothers and sisters."
                },
                "12": {
                    "verse_nr": "12",
                    "verse": "He says, \u201cI will announce your name to my brothers and sisters. I will sing your praises among those who worship you.\u201d (Psalm 22:22)"
                },
                "13": {
                    "verse_nr": "13",
                    "verse": "Again he says, \u201cI will put my trust in him.\u201d (Isaiah 8:17) And again he says, \u201cHere I am. Here are the children God has given me.\u201d (Isaiah 8:18)"
                },
                "14": {
                    "verse_nr": "14",
                    "verse": "Those children have bodies made out of flesh and blood. So Jesus became human like them in order to die for them. By doing this, he could break the power of the devil. The devil is the one who rules over the kingdom of death."
                },
                "15": {
                    "verse_nr": "15",
                    "verse": "Jesus could set people free who were afraid of death. All their lives they were held as slaves by that fear."
                },
                "16": {
                    "verse_nr": "16",
                    "verse": "It is certainly Abraham\u2019s children that he helps. He doesn\u2019t help angels."
                },
                "17": {
                    "verse_nr": "17",
                    "verse": "So he had to be made like people, fully human in every way. Then he could serve God as a kind and faithful high priest. And then he could pay for the sins of the people by dying for them."
                },
                "18": {
                    "verse_nr": "18",
                    "verse": "He himself suffered when he was tempted. Now he is able to help others who are being tempted."
                }
            }
        },
        "3": {
            "chapter_nr": "3",
            "chapter": {
                "1": {
                    "verse_nr": "1",
                    "verse": "Jesus Is Greater Than Moses - Holy brothers and sisters, God chose you to be his people. So keep thinking about Jesus. We embrace him as our apostle and our high priest."
                },
                "2": {
                    "verse_nr": "2",
                    "verse": "Moses was faithful in everything he did in the house of God. In the same way, Jesus was faithful to the God who appointed him."
                },
                "3": {
                    "verse_nr": "3",
                    "verse": "The person who builds a house has greater honor than the house itself. In the same way, Jesus has been found worthy of greater honor than Moses."
                },
                "4": {
                    "verse_nr": "4",
                    "verse": "Every house is built by someone. But God is the builder of everything."
                },
                "5": {
                    "verse_nr": "5",
                    "verse": "\u201cMoses was faithful as one who serves in the house of God.\u201d (Numbers 12:7) He was a witness to what God would say in days to come."
                },
                "6": {
                    "verse_nr": "6",
                    "verse": "But Christ is faithful as the Son over the house of God. And we are his house if we hold tightly to what we are certain about. We must also hold tightly to the hope we boast in."
                },
                "7": {
                    "verse_nr": "7",
                    "verse": "A Warning Against Unbelief - The Holy Spirit says, \u201cListen to his voice today."
                },
                "8": {
                    "verse_nr": "8",
                    "verse": "If you hear it, don\u2019t be stubborn. You were stubborn when you opposed me. You did that when you were tested in the desert."
                },
                "9": {
                    "verse_nr": "9",
                    "verse": "There your people of long ago tested me. Yet for 40 years they saw what I did."
                },
                "10": {
                    "verse_nr": "10",
                    "verse": "That is why I was angry with them. I said, \u2018Their hearts are always going astray. They have not known my ways.\u2019"
                },
                "11": {
                    "verse_nr": "11",
                    "verse": "So when I was angry, I made a promise. I said, \u2018They will never enjoy the rest I planned for them.\u2019\u2009\u201d (Psalm 95:7\u201311)"
                },
                "12": {
                    "verse_nr": "12",
                    "verse": "Brothers and sisters, make sure that none of you has a sinful heart. Do not let an unbelieving heart turn you away from the living God."
                },
                "13": {
                    "verse_nr": "13",
                    "verse": "But build one another up every day. Do it as long as there is still time. Then none of you will become stubborn. You won\u2019t be fooled by sin\u2019s tricks."
                },
                "14": {
                    "verse_nr": "14",
                    "verse": "We belong to Christ if we hold tightly to the faith we had at first. But we must hold it tightly until the end."
                },
                "15": {
                    "verse_nr": "15",
                    "verse": "It has just been said, \u201cListen to his voice today. If you hear it, don\u2019t be stubborn. You were stubborn when you opposed me.\u201d (Psalm 95:7,8)"
                },
                "16": {
                    "verse_nr": "16",
                    "verse": "Who were those who heard and refused to obey? Weren\u2019t they all the people Moses led out of Egypt?"
                },
                "17": {
                    "verse_nr": "17",
                    "verse": "Who was God angry with for 40 years? Wasn\u2019t it with those who sinned? They died in the desert."
                },
                "18": {
                    "verse_nr": "18",
                    "verse": "God promised that those people would never enjoy the rest he planned for them. God gave his word when he made that promise. Didn\u2019t he make that promise to those who didn\u2019t obey?"
                },
                "19": {
                    "verse_nr": "19",
                    "verse": "So we see that they weren\u2019t able to enter. That\u2019s because they didn\u2019t believe."
                }
            }
        },
        "4": {
            "chapter_nr": "4",
            "chapter": {
                "1": {
                    "verse_nr": "1",
                    "verse": "God\u2019s People Enter His Sabbath Rest - God\u2019s promise of enjoying his rest still stands. So be careful that none of you fails to receive it."
                },
                "2": {
                    "verse_nr": "2",
                    "verse": "The good news was announced to our people of long ago. It has also been preached to us. The message they heard didn\u2019t have any value for them. That\u2019s because they didn\u2019t share the faith of those who obeyed."
                },
                "3": {
                    "verse_nr": "3",
                    "verse": "Now we who have believed enjoy that rest. God said, \u201cWhen I was angry, I made a promise. I said, \u2018They will never enjoy the rest I planned for them.\u2019\u2009\u201d (Psalm 95:11) Ever since God created the world, his works have been finished."
                },
                "4": {
                    "verse_nr": "4",
                    "verse": "Somewhere he spoke about the seventh day. He said, \u201cOn the seventh day God rested from all his works.\u201d (Genesis 2:2)"
                },
                "5": {
                    "verse_nr": "5",
                    "verse": "In the part of Scripture I talked about earlier God spoke. He said, \u201cThey will never enjoy the rest I planned for them.\u201d (Psalm 95:11)"
                },
                "6": {
                    "verse_nr": "6",
                    "verse": "It is still true that some people will enjoy this rest. But those who had the good news announced to them earlier didn\u2019t go in. That\u2019s because they didn\u2019t obey."
                },
                "7": {
                    "verse_nr": "7",
                    "verse": "So God again chose a certain day. He named it Today. He did this when he spoke through David a long time later. Here is what was written in the Scripture already given. \u201cListen to his voice today. If you hear it, don\u2019t be stubborn.\u201d (Psalm 95:7,8)"
                },
                "8": {
                    "verse_nr": "8",
                    "verse": "Suppose Joshua had given them rest. If he had, God would not have spoken later about another day."
                },
                "9": {
                    "verse_nr": "9",
                    "verse": "So there is still a Sabbath rest for God\u2019s people."
                },
                "10": {
                    "verse_nr": "10",
                    "verse": "God rested from his work. Those who enjoy God\u2019s rest also rest from their works."
                },
                "11": {
                    "verse_nr": "11",
                    "verse": "So let us make every effort to enjoy that rest. Then no one will die by disobeying as they did."
                },
                "12": {
                    "verse_nr": "12",
                    "verse": "The word of God is alive and active. It is sharper than any sword that has two edges. It cuts deep enough to separate soul from spirit. It can separate bones from joints. It judges the thoughts and purposes of the heart."
                },
                "13": {
                    "verse_nr": "13",
                    "verse": "Nothing God created is hidden from him. His eyes see everything. He will hold us responsible for everything we do."
                },
                "14": {
                    "verse_nr": "14",
                    "verse": "Jesus Is the Great High Priest - We have a great high priest. He has gone up into heaven. He is Jesus the Son of God. So let us hold firmly to what we say we believe."
                },
                "15": {
                    "verse_nr": "15",
                    "verse": "We have a high priest who can feel it when we are weak and hurting. We have a high priest who has been tempted in every way, just as we are. But he did not sin."
                },
                "16": {
                    "verse_nr": "16",
                    "verse": "So let us boldly approach God\u2019s throne of grace. Then we will receive mercy. We will find grace to help us when we need it."
                }
            }
        },
        "5": {
            "chapter_nr": "5",
            "chapter": {
                "1": {
                    "verse_nr": "1",
                    "verse": "Every high priest is chosen from among the people. He is appointed to act for the people. He acts for them in whatever has to do with God. He offers gifts and sacrifices for their sins."
                },
                "2": {
                    "verse_nr": "2",
                    "verse": "Some people have gone astray without knowing it. He is able to deal gently with them. He can do that because he himself is weak."
                },
                "3": {
                    "verse_nr": "3",
                    "verse": "That\u2019s why he has to offer sacrifices for his own sins. He must also do it for the sins of the people."
                },
                "4": {
                    "verse_nr": "4",
                    "verse": "And no one can take this honor for himself. Instead, he receives it when he is appointed by God. That is just how it was for Aaron."
                },
                "5": {
                    "verse_nr": "5",
                    "verse": "It was the same for Christ. He did not take for himself the glory of becoming a high priest. But God said to him, \u201cYou are my Son. Today I have become your Father.\u201d (Psalm 2:7)"
                },
                "6": {
                    "verse_nr": "6",
                    "verse": "In another place God said, \u201cYou are a priest forever, just like Melchizedek.\u201d (Psalm 110:4)"
                },
                "7": {
                    "verse_nr": "7",
                    "verse": "Jesus prayed while he lived on earth. He made his appeal with sincere cries and tears. He prayed to the God who could save him from death. God answered Jesus because he truly honored God."
                },
                "8": {
                    "verse_nr": "8",
                    "verse": "Jesus was God\u2019s Son. But by suffering he learned what it means to obey."
                },
                "9": {
                    "verse_nr": "9",
                    "verse": "In this way he was made perfect. Eternal salvation comes from him. He saves all those who obey him."
                },
                "10": {
                    "verse_nr": "10",
                    "verse": "God appointed him to be the high priest, just like Melchizedek."
                },
                "11": {
                    "verse_nr": "11",
                    "verse": "A Warning Against Falling Away - We have a lot to say about this. But it is hard to make it clear to you. That\u2019s because you are no longer trying to understand."
                },
                "12": {
                    "verse_nr": "12",
                    "verse": "By this time you should be teachers. But in fact, you need someone to teach you all over again. You need even the simple truths of God\u2019s word. You need milk, not solid food."
                },
                "13": {
                    "verse_nr": "13",
                    "verse": "Anyone who lives on milk is still a baby. That person does not want to learn about living a godly life."
                },
                "14": {
                    "verse_nr": "14",
                    "verse": "Solid food is for those who are grown up. They have trained themselves to tell the difference between good and evil. That shows they have grown up."
                }
            }
        },
        "6": {
            "chapter_nr": "6",
            "chapter": {
                "1": {
                    "verse_nr": "1",
                    "verse": "So let us move beyond the simple teachings about Christ. Let us grow up as believers. Let us not start all over again with the basic teachings. They taught us that we need to turn away from doing things that lead to death. They taught us that we must have faith in God."
                },
                "2": {
                    "verse_nr": "2",
                    "verse": "These basic teachings taught us about different ways of becoming \u201cclean.\u201d They taught us about placing hands of blessing on people. They taught us that people will rise from the dead. They taught us that God will judge everyone. And they taught us that what he decides will last forever."
                },
                "3": {
                    "verse_nr": "3",
                    "verse": "If God permits, we will go beyond those teachings and grow up."
                },
                "4": {
                    "verse_nr": "4",
                    "verse": "What if some people fall away from the faith? It won\u2019t be possible to bring them back. It is true that they have seen the light. They have tasted the heavenly gift. They have shared in the Holy Spirit."
                },
                "5": {
                    "verse_nr": "5",
                    "verse": "They have tasted the good things of God\u2019s word. They have tasted the powers of the age to come."
                },
                "6": {
                    "verse_nr": "6",
                    "verse": "But they have fallen away from the faith. So it won\u2019t be possible to bring them back. They won\u2019t be able to turn away from their sins. They are losing everything. That\u2019s because they are nailing the Son of God to the cross all over again. They are bringing shame on him in front of everyone."
                },
                "7": {
                    "verse_nr": "7",
                    "verse": "Some land drinks the rain that falls on it. It produces a crop that is useful to those who farm the land. That land receives God\u2019s blessing."
                },
                "8": {
                    "verse_nr": "8",
                    "verse": "But other land produces only thorns and weeds. That land isn\u2019t worth anything. It is in danger of coming under God\u2019s curse. In the end, it will be burned."
                },
                "9": {
                    "verse_nr": "9",
                    "verse": "Dear friends, we have to say these things. But we are sure of better things in your case. We are talking about the things that have to do with being saved."
                },
                "10": {
                    "verse_nr": "10",
                    "verse": "God is fair. He will not forget what you have done. He will remember the love you have shown him. You showed it when you helped his people. And you show it when you keep on helping them."
                },
                "11": {
                    "verse_nr": "11",
                    "verse": "We want each of you to be faithful to the very end. If you are, then what you hope for will fully happen."
                },
                "12": {
                    "verse_nr": "12",
                    "verse": "We don\u2019t want you to slow down. Instead, be like those who have faith and are patient. They will receive what God promised."
                },
                "13": {
                    "verse_nr": "13",
                    "verse": "God Keeps His Promise - When God made his promise to Abraham, God gave his word. There was no one greater than himself to promise by. So he promised by making an appeal to himself."
                },
                "14": {
                    "verse_nr": "14",
                    "verse": "He said, \u201cI will certainly bless you. I will give you many children.\u201d (Genesis 22:17)"
                },
                "15": {
                    "verse_nr": "15",
                    "verse": "Abraham was patient while he waited. Then he received what God promised him."
                },
                "16": {
                    "verse_nr": "16",
                    "verse": "People promise things by someone greater than themselves. Giving your word makes a promise certain. It puts an end to all arguing."
                },
                "17": {
                    "verse_nr": "17",
                    "verse": "So God gave his word when he made his promise. He wanted to make it very clear that his purpose does not change. He wanted those who would receive what was promised to know this."
                },
                "18": {
                    "verse_nr": "18",
                    "verse": "When God made his promise, he gave his word. He did this so we would have good reason not to give up. Instead, we have run to take hold of the hope set before us. This hope is set before us in God\u2019s promise. So God made his promise and gave his word. These two things can\u2019t change. He couldn\u2019t lie about them."
                },
                "19": {
                    "verse_nr": "19",
                    "verse": "Our hope is certain. It is something for the soul to hold on to. It is strong and secure. It goes all the way into the Most Holy Room behind the curtain."
                },
                "20": {
                    "verse_nr": "20",
                    "verse": "That is where Jesus has gone. He went there to open the way ahead of us. He has become a high priest forever, just like Melchizedek."
                }
            }
        },
        "7": {
            "chapter_nr": "7",
            "chapter": {
                "1": {
                    "verse_nr": "1",
                    "verse": "Melchizedek the Priest - Melchizedek was the king of Salem. He was the priest of God Most High. He met Abraham, who was returning from winning a battle over some kings. Melchizedek blessed him."
                },
                "2": {
                    "verse_nr": "2",
                    "verse": "Abraham gave him a tenth of everything. First, the name Melchizedek means \u201cking of what is right.\u201d Also, \u201cking of Salem\u201d means \u201cking of peace.\u201d"
                },
                "3": {
                    "verse_nr": "3",
                    "verse": "Melchizedek has no father or mother. He has no family line. His days have no beginning. His life has no end. He remains a priest forever. In this way, he is like the Son of God."
                },
                "4": {
                    "verse_nr": "4",
                    "verse": "Think how great Melchizedek was! Even our father Abraham gave him a tenth of what he had captured."
                },
                "5": {
                    "verse_nr": "5",
                    "verse": "Now the law lays down a rule for the sons of Levi who become priests. They must collect a tenth from the people. They must collect it from the other Israelites. They must do this, even though all of them belong to the family line of Abraham."
                },
                "6": {
                    "verse_nr": "6",
                    "verse": "Melchizedek did not trace his family line from Levi. But he collected a tenth from Abraham. Melchizedek blessed the one who had received the promises."
                },
                "7": {
                    "verse_nr": "7",
                    "verse": "Without a doubt, the more important person blesses the less important one."
                },
                "8": {
                    "verse_nr": "8",
                    "verse": "In the one case, the tenth is collected by people who die. But in the other case, it is collected by the one who is said to be living."
                },
                "9": {
                    "verse_nr": "9",
                    "verse": "Levi collects the tenth. But we might say that Levi paid the tenth through Abraham."
                },
                "10": {
                    "verse_nr": "10",
                    "verse": "That\u2019s because when Melchizedek met Abraham, Levi was still in Abraham\u2019s body."
                },
                "11": {
                    "verse_nr": "11",
                    "verse": "Jesus Is Like Melchizedek - The law that was given to the people called for the priestly system. That system began with Levi. Suppose the priestly system could have made people perfect. Then why was there still a need for another priest to come? And why did he need to be like Melchizedek? Why wasn\u2019t he from Aaron\u2019s family line?"
                },
                "12": {
                    "verse_nr": "12",
                    "verse": "A change of the priestly system requires a change of law."
                },
                "13": {
                    "verse_nr": "13",
                    "verse": "We are talking about a priest who is from a different tribe. No one from that tribe has ever served at the altar."
                },
                "14": {
                    "verse_nr": "14",
                    "verse": "It is clear that our Lord came from the family line of Judah. Moses said nothing about priests who were from the tribe of Judah."
                },
                "15": {
                    "verse_nr": "15",
                    "verse": "But suppose another priest like Melchizedek appears. Then what we have said is even more clear."
                },
                "16": {
                    "verse_nr": "16",
                    "verse": "He has not become a priest because of a rule about his family line. He has become a priest because of his powerful life. His life can never be destroyed."
                },
                "17": {
                    "verse_nr": "17",
                    "verse": "Scripture says, \u201cYou are a priest forever, just like Melchizedek.\u201d (Psalm 110:4)"
                },
                "18": {
                    "verse_nr": "18",
                    "verse": "The old rule is set aside. It was weak and useless."
                },
                "19": {
                    "verse_nr": "19",
                    "verse": "The law didn\u2019t make anything perfect. Now a better hope has been given to us. That hope brings us near to God."
                },
                "20": {
                    "verse_nr": "20",
                    "verse": "The change of priestly system was made with a promise. Others became priests without any promise."
                },
                "21": {
                    "verse_nr": "21",
                    "verse": "But Jesus became a priest with a promise. God said to him, \u201cThe Lord has given his word and made a promise. He will not change his mind. He has said, \u2018You are a priest forever.\u2019\u2009\u201d (Psalm 110:4)"
                },
                "22": {
                    "verse_nr": "22",
                    "verse": "Because God gave his word, Jesus makes certain the promise of a better covenant."
                },
                "23": {
                    "verse_nr": "23",
                    "verse": "There were many priests in Levi\u2019s family line. Death kept them from continuing in office."
                },
                "24": {
                    "verse_nr": "24",
                    "verse": "But Jesus lives forever. So he always holds the office of priest."
                },
                "25": {
                    "verse_nr": "25",
                    "verse": "People now come to God through him. And he is able to save them completely and for all time. Jesus lives forever. He prays for them."
                },
                "26": {
                    "verse_nr": "26",
                    "verse": "A high priest like that really meets our need. He is holy, pure and without blame. He isn\u2019t like other people. He does not sin. He is lifted high above the heavens."
                },
                "27": {
                    "verse_nr": "27",
                    "verse": "He isn\u2019t like the other high priests. They need to offer sacrifices day after day. First they bring offerings for their own sins. Then they do it for the sins of the people. But Jesus gave one sacrifice for the sins of the people. He gave it once and for all time. He did it by offering himself."
                },
                "28": {
                    "verse_nr": "28",
                    "verse": "The law appoints as high priests men who are weak. But God\u2019s promise came after the law. By his promise the Son was appointed. The Son has been made perfect forever."
                }
            }
        },
        "8": {
            "chapter_nr": "8",
            "chapter": {
                "1": {
                    "verse_nr": "1",
                    "verse": "The High Priest of a New Covenant - Here is the main point of what we are saying. We have a high priest like that. He sat down at the right hand of the throne of the King, the Majesty in heaven."
                },
                "2": {
                    "verse_nr": "2",
                    "verse": "He serves in the sacred tent. The Lord set up the true holy tent. A mere human being did not set it up."
                },
                "3": {
                    "verse_nr": "3",
                    "verse": "Every high priest is appointed to offer gifts and sacrifices. So this priest also had to have something to offer."
                },
                "4": {
                    "verse_nr": "4",
                    "verse": "What if he were on earth? Then he would not be a priest. There are already priests who offer the gifts required by the law."
                },
                "5": {
                    "verse_nr": "5",
                    "verse": "They serve at a sacred tent. But it is only a copy and shadow of what is in heaven. That\u2019s why God warned Moses when he was about to build the holy tent. God said, \u201cBe sure to make everything just like the pattern I showed you on the mountain.\u201d (Exodus 25:40)"
                },
                "6": {
                    "verse_nr": "6",
                    "verse": "But Jesus has been given a greater work to do for God. He is the go-between for the new covenant. This covenant is better than the old one. The new covenant is based on better promises."
                },
                "7": {
                    "verse_nr": "7",
                    "verse": "Suppose nothing had been wrong with that first covenant. Then no one would have looked for another covenant."
                },
                "8": {
                    "verse_nr": "8",
                    "verse": "But God found fault with the people. He said, \u201cThe days are coming, announces the Lord. I will make a new covenant with the people of Israel. I will also make it with the people of Judah."
                },
                "9": {
                    "verse_nr": "9",
                    "verse": "It will not be like the covenant I made with their people of long ago. That was when I took them by the hand. I led them out of Egypt. My new covenant will be different because they didn\u2019t remain faithful to my old covenant. So I turned away from them, announces the Lord."
                },
                "10": {
                    "verse_nr": "10",
                    "verse": "This is the covenant I will establish with the people of Israel after that time, says the Lord. I will put my laws in their minds. I will write them on their hearts. I will be their God. And they will be my people."
                },
                "11": {
                    "verse_nr": "11",
                    "verse": "People will not teach their neighbor anymore. They will not say to one another, \u2018Know the Lord.\u2019 That\u2019s because everyone will know me. From the least important to the most important, all of them will know me."
                },
                "12": {
                    "verse_nr": "12",
                    "verse": "I will forgive their evil ways. I will not remember their sins anymore.\u201d (Jeremiah 31:31\u201334)"
                },
                "13": {
                    "verse_nr": "13",
                    "verse": "God called this covenant \u201cnew.\u201d So he has done away with the first one. And what is out of date and has been done away with will soon disappear."
                }
            }
        },
        "9": {
            "chapter_nr": "9",
            "chapter": {
                "1": {
                    "verse_nr": "1",
                    "verse": "Worship in the Holy Tent on Earth - The first covenant had rules for worship. It also had a sacred tent on earth."
                },
                "2": {
                    "verse_nr": "2",
                    "verse": "A holy tent was set up. The lampstand was in the first room. So was the table with its holy bread. That was called the Holy Room."
                },
                "3": {
                    "verse_nr": "3",
                    "verse": "Behind the second curtain was a room called the Most Holy Room."
                },
                "4": {
                    "verse_nr": "4",
                    "verse": "It had the golden altar for incense. It also had the wooden chest called the ark of the covenant. The ark was covered with gold. It held the gold jar of manna. It held Aaron\u2019s walking stick that had budded. It also held the stone tablets. The words of the covenant were written on them."
                },
                "5": {
                    "verse_nr": "5",
                    "verse": "The cherubim were above the ark. God showed his glory there. The cherubim spread their wings over the place where sin was paid for. But we can\u2019t say everything about these things now."
                },
                "6": {
                    "verse_nr": "6",
                    "verse": "That\u2019s how everything was arranged in the holy tent. The priests entered it at regular times. They went into the outer room to do their work for God and others."
                },
                "7": {
                    "verse_nr": "7",
                    "verse": "But only the high priest went into the inner room. He went in only once a year. He never entered without taking blood with him. He offered the blood for himself. He also offered it for the sins the people had committed because they didn\u2019t know any better."
                },
                "8": {
                    "verse_nr": "8",
                    "verse": "Here is what the Holy Spirit was showing us. He was telling us that God had not yet clearly shown the way into the Most Holy Room. It would not be clearly shown as long as the first holy tent was still being used."
                },
                "9": {
                    "verse_nr": "9",
                    "verse": "That\u2019s an example for the present time. It shows us that the gifts and sacrifices people offered were not enough. They were not able to remove the worshiper\u2019s feelings of guilt."
                },
                "10": {
                    "verse_nr": "10",
                    "verse": "They deal only with food and drink and different kinds of special washings. They are rules people had to obey only until the new covenant came."
                },
                "11": {
                    "verse_nr": "11",
                    "verse": "The Blood of Christ - But Christ came to be the high priest of the good things already here now. When he came, he went through the greater and more perfect holy tent. This tent was not made with human hands. In other words, it is not a part of this creation."
                },
                "12": {
                    "verse_nr": "12",
                    "verse": "He did not enter by spilling the blood of goats and calves. He entered the Most Holy Room by spilling his own blood. He did it once and for all time. In this way, he paid the price to set us free from sin forever."
                },
                "13": {
                    "verse_nr": "13",
                    "verse": "The blood of goats and bulls is sprinkled on people. So are the ashes of a young cow. They are sprinkled on people the law called \u201cunclean.\u201d The people are sprinkled to make them holy. That makes them \u201cclean\u201d on the outside."
                },
                "14": {
                    "verse_nr": "14",
                    "verse": "But Christ offered himself to God without any flaw. He did this through the power of the eternal Holy Spirit. So how much cleaner will the blood of Christ make us! It washes away our feelings of guilt for committing sin. Sin always leads to death. But now we can serve the living God."
                },
                "15": {
                    "verse_nr": "15",
                    "verse": "That\u2019s why Christ is the go-between of a new covenant. Now those God calls to himself will receive the eternal gift he promised. They will receive it now that Christ has died to save them. He died to set them free from the sins they committed under the first covenant."
                },
                "16": {
                    "verse_nr": "16",
                    "verse": "What happens when someone leaves a will? It is necessary to prove that the person who made the will has died."
                },
                "17": {
                    "verse_nr": "17",
                    "verse": "A will is in effect only when somebody has died. It never takes effect while the one who made it is still living."
                },
                "18": {
                    "verse_nr": "18",
                    "verse": "That\u2019s why even the first covenant was not put into effect without the spilling of blood."
                },
                "19": {
                    "verse_nr": "19",
                    "verse": "Moses first announced every command of the law to all the people. Then he took the blood of calves. He also took water, bright red wool and branches of a hyssop plant. He sprinkled the Book of the Covenant. He also sprinkled all the people."
                },
                "20": {
                    "verse_nr": "20",
                    "verse": "He said, \u201cThis is the blood of the covenant God has commanded you to keep.\u201d (Exodus 24:8)"
                },
                "21": {
                    "verse_nr": "21",
                    "verse": "In the same way, he sprinkled the holy tent with blood. He also sprinkled everything that was used in worship there."
                },
                "22": {
                    "verse_nr": "22",
                    "verse": "In fact, the law requires that nearly everything be made \u201cclean\u201d with blood. Without the spilling of blood, no one can be forgiven."
                },
                "23": {
                    "verse_nr": "23",
                    "verse": "So the copies of the heavenly things had to be made pure with these sacrifices. But the heavenly things themselves had to be made pure with better sacrifices."
                },
                "24": {
                    "verse_nr": "24",
                    "verse": "Christ did not enter a sacred tent made with human hands. That tent was only a copy of the true one. He entered heaven itself. He did it to stand in front of God for us. He is there right now."
                },
                "25": {
                    "verse_nr": "25",
                    "verse": "The high priest enters the Most Holy Room every year. He enters with blood that is not his own. But Christ did not enter heaven to offer himself again and again."
                },
                "26": {
                    "verse_nr": "26",
                    "verse": "If he had, he would have had to suffer many times since the world was created. But he has appeared once and for all time. He has come at the time when God\u2019s work is being completed. He has come to do away with sin by offering himself."
                },
                "27": {
                    "verse_nr": "27",
                    "verse": "People have to die once. After that, God will judge them."
                },
                "28": {
                    "verse_nr": "28",
                    "verse": "In the same way, Christ was offered up once. He took away the sins of many people. He will also come a second time. At that time he will not suffer for sin. Instead, he will come to bring salvation to those who are waiting for him."
                }
            }
        },
        "10": {
            "chapter_nr": "10",
            "chapter": {
                "1": {
                    "verse_nr": "1",
                    "verse": "Christ\u2019s Sacrifice Is Once and for All Time - The law is only a shadow of the good things that are coming. It is not the real things themselves. The same sacrifices have to be offered over and over again. They must be offered year after year. That\u2019s why the law can never make perfect those who come near to worship."
                },
                "2": {
                    "verse_nr": "2",
                    "verse": "If the law could, wouldn\u2019t the sacrifices have stopped being offered? The worshipers would have been made \u201cclean\u201d once and for all time. They would not have felt guilty for their sins anymore."
                },
                "3": {
                    "verse_nr": "3",
                    "verse": "But those offerings remind people of their sins every year."
                },
                "4": {
                    "verse_nr": "4",
                    "verse": "It isn\u2019t possible for the blood of bulls and goats to take away sins."
                },
                "5": {
                    "verse_nr": "5",
                    "verse": "So when Christ came into the world, he said, \u201cYou didn\u2019t want sacrifices and offerings. Instead, you prepared a body for me."
                },
                "6": {
                    "verse_nr": "6",
                    "verse": "You weren\u2019t pleased with burnt offerings and sin offerings."
                },
                "7": {
                    "verse_nr": "7",
                    "verse": "Then I said, \u2018Here I am. It is written about me in the book. I have come to do what you want, my God.\u2019\u2009\u201d (Psalm 40:6\u20138)"
                },
                "8": {
                    "verse_nr": "8",
                    "verse": "First Christ said, \u201cYou didn\u2019t want sacrifices and offerings. You didn\u2019t want burnt offerings and sin offerings. You weren\u2019t pleased with them.\u201d He said this even though they were offered in keeping with the law."
                },
                "9": {
                    "verse_nr": "9",
                    "verse": "Then he said, \u201cHere I am. I have come to do what you want.\u201d He did away with the shadow of the good things that were coming. He did it to put in place the good things themselves."
                },
                "10": {
                    "verse_nr": "10",
                    "verse": "We have been made holy by what God wanted. We have been made holy because Jesus Christ offered his body once and for all time."
                },
                "11": {
                    "verse_nr": "11",
                    "verse": "Day after day every priest stands and does his special duties. He offers the same sacrifices again and again. But they can never take away sins."
                },
                "12": {
                    "verse_nr": "12",
                    "verse": "Jesus our priest offered one sacrifice for sins for all time. Then he sat down at the right hand of God."
                },
                "13": {
                    "verse_nr": "13",
                    "verse": "And since that time, he waits for his enemies to be put under his control."
                },
                "14": {
                    "verse_nr": "14",
                    "verse": "By that one sacrifice he has made perfect forever those who are being made holy."
                },
                "15": {
                    "verse_nr": "15",
                    "verse": "The Holy Spirit also speaks to us about this. First he says,"
                },
                "16": {
                    "verse_nr": "16",
                    "verse": "\u201cThis is the covenant I will make with them after that time, says the Lord. I will put my laws in their hearts. I will write my laws on their minds.\u201d (Jeremiah 31:33)"
                },
                "17": {
                    "verse_nr": "17",
                    "verse": "Then he adds, \u201cI will not remember their sins anymore. I will not remember the evil things they have done.\u201d (Jeremiah 31:34)"
                },
                "18": {
                    "verse_nr": "18",
                    "verse": "Where these sins have been forgiven, an offering for sin is no longer necessary."
                },
                "19": {
                    "verse_nr": "19",
                    "verse": "An Appeal and Warning to Remain Faithful - Brothers and sisters, we are not afraid to enter the Most Holy Room. We enter boldly because of the blood of Jesus."
                },
                "20": {
                    "verse_nr": "20",
                    "verse": "His way is new because he lives. It has been opened for us through the curtain. I\u2019m talking about his body."
                },
                "21": {
                    "verse_nr": "21",
                    "verse": "We also have a great priest over the house of God."
                },
                "22": {
                    "verse_nr": "22",
                    "verse": "So let us come near to God with a sincere heart. Let us come near boldly because of our faith. Our hearts have been sprinkled. Our minds have been cleansed from a sense of guilt. Our bodies have been washed with pure water."
                },
                "23": {
                    "verse_nr": "23",
                    "verse": "Let us hold firmly to the hope we claim to have. The God who promised is faithful."
                },
                "24": {
                    "verse_nr": "24",
                    "verse": "Let us consider how we can stir up one another to love. Let us help one another to do good works."
                },
                "25": {
                    "verse_nr": "25",
                    "verse": "And let us not give up meeting together. Some are in the habit of doing this. Instead, let us encourage one another with words of hope. Let us do this even more as you see Christ\u2019s return approaching."
                },
                "26": {
                    "verse_nr": "26",
                    "verse": "What if we keep sinning on purpose? What if we do it even after we know the truth? Then there is no offering for our sins."
                },
                "27": {
                    "verse_nr": "27",
                    "verse": "All we can do is to wait in fear for God to judge. His blazing fire will burn up his enemies."
                },
                "28": {
                    "verse_nr": "28",
                    "verse": "Suppose someone did not obey the law of Moses. And suppose two or three witnesses made charges against them. That person would die without mercy."
                },
                "29": {
                    "verse_nr": "29",
                    "verse": "People who deserve even more punishment include those who have hated the Son of God. They include people who have said no to him. They include people who have treated as unholy the blood of the covenant that makes them holy. They also include people who have disrespected the Holy Spirit who brings God\u2019s grace. Don\u2019t you think people like this should be punished more than anyone else?"
                },
                "30": {
                    "verse_nr": "30",
                    "verse": "We know the God who said, \u201cI am the God who judges people. I will pay them back.\u201d (Deuteronomy 32:35) Scripture also says, \u201cThe Lord will judge his people.\u201d (Deuteronomy 32:36; Psalm 135:14)"
                },
                "31": {
                    "verse_nr": "31",
                    "verse": "It is a terrible thing to fall into the hands of the living God."
                },
                "32": {
                    "verse_nr": "32",
                    "verse": "Remember those earlier days after you received the light. You remained strong in a great battle that was full of suffering."
                },
                "33": {
                    "verse_nr": "33",
                    "verse": "Sometimes people spoke badly about you in front of others. Sometimes you were treated badly. At other times you stood side by side with people being treated like this."
                },
                "34": {
                    "verse_nr": "34",
                    "verse": "You suffered along with people in prison. When your property was taken from you, you accepted it with joy. You knew that God had given you better and more lasting things."
                },
                "35": {
                    "verse_nr": "35",
                    "verse": "So don\u2019t throw away your bold faith. It will bring you rich rewards."
                },
                "36": {
                    "verse_nr": "36",
                    "verse": "You need to be faithful. Then you will do what God wants. You will receive what he has promised."
                },
                "37": {
                    "verse_nr": "37",
                    "verse": "\u201cIn just a little while, he who is coming will come. He will not wait any longer.\u201d"
                },
                "38": {
                    "verse_nr": "38",
                    "verse": "And, \u201cThe one who is right with God will live by faith. And I am not pleased with the one who pulls back.\u201d (Habakkuk 2:3,4)"
                },
                "39": {
                    "verse_nr": "39",
                    "verse": "But we don\u2019t belong to the people who pull back and are destroyed. We belong to the people who believe and are saved."
                }
            }
        },
        "11": {
            "chapter_nr": "11",
            "chapter": {
                "1": {
                    "verse_nr": "1",
                    "verse": "Faith That Produces Action - Faith is being sure of what we hope for. It is being sure of what we do not see."
                },
                "2": {
                    "verse_nr": "2",
                    "verse": "That is what the people of long ago were praised for."
                },
                "3": {
                    "verse_nr": "3",
                    "verse": "We have faith. So we understand that everything was made when God commanded it. That\u2019s why we believe that what we see was not made out of what could be seen."
                },
                "4": {
                    "verse_nr": "4",
                    "verse": "Abel had faith. So he brought to God a better offering than Cain did. Because of his faith Abel was praised as a godly man. God said good things about his offerings. Because of his faith Abel still speaks. He speaks even though he is dead."
                },
                "5": {
                    "verse_nr": "5",
                    "verse": "Enoch had faith. So he was taken from this life. He didn\u2019t die. \u201cHe couldn\u2019t be found, because God had taken him away.\u201d (Genesis 5:24) Before God took him, Enoch was praised as one who pleased God."
                },
                "6": {
                    "verse_nr": "6",
                    "verse": "Without faith it is impossible to please God. Those who come to God must believe that he exists. And they must believe that he rewards those who look to him."
                },
                "7": {
                    "verse_nr": "7",
                    "verse": "Noah had faith. So he built an ark to save his family. He built it because of his great respect for God. God had warned him about things that could not yet be seen. Because of his faith Noah showed the world that it was guilty. Because of his faith he was considered right with God."
                },
                "8": {
                    "verse_nr": "8",
                    "verse": "Abraham had faith. So he obeyed God. God called him to go to a place he would later receive as his own. So he went. He did it even though he didn\u2019t know where he was going."
                },
                "9": {
                    "verse_nr": "9",
                    "verse": "Because of his faith he made his home in the land God had promised him. Abraham was like an outsider in a strange country. He lived there in tents. So did Isaac and Jacob. They received the same promise he did."
                },
                "10": {
                    "verse_nr": "10",
                    "verse": "Abraham was looking forward to the city that has foundations. He was waiting for the city that God planned and built."
                },
                "11": {
                    "verse_nr": "11",
                    "verse": "And Sarah had faith. So God made it possible for her to become a mother. She became a mother even though she was too old to have children. But Sarah believed that the God who made the promise was faithful."
                },
                "12": {
                    "verse_nr": "12",
                    "verse": "Abraham was past the time when he could have children. But many children came from that one man. They were as many as the stars in the sky. They were as many as the grains of sand on the seashore. No one could count them."
                },
                "13": {
                    "verse_nr": "13",
                    "verse": "All these people were still living by faith when they died. They didn\u2019t receive the things God had promised. They only saw them and welcomed them from a long way off. They openly said that they were outsiders and strangers on earth."
                },
                "14": {
                    "verse_nr": "14",
                    "verse": "People who say things like that show that they are looking for a country of their own."
                },
                "15": {
                    "verse_nr": "15",
                    "verse": "What if they had been thinking of the country they had left? Then they could have returned to it."
                },
                "16": {
                    "verse_nr": "16",
                    "verse": "Instead, they longed for a better country. They wanted a heavenly one. So God is pleased when they call him their God. In fact, he has prepared a city for them."
                },
                "17": {
                    "verse_nr": "17",
                    "verse": "Abraham had faith. So when God tested him, Abraham offered Isaac as a sacrifice. Abraham had held on tightly to the promises. But he was about to offer his one and only son."
                },
                "18": {
                    "verse_nr": "18",
                    "verse": "God had said to him, \u201cYour family line will continue through Isaac.\u201d (Genesis 21:12) Even so, Abraham was going to offer him up."
                },
                "19": {
                    "verse_nr": "19",
                    "verse": "Abraham did this, because he believed that God could even raise the dead. In a way, he did receive Isaac back from death."
                },
                "20": {
                    "verse_nr": "20",
                    "verse": "Isaac had faith. So he blessed Jacob and Esau. He told them what was ahead for them."
                },
                "21": {
                    "verse_nr": "21",
                    "verse": "Jacob had faith. So he blessed each of Joseph\u2019s sons. He blessed them when he was dying. Because of his faith he worshiped God. Jacob worshiped as he leaned on the top of his walking stick."
                },
                "22": {
                    "verse_nr": "22",
                    "verse": "Joseph had faith. So he spoke to the people of Israel about how they would leave Egypt someday. When his death was near, he spoke about where to bury his bones."
                },
                "23": {
                    "verse_nr": "23",
                    "verse": "Moses\u2019 parents had faith. So they hid him for three months after he was born. They saw he was a special child. They were not afraid of the king\u2019s command."
                },
                "24": {
                    "verse_nr": "24",
                    "verse": "Moses had faith. So he refused to be called the son of Pharaoh\u2019s daughter. That happened after he had grown up."
                },
                "25": {
                    "verse_nr": "25",
                    "verse": "He chose to be treated badly together with the people of God. He chose not to enjoy sin\u2019s pleasures. They only last for a short time."
                },
                "26": {
                    "verse_nr": "26",
                    "verse": "He suffered shame because of Christ. He thought it had great value. Moses considered it better than the riches of Egypt. He was looking ahead to his reward."
                },
                "27": {
                    "verse_nr": "27",
                    "verse": "Because of his faith, Moses left Egypt. It wasn\u2019t because he was afraid of the king\u2019s anger. He didn\u2019t let anything stop him. That\u2019s because he saw the God who can\u2019t be seen."
                },
                "28": {
                    "verse_nr": "28",
                    "verse": "Because of his faith, Moses was the first to keep the Passover Feast. He commanded the people of Israel to sprinkle blood on their doorways. He did it so that the destroying angel would not touch their oldest sons."
                },
                "29": {
                    "verse_nr": "29",
                    "verse": "The people of Israel had faith. So they passed through the Red Sea. They went through it as if it were dry land. The Egyptians tried to do it also. But they drowned."
                },
                "30": {
                    "verse_nr": "30",
                    "verse": "Israel\u2019s army had faith. So the walls of Jericho fell down. It happened after they had marched around the city for seven days."
                },
                "31": {
                    "verse_nr": "31",
                    "verse": "Rahab, the prostitute, had faith. So she welcomed the spies. That\u2019s why she wasn\u2019t killed with those who didn\u2019t obey God."
                },
                "32": {
                    "verse_nr": "32",
                    "verse": "What more can I say? I don\u2019t have time to tell about all the others. I don\u2019t have time to talk about Gideon, Barak, Samson and Jephthah. I don\u2019t have time to tell about David and Samuel and the prophets."
                },
                "33": {
                    "verse_nr": "33",
                    "verse": "Because of their faith they took over kingdoms. They ruled fairly. They received the blessings God had promised. They shut the mouths of lions."
                },
                "34": {
                    "verse_nr": "34",
                    "verse": "They put out great fires. They escaped being killed by swords. Their weakness was turned to strength. They became powerful in battle. They beat back armies from other countries."
                },
                "35": {
                    "verse_nr": "35",
                    "verse": "Women received back their dead. The dead were raised to life again. There were others who were made to suffer greatly. But they refused to be set free. They did this so that after death they would be raised to an even better life."
                },
                "36": {
                    "verse_nr": "36",
                    "verse": "Some were made fun of and even whipped. Some were held by chains. Some were put in prison."
                },
                "37": {
                    "verse_nr": "37",
                    "verse": "Some were killed with stones. Some were sawed in two. Some were killed by swords. They went around wearing the skins of sheep and goats. They were poor. They were attacked. They were treated badly."
                },
                "38": {
                    "verse_nr": "38",
                    "verse": "The world was not worthy of them. They wandered in deserts and mountains. They lived in caves. They lived in holes in the ground."
                },
                "39": {
                    "verse_nr": "39",
                    "verse": "All these people were praised because they had faith. But none of them received what God had promised."
                },
                "40": {
                    "verse_nr": "40",
                    "verse": "That\u2019s because God had planned something better for us. So they would only be made perfect together with us."
                }
            }
        },
        "12": {
            "chapter_nr": "12",
            "chapter": {
                "1": {
                    "verse_nr": "1",
                    "verse": "A huge cloud of witnesses is all around us. So let us throw off everything that stands in our way. Let us throw off any sin that holds on to us so tightly. And let us keep on running the race marked out for us."
                },
                "2": {
                    "verse_nr": "2",
                    "verse": "Let us keep looking to Jesus. He is the one who started this journey of faith. And he is the one who completes the journey of faith. He paid no attention to the shame of the cross. He suffered there because of the joy he was looking forward to. Then he sat down at the right hand of the throne of God."
                },
                "3": {
                    "verse_nr": "3",
                    "verse": "He made it through these attacks by sinners. So think about him. Then you won\u2019t get tired. You won\u2019t lose hope."
                },
                "4": {
                    "verse_nr": "4",
                    "verse": "God Trains His Children - You struggle against sin. But you have not yet fought to the point of spilling your blood."
                },
                "5": {
                    "verse_nr": "5",
                    "verse": "Have you completely forgotten this word of hope? It speaks to you as a father to his children. It says, \u201cMy son, think of the Lord\u2019s training as important. Do not lose hope when he corrects you."
                },
                "6": {
                    "verse_nr": "6",
                    "verse": "The Lord trains the one he loves. He corrects everyone he accepts as his son.\u201d (Proverbs 3:11,12)"
                },
                "7": {
                    "verse_nr": "7",
                    "verse": "Put up with hard times. God uses them to train you. He is treating you as his children. What children are not trained by their parents?"
                },
                "8": {
                    "verse_nr": "8",
                    "verse": "God trains all his children. But what if he doesn\u2019t train you? Then you are not really his children. You are not God\u2019s true sons and daughters at all."
                },
                "9": {
                    "verse_nr": "9",
                    "verse": "Besides, we have all had human fathers who trained us. We respected them for it. How much more should we be trained by the Father of spirits and live!"
                },
                "10": {
                    "verse_nr": "10",
                    "verse": "Our parents trained us for a little while. They did what they thought was best. But God trains us for our good. He does this so we may share in his holiness."
                },
                "11": {
                    "verse_nr": "11",
                    "verse": "No training seems pleasant at the time. In fact, it seems painful. But later on it produces a harvest of godliness and peace. It does this for those who have been trained by it."
                },
                "12": {
                    "verse_nr": "12",
                    "verse": "So put your hands to work. Strengthen your legs for the journey."
                },
                "13": {
                    "verse_nr": "13",
                    "verse": "\u201cMake level paths for your feet to walk on.\u201d (Proverbs 4:26) Then those who have trouble walking won\u2019t be disabled. Instead, they will be healed."
                },
                "14": {
                    "verse_nr": "14",
                    "verse": "A Warning and an Appeal - Try your best to live in peace with everyone. Try hard to be holy. Without holiness no one will see the Lord."
                },
                "15": {
                    "verse_nr": "15",
                    "verse": "Be sure that no one misses out on God\u2019s grace. See to it that a bitter plant doesn\u2019t grow up. If it does, it will cause trouble. And it will make many people impure."
                },
                "16": {
                    "verse_nr": "16",
                    "verse": "See to it that no one commits sexual sins. See to it that no one is godless like Esau. He sold the rights to what he would receive as the oldest son. He sold them for a single meal."
                },
                "17": {
                    "verse_nr": "17",
                    "verse": "As you know, after that he wanted to receive his father\u2019s blessing. But he was turned away. With tears he tried to get the blessing. But he couldn\u2019t change what he had done."
                },
                "18": {
                    "verse_nr": "18",
                    "verse": "The Mountain of Fear and the Mountain of Joy - You haven\u2019t come to a mountain that can be touched. You haven\u2019t come to a mountain burning with fire. You haven\u2019t come to darkness, gloom and storm."
                },
                "19": {
                    "verse_nr": "19",
                    "verse": "You haven\u2019t come to a blast from God\u2019s trumpet. You haven\u2019t come to a voice speaking to you. When people heard that voice long ago, they begged it not to say anything more to them."
                },
                "20": {
                    "verse_nr": "20",
                    "verse": "What God commanded was too much for them. He said, \u201cIf even an animal touches the mountain, it must be killed with stones.\u201d (Exodus 19:12,13)"
                },
                "21": {
                    "verse_nr": "21",
                    "verse": "The sight was terrifying. Moses said, \u201cI am trembling with fear.\u201d (Deuteronomy 9:19)"
                },
                "22": {
                    "verse_nr": "22",
                    "verse": "But you have come to Mount Zion. You have come to the city of the living God. This is the heavenly Jerusalem. You have come to a joyful gathering of angels. There are thousands and thousands of them."
                },
                "23": {
                    "verse_nr": "23",
                    "verse": "You have come to the church of God\u2019s people. God\u2019s first and only Son is over all things. God\u2019s people share in what belongs to his Son. Their names are written in heaven. You have come to God, who is the Judge of all people. You have come to the spirits of godly people who have been made perfect."
                },
                "24": {
                    "verse_nr": "24",
                    "verse": "You have come to Jesus. He is the go-between of a new covenant. You have come to the sprinkled blood. It promises better things than the blood of Abel."
                },
                "25": {
                    "verse_nr": "25",
                    "verse": "Be sure that you don\u2019t say no to the one who speaks. People did not escape when they said no to the one who warned them on earth. And what if we turn away from the one who warns us from heaven? How much less will we escape!"
                },
                "26": {
                    "verse_nr": "26",
                    "verse": "At that time his voice shook the earth. But now he has promised, \u201cOnce more I will shake the earth. I will also shake the heavens.\u201d (Haggai 2:6)"
                },
                "27": {
                    "verse_nr": "27",
                    "verse": "The words \u201conce more\u201d point out that what can be shaken can be taken away. I\u2019m talking about created things. Then what can\u2019t be shaken will remain."
                },
                "28": {
                    "verse_nr": "28",
                    "verse": "We are receiving a kingdom that can\u2019t be shaken. So let us be thankful. Then we can worship God in a way that pleases him. Let us worship him with deep respect and wonder."
                },
                "29": {
                    "verse_nr": "29",
                    "verse": "Our \u201cGod is like a fire that burns everything up.\u201d (Deuteronomy 4:24)"
                }
            }
        },
        "13": {
            "chapter_nr": "13",
            "chapter": {
                "1": {
                    "verse_nr": "1",
                    "verse": "Final Appeals - Keep on loving one another as brothers and sisters."
                },
                "2": {
                    "verse_nr": "2",
                    "verse": "Don\u2019t forget to welcome outsiders. By doing that, some people have welcomed angels without knowing it."
                },
                "3": {
                    "verse_nr": "3",
                    "verse": "Keep on remembering those in prison. Do this as if you were together with them in prison. And remember those who are treated badly as if you yourselves were suffering."
                },
                "4": {
                    "verse_nr": "4",
                    "verse": "All of you should honor marriage. You should keep the marriage bed pure. God will judge the person who commits adultery. He will judge everyone who commits sexual sins."
                },
                "5": {
                    "verse_nr": "5",
                    "verse": "Don\u2019t be controlled by love for money. Be happy with what you have. God has said, \u201cI will never leave you. I will never desert you.\u201d (Deuteronomy 31:6)"
                },
                "6": {
                    "verse_nr": "6",
                    "verse": "So we can say boldly, \u201cThe Lord helps me. I will not be afraid. What can mere human beings do to me?\u201d (Psalm 118:6,7)"
                },
                "7": {
                    "verse_nr": "7",
                    "verse": "Remember your leaders. They spoke God\u2019s word to you. Think about the results of their way of life. Copy their faith."
                },
                "8": {
                    "verse_nr": "8",
                    "verse": "Jesus Christ is the same yesterday and today and forever."
                },
                "9": {
                    "verse_nr": "9",
                    "verse": "Don\u2019t let all kinds of strange teachings lead you astray. It is good that God\u2019s grace makes our hearts strong. Don\u2019t try to grow strong by eating foods that the law requires. They have no value for the people who eat them."
                },
                "10": {
                    "verse_nr": "10",
                    "verse": "The priests, who are Levites, worship at the holy tent. But we have an altar that they have no right to eat from."
                },
                "11": {
                    "verse_nr": "11",
                    "verse": "The high priest carries the blood of animals into the Most Holy Room. He brings their blood as a sin offering. But the bodies are burned outside the camp."
                },
                "12": {
                    "verse_nr": "12",
                    "verse": "Jesus also suffered outside the city gate. He suffered to make the people holy by spilling his own blood."
                },
                "13": {
                    "verse_nr": "13",
                    "verse": "So let us go to him outside the camp. Let us be willing to suffer the shame he suffered."
                },
                "14": {
                    "verse_nr": "14",
                    "verse": "Here we do not have a city that lasts. But we are looking for the city that is going to come."
                },
                "15": {
                    "verse_nr": "15",
                    "verse": "So let us never stop offering to God our praise through Jesus. Let us talk openly about our faith in him. Then our words will be like an offering to God."
                },
                "16": {
                    "verse_nr": "16",
                    "verse": "Don\u2019t forget to do good. Don\u2019t forget to share with others. God is pleased with those kinds of offerings."
                },
                "17": {
                    "verse_nr": "17",
                    "verse": "Trust in your leaders. Put yourselves under their authority. Do this, because they keep watch over you. They know they are accountable to God for everything they do. Do this, so that their work will be a joy. If you make their work a heavy load, it won\u2019t do you any good."
                },
                "18": {
                    "verse_nr": "18",
                    "verse": "Pray for us. We feel sure we have done what is right. We desire to live as we should in every way."
                },
                "19": {
                    "verse_nr": "19",
                    "verse": "I beg you to pray that I may return to you soon."
                },
                "20": {
                    "verse_nr": "20",
                    "verse": "Final Blessing and Greetings - Our Lord Jesus is the great Shepherd of the sheep. The God who gives peace brought him back from the dead. He did it because of the blood of the eternal covenant. Now may God"
                },
                "21": {
                    "verse_nr": "21",
                    "verse": "supply you with everything good. Then you can do what he wants. May he do in us what is pleasing to him. We can do it only with the help of Jesus Christ. Give him glory for ever and ever. Amen."
                },
                "22": {
                    "verse_nr": "22",
                    "verse": "Brothers and sisters, I beg you to accept my word. It tells you to be faithful. Accept my word because I have written to you only a short letter."
                },
                "23": {
                    "verse_nr": "23",
                    "verse": "I want you to know that our brother Timothy has been set free. If he arrives soon, I will come with him to see you."
                },
                "24": {
                    "verse_nr": "24",
                    "verse": "Greet all your leaders. Greet all the Lord\u2019s people. The believers from Italy send you their greetings."
                },
                "25": {
                    "verse_nr": "25",
                    "verse": "May grace be with you all."
                }
            }
        }
    }
}