{
    "version": "WEB",
    "book_name": "Galatians",
    "book_nr": "48",
    "book": {
        "1": {
            "chapter_nr": "1",
            "chapter": {
                "1": {
                    "verse_nr": "1",
                    "verse": "Paul, an apostle (not from men, nor through man, but through Jesus Christ, and God the Father, who raised him from the dead),"
                },
                "2": {
                    "verse_nr": "2",
                    "verse": "and all the brothers who are with me, to the assemblies of Galatia:"
                },
                "3": {
                    "verse_nr": "3",
                    "verse": "Grace to you and peace from God the Father, and our Lord Jesus Christ,"
                },
                "4": {
                    "verse_nr": "4",
                    "verse": "who gave himself for our sins, that he might deliver us out of this present evil age, according to the will of our God and Father\u2014"
                },
                "5": {
                    "verse_nr": "5",
                    "verse": "to whom be the glory forever and ever. Amen."
                },
                "6": {
                    "verse_nr": "6",
                    "verse": "I marvel that you are so quickly deserting him who called you in the grace of Christ to a different \u201cgood news\u201d;"
                },
                "7": {
                    "verse_nr": "7",
                    "verse": "and there isn\u2019t another \u201cgood news.\u201d Only there are some who trouble you, and want to pervert the Good News of Christ."
                },
                "8": {
                    "verse_nr": "8",
                    "verse": "But even though we, or an angel from heaven, should preach to you any \u201cgood news\u201d other than that which we preached to you, let him be cursed."
                },
                "9": {
                    "verse_nr": "9",
                    "verse": "As we have said before, so I now say again: if any man preaches to you any \u201cgood news\u201d other than that which you received, let him be cursed."
                },
                "10": {
                    "verse_nr": "10",
                    "verse": "For am I now seeking the favor of men, or of God? Or am I striving to please men? For if I were still pleasing men, I wouldn\u2019t be a servant of Christ."
                },
                "11": {
                    "verse_nr": "11",
                    "verse": "But I make known to you, brothers, concerning the Good News which was preached by me, that it is not according to man."
                },
                "12": {
                    "verse_nr": "12",
                    "verse": "For neither did I receive it from man, nor was I taught it, but it came to me through revelation of Jesus Christ."
                },
                "13": {
                    "verse_nr": "13",
                    "verse": "For you have heard of my way of living in time past in the Jews\u2019 religion, how that beyond measure I persecuted the assembly of God, and ravaged it."
                },
                "14": {
                    "verse_nr": "14",
                    "verse": "I advanced in the Jews\u2019 religion beyond many of my own age among my countrymen, being more exceedingly zealous for the traditions of my fathers."
                },
                "15": {
                    "verse_nr": "15",
                    "verse": "But when it was the good pleasure of God, who separated me from my mother\u2019s womb, and called me through his grace,"
                },
                "16": {
                    "verse_nr": "16",
                    "verse": "to reveal his Son in me, that I might preach him among the Gentiles, I didn\u2019t immediately confer with flesh and blood,"
                },
                "17": {
                    "verse_nr": "17",
                    "verse": "nor did I go up to Jerusalem to those who were apostles before me, but I went away into Arabia. Then I returned to Damascus."
                },
                "18": {
                    "verse_nr": "18",
                    "verse": "Then after three years I went up to Jerusalem to visit Peter, and stayed with him fifteen days."
                },
                "19": {
                    "verse_nr": "19",
                    "verse": "But of the other apostles I saw no one, except James, the Lord\u2019s brother."
                },
                "20": {
                    "verse_nr": "20",
                    "verse": "Now about the things which I write to you, behold, before God, I\u2019m not lying."
                },
                "21": {
                    "verse_nr": "21",
                    "verse": "Then I came to the regions of Syria and Cilicia."
                },
                "22": {
                    "verse_nr": "22",
                    "verse": "I was still unknown by face to the assemblies of Judea which were in Christ,"
                },
                "23": {
                    "verse_nr": "23",
                    "verse": "but they only heard: \u201cHe who once persecuted us now preaches the faith that he once tried to destroy.\u201d"
                },
                "24": {
                    "verse_nr": "24",
                    "verse": "And they glorified God in me."
                }
            }
        },
        "2": {
            "chapter_nr": "2",
            "chapter": {
                "1": {
                    "verse_nr": "1",
                    "verse": "Then after a period of fourteen years I went up again to Jerusalem with Barnabas, taking Titus also with me."
                },
                "2": {
                    "verse_nr": "2",
                    "verse": "I went up by revelation, and I laid before them the Good News which I preach among the Gentiles, but privately before those who were respected, for fear that I might be running, or had run, in vain."
                },
                "3": {
                    "verse_nr": "3",
                    "verse": "But not even Titus, who was with me, being a Greek, was compelled to be circumcised."
                },
                "4": {
                    "verse_nr": "4",
                    "verse": "This was because of the false brothers secretly brought in, who stole in to spy out our liberty which we have in Christ Jesus, that they might bring us into bondage;"
                },
                "5": {
                    "verse_nr": "5",
                    "verse": "to whom we gave no place in the way of subjection, not for an hour, that the truth of the Good News might continue with you."
                },
                "6": {
                    "verse_nr": "6",
                    "verse": "But from those who were reputed to be important (whatever they were, it makes no difference to me; God doesn\u2019t show partiality to man)\u2014they, I say, who were respected imparted nothing to me,"
                },
                "7": {
                    "verse_nr": "7",
                    "verse": "but to the contrary, when they saw that I had been entrusted with the Good News for the uncircumcision, even as Peter with the Good News for the circumcision"
                },
                "8": {
                    "verse_nr": "8",
                    "verse": "(for he who appointed Peter to the apostleship of the circumcision appointed me also to the Gentiles);"
                },
                "9": {
                    "verse_nr": "9",
                    "verse": "and when they perceived the grace that was given to me, James and Cephas and John, they who were reputed to be pillars, gave to me and Barnabas the right hand of fellowship, that we should go to the Gentiles, and they to the circumcision."
                },
                "10": {
                    "verse_nr": "10",
                    "verse": "They only asked us to remember the poor\u2014which very thing I was also zealous to do."
                },
                "11": {
                    "verse_nr": "11",
                    "verse": "But when Peter came to Antioch, I resisted him to his face, because he stood condemned."
                },
                "12": {
                    "verse_nr": "12",
                    "verse": "For before some people came from James, he ate with the Gentiles. But when they came, he drew back and separated himself, fearing those who were of the circumcision."
                },
                "13": {
                    "verse_nr": "13",
                    "verse": "And the rest of the Jews joined him in his hypocrisy; so that even Barnabas was carried away with their hypocrisy."
                },
                "14": {
                    "verse_nr": "14",
                    "verse": "But when I saw that they didn\u2019t walk uprightly according to the truth of the Good News, I said to Peter before them all, \u201cIf you, being a Jew, live as the Gentiles do, and not as the Jews do, why do you compel the Gentiles to live as the Jews do?"
                },
                "15": {
                    "verse_nr": "15",
                    "verse": "\u201cWe, being Jews by nature, and not Gentile sinners,"
                },
                "16": {
                    "verse_nr": "16",
                    "verse": "yet knowing that a man is not justified by the works of the law but through faith in Jesus Christ, even we believed in Christ Jesus, that we might be justified by faith in Christ, and not by the works of the law, because no flesh will be justified by the works of the law."
                },
                "17": {
                    "verse_nr": "17",
                    "verse": "But if, while we sought to be justified in Christ, we ourselves also were found sinners, is Christ a servant of sin? Certainly not!"
                },
                "18": {
                    "verse_nr": "18",
                    "verse": "For if I build up again those things which I destroyed, I prove myself a law-breaker."
                },
                "19": {
                    "verse_nr": "19",
                    "verse": "For I, through the law, died to the law, that I might live to God."
                },
                "20": {
                    "verse_nr": "20",
                    "verse": "I have been crucified with Christ, and it is no longer I that live, but Christ living in me. That life which I now live in the flesh, I live by faith in the Son of God, who loved me, and gave himself up for me."
                },
                "21": {
                    "verse_nr": "21",
                    "verse": "I don\u2019t make void the grace of God. For if righteousness is through the law, then Christ died for nothing!\u201d"
                }
            }
        },
        "3": {
            "chapter_nr": "3",
            "chapter": {
                "1": {
                    "verse_nr": "1",
                    "verse": "Foolish Galatians, who has bewitched you not to obey the truth, before whose eyes Jesus Christ was openly portrayed among you as crucified?"
                },
                "2": {
                    "verse_nr": "2",
                    "verse": "I just want to learn this from you. Did you receive the Spirit by the works of the law, or by hearing of faith?"
                },
                "3": {
                    "verse_nr": "3",
                    "verse": "Are you so foolish? Having begun in the Spirit, are you now completed in the flesh?"
                },
                "4": {
                    "verse_nr": "4",
                    "verse": "Did you suffer so many things in vain, if it is indeed in vain?"
                },
                "5": {
                    "verse_nr": "5",
                    "verse": "He therefore who supplies the Spirit to you, and does miracles among you, does he do it by the works of the law, or by hearing of faith?"
                },
                "6": {
                    "verse_nr": "6",
                    "verse": "Even as Abraham \u201cbelieved God, and it was counted to him for righteousness.\u201d"
                },
                "7": {
                    "verse_nr": "7",
                    "verse": "Know therefore that those who are of faith, the same are children of Abraham."
                },
                "8": {
                    "verse_nr": "8",
                    "verse": "The Scripture, foreseeing that God would justify the Gentiles by faith, preached the Good News beforehand to Abraham, saying, \u201cIn you all the nations will be blessed.\u201d"
                },
                "9": {
                    "verse_nr": "9",
                    "verse": "So then, those who are of faith are blessed with the faithful Abraham."
                },
                "10": {
                    "verse_nr": "10",
                    "verse": "For as many as are of the works of the law are under a curse. For it is written, \u201cCursed is everyone who doesn\u2019t continue in all things that are written in the book of the law, to do them.\u201d"
                },
                "11": {
                    "verse_nr": "11",
                    "verse": "Now that no man is justified by the law before God is evident, for, \u201cThe righteous will live by faith.\u201d"
                },
                "12": {
                    "verse_nr": "12",
                    "verse": "The law is not of faith, but, \u201cThe man who does them will live by them.\u201d"
                },
                "13": {
                    "verse_nr": "13",
                    "verse": "Christ redeemed us from the curse of the law, having become a curse for us. For it is written, \u201cCursed is everyone who hangs on a tree,\u201d"
                },
                "14": {
                    "verse_nr": "14",
                    "verse": "that the blessing of Abraham might come on the Gentiles through Christ Jesus; that we might receive the promise of the Spirit through faith."
                },
                "15": {
                    "verse_nr": "15",
                    "verse": "Brothers, speaking of human terms, though it is only a man\u2019s covenant, yet when it has been confirmed, no one makes it void, or adds to it."
                },
                "16": {
                    "verse_nr": "16",
                    "verse": "Now the promises were spoken to Abraham and to his offspring. He doesn\u2019t say, \u201cTo descendants\u201d, as of many, but as of one, \u201cTo your offspring\u201d, which is Christ."
                },
                "17": {
                    "verse_nr": "17",
                    "verse": "Now I say this. A covenant confirmed beforehand by God in Christ, the law, which came four hundred thirty years after, does not annul, so as to make the promise of no effect."
                },
                "18": {
                    "verse_nr": "18",
                    "verse": "For if the inheritance is of the law, it is no more of promise; but God has granted it to Abraham by promise."
                },
                "19": {
                    "verse_nr": "19",
                    "verse": "What then is the law? It was added because of transgressions, until the offspring should come to whom the promise has been made. It was ordained through angels by the hand of a mediator."
                },
                "20": {
                    "verse_nr": "20",
                    "verse": "Now a mediator is not between one, but God is one."
                },
                "21": {
                    "verse_nr": "21",
                    "verse": "Is the law then against the promises of God? Certainly not! For if there had been a law given which could make alive, most certainly righteousness would have been of the law."
                },
                "22": {
                    "verse_nr": "22",
                    "verse": "But the Scriptures imprisoned all things under sin, that the promise by faith in Jesus Christ might be given to those who believe."
                },
                "23": {
                    "verse_nr": "23",
                    "verse": "But before faith came, we were kept in custody under the law, confined for the faith which should afterwards be revealed."
                },
                "24": {
                    "verse_nr": "24",
                    "verse": "So that the law has become our tutor to bring us to Christ, that we might be justified by faith."
                },
                "25": {
                    "verse_nr": "25",
                    "verse": "But now that faith has come, we are no longer under a tutor."
                },
                "26": {
                    "verse_nr": "26",
                    "verse": "For you are all children of God, through faith in Christ Jesus."
                },
                "27": {
                    "verse_nr": "27",
                    "verse": "For as many of you as were baptized into Christ have put on Christ."
                },
                "28": {
                    "verse_nr": "28",
                    "verse": "There is neither Jew nor Greek, there is neither slave nor free man, there is neither male nor female; for you are all one in Christ Jesus."
                },
                "29": {
                    "verse_nr": "29",
                    "verse": "If you are Christ\u2019s, then you are Abraham\u2019s offspring and heirs according to promise."
                }
            }
        },
        "4": {
            "chapter_nr": "4",
            "chapter": {
                "1": {
                    "verse_nr": "1",
                    "verse": "But I say that so long as the heir is a child, he is no different from a bondservant, though he is lord of all;"
                },
                "2": {
                    "verse_nr": "2",
                    "verse": "but is under guardians and stewards until the day appointed by the father."
                },
                "3": {
                    "verse_nr": "3",
                    "verse": "So we also, when we were children, were held in bondage under the elemental principles of the world."
                },
                "4": {
                    "verse_nr": "4",
                    "verse": "But when the fullness of the time came, God sent out his Son, born to a woman, born under the law,"
                },
                "5": {
                    "verse_nr": "5",
                    "verse": "that he might redeem those who were under the law, that we might receive the adoption of children."
                },
                "6": {
                    "verse_nr": "6",
                    "verse": "And because you are children, God sent out the Spirit of his Son into your hearts, crying, \u201cAbba, Father!\u201d"
                },
                "7": {
                    "verse_nr": "7",
                    "verse": "So you are no longer a bondservant, but a son; and if a son, then an heir of God through Christ."
                },
                "8": {
                    "verse_nr": "8",
                    "verse": "However at that time, not knowing God, you were in bondage to those who by nature are not gods."
                },
                "9": {
                    "verse_nr": "9",
                    "verse": "But now that you have come to know God, or rather to be known by God, why do you turn back again to the weak and miserable elemental principles, to which you desire to be in bondage all over again?"
                },
                "10": {
                    "verse_nr": "10",
                    "verse": "You observe days, months, seasons, and years."
                },
                "11": {
                    "verse_nr": "11",
                    "verse": "I am afraid for you, that I might have wasted my labor for you."
                },
                "12": {
                    "verse_nr": "12",
                    "verse": "I beg you, brothers, become as I am, for I also have become as you are. You did me no wrong,"
                },
                "13": {
                    "verse_nr": "13",
                    "verse": "but you know that because of weakness of the flesh I preached the Good News to you the first time."
                },
                "14": {
                    "verse_nr": "14",
                    "verse": "That which was a temptation to you in my flesh, you didn\u2019t despise nor reject; but you received me as an angel of God, even as Christ Jesus."
                },
                "15": {
                    "verse_nr": "15",
                    "verse": "What was the blessing you enjoyed? For I testify to you that, if possible, you would have plucked out your eyes and given them to me."
                },
                "16": {
                    "verse_nr": "16",
                    "verse": "So then, have I become your enemy by telling you the truth?"
                },
                "17": {
                    "verse_nr": "17",
                    "verse": "They zealously seek you in no good way. No, they desire to alienate you, that you may seek them."
                },
                "18": {
                    "verse_nr": "18",
                    "verse": "But it is always good to be zealous in a good cause, and not only when I am present with you."
                },
                "19": {
                    "verse_nr": "19",
                    "verse": "My little children, of whom I am again in travail until Christ is formed in you\u2014"
                },
                "20": {
                    "verse_nr": "20",
                    "verse": "but I could wish to be present with you now, and to change my tone, for I am perplexed about you."
                },
                "21": {
                    "verse_nr": "21",
                    "verse": "Tell me, you that desire to be under the law, don\u2019t you listen to the law?"
                },
                "22": {
                    "verse_nr": "22",
                    "verse": "For it is written that Abraham had two sons, one by the servant, and one by the free woman."
                },
                "23": {
                    "verse_nr": "23",
                    "verse": "However, the son by the servant was born according to the flesh, but the son by the free woman was born through promise."
                },
                "24": {
                    "verse_nr": "24",
                    "verse": "These things contain an allegory, for these are two covenants. One is from Mount Sinai, bearing children to bondage, which is Hagar."
                },
                "25": {
                    "verse_nr": "25",
                    "verse": "For this Hagar is Mount Sinai in Arabia, and answers to the Jerusalem that exists now, for she is in bondage with her children."
                },
                "26": {
                    "verse_nr": "26",
                    "verse": "But the Jerusalem that is above is free, which is the mother of us all."
                },
                "27": {
                    "verse_nr": "27",
                    "verse": "For it is written, \u201cRejoice, you barren who don\u2019t bear. Break out and shout, you that don\u2019t travail. For more are the children of the desolate than of her who has a husband.\u201d"
                },
                "28": {
                    "verse_nr": "28",
                    "verse": "Now we, brothers, as Isaac was, are children of promise."
                },
                "29": {
                    "verse_nr": "29",
                    "verse": "But as then, he who was born according to the flesh persecuted him who was born according to the Spirit, so also it is now."
                },
                "30": {
                    "verse_nr": "30",
                    "verse": "However what does the Scripture say? \u201cThrow out the servant and her son, for the son of the servant will not inherit with the son of the free woman.\u201d"
                },
                "31": {
                    "verse_nr": "31",
                    "verse": "So then, brothers, we are not children of a servant, but of the free woman."
                }
            }
        },
        "5": {
            "chapter_nr": "5",
            "chapter": {
                "1": {
                    "verse_nr": "1",
                    "verse": "Stand firm therefore in the liberty by which Christ has made us free, and don\u2019t be entangled again with a yoke of bondage."
                },
                "2": {
                    "verse_nr": "2",
                    "verse": "Behold, I, Paul, tell you that if you receive circumcision, Christ will profit you nothing."
                },
                "3": {
                    "verse_nr": "3",
                    "verse": "Yes, I testify again to every man who receives circumcision, that he is a debtor to do the whole law."
                },
                "4": {
                    "verse_nr": "4",
                    "verse": "You are alienated from Christ, you who desire to be justified by the law. You have fallen away from grace."
                },
                "5": {
                    "verse_nr": "5",
                    "verse": "For we, through the Spirit, by faith wait for the hope of righteousness."
                },
                "6": {
                    "verse_nr": "6",
                    "verse": "For in Christ Jesus neither circumcision amounts to anything, nor uncircumcision, but faith working through love."
                },
                "7": {
                    "verse_nr": "7",
                    "verse": "You were running well! Who interfered with you that you should not obey the truth?"
                },
                "8": {
                    "verse_nr": "8",
                    "verse": "This persuasion is not from him who calls you."
                },
                "9": {
                    "verse_nr": "9",
                    "verse": "A little yeast grows through the whole lump."
                },
                "10": {
                    "verse_nr": "10",
                    "verse": "I have confidence toward you in the Lord that you will think no other way. But he who troubles you will bear his judgment, whoever he is."
                },
                "11": {
                    "verse_nr": "11",
                    "verse": "But I, brothers, if I still preach circumcision, why am I still persecuted? Then the stumbling block of the cross has been removed."
                },
                "12": {
                    "verse_nr": "12",
                    "verse": "I wish that those who disturb you would cut themselves off."
                },
                "13": {
                    "verse_nr": "13",
                    "verse": "For you, brothers, were called for freedom. Only don\u2019t use your freedom for gain to the flesh, but through love be servants to one another."
                },
                "14": {
                    "verse_nr": "14",
                    "verse": "For the whole law is fulfilled in one word, in this: \u201cYou shall love your neighbor as yourself.\u201d"
                },
                "15": {
                    "verse_nr": "15",
                    "verse": "But if you bite and devour one another, be careful that you don\u2019t consume one another."
                },
                "16": {
                    "verse_nr": "16",
                    "verse": "But I say, walk by the Spirit, and you won\u2019t fulfill the lust of the flesh."
                },
                "17": {
                    "verse_nr": "17",
                    "verse": "For the flesh lusts against the Spirit, and the Spirit against the flesh; and these are contrary to one another, that you may not do the things that you desire."
                },
                "18": {
                    "verse_nr": "18",
                    "verse": "But if you are led by the Spirit, you are not under the law."
                },
                "19": {
                    "verse_nr": "19",
                    "verse": "Now the deeds of the flesh are obvious, which are: adultery, sexual immorality, uncleanness, lustfulness,"
                },
                "20": {
                    "verse_nr": "20",
                    "verse": "idolatry, sorcery, hatred, strife, jealousies, outbursts of anger, rivalries, divisions, heresies,"
                },
                "21": {
                    "verse_nr": "21",
                    "verse": "envy, murders, drunkenness, orgies, and things like these; of which I forewarn you, even as I also forewarned you, that those who practice such things will not inherit God\u2019s Kingdom."
                },
                "22": {
                    "verse_nr": "22",
                    "verse": "But the fruit of the Spirit is love, joy, peace, patience, kindness, goodness, faith,"
                },
                "23": {
                    "verse_nr": "23",
                    "verse": "gentleness, and self-control. Against such things there is no law."
                },
                "24": {
                    "verse_nr": "24",
                    "verse": "Those who belong to Christ have crucified the flesh with its passions and lusts."
                },
                "25": {
                    "verse_nr": "25",
                    "verse": "If we live by the Spirit, let\u2019s also walk by the Spirit."
                },
                "26": {
                    "verse_nr": "26",
                    "verse": "Let\u2019s not become conceited, provoking one another, and envying one another."
                }
            }
        },
        "6": {
            "chapter_nr": "6",
            "chapter": {
                "1": {
                    "verse_nr": "1",
                    "verse": "Brothers, even if a man is caught in some fault, you who are spiritual must restore such a one in a spirit of gentleness; looking to yourself so that you also aren\u2019t tempted."
                },
                "2": {
                    "verse_nr": "2",
                    "verse": "Bear one another\u2019s burdens, and so fulfill the law of Christ."
                },
                "3": {
                    "verse_nr": "3",
                    "verse": "For if a man thinks himself to be something when he is nothing, he deceives himself."
                },
                "4": {
                    "verse_nr": "4",
                    "verse": "But let each man test his own work, and then he will take pride in himself and not in his neighbor."
                },
                "5": {
                    "verse_nr": "5",
                    "verse": "For each man will bear his own burden."
                },
                "6": {
                    "verse_nr": "6",
                    "verse": "But let him who is taught in the word share all good things with him who teaches."
                },
                "7": {
                    "verse_nr": "7",
                    "verse": "Don\u2019t be deceived. God is not mocked, for whatever a man sows, that he will also reap."
                },
                "8": {
                    "verse_nr": "8",
                    "verse": "For he who sows to his own flesh will from the flesh reap corruption. But he who sows to the Spirit will from the Spirit reap eternal life."
                },
                "9": {
                    "verse_nr": "9",
                    "verse": "Let us not be weary in doing good, for we will reap in due season, if we don\u2019t give up."
                },
                "10": {
                    "verse_nr": "10",
                    "verse": "So then, as we have opportunity, let\u2019s do what is good toward all men, and especially toward those who are of the household of the faith."
                },
                "11": {
                    "verse_nr": "11",
                    "verse": "See with what large letters I write to you with my own hand."
                },
                "12": {
                    "verse_nr": "12",
                    "verse": "As many as desire to look good in the flesh, they compel you to be circumcised; only that they may not be persecuted for the cross of Christ."
                },
                "13": {
                    "verse_nr": "13",
                    "verse": "For even they who receive circumcision don\u2019t keep the law themselves, but they desire to have you circumcised, that they may boast in your flesh."
                },
                "14": {
                    "verse_nr": "14",
                    "verse": "But far be it from me to boast, except in the cross of our Lord Jesus Christ, through which the world has been crucified to me, and I to the world."
                },
                "15": {
                    "verse_nr": "15",
                    "verse": "For in Christ Jesus neither is circumcision anything, nor uncircumcision, but a new creation."
                },
                "16": {
                    "verse_nr": "16",
                    "verse": "As many as walk by this rule, peace and mercy be on them, and on God\u2019s Israel."
                },
                "17": {
                    "verse_nr": "17",
                    "verse": "From now on, let no one cause me any trouble, for I bear the marks of the Lord Jesus branded on my body."
                },
                "18": {
                    "verse_nr": "18",
                    "verse": "The grace of our Lord Jesus Christ be with your spirit, brothers. Amen."
                }
            }
        }
    }
}