{
    "version": "NRSVACE",
    "book_name": "Haggai",
    "book_nr": "37",
    "book": {
        "1": {
            "chapter_nr": "1",
            "chapter": {
                "1": {
                    "verse_nr": "1",
                    "verse": "The Command to Rebuild the Temple - In the second year of King Darius, in the sixth month, on the first day of the month, the word of the LORD came by the prophet Haggai to Zerubbabel son of Shealtiel, governor of Judah, and to Joshua son of Jehozadak, the high priest:"
                },
                "2": {
                    "verse_nr": "2",
                    "verse": "Thus says the LORD of hosts: These people say the time has not yet come to rebuild the LORD\u2019s house."
                },
                "3": {
                    "verse_nr": "3",
                    "verse": "Then the word of the LORD came by the prophet Haggai, saying:"
                },
                "4": {
                    "verse_nr": "4",
                    "verse": "Is it a time for you yourselves to live in your panelled houses, while this house lies in ruins?"
                },
                "5": {
                    "verse_nr": "5",
                    "verse": "Now therefore, thus says the LORD of hosts: Consider how you have fared."
                },
                "6": {
                    "verse_nr": "6",
                    "verse": "You have sown much, and harvested little; you eat, but you never have enough; you drink, but you never have your fill; you clothe yourselves, but no one is warm; and you that earn wages earn wages to put them into a bag with holes."
                },
                "7": {
                    "verse_nr": "7",
                    "verse": "Thus says the LORD of hosts: Consider how you have fared."
                },
                "8": {
                    "verse_nr": "8",
                    "verse": "Go up to the hills and bring wood and build the house, so that I may take pleasure in it and be honoured, says the LORD."
                },
                "9": {
                    "verse_nr": "9",
                    "verse": "You have looked for much, and, lo, it came to little; and when you brought it home, I blew it away. Why? says the LORD of hosts. Because my house lies in ruins, while all of you hurry off to your own houses."
                },
                "10": {
                    "verse_nr": "10",
                    "verse": "Therefore the heavens above you have withheld the dew, and the earth has withheld its produce."
                },
                "11": {
                    "verse_nr": "11",
                    "verse": "And I have called for a drought on the land and the hills, on the grain, the new wine, the oil, on what the soil produces, on human beings and animals, and on all their labours."
                },
                "12": {
                    "verse_nr": "12",
                    "verse": "Then Zerubbabel son of Shealtiel, and Joshua son of Jehozadak, the high priest, with all the remnant of the people, obeyed the voice of the LORD their God, and the words of the prophet Haggai, as the LORD their God had sent him; and the people feared the LORD."
                },
                "13": {
                    "verse_nr": "13",
                    "verse": "Then Haggai, the messenger of the LORD, spoke to the people with the LORD\u2019s message, saying, I am with you, says the LORD."
                },
                "14": {
                    "verse_nr": "14",
                    "verse": "And the LORD stirred up the spirit of Zerubbabel son of Shealtiel, governor of Judah, and the spirit of Joshua son of Jehozadak, the high priest, and the spirit of all the remnant of the people; and they came and worked on the house of the LORD of hosts, their God,"
                },
                "15": {
                    "verse_nr": "15",
                    "verse": "on the twenty-fourth day of the month, in the sixth month."
                }
            }
        },
        "2": {
            "chapter_nr": "2",
            "chapter": {
                "1": {
                    "verse_nr": "1",
                    "verse": "The Future Glory of the Temple - In the second year of King Darius, in the seventh month, on the twenty-first day of the month, the word of the LORD came by the prophet Haggai, saying:"
                },
                "2": {
                    "verse_nr": "2",
                    "verse": "Speak now to Zerubbabel son of Shealtiel, governor of Judah, and to Joshua son of Jehozadak, the high priest, and to the remnant of the people, and say,"
                },
                "3": {
                    "verse_nr": "3",
                    "verse": "Who is left among you that saw this house in its former glory? How does it look to you now? Is it not in your sight as nothing?"
                },
                "4": {
                    "verse_nr": "4",
                    "verse": "Yet now take courage, O Zerubbabel, says the LORD; take courage, O Joshua, son of Jehozadak, the high priest; take courage, all you people of the land, says the LORD; work, for I am with you, says the LORD of hosts,"
                },
                "5": {
                    "verse_nr": "5",
                    "verse": "according to the promise that I made you when you came out of Egypt. My spirit abides among you; do not fear."
                },
                "6": {
                    "verse_nr": "6",
                    "verse": "For thus says the LORD of hosts: Once again, in a little while, I will shake the heavens and the earth and the sea and the dry land;"
                },
                "7": {
                    "verse_nr": "7",
                    "verse": "and I will shake all the nations, so that the treasure of all nations shall come, and I will fill this house with splendour, says the LORD of hosts."
                },
                "8": {
                    "verse_nr": "8",
                    "verse": "The silver is mine, and the gold is mine, says the LORD of hosts."
                },
                "9": {
                    "verse_nr": "9",
                    "verse": "The latter splendour of this house shall be greater than the former, says the LORD of hosts; and in this place I will give prosperity, says the LORD of hosts."
                },
                "10": {
                    "verse_nr": "10",
                    "verse": "A Rebuke and a Promise - On the twenty-fourth day of the ninth month, in the second year of Darius, the word of the LORD came by the prophet Haggai, saying:"
                },
                "11": {
                    "verse_nr": "11",
                    "verse": "Thus says the LORD of hosts: Ask the priests for a ruling:"
                },
                "12": {
                    "verse_nr": "12",
                    "verse": "If one carries consecrated meat in the fold of one\u2019s garment, and with the fold touches bread, or stew, or wine, or oil, or any kind of food, does it become holy? The priests answered, \u2018No.\u2019"
                },
                "13": {
                    "verse_nr": "13",
                    "verse": "Then Haggai said, \u2018If one who is unclean by contact with a dead body touches any of these, does it become unclean?\u2019 The priests answered, \u2018Yes, it becomes unclean.\u2019"
                },
                "14": {
                    "verse_nr": "14",
                    "verse": "Haggai then said, So is it with this people, and with this nation before me, says the LORD; and so with every work of their hands; and what they offer there is unclean."
                },
                "15": {
                    "verse_nr": "15",
                    "verse": "But now, consider what will come to pass from this day on. Before a stone was placed upon a stone in the LORD\u2019s temple,"
                },
                "16": {
                    "verse_nr": "16",
                    "verse": "how did you fare? When one came to a heap of twenty measures, there were but ten; when one came to the wine vat to draw fifty measures, there were but twenty."
                },
                "17": {
                    "verse_nr": "17",
                    "verse": "I struck you and all the products of your toil with blight and mildew and hail; yet you did not return to me, says the LORD."
                },
                "18": {
                    "verse_nr": "18",
                    "verse": "Consider from this day on, from the twenty-fourth day of the ninth month. Since the day that the foundation of the LORD\u2019s temple was laid, consider:"
                },
                "19": {
                    "verse_nr": "19",
                    "verse": "Is there any seed left in the barn? Do the vine, the fig tree, the pomegranate, and the olive tree still yield nothing? From this day on I will bless you."
                },
                "20": {
                    "verse_nr": "20",
                    "verse": "God\u2019s Promise to Zerubbabel - The word of the LORD came a second time to Haggai on the twenty-fourth day of the month:"
                },
                "21": {
                    "verse_nr": "21",
                    "verse": "Speak to Zerubbabel, governor of Judah, saying, I am about to shake the heavens and the earth,"
                },
                "22": {
                    "verse_nr": "22",
                    "verse": "and to overthrow the throne of kingdoms; I am about to destroy the strength of the kingdoms of the nations, and overthrow the chariots and their riders; and the horses and their riders shall fall, every one by the sword of a comrade."
                },
                "23": {
                    "verse_nr": "23",
                    "verse": "On that day, says the LORD of hosts, I will take you, O Zerubbabel my servant, son of Shealtiel, says the LORD, and make you like a signet ring; for I have chosen you, says the LORD of hosts."
                }
            }
        }
    }
}