{
    "version": "nvi",
    "book_name": "Ephesians",
    "book_nr": "49",
    "book": {
        "1": {
            "chapter_nr": "1",
            "chapter": {
                "1": {
                    "verse_nr": "1",
                    "verse": "Pablo, ap\u00f3stol de Cristo Jes\u00fas por la voluntad de Dios, a los santos y fieles en Cristo Jes\u00fas que est\u00e1n en \u00c9feso:"
                },
                "2": {
                    "verse_nr": "2",
                    "verse": "Que Dios nuestro Padre y el Se\u00f1or Jesucristo les concedan gracia y paz."
                },
                "3": {
                    "verse_nr": "3",
                    "verse": "Bendiciones espirituales en Cristo - Alabado sea Dios, Padre de nuestro Se\u00f1or Jesucristo, que nos ha bendecido en las regiones celestiales con toda bendici\u00f3n espiritual en Cristo."
                },
                "4": {
                    "verse_nr": "4",
                    "verse": "Dios nos escogi\u00f3 en \u00e9l antes de la creaci\u00f3n del mundo, para que seamos santos y sin mancha delante de \u00e9l. En amor"
                },
                "5": {
                    "verse_nr": "5",
                    "verse": "nos predestin\u00f3 para ser adoptados como hijos suyos por medio de Jesucristo, seg\u00fan el buen prop\u00f3sito de su voluntad,"
                },
                "6": {
                    "verse_nr": "6",
                    "verse": "para alabanza de su gloriosa gracia, que nos concedi\u00f3 en su Amado."
                },
                "7": {
                    "verse_nr": "7",
                    "verse": "En \u00e9l tenemos la redenci\u00f3n mediante su sangre, el perd\u00f3n de nuestros pecados, conforme a las riquezas de la gracia"
                },
                "8": {
                    "verse_nr": "8",
                    "verse": "que Dios nos dio en abundancia con toda sabidur\u00eda y entendimiento."
                },
                "9": {
                    "verse_nr": "9",
                    "verse": "\u00c9l nos hizo conocer el misterio de su voluntad conforme al buen prop\u00f3sito que de antemano estableci\u00f3 en Cristo,"
                },
                "10": {
                    "verse_nr": "10",
                    "verse": "para llevarlo a cabo cuando se cumpliera el tiempo, esto es, reunir en \u00e9l todas las cosas, tanto las del cielo como las de la tierra."
                },
                "11": {
                    "verse_nr": "11",
                    "verse": "En Cristo tambi\u00e9n fuimos hechos herederos, pues fuimos predestinados seg\u00fan el plan de aquel que hace todas las cosas conforme al designio de su voluntad,"
                },
                "12": {
                    "verse_nr": "12",
                    "verse": "a fin de que nosotros, que ya hemos puesto nuestra esperanza en Cristo, seamos para alabanza de su gloria."
                },
                "13": {
                    "verse_nr": "13",
                    "verse": "En \u00e9l tambi\u00e9n ustedes, cuando oyeron el mensaje de la verdad, el evangelio que les trajo la salvaci\u00f3n, y lo creyeron, fueron marcados con el sello que es el Esp\u00edritu Santo prometido."
                },
                "14": {
                    "verse_nr": "14",
                    "verse": "Este garantiza nuestra herencia hasta que llegue la redenci\u00f3n final del pueblo adquirido por Dios, para alabanza de su gloria."
                },
                "15": {
                    "verse_nr": "15",
                    "verse": "Acci\u00f3n de gracias e intercesi\u00f3n - Por eso yo, por mi parte, desde que me enter\u00e9 de la fe que tienen en el Se\u00f1or Jes\u00fas y del amor que demuestran por todos los santos,"
                },
                "16": {
                    "verse_nr": "16",
                    "verse": "no he dejado de dar gracias por ustedes al recordarlos en mis oraciones."
                },
                "17": {
                    "verse_nr": "17",
                    "verse": "Pido que el Dios de nuestro Se\u00f1or Jesucristo, el Padre glorioso, les d\u00e9 el Esp\u00edritu de sabidur\u00eda y de revelaci\u00f3n, para que lo conozcan mejor."
                },
                "18": {
                    "verse_nr": "18",
                    "verse": "Pido tambi\u00e9n que les sean iluminados los ojos del coraz\u00f3n para que sepan a qu\u00e9 esperanza \u00e9l los ha llamado, cu\u00e1l es la riqueza de su gloriosa herencia entre los santos,"
                },
                "19": {
                    "verse_nr": "19",
                    "verse": "y cu\u00e1n incomparable es la grandeza de su poder a favor de los que creemos. Ese poder es la fuerza grandiosa y eficaz"
                },
                "20": {
                    "verse_nr": "20",
                    "verse": "que Dios ejerci\u00f3 en Cristo cuando lo resucit\u00f3 de entre los muertos y lo sent\u00f3 a su derecha en las regiones celestiales,"
                },
                "21": {
                    "verse_nr": "21",
                    "verse": "muy por encima de todo gobierno y autoridad, poder y dominio, y de cualquier otro nombre que se invoque, no solo en este mundo, sino tambi\u00e9n en el venidero."
                },
                "22": {
                    "verse_nr": "22",
                    "verse": "Dios someti\u00f3 todas las cosas al dominio de Cristo, y lo dio como cabeza de todo a la iglesia."
                },
                "23": {
                    "verse_nr": "23",
                    "verse": "Esta, que es su cuerpo, es la plenitud de aquel que lo llena todo por completo."
                }
            }
        },
        "2": {
            "chapter_nr": "2",
            "chapter": {
                "1": {
                    "verse_nr": "1",
                    "verse": "La vida en Cristo - En otro tiempo ustedes estaban muertos en sus transgresiones y pecados,"
                },
                "2": {
                    "verse_nr": "2",
                    "verse": "en los cuales andaban conforme a los poderes de este mundo. Se conduc\u00edan seg\u00fan el que gobierna las tinieblas, seg\u00fan el esp\u00edritu que ahora ejerce su poder en los que viven en la desobediencia."
                },
                "3": {
                    "verse_nr": "3",
                    "verse": "En ese tiempo tambi\u00e9n todos nosotros viv\u00edamos como ellos, impulsados por nuestros deseos pecaminosos, siguiendo nuestra propia voluntad y nuestros prop\u00f3sitos. Como los dem\u00e1s, \u00e9ramos por naturaleza objeto de la ira de Dios."
                },
                "4": {
                    "verse_nr": "4",
                    "verse": "Pero Dios, que es rico en misericordia, por su gran amor por nosotros,"
                },
                "5": {
                    "verse_nr": "5",
                    "verse": "nos dio vida con Cristo, aun cuando est\u00e1bamos muertos en pecados. \u00a1Por gracia ustedes han sido salvados!"
                },
                "6": {
                    "verse_nr": "6",
                    "verse": "Y en uni\u00f3n con Cristo Jes\u00fas, Dios nos resucit\u00f3 y nos hizo sentar con \u00e9l en las regiones celestiales,"
                },
                "7": {
                    "verse_nr": "7",
                    "verse": "para mostrar en los tiempos venideros la incomparable riqueza de su gracia, que por su bondad derram\u00f3 sobre nosotros en Cristo Jes\u00fas."
                },
                "8": {
                    "verse_nr": "8",
                    "verse": "Porque por gracia ustedes han sido salvados mediante la fe; esto no procede de ustedes, sino que es el regalo de Dios,"
                },
                "9": {
                    "verse_nr": "9",
                    "verse": "no por obras, para que nadie se jacte."
                },
                "10": {
                    "verse_nr": "10",
                    "verse": "Porque somos hechura de Dios, creados en Cristo Jes\u00fas para buenas obras, las cuales Dios dispuso de antemano a fin de que las pongamos en pr\u00e1ctica."
                },
                "11": {
                    "verse_nr": "11",
                    "verse": "Unidad en Cristo - Por lo tanto, recuerden ustedes los gentiles de nacimiento \u2014los que son llamados \u00abincircuncisos\u00bb por aquellos que se llaman \u00abde la circuncisi\u00f3n\u00bb, la cual se hace en el cuerpo por mano humana\u2014,"
                },
                "12": {
                    "verse_nr": "12",
                    "verse": "recuerden que en ese entonces ustedes estaban separados de Cristo, excluidos de la ciudadan\u00eda de Israel y ajenos a los pactos de la promesa, sin esperanza y sin Dios en el mundo."
                },
                "13": {
                    "verse_nr": "13",
                    "verse": "Pero ahora en Cristo Jes\u00fas, a ustedes que antes estaban lejos, Dios los ha acercado mediante la sangre de Cristo."
                },
                "14": {
                    "verse_nr": "14",
                    "verse": "Porque Cristo es nuestra paz: de los dos pueblos ha hecho uno solo, derribando mediante su sacrificio el muro de enemistad que nos separaba,"
                },
                "15": {
                    "verse_nr": "15",
                    "verse": "pues anul\u00f3 la ley con sus mandamientos y requisitos. Esto lo hizo para crear en s\u00ed mismo de los dos pueblos una nueva humanidad al hacer la paz,"
                },
                "16": {
                    "verse_nr": "16",
                    "verse": "para reconciliar con Dios a ambos en un solo cuerpo mediante la cruz, por la que dio muerte a la enemistad."
                },
                "17": {
                    "verse_nr": "17",
                    "verse": "\u00c9l vino y proclam\u00f3 paz a ustedes que estaban lejos y paz a los que estaban cerca."
                },
                "18": {
                    "verse_nr": "18",
                    "verse": "Pues por medio de \u00e9l tenemos acceso al Padre por un mismo Esp\u00edritu."
                },
                "19": {
                    "verse_nr": "19",
                    "verse": "Por lo tanto, ustedes ya no son extra\u00f1os ni extranjeros, sino conciudadanos de los santos y miembros de la familia de Dios,"
                },
                "20": {
                    "verse_nr": "20",
                    "verse": "edificados sobre el fundamento de los ap\u00f3stoles y los profetas, siendo Cristo Jes\u00fas mismo la piedra angular."
                },
                "21": {
                    "verse_nr": "21",
                    "verse": "En \u00e9l todo el edificio, bien armado, se va levantando para llegar a ser un templo santo en el Se\u00f1or."
                },
                "22": {
                    "verse_nr": "22",
                    "verse": "En \u00e9l tambi\u00e9n ustedes son edificados juntamente para ser morada de Dios por su Esp\u00edritu."
                }
            }
        },
        "3": {
            "chapter_nr": "3",
            "chapter": {
                "1": {
                    "verse_nr": "1",
                    "verse": "Pablo y el misterio de Cristo - Por esta raz\u00f3n yo, Pablo, prisionero de Cristo Jes\u00fas por el bien de ustedes los gentiles, me arrodillo en oraci\u00f3n."
                },
                "2": {
                    "verse_nr": "2",
                    "verse": "Sin duda se han enterado del plan de la gracia de Dios que \u00e9l me encomend\u00f3 para ustedes,"
                },
                "3": {
                    "verse_nr": "3",
                    "verse": "es decir, el misterio que me dio a conocer por revelaci\u00f3n, como ya les escrib\u00ed brevemente."
                },
                "4": {
                    "verse_nr": "4",
                    "verse": "Al leer esto, podr\u00e1n darse cuenta de que comprendo el misterio de Cristo."
                },
                "5": {
                    "verse_nr": "5",
                    "verse": "Ese misterio, que en otras generaciones no se les dio a conocer a los seres humanos, ahora se les ha revelado por el Esp\u00edritu a los santos ap\u00f3stoles y profetas de Dios;"
                },
                "6": {
                    "verse_nr": "6",
                    "verse": "es decir, que los gentiles son, junto con Israel, beneficiarios de la misma herencia, miembros de un mismo cuerpo y participantes igualmente de la promesa en Cristo Jes\u00fas mediante el evangelio."
                },
                "7": {
                    "verse_nr": "7",
                    "verse": "De este evangelio llegu\u00e9 a ser servidor. Este fue el regalo que Dios me dio por su gracia, conforme a su poder eficaz."
                },
                "8": {
                    "verse_nr": "8",
                    "verse": "Aunque soy el m\u00e1s insignificante de todos los santos, recib\u00ed esta gracia de predicar a las naciones las incalculables riquezas de Cristo,"
                },
                "9": {
                    "verse_nr": "9",
                    "verse": "y de hacer entender a todos la realizaci\u00f3n del plan de Dios, el misterio que desde los tiempos eternos se mantuvo oculto en Dios, creador de todas las cosas."
                },
                "10": {
                    "verse_nr": "10",
                    "verse": "El fin de todo esto es que la sabidur\u00eda de Dios, en toda su diversidad, se d\u00e9 a conocer ahora, por medio de la iglesia, a los poderes y autoridades en las regiones celestiales,"
                },
                "11": {
                    "verse_nr": "11",
                    "verse": "conforme a su eterno prop\u00f3sito realizado en Cristo Jes\u00fas nuestro Se\u00f1or."
                },
                "12": {
                    "verse_nr": "12",
                    "verse": "En \u00e9l, mediante la fe, disfrutamos de libertad y confianza para acercarnos a Dios."
                },
                "13": {
                    "verse_nr": "13",
                    "verse": "As\u00ed que les pido que no se desanimen a causa de lo que sufro por ustedes, ya que estos sufrimientos m\u00edos son para ustedes un honor."
                },
                "14": {
                    "verse_nr": "14",
                    "verse": "Oraci\u00f3n por los efesios - Por esta raz\u00f3n me arrodillo delante del Padre,"
                },
                "15": {
                    "verse_nr": "15",
                    "verse": "de quien recibe nombre toda familia en el cielo y en la tierra."
                },
                "16": {
                    "verse_nr": "16",
                    "verse": "Le pido que, por medio del Esp\u00edritu y con el poder que procede de sus gloriosas riquezas, los fortalezca a ustedes en lo \u00edntimo de su ser,"
                },
                "17": {
                    "verse_nr": "17",
                    "verse": "para que por fe Cristo habite en sus corazones. Y pido que, arraigados y cimentados en amor,"
                },
                "18": {
                    "verse_nr": "18",
                    "verse": "puedan comprender, junto con todos los santos, cu\u00e1n ancho y largo, alto y profundo es el amor de Cristo;"
                },
                "19": {
                    "verse_nr": "19",
                    "verse": "en fin, que conozcan ese amor que sobrepasa nuestro conocimiento, para que sean llenos de la plenitud de Dios."
                },
                "20": {
                    "verse_nr": "20",
                    "verse": "Al que puede hacer much\u00edsimo m\u00e1s que todo lo que podamos imaginarnos o pedir, por el poder que obra eficazmente en nosotros,"
                },
                "21": {
                    "verse_nr": "21",
                    "verse": "\u00a1a \u00e9l sea la gloria en la iglesia y en Cristo Jes\u00fas por todas las generaciones, por los siglos de los siglos! Am\u00e9n."
                }
            }
        },
        "4": {
            "chapter_nr": "4",
            "chapter": {
                "1": {
                    "verse_nr": "1",
                    "verse": "Unidad en el cuerpo de Cristo - Por eso yo, que estoy preso por la causa del Se\u00f1or, les ruego que vivan de una manera digna del llamamiento que han recibido,"
                },
                "2": {
                    "verse_nr": "2",
                    "verse": "siempre humildes y amables, pacientes, tolerantes unos con otros en amor."
                },
                "3": {
                    "verse_nr": "3",
                    "verse": "Esfu\u00e9rcense por mantener la unidad del Esp\u00edritu mediante el v\u00ednculo de la paz."
                },
                "4": {
                    "verse_nr": "4",
                    "verse": "Hay un solo cuerpo y un solo Esp\u00edritu, as\u00ed como tambi\u00e9n fueron llamados a una sola esperanza;"
                },
                "5": {
                    "verse_nr": "5",
                    "verse": "un solo Se\u00f1or, una sola fe, un solo bautismo;"
                },
                "6": {
                    "verse_nr": "6",
                    "verse": "un solo Dios y Padre de todos, que est\u00e1 sobre todos y por medio de todos y en todos."
                },
                "7": {
                    "verse_nr": "7",
                    "verse": "Pero a cada uno de nosotros se nos ha dado gracia en la medida en que Cristo ha repartido los dones."
                },
                "8": {
                    "verse_nr": "8",
                    "verse": "Por esto dice: \u00abCuando ascendi\u00f3 a lo alto, se llev\u00f3 consigo a los cautivos y dio dones a los hombres\u00bb."
                },
                "9": {
                    "verse_nr": "9",
                    "verse": "(\u00bfQu\u00e9 quiere decir eso de que \u00abascendi\u00f3\u00bb, sino que tambi\u00e9n descendi\u00f3 a las partes bajas, o sea, a la tierra?"
                },
                "10": {
                    "verse_nr": "10",
                    "verse": "El que descendi\u00f3 es el mismo que ascendi\u00f3 por encima de todos los cielos, para llenarlo todo)."
                },
                "11": {
                    "verse_nr": "11",
                    "verse": "\u00c9l mismo constituy\u00f3 a unos, ap\u00f3stoles; a otros, profetas; a otros, evangelistas; y a otros, pastores y maestros,"
                },
                "12": {
                    "verse_nr": "12",
                    "verse": "a fin de capacitar al pueblo de Dios para la obra de servicio, para edificar el cuerpo de Cristo."
                },
                "13": {
                    "verse_nr": "13",
                    "verse": "De este modo, todos llegaremos a la unidad de la fe y del conocimiento del Hijo de Dios, a una humanidad perfecta que se conforme a la plena estatura de Cristo."
                },
                "14": {
                    "verse_nr": "14",
                    "verse": "As\u00ed ya no seremos ni\u00f1os, zarandeados por las olas y llevados de aqu\u00ed para all\u00e1 por todo viento de ense\u00f1anza y por la astucia y los artificios de quienes emplean artima\u00f1as enga\u00f1osas."
                },
                "15": {
                    "verse_nr": "15",
                    "verse": "M\u00e1s bien, al vivir la verdad con amor, creceremos hasta ser en todo como aquel que es la cabeza, es decir, Cristo."
                },
                "16": {
                    "verse_nr": "16",
                    "verse": "Por su acci\u00f3n todo el cuerpo crece y se edifica en amor, sostenido y ajustado por todos los ligamentos, seg\u00fan la actividad propia de cada miembro."
                },
                "17": {
                    "verse_nr": "17",
                    "verse": "Vivan como hijos de luz - As\u00ed que les digo esto y les insisto en el Se\u00f1or: no vivan m\u00e1s con pensamientos fr\u00edvolos como los paganos."
                },
                "18": {
                    "verse_nr": "18",
                    "verse": "A causa de la ignorancia que los domina y por la dureza de su coraz\u00f3n, estos tienen oscurecido el entendimiento y est\u00e1n alejados de la vida que proviene de Dios."
                },
                "19": {
                    "verse_nr": "19",
                    "verse": "Han perdido toda verg\u00fcenza, se han entregado a la inmoralidad, y no se sacian de cometer toda clase de actos indecentes."
                },
                "20": {
                    "verse_nr": "20",
                    "verse": "No fue esta la ense\u00f1anza que ustedes recibieron acerca de Cristo,"
                },
                "21": {
                    "verse_nr": "21",
                    "verse": "si de veras se les habl\u00f3 y ense\u00f1\u00f3 de Jes\u00fas seg\u00fan la verdad que est\u00e1 en \u00e9l."
                },
                "22": {
                    "verse_nr": "22",
                    "verse": "Con respecto a la vida que antes llevaban, se les ense\u00f1\u00f3 que deb\u00edan quitarse el ropaje de la vieja naturaleza, la cual est\u00e1 corrompida por los deseos enga\u00f1osos;"
                },
                "23": {
                    "verse_nr": "23",
                    "verse": "ser renovados en la actitud de su mente;"
                },
                "24": {
                    "verse_nr": "24",
                    "verse": "y ponerse el ropaje de la nueva naturaleza, creada a imagen de Dios, en verdadera justicia y santidad."
                },
                "25": {
                    "verse_nr": "25",
                    "verse": "Por lo tanto, dejando la mentira, hable cada uno a su pr\u00f3jimo con la verdad, porque todos somos miembros de un mismo cuerpo."
                },
                "26": {
                    "verse_nr": "26",
                    "verse": "\u00abSi se enojan, no pequen\u00bb. No permitan que el enojo les dure hasta la puesta del sol,"
                },
                "27": {
                    "verse_nr": "27",
                    "verse": "ni den cabida al diablo."
                },
                "28": {
                    "verse_nr": "28",
                    "verse": "El que robaba, que no robe m\u00e1s, sino que trabaje honradamente con las manos para tener qu\u00e9 compartir con los necesitados."
                },
                "29": {
                    "verse_nr": "29",
                    "verse": "Eviten toda conversaci\u00f3n obscena. Por el contrario, que sus palabras contribuyan a la necesaria edificaci\u00f3n y sean de bendici\u00f3n para quienes escuchan."
                },
                "30": {
                    "verse_nr": "30",
                    "verse": "No agravien al Esp\u00edritu Santo de Dios, con el cual fueron sellados para el d\u00eda de la redenci\u00f3n."
                },
                "31": {
                    "verse_nr": "31",
                    "verse": "Abandonen toda amargura, ira y enojo, gritos y calumnias, y toda forma de malicia."
                },
                "32": {
                    "verse_nr": "32",
                    "verse": "M\u00e1s bien, sean bondadosos y compasivos unos con otros, y perd\u00f3nense mutuamente, as\u00ed como Dios los perdon\u00f3 a ustedes en Cristo."
                }
            }
        },
        "5": {
            "chapter_nr": "5",
            "chapter": {
                "1": {
                    "verse_nr": "1",
                    "verse": "Por tanto, imiten a Dios, como hijos muy amados,"
                },
                "2": {
                    "verse_nr": "2",
                    "verse": "y lleven una vida de amor, as\u00ed como Cristo nos am\u00f3 y se entreg\u00f3 por nosotros como ofrenda y sacrificio fragante para Dios."
                },
                "3": {
                    "verse_nr": "3",
                    "verse": "Entre ustedes ni siquiera debe mencionarse la inmoralidad sexual, ni ninguna clase de impureza o de avaricia, porque eso no es propio del pueblo santo de Dios."
                },
                "4": {
                    "verse_nr": "4",
                    "verse": "Tampoco debe haber palabras indecentes, conversaciones necias ni chistes groseros, todo lo cual est\u00e1 fuera de lugar; haya m\u00e1s bien acci\u00f3n de gracias."
                },
                "5": {
                    "verse_nr": "5",
                    "verse": "Porque pueden estar seguros de que nadie que sea avaro (es decir, id\u00f3latra), inmoral o impuro tendr\u00e1 herencia en el reino de Cristo y de Dios."
                },
                "6": {
                    "verse_nr": "6",
                    "verse": "Que nadie los enga\u00f1e con argumentaciones vanas, porque por esto viene el castigo de Dios sobre los que viven en la desobediencia."
                },
                "7": {
                    "verse_nr": "7",
                    "verse": "As\u00ed que no se hagan c\u00f3mplices de ellos."
                },
                "8": {
                    "verse_nr": "8",
                    "verse": "Porque ustedes antes eran oscuridad, pero ahora son luz en el Se\u00f1or. Vivan como hijos de luz"
                },
                "9": {
                    "verse_nr": "9",
                    "verse": "(el fruto de la luz consiste en toda bondad, justicia y verdad)"
                },
                "10": {
                    "verse_nr": "10",
                    "verse": "y comprueben lo que agrada al Se\u00f1or."
                },
                "11": {
                    "verse_nr": "11",
                    "verse": "No tengan nada que ver con las obras infructuosas de la oscuridad, sino m\u00e1s bien den\u00fancienlas,"
                },
                "12": {
                    "verse_nr": "12",
                    "verse": "porque da verg\u00fcenza aun mencionar lo que los desobedientes hacen en secreto."
                },
                "13": {
                    "verse_nr": "13",
                    "verse": "Pero todo lo que la luz pone al descubierto se hace visible,"
                },
                "14": {
                    "verse_nr": "14",
                    "verse": "porque la luz es lo que hace que todo sea visible. Por eso se dice: \u00abDespi\u00e9rtate, t\u00fa que duermes, lev\u00e1ntate de entre los muertos, y te alumbrar\u00e1 Cristo\u00bb."
                },
                "15": {
                    "verse_nr": "15",
                    "verse": "As\u00ed que tengan cuidado de su manera de vivir. No vivan como necios, sino como sabios,"
                },
                "16": {
                    "verse_nr": "16",
                    "verse": "aprovechando al m\u00e1ximo cada momento oportuno, porque los d\u00edas son malos."
                },
                "17": {
                    "verse_nr": "17",
                    "verse": "Por tanto, no sean insensatos, sino entiendan cu\u00e1l es la voluntad del Se\u00f1or."
                },
                "18": {
                    "verse_nr": "18",
                    "verse": "No se emborrachen con vino, que lleva al desenfreno. Al contrario, sean llenos del Esp\u00edritu."
                },
                "19": {
                    "verse_nr": "19",
                    "verse": "An\u00edmense unos a otros con salmos, himnos y canciones espirituales. Canten y alaben al Se\u00f1or con el coraz\u00f3n,"
                },
                "20": {
                    "verse_nr": "20",
                    "verse": "dando siempre gracias a Dios el Padre por todo, en el nombre de nuestro Se\u00f1or Jesucristo."
                },
                "21": {
                    "verse_nr": "21",
                    "verse": "Deberes conyugales - Som\u00e9tanse unos a otros, por reverencia a Cristo."
                },
                "22": {
                    "verse_nr": "22",
                    "verse": "Esposas, som\u00e9tanse a sus propios esposos como al Se\u00f1or."
                },
                "23": {
                    "verse_nr": "23",
                    "verse": "Porque el esposo es cabeza de su esposa, as\u00ed como Cristo es cabeza y Salvador de la iglesia, la cual es su cuerpo."
                },
                "24": {
                    "verse_nr": "24",
                    "verse": "As\u00ed como la iglesia se somete a Cristo, tambi\u00e9n las esposas deben someterse a sus esposos en todo."
                },
                "25": {
                    "verse_nr": "25",
                    "verse": "Esposos, amen a sus esposas, as\u00ed como Cristo am\u00f3 a la iglesia y se entreg\u00f3 por ella"
                },
                "26": {
                    "verse_nr": "26",
                    "verse": "para hacerla santa. \u00c9l la purific\u00f3, lav\u00e1ndola con agua mediante la palabra,"
                },
                "27": {
                    "verse_nr": "27",
                    "verse": "para present\u00e1rsela a s\u00ed mismo como una iglesia radiante, sin mancha ni arruga ni ninguna otra imperfecci\u00f3n, sino santa e intachable."
                },
                "28": {
                    "verse_nr": "28",
                    "verse": "As\u00ed mismo el esposo debe amar a su esposa como a su propio cuerpo. El que ama a su esposa se ama a s\u00ed mismo,"
                },
                "29": {
                    "verse_nr": "29",
                    "verse": "pues nadie ha odiado jam\u00e1s a su propio cuerpo; al contrario, lo alimenta y lo cuida, as\u00ed como Cristo hace con la iglesia,"
                },
                "30": {
                    "verse_nr": "30",
                    "verse": "porque somos miembros de su cuerpo."
                },
                "31": {
                    "verse_nr": "31",
                    "verse": "\u00abPor eso dejar\u00e1 el hombre a su padre y a su madre, y se unir\u00e1 a su esposa, y los dos llegar\u00e1n a ser un solo cuerpo\u00bb."
                },
                "32": {
                    "verse_nr": "32",
                    "verse": "Esto es un misterio profundo; yo me refiero a Cristo y a la iglesia."
                },
                "33": {
                    "verse_nr": "33",
                    "verse": "En todo caso, cada uno de ustedes ame tambi\u00e9n a su esposa como a s\u00ed mismo, y que la esposa respete a su esposo."
                }
            }
        },
        "6": {
            "chapter_nr": "6",
            "chapter": {
                "1": {
                    "verse_nr": "1",
                    "verse": "Deberes filiales - Hijos, obedezcan en el Se\u00f1or a sus padres, porque esto es justo."
                },
                "2": {
                    "verse_nr": "2",
                    "verse": "\u00abHonra a tu padre y a tu madre \u2014que es el primer mandamiento con promesa\u2014"
                },
                "3": {
                    "verse_nr": "3",
                    "verse": "para que te vaya bien y disfrutes de una larga vida en la tierra\u00bb."
                },
                "4": {
                    "verse_nr": "4",
                    "verse": "Y ustedes, padres, no hagan enojar a sus hijos, sino cr\u00edenlos seg\u00fan la disciplina e instrucci\u00f3n del Se\u00f1or."
                },
                "5": {
                    "verse_nr": "5",
                    "verse": "Deberes de los esclavos y de sus amos - Esclavos, obedezcan a sus amos terrenales con respeto y temor, y con integridad de coraz\u00f3n, como a Cristo."
                },
                "6": {
                    "verse_nr": "6",
                    "verse": "No lo hagan solo cuando los est\u00e9n mirando, como los que quieren ganarse el favor humano, sino como esclavos de Cristo, haciendo de todo coraz\u00f3n la voluntad de Dios."
                },
                "7": {
                    "verse_nr": "7",
                    "verse": "Sirvan de buena gana, como quien sirve al Se\u00f1or y no a los hombres,"
                },
                "8": {
                    "verse_nr": "8",
                    "verse": "sabiendo que el Se\u00f1or recompensar\u00e1 a cada uno por el bien que haya hecho, sea esclavo o sea libre."
                },
                "9": {
                    "verse_nr": "9",
                    "verse": "Y ustedes, amos, correspondan a esta actitud de sus esclavos, dejando de amenazarlos. Recuerden que tanto ellos como ustedes tienen un mismo Amo en el cielo, y que con \u00e9l no hay favoritismos."
                },
                "10": {
                    "verse_nr": "10",
                    "verse": "La armadura de Dios - Por \u00faltimo, fortal\u00e9zcanse con el gran poder del Se\u00f1or."
                },
                "11": {
                    "verse_nr": "11",
                    "verse": "P\u00f3nganse toda la armadura de Dios para que puedan hacer frente a las artima\u00f1as del diablo."
                },
                "12": {
                    "verse_nr": "12",
                    "verse": "Porque nuestra lucha no es contra seres humanos, sino contra poderes, contra autoridades, contra potestades que dominan este mundo de tinieblas, contra fuerzas espirituales malignas en las regiones celestiales."
                },
                "13": {
                    "verse_nr": "13",
                    "verse": "Por lo tanto, p\u00f3nganse toda la armadura de Dios, para que cuando llegue el d\u00eda malo puedan resistir hasta el fin con firmeza."
                },
                "14": {
                    "verse_nr": "14",
                    "verse": "Mant\u00e9nganse firmes, ce\u00f1idos con el cintur\u00f3n de la verdad, protegidos por la coraza de justicia,"
                },
                "15": {
                    "verse_nr": "15",
                    "verse": "y calzados con la disposici\u00f3n de proclamar el evangelio de la paz."
                },
                "16": {
                    "verse_nr": "16",
                    "verse": "Adem\u00e1s de todo esto, tomen el escudo de la fe, con el cual pueden apagar todas las flechas encendidas del maligno."
                },
                "17": {
                    "verse_nr": "17",
                    "verse": "Tomen el casco de la salvaci\u00f3n y la espada del Esp\u00edritu, que es la palabra de Dios."
                },
                "18": {
                    "verse_nr": "18",
                    "verse": "Oren en el Esp\u00edritu en todo momento, con peticiones y ruegos. Mant\u00e9nganse alerta y perseveren en oraci\u00f3n por todos los santos."
                },
                "19": {
                    "verse_nr": "19",
                    "verse": "Oren tambi\u00e9n por m\u00ed para que, cuando hable, Dios me d\u00e9 las palabras para dar a conocer con valor el misterio del evangelio,"
                },
                "20": {
                    "verse_nr": "20",
                    "verse": "por el cual soy embajador en cadenas. Oren para que lo proclame valerosamente, como debo hacerlo."
                },
                "21": {
                    "verse_nr": "21",
                    "verse": "Saludos finales - Nuestro querido hermano T\u00edquico, fiel servidor en el Se\u00f1or, les contar\u00e1 todo, para que tambi\u00e9n ustedes sepan c\u00f3mo me va y qu\u00e9 estoy haciendo."
                },
                "22": {
                    "verse_nr": "22",
                    "verse": "Lo env\u00edo a ustedes precisamente para que sepan c\u00f3mo estamos y para que cobren \u00e1nimo."
                },
                "23": {
                    "verse_nr": "23",
                    "verse": "Que Dios el Padre y el Se\u00f1or Jesucristo les concedan paz, amor y fe a los hermanos."
                },
                "24": {
                    "verse_nr": "24",
                    "verse": "La gracia sea con todos los que aman a nuestro Se\u00f1or Jesucristo con amor imperecedero."
                }
            }
        }
    }
}