{
    "Genesis.46.1": [
        {
            "word": "And Israel",
            "strongs": [
                "H3478"
            ]
        },
        {
            "word": "took his journey",
            "strongs": [
                "H5265"
            ]
        },
        {
            "word": "with all that he had, and came",
            "strongs": [
                "H0935"
            ]
        },
        {
            "word": "to Beer\u00e2\u20ac\u201csheba",
            "strongs": [
                "H0884"
            ]
        },
        {
            "word": "and offered",
            "strongs": [
                "H2076"
            ]
        },
        {
            "word": "sacrifices",
            "strongs": [
                "H2077"
            ]
        },
        {
            "word": "unto the God",
            "strongs": [
                "H0430"
            ]
        },
        {
            "word": "of his father",
            "strongs": [
                "H0001"
            ]
        },
        {
            "word": "Isaac",
            "strongs": [
                "H3327"
            ]
        }
    ],
    "Genesis.46.2": [
        {
            "word": "And God",
            "strongs": [
                "H0430"
            ]
        },
        {
            "word": "spake",
            "strongs": [
                "H0559"
            ]
        },
        {
            "word": "unto Israel",
            "strongs": [
                "H3478"
            ]
        },
        {
            "word": "in the visions",
            "strongs": [
                "H4759"
            ]
        },
        {
            "word": "of the night",
            "strongs": [
                "H3915"
            ]
        },
        {
            "word": "and said",
            "strongs": [
                "H0559"
            ]
        },
        {
            "word": "Jacob",
            "strongs": [
                "H3290"
            ]
        },
        {
            "word": "Jacob",
            "strongs": [
                "H3290"
            ]
        },
        {
            "word": "And he said",
            "strongs": [
                "H0559"
            ]
        }
    ],
    "Genesis.46.3": [
        {
            "word": "And he said",
            "strongs": [
                "H0559"
            ]
        },
        {
            "word": "God",
            "strongs": [
                "H0410"
            ]
        },
        {
            "word": "the God",
            "strongs": [
                "H0430"
            ]
        },
        {
            "word": "of thy father",
            "strongs": [
                "H0001"
            ]
        },
        {
            "word": "fear",
            "strongs": [
                "H3372"
            ]
        },
        {
            "word": "not to go down",
            "strongs": [
                "H3381"
            ]
        },
        {
            "word": "into Egypt",
            "strongs": [
                "H4714"
            ]
        },
        {
            "word": "for I will there make",
            "strongs": [
                "H7760"
            ]
        },
        {
            "word": "of thee a great",
            "strongs": [
                "H1419"
            ]
        },
        {
            "word": "nation",
            "strongs": [
                "H1471"
            ]
        }
    ],
    "Genesis.46.4": [
        {
            "word": "I will go down",
            "strongs": [
                "H3381"
            ]
        },
        {
            "word": "with thee into Egypt",
            "strongs": [
                "H4714"
            ]
        },
        {
            "word": "and I will also surely",
            "strongs": [
                "H5927"
            ]
        },
        {
            "word": "bring thee up",
            "strongs": [
                "H5927"
            ]
        },
        {
            "word": "and Joseph",
            "strongs": [
                "H3130"
            ]
        },
        {
            "word": "shall put",
            "strongs": [
                "H7896"
            ]
        },
        {
            "word": "his hand",
            "strongs": [
                "H3027"
            ]
        },
        {
            "word": "upon thine eyes",
            "strongs": [
                "H5869"
            ]
        }
    ],
    "Genesis.46.5": [
        {
            "word": "And Jacob",
            "strongs": [
                "H3290"
            ]
        },
        {
            "word": "rose up",
            "strongs": [
                "H6965"
            ]
        },
        {
            "word": "from Beer\u00e2\u20ac\u201csheba",
            "strongs": [
                "H0884"
            ]
        },
        {
            "word": "and the sons",
            "strongs": [
                "H1121"
            ]
        },
        {
            "word": "of Israel",
            "strongs": [
                "H3478"
            ]
        },
        {
            "word": "carried",
            "strongs": [
                "H5375"
            ]
        },
        {
            "word": "Jacob",
            "strongs": [
                "H3290"
            ]
        },
        {
            "word": "their father",
            "strongs": [
                "H0001"
            ]
        },
        {
            "word": "and their little ones",
            "strongs": [
                "H2945"
            ]
        },
        {
            "word": "and their wives",
            "strongs": [
                "H0802"
            ]
        },
        {
            "word": "in the wagons",
            "strongs": [
                "H5699"
            ]
        },
        {
            "word": "which Pharaoh",
            "strongs": [
                "H6547"
            ]
        },
        {
            "word": "had sent",
            "strongs": [
                "H7971"
            ]
        },
        {
            "word": "to carry",
            "strongs": [
                "H5375"
            ]
        }
    ],
    "Genesis.46.6": [
        {
            "word": "And they took",
            "strongs": [
                "H3947"
            ]
        },
        {
            "word": "their cattle",
            "strongs": [
                "H4735"
            ]
        },
        {
            "word": "and their goods",
            "strongs": [
                "H7399"
            ]
        },
        {
            "word": "which they had gotten",
            "strongs": [
                "H7408"
            ]
        },
        {
            "word": "in the land",
            "strongs": [
                "H0776"
            ]
        },
        {
            "word": "of Canaan",
            "strongs": [
                "H3667"
            ]
        },
        {
            "word": "and came",
            "strongs": [
                "H0935"
            ]
        },
        {
            "word": "into Egypt",
            "strongs": [
                "H4714"
            ]
        },
        {
            "word": "Jacob",
            "strongs": [
                "H3290"
            ]
        },
        {
            "word": "and all his seed",
            "strongs": [
                "H2233"
            ]
        }
    ],
    "Genesis.46.7": [
        {
            "word": "His sons",
            "strongs": [
                "H1121"
            ]
        },
        {
            "word": "and his sons'",
            "strongs": [
                "H1121"
            ]
        },
        {
            "word": "sons",
            "strongs": [
                "H1121"
            ]
        },
        {
            "word": "with him, his daughters",
            "strongs": [
                "H1323"
            ]
        },
        {
            "word": "and his sons'",
            "strongs": [
                "H1121"
            ]
        },
        {
            "word": "daughters",
            "strongs": [
                "H1323"
            ]
        },
        {
            "word": "and all his seed",
            "strongs": [
                "H2233"
            ]
        },
        {
            "word": "brought he",
            "strongs": [
                "H0935"
            ]
        },
        {
            "word": "with him into Egypt",
            "strongs": [
                "H4714"
            ]
        }
    ],
    "Genesis.46.8": [
        {
            "word": "the names",
            "strongs": [
                "H8034"
            ]
        },
        {
            "word": "of the children",
            "strongs": [
                "H1121"
            ]
        },
        {
            "word": "of Israel",
            "strongs": [
                "H3478"
            ]
        },
        {
            "word": "which came",
            "strongs": [
                "H0935"
            ]
        },
        {
            "word": "into Egypt",
            "strongs": [
                "H4714"
            ]
        },
        {
            "word": "Jacob",
            "strongs": [
                "H3290"
            ]
        },
        {
            "word": "and his sons",
            "strongs": [
                "H1121"
            ]
        },
        {
            "word": "Reuben",
            "strongs": [
                "H7205"
            ]
        },
        {
            "word": "Jacob's",
            "strongs": [
                "H3290"
            ]
        },
        {
            "word": "firstborn",
            "strongs": [
                "H1060"
            ]
        }
    ],
    "Genesis.46.9": [
        {
            "word": "And the sons",
            "strongs": [
                "H1121"
            ]
        },
        {
            "word": "of Reuben",
            "strongs": [
                "H7205"
            ]
        },
        {
            "word": "Hanoch",
            "strongs": [
                "H2585"
            ]
        },
        {
            "word": "and Phallu",
            "strongs": [
                "H6396"
            ]
        },
        {
            "word": "and Hezron",
            "strongs": [
                "H2696"
            ]
        },
        {
            "word": "and Carmi",
            "strongs": [
                "H3756"
            ]
        }
    ],
    "Genesis.46.10": [
        {
            "word": "And the sons",
            "strongs": [
                "H1121"
            ]
        },
        {
            "word": "of Simeon",
            "strongs": [
                "H8095"
            ]
        },
        {
            "word": "Jemuel",
            "strongs": [
                "H3223"
            ]
        },
        {
            "word": "and Jamin",
            "strongs": [
                "H3226"
            ]
        },
        {
            "word": "and Ohad",
            "strongs": [
                "H0161"
            ]
        },
        {
            "word": "and Jachin",
            "strongs": [
                "H3199"
            ]
        },
        {
            "word": "and Zohar",
            "strongs": [
                "H6714"
            ]
        },
        {
            "word": "and Shaul",
            "strongs": [
                "H7586"
            ]
        },
        {
            "word": "the son",
            "strongs": [
                "H1121"
            ]
        },
        {
            "word": "of a Canaanitish",
            "strongs": [
                "H3669"
            ]
        }
    ],
    "Genesis.46.11": [
        {
            "word": "And the sons",
            "strongs": [
                "H1121"
            ]
        },
        {
            "word": "of Levi",
            "strongs": [
                "H3878"
            ]
        },
        {
            "word": "Gershon",
            "strongs": [
                "H1648"
            ]
        },
        {
            "word": "Kohath",
            "strongs": [
                "H6955"
            ]
        },
        {
            "word": "and Merari",
            "strongs": [
                "H4847"
            ]
        }
    ],
    "Genesis.46.12": [
        {
            "word": "And the sons",
            "strongs": [
                "H1121"
            ]
        },
        {
            "word": "of Judah",
            "strongs": [
                "H3063"
            ]
        },
        {
            "word": "Er",
            "strongs": [
                "H6147"
            ]
        },
        {
            "word": "and Onan",
            "strongs": [
                "H0209"
            ]
        },
        {
            "word": "and Shelah",
            "strongs": [
                "H7956"
            ]
        },
        {
            "word": "and Pharez",
            "strongs": [
                "H6557"
            ]
        },
        {
            "word": "and Zerah",
            "strongs": [
                "H2226"
            ]
        },
        {
            "word": "but Er",
            "strongs": [
                "H6147"
            ]
        },
        {
            "word": "and Onan",
            "strongs": [
                "H0209"
            ]
        },
        {
            "word": "died",
            "strongs": [
                "H4191"
            ]
        },
        {
            "word": "in the land",
            "strongs": [
                "H0776"
            ]
        },
        {
            "word": "of Canaan",
            "strongs": [
                "H3667"
            ]
        },
        {
            "word": "And the sons",
            "strongs": [
                "H1121"
            ]
        },
        {
            "word": "of Pharez",
            "strongs": [
                "H6557"
            ]
        },
        {
            "word": "were Hezron",
            "strongs": [
                "H2696"
            ]
        },
        {
            "word": "and Hamul",
            "strongs": [
                "H2538"
            ]
        }
    ],
    "Genesis.46.13": [
        {
            "word": "And the sons",
            "strongs": [
                "H1121"
            ]
        },
        {
            "word": "of Issachar",
            "strongs": [
                "H3485"
            ]
        },
        {
            "word": "Tola",
            "strongs": [
                "H8439"
            ]
        },
        {
            "word": "and Phuvah",
            "strongs": [
                "H6312"
            ]
        },
        {
            "word": "and Job",
            "strongs": [
                "H3102"
            ]
        },
        {
            "word": "and Shimron",
            "strongs": [
                "H8110"
            ]
        }
    ],
    "Genesis.46.14": [
        {
            "word": "And the sons",
            "strongs": [
                "H1121"
            ]
        },
        {
            "word": "of Zebulun",
            "strongs": [
                "H2074"
            ]
        },
        {
            "word": "Sered",
            "strongs": [
                "H5624"
            ]
        },
        {
            "word": "and Elon",
            "strongs": [
                "H0356"
            ]
        },
        {
            "word": "and Jahleel",
            "strongs": [
                "H3177"
            ]
        }
    ],
    "Genesis.46.15": [
        {
            "word": "the sons",
            "strongs": [
                "H1121"
            ]
        },
        {
            "word": "of Leah",
            "strongs": [
                "H3812"
            ]
        },
        {
            "word": "which she bare",
            "strongs": [
                "H3205"
            ]
        },
        {
            "word": "unto Jacob",
            "strongs": [
                "H3290"
            ]
        },
        {
            "word": "in Padan\u00e2\u20ac\u201caram",
            "strongs": [
                "H6307"
            ]
        },
        {
            "word": "with his daughter",
            "strongs": [
                "H1323"
            ]
        },
        {
            "word": "Dinah",
            "strongs": [
                "H1783"
            ]
        },
        {
            "word": "all the souls",
            "strongs": [
                "H5315"
            ]
        },
        {
            "word": "of his sons",
            "strongs": [
                "H1121"
            ]
        },
        {
            "word": "and his daughters",
            "strongs": [
                "H1323"
            ]
        },
        {
            "word": "thirty",
            "strongs": [
                "H7970"
            ]
        },
        {
            "word": "and three",
            "strongs": [
                "H7969"
            ]
        }
    ],
    "Genesis.46.16": [
        {
            "word": "And the sons",
            "strongs": [
                "H1121"
            ]
        },
        {
            "word": "of Gad",
            "strongs": [
                "H1410"
            ]
        },
        {
            "word": "Ziphion",
            "strongs": [
                "H6837"
            ]
        },
        {
            "word": "and Haggi",
            "strongs": [
                "H2291"
            ]
        },
        {
            "word": "Shuni",
            "strongs": [
                "H7764"
            ]
        },
        {
            "word": "and Ezbon",
            "strongs": [
                "H0675"
            ]
        },
        {
            "word": "Eri",
            "strongs": [
                "H6179"
            ]
        },
        {
            "word": "and Arodi",
            "strongs": [
                "H0722"
            ]
        },
        {
            "word": "and Areli",
            "strongs": [
                "H0692"
            ]
        }
    ],
    "Genesis.46.17": [
        {
            "word": "And the sons",
            "strongs": [
                "H1121"
            ]
        },
        {
            "word": "of Asher",
            "strongs": [
                "H0836"
            ]
        },
        {
            "word": "Jimnah",
            "strongs": [
                "H3232"
            ]
        },
        {
            "word": "and Ishuah",
            "strongs": [
                "H3438"
            ]
        },
        {
            "word": "and Isui",
            "strongs": [
                "H3440"
            ]
        },
        {
            "word": "and Beriah",
            "strongs": [
                "H1283"
            ]
        },
        {
            "word": "and Serah",
            "strongs": [
                "H8294"
            ]
        },
        {
            "word": "their sister",
            "strongs": [
                "H0269"
            ]
        },
        {
            "word": "and the sons",
            "strongs": [
                "H1121"
            ]
        },
        {
            "word": "of Beriah",
            "strongs": [
                "H1283"
            ]
        },
        {
            "word": "Heber",
            "strongs": [
                "H2268"
            ]
        },
        {
            "word": "and Malchiel",
            "strongs": [
                "H4439"
            ]
        }
    ],
    "Genesis.46.18": [
        {
            "word": "the sons",
            "strongs": [
                "H1121"
            ]
        },
        {
            "word": "of Zilpah",
            "strongs": [
                "H2153"
            ]
        },
        {
            "word": "whom Laban",
            "strongs": [
                "H3837"
            ]
        },
        {
            "word": "gave",
            "strongs": [
                "H5414"
            ]
        },
        {
            "word": "to Leah",
            "strongs": [
                "H3812"
            ]
        },
        {
            "word": "his daughter",
            "strongs": [
                "H1323"
            ]
        },
        {
            "word": "and these she bare",
            "strongs": [
                "H3205"
            ]
        },
        {
            "word": "unto Jacob",
            "strongs": [
                "H3290"
            ]
        },
        {
            "word": "sixteen",
            "strongs": [
                "H8337",
                "H6240"
            ]
        },
        {
            "word": "souls",
            "strongs": [
                "H5315"
            ]
        }
    ],
    "Genesis.46.19": [
        {
            "word": "The sons",
            "strongs": [
                "H1121"
            ]
        },
        {
            "word": "of Rachel",
            "strongs": [
                "H7354"
            ]
        },
        {
            "word": "Jacob's",
            "strongs": [
                "H3290"
            ]
        },
        {
            "word": "wife",
            "strongs": [
                "H0802"
            ]
        },
        {
            "word": "Joseph",
            "strongs": [
                "H3130"
            ]
        },
        {
            "word": "and Benjamin",
            "strongs": [
                "H1144"
            ]
        }
    ],
    "Genesis.46.20": [
        {
            "word": "And unto Joseph",
            "strongs": [
                "H3130"
            ]
        },
        {
            "word": "in the land",
            "strongs": [
                "H0776"
            ]
        },
        {
            "word": "of Egypt",
            "strongs": [
                "H4714"
            ]
        },
        {
            "word": "were born",
            "strongs": [
                "H3205"
            ]
        },
        {
            "word": "Manasseh",
            "strongs": [
                "H4519"
            ]
        },
        {
            "word": "and Ephraim",
            "strongs": [
                "H0669"
            ]
        },
        {
            "word": "which Asenath",
            "strongs": [
                "H0621"
            ]
        },
        {
            "word": "the daughter",
            "strongs": [
                "H1323"
            ]
        },
        {
            "word": "of Poti\u00e2\u20ac\u201cpherah",
            "strongs": [
                "H6319"
            ]
        },
        {
            "word": "priest",
            "strongs": [
                "H3548"
            ]
        },
        {
            "word": "of On",
            "strongs": [
                "H0204"
            ]
        },
        {
            "word": "bare",
            "strongs": [
                "H3205"
            ]
        }
    ],
    "Genesis.46.21": [
        {
            "word": "And the sons",
            "strongs": [
                "H1121"
            ]
        },
        {
            "word": "of Benjamin",
            "strongs": [
                "H1144"
            ]
        },
        {
            "word": "Belah",
            "strongs": [
                "H1106"
            ]
        },
        {
            "word": "and Becher",
            "strongs": [
                "H1071"
            ]
        },
        {
            "word": "and Ashbel",
            "strongs": [
                "H0788"
            ]
        },
        {
            "word": "Gera",
            "strongs": [
                "H1617"
            ]
        },
        {
            "word": "and Naaman",
            "strongs": [
                "H5283"
            ]
        },
        {
            "word": "Ehi",
            "strongs": [
                "H0278"
            ]
        },
        {
            "word": "and Rosh",
            "strongs": [
                "H7220"
            ]
        },
        {
            "word": "Muppim",
            "strongs": [
                "H4649"
            ]
        },
        {
            "word": "and Huppim",
            "strongs": [
                "H2650"
            ]
        },
        {
            "word": "and Ard",
            "strongs": [
                "H0714"
            ]
        }
    ],
    "Genesis.46.22": [
        {
            "word": "the sons",
            "strongs": [
                "H1121"
            ]
        },
        {
            "word": "of Rachel",
            "strongs": [
                "H7354"
            ]
        },
        {
            "word": "which were born",
            "strongs": [
                "H3205"
            ]
        },
        {
            "word": "to Jacob",
            "strongs": [
                "H3290"
            ]
        },
        {
            "word": "all the souls",
            "strongs": [
                "H5315"
            ]
        },
        {
            "word": "fourteen",
            "strongs": [
                "H6240",
                "H0702"
            ]
        }
    ],
    "Genesis.46.23": [
        {
            "word": "And the sons",
            "strongs": [
                "H1121"
            ]
        },
        {
            "word": "of Dan",
            "strongs": [
                "H1835"
            ]
        },
        {
            "word": "Hushim",
            "strongs": [
                "H2366"
            ]
        }
    ],
    "Genesis.46.24": [
        {
            "word": "And the sons",
            "strongs": [
                "H1121"
            ]
        },
        {
            "word": "of Naphtali",
            "strongs": [
                "H5321"
            ]
        },
        {
            "word": "Jahzeel",
            "strongs": [
                "H3183"
            ]
        },
        {
            "word": "and Guni",
            "strongs": [
                "H1476"
            ]
        },
        {
            "word": "and Jezer",
            "strongs": [
                "H3337"
            ]
        },
        {
            "word": "and Shillem",
            "strongs": [
                "H8006"
            ]
        }
    ],
    "Genesis.46.25": [
        {
            "word": "the sons",
            "strongs": [
                "H1121"
            ]
        },
        {
            "word": "of Bilhah",
            "strongs": [
                "H1090"
            ]
        },
        {
            "word": "which Laban",
            "strongs": [
                "H3837"
            ]
        },
        {
            "word": "gave",
            "strongs": [
                "H5414"
            ]
        },
        {
            "word": "unto Rachel",
            "strongs": [
                "H7354"
            ]
        },
        {
            "word": "his daughter",
            "strongs": [
                "H1323"
            ]
        },
        {
            "word": "and she bare",
            "strongs": [
                "H3205"
            ]
        },
        {
            "word": "these unto Jacob",
            "strongs": [
                "H3290"
            ]
        },
        {
            "word": "all the souls",
            "strongs": [
                "H5315"
            ]
        },
        {
            "word": "seven",
            "strongs": [
                "H7651"
            ]
        }
    ],
    "Genesis.46.26": [
        {
            "word": "All the souls",
            "strongs": [
                "H5315"
            ]
        },
        {
            "word": "that came",
            "strongs": [
                "H0935"
            ]
        },
        {
            "word": "with Jacob",
            "strongs": [
                "H3290"
            ]
        },
        {
            "word": "into Egypt",
            "strongs": [
                "H4714"
            ]
        },
        {
            "word": "which came out",
            "strongs": [
                "H3318"
            ]
        },
        {
            "word": "of his loins",
            "strongs": [
                "H3409"
            ]
        },
        {
            "word": "besides Jacob's",
            "strongs": [
                "H3290"
            ]
        },
        {
            "word": "sons'",
            "strongs": [
                "H1121"
            ]
        },
        {
            "word": "wives",
            "strongs": [
                "H0802"
            ]
        },
        {
            "word": "all the souls",
            "strongs": [
                "H5315"
            ]
        },
        {
            "word": "threescore",
            "strongs": [
                "H8346"
            ]
        },
        {
            "word": "and six",
            "strongs": [
                "H8337"
            ]
        }
    ],
    "Genesis.46.27": [
        {
            "word": "And the sons",
            "strongs": [
                "H1121"
            ]
        },
        {
            "word": "of Joseph",
            "strongs": [
                "H3130"
            ]
        },
        {
            "word": "which were born",
            "strongs": [
                "H3205"
            ]
        },
        {
            "word": "him in Egypt",
            "strongs": [
                "H4714"
            ]
        },
        {
            "word": "two",
            "strongs": [
                "H8147"
            ]
        },
        {
            "word": "souls",
            "strongs": [
                "H5315"
            ]
        },
        {
            "word": "all the souls",
            "strongs": [
                "H5315"
            ]
        },
        {
            "word": "of the house",
            "strongs": [
                "H1004"
            ]
        },
        {
            "word": "of Jacob",
            "strongs": [
                "H3290"
            ]
        },
        {
            "word": "which came",
            "strongs": [
                "H0935"
            ]
        },
        {
            "word": "into Egypt",
            "strongs": [
                "H4714"
            ]
        },
        {
            "word": "threescore and ten",
            "strongs": [
                "H7657"
            ]
        }
    ],
    "Genesis.46.28": [
        {
            "word": "And he sent",
            "strongs": [
                "H7971"
            ]
        },
        {
            "word": "Judah",
            "strongs": [
                "H3063"
            ]
        },
        {
            "word": "before him",
            "strongs": [
                "H6440"
            ]
        },
        {
            "word": "unto Joseph",
            "strongs": [
                "H3130"
            ]
        },
        {
            "word": "to direct",
            "strongs": [
                "H3384"
            ]
        },
        {
            "word": "his face",
            "strongs": [
                "H6440"
            ]
        },
        {
            "word": "unto Goshen",
            "strongs": [
                "H1657"
            ]
        },
        {
            "word": "and they came",
            "strongs": [
                "H0935"
            ]
        },
        {
            "word": "into the land",
            "strongs": [
                "H0776"
            ]
        },
        {
            "word": "of Goshen",
            "strongs": [
                "H1657"
            ]
        }
    ],
    "Genesis.46.29": [
        {
            "word": "And Joseph",
            "strongs": [
                "H3130"
            ]
        },
        {
            "word": "made ready",
            "strongs": [
                "H0631"
            ]
        },
        {
            "word": "his chariot",
            "strongs": [
                "H4818"
            ]
        },
        {
            "word": "and went up",
            "strongs": [
                "H5927"
            ]
        },
        {
            "word": "to meet",
            "strongs": [
                "H7125"
            ]
        },
        {
            "word": "Israel",
            "strongs": [
                "H3478"
            ]
        },
        {
            "word": "his father",
            "strongs": [
                "H0001"
            ]
        },
        {
            "word": "to Goshen",
            "strongs": [
                "H1657"
            ]
        },
        {
            "word": "and presented",
            "strongs": [
                "H7200"
            ]
        },
        {
            "word": "himself unto him; and he fell",
            "strongs": [
                "H5307"
            ]
        },
        {
            "word": "on his neck",
            "strongs": [
                "H6677"
            ]
        },
        {
            "word": "and wept",
            "strongs": [
                "H1058"
            ]
        },
        {
            "word": "on his neck",
            "strongs": [
                "H6677"
            ]
        },
        {
            "word": "a good while",
            "strongs": [
                "H5750"
            ]
        }
    ],
    "Genesis.46.30": [
        {
            "word": "And Israel",
            "strongs": [
                "H3478"
            ]
        },
        {
            "word": "said",
            "strongs": [
                "H0559"
            ]
        },
        {
            "word": "unto Joseph",
            "strongs": [
                "H3130"
            ]
        },
        {
            "word": "Now",
            "strongs": [
                "H6471"
            ]
        },
        {
            "word": "let me die",
            "strongs": [
                "H4191"
            ]
        },
        {
            "word": "since",
            "strongs": [
                "H0310"
            ]
        },
        {
            "word": "I have seen",
            "strongs": [
                "H7200"
            ]
        },
        {
            "word": "thy face",
            "strongs": [
                "H6440"
            ]
        },
        {
            "word": "yet",
            "strongs": [
                "H5750"
            ]
        },
        {
            "word": "alive",
            "strongs": [
                "H2416"
            ]
        }
    ],
    "Genesis.46.31": [
        {
            "word": "And Joseph",
            "strongs": [
                "H3130"
            ]
        },
        {
            "word": "said",
            "strongs": [
                "H0559"
            ]
        },
        {
            "word": "unto his brethren",
            "strongs": [
                "H0251"
            ]
        },
        {
            "word": "and unto his father's",
            "strongs": [
                "H0001"
            ]
        },
        {
            "word": "house",
            "strongs": [
                "H1004"
            ]
        },
        {
            "word": "I will go up",
            "strongs": [
                "H5927"
            ]
        },
        {
            "word": "and shew",
            "strongs": [
                "H5046"
            ]
        },
        {
            "word": "Pharaoh",
            "strongs": [
                "H6547"
            ]
        },
        {
            "word": "and say",
            "strongs": [
                "H0559"
            ]
        },
        {
            "word": "unto him, My brethren",
            "strongs": [
                "H0251"
            ]
        },
        {
            "word": "and my father's",
            "strongs": [
                "H0001"
            ]
        },
        {
            "word": "house",
            "strongs": [
                "H1004"
            ]
        },
        {
            "word": "in the land",
            "strongs": [
                "H0776"
            ]
        },
        {
            "word": "of Canaan",
            "strongs": [
                "H3667"
            ]
        },
        {
            "word": "are come",
            "strongs": [
                "H0935"
            ]
        }
    ],
    "Genesis.46.32": [
        {
            "word": "And the men",
            "strongs": [
                "H0582"
            ]
        },
        {
            "word": "shepherds",
            "strongs": [
                "H6629",
                "H7462"
            ]
        },
        {
            "word": "for their trade hath been to feed cattle",
            "strongs": [
                "H4735"
            ]
        },
        {
            "word": "and they have brought",
            "strongs": [
                "H0935"
            ]
        },
        {
            "word": "their flocks",
            "strongs": [
                "H6629"
            ]
        },
        {
            "word": "and their herds",
            "strongs": [
                "H1241"
            ]
        }
    ],
    "Genesis.46.33": [
        {
            "word": "And it shall come to pass, when Pharaoh",
            "strongs": [
                "H6547"
            ]
        },
        {
            "word": "shall call",
            "strongs": [
                "H7121"
            ]
        },
        {
            "word": "you, and shall say",
            "strongs": [
                "H0559"
            ]
        },
        {
            "word": "your occupation",
            "strongs": [
                "H4639"
            ]
        }
    ],
    "Genesis.46.34": [
        {
            "word": "That ye shall say",
            "strongs": [
                "H0559"
            ]
        },
        {
            "word": "Thy servants'",
            "strongs": [
                "H5650"
            ]
        },
        {
            "word": "trade",
            "strongs": [
                "H0582"
            ]
        },
        {
            "word": "hath been about cattle",
            "strongs": [
                "H4735"
            ]
        },
        {
            "word": "from our youth",
            "strongs": [
                "H5271"
            ]
        },
        {
            "word": "also our fathers",
            "strongs": [
                "H0001"
            ]
        },
        {
            "word": "that ye may dwell",
            "strongs": [
                "H3427"
            ]
        },
        {
            "word": "in the land",
            "strongs": [
                "H0776"
            ]
        },
        {
            "word": "of Goshen",
            "strongs": [
                "H1657"
            ]
        },
        {
            "word": "for every shepherd",
            "strongs": [
                "H6629",
                "H7462"
            ]
        },
        {
            "word": "an abomination",
            "strongs": [
                "H8441"
            ]
        },
        {
            "word": "unto the Egyptians",
            "strongs": [
                "H4714"
            ]
        }
    ]
}