{
    "Ecclesiastes.11.1": [
        {
            "word": "Cast",
            "strongs": [
                "H7971"
            ]
        },
        {
            "word": "thy bread",
            "strongs": [
                "H3899"
            ]
        },
        {
            "word": "upon",
            "strongs": [
                "H6440"
            ]
        },
        {
            "word": "the waters",
            "strongs": [
                "H4325"
            ]
        },
        {
            "word": "for thou shalt find",
            "strongs": [
                "H4672"
            ]
        },
        {
            "word": "it after many",
            "strongs": [
                "H7230"
            ]
        },
        {
            "word": "days",
            "strongs": [
                "H3117"
            ]
        }
    ],
    "Ecclesiastes.11.2": [
        {
            "word": "Give",
            "strongs": [
                "H5414"
            ]
        },
        {
            "word": "a portion",
            "strongs": [
                "H2506"
            ]
        },
        {
            "word": "to seven",
            "strongs": [
                "H7651"
            ]
        },
        {
            "word": "and also to eight",
            "strongs": [
                "H8083"
            ]
        },
        {
            "word": "for thou knowest",
            "strongs": [
                "H3045"
            ]
        },
        {
            "word": "not what evil",
            "strongs": [
                "H7451"
            ]
        },
        {
            "word": "shall be upon the earth",
            "strongs": [
                "H0776"
            ]
        }
    ],
    "Ecclesiastes.11.3": [
        {
            "word": "If the clouds",
            "strongs": [
                "H5645"
            ]
        },
        {
            "word": "be full",
            "strongs": [
                "H4390"
            ]
        },
        {
            "word": "of rain",
            "strongs": [
                "H1653"
            ]
        },
        {
            "word": "they empty",
            "strongs": [
                "H7324"
            ]
        },
        {
            "word": "upon the earth",
            "strongs": [
                "H0776"
            ]
        },
        {
            "word": "and if the tree",
            "strongs": [
                "H6086"
            ]
        },
        {
            "word": "fall",
            "strongs": [
                "H5307"
            ]
        },
        {
            "word": "toward the south",
            "strongs": [
                "H1864"
            ]
        },
        {
            "word": "or toward the north",
            "strongs": [
                "H6828"
            ]
        },
        {
            "word": "in the place",
            "strongs": [
                "H4725"
            ]
        },
        {
            "word": "where the tree",
            "strongs": [
                "H6086"
            ]
        },
        {
            "word": "falleth",
            "strongs": [
                "H5307"
            ]
        },
        {
            "word": "there it shall be",
            "strongs": [
                "H1933"
            ]
        }
    ],
    "Ecclesiastes.11.4": [
        {
            "word": "He that observeth",
            "strongs": [
                "H8104"
            ]
        },
        {
            "word": "the wind",
            "strongs": [
                "H7307"
            ]
        },
        {
            "word": "shall not sow",
            "strongs": [
                "H2232"
            ]
        },
        {
            "word": "and he that regardeth",
            "strongs": [
                "H7200"
            ]
        },
        {
            "word": "the clouds",
            "strongs": [
                "H5645"
            ]
        },
        {
            "word": "shall not reap",
            "strongs": [
                "H7114"
            ]
        }
    ],
    "Ecclesiastes.11.5": [
        {
            "word": "As thou knowest",
            "strongs": [
                "H3045"
            ]
        },
        {
            "word": "the way",
            "strongs": [
                "H1870"
            ]
        },
        {
            "word": "of the spirit",
            "strongs": [
                "H7307"
            ]
        },
        {
            "word": "how the bones",
            "strongs": [
                "H6106"
            ]
        },
        {
            "word": "in the womb",
            "strongs": [
                "H0990"
            ]
        },
        {
            "word": "of her that is with child",
            "strongs": [
                "H4392"
            ]
        },
        {
            "word": "even so thou knowest",
            "strongs": [
                "H3045"
            ]
        },
        {
            "word": "not the works",
            "strongs": [
                "H4639"
            ]
        },
        {
            "word": "of God",
            "strongs": [
                "H0430"
            ]
        },
        {
            "word": "who maketh",
            "strongs": [
                "H6213"
            ]
        }
    ],
    "Ecclesiastes.11.6": [
        {
            "word": "In the morning",
            "strongs": [
                "H1242"
            ]
        },
        {
            "word": "sow",
            "strongs": [
                "H2232"
            ]
        },
        {
            "word": "thy seed",
            "strongs": [
                "H2233"
            ]
        },
        {
            "word": "and in the evening",
            "strongs": [
                "H6153"
            ]
        },
        {
            "word": "withhold",
            "strongs": [
                "H3240"
            ]
        },
        {
            "word": "not thine hand",
            "strongs": [
                "H3027"
            ]
        },
        {
            "word": "for thou knowest",
            "strongs": [
                "H3045"
            ]
        },
        {
            "word": "not whether",
            "strongs": [
                "H0335"
            ]
        },
        {
            "word": "shall prosper",
            "strongs": [
                "H3787"
            ]
        },
        {
            "word": "either this or that, or whether they both",
            "strongs": [
                "H8147"
            ]
        },
        {
            "word": "alike",
            "strongs": [
                "H0259"
            ]
        },
        {
            "word": "good",
            "strongs": [
                "H2896"
            ]
        }
    ],
    "Ecclesiastes.11.7": [
        {
            "word": "Truly the light",
            "strongs": [
                "H0216"
            ]
        },
        {
            "word": "sweet",
            "strongs": [
                "H4966"
            ]
        },
        {
            "word": "and a pleasant",
            "strongs": [
                "H2896"
            ]
        },
        {
            "word": "for the eyes",
            "strongs": [
                "H5869"
            ]
        },
        {
            "word": "to behold",
            "strongs": [
                "H7200"
            ]
        },
        {
            "word": "the sun",
            "strongs": [
                "H8121"
            ]
        }
    ],
    "Ecclesiastes.11.8": [
        {
            "word": "But if a man",
            "strongs": [
                "H0120"
            ]
        },
        {
            "word": "live",
            "strongs": [
                "H2421"
            ]
        },
        {
            "word": "many",
            "strongs": [
                "H7235"
            ]
        },
        {
            "word": "years",
            "strongs": [
                "H8141"
            ]
        },
        {
            "word": "rejoice",
            "strongs": [
                "H8055"
            ]
        },
        {
            "word": "in them all; yet let him remember",
            "strongs": [
                "H2142"
            ]
        },
        {
            "word": "the days",
            "strongs": [
                "H3117"
            ]
        },
        {
            "word": "of darkness",
            "strongs": [
                "H2822"
            ]
        },
        {
            "word": "for they shall be many",
            "strongs": [
                "H7235"
            ]
        },
        {
            "word": "All that cometh",
            "strongs": [
                "H0935"
            ]
        },
        {
            "word": "vanity",
            "strongs": [
                "H1892"
            ]
        }
    ],
    "Ecclesiastes.11.9": [
        {
            "word": "Rejoice",
            "strongs": [
                "H8055"
            ]
        },
        {
            "word": "O young man",
            "strongs": [
                "H0970"
            ]
        },
        {
            "word": "in thy youth",
            "strongs": [
                "H3208"
            ]
        },
        {
            "word": "and let thy heart",
            "strongs": [
                "H3820"
            ]
        },
        {
            "word": "cheer",
            "strongs": [
                "H2895"
            ]
        },
        {
            "word": "thee in the days",
            "strongs": [
                "H3117"
            ]
        },
        {
            "word": "of thy youth",
            "strongs": [
                "H0979"
            ]
        },
        {
            "word": "and walk",
            "strongs": [
                "H1980"
            ]
        },
        {
            "word": "in the ways",
            "strongs": [
                "H1870"
            ]
        },
        {
            "word": "of thine heart",
            "strongs": [
                "H3820"
            ]
        },
        {
            "word": "and in the sight",
            "strongs": [
                "H4758"
            ]
        },
        {
            "word": "of thine eyes",
            "strongs": [
                "H5869"
            ]
        },
        {
            "word": "but know",
            "strongs": [
                "H3045"
            ]
        },
        {
            "word": "God",
            "strongs": [
                "H0430"
            ]
        },
        {
            "word": "will bring",
            "strongs": [
                "H0935"
            ]
        },
        {
            "word": "thee into judgment",
            "strongs": [
                "H4941"
            ]
        }
    ],
    "Ecclesiastes.11.10": [
        {
            "word": "Therefore remove",
            "strongs": [
                "H5493"
            ]
        },
        {
            "word": "sorrow",
            "strongs": [
                "H3708"
            ]
        },
        {
            "word": "from thy heart",
            "strongs": [
                "H3820"
            ]
        },
        {
            "word": "and put away",
            "strongs": [
                "H5674"
            ]
        },
        {
            "word": "evil",
            "strongs": [
                "H7451"
            ]
        },
        {
            "word": "from thy flesh",
            "strongs": [
                "H1320"
            ]
        },
        {
            "word": "for childhood",
            "strongs": [
                "H3208"
            ]
        },
        {
            "word": "and youth",
            "strongs": [
                "H7839"
            ]
        },
        {
            "word": "vanity",
            "strongs": [
                "H1892"
            ]
        }
    ]
}