{
    "2.Chronicles.19.1": [
        {
            "word": "And Jehoshaphat",
            "strongs": [
                "H3092"
            ]
        },
        {
            "word": "the king",
            "strongs": [
                "H4428"
            ]
        },
        {
            "word": "of Judah",
            "strongs": [
                "H3063"
            ]
        },
        {
            "word": "returned",
            "strongs": [
                "H7725"
            ]
        },
        {
            "word": "to his house",
            "strongs": [
                "H1004"
            ]
        },
        {
            "word": "in peace",
            "strongs": [
                "H7965"
            ]
        },
        {
            "word": "to Jerusalem",
            "strongs": [
                "H3389"
            ]
        }
    ],
    "2.Chronicles.19.2": [
        {
            "word": "And Jehu",
            "strongs": [
                "H3058"
            ]
        },
        {
            "word": "the son",
            "strongs": [
                "H1121"
            ]
        },
        {
            "word": "of Hanani",
            "strongs": [
                "H2607"
            ]
        },
        {
            "word": "the seer",
            "strongs": [
                "H2374"
            ]
        },
        {
            "word": "went out",
            "strongs": [
                "H3318"
            ]
        },
        {
            "word": "to meet",
            "strongs": [
                "H6440"
            ]
        },
        {
            "word": "him, and said",
            "strongs": [
                "H0559"
            ]
        },
        {
            "word": "to king",
            "strongs": [
                "H4428"
            ]
        },
        {
            "word": "Jehoshaphat",
            "strongs": [
                "H3092"
            ]
        },
        {
            "word": "Shouldest thou help",
            "strongs": [
                "H5826"
            ]
        },
        {
            "word": "the ungodly",
            "strongs": [
                "H7563"
            ]
        },
        {
            "word": "and love",
            "strongs": [
                "H0157"
            ]
        },
        {
            "word": "them that hate",
            "strongs": [
                "H8130"
            ]
        },
        {
            "word": "the Lord",
            "strongs": [
                "H3068"
            ]
        },
        {
            "word": "therefore",
            "strongs": [
                "H2063"
            ]
        },
        {
            "word": "wrath",
            "strongs": [
                "H7110"
            ]
        },
        {
            "word": "upon thee from before",
            "strongs": [
                "H6440"
            ]
        },
        {
            "word": "the Lord",
            "strongs": [
                "H3068"
            ]
        }
    ],
    "2.Chronicles.19.3": [
        {
            "word": "Nevertheless",
            "strongs": [
                "H0061"
            ]
        },
        {
            "word": "there are good",
            "strongs": [
                "H2896"
            ]
        },
        {
            "word": "things",
            "strongs": [
                "H1697"
            ]
        },
        {
            "word": "found",
            "strongs": [
                "H4672"
            ]
        },
        {
            "word": "in thee, in that thou hast taken away",
            "strongs": [
                "H1197"
            ]
        },
        {
            "word": "the groves",
            "strongs": [
                "H0842"
            ]
        },
        {
            "word": "out of the land",
            "strongs": [
                "H0776"
            ]
        },
        {
            "word": "and hast prepared",
            "strongs": [
                "H3559"
            ]
        },
        {
            "word": "thine heart",
            "strongs": [
                "H3824"
            ]
        },
        {
            "word": "to seek",
            "strongs": [
                "H1875"
            ]
        },
        {
            "word": "God",
            "strongs": [
                "H0430"
            ]
        }
    ],
    "2.Chronicles.19.4": [
        {
            "word": "And Jehoshaphat",
            "strongs": [
                "H3092"
            ]
        },
        {
            "word": "dwelt",
            "strongs": [
                "H3427"
            ]
        },
        {
            "word": "at Jerusalem",
            "strongs": [
                "H3389"
            ]
        },
        {
            "word": "and he went out",
            "strongs": [
                "H3318"
            ]
        },
        {
            "word": "again",
            "strongs": [
                "H7725"
            ]
        },
        {
            "word": "through the people",
            "strongs": [
                "H5971"
            ]
        },
        {
            "word": "from Beer\u00e2\u20ac\u201csheba",
            "strongs": [
                "H0884"
            ]
        },
        {
            "word": "to mount",
            "strongs": [
                "H2022"
            ]
        },
        {
            "word": "Ephraim",
            "strongs": [
                "H0669"
            ]
        },
        {
            "word": "and brought them back",
            "strongs": [
                "H7725"
            ]
        },
        {
            "word": "unto the Lord",
            "strongs": [
                "H3068"
            ]
        },
        {
            "word": "God",
            "strongs": [
                "H0430"
            ]
        },
        {
            "word": "of their fathers",
            "strongs": [
                "H0001"
            ]
        }
    ],
    "2.Chronicles.19.5": [
        {
            "word": "And he set",
            "strongs": [
                "H5975"
            ]
        },
        {
            "word": "judges",
            "strongs": [
                "H8199"
            ]
        },
        {
            "word": "in the land",
            "strongs": [
                "H0776"
            ]
        },
        {
            "word": "throughout all the fenced",
            "strongs": [
                "H1219"
            ]
        },
        {
            "word": "cities",
            "strongs": [
                "H5892"
            ]
        },
        {
            "word": "of Judah",
            "strongs": [
                "H3063"
            ]
        },
        {
            "word": "city",
            "strongs": [
                "H5892"
            ]
        },
        {
            "word": "by city",
            "strongs": [
                "H5892"
            ]
        }
    ],
    "2.Chronicles.19.6": [
        {
            "word": "And said",
            "strongs": [
                "H0559"
            ]
        },
        {
            "word": "to the judges",
            "strongs": [
                "H8199"
            ]
        },
        {
            "word": "Take heed",
            "strongs": [
                "H7200"
            ]
        },
        {
            "word": "what ye do",
            "strongs": [
                "H6213"
            ]
        },
        {
            "word": "for ye judge",
            "strongs": [
                "H8199"
            ]
        },
        {
            "word": "not for man",
            "strongs": [
                "H0120"
            ]
        },
        {
            "word": "but for the Lord",
            "strongs": [
                "H3068"
            ]
        },
        {
            "word": "with you in the judgment",
            "strongs": [
                "H4941",
                "H1697"
            ]
        }
    ],
    "2.Chronicles.19.7": [
        {
            "word": "Wherefore now let the fear",
            "strongs": [
                "H6343"
            ]
        },
        {
            "word": "of the Lord",
            "strongs": [
                "H3068"
            ]
        },
        {
            "word": "be upon you; take heed",
            "strongs": [
                "H8104"
            ]
        },
        {
            "word": "and do",
            "strongs": [
                "H6213"
            ]
        },
        {
            "word": "no iniquity",
            "strongs": [
                "H5766"
            ]
        },
        {
            "word": "with the Lord",
            "strongs": [
                "H3068"
            ]
        },
        {
            "word": "our God",
            "strongs": [
                "H0430"
            ]
        },
        {
            "word": "nor respect",
            "strongs": [
                "H4856"
            ]
        },
        {
            "word": "of persons",
            "strongs": [
                "H6440"
            ]
        },
        {
            "word": "nor taking",
            "strongs": [
                "H4727"
            ]
        },
        {
            "word": "of gifts",
            "strongs": [
                "H7810"
            ]
        }
    ],
    "2.Chronicles.19.8": [
        {
            "word": "Moreover in Jerusalem",
            "strongs": [
                "H3389"
            ]
        },
        {
            "word": "did Jehoshaphat",
            "strongs": [
                "H3092"
            ]
        },
        {
            "word": "set",
            "strongs": [
                "H5975"
            ]
        },
        {
            "word": "of the Levites",
            "strongs": [
                "H3881"
            ]
        },
        {
            "word": "the priests",
            "strongs": [
                "H3548"
            ]
        },
        {
            "word": "and of the chief",
            "strongs": [
                "H7218"
            ]
        },
        {
            "word": "of the fathers",
            "strongs": [
                "H0001"
            ]
        },
        {
            "word": "of Israel",
            "strongs": [
                "H3478"
            ]
        },
        {
            "word": "for the judgment",
            "strongs": [
                "H4941"
            ]
        },
        {
            "word": "of the Lord",
            "strongs": [
                "H3068"
            ]
        },
        {
            "word": "and for controversies",
            "strongs": [
                "H7379"
            ]
        },
        {
            "word": "when they returned",
            "strongs": [
                "H7725"
            ]
        },
        {
            "word": "to Jerusalem",
            "strongs": [
                "H3389"
            ]
        }
    ],
    "2.Chronicles.19.9": [
        {
            "word": "And he charged",
            "strongs": [
                "H6680"
            ]
        },
        {
            "word": "them, saying",
            "strongs": [
                "H0559"
            ]
        },
        {
            "word": "Thus shall ye do",
            "strongs": [
                "H6213"
            ]
        },
        {
            "word": "in the fear",
            "strongs": [
                "H3374"
            ]
        },
        {
            "word": "of the Lord",
            "strongs": [
                "H3068"
            ]
        },
        {
            "word": "faithfully",
            "strongs": [
                "H0530"
            ]
        },
        {
            "word": "and with a perfect",
            "strongs": [
                "H8003"
            ]
        },
        {
            "word": "heart",
            "strongs": [
                "H3824"
            ]
        }
    ],
    "2.Chronicles.19.10": [
        {
            "word": "And what cause",
            "strongs": [
                "H7379"
            ]
        },
        {
            "word": "soever shall come",
            "strongs": [
                "H0935"
            ]
        },
        {
            "word": "to you of your brethren",
            "strongs": [
                "H0251"
            ]
        },
        {
            "word": "that dwell",
            "strongs": [
                "H3427"
            ]
        },
        {
            "word": "in their cities",
            "strongs": [
                "H5892"
            ]
        },
        {
            "word": "between blood",
            "strongs": [
                "H1818"
            ]
        },
        {
            "word": "and blood",
            "strongs": [
                "H1818"
            ]
        },
        {
            "word": "between law",
            "strongs": [
                "H8451"
            ]
        },
        {
            "word": "and commandment",
            "strongs": [
                "H4687"
            ]
        },
        {
            "word": "statutes",
            "strongs": [
                "H2706"
            ]
        },
        {
            "word": "and judgments",
            "strongs": [
                "H4941"
            ]
        },
        {
            "word": "ye shall even warn",
            "strongs": [
                "H2094"
            ]
        },
        {
            "word": "them that they trespass",
            "strongs": [
                "H0816"
            ]
        },
        {
            "word": "not against the Lord",
            "strongs": [
                "H3068"
            ]
        },
        {
            "word": "wrath",
            "strongs": [
                "H7110"
            ]
        },
        {
            "word": "come upon you, and upon your brethren",
            "strongs": [
                "H0251"
            ]
        },
        {
            "word": "this",
            "strongs": [
                "H3541"
            ]
        },
        {
            "word": "do",
            "strongs": [
                "H6213"
            ]
        },
        {
            "word": "and ye shall not trespass",
            "strongs": [
                "H0816"
            ]
        }
    ],
    "2.Chronicles.19.11": [
        {
            "word": "And, behold, Amariah",
            "strongs": [
                "H0568"
            ]
        },
        {
            "word": "the chief",
            "strongs": [
                "H7218"
            ]
        },
        {
            "word": "priest",
            "strongs": [
                "H3548"
            ]
        },
        {
            "word": "over you in all matters",
            "strongs": [
                "H1697"
            ]
        },
        {
            "word": "of the Lord",
            "strongs": [
                "H3068"
            ]
        },
        {
            "word": "and Zebadiah",
            "strongs": [
                "H2069"
            ]
        },
        {
            "word": "the son",
            "strongs": [
                "H1121"
            ]
        },
        {
            "word": "of Ishmael",
            "strongs": [
                "H3458"
            ]
        },
        {
            "word": "the ruler",
            "strongs": [
                "H5057"
            ]
        },
        {
            "word": "of the house",
            "strongs": [
                "H1004"
            ]
        },
        {
            "word": "of Judah",
            "strongs": [
                "H3063"
            ]
        },
        {
            "word": "for all the king's",
            "strongs": [
                "H4428"
            ]
        },
        {
            "word": "matters",
            "strongs": [
                "H1697"
            ]
        },
        {
            "word": "also the Levites",
            "strongs": [
                "H3881"
            ]
        },
        {
            "word": "officers",
            "strongs": [
                "H7860"
            ]
        },
        {
            "word": "before",
            "strongs": [
                "H6440"
            ]
        },
        {
            "word": "you. Deal",
            "strongs": [
                "H6213"
            ]
        },
        {
            "word": "courageously",
            "strongs": [
                "H2388"
            ]
        },
        {
            "word": "and the Lord",
            "strongs": [
                "H3068"
            ]
        },
        {
            "word": "shall be with the good",
            "strongs": [
                "H2896"
            ]
        }
    ]
}