{
    "Daniel.6.1": [
        {
            "word": "It pleased",
            "strongs": [
                "H8232",
                "H6925"
            ]
        },
        {
            "word": "Darius",
            "strongs": [
                "H1868"
            ]
        },
        {
            "word": "to set",
            "strongs": [
                "H6966"
            ]
        },
        {
            "word": "over",
            "strongs": [
                "H5922"
            ]
        },
        {
            "word": "the kingdom",
            "strongs": [
                "H4437"
            ]
        },
        {
            "word": "an hundred",
            "strongs": [
                "H3969"
            ]
        },
        {
            "word": "and twenty",
            "strongs": [
                "H6243"
            ]
        },
        {
            "word": "princes",
            "strongs": [
                "H0324"
            ]
        },
        {
            "word": "which should be",
            "strongs": [
                "H1934"
            ]
        },
        {
            "word": "over the whole",
            "strongs": [
                "H3606"
            ]
        },
        {
            "word": "kingdom",
            "strongs": [
                "H4437"
            ]
        }
    ],
    "Daniel.6.2": [
        {
            "word": "And over",
            "strongs": [
                "H5924"
            ]
        },
        {
            "word": "these",
            "strongs": [
                "H4481"
            ]
        },
        {
            "word": "three",
            "strongs": [
                "H8532"
            ]
        },
        {
            "word": "presidents",
            "strongs": [
                "H5632"
            ]
        },
        {
            "word": "of whom",
            "strongs": [
                "H4481"
            ]
        },
        {
            "word": "Daniel",
            "strongs": [
                "H1841"
            ]
        },
        {
            "word": "first",
            "strongs": [
                "H2298"
            ]
        },
        {
            "word": "that",
            "strongs": [
                "H0459"
            ]
        },
        {
            "word": "the princes",
            "strongs": [
                "H0324"
            ]
        },
        {
            "word": "might",
            "strongs": [
                "H1934"
            ]
        },
        {
            "word": "give",
            "strongs": [
                "H3052"
            ]
        },
        {
            "word": "accounts",
            "strongs": [
                "H2941"
            ]
        },
        {
            "word": "unto them, and the king",
            "strongs": [
                "H4430"
            ]
        },
        {
            "word": "should have",
            "strongs": [
                "H1934"
            ]
        },
        {
            "word": "no",
            "strongs": [
                "H3809"
            ]
        },
        {
            "word": "damage",
            "strongs": [
                "H5142"
            ]
        }
    ],
    "Daniel.6.3": [
        {
            "word": "Then",
            "strongs": [
                "H0116"
            ]
        },
        {
            "word": "this",
            "strongs": [
                "H1836"
            ]
        },
        {
            "word": "Daniel",
            "strongs": [
                "H1841"
            ]
        },
        {
            "word": "was",
            "strongs": [
                "H1934"
            ]
        },
        {
            "word": "preferred",
            "strongs": [
                "H5330"
            ]
        },
        {
            "word": "above",
            "strongs": [
                "H5922"
            ]
        },
        {
            "word": "the presidents",
            "strongs": [
                "H5632"
            ]
        },
        {
            "word": "and princes",
            "strongs": [
                "H0324"
            ]
        },
        {
            "word": "because",
            "strongs": [
                "H6903",
                "H3606"
            ]
        },
        {
            "word": "an excellent",
            "strongs": [
                "H3493"
            ]
        },
        {
            "word": "spirit",
            "strongs": [
                "H7308"
            ]
        },
        {
            "word": "in him; and the king",
            "strongs": [
                "H4430"
            ]
        },
        {
            "word": "thought",
            "strongs": [
                "H6246"
            ]
        },
        {
            "word": "to set",
            "strongs": [
                "H6966"
            ]
        },
        {
            "word": "him over",
            "strongs": [
                "H5922"
            ]
        },
        {
            "word": "the whole",
            "strongs": [
                "H3606"
            ]
        },
        {
            "word": "realm",
            "strongs": [
                "H4437"
            ]
        }
    ],
    "Daniel.6.4": [
        {
            "word": "Then",
            "strongs": [
                "H0116"
            ]
        },
        {
            "word": "the presidents",
            "strongs": [
                "H5632"
            ]
        },
        {
            "word": "and princes",
            "strongs": [
                "H0324"
            ]
        },
        {
            "word": "sought",
            "strongs": [
                "H1156",
                "H1934"
            ]
        },
        {
            "word": "to find",
            "strongs": [
                "H7912"
            ]
        },
        {
            "word": "occasion",
            "strongs": [
                "H5931"
            ]
        },
        {
            "word": "against Daniel",
            "strongs": [
                "H1841"
            ]
        },
        {
            "word": "concerning",
            "strongs": [
                "H6655"
            ]
        },
        {
            "word": "the kingdom",
            "strongs": [
                "H4437"
            ]
        },
        {
            "word": "but",
            "strongs": [
                "H3606"
            ]
        },
        {
            "word": "they could",
            "strongs": [
                "H3202"
            ]
        },
        {
            "word": "find",
            "strongs": [
                "H7912"
            ]
        },
        {
            "word": "none",
            "strongs": [
                "H3809"
            ]
        },
        {
            "word": "occasion",
            "strongs": [
                "H5931"
            ]
        },
        {
            "word": "nor",
            "strongs": [
                "H3809"
            ]
        },
        {
            "word": "fault",
            "strongs": [
                "H7844"
            ]
        },
        {
            "word": "forasmuch",
            "strongs": [
                "H6903"
            ]
        },
        {
            "word": "faithful",
            "strongs": [
                "H0540"
            ]
        },
        {
            "word": "neither",
            "strongs": [
                "H3809"
            ]
        },
        {
            "word": "was there any",
            "strongs": [
                "H3606"
            ]
        },
        {
            "word": "error",
            "strongs": [
                "H7960"
            ]
        },
        {
            "word": "or fault",
            "strongs": [
                "H7844"
            ]
        },
        {
            "word": "found",
            "strongs": [
                "H7912"
            ]
        },
        {
            "word": "in him",
            "strongs": [
                "H5922"
            ]
        }
    ],
    "Daniel.6.5": [
        {
            "word": "Then",
            "strongs": [
                "H0116"
            ]
        },
        {
            "word": "said",
            "strongs": [
                "H0560"
            ]
        },
        {
            "word": "these",
            "strongs": [
                "H0479"
            ]
        },
        {
            "word": "men",
            "strongs": [
                "H1400"
            ]
        },
        {
            "word": "We shall not",
            "strongs": [
                "H3809"
            ]
        },
        {
            "word": "find",
            "strongs": [
                "H7912"
            ]
        },
        {
            "word": "any",
            "strongs": [
                "H3606"
            ]
        },
        {
            "word": "occasion",
            "strongs": [
                "H5931"
            ]
        },
        {
            "word": "against",
            "strongs": [
                "H5922"
            ]
        },
        {
            "word": "this",
            "strongs": [
                "H1836"
            ]
        },
        {
            "word": "Daniel",
            "strongs": [
                "H1841"
            ]
        },
        {
            "word": "except",
            "strongs": [
                "H3861"
            ]
        },
        {
            "word": "we find",
            "strongs": [
                "H7912"
            ]
        },
        {
            "word": "against him concerning the law",
            "strongs": [
                "H1882"
            ]
        },
        {
            "word": "of his God",
            "strongs": [
                "H0426"
            ]
        }
    ],
    "Daniel.6.6": [
        {
            "word": "Then",
            "strongs": [
                "H0116"
            ]
        },
        {
            "word": "these",
            "strongs": [
                "H0459"
            ]
        },
        {
            "word": "presidents",
            "strongs": [
                "H5632"
            ]
        },
        {
            "word": "and princes",
            "strongs": [
                "H0324"
            ]
        },
        {
            "word": "assembled together",
            "strongs": [
                "H7284"
            ]
        },
        {
            "word": "to the king",
            "strongs": [
                "H4430"
            ]
        },
        {
            "word": "and said",
            "strongs": [
                "H0560"
            ]
        },
        {
            "word": "thus",
            "strongs": [
                "H3652"
            ]
        },
        {
            "word": "unto him",
            "strongs": [
                "H5922"
            ]
        },
        {
            "word": "King",
            "strongs": [
                "H4430"
            ]
        },
        {
            "word": "Darius",
            "strongs": [
                "H1868"
            ]
        },
        {
            "word": "live",
            "strongs": [
                "H2418"
            ]
        },
        {
            "word": "for ever",
            "strongs": [
                "H5957"
            ]
        }
    ],
    "Daniel.6.7": [
        {
            "word": "All",
            "strongs": [
                "H3606"
            ]
        },
        {
            "word": "the presidents",
            "strongs": [
                "H5632"
            ]
        },
        {
            "word": "of the kingdom",
            "strongs": [
                "H4437"
            ]
        },
        {
            "word": "the governors",
            "strongs": [
                "H5460"
            ]
        },
        {
            "word": "and the princes",
            "strongs": [
                "H0324"
            ]
        },
        {
            "word": "the counsellors",
            "strongs": [
                "H1907"
            ]
        },
        {
            "word": "and the captains",
            "strongs": [
                "H6347"
            ]
        },
        {
            "word": "have consulted together",
            "strongs": [
                "H3272"
            ]
        },
        {
            "word": "to establish",
            "strongs": [
                "H6966"
            ]
        },
        {
            "word": "a royal",
            "strongs": [
                "H4430"
            ]
        },
        {
            "word": "statute",
            "strongs": [
                "H7010"
            ]
        },
        {
            "word": "and to make a firm",
            "strongs": [
                "H8631"
            ]
        },
        {
            "word": "decree",
            "strongs": [
                "H0633"
            ]
        },
        {
            "word": "that whosoever shall ask",
            "strongs": [
                "H1156"
            ]
        },
        {
            "word": "a petition",
            "strongs": [
                "H1159"
            ]
        },
        {
            "word": "of",
            "strongs": [
                "H4481"
            ]
        },
        {
            "word": "any",
            "strongs": [
                "H3606"
            ]
        },
        {
            "word": "God",
            "strongs": [
                "H0426"
            ]
        },
        {
            "word": "or man",
            "strongs": [
                "H0606"
            ]
        },
        {
            "word": "for",
            "strongs": [
                "H5705"
            ]
        },
        {
            "word": "thirty",
            "strongs": [
                "H8533"
            ]
        },
        {
            "word": "days",
            "strongs": [
                "H3118"
            ]
        },
        {
            "word": "save",
            "strongs": [
                "H3861"
            ]
        },
        {
            "word": "of thee",
            "strongs": [
                "H4481"
            ]
        },
        {
            "word": "O king",
            "strongs": [
                "H4430"
            ]
        },
        {
            "word": "he shall be cast",
            "strongs": [
                "H7412"
            ]
        },
        {
            "word": "into the den",
            "strongs": [
                "H1358"
            ]
        },
        {
            "word": "of lions",
            "strongs": [
                "H0744"
            ]
        }
    ],
    "Daniel.6.8": [
        {
            "word": "Now",
            "strongs": [
                "H3705"
            ]
        },
        {
            "word": "O king",
            "strongs": [
                "H4430"
            ]
        },
        {
            "word": "establish",
            "strongs": [
                "H6966"
            ]
        },
        {
            "word": "the decree",
            "strongs": [
                "H0633"
            ]
        },
        {
            "word": "and sign",
            "strongs": [
                "H7560"
            ]
        },
        {
            "word": "the writing",
            "strongs": [
                "H3792"
            ]
        },
        {
            "word": "that it be not",
            "strongs": [
                "H3809"
            ]
        },
        {
            "word": "changed",
            "strongs": [
                "H8133"
            ]
        },
        {
            "word": "according to the law",
            "strongs": [
                "H1882"
            ]
        },
        {
            "word": "of the Medes",
            "strongs": [
                "H4076"
            ]
        },
        {
            "word": "and Persians",
            "strongs": [
                "H6540"
            ]
        },
        {
            "word": "which altereth",
            "strongs": [
                "H5709"
            ]
        },
        {
            "word": "not",
            "strongs": [
                "H3809"
            ]
        }
    ],
    "Daniel.6.9": [
        {
            "word": "Wherefore",
            "strongs": [
                "H6903",
                "H1836",
                "H3606"
            ]
        },
        {
            "word": "king",
            "strongs": [
                "H4430"
            ]
        },
        {
            "word": "Darius",
            "strongs": [
                "H1868"
            ]
        },
        {
            "word": "signed",
            "strongs": [
                "H7560"
            ]
        },
        {
            "word": "the writing",
            "strongs": [
                "H3792"
            ]
        },
        {
            "word": "and the decree",
            "strongs": [
                "H0633"
            ]
        }
    ],
    "Daniel.6.10": [
        {
            "word": "Now when Daniel",
            "strongs": [
                "H1841"
            ]
        },
        {
            "word": "knew",
            "strongs": [
                "H3046"
            ]
        },
        {
            "word": "that the writing",
            "strongs": [
                "H3792"
            ]
        },
        {
            "word": "was signed",
            "strongs": [
                "H7560"
            ]
        },
        {
            "word": "he went",
            "strongs": [
                "H5954"
            ]
        },
        {
            "word": "into his house",
            "strongs": [
                "H1005"
            ]
        },
        {
            "word": "and his windows",
            "strongs": [
                "H3551"
            ]
        },
        {
            "word": "being open",
            "strongs": [
                "H6606"
            ]
        },
        {
            "word": "in his chamber",
            "strongs": [
                "H5952"
            ]
        },
        {
            "word": "toward",
            "strongs": [
                "H5049"
            ]
        },
        {
            "word": "Jerusalem",
            "strongs": [
                "H3390"
            ]
        },
        {
            "word": "he kneeled",
            "strongs": [
                "H1289"
            ]
        },
        {
            "word": "upon",
            "strongs": [
                "H5922"
            ]
        },
        {
            "word": "his knees",
            "strongs": [
                "H1291"
            ]
        },
        {
            "word": "three",
            "strongs": [
                "H8532"
            ]
        },
        {
            "word": "times",
            "strongs": [
                "H2166"
            ]
        },
        {
            "word": "a day",
            "strongs": [
                "H3118"
            ]
        },
        {
            "word": "and prayed",
            "strongs": [
                "H6739"
            ]
        },
        {
            "word": "and gave thanks",
            "strongs": [
                "H3029"
            ]
        },
        {
            "word": "before",
            "strongs": [
                "H6925"
            ]
        },
        {
            "word": "his God",
            "strongs": [
                "H0426"
            ]
        },
        {
            "word": "as",
            "strongs": [
                "H3606",
                "H6903"
            ]
        },
        {
            "word": "he did",
            "strongs": [
                "H5648",
                "H1934"
            ]
        },
        {
            "word": "aforetime",
            "strongs": [
                "H6928",
                "H1836",
                "H4481"
            ]
        }
    ],
    "Daniel.6.11": [
        {
            "word": "Then",
            "strongs": [
                "H0116"
            ]
        },
        {
            "word": "these",
            "strongs": [
                "H0479"
            ]
        },
        {
            "word": "men",
            "strongs": [
                "H1400"
            ]
        },
        {
            "word": "assembled",
            "strongs": [
                "H7284"
            ]
        },
        {
            "word": "and found",
            "strongs": [
                "H7912"
            ]
        },
        {
            "word": "Daniel",
            "strongs": [
                "H1841"
            ]
        },
        {
            "word": "praying",
            "strongs": [
                "H1156"
            ]
        },
        {
            "word": "and making supplication",
            "strongs": [
                "H2604"
            ]
        },
        {
            "word": "before",
            "strongs": [
                "H6925"
            ]
        },
        {
            "word": "his God",
            "strongs": [
                "H0426"
            ]
        }
    ],
    "Daniel.6.12": [
        {
            "word": "Then",
            "strongs": [
                "H0116"
            ]
        },
        {
            "word": "they came near",
            "strongs": [
                "H7127"
            ]
        },
        {
            "word": "and spake",
            "strongs": [
                "H0560"
            ]
        },
        {
            "word": "before",
            "strongs": [
                "H6925"
            ]
        },
        {
            "word": "the king",
            "strongs": [
                "H4430"
            ]
        },
        {
            "word": "concerning",
            "strongs": [
                "H5922"
            ]
        },
        {
            "word": "the king's",
            "strongs": [
                "H4430"
            ]
        },
        {
            "word": "decree",
            "strongs": [
                "H0633"
            ]
        },
        {
            "word": "Hast thou not",
            "strongs": [
                "H3809"
            ]
        },
        {
            "word": "signed",
            "strongs": [
                "H7560"
            ]
        },
        {
            "word": "a decree",
            "strongs": [
                "H0633"
            ]
        },
        {
            "word": "that every",
            "strongs": [
                "H3606"
            ]
        },
        {
            "word": "man",
            "strongs": [
                "H0606"
            ]
        },
        {
            "word": "that shall ask",
            "strongs": [
                "H1156"
            ]
        },
        {
            "word": "of",
            "strongs": [
                "H4481"
            ]
        },
        {
            "word": "any",
            "strongs": [
                "H3606"
            ]
        },
        {
            "word": "God",
            "strongs": [
                "H0426"
            ]
        },
        {
            "word": "or man",
            "strongs": [
                "H0606"
            ]
        },
        {
            "word": "within",
            "strongs": [
                "H5705"
            ]
        },
        {
            "word": "thirty",
            "strongs": [
                "H8533"
            ]
        },
        {
            "word": "days",
            "strongs": [
                "H3118"
            ]
        },
        {
            "word": "save",
            "strongs": [
                "H3861"
            ]
        },
        {
            "word": "of thee",
            "strongs": [
                "H4481"
            ]
        },
        {
            "word": "O king",
            "strongs": [
                "H4430"
            ]
        },
        {
            "word": "shall be cast",
            "strongs": [
                "H7412"
            ]
        },
        {
            "word": "into the den",
            "strongs": [
                "H1358"
            ]
        },
        {
            "word": "of lions",
            "strongs": [
                "H0744"
            ]
        },
        {
            "word": "The king",
            "strongs": [
                "H4430"
            ]
        },
        {
            "word": "answered",
            "strongs": [
                "H6032"
            ]
        },
        {
            "word": "and said",
            "strongs": [
                "H0560"
            ]
        },
        {
            "word": "The thing",
            "strongs": [
                "H4406"
            ]
        },
        {
            "word": "true",
            "strongs": [
                "H3330"
            ]
        },
        {
            "word": "according to the law",
            "strongs": [
                "H1882"
            ]
        },
        {
            "word": "of the Medes",
            "strongs": [
                "H4076"
            ]
        },
        {
            "word": "and Persians",
            "strongs": [
                "H6540"
            ]
        },
        {
            "word": "which altereth",
            "strongs": [
                "H5709"
            ]
        },
        {
            "word": "not",
            "strongs": [
                "H3809"
            ]
        }
    ],
    "Daniel.6.13": [
        {
            "word": "Then",
            "strongs": [
                "H0116"
            ]
        },
        {
            "word": "answered",
            "strongs": [
                "H6032"
            ]
        },
        {
            "word": "they and said",
            "strongs": [
                "H0560"
            ]
        },
        {
            "word": "before",
            "strongs": [
                "H6925"
            ]
        },
        {
            "word": "the king",
            "strongs": [
                "H4430"
            ]
        },
        {
            "word": "That Daniel",
            "strongs": [
                "H1841"
            ]
        },
        {
            "word": "of",
            "strongs": [
                "H4481"
            ]
        },
        {
            "word": "the children",
            "strongs": [
                "H1123"
            ]
        },
        {
            "word": "of the captivity",
            "strongs": [
                "H1547"
            ]
        },
        {
            "word": "of Judah",
            "strongs": [
                "H3061"
            ]
        },
        {
            "word": "regardeth",
            "strongs": [
                "H2942",
                "H7761"
            ]
        },
        {
            "word": "not",
            "strongs": [
                "H3809"
            ]
        },
        {
            "word": "thee",
            "strongs": [
                "H5922"
            ]
        },
        {
            "word": "O king",
            "strongs": [
                "H4430"
            ]
        },
        {
            "word": "nor the decree",
            "strongs": [
                "H0633"
            ]
        },
        {
            "word": "that thou hast signed",
            "strongs": [
                "H7560"
            ]
        },
        {
            "word": "but maketh",
            "strongs": [
                "H1156"
            ]
        },
        {
            "word": "his petition",
            "strongs": [
                "H1159"
            ]
        },
        {
            "word": "three",
            "strongs": [
                "H8532"
            ]
        },
        {
            "word": "times",
            "strongs": [
                "H2166"
            ]
        },
        {
            "word": "a day",
            "strongs": [
                "H3118"
            ]
        }
    ],
    "Daniel.6.14": [
        {
            "word": "Then",
            "strongs": [
                "H0116"
            ]
        },
        {
            "word": "the king",
            "strongs": [
                "H4430"
            ]
        },
        {
            "word": "when he heard",
            "strongs": [
                "H8086"
            ]
        },
        {
            "word": "words",
            "strongs": [
                "H4406"
            ]
        },
        {
            "word": "was sore",
            "strongs": [
                "H7690"
            ]
        },
        {
            "word": "displeased",
            "strongs": [
                "H0888"
            ]
        },
        {
            "word": "with himself, and set",
            "strongs": [
                "H7761"
            ]
        },
        {
            "word": "heart",
            "strongs": [
                "H1079"
            ]
        },
        {
            "word": "on",
            "strongs": [
                "H5922"
            ]
        },
        {
            "word": "Daniel",
            "strongs": [
                "H1841"
            ]
        },
        {
            "word": "to deliver",
            "strongs": [
                "H7804"
            ]
        },
        {
            "word": "him: and he laboured",
            "strongs": [
                "H7712",
                "H1934"
            ]
        },
        {
            "word": "till",
            "strongs": [
                "H5705"
            ]
        },
        {
            "word": "the going down",
            "strongs": [
                "H4606"
            ]
        },
        {
            "word": "of the sun",
            "strongs": [
                "H8122"
            ]
        },
        {
            "word": "to deliver",
            "strongs": [
                "H5338"
            ]
        }
    ],
    "Daniel.6.15": [
        {
            "word": "Then",
            "strongs": [
                "H0116"
            ]
        },
        {
            "word": "these",
            "strongs": [
                "H0479"
            ]
        },
        {
            "word": "men",
            "strongs": [
                "H1400"
            ]
        },
        {
            "word": "assembled",
            "strongs": [
                "H7284"
            ]
        },
        {
            "word": "unto",
            "strongs": [
                "H5922"
            ]
        },
        {
            "word": "the king",
            "strongs": [
                "H4430"
            ]
        },
        {
            "word": "and said",
            "strongs": [
                "H0560"
            ]
        },
        {
            "word": "unto the king",
            "strongs": [
                "H4430"
            ]
        },
        {
            "word": "Know",
            "strongs": [
                "H3046"
            ]
        },
        {
            "word": "O king",
            "strongs": [
                "H4430"
            ]
        },
        {
            "word": "that the law",
            "strongs": [
                "H1882"
            ]
        },
        {
            "word": "of the Medes",
            "strongs": [
                "H4076"
            ]
        },
        {
            "word": "and Persians",
            "strongs": [
                "H6540"
            ]
        },
        {
            "word": "That no",
            "strongs": [
                "H3606"
            ]
        },
        {
            "word": "decree",
            "strongs": [
                "H0633"
            ]
        },
        {
            "word": "nor statute",
            "strongs": [
                "H7010"
            ]
        },
        {
            "word": "which the king",
            "strongs": [
                "H4430"
            ]
        },
        {
            "word": "establisheth",
            "strongs": [
                "H6966"
            ]
        },
        {
            "word": "may be changed",
            "strongs": [
                "H8133"
            ]
        }
    ],
    "Daniel.6.16": [
        {
            "word": "Then",
            "strongs": [
                "H0116"
            ]
        },
        {
            "word": "the king",
            "strongs": [
                "H4430"
            ]
        },
        {
            "word": "commanded",
            "strongs": [
                "H0560"
            ]
        },
        {
            "word": "and they brought",
            "strongs": [
                "H0858"
            ]
        },
        {
            "word": "Daniel",
            "strongs": [
                "H1841"
            ]
        },
        {
            "word": "and cast",
            "strongs": [
                "H7412"
            ]
        },
        {
            "word": "into the den",
            "strongs": [
                "H1358"
            ]
        },
        {
            "word": "of lions",
            "strongs": [
                "H0744"
            ]
        },
        {
            "word": "the king",
            "strongs": [
                "H4430"
            ]
        },
        {
            "word": "spake",
            "strongs": [
                "H6032"
            ]
        },
        {
            "word": "and said",
            "strongs": [
                "H0560"
            ]
        },
        {
            "word": "unto Daniel",
            "strongs": [
                "H1841"
            ]
        },
        {
            "word": "Thy God",
            "strongs": [
                "H0426"
            ]
        },
        {
            "word": "whom thou",
            "strongs": [
                "H0607"
            ]
        },
        {
            "word": "servest",
            "strongs": [
                "H6399"
            ]
        },
        {
            "word": "continually",
            "strongs": [
                "H8411"
            ]
        },
        {
            "word": "he will deliver",
            "strongs": [
                "H7804"
            ]
        }
    ],
    "Daniel.6.17": [
        {
            "word": "And a",
            "strongs": [
                "H2298"
            ]
        },
        {
            "word": "stone",
            "strongs": [
                "H0069"
            ]
        },
        {
            "word": "was brought",
            "strongs": [
                "H0858"
            ]
        },
        {
            "word": "and laid",
            "strongs": [
                "H7761"
            ]
        },
        {
            "word": "upon",
            "strongs": [
                "H5922"
            ]
        },
        {
            "word": "the mouth",
            "strongs": [
                "H6433"
            ]
        },
        {
            "word": "of the den",
            "strongs": [
                "H1358"
            ]
        },
        {
            "word": "and the king",
            "strongs": [
                "H4430"
            ]
        },
        {
            "word": "sealed",
            "strongs": [
                "H2857"
            ]
        },
        {
            "word": "it with his own signet",
            "strongs": [
                "H5824"
            ]
        },
        {
            "word": "and with the signet",
            "strongs": [
                "H5824"
            ]
        },
        {
            "word": "of his lords",
            "strongs": [
                "H7261"
            ]
        },
        {
            "word": "that the purpose",
            "strongs": [
                "H6640"
            ]
        },
        {
            "word": "might not",
            "strongs": [
                "H3809"
            ]
        },
        {
            "word": "be changed",
            "strongs": [
                "H8133"
            ]
        },
        {
            "word": "concerning Daniel",
            "strongs": [
                "H1841"
            ]
        }
    ],
    "Daniel.6.18": [
        {
            "word": "Then",
            "strongs": [
                "H0116"
            ]
        },
        {
            "word": "the king",
            "strongs": [
                "H4430"
            ]
        },
        {
            "word": "went",
            "strongs": [
                "H0236"
            ]
        },
        {
            "word": "to his palace",
            "strongs": [
                "H1965"
            ]
        },
        {
            "word": "and passed the night",
            "strongs": [
                "H0956"
            ]
        },
        {
            "word": "fasting",
            "strongs": [
                "H2908"
            ]
        },
        {
            "word": "neither",
            "strongs": [
                "H3809"
            ]
        },
        {
            "word": "were instruments",
            "strongs": [
                "H1761"
            ]
        },
        {
            "word": "of musick brought",
            "strongs": [
                "H5954"
            ]
        },
        {
            "word": "before",
            "strongs": [
                "H6925"
            ]
        },
        {
            "word": "him: and his sleep",
            "strongs": [
                "H8139"
            ]
        },
        {
            "word": "went",
            "strongs": [
                "H5075"
            ]
        },
        {
            "word": "from him",
            "strongs": [
                "H5922"
            ]
        }
    ],
    "Daniel.6.19": [
        {
            "word": "Then",
            "strongs": [
                "H0116"
            ]
        },
        {
            "word": "the king",
            "strongs": [
                "H4430"
            ]
        },
        {
            "word": "arose",
            "strongs": [
                "H6966"
            ]
        },
        {
            "word": "very early",
            "strongs": [
                "H8238"
            ]
        },
        {
            "word": "in the morning",
            "strongs": [
                "H5053"
            ]
        },
        {
            "word": "and went",
            "strongs": [
                "H0236"
            ]
        },
        {
            "word": "in haste",
            "strongs": [
                "H0927"
            ]
        },
        {
            "word": "unto the den",
            "strongs": [
                "H1358"
            ]
        },
        {
            "word": "of lions",
            "strongs": [
                "H0744"
            ]
        }
    ],
    "Daniel.6.20": [
        {
            "word": "And when he came",
            "strongs": [
                "H7127"
            ]
        },
        {
            "word": "to the den",
            "strongs": [
                "H1358"
            ]
        },
        {
            "word": "he cried",
            "strongs": [
                "H2200"
            ]
        },
        {
            "word": "with a lamentable",
            "strongs": [
                "H6088"
            ]
        },
        {
            "word": "voice",
            "strongs": [
                "H7032"
            ]
        },
        {
            "word": "unto Daniel",
            "strongs": [
                "H1841"
            ]
        },
        {
            "word": "the king",
            "strongs": [
                "H4430"
            ]
        },
        {
            "word": "spake",
            "strongs": [
                "H6032"
            ]
        },
        {
            "word": "and said",
            "strongs": [
                "H0560"
            ]
        },
        {
            "word": "to Daniel",
            "strongs": [
                "H1841"
            ]
        },
        {
            "word": "O Daniel",
            "strongs": [
                "H1841"
            ]
        },
        {
            "word": "servant",
            "strongs": [
                "H5649"
            ]
        },
        {
            "word": "of the living",
            "strongs": [
                "H2417"
            ]
        },
        {
            "word": "God",
            "strongs": [
                "H0426"
            ]
        },
        {
            "word": "is thy God",
            "strongs": [
                "H0426"
            ]
        },
        {
            "word": "whom thou servest",
            "strongs": [
                "H6399"
            ]
        },
        {
            "word": "continually",
            "strongs": [
                "H8411"
            ]
        },
        {
            "word": "able",
            "strongs": [
                "H3202"
            ]
        },
        {
            "word": "to deliver",
            "strongs": [
                "H7804"
            ]
        },
        {
            "word": "thee from",
            "strongs": [
                "H4481"
            ]
        },
        {
            "word": "the lions",
            "strongs": [
                "H0744"
            ]
        }
    ],
    "Daniel.6.21": [
        {
            "word": "Then",
            "strongs": [
                "H0116"
            ]
        },
        {
            "word": "said",
            "strongs": [
                "H4449"
            ]
        },
        {
            "word": "Daniel",
            "strongs": [
                "H1841"
            ]
        },
        {
            "word": "unto",
            "strongs": [
                "H5974"
            ]
        },
        {
            "word": "the king",
            "strongs": [
                "H4430"
            ]
        },
        {
            "word": "O king",
            "strongs": [
                "H4430"
            ]
        },
        {
            "word": "live",
            "strongs": [
                "H2418"
            ]
        },
        {
            "word": "for ever",
            "strongs": [
                "H5957"
            ]
        }
    ],
    "Daniel.6.22": [
        {
            "word": "My God",
            "strongs": [
                "H0426"
            ]
        },
        {
            "word": "hath sent",
            "strongs": [
                "H7972"
            ]
        },
        {
            "word": "his angel",
            "strongs": [
                "H4398"
            ]
        },
        {
            "word": "and hath shut",
            "strongs": [
                "H5463"
            ]
        },
        {
            "word": "the lions'",
            "strongs": [
                "H0744"
            ]
        },
        {
            "word": "mouths",
            "strongs": [
                "H6433"
            ]
        },
        {
            "word": "that they have not",
            "strongs": [
                "H3809"
            ]
        },
        {
            "word": "hurt",
            "strongs": [
                "H2255"
            ]
        },
        {
            "word": "me: forasmuch as",
            "strongs": [
                "H6903",
                "H3606"
            ]
        },
        {
            "word": "before",
            "strongs": [
                "H6925"
            ]
        },
        {
            "word": "him innocency",
            "strongs": [
                "H2136"
            ]
        },
        {
            "word": "was found",
            "strongs": [
                "H7912"
            ]
        },
        {
            "word": "in me; and also",
            "strongs": [
                "H0638"
            ]
        },
        {
            "word": "before",
            "strongs": [
                "H6925"
            ]
        },
        {
            "word": "thee, O king",
            "strongs": [
                "H4430"
            ]
        },
        {
            "word": "have I done",
            "strongs": [
                "H5648"
            ]
        },
        {
            "word": "no",
            "strongs": [
                "H3809"
            ]
        },
        {
            "word": "hurt",
            "strongs": [
                "H2248"
            ]
        }
    ],
    "Daniel.6.23": [
        {
            "word": "Then",
            "strongs": [
                "H0116"
            ]
        },
        {
            "word": "was the king",
            "strongs": [
                "H4430"
            ]
        },
        {
            "word": "exceeding",
            "strongs": [
                "H7690"
            ]
        },
        {
            "word": "glad",
            "strongs": [
                "H2868"
            ]
        },
        {
            "word": "for him",
            "strongs": [
                "H5922"
            ]
        },
        {
            "word": "and commanded",
            "strongs": [
                "H0560"
            ]
        },
        {
            "word": "that they should take",
            "strongs": [
                "H5267"
            ]
        },
        {
            "word": "Daniel",
            "strongs": [
                "H1841"
            ]
        },
        {
            "word": "up",
            "strongs": [
                "H5267"
            ]
        },
        {
            "word": "out of",
            "strongs": [
                "H4481"
            ]
        },
        {
            "word": "the den",
            "strongs": [
                "H1358"
            ]
        },
        {
            "word": "So Daniel",
            "strongs": [
                "H1841"
            ]
        },
        {
            "word": "was taken up",
            "strongs": [
                "H5267"
            ]
        },
        {
            "word": "out of",
            "strongs": [
                "H4481"
            ]
        },
        {
            "word": "the den",
            "strongs": [
                "H1358"
            ]
        },
        {
            "word": "and no",
            "strongs": [
                "H3809"
            ]
        },
        {
            "word": "manner",
            "strongs": [
                "H3606"
            ]
        },
        {
            "word": "of hurt",
            "strongs": [
                "H2257"
            ]
        },
        {
            "word": "was found",
            "strongs": [
                "H7912"
            ]
        },
        {
            "word": "upon him, because he believed",
            "strongs": [
                "H0540"
            ]
        },
        {
            "word": "in his God",
            "strongs": [
                "H0426"
            ]
        }
    ],
    "Daniel.6.24": [
        {
            "word": "And the king",
            "strongs": [
                "H4430"
            ]
        },
        {
            "word": "commanded",
            "strongs": [
                "H0560"
            ]
        },
        {
            "word": "and they brought",
            "strongs": [
                "H0858"
            ]
        },
        {
            "word": "those",
            "strongs": [
                "H0479"
            ]
        },
        {
            "word": "men",
            "strongs": [
                "H1400"
            ]
        },
        {
            "word": "which had accused",
            "strongs": [
                "H7170",
                "H0399"
            ]
        },
        {
            "word": "Daniel",
            "strongs": [
                "H1841"
            ]
        },
        {
            "word": "and they cast",
            "strongs": [
                "H7412"
            ]
        },
        {
            "word": "into the den",
            "strongs": [
                "H1358"
            ]
        },
        {
            "word": "of lions",
            "strongs": [
                "H0744"
            ]
        },
        {
            "word": "them",
            "strongs": [
                "H0581"
            ]
        },
        {
            "word": "their children",
            "strongs": [
                "H1123"
            ]
        },
        {
            "word": "and their wives",
            "strongs": [
                "H5389"
            ]
        },
        {
            "word": "and the lions",
            "strongs": [
                "H0744"
            ]
        },
        {
            "word": "had the mastery",
            "strongs": [
                "H7981",
                "H5705"
            ]
        },
        {
            "word": "of them, and brake",
            "strongs": [
                "H1855"
            ]
        },
        {
            "word": "all",
            "strongs": [
                "H3606"
            ]
        },
        {
            "word": "their bones",
            "strongs": [
                "H1635"
            ]
        },
        {
            "word": "in pieces",
            "strongs": [
                "H1855"
            ]
        },
        {
            "word": "or ever",
            "strongs": [
                "H3809"
            ]
        },
        {
            "word": "they came",
            "strongs": [
                "H4291"
            ]
        },
        {
            "word": "at the bottom",
            "strongs": [
                "H0773"
            ]
        },
        {
            "word": "of the den",
            "strongs": [
                "H1358"
            ]
        }
    ],
    "Daniel.6.25": [
        {
            "word": "Then",
            "strongs": [
                "H0116"
            ]
        },
        {
            "word": "king",
            "strongs": [
                "H4430"
            ]
        },
        {
            "word": "Darius",
            "strongs": [
                "H1868"
            ]
        },
        {
            "word": "wrote",
            "strongs": [
                "H3790"
            ]
        },
        {
            "word": "unto all",
            "strongs": [
                "H3606"
            ]
        },
        {
            "word": "people",
            "strongs": [
                "H5972"
            ]
        },
        {
            "word": "nations",
            "strongs": [
                "H0524"
            ]
        },
        {
            "word": "and languages",
            "strongs": [
                "H3961"
            ]
        },
        {
            "word": "that dwell",
            "strongs": [
                "H1753"
            ]
        },
        {
            "word": "in all",
            "strongs": [
                "H3606"
            ]
        },
        {
            "word": "the earth",
            "strongs": [
                "H0772"
            ]
        },
        {
            "word": "Peace",
            "strongs": [
                "H8001"
            ]
        },
        {
            "word": "be multiplied",
            "strongs": [
                "H7680"
            ]
        }
    ],
    "Daniel.6.26": [
        {
            "word": "I",
            "strongs": [
                "H6925",
                "H4481"
            ]
        },
        {
            "word": "make",
            "strongs": [
                "H7761"
            ]
        },
        {
            "word": "a decree",
            "strongs": [
                "H2942"
            ]
        },
        {
            "word": "That in every",
            "strongs": [
                "H3606"
            ]
        },
        {
            "word": "dominion",
            "strongs": [
                "H7985"
            ]
        },
        {
            "word": "of my kingdom",
            "strongs": [
                "H4437"
            ]
        },
        {
            "word": "men tremble",
            "strongs": [
                "H2112",
                "H1934"
            ]
        },
        {
            "word": "and fear",
            "strongs": [
                "H1763"
            ]
        },
        {
            "word": "before",
            "strongs": [
                "H6925",
                "H4481"
            ]
        },
        {
            "word": "the God",
            "strongs": [
                "H0426"
            ]
        },
        {
            "word": "of Daniel",
            "strongs": [
                "H1841"
            ]
        },
        {
            "word": "the living",
            "strongs": [
                "H2417"
            ]
        },
        {
            "word": "God",
            "strongs": [
                "H0426"
            ]
        },
        {
            "word": "and stedfast",
            "strongs": [
                "H7011"
            ]
        },
        {
            "word": "for ever",
            "strongs": [
                "H5957"
            ]
        },
        {
            "word": "and his kingdom",
            "strongs": [
                "H4437"
            ]
        },
        {
            "word": "which shall not",
            "strongs": [
                "H3809"
            ]
        },
        {
            "word": "be destroyed",
            "strongs": [
                "H2255"
            ]
        },
        {
            "word": "and his dominion",
            "strongs": [
                "H7985"
            ]
        },
        {
            "word": "unto",
            "strongs": [
                "H5705"
            ]
        },
        {
            "word": "the end",
            "strongs": [
                "H5491"
            ]
        }
    ],
    "Daniel.6.27": [
        {
            "word": "He delivereth",
            "strongs": [
                "H7804"
            ]
        },
        {
            "word": "and rescueth",
            "strongs": [
                "H5338"
            ]
        },
        {
            "word": "and he worketh",
            "strongs": [
                "H5648"
            ]
        },
        {
            "word": "signs",
            "strongs": [
                "H0852"
            ]
        },
        {
            "word": "and wonders",
            "strongs": [
                "H8540"
            ]
        },
        {
            "word": "in heaven",
            "strongs": [
                "H8065"
            ]
        },
        {
            "word": "and in earth",
            "strongs": [
                "H0772"
            ]
        },
        {
            "word": "who hath delivered",
            "strongs": [
                "H7804"
            ]
        },
        {
            "word": "Daniel",
            "strongs": [
                "H1841"
            ]
        },
        {
            "word": "from",
            "strongs": [
                "H4481"
            ]
        },
        {
            "word": "the power",
            "strongs": [
                "H3028"
            ]
        },
        {
            "word": "of the lions",
            "strongs": [
                "H0744"
            ]
        }
    ],
    "Daniel.6.28": [
        {
            "word": "So this",
            "strongs": [
                "H1836"
            ]
        },
        {
            "word": "Daniel",
            "strongs": [
                "H1841"
            ]
        },
        {
            "word": "prospered",
            "strongs": [
                "H6744"
            ]
        },
        {
            "word": "in the reign",
            "strongs": [
                "H4437"
            ]
        },
        {
            "word": "of Darius",
            "strongs": [
                "H1868"
            ]
        },
        {
            "word": "and in the reign",
            "strongs": [
                "H4437"
            ]
        },
        {
            "word": "of Cyrus",
            "strongs": [
                "H3567"
            ]
        },
        {
            "word": "the Persian",
            "strongs": [
                "H6543"
            ]
        }
    ]
}