{
    "Colossians.1.1": [
        {
            "word": "Paul",
            "strongs": [
                "G3972"
            ]
        },
        {
            "word": "an apostle",
            "strongs": [
                "G0652"
            ]
        },
        {
            "word": "of Jesus",
            "strongs": [
                "G2424"
            ]
        },
        {
            "word": "Christ",
            "strongs": [
                "G5547"
            ]
        },
        {
            "word": "by",
            "strongs": [
                "G1223"
            ]
        },
        {
            "word": "the will",
            "strongs": [
                "G2307"
            ]
        },
        {
            "word": "of God",
            "strongs": [
                "G2316"
            ]
        },
        {
            "word": "and",
            "strongs": [
                "G2532"
            ]
        },
        {
            "word": "Timotheus",
            "strongs": [
                "G5095"
            ]
        },
        {
            "word": "brother",
            "strongs": [
                "G3588",
                "G0080"
            ]
        }
    ],
    "Colossians.1.2": [
        {
            "word": "",
            "strongs": [
                "G3588"
            ]
        },
        {
            "word": "To the saints",
            "strongs": [
                "G0040"
            ]
        },
        {
            "word": "and",
            "strongs": [
                "G2532"
            ]
        },
        {
            "word": "faithful",
            "strongs": [
                "G4103"
            ]
        },
        {
            "word": "brethren",
            "strongs": [
                "G0080"
            ]
        },
        {
            "word": "in",
            "strongs": [
                "G1722"
            ]
        },
        {
            "word": "Christ",
            "strongs": [
                "G5547"
            ]
        },
        {
            "word": "at",
            "strongs": [
                "G1722"
            ]
        },
        {
            "word": "Colosse",
            "strongs": [
                "G2857"
            ]
        },
        {
            "word": "Grace",
            "strongs": [
                "G5485"
            ]
        },
        {
            "word": "unto you",
            "strongs": [
                "G5213"
            ]
        },
        {
            "word": "and",
            "strongs": [
                "G2532"
            ]
        },
        {
            "word": "peace",
            "strongs": [
                "G1515"
            ]
        },
        {
            "word": "from",
            "strongs": [
                "G0575"
            ]
        },
        {
            "word": "God",
            "strongs": [
                "G2316"
            ]
        },
        {
            "word": "our",
            "strongs": [
                "G2257"
            ]
        },
        {
            "word": "Father",
            "strongs": [
                "G3962"
            ]
        },
        {
            "word": "and",
            "strongs": [
                "G2532"
            ]
        },
        {
            "word": "the Lord",
            "strongs": [
                "G2962"
            ]
        },
        {
            "word": "Jesus",
            "strongs": [
                "G2424"
            ]
        },
        {
            "word": "Christ",
            "strongs": [
                "G5547"
            ]
        }
    ],
    "Colossians.1.3": [
        {
            "word": "We give thanks",
            "strongs": [
                "G2168"
            ]
        },
        {
            "word": "to God",
            "strongs": [
                "G3588",
                "G2316"
            ]
        },
        {
            "word": "and",
            "strongs": [
                "G2532"
            ]
        },
        {
            "word": "the Father",
            "strongs": [
                "G3962"
            ]
        },
        {
            "word": "of our",
            "strongs": [
                "G2257"
            ]
        },
        {
            "word": "Lord",
            "strongs": [
                "G3588",
                "G2962"
            ]
        },
        {
            "word": "Jesus",
            "strongs": [
                "G2424"
            ]
        },
        {
            "word": "Christ",
            "strongs": [
                "G5547"
            ]
        },
        {
            "word": "praying",
            "strongs": [
                "G4336"
            ]
        },
        {
            "word": "always",
            "strongs": [
                "G3842"
            ]
        },
        {
            "word": "for",
            "strongs": [
                "G4012"
            ]
        },
        {
            "word": "you",
            "strongs": [
                "G5216"
            ]
        }
    ],
    "Colossians.1.4": [
        {
            "word": "",
            "strongs": [
                "G3588"
            ]
        },
        {
            "word": "",
            "strongs": [
                "G3588"
            ]
        },
        {
            "word": "Since we heard",
            "strongs": [
                "G0191"
            ]
        },
        {
            "word": "of your",
            "strongs": [
                "G5216"
            ]
        },
        {
            "word": "faith",
            "strongs": [
                "G3588",
                "G4102"
            ]
        },
        {
            "word": "in",
            "strongs": [
                "G1722"
            ]
        },
        {
            "word": "Christ",
            "strongs": [
                "G5547"
            ]
        },
        {
            "word": "Jesus",
            "strongs": [
                "G2424"
            ]
        },
        {
            "word": "and",
            "strongs": [
                "G2532"
            ]
        },
        {
            "word": "of the love",
            "strongs": [
                "G3588",
                "G0026"
            ]
        },
        {
            "word": "to",
            "strongs": [
                "G1519"
            ]
        },
        {
            "word": "all",
            "strongs": [
                "G3956"
            ]
        },
        {
            "word": "the saints",
            "strongs": [
                "G0040"
            ]
        }
    ],
    "Colossians.1.5": [
        {
            "word": "",
            "strongs": [
                "G3588"
            ]
        },
        {
            "word": "For",
            "strongs": [
                "G1223"
            ]
        },
        {
            "word": "the hope",
            "strongs": [
                "G3588",
                "G1680"
            ]
        },
        {
            "word": "which is laid up",
            "strongs": [
                "G0606"
            ]
        },
        {
            "word": "for you",
            "strongs": [
                "G5213"
            ]
        },
        {
            "word": "in",
            "strongs": [
                "G1722"
            ]
        },
        {
            "word": "heaven",
            "strongs": [
                "G3588",
                "G3772"
            ]
        },
        {
            "word": "whereof",
            "strongs": [
                "G3739"
            ]
        },
        {
            "word": "ye heard before",
            "strongs": [
                "G4257"
            ]
        },
        {
            "word": "in",
            "strongs": [
                "G1722"
            ]
        },
        {
            "word": "the word",
            "strongs": [
                "G3588",
                "G3056"
            ]
        },
        {
            "word": "of the truth",
            "strongs": [
                "G3588",
                "G0225"
            ]
        },
        {
            "word": "of the gospel",
            "strongs": [
                "G3588",
                "G2098"
            ]
        }
    ],
    "Colossians.1.6": [
        {
            "word": "",
            "strongs": [
                "G3739"
            ]
        },
        {
            "word": "",
            "strongs": [
                "G2532"
            ]
        },
        {
            "word": "",
            "strongs": [
                "G3588"
            ]
        },
        {
            "word": "",
            "strongs": [
                "G2076"
            ]
        },
        {
            "word": "Which is come",
            "strongs": [
                "G3918"
            ]
        },
        {
            "word": "unto",
            "strongs": [
                "G1519"
            ]
        },
        {
            "word": "you",
            "strongs": [
                "G5209"
            ]
        },
        {
            "word": "as",
            "strongs": [
                "G2531"
            ]
        },
        {
            "word": "in",
            "strongs": [
                "G1722"
            ]
        },
        {
            "word": "all",
            "strongs": [
                "G3956"
            ]
        },
        {
            "word": "the world",
            "strongs": [
                "G3588",
                "G2889"
            ]
        },
        {
            "word": "and",
            "strongs": [
                "G2532"
            ]
        },
        {
            "word": "bringeth forth fruit",
            "strongs": [
                "G2592"
            ]
        },
        {
            "word": "as",
            "strongs": [
                "G2531"
            ]
        },
        {
            "word": "also",
            "strongs": [
                "G2532"
            ]
        },
        {
            "word": "in",
            "strongs": [
                "G1722"
            ]
        },
        {
            "word": "you",
            "strongs": [
                "G5213"
            ]
        },
        {
            "word": "since",
            "strongs": [
                "G0575"
            ]
        },
        {
            "word": "the day",
            "strongs": [
                "G2250"
            ]
        },
        {
            "word": "ye heard",
            "strongs": [
                "G0191"
            ]
        },
        {
            "word": "and",
            "strongs": [
                "G2532"
            ]
        },
        {
            "word": "knew",
            "strongs": [
                "G1921"
            ]
        },
        {
            "word": "the grace",
            "strongs": [
                "G3588",
                "G5485"
            ]
        },
        {
            "word": "of God",
            "strongs": [
                "G3588",
                "G2316"
            ]
        },
        {
            "word": "in",
            "strongs": [
                "G1722"
            ]
        },
        {
            "word": "truth",
            "strongs": [
                "G0225"
            ]
        }
    ],
    "Colossians.1.7": [
        {
            "word": "",
            "strongs": [
                "G3588"
            ]
        },
        {
            "word": "As",
            "strongs": [
                "G2531"
            ]
        },
        {
            "word": "ye",
            "strongs": [
                "G3129"
            ]
        },
        {
            "word": "also",
            "strongs": [
                "G2532"
            ]
        },
        {
            "word": "learned",
            "strongs": [
                "G3129"
            ]
        },
        {
            "word": "of",
            "strongs": [
                "G0575"
            ]
        },
        {
            "word": "Epaphras",
            "strongs": [
                "G1889"
            ]
        },
        {
            "word": "our",
            "strongs": [
                "G2257"
            ]
        },
        {
            "word": "dear",
            "strongs": [
                "G0027"
            ]
        },
        {
            "word": "fellowservant",
            "strongs": [
                "G4889"
            ]
        },
        {
            "word": "who",
            "strongs": [
                "G3739"
            ]
        },
        {
            "word": "is",
            "strongs": [
                "G2076"
            ]
        },
        {
            "word": "for",
            "strongs": [
                "G5228"
            ]
        },
        {
            "word": "you",
            "strongs": [
                "G5216"
            ]
        },
        {
            "word": "a faithful",
            "strongs": [
                "G4103"
            ]
        },
        {
            "word": "minister",
            "strongs": [
                "G1249"
            ]
        },
        {
            "word": "of Christ",
            "strongs": [
                "G3588",
                "G5547"
            ]
        }
    ],
    "Colossians.1.8": [
        {
            "word": "",
            "strongs": [
                "G3588"
            ]
        },
        {
            "word": "Who",
            "strongs": [
                "G3588"
            ]
        },
        {
            "word": "also",
            "strongs": [
                "G2532"
            ]
        },
        {
            "word": "declared",
            "strongs": [
                "G1213"
            ]
        },
        {
            "word": "unto us",
            "strongs": [
                "G2254"
            ]
        },
        {
            "word": "your",
            "strongs": [
                "G5216"
            ]
        },
        {
            "word": "love",
            "strongs": [
                "G0026"
            ]
        },
        {
            "word": "in",
            "strongs": [
                "G1722"
            ]
        },
        {
            "word": "the Spirit",
            "strongs": [
                "G4151"
            ]
        }
    ],
    "Colossians.1.9": [
        {
            "word": "",
            "strongs": [
                "G3739"
            ]
        },
        {
            "word": "For",
            "strongs": [
                "G1223"
            ]
        },
        {
            "word": "this",
            "strongs": [
                "G5124"
            ]
        },
        {
            "word": "cause",
            "strongs": [
                "G1223"
            ]
        },
        {
            "word": "we",
            "strongs": [
                "G2249"
            ]
        },
        {
            "word": "also",
            "strongs": [
                "G2532"
            ]
        },
        {
            "word": "since",
            "strongs": [
                "G0575"
            ]
        },
        {
            "word": "the day",
            "strongs": [
                "G2250"
            ]
        },
        {
            "word": "we heard",
            "strongs": [
                "G0191"
            ]
        },
        {
            "word": "do",
            "strongs": [
                "G3973"
            ]
        },
        {
            "word": "not",
            "strongs": [
                "G3756"
            ]
        },
        {
            "word": "cease",
            "strongs": [
                "G3973"
            ]
        },
        {
            "word": "to pray",
            "strongs": [
                "G4336"
            ]
        },
        {
            "word": "for",
            "strongs": [
                "G5228"
            ]
        },
        {
            "word": "you",
            "strongs": [
                "G5216"
            ]
        },
        {
            "word": "and",
            "strongs": [
                "G2532"
            ]
        },
        {
            "word": "to desire",
            "strongs": [
                "G0154"
            ]
        },
        {
            "word": "that",
            "strongs": [
                "G2443"
            ]
        },
        {
            "word": "ye might be filled with",
            "strongs": [
                "G4137"
            ]
        },
        {
            "word": "the knowledge",
            "strongs": [
                "G3588",
                "G1922"
            ]
        },
        {
            "word": "of his",
            "strongs": [
                "G0846"
            ]
        },
        {
            "word": "will",
            "strongs": [
                "G3588",
                "G2307"
            ]
        },
        {
            "word": "in",
            "strongs": [
                "G1722"
            ]
        },
        {
            "word": "all",
            "strongs": [
                "G3956"
            ]
        },
        {
            "word": "wisdom",
            "strongs": [
                "G4678"
            ]
        },
        {
            "word": "and",
            "strongs": [
                "G2532"
            ]
        },
        {
            "word": "spiritual",
            "strongs": [
                "G4152"
            ]
        },
        {
            "word": "understanding",
            "strongs": [
                "G4907"
            ]
        }
    ],
    "Colossians.1.10": [
        {
            "word": "That",
            "strongs": [
                "G4043"
            ]
        },
        {
            "word": "ye",
            "strongs": [
                "G5209"
            ]
        },
        {
            "word": "might walk",
            "strongs": [
                "G4043"
            ]
        },
        {
            "word": "worthy",
            "strongs": [
                "G0516"
            ]
        },
        {
            "word": "of the Lord",
            "strongs": [
                "G3588",
                "G2962"
            ]
        },
        {
            "word": "unto",
            "strongs": [
                "G1519"
            ]
        },
        {
            "word": "all",
            "strongs": [
                "G3956"
            ]
        },
        {
            "word": "pleasing",
            "strongs": [
                "G0699"
            ]
        },
        {
            "word": "being fruitful",
            "strongs": [
                "G2592"
            ]
        },
        {
            "word": "in",
            "strongs": [
                "G1722"
            ]
        },
        {
            "word": "every",
            "strongs": [
                "G3956"
            ]
        },
        {
            "word": "good",
            "strongs": [
                "G0018"
            ]
        },
        {
            "word": "work",
            "strongs": [
                "G2041"
            ]
        },
        {
            "word": "and",
            "strongs": [
                "G2532"
            ]
        },
        {
            "word": "increasing",
            "strongs": [
                "G0837"
            ]
        },
        {
            "word": "in",
            "strongs": [
                "G1519"
            ]
        },
        {
            "word": "the knowledge",
            "strongs": [
                "G3588",
                "G1922"
            ]
        },
        {
            "word": "of God",
            "strongs": [
                "G3588",
                "G2316"
            ]
        }
    ],
    "Colossians.1.11": [
        {
            "word": "Strengthened",
            "strongs": [
                "G1412"
            ]
        },
        {
            "word": "with",
            "strongs": [
                "G1722"
            ]
        },
        {
            "word": "all",
            "strongs": [
                "G3956"
            ]
        },
        {
            "word": "might",
            "strongs": [
                "G1411"
            ]
        },
        {
            "word": "according to",
            "strongs": [
                "G2596"
            ]
        },
        {
            "word": "his",
            "strongs": [
                "G0846"
            ]
        },
        {
            "word": "glorious",
            "strongs": [
                "G3588",
                "G1391"
            ]
        },
        {
            "word": "power",
            "strongs": [
                "G3588",
                "G2904"
            ]
        },
        {
            "word": "unto",
            "strongs": [
                "G1519"
            ]
        },
        {
            "word": "all",
            "strongs": [
                "G3956"
            ]
        },
        {
            "word": "patience",
            "strongs": [
                "G5281"
            ]
        },
        {
            "word": "and",
            "strongs": [
                "G2532"
            ]
        },
        {
            "word": "longsuffering",
            "strongs": [
                "G3115"
            ]
        },
        {
            "word": "with",
            "strongs": [
                "G3326"
            ]
        },
        {
            "word": "joyfulness",
            "strongs": [
                "G5479"
            ]
        }
    ],
    "Colossians.1.12": [
        {
            "word": "",
            "strongs": [
                "G3588"
            ]
        },
        {
            "word": "",
            "strongs": [
                "G3588"
            ]
        },
        {
            "word": "Giving thanks",
            "strongs": [
                "G2168"
            ]
        },
        {
            "word": "unto the Father",
            "strongs": [
                "G3588",
                "G3962"
            ]
        },
        {
            "word": "which hath made",
            "strongs": [
                "G2427"
            ]
        },
        {
            "word": "us",
            "strongs": [
                "G2248"
            ]
        },
        {
            "word": "meet",
            "strongs": [
                "G2427"
            ]
        },
        {
            "word": "to",
            "strongs": [
                "G1519"
            ]
        },
        {
            "word": "be partakers",
            "strongs": [
                "G3588",
                "G3310"
            ]
        },
        {
            "word": "of the inheritance",
            "strongs": [
                "G3588",
                "G2819"
            ]
        },
        {
            "word": "of the saints",
            "strongs": [
                "G0040"
            ]
        },
        {
            "word": "in",
            "strongs": [
                "G1722"
            ]
        },
        {
            "word": "light",
            "strongs": [
                "G3588",
                "G5457"
            ]
        }
    ],
    "Colossians.1.13": [
        {
            "word": "Who",
            "strongs": [
                "G3739"
            ]
        },
        {
            "word": "hath delivered",
            "strongs": [
                "G4506"
            ]
        },
        {
            "word": "us",
            "strongs": [
                "G2248"
            ]
        },
        {
            "word": "from",
            "strongs": [
                "G1537"
            ]
        },
        {
            "word": "the power",
            "strongs": [
                "G3588",
                "G1849"
            ]
        },
        {
            "word": "of darkness",
            "strongs": [
                "G3588",
                "G4655"
            ]
        },
        {
            "word": "and",
            "strongs": [
                "G2532"
            ]
        },
        {
            "word": "hath translated",
            "strongs": [
                "G3179"
            ]
        },
        {
            "word": "into",
            "strongs": [
                "G1519"
            ]
        },
        {
            "word": "the kingdom",
            "strongs": [
                "G3588",
                "G0932"
            ]
        },
        {
            "word": "of his",
            "strongs": [
                "G0846"
            ]
        },
        {
            "word": "dear",
            "strongs": [
                "G3588",
                "G0026"
            ]
        },
        {
            "word": "Son",
            "strongs": [
                "G3588",
                "G5207"
            ]
        }
    ],
    "Colossians.1.14": [
        {
            "word": "In",
            "strongs": [
                "G1722"
            ]
        },
        {
            "word": "whom",
            "strongs": [
                "G3739"
            ]
        },
        {
            "word": "we have",
            "strongs": [
                "G2192"
            ]
        },
        {
            "word": "redemption",
            "strongs": [
                "G3588",
                "G0629"
            ]
        },
        {
            "word": "through",
            "strongs": [
                "G1223"
            ]
        },
        {
            "word": "his",
            "strongs": [
                "G0846"
            ]
        },
        {
            "word": "blood",
            "strongs": [
                "G3588",
                "G0129"
            ]
        },
        {
            "word": "the forgiveness",
            "strongs": [
                "G3588",
                "G0859"
            ]
        },
        {
            "word": "of sins",
            "strongs": [
                "G3588",
                "G0266"
            ]
        }
    ],
    "Colossians.1.15": [
        {
            "word": "",
            "strongs": [
                "G3588"
            ]
        },
        {
            "word": "Who",
            "strongs": [
                "G3739"
            ]
        },
        {
            "word": "is",
            "strongs": [
                "G2076"
            ]
        },
        {
            "word": "the image",
            "strongs": [
                "G1504"
            ]
        },
        {
            "word": "of the invisible",
            "strongs": [
                "G0517"
            ]
        },
        {
            "word": "God",
            "strongs": [
                "G3588",
                "G2316"
            ]
        },
        {
            "word": "the firstborn",
            "strongs": [
                "G4416"
            ]
        },
        {
            "word": "of every",
            "strongs": [
                "G3956"
            ]
        },
        {
            "word": "creature",
            "strongs": [
                "G2937"
            ]
        }
    ],
    "Colossians.1.16": [
        {
            "word": "",
            "strongs": [
                "G3588"
            ]
        },
        {
            "word": "",
            "strongs": [
                "G3588"
            ]
        },
        {
            "word": "",
            "strongs": [
                "G3588"
            ]
        },
        {
            "word": "",
            "strongs": [
                "G3588"
            ]
        },
        {
            "word": "For",
            "strongs": [
                "G3754"
            ]
        },
        {
            "word": "by",
            "strongs": [
                "G1722"
            ]
        },
        {
            "word": "him",
            "strongs": [
                "G0846"
            ]
        },
        {
            "word": "were",
            "strongs": [
                "G2936"
            ]
        },
        {
            "word": "all things",
            "strongs": [
                "G3956"
            ]
        },
        {
            "word": "created",
            "strongs": [
                "G2936"
            ]
        },
        {
            "word": "that are",
            "strongs": [
                "G3588"
            ]
        },
        {
            "word": "in",
            "strongs": [
                "G1722"
            ]
        },
        {
            "word": "heaven",
            "strongs": [
                "G3588",
                "G3772"
            ]
        },
        {
            "word": "and",
            "strongs": [
                "G2532"
            ]
        },
        {
            "word": "that are",
            "strongs": [
                "G3588"
            ]
        },
        {
            "word": "in",
            "strongs": [
                "G1909"
            ]
        },
        {
            "word": "earth",
            "strongs": [
                "G3588",
                "G1093"
            ]
        },
        {
            "word": "visible",
            "strongs": [
                "G3707"
            ]
        },
        {
            "word": "and",
            "strongs": [
                "G2532"
            ]
        },
        {
            "word": "invisible",
            "strongs": [
                "G0517"
            ]
        },
        {
            "word": "whether",
            "strongs": [
                "G1535"
            ]
        },
        {
            "word": "thrones",
            "strongs": [
                "G2362"
            ]
        },
        {
            "word": "or",
            "strongs": [
                "G1535"
            ]
        },
        {
            "word": "dominions",
            "strongs": [
                "G2963"
            ]
        },
        {
            "word": "or",
            "strongs": [
                "G1535"
            ]
        },
        {
            "word": "principalities",
            "strongs": [
                "G0746"
            ]
        },
        {
            "word": "or",
            "strongs": [
                "G1535"
            ]
        },
        {
            "word": "powers",
            "strongs": [
                "G1849"
            ]
        },
        {
            "word": "all things",
            "strongs": [
                "G3956"
            ]
        },
        {
            "word": "were created",
            "strongs": [
                "G2936"
            ]
        },
        {
            "word": "by",
            "strongs": [
                "G1223"
            ]
        },
        {
            "word": "him",
            "strongs": [
                "G0846"
            ]
        },
        {
            "word": "and",
            "strongs": [
                "G2532"
            ]
        },
        {
            "word": "for",
            "strongs": [
                "G1519"
            ]
        },
        {
            "word": "him",
            "strongs": [
                "G0846"
            ]
        }
    ],
    "Colossians.1.17": [
        {
            "word": "",
            "strongs": [
                "G3588"
            ]
        },
        {
            "word": "And",
            "strongs": [
                "G2532"
            ]
        },
        {
            "word": "he",
            "strongs": [
                "G0846"
            ]
        },
        {
            "word": "is",
            "strongs": [
                "G2076"
            ]
        },
        {
            "word": "before",
            "strongs": [
                "G4253"
            ]
        },
        {
            "word": "all things",
            "strongs": [
                "G3956"
            ]
        },
        {
            "word": "and",
            "strongs": [
                "G2532"
            ]
        },
        {
            "word": "by",
            "strongs": [
                "G1722"
            ]
        },
        {
            "word": "him",
            "strongs": [
                "G0846"
            ]
        },
        {
            "word": "all things",
            "strongs": [
                "G3956"
            ]
        },
        {
            "word": "consist",
            "strongs": [
                "G4921"
            ]
        }
    ],
    "Colossians.1.18": [
        {
            "word": "",
            "strongs": [
                "G3588"
            ]
        },
        {
            "word": "And",
            "strongs": [
                "G2532"
            ]
        },
        {
            "word": "he",
            "strongs": [
                "G0846"
            ]
        },
        {
            "word": "is",
            "strongs": [
                "G2076"
            ]
        },
        {
            "word": "the head",
            "strongs": [
                "G3588",
                "G2776"
            ]
        },
        {
            "word": "of the body",
            "strongs": [
                "G3588",
                "G4983"
            ]
        },
        {
            "word": "the church",
            "strongs": [
                "G3588",
                "G1577"
            ]
        },
        {
            "word": "who",
            "strongs": [
                "G3739"
            ]
        },
        {
            "word": "is",
            "strongs": [
                "G2076"
            ]
        },
        {
            "word": "the beginning",
            "strongs": [
                "G0746"
            ]
        },
        {
            "word": "the firstborn",
            "strongs": [
                "G4416"
            ]
        },
        {
            "word": "from",
            "strongs": [
                "G1537"
            ]
        },
        {
            "word": "the dead",
            "strongs": [
                "G3498"
            ]
        },
        {
            "word": "that",
            "strongs": [
                "G2443"
            ]
        },
        {
            "word": "in",
            "strongs": [
                "G1722"
            ]
        },
        {
            "word": "all",
            "strongs": [
                "G3956"
            ]
        },
        {
            "word": "he",
            "strongs": [
                "G0846"
            ]
        },
        {
            "word": "might",
            "strongs": [
                "G1096"
            ]
        },
        {
            "word": "have the preeminence",
            "strongs": [
                "G4409"
            ]
        }
    ],
    "Colossians.1.19": [
        {
            "word": "For",
            "strongs": [
                "G3754"
            ]
        },
        {
            "word": "it pleased",
            "strongs": [
                "G2106"
            ]
        },
        {
            "word": "in",
            "strongs": [
                "G1722"
            ]
        },
        {
            "word": "him",
            "strongs": [
                "G0846"
            ]
        },
        {
            "word": "should",
            "strongs": [
                "G2730"
            ]
        },
        {
            "word": "all",
            "strongs": [
                "G3956"
            ]
        },
        {
            "word": "fulness",
            "strongs": [
                "G3588",
                "G4138"
            ]
        },
        {
            "word": "dwell",
            "strongs": [
                "G2730"
            ]
        }
    ],
    "Colossians.1.20": [
        {
            "word": "",
            "strongs": [
                "G3588"
            ]
        },
        {
            "word": "And",
            "strongs": [
                "G2532"
            ]
        },
        {
            "word": "having made peace",
            "strongs": [
                "G1517"
            ]
        },
        {
            "word": "through",
            "strongs": [
                "G1223"
            ]
        },
        {
            "word": "the blood",
            "strongs": [
                "G3588",
                "G0129"
            ]
        },
        {
            "word": "of his",
            "strongs": [
                "G0846"
            ]
        },
        {
            "word": "cross",
            "strongs": [
                "G3588",
                "G4716"
            ]
        },
        {
            "word": "by",
            "strongs": [
                "G1223"
            ]
        },
        {
            "word": "him",
            "strongs": [
                "G0846"
            ]
        },
        {
            "word": "to reconcile",
            "strongs": [
                "G0604"
            ]
        },
        {
            "word": "all things",
            "strongs": [
                "G3956"
            ]
        },
        {
            "word": "unto",
            "strongs": [
                "G1519"
            ]
        },
        {
            "word": "himself",
            "strongs": [
                "G0846"
            ]
        },
        {
            "word": "by",
            "strongs": [
                "G1223"
            ]
        },
        {
            "word": "him",
            "strongs": [
                "G0846"
            ]
        },
        {
            "word": "whether",
            "strongs": [
                "G1535"
            ]
        },
        {
            "word": "things",
            "strongs": [
                "G3588"
            ]
        },
        {
            "word": "in",
            "strongs": [
                "G1909"
            ]
        },
        {
            "word": "earth",
            "strongs": [
                "G3588",
                "G1093"
            ]
        },
        {
            "word": "or",
            "strongs": [
                "G1535"
            ]
        },
        {
            "word": "things",
            "strongs": [
                "G3588"
            ]
        },
        {
            "word": "in",
            "strongs": [
                "G1722"
            ]
        },
        {
            "word": "heaven",
            "strongs": [
                "G3588",
                "G3772"
            ]
        }
    ],
    "Colossians.1.21": [
        {
            "word": "",
            "strongs": [
                "G3588"
            ]
        },
        {
            "word": "And",
            "strongs": [
                "G2532"
            ]
        },
        {
            "word": "you",
            "strongs": [
                "G5209"
            ]
        },
        {
            "word": "that were",
            "strongs": [
                "G5607"
            ]
        },
        {
            "word": "sometime",
            "strongs": [
                "G4218"
            ]
        },
        {
            "word": "alienated",
            "strongs": [
                "G0526"
            ]
        },
        {
            "word": "and",
            "strongs": [
                "G2532"
            ]
        },
        {
            "word": "enemies",
            "strongs": [
                "G2190"
            ]
        },
        {
            "word": "in",
            "strongs": [
                "G3588",
                "G1271"
            ]
        },
        {
            "word": "mind",
            "strongs": [
                "G1271"
            ]
        },
        {
            "word": "by",
            "strongs": [
                "G1722"
            ]
        },
        {
            "word": "wicked",
            "strongs": [
                "G4190"
            ]
        },
        {
            "word": "works",
            "strongs": [
                "G3588",
                "G2041"
            ]
        },
        {
            "word": "yet",
            "strongs": [
                "G1161"
            ]
        },
        {
            "word": "now",
            "strongs": [
                "G3570"
            ]
        },
        {
            "word": "hath he reconciled",
            "strongs": [
                "G0604"
            ]
        }
    ],
    "Colossians.1.22": [
        {
            "word": "In",
            "strongs": [
                "G1722"
            ]
        },
        {
            "word": "the body",
            "strongs": [
                "G3588",
                "G4983"
            ]
        },
        {
            "word": "of his",
            "strongs": [
                "G0846"
            ]
        },
        {
            "word": "flesh",
            "strongs": [
                "G3588",
                "G4561"
            ]
        },
        {
            "word": "through",
            "strongs": [
                "G1223"
            ]
        },
        {
            "word": "death",
            "strongs": [
                "G3588",
                "G2288"
            ]
        },
        {
            "word": "to present",
            "strongs": [
                "G3936"
            ]
        },
        {
            "word": "you",
            "strongs": [
                "G5209"
            ]
        },
        {
            "word": "holy",
            "strongs": [
                "G0040"
            ]
        },
        {
            "word": "and",
            "strongs": [
                "G2532"
            ]
        },
        {
            "word": "unblameable",
            "strongs": [
                "G0299"
            ]
        },
        {
            "word": "and",
            "strongs": [
                "G2532"
            ]
        },
        {
            "word": "unreproveable",
            "strongs": [
                "G0410"
            ]
        },
        {
            "word": "in",
            "strongs": [
                "G2714"
            ]
        },
        {
            "word": "his",
            "strongs": [
                "G0846"
            ]
        },
        {
            "word": "sight",
            "strongs": [
                "G2714"
            ]
        }
    ],
    "Colossians.1.23": [
        {
            "word": "",
            "strongs": [
                "G3588"
            ]
        },
        {
            "word": "",
            "strongs": [
                "G3588"
            ]
        },
        {
            "word": "If",
            "strongs": [
                "G1489"
            ]
        },
        {
            "word": "ye continue in",
            "strongs": [
                "G1961"
            ]
        },
        {
            "word": "the faith",
            "strongs": [
                "G3588",
                "G4102"
            ]
        },
        {
            "word": "grounded",
            "strongs": [
                "G2311"
            ]
        },
        {
            "word": "and",
            "strongs": [
                "G2532"
            ]
        },
        {
            "word": "settled",
            "strongs": [
                "G1476"
            ]
        },
        {
            "word": "and",
            "strongs": [
                "G2532"
            ]
        },
        {
            "word": "not",
            "strongs": [
                "G3361"
            ]
        },
        {
            "word": "moved away",
            "strongs": [
                "G3334"
            ]
        },
        {
            "word": "from",
            "strongs": [
                "G0575"
            ]
        },
        {
            "word": "the hope",
            "strongs": [
                "G3588",
                "G1680"
            ]
        },
        {
            "word": "of the gospel",
            "strongs": [
                "G3588",
                "G2098"
            ]
        },
        {
            "word": "which",
            "strongs": [
                "G3739"
            ]
        },
        {
            "word": "ye have heard",
            "strongs": [
                "G0191"
            ]
        },
        {
            "word": "which was preached",
            "strongs": [
                "G2784"
            ]
        },
        {
            "word": "to",
            "strongs": [
                "G1722"
            ]
        },
        {
            "word": "every",
            "strongs": [
                "G3956"
            ]
        },
        {
            "word": "creature",
            "strongs": [
                "G3588",
                "G2937"
            ]
        },
        {
            "word": "under",
            "strongs": [
                "G5259"
            ]
        },
        {
            "word": "heaven",
            "strongs": [
                "G3588",
                "G3772"
            ]
        },
        {
            "word": "whereof",
            "strongs": [
                "G3739"
            ]
        },
        {
            "word": "I",
            "strongs": [
                "G1473"
            ]
        },
        {
            "word": "Paul",
            "strongs": [
                "G3972"
            ]
        },
        {
            "word": "am made",
            "strongs": [
                "G1096"
            ]
        },
        {
            "word": "a minister",
            "strongs": [
                "G1249"
            ]
        }
    ],
    "Colossians.1.24": [
        {
            "word": "Who",
            "strongs": [
                "G3739"
            ]
        },
        {
            "word": "now",
            "strongs": [
                "G3568"
            ]
        },
        {
            "word": "rejoice",
            "strongs": [
                "G5463"
            ]
        },
        {
            "word": "in",
            "strongs": [
                "G1722"
            ]
        },
        {
            "word": "my",
            "strongs": [
                "G3450"
            ]
        },
        {
            "word": "sufferings",
            "strongs": [
                "G3588",
                "G3804"
            ]
        },
        {
            "word": "for",
            "strongs": [
                "G5228"
            ]
        },
        {
            "word": "you",
            "strongs": [
                "G5216"
            ]
        },
        {
            "word": "and",
            "strongs": [
                "G2532"
            ]
        },
        {
            "word": "fill up",
            "strongs": [
                "G0466"
            ]
        },
        {
            "word": "that which is behind",
            "strongs": [
                "G3588",
                "G5303"
            ]
        },
        {
            "word": "of the afflictions",
            "strongs": [
                "G3588",
                "G2347"
            ]
        },
        {
            "word": "of Christ",
            "strongs": [
                "G3588",
                "G5547"
            ]
        },
        {
            "word": "in",
            "strongs": [
                "G1722"
            ]
        },
        {
            "word": "my",
            "strongs": [
                "G3450"
            ]
        },
        {
            "word": "flesh",
            "strongs": [
                "G3588",
                "G4561"
            ]
        },
        {
            "word": "for",
            "strongs": [
                "G5228"
            ]
        },
        {
            "word": "his",
            "strongs": [
                "G0846"
            ]
        },
        {
            "word": "body's",
            "strongs": [
                "G3588",
                "G4983"
            ]
        },
        {
            "word": "sake",
            "strongs": [
                "G5228"
            ]
        },
        {
            "word": "which",
            "strongs": [
                "G3739"
            ]
        },
        {
            "word": "is",
            "strongs": [
                "G2076"
            ]
        },
        {
            "word": "the church",
            "strongs": [
                "G3588",
                "G1577"
            ]
        }
    ],
    "Colossians.1.25": [
        {
            "word": "",
            "strongs": [
                "G3588"
            ]
        },
        {
            "word": "Whereof",
            "strongs": [
                "G3739"
            ]
        },
        {
            "word": "I",
            "strongs": [
                "G1473"
            ]
        },
        {
            "word": "am made",
            "strongs": [
                "G1096"
            ]
        },
        {
            "word": "a minister",
            "strongs": [
                "G1249"
            ]
        },
        {
            "word": "according to",
            "strongs": [
                "G2596"
            ]
        },
        {
            "word": "the dispensation",
            "strongs": [
                "G3588",
                "G3622"
            ]
        },
        {
            "word": "of God",
            "strongs": [
                "G3588",
                "G2316"
            ]
        },
        {
            "word": "which is given",
            "strongs": [
                "G1325"
            ]
        },
        {
            "word": "to me",
            "strongs": [
                "G3427"
            ]
        },
        {
            "word": "for",
            "strongs": [
                "G1519"
            ]
        },
        {
            "word": "you",
            "strongs": [
                "G5209"
            ]
        },
        {
            "word": "to fulfil",
            "strongs": [
                "G4137"
            ]
        },
        {
            "word": "the word",
            "strongs": [
                "G3588",
                "G3056"
            ]
        },
        {
            "word": "of God",
            "strongs": [
                "G3588",
                "G2316"
            ]
        }
    ],
    "Colossians.1.26": [
        {
            "word": "",
            "strongs": [
                "G3588"
            ]
        },
        {
            "word": "",
            "strongs": [
                "G3588"
            ]
        },
        {
            "word": "the mystery",
            "strongs": [
                "G3588",
                "G3466"
            ]
        },
        {
            "word": "which hath been hid",
            "strongs": [
                "G0613"
            ]
        },
        {
            "word": "from",
            "strongs": [
                "G0575"
            ]
        },
        {
            "word": "ages",
            "strongs": [
                "G3588",
                "G0165"
            ]
        },
        {
            "word": "and",
            "strongs": [
                "G2532"
            ]
        },
        {
            "word": "from",
            "strongs": [
                "G0575"
            ]
        },
        {
            "word": "generations",
            "strongs": [
                "G3588",
                "G1074"
            ]
        },
        {
            "word": "but",
            "strongs": [
                "G1161"
            ]
        },
        {
            "word": "now",
            "strongs": [
                "G3570"
            ]
        },
        {
            "word": "is made manifest",
            "strongs": [
                "G5319"
            ]
        },
        {
            "word": "to",
            "strongs": [
                "G0040"
            ]
        },
        {
            "word": "his",
            "strongs": [
                "G0846"
            ]
        },
        {
            "word": "saints",
            "strongs": [
                "G0040"
            ]
        }
    ],
    "Colossians.1.27": [
        {
            "word": "To whom",
            "strongs": [
                "G3739"
            ]
        },
        {
            "word": "God",
            "strongs": [
                "G3588",
                "G2316"
            ]
        },
        {
            "word": "would",
            "strongs": [
                "G2309"
            ]
        },
        {
            "word": "make known",
            "strongs": [
                "G1107"
            ]
        },
        {
            "word": "what",
            "strongs": [
                "G5101"
            ]
        },
        {
            "word": "the riches",
            "strongs": [
                "G3588",
                "G4149"
            ]
        },
        {
            "word": "of the glory",
            "strongs": [
                "G3588",
                "G1391"
            ]
        },
        {
            "word": "of this",
            "strongs": [
                "G5127"
            ]
        },
        {
            "word": "mystery",
            "strongs": [
                "G3588",
                "G3466"
            ]
        },
        {
            "word": "among",
            "strongs": [
                "G1722"
            ]
        },
        {
            "word": "the Gentiles",
            "strongs": [
                "G3588",
                "G1484"
            ]
        },
        {
            "word": "which",
            "strongs": [
                "G3739"
            ]
        },
        {
            "word": "is",
            "strongs": [
                "G2076"
            ]
        },
        {
            "word": "Christ",
            "strongs": [
                "G5547"
            ]
        },
        {
            "word": "in",
            "strongs": [
                "G1722"
            ]
        },
        {
            "word": "you",
            "strongs": [
                "G5213"
            ]
        },
        {
            "word": "the hope",
            "strongs": [
                "G3588",
                "G1680"
            ]
        },
        {
            "word": "of glory",
            "strongs": [
                "G3588",
                "G1391"
            ]
        }
    ],
    "Colossians.1.28": [
        {
            "word": "Whom",
            "strongs": [
                "G3739"
            ]
        },
        {
            "word": "we",
            "strongs": [
                "G2249"
            ]
        },
        {
            "word": "preach",
            "strongs": [
                "G2605"
            ]
        },
        {
            "word": "warning",
            "strongs": [
                "G3560"
            ]
        },
        {
            "word": "every",
            "strongs": [
                "G3956"
            ]
        },
        {
            "word": "man",
            "strongs": [
                "G0444"
            ]
        },
        {
            "word": "and",
            "strongs": [
                "G2532"
            ]
        },
        {
            "word": "teaching",
            "strongs": [
                "G1321"
            ]
        },
        {
            "word": "every",
            "strongs": [
                "G3956"
            ]
        },
        {
            "word": "man",
            "strongs": [
                "G0444"
            ]
        },
        {
            "word": "in",
            "strongs": [
                "G1722"
            ]
        },
        {
            "word": "all",
            "strongs": [
                "G3956"
            ]
        },
        {
            "word": "wisdom",
            "strongs": [
                "G4678"
            ]
        },
        {
            "word": "that",
            "strongs": [
                "G2443"
            ]
        },
        {
            "word": "we may present",
            "strongs": [
                "G3936"
            ]
        },
        {
            "word": "every",
            "strongs": [
                "G3956"
            ]
        },
        {
            "word": "man",
            "strongs": [
                "G0444"
            ]
        },
        {
            "word": "perfect",
            "strongs": [
                "G5046"
            ]
        },
        {
            "word": "in",
            "strongs": [
                "G1722"
            ]
        },
        {
            "word": "Christ",
            "strongs": [
                "G5547"
            ]
        },
        {
            "word": "Jesus",
            "strongs": [
                "G2424"
            ]
        }
    ],
    "Colossians.1.29": [
        {
            "word": "",
            "strongs": [
                "G1722"
            ]
        },
        {
            "word": "",
            "strongs": [
                "G3739"
            ]
        },
        {
            "word": "",
            "strongs": [
                "G3588"
            ]
        },
        {
            "word": "Whereunto",
            "strongs": [
                "G1519"
            ]
        },
        {
            "word": "I",
            "strongs": [
                "G2872"
            ]
        },
        {
            "word": "also",
            "strongs": [
                "G2532"
            ]
        },
        {
            "word": "labour",
            "strongs": [
                "G2872"
            ]
        },
        {
            "word": "striving",
            "strongs": [
                "G0075"
            ]
        },
        {
            "word": "according to",
            "strongs": [
                "G2596"
            ]
        },
        {
            "word": "his",
            "strongs": [
                "G0846"
            ]
        },
        {
            "word": "working",
            "strongs": [
                "G3588",
                "G1753"
            ]
        },
        {
            "word": "which worketh",
            "strongs": [
                "G1754"
            ]
        },
        {
            "word": "in",
            "strongs": [
                "G1722"
            ]
        },
        {
            "word": "me",
            "strongs": [
                "G1698"
            ]
        },
        {
            "word": "mightily",
            "strongs": [
                "G1411"
            ]
        }
    ]
}