{
    "version": "shp",
    "book_name": "1 Timothy",
    "book_nr": "54",
    "book": {
        "1": {
            "chapter_nr": "1",
            "chapter": {
                "1": {
                    "verse_nr": "1",
                    "verse": "Od Pavla, apostola Isusa Krista, po zapovijedi Boga, na\u0161ega Spasitelja i Isusa Krista, na\u0161e nade."
                },
                "2": {
                    "verse_nr": "2",
                    "verse": "Timoteju, mojemu istinskom sinu u vjeri: neka budu s tobom milost, milosr\u0111e i mir od Boga Oca i od Isusa Krista, na\u0161ega Gospodina."
                },
                "3": {
                    "verse_nr": "3",
                    "verse": "Upozorenja protiv la\u017enih u\u010denja - Ostani u Efezu, kao \u0161to sam te i poticao kad sam oti\u0161ao za Makedoniju, kako bi zapovjedio odre\u0111enim ljudima da prestanu \u0161iriti la\u017ena u\u010denja."
                },
                "4": {
                    "verse_nr": "4",
                    "verse": "Uputi ih da se prestanu obazirati na neistinite pri\u010de i beskrajna obiteljska stabla, koja izazivaju sva\u0111e i ne poma\u017eu Bo\u017ejem djelu, koje se ostvaruje vjerom."
                },
                "5": {
                    "verse_nr": "5",
                    "verse": "Svrha je ove zapovijedi da ljudi imaju ljubav iz \u010distog srca, \u010distu savjest i iskrenu vjeru."
                },
                "6": {
                    "verse_nr": "6",
                    "verse": "Neki su od toga odlutali i okrenuli se ispraznom brbljanju."
                },
                "7": {
                    "verse_nr": "7",
                    "verse": "Takvi \u017eele druge u\u010diti Zakonu, a sami ne razumiju \u0161to govore. Ne razumiju \u010dak ni ono \u0161to tako \u010dvrsto zastupaju."
                },
                "8": {
                    "verse_nr": "8",
                    "verse": "No mi znamo da je Zakon dobar\u2014ako se ispravno primjenjuje."
                },
                "9": {
                    "verse_nr": "9",
                    "verse": "Tako\u0111er, znamo da Zakon nije namijenjen pravednima, nego onima koji ga kr\u0161e i buntovnicima. Namijenjen je onima koji se protive Bogu, gre\u0161nicima, ne\u010distima i nevjernima, ubojicama oca ili majke, ubojicama op\u0107enito;"
                },
                "10": {
                    "verse_nr": "10",
                    "verse": "bludnicima, homoseksualcima, trgovcima robljem, la\u017eljivcima, onima koji la\u017eno svjedo\u010de na su\u0111enjima i onima koji rade protivno ispravnom u\u010denju."
                },
                "11": {
                    "verse_nr": "11",
                    "verse": "To je u skladu sa slavnom Radosnom vije\u0161\u0107u od blagoslovljenoga Boga, koju je meni povjerio."
                },
                "12": {
                    "verse_nr": "12",
                    "verse": "Zahvala na Bo\u017ejoj milosti - Zahvaljujem onome koji mi daje snagu, Isusu Kristu, na\u0161em Gospodinu, jer je imao povjerenja u mene i odredio me da mu slu\u017eim."
                },
                "13": {
                    "verse_nr": "13",
                    "verse": "Premda sam prije bio bogohulnik, progonitelj i nasilnik, on mi je iskazao milost jer sam to \u010dinio u neznanju, kao nevjernik."
                },
                "14": {
                    "verse_nr": "14",
                    "verse": "Ali Gospodin me obasuo beskrajnom milo\u0161\u0107u zajedno s vjerom i ljubavlju koje su u Isusu Kristu."
                },
                "15": {
                    "verse_nr": "15",
                    "verse": "Ovo \u0161to ka\u017eem je istinito i treba se u cijelosti prihvatiti: Isus Krist je do\u0161ao na svijet da spasi gre\u0161nike, a ja sam najgori od njih."
                },
                "16": {
                    "verse_nr": "16",
                    "verse": "Meni je iskazana milost da bi, upotrijebiv\u0161i mene, najve\u0107ega gre\u0161nika, Isus Krist pokazao svoju neograni\u010denu strpljivost. To je primjer za one koji \u0107e u njega tek povjerovati i primiti vje\u010dni \u017eivot."
                },
                "17": {
                    "verse_nr": "17",
                    "verse": "Njemu, vje\u010dnome Kralju, besmrtnom i nevidljivom, jedinome Bogu, neka bude \u010dast i slava zauvijek! Amen."
                },
                "18": {
                    "verse_nr": "18",
                    "verse": "Povjeravam ti ovu zapovijed, Timoteju, sine moj, u skladu s proro\u0161tvima koja su u pro\u0161losti o tebi izre\u010dena. Slijedi ta proro\u0161tva i vodi pravednu bitku."
                },
                "19": {
                    "verse_nr": "19",
                    "verse": "Ostani \u010dvrst u vjeri i \u010diste savjesti. Neki su to odbacili, i to im je uni\u0161tilo vjeru."
                },
                "20": {
                    "verse_nr": "20",
                    "verse": "Me\u0111u njima su Himenej i Aleksandar, koje sam predao Sotoni da bi nau\u010dili kako da prestanu huliti Boga."
                }
            }
        },
        "2": {
            "chapter_nr": "2",
            "chapter": {
                "1": {
                    "verse_nr": "1",
                    "verse": "Upute za molitvu - Prije svega, poti\u010dem te da moli\u0161 Boga za sve ljude. Moli za njihove potrebe, zastupaj ih i zahvaljuj za njih."
                },
                "2": {
                    "verse_nr": "2",
                    "verse": "Moli za kraljeve i sve koji su na vlasti, da mo\u017eemo \u017eivjeti spokojno i mirno, u pobo\u017enosti i dostojanstvu."
                },
                "3": {
                    "verse_nr": "3",
                    "verse": "To je dobro i ugodno Bogu, na\u0161emu Spasitelju."
                },
                "4": {
                    "verse_nr": "4",
                    "verse": "Bog \u017eeli da svi ljudi budu spa\u0161eni i da spoznaju istinu."
                },
                "5": {
                    "verse_nr": "5",
                    "verse": "Samo je jedan Bog i jedan posrednik izme\u0111u Boga i \u010dovjeka: Isus Krist koji je kao \u010dovjek"
                },
                "6": {
                    "verse_nr": "6",
                    "verse": "predao samog sebe da plati otkup za sve ljude. To je dokaz koji je Bog pru\u017eio u pravo vrijeme."
                },
                "7": {
                    "verse_nr": "7",
                    "verse": "Zato sam ja odre\u0111en za propovjednika i za apostola. Govorim istinu, ne la\u017eem! Odre\u0111en sam da ne\u017eidove u\u010dim vjeri i istini."
                },
                "8": {
                    "verse_nr": "8",
                    "verse": "Posebne upute za mu\u0161karce i \u017eene - Stoga, \u017eelim da na svakome mjestu mu\u0161karci podi\u017eu svete ruke u molitvi, bez srd\u017ebe i prepirke."
                },
                "9": {
                    "verse_nr": "9",
                    "verse": "Isto tako, \u017eelim da se \u017eene prikladno odijevaju, dostojanstveno i jednostavno. Neka ne prave posebne frizure i ne ukra\u0161avaju se zlatom, biserima ili skupom odje\u0107om."
                },
                "10": {
                    "verse_nr": "10",
                    "verse": "Umjesto toga, kao \u0161to je i primjereno \u017eenama koje \u0161tuju Boga, neka ih krase dobra djela."
                },
                "11": {
                    "verse_nr": "11",
                    "verse": "\u017dena neka u\u010di slu\u0161aju\u0107i u ti\u0161ini, spremna na potpunu poslu\u0161nost."
                },
                "12": {
                    "verse_nr": "12",
                    "verse": "Ne dopu\u0161tam joj da pou\u010dava niti da nare\u0111uje mu\u0161karcu. Neka slu\u0161a u ti\u0161ini."
                },
                "13": {
                    "verse_nr": "13",
                    "verse": "Za\u0161to to ka\u017eem? Zato \u0161to je prvo bio stvoren Adam, a tek zatim Eva."
                },
                "14": {
                    "verse_nr": "14",
                    "verse": "I nije Adam taj koji je bio prevaren, ve\u0107 je \u017eena bila prevarena i pala u grijeh."
                },
                "15": {
                    "verse_nr": "15",
                    "verse": "Ali \u017eene \u0107e biti spa\u0161ene izvr\u0161avaju\u0107i svoje maj\u010dinske du\u017enosti; ako ustraju u vjeri, ljubavi, svetosti i pristojnosti."
                }
            }
        },
        "3": {
            "chapter_nr": "3",
            "chapter": {
                "1": {
                    "verse_nr": "1",
                    "verse": "Crkveno vodstvo - Ovo \u0161to ka\u017eem je istinito: ako netko \u017eeli slu\u017eiti u starje\u0161instvu, te\u017ei \u010dasnom poslu."
                },
                "2": {
                    "verse_nr": "2",
                    "verse": "Starje\u0161ina mora voditi besprijekoran \u017eivot. Smije imati samo jednu \u017eenu. Mora biti trijezan, razborit, \u010destit i gostoljubiv. Mora biti sposoban pou\u010davati."
                },
                "3": {
                    "verse_nr": "3",
                    "verse": "Ne smije biti sklon pi\u0107u ni nasilnik, ve\u0107 blag i miroljubiv \u010dovjek. Ne smije voljeti novac."
                },
                "4": {
                    "verse_nr": "4",
                    "verse": "Mora dobro upravljati svojim doma\u0107instvom i paziti da ga djeca slu\u0161aju s punim po\u0161tovanjem."
                },
                "5": {
                    "verse_nr": "5",
                    "verse": "Ako tko ne zna kako upravljati vlastitom obitelji, kako \u0107e mo\u0107i brinuti o Bo\u017ejoj Crkvi?"
                },
                "6": {
                    "verse_nr": "6",
                    "verse": "Ne smije biti novi obra\u0107enik da se ne bi uzoholio i bio osu\u0111en kao \u0161to je bio i \u0111avao."
                },
                "7": {
                    "verse_nr": "7",
                    "verse": "Nadalje, mora u\u017eivati ugled i me\u0111u onima koji nisu vjernici, da ne bi bio osramo\u0107en i uhva\u0107en u \u0111avlovu zamku."
                },
                "8": {
                    "verse_nr": "8",
                    "verse": "Crkveni pomo\u0107nici - Isto tako i pomo\u0107nici u crkvi moraju biti vrijedni po\u0161tovanja. Ne smiju biti dvoli\u010dni, skloni opijanju niti pohlepni za novcem."
                },
                "9": {
                    "verse_nr": "9",
                    "verse": "Moraju se \u010diste savjesti pridr\u017eavati dubokih istina vjere."
                },
                "10": {
                    "verse_nr": "10",
                    "verse": "Oni se najprije trebaju dokazati na djelu i tek tada, ako se poka\u017eu bez prigovora, mogu slu\u017eiti u toj slu\u017ebi."
                },
                "11": {
                    "verse_nr": "11",
                    "verse": "Isto tako i \u017eene moraju biti vrijedne po\u0161tovanja. Ne smiju ogovarati, nego vladati sobom i biti u svemu dostojne povjerenja."
                },
                "12": {
                    "verse_nr": "12",
                    "verse": "Pomo\u0107nici moraju imati jednu \u017eenu i moraju dobro upravljati svojom djecom i svojim doma\u0107instvom."
                },
                "13": {
                    "verse_nr": "13",
                    "verse": "Oni koji dobro obavljaju pomo\u0107ni\u010dku slu\u017ebu, stje\u010du \u010dastan polo\u017eaj i veliku sigurnost u vjeri u Isusa Krista."
                },
                "14": {
                    "verse_nr": "14",
                    "verse": "Tajna pobo\u017enosti - Pi\u0161em ti ovo sada, premda se nadam da \u0107u uskoro do\u0107i k tebi."
                },
                "15": {
                    "verse_nr": "15",
                    "verse": "No, ako se moj put odgodi, \u017eelim da zna\u0161 kako se \u010dovjek treba pona\u0161ati u Bo\u017ejem domu, a to je Crkva \u017eivoga Boga, temelj i stup istine."
                },
                "16": {
                    "verse_nr": "16",
                    "verse": "Zaista, velika je tajna pobo\u017enog \u017eivota: Krist se pojavio u ljudskom tijelu, potvr\u0111en je od Duha, vi\u0111en je od an\u0111ela, objavljen je narodima, po svijetu su vjerovali u njega, na Nebo je uzdignut u slavi."
                }
            }
        },
        "4": {
            "chapter_nr": "4",
            "chapter": {
                "1": {
                    "verse_nr": "1",
                    "verse": "Upozorenje protiv la\u017enih u\u010ditelja - Duh jasno ka\u017ee da \u0107e u kasnijim vremenima neki napustiti vjeru. Slijedit \u0107e prijevarne duhove i nauke zlih duhova."
                },
                "2": {
                    "verse_nr": "2",
                    "verse": "Slijedit \u0107e nauke licemjernih la\u017eljivaca \u010dija je savjest otupjela."
                },
                "3": {
                    "verse_nr": "3",
                    "verse": "Oni zabranjuju \u017eenidbu i jedenje odre\u0111ene hrane. No tu je hranu stvorio Bog tako da je oni koji vjeruju i znaju istinu mogu sa zahvalno\u0161\u0107u jesti."
                },
                "4": {
                    "verse_nr": "4",
                    "verse": "Sve \u0161to je Bog stvorio, dobro je i ne treba se odbijati, nego uzimati sa zahvalno\u0161\u0107u."
                },
                "5": {
                    "verse_nr": "5",
                    "verse": "Sve to postaje sveto i prihvatljivo Bo\u017ejom rije\u010dju i molitvom."
                },
                "6": {
                    "verse_nr": "6",
                    "verse": "Ako to bude\u0161 u\u010dio bra\u0107u i sestre, bit \u0107e\u0161 dobar sluga Isusa Krista, odgojen u istinama vjere i ispravnim u\u010denjima koja si slijedio."
                },
                "7": {
                    "verse_nr": "7",
                    "verse": "No izbjegavaj isprazno brbljanje svojstveno starim \u017eenama. Ustrajno se vje\u017ebaj pobo\u017enom \u017eivotu."
                },
                "8": {
                    "verse_nr": "8",
                    "verse": "Tjelesno vje\u017ebanje ima svoju vrijednost, ali vje\u017ebanje pobo\u017enog \u017eivljenja u svakom pogledu vrijedi vi\u0161e. Ono obe\u0107ava blagoslov i u ovom i u budu\u0107em \u017eivotu."
                },
                "9": {
                    "verse_nr": "9",
                    "verse": "Ovo je istinita rije\u010d koju treba potpuno prihvatiti:"
                },
                "10": {
                    "verse_nr": "10",
                    "verse": "naporno radimo i trudimo se zato \u0161to smo polo\u017eili nadu u \u017eivoga Boga\u2014Spasitelja svih ljudi, osobito onih koji vjeruju."
                },
                "11": {
                    "verse_nr": "11",
                    "verse": "To zapovijedaj i tako u\u010di."
                },
                "12": {
                    "verse_nr": "12",
                    "verse": "Neka te nitko ne podcjenjuje zbog tvoje mladosti. Umjesto toga, budi primjer vjernicima govorom, pona\u0161anjem, iskazivanjem ljubavi, vjerom i \u010destitim \u017eivotom."
                },
                "13": {
                    "verse_nr": "13",
                    "verse": "Dok ne do\u0111em, nastavi javno \u010ditati Sveta pisma, opominjati i pou\u010davati druge."
                },
                "14": {
                    "verse_nr": "14",
                    "verse": "Nemoj zanemarivati dar koji si primio po proro\u0161tvima i polaganjem ruku starje\u0161ina."
                },
                "15": {
                    "verse_nr": "15",
                    "verse": "Nastavi \u010diniti sve to. Ustraj u tome da tvoj napredak bude vidljiv svim ljudima."
                },
                "16": {
                    "verse_nr": "16",
                    "verse": "Pazi kako \u017eivi\u0161 i kako pou\u010dava\u0161! Nastavi\u0161 li ispravno \u017eivjeti i pou\u010davati, spasit \u0107e\u0161 i sebe i one koji te slu\u0161aju."
                }
            }
        },
        "5": {
            "chapter_nr": "5",
            "chapter": {
                "1": {
                    "verse_nr": "1",
                    "verse": "Vladanje me\u0111u vjernicima - Nikad ne razgovaraj grubo sa starijim \u010dovjekom, nego s njim razgovaraj kao s ocem. S mladim mu\u0161karcima postupaj kao s bra\u0107om."
                },
                "2": {
                    "verse_nr": "2",
                    "verse": "Prema starijoj \u017eeni pona\u0161aj se kao prema majci, a prema mladoj kao prema sestri, s potpuno \u010distim namjerama."
                },
                "3": {
                    "verse_nr": "3",
                    "verse": "Po\u0161tuj udovice koje su uistinu udovice."
                },
                "4": {
                    "verse_nr": "4",
                    "verse": "No ako udovica ima djecu ili unuke, oni najprije moraju nau\u010diti po\u0161tovati vlastitu obitelj i na taj na\u010din slu\u017eiti Bogu. Tako \u0107e\u0161 uzvratiti svojim roditeljima, djedu i baki za ono \u0161to su im pru\u017eili. To je Bogu ugodno."
                },
                "5": {
                    "verse_nr": "5",
                    "verse": "\u017dena, koja je prava udovica i nema nikoga da se brine za nju, polo\u017eila je svoje nade u Boga. Ona provodi no\u0107i i dane u molitvi tra\u017ee\u0107i Bo\u017eju pomo\u0107."
                },
                "6": {
                    "verse_nr": "6",
                    "verse": "Ali udovica koja se prepu\u0161ta sebi\u010dnim u\u017eicima zapravo je mrtva, iako \u017eivi."
                },
                "7": {
                    "verse_nr": "7",
                    "verse": "Dakle, tako ih upu\u0107uj, da im nitko ne mo\u017ee na\u0107i zamjerke."
                },
                "8": {
                    "verse_nr": "8",
                    "verse": "Ali ako se tko ne brine za svoju rodbinu, a posebno za \u010dlanove svoje u\u017ee obitelji, zanijekao je vjeru i gori je od nevjernika."
                },
                "9": {
                    "verse_nr": "9",
                    "verse": "Udovica se mo\u017ee upisati u popis udovica ako ima najmanje \u0161ezdeset godina i ako je imala jednoga mu\u017ea;"
                },
                "10": {
                    "verse_nr": "10",
                    "verse": "ako je poznata po dobrim djelima: da je dobro odgojila djecu, primala putnike u svoj dom, slu\u017eila Bo\u017ejim ljudima, pomagala onima koji su u nevolji i \u010dinila razna druga dobra djela."
                },
                "11": {
                    "verse_nr": "11",
                    "verse": "No nemoj upisivati mla\u0111e udovice jer, kad njihove tjelesne \u017eelje nadvladaju njihovu odanost Kristu, po\u017eeljet \u0107e se ponovo udati."
                },
                "12": {
                    "verse_nr": "12",
                    "verse": "Tako \u0107e snositi krivnju jer su prekr\u0161ile prvo obe\u0107anje."
                },
                "13": {
                    "verse_nr": "13",
                    "verse": "Tako\u0111er, prelazi im u naviku lijenost i obila\u017eenje po ku\u0107ama; ne samo \u0161to postaju lijene nego po\u010dinju ogovarati, mije\u0161ati se u tu\u0111e poslove i govoriti ono \u0161to ne bi smjele."
                },
                "14": {
                    "verse_nr": "14",
                    "verse": "Stoga, \u017eelim da se mla\u0111e udovice udaju, imaju djecu, brinu se o svojem doma\u0107instvu i ne pru\u017ee priliku neprijatelju za prigovor."
                },
                "15": {
                    "verse_nr": "15",
                    "verse": "Neke su ve\u0107 skrenule s pravog puta za Sotonom."
                },
                "16": {
                    "verse_nr": "16",
                    "verse": "\u017dena, koja je vjernica i ima u obitelji udovice, treba se brinuti sama za njih, tako da se Crkva ne optere\u0107uje, nego da mo\u017ee pomagati udovicama koje nemaju nikoga od obitelji."
                },
                "17": {
                    "verse_nr": "17",
                    "verse": "Starje\u0161ine, koji dobro vode Crkvu, zavre\u0111uju dvostruku \u010dast, a osobito oni koji se bave i propovijedanjem i pou\u010davanjem."
                },
                "18": {
                    "verse_nr": "18",
                    "verse": "Sveto pismo, naime, ka\u017ee: \u00bbNe zavezuj usta volu dok obra\u0111uje \u017eito\u00ab i \u00bbRadnik ima pravo na svoju pla\u0107u.\u00ab"
                },
                "19": {
                    "verse_nr": "19",
                    "verse": "Ne prihva\u0107aj tu\u017ebu protiv starje\u0161ine, osim ako nije potkrijepljena svjedo\u010denjem dvojice ili trojice."
                },
                "20": {
                    "verse_nr": "20",
                    "verse": "Pred cijelom Crkvom prekori one koji ustraju u grijehu, da bi ostali imali straha."
                },
                "21": {
                    "verse_nr": "21",
                    "verse": "Pred Bogom i Isusom Kristom te izabranim an\u0111elima sve\u010dano nare\u0111ujem da se pridr\u017eava\u0161 svega ovoga bez predrasuda i da ni\u0161ta ne radi\u0161 pristrano."
                },
                "22": {
                    "verse_nr": "22",
                    "verse": "Ne pola\u017ei prebrzo ruke ni na koga. Ne sudjeluj u tu\u0111im grijesima, ve\u0107 ustraj u \u010disto\u0107i."
                },
                "23": {
                    "verse_nr": "23",
                    "verse": "Ne pij ubudu\u0107e samo vodu nego i malo vina za \u017eeludac zbog svojih \u010destih tegoba."
                },
                "24": {
                    "verse_nr": "24",
                    "verse": "Grijesi nekih jasno se vide i unaprijed pokazuju da \u0107e im biti su\u0111eno, dok \u0107e se grijesi drugih vidjeti tek kasnije."
                },
                "25": {
                    "verse_nr": "25",
                    "verse": "Isto tako, dobra djela jasno se vide, ali ni ona koja se ne vide ne\u0107e ostati sakrivena."
                }
            }
        },
        "6": {
            "chapter_nr": "6",
            "chapter": {
                "1": {
                    "verse_nr": "1",
                    "verse": "Svi koji su robovi neka po\u0161tuju svoje gospodare u potpunosti, kako se ne bi blatilo Bo\u017eje ime i na\u0161e u\u010denje."
                },
                "2": {
                    "verse_nr": "2",
                    "verse": "A oni robovi \u010diji su gospodari vjernici, ne smiju ih ni\u0161ta manje po\u0161tovati zato \u0161to su bra\u0107a. Naprotiv, trebaju im slu\u017eiti jo\u0161 i bolje, jer svojim dobrim slu\u017eenjem poma\u017eu vjernicima i ljubljenoj bra\u0107i. Pou\u010davaj i poti\u010di ljude da tako \u010dine."
                },
                "3": {
                    "verse_nr": "3",
                    "verse": "Istinsko bogatstvo - Ako tko u\u010di i\u0161ta drugo i ne slijedi zdravo u\u010denje na\u0161ega Gospodina Isusa Krista i na\u0161e u\u010denje o ispravnom slu\u017eenju Bogu,"
                },
                "4": {
                    "verse_nr": "4",
                    "verse": "oholi je neznalica. Takav je \u010dovjek bolesno sklon sva\u0111i i hvatanju za rije\u010di. To dovodi do zavisti, sva\u0111a, klevetanja, sumnji\u010denja,"
                },
                "5": {
                    "verse_nr": "5",
                    "verse": "neprestanih sukoba s ljudima pokvarenog uma, koji vi\u0161e ne znaju \u0161to je istina. Oni smatraju da je slu\u017eenje Bogu na\u010din da se obogate."
                },
                "6": {
                    "verse_nr": "6",
                    "verse": "Naravno, slu\u017eenje Bogu donosi veliko bogatstvo ako je osoba zadovoljna onim \u0161to ima."
                },
                "7": {
                    "verse_nr": "7",
                    "verse": "Jer, na svijet ni\u0161ta nismo donijeli pa tako ne mo\u017eemo ni\u0161ta niti odnijeti."
                },
                "8": {
                    "verse_nr": "8",
                    "verse": "Ali ako imamo hranu i odje\u0107u, budimo time zadovoljni."
                },
                "9": {
                    "verse_nr": "9",
                    "verse": "A oni koji se \u017eele obogatiti, upadaju u isku\u0161enje i u mnoge zamke ludih i pogubnih po\u017euda koje vode u propast."
                },
                "10": {
                    "verse_nr": "10",
                    "verse": "Ljubav prema novcu uzrok je svakog zla. Neki su toliko voljeli novac da su skrenuli s puta vjere i nanijeli sebi mnogo boli."
                },
                "11": {
                    "verse_nr": "11",
                    "verse": "Ali ti, Bo\u017eji \u010dovje\u010de, izbjegavaj sve to. Te\u017ei za pravedno\u0161\u0107u, pobo\u017eno\u0161\u0107u, vjerom, ljubavlju, strpljivo\u0161\u0107u i blago\u0161\u0107u."
                },
                "12": {
                    "verse_nr": "12",
                    "verse": "Bori se da o\u010duva\u0161 vjeru! Osvoji vje\u010dni \u017eivot, na koji si pozvan kad si ispred mnogih svjedoka dao lijepo priznanje istine!"
                },
                "13": {
                    "verse_nr": "13",
                    "verse": "Zapovijedam ti pred Bogom, koji svemu daje \u017eivot, i pred Isusom Kristom, koji je svjedo\u010dio pred Poncijem Pilatom tu istu istinu:"
                },
                "14": {
                    "verse_nr": "14",
                    "verse": "izvr\u0161avaj \u0161to ti je nare\u0111eno da ostane\u0161 \u010dist i besprijekoran dok se na\u0161 Gospodin Isus Krist ne vrati."
                },
                "15": {
                    "verse_nr": "15",
                    "verse": "To \u0107e u pravo vrijeme ostvariti Bog, blagoslovljeni i jedini Vladar, Kralj nad kraljevima i Gospodar nad gospodarima."
                },
                "16": {
                    "verse_nr": "16",
                    "verse": "On je jedini besmrtan i \u017eivi u nepristupa\u010dnom svjetlu. Njega nitko nikada nije vidio niti ga mo\u017ee vidjeti. Njemu zauvijek pripada sva \u010dast i mo\u0107. Amen."
                },
                "17": {
                    "verse_nr": "17",
                    "verse": "Zapovjedi onima koji su bogati stvarima ovoga svijeta da ne budu bahati. Neka ne pola\u017eu svoje nade u nesigurno bogatstvo, nego u Boga koji nas bogato opskrbljuje svime da u\u017eivamo."
                },
                "18": {
                    "verse_nr": "18",
                    "verse": "Neka \u010dine dobro, da budu bogati dobrim djelima, da budu velikodu\u0161ni i spremni podijeliti ono \u0161to imaju s drugima."
                },
                "19": {
                    "verse_nr": "19",
                    "verse": "Tako \u0107e skupljati za sebe nebesko blago, \u010dvrst temelj za budu\u0107nost, i u\u017eivati u istinskom \u017eivotu."
                },
                "20": {
                    "verse_nr": "20",
                    "verse": "Timoteju, \u010duvaj ono \u0161to ti je povjereno! Izbjegavaj isprazno svjetovno brbljanje i u\u010denja suprotna istini koja la\u017eno nazivaju \u00bbspoznajom\u00ab."
                },
                "21": {
                    "verse_nr": "21",
                    "verse": "Neki koji su prihvatili tu \u00bbspoznaju\u00ab odlutali su od vjere. Bo\u017eja milost neka bude sa svima vama!"
                }
            }
        }
    }
}