{
    "version": "shp",
    "book_name": "Philippians",
    "book_nr": "50",
    "book": {
        "1": {
            "chapter_nr": "1",
            "chapter": {
                "1": {
                    "verse_nr": "1",
                    "verse": "Od Pavla i Timoteja, slugu Isusa Krista. Svim Bo\u017ejim svetima u Isusu Kristu, koji \u017eive u Filipima, svim va\u0161im starje\u0161inama i posebnim slu\u017ebenicima."
                },
                "2": {
                    "verse_nr": "2",
                    "verse": "Neka milost i mir od Boga, na\u0161ega Oca, i na\u0161ega Gospodina Isusa Krista, budu s vama."
                },
                "3": {
                    "verse_nr": "3",
                    "verse": "Pavlova molitva - Zahvaljujem svom Bogu svaki put kad vas se sjetim."
                },
                "4": {
                    "verse_nr": "4",
                    "verse": "Uvijek i u svakoj molitvi s rado\u0161\u0107u molim za vas."
                },
                "5": {
                    "verse_nr": "5",
                    "verse": "Zahvaljujem Bogu na pomo\u0107i koju ste mi pru\u017eili\u2014od prvog dana do sada\u2014u \u0161irenju Radosne vijesti."
                },
                "6": {
                    "verse_nr": "6",
                    "verse": "Bog je u vama po\u010deo \u010diniti dobra djela i tako \u0107e i nastaviti sve do dana dolaska Isusa Krista, kad njegovo djelo u vama bude dovr\u0161eno. U to sam posve siguran."
                },
                "7": {
                    "verse_nr": "7",
                    "verse": "Sve vas nosim u srcu, stoga je i ispravno \u0161to o vama mislim sve ovo. Vi sa mnom dijelite milost koju mi je dao Bog, kako u zatvoru tako i u obrani te dokazivanju Radosne vijesti."
                },
                "8": {
                    "verse_nr": "8",
                    "verse": "Bog mi je svjedok da \u010deznem za svima vama ljubavlju Isusa Krista."
                },
                "9": {
                    "verse_nr": "9",
                    "verse": "Ovo molim za vas: da va\u0161a ljubav sve vi\u0161e raste; da je prati potpuna spoznaja i dubok uvid,"
                },
                "10": {
                    "verse_nr": "10",
                    "verse": "kako biste mogli razaznati dobro od zla i izabrati najbolje, da budete \u010disti i besprijekorni na dan Kristovog dolaska."
                },
                "11": {
                    "verse_nr": "11",
                    "verse": "I da Isus Krist u vama proizvede plod\u2014pravedan \u017eivot, koji \u0107e biti na slavu i hvalu Bogu."
                },
                "12": {
                    "verse_nr": "12",
                    "verse": "Pavlove nevolje - Bra\u0107o i sestre, \u017eelim da znate da je ovo \u0161to mi se dogodilo zapravo pospje\u0161ilo napredovanje Radosne vijesti."
                },
                "13": {
                    "verse_nr": "13",
                    "verse": "O\u010dito je da sam u zatvoru zbog vjere u Krista, a to sada znaju i svi stra\u017eari, kao i ostali."
                },
                "14": {
                    "verse_nr": "14",
                    "verse": "Uz to, ve\u0107ina bra\u0107e i sestara u Gospodinu ohrabrena je mojim zato\u010deni\u0161tvom i usu\u0111uje se sve vi\u0161e bez straha govoriti poruku o Kristu."
                },
                "15": {
                    "verse_nr": "15",
                    "verse": "Istina je da neki propovijedaju Krista iz zavisti i zbog nadmetanja, a drugi iz dobre volje."
                },
                "16": {
                    "verse_nr": "16",
                    "verse": "Oni koji su potaknuti ljubavlju, propovijedaju jer znaju da sam ovamo postavljen da branim Radosnu vijest."
                },
                "17": {
                    "verse_nr": "17",
                    "verse": "No ostali propovijedaju Krista iz sebi\u010dnih pobuda, neiskreno, jer misle da \u0107e mi tako prouzro\u010diti nevolje dok sam u zatvoru."
                },
                "18": {
                    "verse_nr": "18",
                    "verse": "No nije va\u017eno. Va\u017eno je to da se, bilo ovako ili onako, bilo s lo\u0161im ili dobrim pobudama, propovijeda o Kristu. Tome se veselim i veselit \u0107u se."
                },
                "19": {
                    "verse_nr": "19",
                    "verse": "Znam da \u0107u iz ovih nevolja biti izbavljen jer vi molite za mene, a Duh Isusa Krista daje mi snagu."
                },
                "20": {
                    "verse_nr": "20",
                    "verse": "Moja iskrena \u017eelja i nada je da se ne\u0107u ni u kojem slu\u010daju posramiti, nego da \u0107u imati dostatnu hrabrost da sada, kao i uvijek, poka\u017eem Kristovu uzvi\u0161enost u svom \u017eivotu ovdje na Zemlji, bez obzira na to ho\u0107u li \u017eivjeti ili umrijeti."
                },
                "21": {
                    "verse_nr": "21",
                    "verse": "Za mene je \u017eivjeti Krist, a umrijeti dobitak."
                },
                "22": {
                    "verse_nr": "22",
                    "verse": "No nastaviti \u017eivjeti u tijelu za mene zna\u010di raditi za Gospodina. Stoga, ne znam \u0161to izabrati."
                },
                "23": {
                    "verse_nr": "23",
                    "verse": "Te\u017eak je to izbor. \u017delim oti\u0107i i biti s Kristom jer bi to bilo mnogo, mnogo bolje,"
                },
                "24": {
                    "verse_nr": "24",
                    "verse": "ali moj ostanak ovdje u tijelu potrebniji je radi va\u0161e dobrobiti."
                },
                "25": {
                    "verse_nr": "25",
                    "verse": "Budu\u0107i da sam u to uvjeren, znam da \u0107u ostati i dalje sa svima vama te vam pomo\u0107i da napredujete i radujete se u vjeri."
                },
                "26": {
                    "verse_nr": "26",
                    "verse": "Tako \u0107ete imati jo\u0161 vi\u0161e razloga da se ponosite mnome u Isusu Kristu kad ponovo budem s vama."
                },
                "27": {
                    "verse_nr": "27",
                    "verse": "Samo \u017eivite dostojno Kristove Radosne vijesti. Onda \u0107u\u2014bilo da do\u0111em i vidim vas ili da sam odsutan\u2014\u010duti o vama dobre vijesti, kako ste postojani u jednom duhu i kako se borite kao jedan za vjeru koju sadr\u017ei Radosna vijest."
                },
                "28": {
                    "verse_nr": "28",
                    "verse": "\u010cut \u0107u da vas ni na koji na\u010din nisu zastra\u0161ili oni koji vam se suprotstavljaju. To je njima o\u010diti dokaz da \u0107e biti uni\u0161teni, a vi spa\u0161eni. I taj je dokaz od Boga."
                },
                "29": {
                    "verse_nr": "29",
                    "verse": "Jer, vi ste dobili tu \u010dast, ne samo da vjerujete u Krista nego i da trpite za njega."
                },
                "30": {
                    "verse_nr": "30",
                    "verse": "Uklju\u010deni ste u istu borbu za koju znate da sam i ja vodio i za koju \u010dujete da je i sada vodim."
                }
            }
        },
        "2": {
            "chapter_nr": "2",
            "chapter": {
                "1": {
                    "verse_nr": "1",
                    "verse": "Jedinstvo i briga za bli\u017enje - Ako imate ohrabrenje u zajedni\u0161tvu s Kristom, ako imate utjehu u njegovoj ljubavi, ako imate zajedni\u0161tvo s Duhom, nje\u017enost i suosje\u0107ajnost,"
                },
                "2": {
                    "verse_nr": "2",
                    "verse": "u\u010dinite da moja radost bude potpuna\u2014imajte istu misao i budite ujedinjeni u ljubavi jedni prema drugima, me\u0111usobno se sla\u017eite i stremite istome cilju."
                },
                "3": {
                    "verse_nr": "3",
                    "verse": "Ne \u010dinite ni\u0161ta iz sebi\u010dnosti ni iz ponosa. Nego, u poniznosti, smatrajte jedan drugoga boljim od sebe."
                },
                "4": {
                    "verse_nr": "4",
                    "verse": "Neka nitko ne gleda samo vlastitu korist nego i korist drugih."
                },
                "5": {
                    "verse_nr": "5",
                    "verse": "Razmi\u0161ljajte i \u017eivite onako kako je razmi\u0161ljao i \u017eivio Isus Krist."
                },
                "6": {
                    "verse_nr": "6",
                    "verse": "Krist je po svojoj prirodi bio Bog. Bio je jednak Bogu. No nije smatrao da tu jednakost s Bogom mora zadr\u017eati,"
                },
                "7": {
                    "verse_nr": "7",
                    "verse": "nego se odrekao svega. Uzeo je narav sluge i postao sli\u010dan ljudima. Postao je \u010dovjek."
                },
                "8": {
                    "verse_nr": "8",
                    "verse": "Ponizio se i ostao poslu\u0161an sve do smrti, i to smrti na kri\u017eu."
                },
                "9": {
                    "verse_nr": "9",
                    "verse": "Zato ga je Bog uzdignuo na najvi\u0161e mjesto i dao mu ime koje je iznad svakoga drugog imena,"
                },
                "10": {
                    "verse_nr": "10",
                    "verse": "kako bi se sva bi\u0107a poklonila Isusovom imenu \u2014ona na Nebu, ona na Zemlji i ona pod zemljom."
                },
                "11": {
                    "verse_nr": "11",
                    "verse": "I kako bi svatko priznao, na slavu Boga Oca: Isus Krist je Gospodin!"
                },
                "12": {
                    "verse_nr": "12",
                    "verse": "Ustrajte u spasenju - Dragi moji prijatelji, uvijek ste me slu\u0161ali dok sam bio s vama. Zato sada, kad nisam s vama, budite jo\u0161 poslu\u0161niji i s ozbiljno\u0161\u0107u i strahopo\u0161tovanjem prema Bogu ustrajte \u017eivjeti tako da napredujete u svojem spasenju."
                },
                "13": {
                    "verse_nr": "13",
                    "verse": "Bog u vama stvara \u017eelju da \u010dinite ono \u0161to je njemu po volji i daje vam snagu za to."
                },
                "14": {
                    "verse_nr": "14",
                    "verse": "\u010cinite sve bez prigovora i raspravljanja,"
                },
                "15": {
                    "verse_nr": "15",
                    "verse": "da budete nedu\u017eni i \u010disti\u2014Bo\u017eja besprijekorna djeca usred zlih, izopa\u010denih ljudi. Vi sjajite me\u0111u njima poput zvijezda u svemiru."
                },
                "16": {
                    "verse_nr": "16",
                    "verse": "Vi im pru\u017eate poruku koja donosi \u017eivot, da se na dan Kristovog dolaska ponosim vama, kad vidim da nisam uzalud tr\u010dao i da se nisam uzalud trudio."
                },
                "17": {
                    "verse_nr": "17",
                    "verse": "Pa \u010dak i ako se moj \u017eivot mora izliti kao \u017ertva za va\u0161u vjeru, veselim se i dijelim svoju radost s vama."
                },
                "18": {
                    "verse_nr": "18",
                    "verse": "Isto tako i vi budite sretni i dijelite svoju radost sa mnom."
                },
                "19": {
                    "verse_nr": "19",
                    "verse": "Timotej i Epafrodit - Ako bude Bo\u017eja volja, nadam se da \u0107u vam uskoro poslati Timoteja kako bih se ohrabrio vijestima o vama."
                },
                "20": {
                    "verse_nr": "20",
                    "verse": "Nemam drugog istomi\u0161ljenika koji iskreno brine za vas."
                },
                "21": {
                    "verse_nr": "21",
                    "verse": "Svi drugi tra\u017ee samo svoju korist, a ne korist Isusa Krista."
                },
                "22": {
                    "verse_nr": "22",
                    "verse": "A vi znate da se on dokazao i da je radio sa mnom u \u0161irenju Radosne vijesti te mi slu\u017eio kao \u0161to sin slu\u017ei ocu."
                },
                "23": {
                    "verse_nr": "23",
                    "verse": "Zato se nadam da \u0107u vam ga poslati \u010dim saznam \u0161to \u0107e biti sa mnom."
                },
                "24": {
                    "verse_nr": "24",
                    "verse": "Vjerujem da \u0107u, uz Gospodinovu pomo\u0107, i s\u00e2m uskoro do\u0107i."
                },
                "25": {
                    "verse_nr": "25",
                    "verse": "Smatram potrebnim poslati vam Epafrodita, svoga brata, suradnika i suborca u vjeri, kojeg ste poslali da mi pomogne u potrebama,"
                },
                "26": {
                    "verse_nr": "26",
                    "verse": "jer on \u010dezne biti sa svima vama. Zabrinuo se jer ste \u010duli da se razbolio."
                },
                "27": {
                    "verse_nr": "27",
                    "verse": "Uistinu je bio bolestan, na rubu smrti, ali Bog mu je bio milostiv\u2014i ne samo njemu nego i meni\u2014kako se ne bih jo\u0161 vi\u0161e \u017ealostio."
                },
                "28": {
                    "verse_nr": "28",
                    "verse": "Zato ga \u017eelim \u0161to prije poslati da se mo\u017eete ponovo radovati kad ga vidite, a ja \u0107u se prestati brinuti za vas."
                },
                "29": {
                    "verse_nr": "29",
                    "verse": "Primite ga, dakle, u Gospodinu, sa svom rado\u0161\u0107u, po\u0161tuju\u0107i takve ljude."
                },
                "30": {
                    "verse_nr": "30",
                    "verse": "On je umalo umro u radu za Krista. Izlo\u017eio se smrtnoj opasnosti kako bi nadopunio \u0161to je nedostajalo pomo\u0107i koju ste mi poslali."
                }
            }
        },
        "3": {
            "chapter_nr": "3",
            "chapter": {
                "1": {
                    "verse_nr": "1",
                    "verse": "Krist\u2014najdragocjeniji od svega - Dakle, bra\u0107o moja i sestre, radujte se u zajedni\u0161tvu s Gospodinom. Meni nije te\u0161ko pisati iste stvari, a vama \u0107e pomo\u0107i da budete sigurniji."
                },
                "2": {
                    "verse_nr": "2",
                    "verse": "\u010cuvajte se \u00bbpasa\u00ab, onih koji \u010dine zlo. \u010cuvajte se onih \u0161to tra\u017ee obrezanje tijela."
                },
                "3": {
                    "verse_nr": "3",
                    "verse": "Jer, mi smo istinski obrezani. Mi, koji \u0161tujemo Boga po njegovom Duhu i ponosimo se jedino Isusom Kristom, i ne pouzdajemo se u sebe i u ono \u0161to mo\u017eemo u\u010diniti svojim snagama."
                },
                "4": {
                    "verse_nr": "4",
                    "verse": "Iako ja s\u00e2m imam razloga vjerovati u sebe, ipak u sebe ne vjerujem. Ako netko misli da ima razloga vjerovati u sebe, taj mora znati da ja imam jo\u0161 vi\u0161e razloga vjerovati u sebe."
                },
                "5": {
                    "verse_nr": "5",
                    "verse": "Obrezan sam osmoga dana nakon ro\u0111enja. Potje\u010dem iz izraelskog naroda, iz Benjaminovog plemena. Hebrej sam od hebrejskih roditelja. \u0160to se ti\u010de Zakona, farizej sam. Po pravednosti u Zakonu\u2014besprijekoran."
                },
                "6": {
                    "verse_nr": "6",
                    "verse": "Bio sam u tolikom vjerskom zanosu da sam progonio Crkvu. Nitko mi ne mo\u017ee prigovoriti da nisam potpuno izvr\u0161avao Zakon i prema njemu bio pravedan."
                },
                "7": {
                    "verse_nr": "7",
                    "verse": "Tada je to u mojim o\u010dima imalo vrijednost, a sada, radi Krista, smatram to bezvrijednim."
                },
                "8": {
                    "verse_nr": "8",
                    "verse": "I ne samo to, nego smatram da je sve bezvrijedno u usporedbi s najve\u0107om vrijedno\u0161\u0107u, spoznajom Isusa, moga Gospodina. Sve sam ostavio radi Krista. Sve \u0161to sam smatrao va\u017enim smatram sme\u0107em, samo da dobijem Krista"
                },
                "9": {
                    "verse_nr": "9",
                    "verse": "i da pripadam njemu\u2014ne pravedno\u0161\u0107u koju mogu proizvesti dr\u017ee\u0107i Zakon, nego pravedno\u0161\u0107u koja dolazi od Boga, po vjeri u Krista. Bog me \u010dini pravednim kroz vjeru u Krista."
                },
                "10": {
                    "verse_nr": "10",
                    "verse": "Sve \u0161to \u017eelim je poznavati Krista i iskusiti snagu koja ga je podigla iz mrtvih. \u017delim imati udjela u njegovim patnjama i postati jedno s njim, \u010dak i u njegovoj smrti,"
                },
                "11": {
                    "verse_nr": "11",
                    "verse": "kako bih postigao uskrsnu\u0107e od mrtvih."
                },
                "12": {
                    "verse_nr": "12",
                    "verse": "Ustrajno do cilja - Jo\u0161 to nisam postigao i nisam jo\u0161 postao savr\u0161en, ali ustrajno nastojim osvojiti taj cilj jer je Krist osvojio mene."
                },
                "13": {
                    "verse_nr": "13",
                    "verse": "Bra\u0107o i sestre, ne smatram da sam osvojio cilj, ali jedno neprestano radim: zaboravljam ono \u0161to je iza mene i napre\u017eem se prema onome ispred mene."
                },
                "14": {
                    "verse_nr": "14",
                    "verse": "Tr\u010dim prema cilju da osvojim nagradu za koju nas je Bog odozgo pozvao u Isusu Kristu."
                },
                "15": {
                    "verse_nr": "15",
                    "verse": "Svi mi, koji smo zreli, tako razmi\u0161ljamo. A ako u ne\u010demu razmi\u0161ljate druk\u010dije, Bog \u0107e vam to razjasniti."
                },
                "16": {
                    "verse_nr": "16",
                    "verse": "Samo nastavimo slijediti istu istinu koju smo ve\u0107 nau\u010dili."
                },
                "17": {
                    "verse_nr": "17",
                    "verse": "Bra\u0107o i sestre, nastojte \u017eivjeti poput mene. U\u010dite, pozorno promatraju\u0107i one koji \u017eive onako kako smo vam pokazali."
                },
                "18": {
                    "verse_nr": "18",
                    "verse": "Jer, kao \u0161to sam vam ve\u0107 mnogo puta rekao, a i sada pla\u010du\u0107i ponavljam, mnogi se pona\u0161aju kao neprijatelji Kristovoga kri\u017ea."
                },
                "19": {
                    "verse_nr": "19",
                    "verse": "Njihov ih na\u010din \u017eivota osu\u0111uje na uni\u0161tenje; bog im je njihov \u017eeludac i ponose se onim \u010dega bi se trebalo stidjeti. Misle samo na zemaljske stvari,"
                },
                "20": {
                    "verse_nr": "20",
                    "verse": "a na\u0161a je domovina na Nebu. Odatle i o\u010dekujemo Spasitelja, Gospodina Isusa Krista."
                },
                "21": {
                    "verse_nr": "21",
                    "verse": "On \u0107e promijeniti na\u0161a slaba tijela i u\u010diniti ih sli\u010dnima svome slavnom tijelu, snagom kojom sve mo\u017ee podvrgnuti sebi."
                }
            }
        },
        "4": {
            "chapter_nr": "4",
            "chapter": {
                "1": {
                    "verse_nr": "1",
                    "verse": "Zavr\u0161ne upute - Zato, draga moja bra\u0107o i sestre za kojima \u010deznem, moja radosti i kruno, \u010dvrsto stojte u Gospodinu, kako sam vam rekao."
                },
                "2": {
                    "verse_nr": "2",
                    "verse": "Zapovijedam Evodiji i Sintihi da budu slo\u017ene u Gospodinu."
                },
                "3": {
                    "verse_nr": "3",
                    "verse": "Molim i tebe, moj vjerni suradni\u010de, pomozi tim \u017eenama. One su se sa mnom borile u \u0161irenju Radosne vijesti, zajedno s Klementom i ostalim mojim suradnicima. Njihova su imena upisana u Knjigu \u017eivota."
                },
                "4": {
                    "verse_nr": "4",
                    "verse": "Uvijek se radujte u Gospodinu!"
                },
                "5": {
                    "verse_nr": "5",
                    "verse": "Re\u0107i \u0107u ponovo: radujte se! Neka va\u0161a blagost bude poznata svim ljudima. Gospodin je blizu!"
                },
                "6": {
                    "verse_nr": "6",
                    "verse": "Ne brinite se tjeskobno ni za \u0161to, ve\u0107 molite i tra\u017eite od Boga sve \u0161to vam treba. A kad molite, uvijek i zahvaljujte,"
                },
                "7": {
                    "verse_nr": "7",
                    "verse": "i Bo\u017eji mir, koji je iznad svakog ljudskog razmi\u0161ljanja, \u010duvat \u0107e va\u0161a srca i va\u0161e misli u Isusu Kristu."
                },
                "8": {
                    "verse_nr": "8",
                    "verse": "Na kraju, bra\u0107o i sestre, ispunite svoje misli onim \u0161to je istinito, \u0161to je plemenito, pravedno, \u010disto, ljubazno i hvale vrijedno."
                },
                "9": {
                    "verse_nr": "9",
                    "verse": "Sve \u0161to ste nau\u010dili i primili, sve \u0161to ste \u010duli i vidjeli da ja radim, nastavite i vi raditi. I Bog, izvor mira, bit \u0107e s vama."
                },
                "10": {
                    "verse_nr": "10",
                    "verse": "Zahvale - Bio sam vrlo sretan u Gospodinu jer ste ponovo pokazali svoju brigu za mene. Naravno, uvijek ste se brinuli za mene, ali niste to imali prilike pokazati."
                },
                "11": {
                    "verse_nr": "11",
                    "verse": "Ne govorim vam to natjeran oskudicom, jer sam nau\u010dio biti zadovoljan u svim situacijama."
                },
                "12": {
                    "verse_nr": "12",
                    "verse": "Znam \u017eivjeti i u oskudici i u obilju. U svako doba i u svim okolnostima nau\u010dio sam kako biti sit i kako biti gladan, obilovati i oskudijevati."
                },
                "13": {
                    "verse_nr": "13",
                    "verse": "Sve mogu u Kristu zbog snage koju mi daje."
                },
                "14": {
                    "verse_nr": "14",
                    "verse": "Bilo kako bilo, dobro ste u\u010dinili \u0161to ste sudjelovali u mojoj nevolji."
                },
                "15": {
                    "verse_nr": "15",
                    "verse": "Vi, Filipljani, i sami znate da ste u ranim danima propovijedanja Radosne vijesti, kad sam napustio Makedoniju, bili jedina crkva koja mi je pru\u017eila pomo\u0107."
                },
                "16": {
                    "verse_nr": "16",
                    "verse": "Nekoliko ste mi puta poslali \u0161to mi je trebalo dok sam bio u Solunu."
                },
                "17": {
                    "verse_nr": "17",
                    "verse": "Ne pri\u017eeljkujem ja va\u0161e darove, nego pri\u017eeljkujem da vi primite nagradu za svoje davanje."
                },
                "18": {
                    "verse_nr": "18",
                    "verse": "Svega imam dovoljno i jo\u0161 mi pretje\u010de otkako sam od Epafrodita primio dar koji ste poslali\u2014prihvatljivu \u017ertvu, slatkog mirisa, ugodnu Bogu."
                },
                "19": {
                    "verse_nr": "19",
                    "verse": "A moj \u0107e Bog kroz Isusa Krista ispuniti svaku va\u0161u potrebu prema svom rasko\u0161nome bogatstvu."
                },
                "20": {
                    "verse_nr": "20",
                    "verse": "Na\u0161em Bogu i Ocu slava zauvijek. Amen."
                },
                "21": {
                    "verse_nr": "21",
                    "verse": "Pozdravite sve Bo\u017eje ljude u Isusu Kristu. Bra\u0107a, koja su sa mnom, pozdravljaju vas."
                },
                "22": {
                    "verse_nr": "22",
                    "verse": "Pozdravljaju vas svi Bo\u017eji ljudi, posebno oni iz carske pala\u010de."
                },
                "23": {
                    "verse_nr": "23",
                    "verse": "Neka milost na\u0161ega Gospodina Isusa Krista bude sa svima vama!"
                }
            }
        }
    }
}