{
    "version": "schlachter1951",
    "book_name": "1 Timothy",
    "book_nr": "54",
    "book": {
        "1": {
            "chapter_nr": 1,
            "chapter": {
                "1": {
                    "verse_nr": 1,
                    "verse": "Paulus, Apostel Jesu Christi auf Befehl Gottes, unsres Retters, und Christi Jesu, unsrer Hoffnung,\n"
                },
                "2": {
                    "verse_nr": 2,
                    "verse": "an Timotheus, seinen echten Sohn im Glauben: Gnade, Barmherzigkeit, Friede von Gott, unsrem Vater und Christus Jesus, unsrem Herrn!\n"
                },
                "3": {
                    "verse_nr": 3,
                    "verse": "Wie ich dich bei meiner Abreise nach Mazedonien ermahnte, in Ephesus zu bleiben, damit du etlichen Leuten gebietest, nichts anderes zu lehren,\n"
                },
                "4": {
                    "verse_nr": 4,
                    "verse": "auch nicht auf Legenden und endlose Geschlechtsregister zu achten, welche mehr Streitfragen hervorbringen als g\u00f6ttliche Erbauung im Glauben;\n"
                },
                "5": {
                    "verse_nr": 5,
                    "verse": "und doch ist der Endzweck des Gebotes Liebe aus reinem Herzen und gutem Gewissen und ungeheucheltem Glauben.\n"
                },
                "6": {
                    "verse_nr": 6,
                    "verse": "Dieses Ziel haben etliche verfehlt und sich unn\u00fctzem Geschw\u00e4tz zugewandt,\n"
                },
                "7": {
                    "verse_nr": 7,
                    "verse": "wollen Gesetzeslehrer sein und bedenken nicht, was sie sagen oder was sie behaupten.\n"
                },
                "8": {
                    "verse_nr": 8,
                    "verse": "Wir wissen aber, da\u00df das Gesetz gut ist, wenn man es gesetzm\u00e4\u00dfig braucht und ber\u00fccksichtigt,\n"
                },
                "9": {
                    "verse_nr": 9,
                    "verse": "da\u00df einem Gerechten kein Gesetz auferlegt ist, sondern Gesetzlosen und Unbotm\u00e4\u00dfigen, Gottlosen und S\u00fcndern, Unheiligen und Gemeinen, solchen, die Vater und Mutter mi\u00dfhandeln, Menschen t\u00f6ten,\n"
                },
                "10": {
                    "verse_nr": 10,
                    "verse": "Unz\u00fcchtigen, Knabensch\u00e4ndern, Menschenr\u00e4ubern, L\u00fcgnern, Meineidigen und was sonst der gesunden Lehre zuwider ist,\n"
                },
                "11": {
                    "verse_nr": 11,
                    "verse": "nach dem Evangelium der Herrlichkeit des seligen Gottes, mit welchem ich betraut worden bin.\n"
                },
                "12": {
                    "verse_nr": 12,
                    "verse": "Und darum danke ich dem, der mir Kraft verliehen hat, Christus Jesus, unsrem Herrn, da\u00df er mich treu erachtet und in den Dienst eingesetzt hat,\n"
                },
                "13": {
                    "verse_nr": 13,
                    "verse": "der ich zuvor ein L\u00e4sterer und Verfolger und Frevler war. Aber mir ist Erbarmung widerfahren, weil ich es unwissend, im Unglauben getan habe.\n"
                },
                "14": {
                    "verse_nr": 14,
                    "verse": "ber alle Ma\u00dfen gro\u00df aber wurde die Gnade unsres Herrn samt dem Glauben und der Liebe, die in Christus Jesus ist.\n"
                },
                "15": {
                    "verse_nr": 15,
                    "verse": "Glaubw\u00fcrdig ist das Wort und aller Annahme wert, da\u00df Christus Jesus in die Welt gekommen ist, um S\u00fcnder zu retten, von denen ich der Erste bin.\n"
                },
                "16": {
                    "verse_nr": 16,
                    "verse": "Aber darum ist mir Erbarmung widerfahren, damit an mir zuerst Jesus Christus alle Geduld erzeige, zum Beispiel denen, die an ihn glauben w\u00fcrden zum ewigen Leben.\n"
                },
                "17": {
                    "verse_nr": 17,
                    "verse": "Dem K\u00f6nig der Ewigkeit aber, dem unverg\u00e4nglichen, unsichtbaren, allein weisen Gott, sei Ehre und Ruhm von Ewigkeit zu Ewigkeit! Amen.\n"
                },
                "18": {
                    "verse_nr": 18,
                    "verse": "Dieses Gebot vertraue ich dir an, mein Sohn Timotheus, gem\u00e4\u00df den fr\u00fcher \u00fcber dich ergangenen Weissagungen, damit du in denselben den guten Kampf k\u00e4mpfest, den Glauben und ein gutes Gewissen bewahrest.\n"
                },
                "19": {
                    "verse_nr": 19,
                    "verse": "Dieses haben etliche von sich gesto\u00dfen und darum am Glauben Schiffbruch gelitten.\n"
                },
                "20": {
                    "verse_nr": 20,
                    "verse": "Unter ihnen sind Hymen\u00e4us und Alexander, welche ich dem Satan \u00fcbergeben habe, damit sie gez\u00fcchtigt werden, nicht mehr zu l\u00e4stern.\n"
                }
            }
        },
        "2": {
            "chapter_nr": 2,
            "chapter": {
                "1": {
                    "verse_nr": 1,
                    "verse": "So ermahne ich nun, da\u00df man vor allen Dingen Bitten, Gebete, F\u00fcrbitten und Danksagungen f\u00fcr alle Menschen darbringe,\n"
                },
                "2": {
                    "verse_nr": 2,
                    "verse": "f\u00fcr K\u00f6nige und alle, die in hervorragender Stellung sind, damit wir ein ruhiges und stilles Leben f\u00fchren k\u00f6nnen in aller Gottseligkeit und Ehrbarkeit;\n"
                },
                "3": {
                    "verse_nr": 3,
                    "verse": "denn solches ist gut und angenehm vor Gott unsrem Retter,\n"
                },
                "4": {
                    "verse_nr": 4,
                    "verse": "welcher will, da\u00df alle Menschen gerettet werden und zur Erkenntnis der Wahrheit kommen.\n"
                },
                "5": {
                    "verse_nr": 5,
                    "verse": "Denn es ist ein Gott und ein Mittler zwischen Gott und den Menschen, der Mensch Christus Jesus,\n"
                },
                "6": {
                    "verse_nr": 6,
                    "verse": "der sich selbst als L\u00f6segeld f\u00fcr alle gegeben hat. Das ist das Zeugnis zur rechten Zeit,\n"
                },
                "7": {
                    "verse_nr": 7,
                    "verse": "f\u00fcr welches ich eingesetzt wurde als Prediger und Apostel (ich sage die Wahrheit und l\u00fcge nicht), als Lehrer der Heiden im Glauben und in der Wahrheit.\n"
                },
                "8": {
                    "verse_nr": 8,
                    "verse": "So will ich nun, da\u00df die M\u00e4nner an jedem Ort beten, indem sie heilige H\u00e4nde aufheben ohne Zorn und Zweifel;\n"
                },
                "9": {
                    "verse_nr": 9,
                    "verse": "ebenso, da\u00df die Frauen in sittsamem Gewande mit Schamhaftigkeit und Zucht sich schm\u00fccken, nicht mit Haarflechten oder Gold oder Perlen oder kostbarer Kleidung,\n"
                },
                "10": {
                    "verse_nr": 10,
                    "verse": "sondern, wie es sich f\u00fcr Frauen geziemt, welche sich zur Gottesfurcht bekennen, durch gute Werke.\n"
                },
                "11": {
                    "verse_nr": 11,
                    "verse": "Eine Frau lerne in der Stille, in aller Unterordnung.\n"
                },
                "12": {
                    "verse_nr": 12,
                    "verse": "Einer Frau aber gestatte ich das Lehren nicht, auch nicht da\u00df sie \u00fcber den Mann herrsche, sondern sie soll sich still verhalten.\n"
                },
                "13": {
                    "verse_nr": 13,
                    "verse": "Denn Adam wurde zuerst gebildet, darnach Eva.\n"
                },
                "14": {
                    "verse_nr": 14,
                    "verse": "Und Adam wurde nicht verf\u00fchrt, das Weib aber wurde verf\u00fchrt und geriet in \u00dcbertretung;\n"
                },
                "15": {
                    "verse_nr": 15,
                    "verse": "sie soll aber gerettet werden durch Kindergeb\u00e4ren, wenn sie bleiben im Glauben und in der Liebe und in der Heiligung samt der Zucht.\n"
                }
            }
        },
        "3": {
            "chapter_nr": 3,
            "chapter": {
                "1": {
                    "verse_nr": 1,
                    "verse": "Glaubw\u00fcrdig ist das Wort: Wer nach einem Aufseheramt trachtet, der begehrt eine sch\u00f6ne Wirksamkeit.\n"
                },
                "2": {
                    "verse_nr": 2,
                    "verse": "Nun soll aber ein Aufseher untadelig sein, eines Weibes Mann, n\u00fcchtern, besonnen, ehrbar, gastfrei, lehrt\u00fcchtig;\n"
                },
                "3": {
                    "verse_nr": 3,
                    "verse": "kein Trinker, kein Raufbold, sondern gelinde, nicht h\u00e4ndels\u00fcchtig, nicht habs\u00fcchtig;\n"
                },
                "4": {
                    "verse_nr": 4,
                    "verse": "einer, der seinem eigenen Hause wohl vorsteht und die Kinder mit aller W\u00fcrde in Schranken h\u00e4lt\n"
                },
                "5": {
                    "verse_nr": 5,
                    "verse": "wenn aber jemand seinem eigenen Hause nicht vorzustehen wei\u00df, wie wird er f\u00fcr die Gemeinde Gottes sorgen?\n"
                },
                "6": {
                    "verse_nr": 6,
                    "verse": "kein Neuling, damit er nicht aufgeblasen werde und dem Gericht des Teufels verfalle.\n"
                },
                "7": {
                    "verse_nr": 7,
                    "verse": "Er mu\u00df aber auch ein gutes Zeugnis haben von denen au\u00dferhalb der Gemeinde , damit er nicht der L\u00e4sterung und der Schlinge des Teufels verfalle.\n"
                },
                "8": {
                    "verse_nr": 8,
                    "verse": "Gleicherweise sollen auch die Diakonen ehrbar sein, nicht doppelz\u00fcngig, nicht vielem Weingenu\u00df ergeben, nicht gewinns\u00fcchtig;\n"
                },
                "9": {
                    "verse_nr": 9,
                    "verse": "sie sollen das Geheimnis des Glaubens in reinem Gewissen bewahren.\n"
                },
                "10": {
                    "verse_nr": 10,
                    "verse": "Und diese soll man zuerst pr\u00fcfen; dann m\u00f6gen sie dienen, wenn sie untadelig sind.\n"
                },
                "11": {
                    "verse_nr": 11,
                    "verse": "Ihre Frauen sollen ebenfalls ehrbar sein, nicht verleumderisch, sondern n\u00fcchtern, treu in allem.\n"
                },
                "12": {
                    "verse_nr": 12,
                    "verse": "Die Diakonen sollen jeder nur eine Frau haben, ihren Kindern und ihrem Hause wohl vorstehen;\n"
                },
                "13": {
                    "verse_nr": 13,
                    "verse": "denn wenn sie ihren Dienst wohl versehen, erwerben sie sich selbst eine sch\u00f6ne Stufe und viel Freim\u00fctigkeit im Glauben in Christus Jesus.\n"
                },
                "14": {
                    "verse_nr": 14,
                    "verse": "Solches schreibe ich dir in der Hoffnung, bald zu dir zu kommen,\n"
                },
                "15": {
                    "verse_nr": 15,
                    "verse": "falls ich aber verz\u00f6ge, damit du wissest, wie man wandeln soll im Hause Gottes, welches die Gemeinde des lebendigen Gottes ist, Pfeiler und Grundfeste der Wahrheit.\n"
                },
                "16": {
                    "verse_nr": 16,
                    "verse": "Und anerkannt gro\u00df ist das Geheimnis der Gottseligkeit: Gott ist geoffenbart im Fleisch, gerechtfertigt im Geist, erschienen den Engeln, gepredigt unter den Heiden, geglaubt in der Welt, aufgenommen in Herrlichkeit.\n"
                }
            }
        },
        "4": {
            "chapter_nr": 4,
            "chapter": {
                "1": {
                    "verse_nr": 1,
                    "verse": "Der Geist aber sagt deutlich, da\u00df in sp\u00e4tern Zeiten etliche vom Glauben abfallen und verf\u00fchrerischen Geistern und Lehren der D\u00e4monen anhangen werden,\n"
                },
                "2": {
                    "verse_nr": 2,
                    "verse": "durch die Heuchelei von L\u00fcgenrednern, die in ihrem eigenen Gewissen gebrandmarkt sind,\n"
                },
                "3": {
                    "verse_nr": 3,
                    "verse": "die verbieten, zu heiraten und Speisen zu genie\u00dfen, welche doch Gott geschaffen hat, damit sie von den Gl\u00e4ubigen und denen, welche die Wahrheit erkennen, mit Danksagung gebraucht werden.\n"
                },
                "4": {
                    "verse_nr": 4,
                    "verse": "Denn alles, was Gott geschaffen hat, ist gut, und nichts ist verwerflich, wenn es mit Danksagung genossen wird;\n"
                },
                "5": {
                    "verse_nr": 5,
                    "verse": "denn es wird geheiligt durch Gottes Wort und Gebet.\n"
                },
                "6": {
                    "verse_nr": 6,
                    "verse": "Wenn du den Br\u00fcdern solches vorh\u00e4ltst, wirst du ein guter Diener Jesu Christi sein, gen\u00e4hrt mit den Worten des Glaubens und der guten Lehre, welcher du nachgefolgt bist.\n"
                },
                "7": {
                    "verse_nr": 7,
                    "verse": "Der unheiligen Altweiberfabeln aber entschlage dich; dagegen \u00fcbe dich in der Gottseligkeit!\n"
                },
                "8": {
                    "verse_nr": 8,
                    "verse": "Denn die leibliche \u00dcbung ist zu wenigem n\u00fctze, die Gottseligkeit aber ist zu allen Dingen n\u00fctze, da sie die Verhei\u00dfung dieses und des zuk\u00fcnftigen Lebens hat.\n"
                },
                "9": {
                    "verse_nr": 9,
                    "verse": "Glaubw\u00fcrdig ist das Wort und aller Annahme wert;\n"
                },
                "10": {
                    "verse_nr": 10,
                    "verse": "denn daf\u00fcr arbeiten wir auch und werden geschm\u00e4ht, da\u00df wir unsre Hoffnung auf den lebendigen Gott gesetzt haben, welcher aller Menschen Retter ist, allermeist der Gl\u00e4ubigen.\n"
                },
                "11": {
                    "verse_nr": 11,
                    "verse": "Solches gebiete und lehre!\n"
                },
                "12": {
                    "verse_nr": 12,
                    "verse": "Niemand verachte deine Jugend, sondern werde ein Vorbild den Gl\u00e4ubigen im Wort, im Wandel, in der Liebe, im Geist, im Glauben, in der Keuschheit!\n"
                },
                "13": {
                    "verse_nr": 13,
                    "verse": "Bis ich komme, halte an mit Vorlesen, mit Ermahnen, mit Lehren.\n"
                },
                "14": {
                    "verse_nr": 14,
                    "verse": "Vernachl\u00e4ssige die Gabe nicht, die du hast, die dir durch Weissagung unter Handauflegung der \u00c4ltesten verliehen wurde!\n"
                },
                "15": {
                    "verse_nr": 15,
                    "verse": "Dies la\u00df dein Anliegen sein, damit gib dich ab, auf da\u00df dein Fortschreiten in allen Dingen offenbar sei!\n"
                },
                "16": {
                    "verse_nr": 16,
                    "verse": "Habe acht auf dich selbst und auf die Lehre; bleibe dabei! Denn wenn du solches tust, wirst du sowohl dich selbst retten als auch die, welche dich h\u00f6ren.\n"
                }
            }
        },
        "5": {
            "chapter_nr": 5,
            "chapter": {
                "1": {
                    "verse_nr": 1,
                    "verse": "ber einen \u00e4lteren ziehe nicht los, sondern ermahne ihn wie einen Vater, j\u00fcngere wie Br\u00fcder,\n"
                },
                "2": {
                    "verse_nr": 2,
                    "verse": "ltere Frauen wie M\u00fctter, j\u00fcngere wie Schwestern, in aller Keuschheit.\n"
                },
                "3": {
                    "verse_nr": 3,
                    "verse": "Ehre die Witwen, welche wirklich Witwen sind.\n"
                },
                "4": {
                    "verse_nr": 4,
                    "verse": "Hat aber eine Witwe Kinder oder Enkel, so sollen diese zuerst lernen, am eigenen Haus ihre Pflicht zu erf\u00fcllen und den Eltern Empfangenes zu vergelten; denn das ist angenehm vor Gott.\n"
                },
                "5": {
                    "verse_nr": 5,
                    "verse": "Eine wirkliche und vereinsamte Witwe aber hat ihre Hoffnung auf Gott gesetzt und verharrt im Flehen und Gebet Tag und Nacht;\n"
                },
                "6": {
                    "verse_nr": 6,
                    "verse": "eine genu\u00dfs\u00fcchtige aber ist lebendig tot.\n"
                },
                "7": {
                    "verse_nr": 7,
                    "verse": "Sprich das offen aus, damit sie untadelig seien!\n"
                },
                "8": {
                    "verse_nr": 8,
                    "verse": "Wenn aber jemand die Seinen, allermeist seine Hausgenossen, nicht versorgt, der hat den Glauben verleugnet und ist \u00e4rger als ein Ungl\u00e4ubiger.\n"
                },
                "9": {
                    "verse_nr": 9,
                    "verse": "Als Witwe werde nur eine solche in die Liste eingetragen, welche nicht weniger als sechzig Jahre alt ist, eines Mannes Frau war\n"
                },
                "10": {
                    "verse_nr": 10,
                    "verse": "und ein Zeugnis guter Werke hat; wenn sie Kinder auferzogen, Gastfreundschaft ge\u00fcbt, der Heiligen F\u00fc\u00dfe gewaschen, Bedr\u00e4ngten ausgeholfen hat, jedem guten Werk nachgekommen ist.\n"
                },
                "11": {
                    "verse_nr": 11,
                    "verse": "J\u00fcngere Witwen aber weise ab; denn wenn sie gegen Christi Willen begehrlich geworden sind, wollen sie heiraten.\n"
                },
                "12": {
                    "verse_nr": 12,
                    "verse": "Sie verdienen das Urteil, da\u00df sie die erste Treue gebrochen haben.\n"
                },
                "13": {
                    "verse_nr": 13,
                    "verse": "Zugleich sind sie auch m\u00fc\u00dfig und lernen in den H\u00e4usern herumlaufen; und nicht nur m\u00fc\u00dfig, sondern auch geschw\u00e4tzig und vorwitzig und reden, was sich nicht geh\u00f6rt.\n"
                },
                "14": {
                    "verse_nr": 14,
                    "verse": "So will ich nun, da\u00df j\u00fcngere Witwen heiraten, Kinder geb\u00e4ren, dem Haushalt vorstehen, dem Widersacher keinen Anla\u00df zur L\u00e4sterung geben;\n"
                },
                "15": {
                    "verse_nr": 15,
                    "verse": "denn schon sind etliche abgewichen, dem Satan nach.\n"
                },
                "16": {
                    "verse_nr": 16,
                    "verse": "Hat ein Gl\u00e4ubiger oder eine Gl\u00e4ubige Witwen, so versorge er sie und lasse sie nicht der Gemeinde zur Last fallen, damit diese f\u00fcr die wirklichen Witwen sorgen kann.\n"
                },
                "17": {
                    "verse_nr": 17,
                    "verse": "Die \u00c4ltesten, welche wohl vorstehen, halte man doppelter Ehre wert, allermeist die, welche sich in Predigt und Unterricht abm\u00fchen.\n"
                },
                "18": {
                    "verse_nr": 18,
                    "verse": "Denn die Schrift sagt: \u00abEinem dreschenden Ochsen sollst du das Maul nicht verbinden!\u00bb und \u00abder Arbeiter ist seines Lohnes wert\u00bb.\n"
                },
                "19": {
                    "verse_nr": 19,
                    "verse": "Gegen einen \u00c4ltesten nimm keine Klage an, au\u00dfer auf Aussage von zwei oder drei Zeugen.\n"
                },
                "20": {
                    "verse_nr": 20,
                    "verse": "Die, welche s\u00fcndigen, weise vor allen zurecht, damit sich auch die andern f\u00fcrchten.\n"
                },
                "21": {
                    "verse_nr": 21,
                    "verse": "Ich beschw\u00f6re dich vor Gott und Christus Jesus und den auserw\u00e4hlten Engeln, da\u00df du dies ohne Vorurteil beobachtest und nichts tuest aus Zuneigung!\n"
                },
                "22": {
                    "verse_nr": 22,
                    "verse": "Die H\u00e4nde lege niemandem schnell auf, mache dich auch nicht fremder S\u00fcnden teilhaftig; bewahre dich selbst rein!\n"
                },
                "23": {
                    "verse_nr": 23,
                    "verse": "Trinke nicht mehr blo\u00df Wasser, sondern gebrauche ein wenig Wein um deines Magens willen und wegen deiner h\u00e4ufigen Krankheiten.\n"
                },
                "24": {
                    "verse_nr": 24,
                    "verse": "Etlicher Menschen S\u00fcnden sind zuvor offenbar und kommen vorher ins Gericht; etlichen aber werden sie auch nachfolgen.\n"
                },
                "25": {
                    "verse_nr": 25,
                    "verse": "Gleicherweise sind auch die guten Werke zuvor offenbar, und die, mit welchen es sich anders verh\u00e4lt, k\u00f6nnen auch nicht verborgen bleiben.\n"
                }
            }
        },
        "6": {
            "chapter_nr": 6,
            "chapter": {
                "1": {
                    "verse_nr": 1,
                    "verse": "Was Knechte sind, im Sklavenstand, die sollen ihre eigenen Herren aller Ehre wert halten, damit nicht der Name Gottes und die Lehre verl\u00e4stert werden.\n"
                },
                "2": {
                    "verse_nr": 2,
                    "verse": "Die aber, welche gl\u00e4ubige Herren haben, sollen diese darum nicht verachten, weil sie Br\u00fcder sind, sondern ihnen um so lieber dienen, weil sie Gl\u00e4ubige und Geliebte sind und von ihnen auch bessere Behandlung erfahren. So sollst du lehren und ermahnen!\n"
                },
                "3": {
                    "verse_nr": 3,
                    "verse": "Wenn jemand anders lehrt und sich nicht an die gesunden Worte unsres Herrn Jesus Christus h\u00e4lt und an die der Gottseligkeit entsprechende Lehre,\n"
                },
                "4": {
                    "verse_nr": 4,
                    "verse": "so ist er aufgeblasen und versteht doch nichts, sondern krankt an Streitfragen und Wortgez\u00e4nk, woraus Neid, Hader, L\u00e4sterung, b\u00f6ser Argwohn entstehen.\n"
                },
                "5": {
                    "verse_nr": 5,
                    "verse": "Z\u00e4nkereien von Menschen, welche verdorbenen Sinnes und der Wahrheit beraubt sind und die Gottseligkeit f\u00fcr eine Erwerbsquelle halten, von solchen halte dich ferne!\n"
                },
                "6": {
                    "verse_nr": 6,
                    "verse": "Es ist allerdings die Gottseligkeit eine bedeutende Erwerbsquelle, wenn sie mit Gen\u00fcgsamkeit verbunden wird.\n"
                },
                "7": {
                    "verse_nr": 7,
                    "verse": "Denn wir haben nichts in die Welt gebracht; so ist es klar, da\u00df wir auch nichts hinausnehmen k\u00f6nnen.\n"
                },
                "8": {
                    "verse_nr": 8,
                    "verse": "Wenn wir aber Nahrung und Kleidung haben, soll uns das gen\u00fcgen!\n"
                },
                "9": {
                    "verse_nr": 9,
                    "verse": "Denn die, welche reich werden wollen, fallen in Versuchung und Schlingen und viele t\u00f6richte und sch\u00e4dliche L\u00fcste, welche die Menschen in Verderben und Untergang st\u00fcrzen.\n"
                },
                "10": {
                    "verse_nr": 10,
                    "verse": "Denn die Geldgier ist eine Wurzel aller \u00dcbel; etliche, die sich ihr hingaben, sind vom Glauben abgeirrt und haben sich selbst viel Schmerzen verursacht.\n"
                },
                "11": {
                    "verse_nr": 11,
                    "verse": "Du aber, Gottesmensch, fliehe solches, jage aber nach Gerechtigkeit, Gottseligkeit, Glauben, Liebe, Geduld, Sanftmut!\n"
                },
                "12": {
                    "verse_nr": 12,
                    "verse": "K\u00e4mpfe den guten Kampf des Glaubens, ergreife das ewige Leben, zu welchem du berufen bist und wor\u00fcber du das gute Bekenntnis vor vielen Zeugen abgelegt hast.\n"
                },
                "13": {
                    "verse_nr": 13,
                    "verse": "Ich gebiete dir vor Gott, der alles lebendig macht, und vor Christus Jesus, der vor Pontius Pilatus das gute Bekenntnis bezeugt hat,\n"
                },
                "14": {
                    "verse_nr": 14,
                    "verse": "da\u00df du das Gebot unbefleckt und untadelig bewahrest bis zur Erscheinung unsres Herrn Jesus Christus,\n"
                },
                "15": {
                    "verse_nr": 15,
                    "verse": "welche zu seiner Zeit zeigen wird der selige und allein Gewaltige, der K\u00f6nig der K\u00f6nige und der Herr der Herrschenden,\n"
                },
                "16": {
                    "verse_nr": 16,
                    "verse": "der allein Unsterblichkeit hat, der in einem unzug\u00e4nglichen Lichte wohnt, welchen kein Mensch gesehen hat noch sehen kann; Ihm sei Ehre und ewige Macht! Amen.\n"
                },
                "17": {
                    "verse_nr": 17,
                    "verse": "Den Reichen im jetzigen Zeitalter gebiete, da\u00df sie nicht stolz seien, auch nicht ihre Hoffnung auf die Unbest\u00e4ndigkeit des Reichtums setzen, sondern auf den lebendigen Gott, der uns alles reichlich zum Genu\u00df darreicht,\n"
                },
                "18": {
                    "verse_nr": 18,
                    "verse": "da\u00df sie Gutes tun, reich werden an guten Werken, freigebig seien, mitteilsam,\n"
                },
                "19": {
                    "verse_nr": 19,
                    "verse": "und so f\u00fcr sich selbst ein sch\u00f6nes Kapital f\u00fcr die Zukunft sammeln, damit sie das wahre Leben erlangen.\n"
                },
                "20": {
                    "verse_nr": 20,
                    "verse": "O Timotheus, bewahre das anvertraute Gut, meide das unheilige Geschw\u00e4tz und die Einw\u00fcrfe der f\u00e4lschlich sogenannten \u00abErkenntnis\u00bb,\n"
                },
                "21": {
                    "verse_nr": 21,
                    "verse": "zu welcher sich etliche bekannten und dar\u00fcber das Glaubensziel aus den Augen verloren. Die Gnade sei mit dir!\n"
                }
            }
        }
    }
}