{
    "version": "schlachter1951",
    "book_name": "Hebrews",
    "book_nr": "58",
    "book": {
        "1": {
            "chapter_nr": 1,
            "chapter": {
                "1": {
                    "verse_nr": 1,
                    "verse": "Nachdem Gott vor Zeiten manchmal und auf mancherlei Weise zu den V\u00e4tern geredet hat durch die Propheten, hat er zuletzt in diesen Tagen zu uns geredet durch den Sohn,\n"
                },
                "2": {
                    "verse_nr": 2,
                    "verse": "welchen er zum Erben von allem eingesetzt, durch welchen er auch die Weltzeiten gemacht hat;\n"
                },
                "3": {
                    "verse_nr": 3,
                    "verse": "welcher, da er die Ausstrahlung seiner Herrlichkeit und der Ausdruck seines Wesens ist und alle Dinge tr\u00e4gt mit dem Wort seiner Kraft, und nachdem er die Reinigung unserer S\u00fcnden durch sich selbst vollbracht, sich zur Rechten der Majest\u00e4t in der H\u00f6he gesetzt hat\n"
                },
                "4": {
                    "verse_nr": 4,
                    "verse": "und um so viel m\u00e4chtiger geworden ist als die Engel, als der Name, den er ererbt hat, ihn vor ihnen auszeichnet.\n"
                },
                "5": {
                    "verse_nr": 5,
                    "verse": "Denn zu welchem von den Engeln hat er jemals gesagt: \u00abDu bist mein Sohn; heute habe ich dich gezeugt\u00bb? Und wiederum: \u00abIch werde sein Vater sein, und er wird mein Sohn sein\u00bb?\n"
                },
                "6": {
                    "verse_nr": 6,
                    "verse": "Und wie er den Erstgeborenen wiederum in die Welt einf\u00fchrt, spricht er: \u00abUnd es sollen ihn alle Engel Gottes anbeten!\u00bb\n"
                },
                "7": {
                    "verse_nr": 7,
                    "verse": "Von den Engeln zwar hei\u00dft es: \u00abEr macht seine Engel zu Winden und seine Diener zu Feuerflammen\u00bb;\n"
                },
                "8": {
                    "verse_nr": 8,
                    "verse": "aber von dem Sohn: \u00abDein Thron, o Gott, w\u00e4hrt von Ewigkeit zu Ewigkeit. Das Zepter deines Reiches ist ein gerades Zepter;\n"
                },
                "9": {
                    "verse_nr": 9,
                    "verse": "du hast Gerechtigkeit geliebt und Ungerechtigkeit geha\u00dft, darum hat dich, Gott, dein Gott mit Freuden\u00f6l gesalbt, mehr als deine Genossen!\u00bb\n"
                },
                "10": {
                    "verse_nr": 10,
                    "verse": "Und: \u00abDu, Herr, hast im Anfang die Erde gegr\u00fcndet, und die Himmel sind deiner H\u00e4nde Werk.\n"
                },
                "11": {
                    "verse_nr": 11,
                    "verse": "Sie werden vergehen, du aber bleibst; sie werden alle veralten wie ein Kleid,\n"
                },
                "12": {
                    "verse_nr": 12,
                    "verse": "und wie einen Mantel wirst du sie zusammenrollen, und sie sollen verwandelt werden. Du aber bleibst, der du bist, und deine Jahre nehmen kein Ende.\u00bb\n"
                },
                "13": {
                    "verse_nr": 13,
                    "verse": "Zu welchem von den Engeln aber hat er jemals gesagt: \u00abSetze dich zu meiner Rechten, bis ich deine Feinde hinlege als Schemel deiner F\u00fc\u00dfe\u00bb?\n"
                },
                "14": {
                    "verse_nr": 14,
                    "verse": "Sind sie nicht allzumal dienstbare Geister, ausgesandt zum Dienste um derer willen, welche das Heil ererben sollen?\n"
                }
            }
        },
        "2": {
            "chapter_nr": 2,
            "chapter": {
                "1": {
                    "verse_nr": 1,
                    "verse": "Darum sollen wir desto mehr auf das achten, was wir geh\u00f6rt haben, damit wir nicht etwa daran vorbeigleiten.\n"
                },
                "2": {
                    "verse_nr": 2,
                    "verse": "Denn wenn das durch Engel gesprochene Wort zuverl\u00e4ssig war und jede \u00dcbertretung und jeder Ungehorsam den gerechten Lohn empfing,\n"
                },
                "3": {
                    "verse_nr": 3,
                    "verse": "wie wollen wir entfliehen, wenn wir ein so gro\u00dfes Heil vers\u00e4umen, welches zuerst durch den Herrn gepredigt wurde und dann von denen, die ihn geh\u00f6rt hatten, uns best\u00e4tigt worden ist?\n"
                },
                "4": {
                    "verse_nr": 4,
                    "verse": "Und Gott gab sein Zeugnis dazu mit Zeichen und Wundern und mancherlei Kraftwirkungen und Austeilungen des heiligen Geistes nach seinem Willen.\n"
                },
                "5": {
                    "verse_nr": 5,
                    "verse": "Denn nicht Engeln hat er die zuk\u00fcnftige Welt, von der wir reden, unterstellt.\n"
                },
                "6": {
                    "verse_nr": 6,
                    "verse": "Es bezeugt aber einer irgendwo und spricht: \u00abWas ist der Mensch, da\u00df du seiner gedenkst, oder des Menschen Sohn, da\u00df du zu ihm siehst?\n"
                },
                "7": {
                    "verse_nr": 7,
                    "verse": "Du hast ihn ein wenig niedriger gemacht als die Engel, mit Herrlichkeit und Ehre hast du ihn gekr\u00f6nt; alles hast du unter seine F\u00fc\u00dfe getan.\u00bb\n"
                },
                "8": {
                    "verse_nr": 8,
                    "verse": "Indem er ihm aber alles unterwarf, lie\u00df er ihm nichts ununterworfen; jetzt aber sehen wir, da\u00df ihm noch nicht alles unterworfen ist;\n"
                },
                "9": {
                    "verse_nr": 9,
                    "verse": "den aber, der ein wenig unter die Engel erniedrigt worden ist, Jesus, sehen wir wegen des Todesleidens mit Herrlichkeit und Ehre gekr\u00f6nt, damit er durch Gottes Gnade f\u00fcr jedermann den Tod schmeckte.\n"
                },
                "10": {
                    "verse_nr": 10,
                    "verse": "Denn es ziemte dem, um dessentwillen alles und durch den alles ist, als er viele Kinder zur Herrlichkeit f\u00fchrte, den Anf\u00fchrer ihres Heils durch Leiden zu vollenden.\n"
                },
                "11": {
                    "verse_nr": 11,
                    "verse": "Denn sowohl der, welcher heiligt, als auch die, welche geheiligt werden, stammen alle von einem ab.\n"
                },
                "12": {
                    "verse_nr": 12,
                    "verse": "Aus diesem Grunde sch\u00e4mt er sich auch nicht, sie Br\u00fcder zu nennen, sondern spricht: \u00abIch will deinen Namen meinen Br\u00fcdern verk\u00fcndigen; inmitten der Gemeinde will ich dir lobsingen!\u00bb\n"
                },
                "13": {
                    "verse_nr": 13,
                    "verse": "Und wiederum: \u00abIch will mein Vertrauen auf ihn setzen\u00bb; und wiederum: \u00abSiehe, ich und die Kinder, die mir Gott gegeben hat.\u00bb\n"
                },
                "14": {
                    "verse_nr": 14,
                    "verse": "Da nun die Kinder Fleisch und Blut gemeinsam haben, ist er in \u00e4hnlicher Weise dessen teilhaftig geworden, damit er durch den Tod den au\u00dfer Wirksamkeit setzte, der des Todes Gewalt hat, n\u00e4mlich den Teufel,\n"
                },
                "15": {
                    "verse_nr": 15,
                    "verse": "und alle diejenigen befreite, welche durch Todesfurcht ihr ganzes Leben hindurch in Knechtschaft gehalten wurden.\n"
                },
                "16": {
                    "verse_nr": 16,
                    "verse": "Denn er nimmt sich ja nicht der Engel an, sondern des Samens Abrahams nimmt er sich an.\n"
                },
                "17": {
                    "verse_nr": 17,
                    "verse": "Daher mu\u00dfte er in allem den Br\u00fcdern \u00e4hnlich werden, damit er barmherzig w\u00fcrde und ein treuer Hoherpriester vor Gott, um die S\u00fcnden des Volkes zu s\u00fchnen;\n"
                },
                "18": {
                    "verse_nr": 18,
                    "verse": "denn worin er selbst gelitten hat, als er versucht wurde, kann er denen helfen, die versucht werden.\n"
                }
            }
        },
        "3": {
            "chapter_nr": 3,
            "chapter": {
                "1": {
                    "verse_nr": 1,
                    "verse": "Daher, ihr heiligen Br\u00fcder, Genossen einer himmlischen Berufung, betrachtet den Apostel und Hohenpriester unsres Bekenntnisses, Jesus,\n"
                },
                "2": {
                    "verse_nr": 2,
                    "verse": "welcher treu ist dem, der ihn gemacht hat, wie auch Mose, in seinem ganzen Hause.\n"
                },
                "3": {
                    "verse_nr": 3,
                    "verse": "Denn dieser ist gr\u00f6\u00dferer Ehre wertgeachtet worden als Mose, wie ja doch der, welcher ein Haus bereitet hat, mehr Ehre verdient als das Haus selbst.\n"
                },
                "4": {
                    "verse_nr": 4,
                    "verse": "Denn jedes Haus wird von jemand bereitet; der aber alles bereitet hat, ist Gott.\n"
                },
                "5": {
                    "verse_nr": 5,
                    "verse": "Auch Mose zwar ist treu gewesen in seinem ganzen Hause als Diener, zum Zeugnis dessen, was gesagt werden sollte,\n"
                },
                "6": {
                    "verse_nr": 6,
                    "verse": "Christus aber als Sohn \u00fcber sein eigenes Haus; sein Haus sind wir, wenn wir die Freim\u00fctigkeit und den Ruhm der Hoffnung bis zum Ende fest behalten.\n"
                },
                "7": {
                    "verse_nr": 7,
                    "verse": "Darum, wie der heilige Geist spricht: \u00abHeute, wenn ihr seine Stimme h\u00f6ren werdet, so verstocket eure Herzen nicht,\n"
                },
                "8": {
                    "verse_nr": 8,
                    "verse": "wie in der Verbitterung am Tage der Versuchung in der W\u00fcste, da mich eure V\u00e4ter versuchten;\n"
                },
                "9": {
                    "verse_nr": 9,
                    "verse": "sie pr\u00fcften mich und sahen meine Werke vierzig Jahre lang.\n"
                },
                "10": {
                    "verse_nr": 10,
                    "verse": "Darum ward ich entr\u00fcstet \u00fcber dieses Geschlecht und sprach: Immerdar irren sie mit ihrem Herzen!\n"
                },
                "11": {
                    "verse_nr": 11,
                    "verse": "Sie aber erkannten meine Wege nicht, so da\u00df ich schwur in meinem Zorn: Sie sollen nicht eingehen in meine Ruhe!\u00bb\n"
                },
                "12": {
                    "verse_nr": 12,
                    "verse": "Sehet zu, ihr Br\u00fcder, da\u00df nicht jemand von euch ein b\u00f6ses, ungl\u00e4ubiges Herz habe, im Abfall begriffen von dem lebendigen Gott;\n"
                },
                "13": {
                    "verse_nr": 13,
                    "verse": "sondern ermahnet einander jeden Tag, solange es \u00abheute\u00bb hei\u00dft, damit nicht jemand unter euch verstockt werde durch Betrug der S\u00fcnde!\n"
                },
                "14": {
                    "verse_nr": 14,
                    "verse": "Denn wir sind Christi Genossen geworden, wenn wir die anf\u00e4ngliche Zuversicht bis ans Ende festbehalten,\n"
                },
                "15": {
                    "verse_nr": 15,
                    "verse": "solange gesagt wird: \u00abHeute, wenn ihr seine Stimme h\u00f6ren werdet, so verstocket eure Herzen nicht, wie in der Verbitterung.\u00bb\n"
                },
                "16": {
                    "verse_nr": 16,
                    "verse": "Welche wurden denn verbittert, als sie es h\u00f6rten? Waren es denn nicht alle, die unter Mose aus \u00c4gypten ausgezogen waren?\n"
                },
                "17": {
                    "verse_nr": 17,
                    "verse": "Welchen z\u00fcrnte er aber vierzig Jahre lang? Waren es nicht die, welche ges\u00fcndigt hatten, deren Leiber in der W\u00fcste fielen?\n"
                },
                "18": {
                    "verse_nr": 18,
                    "verse": "Welchen schwur er aber, da\u00df sie nicht in seine Ruhe eingehen sollten, als nur denen, die ungehorsam gewesen waren?\n"
                },
                "19": {
                    "verse_nr": 19,
                    "verse": "Und wir sehen, da\u00df sie nicht eingehen konnten wegen des Unglaubens.\n"
                }
            }
        },
        "4": {
            "chapter_nr": 4,
            "chapter": {
                "1": {
                    "verse_nr": 1,
                    "verse": "So la\u00dft uns nun f\u00fcrchten, da\u00df nicht etwa, w\u00e4hrend doch eine Verhei\u00dfung zum Eingang in seine Ruhe hinterlassen ist, jemand von euch als zu sp\u00e4t gekommen erscheine!\n"
                },
                "2": {
                    "verse_nr": 2,
                    "verse": "Denn auch uns ist die gute Botschaft verk\u00fcndigt worden, gleichwie jenen; aber das Wort der Predigt half jenen nicht, weil es durch die H\u00f6rer nicht mit dem Glauben verbunden wurde.\n"
                },
                "3": {
                    "verse_nr": 3,
                    "verse": "Denn wir, die wir gl\u00e4ubig geworden sind, gehen in die Ruhe ein, wie er gesagt hat: \u00abDa\u00df ich schwur in meinem Zorn, sie sollen nicht in meine Ruhe eingehen\u00bb.\n"
                },
                "4": {
                    "verse_nr": 4,
                    "verse": "Und doch waren die Werke seit Grundlegung der Welt beendigt; denn er hat irgendwo von dem siebenten Tag also gesprochen: \u00abUnd Gott ruhte am siebenten Tag von allen seinen Werken\u00bb,\n"
                },
                "5": {
                    "verse_nr": 5,
                    "verse": "und in dieser Stelle wiederum: \u00abSie sollen nicht in meine Ruhe eingehen!\u00bb\n"
                },
                "6": {
                    "verse_nr": 6,
                    "verse": "Da nun noch vorbehalten bleibt, da\u00df etliche in sie eingehen sollen, und die, welchen zuerst die gute Botschaft verk\u00fcndigt worden ist, wegen ihres Ungehorsams nicht eingegangen sind,\n"
                },
                "7": {
                    "verse_nr": 7,
                    "verse": "so bestimmt er wiederum einen Tag, ein \u00abHeute\u00bb, indem er nach so langer Zeit durch David sagt, wie schon angef\u00fchrt: \u00abHeute, wenn ihr seine Stimme h\u00f6ren werdet, so verstocket eure Herzen nicht!\u00bb\n"
                },
                "8": {
                    "verse_nr": 8,
                    "verse": "Denn h\u00e4tte Josua sie zur Ruhe gebracht, so w\u00fcrde nicht hernach von einem anderen Tage gesprochen.\n"
                },
                "9": {
                    "verse_nr": 9,
                    "verse": "Also bleibt dem Volke Gottes noch eine Sabbatruhe vorbehalten;\n"
                },
                "10": {
                    "verse_nr": 10,
                    "verse": "denn wer in seine Ruhe eingegangen ist, der ruht auch selbst von seinen Werken, gleichwie Gott von den seinigen.\n"
                },
                "11": {
                    "verse_nr": 11,
                    "verse": "So wollen wir uns denn beflei\u00dfigen, in jene Ruhe einzugehen, damit nicht jemand als gleiches Beispiel des Unglaubens zu Fall komme.\n"
                },
                "12": {
                    "verse_nr": 12,
                    "verse": "Denn das Wort Gottes ist lebendig und wirksam und sch\u00e4rfer als jedes zweischneidige Schwert, und es dringt durch, bis es scheidet Seele und Geist, auch Mark und Bein, und ist ein Richter der Gedanken und Gesinnungen des Herzens;\n"
                },
                "13": {
                    "verse_nr": 13,
                    "verse": "und keine Kreatur ist vor ihm unsichtbar, es ist aber alles blo\u00df und aufgedeckt vor den Augen dessen, welchem wir Rechenschaft zu geben haben.\n"
                },
                "14": {
                    "verse_nr": 14,
                    "verse": "Da wir nun einen gro\u00dfen Hohenpriester haben, der die Himmel durchschritten hat, Jesus, den Sohn Gottes, so lasset uns festhalten an dem Bekenntnis!\n"
                },
                "15": {
                    "verse_nr": 15,
                    "verse": "Denn wir haben nicht einen Hohenpriester, der kein Mitleid haben k\u00f6nnte mit unsren Schwachheiten, sondern der in allem gleich wie wir versucht worden ist, doch ohne S\u00fcnde.\n"
                },
                "16": {
                    "verse_nr": 16,
                    "verse": "So lasset uns nun mit Freim\u00fctigkeit hinzutreten zum Thron der Gnade, damit wir Barmherzigkeit erlangen und Gnade finden zu rechtzeitiger Hilfe!\n"
                }
            }
        },
        "5": {
            "chapter_nr": 5,
            "chapter": {
                "1": {
                    "verse_nr": 1,
                    "verse": "Denn jeder aus Menschen genommene Hohepriester wird f\u00fcr Menschen eingesetzt, zum Dienst vor Gott, um sowohl Gaben darzubringen, als auch Opfer f\u00fcr S\u00fcnden.\n"
                },
                "2": {
                    "verse_nr": 2,
                    "verse": "Ein solcher kann Nachsicht \u00fcben mit den Unwissenden und Irrenden, da er auch selbst mit Schwachheit behaftet ist;\n"
                },
                "3": {
                    "verse_nr": 3,
                    "verse": "und ihretwegen mu\u00df er, wie f\u00fcr das Volk, so auch f\u00fcr sich selbst, opfern f\u00fcr die S\u00fcnden.\n"
                },
                "4": {
                    "verse_nr": 4,
                    "verse": "Und keiner nimmt sich selbst die W\u00fcrde, sondern er wird von Gott berufen, gleichwie Aaron.\n"
                },
                "5": {
                    "verse_nr": 5,
                    "verse": "So hat auch Christus sich nicht selbst die hohepriesterliche W\u00fcrde beigelegt, sondern der, welcher zu ihm sprach: \u00abDu bist mein Sohn; heute habe ich dich gezeugt.\u00bb\n"
                },
                "6": {
                    "verse_nr": 6,
                    "verse": "Wie er auch an anderer Stelle spricht: \u00abDu bist ein Priester in Ewigkeit nach der Ordnung Melchisedeks.\u00bb\n"
                },
                "7": {
                    "verse_nr": 7,
                    "verse": "Und er hat in den Tagen seines Fleisches Bitten und Flehen mit starkem Geschrei und Tr\u00e4nen dem dargebracht, der ihn vom Tode retten konnte, und ist auch erh\u00f6rt und befreit worden von dem Zagen.\n"
                },
                "8": {
                    "verse_nr": 8,
                    "verse": "Und wiewohl er Sohn war, hat er doch an dem, was er litt, den Gehorsam gelernt;\n"
                },
                "9": {
                    "verse_nr": 9,
                    "verse": "und so zur Vollendung gelangt, ist er allen, die ihm gehorchen, der Urheber ewigen Heils geworden,\n"
                },
                "10": {
                    "verse_nr": 10,
                    "verse": "von Gott zubenannt: Hoherpriester \u00abnach der Ordnung Melchisedeks\u00bb.\n"
                },
                "11": {
                    "verse_nr": 11,
                    "verse": "Davon haben wir nun viel zu sagen, und solches, was schwer zu erkl\u00e4ren ist, weil ihr tr\u00e4ge geworden seid zum H\u00f6ren;\n"
                },
                "12": {
                    "verse_nr": 12,
                    "verse": "und obschon ihr der Zeit nach Lehrer sein solltet, habt ihr wieder n\u00f6tig, da\u00df man euch gewisse Anfangsgr\u00fcnde der Ausspr\u00fcche Gottes lehre, und seid der Milch bed\u00fcrftig geworden und nicht fester Speise.\n"
                },
                "13": {
                    "verse_nr": 13,
                    "verse": "Denn wer noch Milch genie\u00dft, der ist unerfahren im Worte der Gerechtigkeit; denn er ist unm\u00fcndig.\n"
                },
                "14": {
                    "verse_nr": 14,
                    "verse": "Die feste Speise aber ist f\u00fcr die Gereiften, deren Sinne durch \u00dcbung geschult sind zur Unterscheidung des Guten und des B\u00f6sen.\n"
                }
            }
        },
        "6": {
            "chapter_nr": 6,
            "chapter": {
                "1": {
                    "verse_nr": 1,
                    "verse": "Darum wollen wir jetzt die Anfangslehre von Christus verlassen und zur Vollkommenheit \u00fcbergehen, nicht abermals den Grund legen mit der Bu\u00dfe von toten Werken und dem Glauben an Gott,\n"
                },
                "2": {
                    "verse_nr": 2,
                    "verse": "mit der Lehre von Taufen, von der Handauflegung, der Totenauferstehung und dem ewigen Gericht.\n"
                },
                "3": {
                    "verse_nr": 3,
                    "verse": "Und das wollen wir tun, wenn Gott es zul\u00e4\u00dft.\n"
                },
                "4": {
                    "verse_nr": 4,
                    "verse": "Denn es ist unm\u00f6glich, die, welche einmal erleuchtet worden sind und die himmlische Gabe geschmeckt haben und des heiligen Geistes teilhaftig geworden sind\n"
                },
                "5": {
                    "verse_nr": 5,
                    "verse": "und das gute Wort Gottes, dazu Kr\u00e4fte der zuk\u00fcnftigen Welt geschmeckt haben,\n"
                },
                "6": {
                    "verse_nr": 6,
                    "verse": "wenn sie dann abgefallen sind, wieder zu erneuern zur Bu\u00dfe, w\u00e4hrend sie sich selbst den Sohn Gottes wiederum kreuzigen und zum Gesp\u00f6tt machen!\n"
                },
                "7": {
                    "verse_nr": 7,
                    "verse": "Denn ein Erdreich, welches den Regen trinkt, der sich \u00f6fters dar\u00fcber ergie\u00dft und n\u00fctzliches Gew\u00e4chs hervorbringt denen, f\u00fcr die es bebaut wird, empf\u00e4ngt Segen von Gott;\n"
                },
                "8": {
                    "verse_nr": 8,
                    "verse": "welches aber Dornen und Disteln tr\u00e4gt, ist untauglich und dem Fluche nahe, es wird zuletzt verbrannt.\n"
                },
                "9": {
                    "verse_nr": 9,
                    "verse": "Wir sind aber \u00fcberzeugt, Br\u00fcder, da\u00df euer Zustand besser ist und dem Heile n\u00e4her kommt, obgleich wir so reden.\n"
                },
                "10": {
                    "verse_nr": 10,
                    "verse": "Denn Gott ist nicht ungerecht, da\u00df er eurer Arbeit und der Liebe verg\u00e4\u00dfe, die ihr gegen seinen Namen bewiesen habt, indem ihr den Heiligen dientet und noch dienet.\n"
                },
                "11": {
                    "verse_nr": 11,
                    "verse": "Wir w\u00fcnschen aber, da\u00df jeder von euch denselben Flei\u00df bis ans Ende beweise, entsprechend der vollen Gewi\u00dfheit der Hoffnung,\n"
                },
                "12": {
                    "verse_nr": 12,
                    "verse": "da\u00df ihr ja nicht tr\u00e4ge werdet, sondern Nachfolger derer, welche durch Glauben und Geduld die Verhei\u00dfungen ererben.\n"
                },
                "13": {
                    "verse_nr": 13,
                    "verse": "Denn als Gott dem Abraham die Verhei\u00dfung gab, schwur er, da er bei keinem Gr\u00f6\u00dferen schw\u00f6ren konnte, bei sich selbst\n"
                },
                "14": {
                    "verse_nr": 14,
                    "verse": "und sprach: \u00abWahrlich, ich will dich reichlich segnen und m\u00e4chtig vermehren!\u00bb\n"
                },
                "15": {
                    "verse_nr": 15,
                    "verse": "Und da er sich so geduldete, erlangte er die Verhei\u00dfung.\n"
                },
                "16": {
                    "verse_nr": 16,
                    "verse": "Menschen schw\u00f6ren ja bei dem Gr\u00f6\u00dferen, und f\u00fcr sie ist der Eid das Ende alles Widerspruchs und dient als B\u00fcrgschaft.\n"
                },
                "17": {
                    "verse_nr": 17,
                    "verse": "Darum ist Gott, als er den Erben der Verhei\u00dfung in noch st\u00e4rkerem Ma\u00dfe beweisen wollte, wie unwandelbar sein Ratschlu\u00df sei, mit einem Eid ins Mittel getreten,\n"
                },
                "18": {
                    "verse_nr": 18,
                    "verse": "damit wir durch zwei unwandelbare Tatsachen, bei welchen Gott unm\u00f6glich l\u00fcgen konnte, einen starken Trost haben, wir, die wir unsere Zuflucht dazu nehmen, die dargebotene Hoffnung zu ergreifen,\n"
                },
                "19": {
                    "verse_nr": 19,
                    "verse": "und welche wir festhalten als einen sicheren und festen Anker der Seele, der auch hineinreicht ins Innere, hinter den Vorhang,\n"
                },
                "20": {
                    "verse_nr": 20,
                    "verse": "wohin als Vorl\u00e4ufer Jesus f\u00fcr uns eingegangen ist, nach der Ordnung Melchisedeks Hoherpriester geworden in Ewigkeit.\n"
                }
            }
        },
        "7": {
            "chapter_nr": 7,
            "chapter": {
                "1": {
                    "verse_nr": 1,
                    "verse": "Denn dieser Melchisedek (K\u00f6nig zu Salem, Priester Gottes, des Allerh\u00f6chsten, der Abraham entgegenkam, als er von der Niederwerfung der K\u00f6nige zur\u00fcckkehrte, und ihn segnete,\n"
                },
                "2": {
                    "verse_nr": 2,
                    "verse": "dem auch Abraham den Zehnten von allem gab, der zun\u00e4chst, wenn man seinen Namen \u00fcbersetzt, \u00abK\u00f6nig der Gerechtigkeit\u00bb hei\u00dft, dann aber auch \u00abK\u00f6nig von Salem\u00bb, das hei\u00dft K\u00f6nig des Friedens,\n"
                },
                "3": {
                    "verse_nr": 3,
                    "verse": "ohne Vater, ohne Mutter, ohne Geschlechtsregister, der weder Anfang der Tage noch Ende des Lebens hat), der ist mit dem Sohne Gottes verglichen und bleibt Priester f\u00fcr immerdar.\n"
                },
                "4": {
                    "verse_nr": 4,
                    "verse": "Sehet aber, wie gro\u00df der ist, dem auch Abraham, der Patriarch, den Zehnten von der Beute gab!\n"
                },
                "5": {
                    "verse_nr": 5,
                    "verse": "Zwar haben auch diejenigen von den S\u00f6hnen Levis, welche das Priesteramt empfangen, den Auftrag, vom Volke den Zehnten zu nehmen nach dem Gesetz, also von ihren Br\u00fcdern, obschon diese aus Abrahams Lenden hervorgegangen sind;\n"
                },
                "6": {
                    "verse_nr": 6,
                    "verse": "der aber, der sein Geschlecht nicht von ihnen herleitet, hat von Abraham den Zehnten genommen und den gesegnet, der die Verhei\u00dfungen hatte!\n"
                },
                "7": {
                    "verse_nr": 7,
                    "verse": "Nun ist es aber unwidersprechlich so, da\u00df das Geringere von dem H\u00f6heren gesegnet wird;\n"
                },
                "8": {
                    "verse_nr": 8,
                    "verse": "und hier zwar nehmen sterbliche Menschen den Zehnten, dort aber einer, von welchem bezeugt wird, da\u00df er lebt.\n"
                },
                "9": {
                    "verse_nr": 9,
                    "verse": "Und sozusagen ist durch Abraham auch f\u00fcr Levi, den Zehntenempf\u00e4nger, der Zehnte entrichtet worden;\n"
                },
                "10": {
                    "verse_nr": 10,
                    "verse": "denn er war noch in der Lende des Vaters, als dieser mit Melchisedek zusammentraf!\n"
                },
                "11": {
                    "verse_nr": 11,
                    "verse": "Wenn nun das Vollkommenheit w\u00e4re, was durch das levitische Priestertum kam (denn unter diesem hat das Volk das Gesetz empfangen), wozu w\u00e4re es noch n\u00f6tig, da\u00df ein anderer Priester \u00abnach der Ordnung Melchisedeks\u00bb auftrete und nicht einer \u00abnach der Ordnung Aarons\u00bb bezeichnet werde?\n"
                },
                "12": {
                    "verse_nr": 12,
                    "verse": "Denn wenn das Priestertum ver\u00e4ndert wird, so mu\u00df notwendigerweise auch eine \u00c4nderung des Gesetzes erfolgen.\n"
                },
                "13": {
                    "verse_nr": 13,
                    "verse": "Denn der, auf welchen sich jener Ausspruch bezieht, geh\u00f6rt einem andern Stamme an, von welchem keiner des Altars gepflegt hat;\n"
                },
                "14": {
                    "verse_nr": 14,
                    "verse": "denn es ist ja bekannt, da\u00df unser Herr aus Juda entsprossen ist, zu welchem Stamm Mose nichts auf Priester bez\u00fcgliches geredet hat.\n"
                },
                "15": {
                    "verse_nr": 15,
                    "verse": "Und noch viel klarer liegt die Sache, wenn nach der \u00c4hnlichkeit mit Melchisedek ein anderer Priester aufsteht,\n"
                },
                "16": {
                    "verse_nr": 16,
                    "verse": "welcher es nicht nach dem Gesetz eines fleischlichen Gebotes geworden ist, sondern nach der Kraft unaufl\u00f6slichen Lebens;\n"
                },
                "17": {
                    "verse_nr": 17,
                    "verse": "denn es wird bezeugt: \u00abDu bist Priester in Ewigkeit nach der Ordnung Melchisedeks.\u00bb\n"
                },
                "18": {
                    "verse_nr": 18,
                    "verse": "Da erfolgt ja sogar eine Aufhebung des vorher g\u00fcltigen Gebotes, seiner Schwachheit und Nutzlosigkeit wegen\n"
                },
                "19": {
                    "verse_nr": 19,
                    "verse": "(denn das Gesetz hat nichts zur Vollkommenheit gebracht), zugleich aber die Einf\u00fchrung einer besseren Hoffnung, durch welche wir Gott nahen k\u00f6nnen.\n"
                },
                "20": {
                    "verse_nr": 20,
                    "verse": "Und um so mehr, als dies nicht ohne Eidschwur geschah; denn jene sind ohne Eidschwur Priester geworden,\n"
                },
                "21": {
                    "verse_nr": 21,
                    "verse": "dieser aber mit einem Eid durch den, der zu ihm sprach: \u00abDer Herr hat geschworen und es wird ihn nicht gereuen: Du bist Priester in Ewigkeit\u00bb;\n"
                },
                "22": {
                    "verse_nr": 22,
                    "verse": "um so viel mehr ist Jesus auch eines bessern Bundes B\u00fcrge geworden.\n"
                },
                "23": {
                    "verse_nr": 23,
                    "verse": "Und jene sind in gro\u00dfer Anzahl Priester geworden, weil der Tod sie am Bleiben verhinderte;\n"
                },
                "24": {
                    "verse_nr": 24,
                    "verse": "er aber hat, weil er in Ewigkeit bleibt, ein un\u00fcbertragbares Priestertum.\n"
                },
                "25": {
                    "verse_nr": 25,
                    "verse": "Daher kann er auch bis aufs \u00e4u\u00dferste die retten, welche durch ihn zu Gott kommen, da er immerdar lebt, um f\u00fcr sie einzutreten!\n"
                },
                "26": {
                    "verse_nr": 26,
                    "verse": "Denn ein solcher Hoherpriester geziemte uns, der heilig, unschuldig, unbefleckt, von den S\u00fcndern abgesondert und h\u00f6her als der Himmel ist,\n"
                },
                "27": {
                    "verse_nr": 27,
                    "verse": "der nicht wie die Hohenpriester t\u00e4glich n\u00f6tig hat, zuerst f\u00fcr die eigenen S\u00fcnden Opfer darzubringen, darnach f\u00fcr die des Volkes; denn das hat er ein f\u00fcr allemal getan, indem er sich selbst zum Opfer brachte.\n"
                },
                "28": {
                    "verse_nr": 28,
                    "verse": "Denn das Gesetz macht Menschen zu Hohenpriestern, die mit Schwachheit behaftet sind, das Wort des Eidschwurs aber, der nach der Zeit des Gesetzes erfolgte, den Sohn, welcher f\u00fcr alle Ewigkeit vollendet ist.\n"
                }
            }
        },
        "8": {
            "chapter_nr": 8,
            "chapter": {
                "1": {
                    "verse_nr": 1,
                    "verse": "Die Hauptsache aber bei dem, was wir sagten, ist: Wir haben einen solchen Hohenpriester, der zur Rechten des Thrones der Majest\u00e4t im Himmel sitzt,\n"
                },
                "2": {
                    "verse_nr": 2,
                    "verse": "einen Diener des Heiligtums und der wahrhaftigen Stiftsh\u00fctte, welche der Herr errichtet hat, und nicht ein Mensch.\n"
                },
                "3": {
                    "verse_nr": 3,
                    "verse": "Denn jeder Hoherpriester wird eingesetzt, um Gaben und Opfer darzubringen; daher mu\u00df auch dieser etwas haben, was er darbringen kann.\n"
                },
                "4": {
                    "verse_nr": 4,
                    "verse": "Wenn er sich nun auf Erden bef\u00e4nde, so w\u00e4re er nicht einmal Priester, weil hier solche sind, die nach dem Gesetz die Gaben opfern.\n"
                },
                "5": {
                    "verse_nr": 5,
                    "verse": "Diese dienen einem Abbild und Schatten des Himmlischen, gem\u00e4\u00df der Weisung, die Mose erhielt, als er die Stiftsh\u00fctte anfertigen wollte: \u00abSiehe zu\u00bb, hie\u00df es, \u00abda\u00df du alles nach dem Vorbild machst, das dir auf dem Berge gezeigt worden ist!\u00bb\n"
                },
                "6": {
                    "verse_nr": 6,
                    "verse": "Nun aber hat er einen um so bedeutenderen Dienst erlangt, als er auch eines besseren Bundes Mittler ist, der auf besseren Verhei\u00dfungen ruht.\n"
                },
                "7": {
                    "verse_nr": 7,
                    "verse": "Denn wenn jener erste Bund tadellos gewesen w\u00e4re, so w\u00fcrde nicht Raum f\u00fcr einen zweiten gesucht.\n"
                },
                "8": {
                    "verse_nr": 8,
                    "verse": "Denn er tadelt sie doch, indem er spricht: \u00abSiehe, es kommen Tage, spricht der Herr, da ich mit dem Hause Israel und mit dem Hause Juda einen neuen Bund schlie\u00dfen werde;\n"
                },
                "9": {
                    "verse_nr": 9,
                    "verse": "nicht wie der Bund, den ich mit ihren V\u00e4tern gemacht habe an dem Tage, als ich sie bei der Hand nahm, um sie aus \u00c4gyptenland zu f\u00fchren (denn sie sind nicht in meinem Bund geblieben, und ich lie\u00df sie gehen, spricht der Herr),\n"
                },
                "10": {
                    "verse_nr": 10,
                    "verse": "sondern das ist der Bund, den ich mit dem Hause Israel machen will nach jenen Tagen, spricht der Herr: Ich will ihnen meine Gesetze in den Sinn geben und sie in ihre Herzen schreiben, und ich will ihr Gott sein, und sie sollen mein Volk sein.\n"
                },
                "11": {
                    "verse_nr": 11,
                    "verse": "Und es wird keiner mehr seinen Mitb\u00fcrger und keiner mehr seinen Bruder lehren und sagen: Erkenne den Herrn! denn es werden mich alle kennen, vom Kleinsten bis zum Gr\u00f6\u00dften unter ihnen;\n"
                },
                "12": {
                    "verse_nr": 12,
                    "verse": "denn ich werde gn\u00e4dig sein gegen ihre Ungerechtigkeiten und ihrer S\u00fcnden nicht mehr gedenken.\u00bb\n"
                },
                "13": {
                    "verse_nr": 13,
                    "verse": "Indem er sagt: \u00abEinen neuen\u00bb, hat er den ersten f\u00fcr veraltet erkl\u00e4rt; was aber veraltet ist und sich \u00fcberlebt hat, das wird bald verschwinden.\n"
                }
            }
        },
        "9": {
            "chapter_nr": 9,
            "chapter": {
                "1": {
                    "verse_nr": 1,
                    "verse": "Es hatte nun zwar auch der erste Bund gottesdienstliche Ordnungen und das irdische Heiligtum.\n"
                },
                "2": {
                    "verse_nr": 2,
                    "verse": "Denn es war ein Zelt aufgerichtet, das vordere, in welchem sich der Leuchter und der Tisch und die Schaubrote befanden; dieses wird das Heilige genannt.\n"
                },
                "3": {
                    "verse_nr": 3,
                    "verse": "Hinter dem zweiten Vorhang aber befand sich das Zelt, welches das Allerheiligste hei\u00dft;\n"
                },
                "4": {
                    "verse_nr": 4,
                    "verse": "zu diesem geh\u00f6rt der goldene R\u00e4ucheraltar und die Bundeslade, allenthalben mit Gold \u00fcberzogen, und in dieser war der goldene Krug mit dem Manna und die Rute Aarons, die gebl\u00fcht hatte, und die Tafeln des Bundes;\n"
                },
                "5": {
                    "verse_nr": 5,
                    "verse": "oben \u00fcber ihr aber die Cherubim der Herrlichkeit, die den S\u00fchndeckel \u00fcberschatteten, wor\u00fcber jetzt nicht im einzelnen zu reden ist.\n"
                },
                "6": {
                    "verse_nr": 6,
                    "verse": "Da nun dieses so eingerichtet ist, betreten zwar die Priester allezeit das vordere Zelt zur Verrichtung des Gottesdienstes;\n"
                },
                "7": {
                    "verse_nr": 7,
                    "verse": "in das zweite Zelt aber geht einmal im Jahr nur der Hohepriester, nicht ohne Blut, das er f\u00fcr sich selbst und f\u00fcr die Versehen des Volkes darbringt.\n"
                },
                "8": {
                    "verse_nr": 8,
                    "verse": "Damit zeigt der heilige Geist deutlich, da\u00df der Weg zum Heiligtum noch nicht geoffenbart sei, solange das vordere Zelt Bestand habe.\n"
                },
                "9": {
                    "verse_nr": 9,
                    "verse": "Dieses ist ein Gleichnis f\u00fcr die gegenw\u00e4rtige Zeit, da noch Gaben und Opfer dargebracht werden, welche, was das Gewissen anbelangt, den nicht vollkommen machen k\u00f6nnen, der den Gottesdienst verrichtet,\n"
                },
                "10": {
                    "verse_nr": 10,
                    "verse": "da er sich nur auf Speisen und Getr\u00e4nke und verschiedene Waschungen bezieht, auf fleischliche Verordnungen, welche bis zur Zeit der Zurechtbringung auferlegt sind.\n"
                },
                "11": {
                    "verse_nr": 11,
                    "verse": "Als aber Christus kam als ein Hoherpriester der zuk\u00fcnftigen G\u00fcter, ist er durch das gr\u00f6\u00dfere und vollkommenere Zelt, das nicht mit H\u00e4nden gemacht, das hei\u00dft nicht von dieser Sch\u00f6pfung ist,\n"
                },
                "12": {
                    "verse_nr": 12,
                    "verse": "auch nicht durch das Blut von B\u00f6cken und K\u00e4lbern, sondern durch sein eigenes Blut ein f\u00fcr allemal in das Heiligtum eingegangen und hat eine ewige Erl\u00f6sung erfunden.\n"
                },
                "13": {
                    "verse_nr": 13,
                    "verse": "Denn wenn das Blut von B\u00f6cken und Stieren und die Besprengung mit der Asche der jungen Kuh die Verunreinigten heiligt zu leiblicher Reinigkeit,\n"
                },
                "14": {
                    "verse_nr": 14,
                    "verse": "wieviel mehr wird das Blut Christi, der durch ewigen Geist sich selbst als ein tadelloses Opfer Gott dargebracht hat, unser Gewissen reinigen von toten Werken, zu dienen dem lebendigen Gott!\n"
                },
                "15": {
                    "verse_nr": 15,
                    "verse": "Darum ist er auch Mittler eines neuen Bundes, damit (nach Verb\u00fc\u00dfung des Todes zur Erl\u00f6sung von den unter dem ersten Bunde begangenen \u00dcbertretungen) die Berufenen das verhei\u00dfene ewige Erbe empfingen.\n"
                },
                "16": {
                    "verse_nr": 16,
                    "verse": "Denn wo ein Testament ist, da mu\u00df notwendig der Tod des Testators erwiesen werden;\n"
                },
                "17": {
                    "verse_nr": 17,
                    "verse": "denn ein Testament tritt auf Todesfall hin in kraft, da es keine G\u00fcltigkeit hat, solange der Testator lebt.\n"
                },
                "18": {
                    "verse_nr": 18,
                    "verse": "Daher wurde auch der erste Bund nicht ohne Blut eingeweiht.\n"
                },
                "19": {
                    "verse_nr": 19,
                    "verse": "Denn nachdem jedes einzelne Gebot nach dem Gesetz von Mose dem ganzen Volke vorgelegt worden war, nahm er das Blut der K\u00e4lber und B\u00f6cke mit Wasser und Purpurwolle und Ysop und besprengte sowohl das Buch selbst als auch das ganze Volk,\n"
                },
                "20": {
                    "verse_nr": 20,
                    "verse": "wobei er sprach: \u00abDies ist das Blut des Bundes, welchen Gott euch verordnet hat!\u00bb\n"
                },
                "21": {
                    "verse_nr": 21,
                    "verse": "Auch das Zelt und alle Ger\u00e4te des Gottesdienstes besprengte er in gleicher Weise mit Blut;\n"
                },
                "22": {
                    "verse_nr": 22,
                    "verse": "und fast alles wird nach dem Gesetz mit Blut gereinigt, und ohne Blutvergie\u00dfen geschieht keine Vergebung.\n"
                },
                "23": {
                    "verse_nr": 23,
                    "verse": "So ist es also notwendig, da\u00df die Abbilder der im Himmel befindlichen Dinge durch solches gereinigt werden, die himmlischen Dinge selbst aber durch bessere Opfer als diese.\n"
                },
                "24": {
                    "verse_nr": 24,
                    "verse": "Denn nicht in ein mit H\u00e4nden gemachtes Heiligtum, in ein Nachbild des wahrhaften, ist Christus eingegangen, sondern in den Himmel selbst, um jetzt zu erscheinen vor dem Angesichte Gottes f\u00fcr uns;\n"
                },
                "25": {
                    "verse_nr": 25,
                    "verse": "auch nicht, um sich selbst \u00f6fters zu opfern, gleichwie der Hohepriester jedes Jahr mit fremdem Blut ins Heiligtum hineingeht; denn sonst h\u00e4tte er ja \u00f6fters leiden m\u00fcssen von Grundlegung der Welt an!\n"
                },
                "26": {
                    "verse_nr": 26,
                    "verse": "Nun aber ist er einmal gegen das Ende der Weltzeiten hin erschienen zur Aufhebung der S\u00fcnde durch das Opfer seiner selbst;\n"
                },
                "27": {
                    "verse_nr": 27,
                    "verse": "und so gewi\u00df den Menschen bestimmt ist, einmal zu sterben, darnach aber das Gericht,\n"
                },
                "28": {
                    "verse_nr": 28,
                    "verse": "so wird auch Christus, nachdem er sich einmal zum Opfer dargebracht hat, um die S\u00fcnden vieler auf sich zu nehmen, zum zweitenmal ohne S\u00fcnde denen erscheinen, die auf ihn warten, zum Heil.\n"
                }
            }
        },
        "10": {
            "chapter_nr": 10,
            "chapter": {
                "1": {
                    "verse_nr": 1,
                    "verse": "Denn weil das Gesetz nur einen Schatten der zuk\u00fcnftigen G\u00fcter hat, nicht das Ebenbild der Dinge selbst, so kann es auch mit den gleichen allj\u00e4hrlichen Opfern, welche man immer wieder darbringt, die Hinzutretenden niemals vollkommen machen!\n"
                },
                "2": {
                    "verse_nr": 2,
                    "verse": "H\u00e4tte man sonst nicht aufgeh\u00f6rt, Opfer darzubringen, wenn die, welche den Gottesdienst verrichten, einmal gereinigt, kein Bewu\u00dftsein von S\u00fcnden mehr gehabt h\u00e4tten?\n"
                },
                "3": {
                    "verse_nr": 3,
                    "verse": "Statt dessen erfolgt durch dieselben nur alle Jahre eine Erinnerung an die S\u00fcnden.\n"
                },
                "4": {
                    "verse_nr": 4,
                    "verse": "Denn unm\u00f6glich kann Blut von Ochsen und B\u00f6cken S\u00fcnden wegnehmen!\n"
                },
                "5": {
                    "verse_nr": 5,
                    "verse": "Darum spricht er bei seinem Eintritt in die Welt: \u00abOpfer und Gaben hast du nicht gewollt; einen Leib aber hast du mir zubereitet.\n"
                },
                "6": {
                    "verse_nr": 6,
                    "verse": "Brandopfer und S\u00fcndopfer gefallen dir nicht.\n"
                },
                "7": {
                    "verse_nr": 7,
                    "verse": "Da sprach ich: Siehe, ich komme (in der Buchrolle steht von mir geschrieben), da\u00df ich tue, o Gott, deinen Willen.\u00bb\n"
                },
                "8": {
                    "verse_nr": 8,
                    "verse": "Indem er oben sagt: \u00abOpfer und Gaben, Brandopfer und S\u00fcndopfer hast du nicht gewollt, sie gefallen dir auch nicht\u00bb (die nach dem Gesetz dargebracht werden),\n"
                },
                "9": {
                    "verse_nr": 9,
                    "verse": "und dann fortf\u00e4hrt: \u00abSiehe, ich komme, zu tun deinen Willen\u00bb, hebt er das erstere auf, um das andere einzusetzen.\n"
                },
                "10": {
                    "verse_nr": 10,
                    "verse": "In diesem Willen sind wir geheiligt durch die Aufopferung des Leibes Jesu Christi ein f\u00fcr allemal.\n"
                },
                "11": {
                    "verse_nr": 11,
                    "verse": "Und jeder Priester steht da und verrichtet t\u00e4glich den Gottesdienst und bringt \u00f6fters dieselben Opfer dar, welche doch niemals S\u00fcnden wegnehmen k\u00f6nnen;\n"
                },
                "12": {
                    "verse_nr": 12,
                    "verse": "dieser aber hat sich, nachdem er ein einziges Opfer f\u00fcr die S\u00fcnden dargebracht hat, f\u00fcr immer zur Rechten Gottes gesetzt\n"
                },
                "13": {
                    "verse_nr": 13,
                    "verse": "und wartet hinfort, bis alle seine Feinde als Schemel seiner F\u00fc\u00dfe hingelegt werden;\n"
                },
                "14": {
                    "verse_nr": 14,
                    "verse": "denn mit einem einzigen Opfer hat er die, welche geheiligt werden, f\u00fcr immer vollendet.\n"
                },
                "15": {
                    "verse_nr": 15,
                    "verse": "Das bezeugt uns aber auch der heilige Geist;\n"
                },
                "16": {
                    "verse_nr": 16,
                    "verse": "denn, nachdem gesagt worden ist: \u00abDas ist der Bund, den ich mit ihnen schlie\u00dfen will nach diesen Tagen\u00bb, spricht der Herr: \u00abIch will meine Gesetze in ihre Herzen geben und sie in ihre Sinne schreiben,\n"
                },
                "17": {
                    "verse_nr": 17,
                    "verse": "und ihrer S\u00fcnden und ihrer Ungerechtigkeiten will ich nicht mehr gedenken.\u00bb\n"
                },
                "18": {
                    "verse_nr": 18,
                    "verse": "Wo aber Vergebung f\u00fcr diese ist, da ist kein Opfer mehr f\u00fcr S\u00fcnde.\n"
                },
                "19": {
                    "verse_nr": 19,
                    "verse": "Da wir nun, ihr Br\u00fcder, kraft des Blutes Jesu Freim\u00fctigkeit haben zum Eingang in das Heiligtum,\n"
                },
                "20": {
                    "verse_nr": 20,
                    "verse": "welchen er uns eingeweiht hat als neuen und lebendigen Weg durch den Vorhang hindurch, das hei\u00dft, durch sein Fleisch,\n"
                },
                "21": {
                    "verse_nr": 21,
                    "verse": "und einen so gro\u00dfen Priester \u00fcber das Haus Gottes haben,\n"
                },
                "22": {
                    "verse_nr": 22,
                    "verse": "so lasset uns hinzutreten mit wahrhaftigem Herzen, in voller Glaubenszuversicht, durch Besprengung der Herzen los vom b\u00f6sen Gewissen und gewaschen am Leibe mit reinem Wasser.\n"
                },
                "23": {
                    "verse_nr": 23,
                    "verse": "Lasset uns festhalten am Bekenntnis der Hoffnung, ohne zu wanken (denn er ist treu, der die Verhei\u00dfung gegeben hat);\n"
                },
                "24": {
                    "verse_nr": 24,
                    "verse": "und lasset uns aufeinander achten, uns gegenseitig anzuspornen zur Liebe und zu guten Werken,\n"
                },
                "25": {
                    "verse_nr": 25,
                    "verse": "indem wir unsere eigene Versammlung nicht verlassen, wie etliche zu tun pflegen, sondern einander ermahnen, und das um so viel mehr, als ihr den Tag herannahen sehet!\n"
                },
                "26": {
                    "verse_nr": 26,
                    "verse": "Denn wenn wir freiwillig s\u00fcndigen, nachdem wir die Erkenntnis der Wahrheit empfangen haben, so bleibt f\u00fcr S\u00fcnden kein Opfer mehr \u00fcbrig,\n"
                },
                "27": {
                    "verse_nr": 27,
                    "verse": "sondern ein schreckliches Erwarten des Gerichts und Feuereifers, der die Widerspenstigen verzehren wird.\n"
                },
                "28": {
                    "verse_nr": 28,
                    "verse": "Wenn jemand das Gesetz Moses mi\u00dfachtet, mu\u00df er ohne Barmherzigkeit auf die Aussage von zwei oder drei Zeugen hin sterben,\n"
                },
                "29": {
                    "verse_nr": 29,
                    "verse": "wieviel \u00e4rgerer Strafe, meinet ihr, wird derjenige schuldig erachtet werden, der den Sohn Gottes mit F\u00fc\u00dfen getreten und das Blut des Bundes, durch welches er geheiligt wurde, f\u00fcr gemein geachtet und den Geist der Gnade geschm\u00e4ht hat?\n"
                },
                "30": {
                    "verse_nr": 30,
                    "verse": "Denn wir kennen den, der da sagt: \u00abDie Rache ist mein; ich will vergelten!\u00bb und wiederum: \u00abDer Herr wird sein Volk richten\u00bb.\n"
                },
                "31": {
                    "verse_nr": 31,
                    "verse": "Schrecklich ist es, in die H\u00e4nde des lebendigen Gottes zu fallen!\n"
                },
                "32": {
                    "verse_nr": 32,
                    "verse": "Gedenket aber der fr\u00fcheren Tage, in welchen ihr nach eurer Erleuchtung unter Leiden viel Kampf erduldet habt,\n"
                },
                "33": {
                    "verse_nr": 33,
                    "verse": "da ihr teils selbst Schm\u00e4hungen und Drangsalen \u00f6ffentlich preisgegeben waret, teils mit denen Gemeinschaft hattet, welche so behandelt wurden;\n"
                },
                "34": {
                    "verse_nr": 34,
                    "verse": "denn ihr habt den Gefangenen Teilnahme bewiesen und den Raub eurer G\u00fcter mit Freuden hingenommen, in der Erkenntnis, da\u00df ihr selbst ein besseres und bleibendes Gut besitzet.\n"
                },
                "35": {
                    "verse_nr": 35,
                    "verse": "So werfet nun eure Freim\u00fctigkeit nicht weg, welche eine gro\u00dfe Belohnung hat!\n"
                },
                "36": {
                    "verse_nr": 36,
                    "verse": "Denn Ausdauer tut euch not, damit ihr nach Erf\u00fcllung des g\u00f6ttlichen Willens die Verhei\u00dfung erlanget.\n"
                },
                "37": {
                    "verse_nr": 37,
                    "verse": "Denn noch eine kleine, ganz kleine Weile, so wird kommen, der da kommen soll und nicht verziehen.\n"
                },
                "38": {
                    "verse_nr": 38,
                    "verse": "\u00abMein Gerechter aber wird aus Glauben leben; zieht er sich aber aus Feigheit zur\u00fcck, so wird meine Seele kein Wohlgefallen an ihm haben.\u00bb\n"
                },
                "39": {
                    "verse_nr": 39,
                    "verse": "Wir aber sind nicht von denen, die feige zur\u00fcckweichen zum Verderben, sondern die da glauben zur Rettung der Seele.\n"
                }
            }
        },
        "11": {
            "chapter_nr": 11,
            "chapter": {
                "1": {
                    "verse_nr": 1,
                    "verse": "Es ist aber der Glaube ein Beharren auf dem, was man hofft, eine \u00dcberzeugung von Tatsachen, die man nicht sieht.\n"
                },
                "2": {
                    "verse_nr": 2,
                    "verse": "Durch solchen haben die Alten ein gutes Zeugnis erhalten.\n"
                },
                "3": {
                    "verse_nr": 3,
                    "verse": "Durch Glauben erkennen wir, da\u00df die Weltzeiten durch Gottes Wort bereitet worden sind, also das, was man sieht, aus Unsichtbarem entstanden ist.\n"
                },
                "4": {
                    "verse_nr": 4,
                    "verse": "Durch Glauben brachte Abel Gott ein gr\u00f6\u00dferes Opfer dar als Kain; durch ihn erhielt er das Zeugnis, da\u00df er gerecht sei, indem Gott \u00fcber seine Gaben Zeugnis ablegte, und durch ihn redet er noch, wiewohl er gestorben ist.\n"
                },
                "5": {
                    "verse_nr": 5,
                    "verse": "Durch Glauben wurde Enoch entr\u00fcckt, so da\u00df er den Tod nicht sah, und er wurde nicht mehr gefunden, weil Gott ihn entr\u00fcckt hatte; denn vor seiner Entr\u00fcckung wurde ihm das Zeugnis gegeben, da\u00df er Gott wohlgefallen habe.\n"
                },
                "6": {
                    "verse_nr": 6,
                    "verse": "Ohne Glauben aber ist es unm\u00f6glich, ihm wohlzugefallen; denn wer zu Gott kommen soll, mu\u00df glauben, da\u00df er ist und die, welche ihn suchen, belohnen wird.\n"
                },
                "7": {
                    "verse_nr": 7,
                    "verse": "Durch Glauben baute Noah, als er betreffs dessen, was man noch nicht sah, eine Weissagung empfangen hatte, in ehrerbietiger Scheu eine Arche zur Rettung seines Hauses; durch ihn verurteilte er die Welt und wurde ein Erbe der Glaubensgerechtigkeit.\n"
                },
                "8": {
                    "verse_nr": 8,
                    "verse": "Durch Glauben gehorchte Abraham, als er berufen wurde, nach einem Ort auszuziehen, den er zum Erbteil empfangen sollte; und er zog aus, ohne zu wissen, wohin er komme.\n"
                },
                "9": {
                    "verse_nr": 9,
                    "verse": "Durch Glauben siedelte er sich im Lande der Verhei\u00dfung an, als in einem fremden, und wohnte in Zelten mit Isaak und Jakob, den Miterben derselben Verhei\u00dfung;\n"
                },
                "10": {
                    "verse_nr": 10,
                    "verse": "denn er wartete auf die Stadt, welche die Grundfesten hat, deren Baumeister und Sch\u00f6pfer Gott ist.\n"
                },
                "11": {
                    "verse_nr": 11,
                    "verse": "Durch Glauben erhielt auch Sara Kraft zur Gr\u00fcndung einer Nachkommenschaft trotz ihres Alters, weil sie den f\u00fcr treu achtete, der es verhei\u00dfen hatte.\n"
                },
                "12": {
                    "verse_nr": 12,
                    "verse": "Darum sind auch von einem einzigen, und zwar erstorbenen Leibe Kinder entsprossen wie die Sterne des Himmels an Menge und wie der Sand am Gestade des Meeres, der nicht zu z\u00e4hlen ist.\n"
                },
                "13": {
                    "verse_nr": 13,
                    "verse": "Diese alle sind im Glauben gestorben, ohne das Verhei\u00dfene empfangen zu haben, sondern sie haben es nur von ferne gesehen und begr\u00fc\u00dft und bekannt, da\u00df sie Fremdlinge und Pilgrime seien auf Erden;\n"
                },
                "14": {
                    "verse_nr": 14,
                    "verse": "denn die solches sagen, zeigen damit an, da\u00df sie ein Vaterland suchen.\n"
                },
                "15": {
                    "verse_nr": 15,
                    "verse": "Und h\u00e4tten sie dabei an jenes gedacht, von welchem sie ausgezogen waren, so h\u00e4tten sie ja Zeit gehabt zur\u00fcckzukehren;\n"
                },
                "16": {
                    "verse_nr": 16,
                    "verse": "nun aber trachten sie nach einem besseren, n\u00e4mlich einem himmlischen. Darum sch\u00e4mt sich Gott nicht, ihr Gott zu hei\u00dfen; denn er hat ihnen eine Stadt zubereitet.\n"
                },
                "17": {
                    "verse_nr": 17,
                    "verse": "Durch Glauben brachte Abraham den Isaak dar, als er versucht wurde, und opferte den Eingeborenen, er, der die Verhei\u00dfungen empfangen hatte,\n"
                },
                "18": {
                    "verse_nr": 18,
                    "verse": "zu welchem gesagt worden war: \u00abIn Isaak soll dir ein Same berufen werden.\u00bb\n"
                },
                "19": {
                    "verse_nr": 19,
                    "verse": "Er z\u00e4hlte eben darauf, da\u00df Gott imstande sei, auch von den Toten zu erwecken, weshalb er ihn auch, wie durch ein Gleichnis, wieder erhielt.\n"
                },
                "20": {
                    "verse_nr": 20,
                    "verse": "Durch Glauben segnete auch Isaak den Jakob und Esau betreffs der zuk\u00fcnftigen Dinge.\n"
                },
                "21": {
                    "verse_nr": 21,
                    "verse": "Durch Glauben segnete Jakob bei seinem Sterben einen jeden der S\u00f6hne Josephs und betete an, auf seinen Stab gest\u00fctzt.\n"
                },
                "22": {
                    "verse_nr": 22,
                    "verse": "Durch Glauben gedachte Joseph bei seinem Ende des Auszuges der Kinder Israel und gab Befehl wegen seiner Gebeine.\n"
                },
                "23": {
                    "verse_nr": 23,
                    "verse": "Durch Glauben wurde Mose nach seiner Geburt von seinen Eltern drei Monate lang verborgen gehalten, weil sie sahen, da\u00df er ein sch\u00f6nes Kind war, und sie des K\u00f6nigs Gebot nicht f\u00fcrchteten.\n"
                },
                "24": {
                    "verse_nr": 24,
                    "verse": "Durch Glauben weigerte sich Mose, als er gro\u00df geworden war, ein Sohn der Tochter des Pharao zu hei\u00dfen.\n"
                },
                "25": {
                    "verse_nr": 25,
                    "verse": "Er wollte lieber mit dem Volke Gottes Ungemach leiden, als zeitliche Erg\u00f6tzung der S\u00fcnde haben,\n"
                },
                "26": {
                    "verse_nr": 26,
                    "verse": "da er die Schmach Christi f\u00fcr gr\u00f6\u00dferen Reichtum hielt als die Sch\u00e4tze \u00c4gyptens; denn er sah die Belohnung an.\n"
                },
                "27": {
                    "verse_nr": 27,
                    "verse": "Durch Glauben verlie\u00df er \u00c4gypten, ohne den Grimm des K\u00f6nigs zu f\u00fcrchten; denn er hielt sich an den Unsichtbaren, als s\u00e4he er ihn.\n"
                },
                "28": {
                    "verse_nr": 28,
                    "verse": "Durch Glauben hat er das Passah veranstaltet und das Besprengen mit Blut, damit der W\u00fcrgengel ihre Erstgeborenen nicht anr\u00fchre.\n"
                },
                "29": {
                    "verse_nr": 29,
                    "verse": "Durch Glauben gingen sie durch das Rote Meer wie durch trockenes Land; w\u00e4hrend die \u00c4gypter, als sie das auch versuchten, ertranken.\n"
                },
                "30": {
                    "verse_nr": 30,
                    "verse": "Durch Glauben fielen die Mauern von Jericho, nachdem sie sieben Tage umzogen worden waren.\n"
                },
                "31": {
                    "verse_nr": 31,
                    "verse": "Durch Glauben kam Rahab, die Dirne, nicht mit den Ungehorsamen um, weil sie die Kundschafter mit Frieden aufgenommen hatte.\n"
                },
                "32": {
                    "verse_nr": 32,
                    "verse": "Und was soll ich noch sagen? Die Zeit w\u00fcrde mir fehlen, wenn ich erz\u00e4hlen wollte von Gideon, Barak, Simson, Jephta, David und Samuel und den Propheten,\n"
                },
                "33": {
                    "verse_nr": 33,
                    "verse": "welche durch Glauben K\u00f6nigreiche bezwangen, Gerechtigkeit wirkten, Verhei\u00dfungen erlangten, der L\u00f6wen Rachen verstopften.\n"
                },
                "34": {
                    "verse_nr": 34,
                    "verse": "Sie haben die Gewalt des Feuers ausgel\u00f6scht, sind des Schwertes Sch\u00e4rfe entronnen, von Schwachheit zu Kraft gekommen, stark geworden im Streit, haben der Fremden Heere in die Flucht gejagt.\n"
                },
                "35": {
                    "verse_nr": 35,
                    "verse": "Frauen erhielten ihre Toten durch Auferstehung wieder; andere aber lie\u00dfen sich martern und nahmen die Befreiung nicht an, um eine bessere Auferstehung zu erlangen.\n"
                },
                "36": {
                    "verse_nr": 36,
                    "verse": "Andere erfuhren Spott und Gei\u00dfelung, dazu Ketten und Gef\u00e4ngnis;\n"
                },
                "37": {
                    "verse_nr": 37,
                    "verse": "sie wurden gesteinigt, verbrannt, zers\u00e4gt, erlitten den Tod durchs Schwert, zogen umher in Schafspelzen und Ziegenfellen, erlitten Mangel, Bedr\u00fcckung, Mi\u00dfhandlung;\n"
                },
                "38": {
                    "verse_nr": 38,
                    "verse": "sie, derer die Welt nicht wert war, irrten umher in W\u00fcsten und Gebirgen, in H\u00f6hlen und L\u00f6chern der Erde.\n"
                },
                "39": {
                    "verse_nr": 39,
                    "verse": "Und diese alle, obschon sie hinsichtlich des Glaubens ein gutes Zeugnis erhielten, haben das Verhei\u00dfene nicht erlangt,\n"
                },
                "40": {
                    "verse_nr": 40,
                    "verse": "weil Gott f\u00fcr uns etwas Besseres vorgesehen hat, damit sie nicht ohne uns vollendet w\u00fcrden.\n"
                }
            }
        },
        "12": {
            "chapter_nr": 12,
            "chapter": {
                "1": {
                    "verse_nr": 1,
                    "verse": "Darum auch wir, weil wir eine solche Wolke von Zeugen um uns haben, lasset uns jede Last und die uns so leicht umstrickende S\u00fcnde ablegen und mit Ausdauer die Rennbahn durchlaufen, welche vor uns liegt,\n"
                },
                "2": {
                    "verse_nr": 2,
                    "verse": "im Aufblick auf Jesus, den Anf\u00e4nger und Vollender des Glaubens, welcher f\u00fcr die vor ihm liegende Freude das Kreuz erduldete, die Schande nicht achtete und sich zur Rechten des Thrones Gottes gesetzt hat.\n"
                },
                "3": {
                    "verse_nr": 3,
                    "verse": "Achtet auf ihn, der solchen Widerspruch von den S\u00fcndern gegen sich erduldet hat, damit ihr nicht m\u00fcde werdet und den Mut verliert!\n"
                },
                "4": {
                    "verse_nr": 4,
                    "verse": "Ihr habt noch nicht bis aufs Blut widerstanden im Kampf wider die S\u00fcnde\n"
                },
                "5": {
                    "verse_nr": 5,
                    "verse": "und habt das Trostwort vergessen, womit ihr als S\u00f6hne angeredet werdet: \u00abMein Sohn, achte nicht gering die Z\u00fcchtigung des Herrn und verzage nicht, wenn du von ihm gestraft wirst!\n"
                },
                "6": {
                    "verse_nr": 6,
                    "verse": "Denn welchen der Herr lieb hat, den z\u00fcchtigt er, und er gei\u00dfelt einen jeglichen Sohn, den er aufnimmt.\u00bb\n"
                },
                "7": {
                    "verse_nr": 7,
                    "verse": "Wenn ihr Z\u00fcchtigung erduldet, so behandelt euch Gott ja als S\u00f6hne; denn wo ist ein Sohn, den der Vater nicht z\u00fcchtigt?\n"
                },
                "8": {
                    "verse_nr": 8,
                    "verse": "Seid ihr aber ohne Z\u00fcchtigung, derer sie alle teilhaftig geworden sind, so seid ihr ja unecht und keine S\u00f6hne!\n"
                },
                "9": {
                    "verse_nr": 9,
                    "verse": "Sodann hatten wir auch unsere leiblichen V\u00e4ter zu Zuchtmeistern und scheuten sie; sollten wir jetzt nicht vielmehr dem Vater der Geister untertan sein und leben?\n"
                },
                "10": {
                    "verse_nr": 10,
                    "verse": "Denn jene haben uns f\u00fcr wenige Tage gez\u00fcchtigt, nach ihrem Gutd\u00fcnken; er aber zu unsrem Besten, damit wir seiner Heiligkeit teilhaftig werden.\n"
                },
                "11": {
                    "verse_nr": 11,
                    "verse": "Alle Z\u00fcchtigung aber, wenn sie da ist, d\u00fcnkt uns nicht zur Freude, sondern zur Traurigkeit zu dienen; hernach aber gibt sie eine friedsame Frucht der Gerechtigkeit denen, die dadurch ge\u00fcbt sind.\n"
                },
                "12": {
                    "verse_nr": 12,
                    "verse": "Darum \u00abrecket wieder aus die schlaff gewordenen H\u00e4nde und die erlahmten Knie\u00bb\n"
                },
                "13": {
                    "verse_nr": 13,
                    "verse": "und \u00abtut gerade Tritte mit euren F\u00fc\u00dfen\u00bb, damit das Lahme nicht abweiche, sondern vielmehr geheilt werde!\n"
                },
                "14": {
                    "verse_nr": 14,
                    "verse": "Jaget nach dem Frieden mit jedermann und der Heiligung, ohne welche niemand den Herrn sehen wird!\n"
                },
                "15": {
                    "verse_nr": 15,
                    "verse": "Und sehet darauf, da\u00df nicht jemand die Gnade Gottes vers\u00e4ume, da\u00df nicht etwa eine bittere Wurzel aufwachse und St\u00f6rungen verursache und viele dadurch befleckt werden,\n"
                },
                "16": {
                    "verse_nr": 16,
                    "verse": "da\u00df nicht jemand ein Unz\u00fcchtiger oder ein gemeiner Mensch sei wie Esau, der um einer Speise willen sein Erstgeburtsrecht verkaufte.\n"
                },
                "17": {
                    "verse_nr": 17,
                    "verse": "Denn ihr wisset, da\u00df er nachher, als er den Segen ererben wollte, verworfen wurde, denn er fand keinen Raum zur Bu\u00dfe, obschon er den Segen mit Tr\u00e4nen suchte.\n"
                },
                "18": {
                    "verse_nr": 18,
                    "verse": "Denn ihr seid nicht zu dem Berg gekommen, den man anr\u00fchren konnte, und zu dem gl\u00fchenden Feuer, noch zu dem Dunkel, der Finsternis und dem Ungewitter,\n"
                },
                "19": {
                    "verse_nr": 19,
                    "verse": "noch zu dem Schall der Posaune und der Stimme der Worte, bei der die Zuh\u00f6rer sich erbaten, da\u00df nicht weiter zu ihnen geredet werde; denn sie ertrugen nicht, was befohlen war:\n"
                },
                "20": {
                    "verse_nr": 20,
                    "verse": "\u00abUnd wenn ein Tier den Berg ber\u00fchrt, soll es gesteinigt werden!\u00bb\n"
                },
                "21": {
                    "verse_nr": 21,
                    "verse": "und so schrecklich war die Erscheinung, da\u00df Mose sprach: \u00abIch bin erschrocken und zittere!\u00bb\n"
                },
                "22": {
                    "verse_nr": 22,
                    "verse": "sondern ihr seid gekommen zu dem Berge Zion und zu der Stadt des lebendigen Gottes, dem himmlischen Jerusalem, und zu Zehntausenden von Engeln,\n"
                },
                "23": {
                    "verse_nr": 23,
                    "verse": "zur Festversammlung und Gemeinde der Erstgeborenen, die im Himmel angeschrieben sind, und zu Gott, dem Richter \u00fcber alle, und zu den Geistern der vollendeten Gerechten\n"
                },
                "24": {
                    "verse_nr": 24,
                    "verse": "und zu Jesus, dem Mittler des neuen Bundes, und zu dem Blut der Besprengung, das Besseres redet als Abels Blut.\n"
                },
                "25": {
                    "verse_nr": 25,
                    "verse": "Sehet zu, da\u00df ihr den nicht abweiset, der da redet! Denn wenn jene nicht entflohen sind, die es sich verbaten, als er auf Erden redete, wieviel weniger wir, wenn wir uns von dem abwenden, der es vom Himmel herab tut,\n"
                },
                "26": {
                    "verse_nr": 26,
                    "verse": "dessen Stimme damals die Erde bewegte; nun aber hat er verhei\u00dfen: \u00abNoch einmal will ich bewegen, nicht allein die Erde, sondern auch den Himmel!\u00bb\n"
                },
                "27": {
                    "verse_nr": 27,
                    "verse": "Dieses \u00abnoch einmal\u00bb deutet hin auf die Ver\u00e4nderung des Beweglichen, weil Erschaffenen, damit das Unbewegliche bleibe.\n"
                },
                "28": {
                    "verse_nr": 28,
                    "verse": "Darum, weil wir ein unbewegliches Reich empfangen, lasset uns Dank beweisen, durch welchen wir Gott wohlgef\u00e4llig dienen wollen mit Scheu und Furcht!\n"
                },
                "29": {
                    "verse_nr": 29,
                    "verse": "Denn auch unser Gott ist ein verzehrendes Feuer.\n"
                }
            }
        },
        "13": {
            "chapter_nr": 13,
            "chapter": {
                "1": {
                    "verse_nr": 1,
                    "verse": "Die Bruderliebe soll bleiben!\n"
                },
                "2": {
                    "verse_nr": 2,
                    "verse": "Gastfrei zu sein vergesset nicht; denn dadurch haben etliche ohne ihr Wissen Engel beherbergt.\n"
                },
                "3": {
                    "verse_nr": 3,
                    "verse": "Gedenket der Gefangenen als Mitgefangene und derer, die Ungemach leiden, als solche, die selbst auch noch im Leibe leben.\n"
                },
                "4": {
                    "verse_nr": 4,
                    "verse": "Die Ehe ist von allen in Ehren zu halten und das Ehebett unbefleckt; denn Hurer und Ehebrecher wird Gott richten!\n"
                },
                "5": {
                    "verse_nr": 5,
                    "verse": "Der Wandel sei ohne Geiz! Begn\u00fcget euch mit dem Vorhandenen! Denn er selbst hat gesagt: \u00abIch will dich nicht verlassen noch vers\u00e4umen!\u00bb\n"
                },
                "6": {
                    "verse_nr": 6,
                    "verse": "Also da\u00df wir getrost sagen m\u00f6gen: \u00abDer Herr ist mein Helfer; ich f\u00fcrchte mich nicht! Was k\u00f6nnen Menschen mir tun?\u00bb\n"
                },
                "7": {
                    "verse_nr": 7,
                    "verse": "Gedenket eurer F\u00fchrer, die euch das Wort Gottes gesagt haben; schauet das Ende ihres Wandels an und ahmet ihren Glauben nach!\n"
                },
                "8": {
                    "verse_nr": 8,
                    "verse": "Jesus Christus ist gestern und heute und derselbe auch in Ewigkeit!\n"
                },
                "9": {
                    "verse_nr": 9,
                    "verse": "Lasset euch nicht von mancherlei und fremden Lehren umhertreiben; denn es ist gut, da\u00df das Herz durch Gnade befestigt werde, nicht durch Speisen, mit welchen sich abzugeben noch niemand Nutzen gebracht hat.\n"
                },
                "10": {
                    "verse_nr": 10,
                    "verse": "Es gibt einen Altar, von welchem die Diener der Stiftsh\u00fctte nicht essen d\u00fcrfen.\n"
                },
                "11": {
                    "verse_nr": 11,
                    "verse": "Denn von den Tieren, deren Blut f\u00fcr die S\u00fcnde durch den Hohenpriester ins Allerheiligste getragen wird, werden die Leiber au\u00dferhalb des Lagers verbrannt.\n"
                },
                "12": {
                    "verse_nr": 12,
                    "verse": "Darum hat auch Jesus, um das Volk durch sein eigenes Blut zu heiligen, au\u00dferhalb des Tores gelitten.\n"
                },
                "13": {
                    "verse_nr": 13,
                    "verse": "So lasset uns nun zu ihm hinausgehen, au\u00dferhalb des Lagers, und seine Schmach tragen!\n"
                },
                "14": {
                    "verse_nr": 14,
                    "verse": "Denn wir haben hier keine bleibende Stadt, sondern suchen die zuk\u00fcnftige.\n"
                },
                "15": {
                    "verse_nr": 15,
                    "verse": "Durch ihn lasset uns nun Gott allezeit ein Opfer des Lobes darbringen, das ist die \u00abFrucht der Lippen\u00bb, die seinen Namen bekennen!\n"
                },
                "16": {
                    "verse_nr": 16,
                    "verse": "Wohlzutun und mitzuteilen vergesset nicht; denn solche Opfer gefallen Gott wohl!\n"
                },
                "17": {
                    "verse_nr": 17,
                    "verse": "Gehorchet euren F\u00fchrern und folget ihnen; denn sie wachen \u00fcber eure Seelen als solche, die Rechenschaft ablegen sollen, damit sie das mit Freuden tun m\u00f6gen und nicht mit Seufzen; denn das w\u00e4re euch zum Schaden!\n"
                },
                "18": {
                    "verse_nr": 18,
                    "verse": "Betet f\u00fcr uns! Denn wir sind \u00fcberzeugt, ein gutes Gewissen zu haben, da wir uns allenthalben eines anst\u00e4ndigen Lebenswandels beflei\u00dfigen.\n"
                },
                "19": {
                    "verse_nr": 19,
                    "verse": "Um so mehr aber ermahne ich euch, solches zu tun, damit ich euch desto b\u00e4lder wiedergeschenkt werde.\n"
                },
                "20": {
                    "verse_nr": 20,
                    "verse": "Der Gott des Friedens aber, der den gro\u00dfen Hirten der Schafe von den Toten ausgef\u00fchrt hat, mit dem Blut eines ewigen Bundes, unsren Herrn Jesus,\n"
                },
                "21": {
                    "verse_nr": 21,
                    "verse": "der r\u00fcste euch mit allem Guten aus, seinen Willen zu tun, indem er selbst in euch schafft, was vor ihm wohlgef\u00e4llig ist, durch Jesus Christus. Ihm sei die Ehre von Ewigkeit zu Ewigkeit! Amen.\n"
                },
                "22": {
                    "verse_nr": 22,
                    "verse": "Ich ermahne euch aber, ihr Br\u00fcder, nehmet das Wort der Ermahnung an! Denn ich habe euch mit kurzen Worten geschrieben.\n"
                },
                "23": {
                    "verse_nr": 23,
                    "verse": "Wisset, da\u00df unser Bruder Timotheus freigelassen worden ist; wenn er bald kommt, will ich euch mit ihm besuchen.\n"
                },
                "24": {
                    "verse_nr": 24,
                    "verse": "Gr\u00fc\u00dfet alle eure F\u00fchrer und alle Heiligen! Es gr\u00fc\u00dfen euch die von Italien!\n"
                },
                "25": {
                    "verse_nr": 25,
                    "verse": "Die Gnade sei mit euch allen!\n"
                }
            }
        }
    }
}