{
    "version": "ntv",
    "book_name": "Ezra",
    "book_nr": "15",
    "book": {
        "1": {
            "chapter_nr": "1",
            "chapter": {
                "1": {
                    "verse_nr": "1",
                    "verse": "Ciro permite el regreso de los desterrados - En el primer a\u00f1o de Ciro, rey de Persia, el SE\u00f1OR cumpli\u00f3 la profec\u00eda que hab\u00eda dado por medio de Jerem\u00edas. Movi\u00f3 el coraz\u00f3n de Ciro a poner por escrito el siguiente edicto y enviarlo a todo el reino:"
                },
                "2": {
                    "verse_nr": "2",
                    "verse": "\u00abEsto dice Ciro, rey de Persia: \u00bb\u201cEl SE\u00f1OR, Dios del cielo, me ha dado todos los reinos de la tierra. Me encarg\u00f3 construirle un templo en Jerusal\u00e9n, que est\u00e1 en Jud\u00e1."
                },
                "3": {
                    "verse_nr": "3",
                    "verse": "Cualquiera que pertenezca a su pueblo puede ir a Jerusal\u00e9n de Jud\u00e1 para reconstruir el templo del SE\u00f1OR, Dios de Israel, quien vive en Jerusal\u00e9n, \u00a1y que su Dios est\u00e9 con ustedes!"
                },
                "4": {
                    "verse_nr": "4",
                    "verse": "En el lugar que se encuentre este remanente jud\u00edo, que sus vecinos los ayuden con los gastos, d\u00e1ndoles plata y oro, provisiones para el viaje y animales, como tambi\u00e9n una ofrenda voluntaria para el templo de Dios en Jerusal\u00e9n\u201d\u00bb."
                },
                "5": {
                    "verse_nr": "5",
                    "verse": "Luego Dios movi\u00f3 el coraz\u00f3n de los sacerdotes, de los levitas y de los jefes de las tribus de Jud\u00e1 y de Benjam\u00edn, para que fueran a Jerusal\u00e9n a reconstruir el templo del SE\u00f1OR."
                },
                "6": {
                    "verse_nr": "6",
                    "verse": "Todos los vecinos colaboraron, d\u00e1ndoles objetos de plata y de oro, provisiones para el viaje y animales. Les dieron muchos regalos valiosos adem\u00e1s de todas las ofrendas voluntarias."
                },
                "7": {
                    "verse_nr": "7",
                    "verse": "El propio rey Ciro sac\u00f3 los objetos que el rey Nabucodonosor se hab\u00eda llevado del templo del SE\u00f1OR en Jerusal\u00e9n y hab\u00eda colocado en el templo de sus dioses."
                },
                "8": {
                    "verse_nr": "8",
                    "verse": "Ciro le orden\u00f3 a Mitr\u00eddates, el tesorero de Persia, que contara esos art\u00edculos y se los entregara a Sesbasar, el l\u00edder de los desterrados que regresaban a Jud\u00e1."
                },
                "9": {
                    "verse_nr": "9",
                    "verse": "La siguiente es una lista de los art\u00edculos que se devolvieron: tazones de oro 30 tazones de plata 1000 recipientes de plata para quemar incienso 29"
                },
                "10": {
                    "verse_nr": "10",
                    "verse": "copas de oro 30 copas de plata 410 otros art\u00edculos 1000"
                },
                "11": {
                    "verse_nr": "11",
                    "verse": "En total eran 5400 art\u00edculos de oro y de plata. Sesbasar los llev\u00f3 todos consigo cuando los desterrados se fueron de Babilonia hacia Jerusal\u00e9n."
                }
            }
        },
        "2": {
            "chapter_nr": "2",
            "chapter": {
                "1": {
                    "verse_nr": "1",
                    "verse": "Los desterrados que regresaron con Zorobabel - Esta es la lista de los desterrados jud\u00edos de las provincias que regresaron de su cautiverio. El rey Nabucodonosor los hab\u00eda desterrado a Babilonia, pero ahora regresaron a Jerusal\u00e9n y a las otras ciudades de Jud\u00e1 donde viv\u00edan originalmente."
                },
                "2": {
                    "verse_nr": "2",
                    "verse": "Sus l\u00edderes fueron Zorobabel, Jes\u00faa, Nehem\u00edas, Sera\u00edas, Reela\u00edas, Mardoqueo, Bils\u00e1n, Mispar, Bigvai, Rehum y Baana. Este es el total de los hombres de Israel que regres\u00f3 del destierro:"
                },
                "3": {
                    "verse_nr": "3",
                    "verse": "la familia de Paros 2172"
                },
                "4": {
                    "verse_nr": "4",
                    "verse": "la familia de Sefat\u00edas 372"
                },
                "5": {
                    "verse_nr": "5",
                    "verse": "la familia de Ara 775"
                },
                "6": {
                    "verse_nr": "6",
                    "verse": "la familia de Pahat-moab (descendientes de Jes\u00faa y Joab) 2812"
                },
                "7": {
                    "verse_nr": "7",
                    "verse": "la familia de Elam 1254"
                },
                "8": {
                    "verse_nr": "8",
                    "verse": "la familia de Zatu 945"
                },
                "9": {
                    "verse_nr": "9",
                    "verse": "la familia de Zacai 760"
                },
                "10": {
                    "verse_nr": "10",
                    "verse": "la familia de Bani 642"
                },
                "11": {
                    "verse_nr": "11",
                    "verse": "la familia de Bebai 623"
                },
                "12": {
                    "verse_nr": "12",
                    "verse": "la familia de Azgad 1222"
                },
                "13": {
                    "verse_nr": "13",
                    "verse": "la familia de Adonicam 666"
                },
                "14": {
                    "verse_nr": "14",
                    "verse": "la familia de Bigvai 2056"
                },
                "15": {
                    "verse_nr": "15",
                    "verse": "la familia de Ad\u00edn 454"
                },
                "16": {
                    "verse_nr": "16",
                    "verse": "la familia de Ater (descendientes de Ezequ\u00edas) 98"
                },
                "17": {
                    "verse_nr": "17",
                    "verse": "la familia de Bezai 323"
                },
                "18": {
                    "verse_nr": "18",
                    "verse": "la familia de Jora 112"
                },
                "19": {
                    "verse_nr": "19",
                    "verse": "la familia de Hasum 223"
                },
                "20": {
                    "verse_nr": "20",
                    "verse": "la familia de Gibar 95"
                },
                "21": {
                    "verse_nr": "21",
                    "verse": "la gente de Bel\u00e9n 123"
                },
                "22": {
                    "verse_nr": "22",
                    "verse": "la gente de Netofa 56"
                },
                "23": {
                    "verse_nr": "23",
                    "verse": "la gente de Anatot 128"
                },
                "24": {
                    "verse_nr": "24",
                    "verse": "la gente de Bet-azmavet 42"
                },
                "25": {
                    "verse_nr": "25",
                    "verse": "la gente de Quiriat-jearim, Cafira y Beerot 743"
                },
                "26": {
                    "verse_nr": "26",
                    "verse": "la gente de Ram\u00e1 y Geba 621"
                },
                "27": {
                    "verse_nr": "27",
                    "verse": "la gente de Micmas 122"
                },
                "28": {
                    "verse_nr": "28",
                    "verse": "la gente de Betel y Hai 223"
                },
                "29": {
                    "verse_nr": "29",
                    "verse": "los ciudadanos de Nebo 52"
                },
                "30": {
                    "verse_nr": "30",
                    "verse": "los ciudadanos de Magbis 156"
                },
                "31": {
                    "verse_nr": "31",
                    "verse": "los ciudadanos de Elam occidental 1254"
                },
                "32": {
                    "verse_nr": "32",
                    "verse": "los ciudadanos de Harim 320"
                },
                "33": {
                    "verse_nr": "33",
                    "verse": "los ciudadanos de Lod, Hadid y Ono 725"
                },
                "34": {
                    "verse_nr": "34",
                    "verse": "los ciudadanos de Jeric\u00f3 345"
                },
                "35": {
                    "verse_nr": "35",
                    "verse": "los ciudadanos de Senaa 3630"
                },
                "36": {
                    "verse_nr": "36",
                    "verse": "Estos son los sacerdotes que regresaron del destierro: la familia de Jeda\u00edas (por la l\u00ednea geneal\u00f3gica de Jes\u00faa) 973"
                },
                "37": {
                    "verse_nr": "37",
                    "verse": "la familia de Imer 1052"
                },
                "38": {
                    "verse_nr": "38",
                    "verse": "la familia de Pasur 1247"
                },
                "39": {
                    "verse_nr": "39",
                    "verse": "la familia de Harim 1017"
                },
                "40": {
                    "verse_nr": "40",
                    "verse": "Estos son los levitas que regresaron del destierro: la familia de Jes\u00faa y la de Cadmiel (descendientes de Hodav\u00edas) 74"
                },
                "41": {
                    "verse_nr": "41",
                    "verse": "los cantores de la familia de Asaf 128"
                },
                "42": {
                    "verse_nr": "42",
                    "verse": "los porteros de las familias de Salum, Ater, Talm\u00f3n, Acub, Hatita y Sobai 139"
                },
                "43": {
                    "verse_nr": "43",
                    "verse": "Regresaron del destierro los descendientes de estos sirvientes del templo: Ziha, Hasufa, Tabaot,"
                },
                "44": {
                    "verse_nr": "44",
                    "verse": "Queros, Siaha, Pad\u00f3n,"
                },
                "45": {
                    "verse_nr": "45",
                    "verse": "Lebana, Hagaba, Acub,"
                },
                "46": {
                    "verse_nr": "46",
                    "verse": "Hagab, Salmai, Han\u00e1n,"
                },
                "47": {
                    "verse_nr": "47",
                    "verse": "Gidel, Gahar, Rea\u00eda,"
                },
                "48": {
                    "verse_nr": "48",
                    "verse": "Rez\u00edn, Necoda, Gazam,"
                },
                "49": {
                    "verse_nr": "49",
                    "verse": "Uza, Paseah, Besai,"
                },
                "50": {
                    "verse_nr": "50",
                    "verse": "Asena, Mehunim, Nefusim,"
                },
                "51": {
                    "verse_nr": "51",
                    "verse": "Bacbuc, Hacufa, Harhur,"
                },
                "52": {
                    "verse_nr": "52",
                    "verse": "Bazlut, Meh\u00edda, Harsa,"
                },
                "53": {
                    "verse_nr": "53",
                    "verse": "Barcos, S\u00edsara, Tema,"
                },
                "54": {
                    "verse_nr": "54",
                    "verse": "Nez\u00eda y Hatifa."
                },
                "55": {
                    "verse_nr": "55",
                    "verse": "Regresaron del destierro los descendientes de estos sirvientes del rey Salom\u00f3n: Sotai, Hasoferet, Peruda,"
                },
                "56": {
                    "verse_nr": "56",
                    "verse": "Jaala, Darc\u00f3n, Gidel,"
                },
                "57": {
                    "verse_nr": "57",
                    "verse": "Sefat\u00edas, Hatil, Poqueret-hazebaim y Ami."
                },
                "58": {
                    "verse_nr": "58",
                    "verse": "En total, los sirvientes del templo y los descendientes de los sirvientes de Salom\u00f3n fueron trescientas noventa y dos personas."
                },
                "59": {
                    "verse_nr": "59",
                    "verse": "Otro grupo regres\u00f3 en esos d\u00edas de las ciudades de Tel-mela, Tel-harsa, Querub, Add\u00e1n e Imer. Sin embargo, ni ellos ni sus familias pudieron demostrar que eran descendientes de Israel."
                },
                "60": {
                    "verse_nr": "60",
                    "verse": "Ese grupo inclu\u00eda a las familias de Dela\u00eda, Tob\u00edas y Necoda: un total de seiscientas cincuenta y dos personas."
                },
                "61": {
                    "verse_nr": "61",
                    "verse": "Tambi\u00e9n regresaron tres familias de sacerdotes: Haba\u00eda, Cos y Barzilai. (Este Barzilai se hab\u00eda casado con una mujer que era descendiente de Barzilai de Galaad y hab\u00eda tomado el nombre de la familia de ella)."
                },
                "62": {
                    "verse_nr": "62",
                    "verse": "Buscaron sus nombres en los registros geneal\u00f3gicos pero no los encontraron, as\u00ed que no calificaron para servir como sacerdotes."
                },
                "63": {
                    "verse_nr": "63",
                    "verse": "El gobernador les dijo que no comieran de la porci\u00f3n de los sacrificios que correspond\u00eda a los sacerdotes hasta que un sacerdote pudiera consultar al SE\u00f1OR sobre ese asunto por medio del Urim y el Tumim, o sea, el sorteo sagrado."
                },
                "64": {
                    "verse_nr": "64",
                    "verse": "As\u00ed que un total de 42.360 personas regresaron a Jud\u00e1,"
                },
                "65": {
                    "verse_nr": "65",
                    "verse": "adem\u00e1s de 7337 sirvientes y 200 cantores, tanto hombres como mujeres."
                },
                "66": {
                    "verse_nr": "66",
                    "verse": "Llevaron consigo 736 caballos, 245 mulas,"
                },
                "67": {
                    "verse_nr": "67",
                    "verse": "435 camellos y 6720 burros."
                },
                "68": {
                    "verse_nr": "68",
                    "verse": "Cuando llegaron al templo del SE\u00f1OR en Jerusal\u00e9n, algunos de los jefes de familia entregaron ofrendas voluntarias para la reconstrucci\u00f3n del templo de Dios en su sitio original,"
                },
                "69": {
                    "verse_nr": "69",
                    "verse": "y cada jefe dio todo lo que pudo. El total de esas ofrendas fue 61.000 monedas de oro, 3000 kilos de plata y 100 t\u00fanicas para los sacerdotes."
                },
                "70": {
                    "verse_nr": "70",
                    "verse": "Entonces los sacerdotes, los levitas, los cantores, los porteros, los sirvientes del templo y algunos miembros del pueblo se establecieron en aldeas cerca de Jerusal\u00e9n. El resto de la gente regres\u00f3 a sus respectivas ciudades por todo el territorio de Israel."
                }
            }
        },
        "3": {
            "chapter_nr": "3",
            "chapter": {
                "1": {
                    "verse_nr": "1",
                    "verse": "Reconstrucci\u00f3n del altar - A comienzos del oto\u00f1o, cuando los israelitas ya se hab\u00edan establecido en sus ciudades, todo el pueblo se reuni\u00f3 en Jerusal\u00e9n con un mismo prop\u00f3sito."
                },
                "2": {
                    "verse_nr": "2",
                    "verse": "Entonces Jes\u00faa, hijo de Jehosadac, se uni\u00f3 a sus hermanos sacerdotes y a Zorobabel, hijo de Salatiel, con su familia, para reconstruir el altar del Dios de Israel. Quer\u00edan sacrificar ofrendas quemadas sobre el altar, seg\u00fan las instrucciones de la ley de Mois\u00e9s, hombre de Dios."
                },
                "3": {
                    "verse_nr": "3",
                    "verse": "A pesar de que ten\u00edan miedo de los lugare\u00f1os, reconstruyeron el altar en su sitio original. Luego, cada ma\u00f1ana y cada tarde, comenzaron a sacrificar ofrendas quemadas al SE\u00f1OR sobre el altar."
                },
                "4": {
                    "verse_nr": "4",
                    "verse": "Celebraron el Festival de las Enramadas como est\u00e1 establecido en la ley y sacrificaron la cantidad espec\u00edfica de ofrendas quemadas para cada d\u00eda del festival."
                },
                "5": {
                    "verse_nr": "5",
                    "verse": "Tambi\u00e9n ofrecieron las ofrendas quemadas habituales y las ofrendas requeridas para las celebraciones de luna nueva y los festivales anuales, tal como lo hab\u00eda establecido el SE\u00f1OR. La gente tambi\u00e9n entreg\u00f3 ofrendas voluntarias al SE\u00f1OR."
                },
                "6": {
                    "verse_nr": "6",
                    "verse": "Quince d\u00edas antes de que comenzara el Festival de las Enramadas, los sacerdotes empezaron a sacrificar ofrendas quemadas al SE\u00f1OR. Esto ocurri\u00f3 aun antes de que comenzaran a echar los cimientos del templo del SE\u00f1OR."
                },
                "7": {
                    "verse_nr": "7",
                    "verse": "El pueblo comienza a reconstruir el templo - Luego el pueblo contrat\u00f3 alba\u00f1iles y carpinteros, y compr\u00f3 troncos de cedro de los habitantes de Tiro y Sid\u00f3n, a quienes les pagaron con alimentos, vino y aceite de oliva. Transportaron troncos desde las monta\u00f1as del L\u00edbano hasta Jope haci\u00e9ndolos flotar a lo largo de la costa del mar Mediterr\u00e1neo, ya que el rey Ciro hab\u00eda dado permiso para hacerlo."
                },
                "8": {
                    "verse_nr": "8",
                    "verse": "La construcci\u00f3n del templo de Dios comenz\u00f3 a mediados de la primavera, en el segundo a\u00f1o despu\u00e9s de la llegada a Jerusal\u00e9n. La fuerza laboral estaba formada por todos los que hab\u00edan regresado del destierro, entre ellos Zorobabel, hijo de Salatiel, Jes\u00faa, hijo de Jehosadac, junto con sus hermanos sacerdotes y todos los levitas. Pusieron al frente de la reconstrucci\u00f3n del templo del SE\u00f1OR a los levitas mayores de veinte a\u00f1os de edad."
                },
                "9": {
                    "verse_nr": "9",
                    "verse": "Jes\u00faa, sus hijos y parientes, junto con Cadmiel y sus hijos, todos descendientes de Hodav\u00edas, supervisaron a los que trabajaban en el templo de Dios. Para esta tarea contaron con la colaboraci\u00f3n de los levitas de la familia de Henadad."
                },
                "10": {
                    "verse_nr": "10",
                    "verse": "Cuando los constructores terminaron los cimientos del templo del SE\u00f1OR, los sacerdotes se pusieron sus mantos y tomaron su lugar para tocar sus trompetas. Luego los levitas descendientes de Asaf hicieron sonar sus c\u00edmbalos para alabar al SE\u00f1OR, tal como lo hab\u00eda establecido el rey David."
                },
                "11": {
                    "verse_nr": "11",
                    "verse": "Con alabanza y agradecimiento entonaron el siguiente canto al SE\u00f1OR: \u00ab\u00a1\u00c9l es tan bueno! \u00a1Su fiel amor por Israel permanece para siempre!\u00bb. Luego todo el pueblo dio un fuerte grito, alabando al SE\u00f1OR, porque se hab\u00edan echado los cimientos del templo del SE\u00f1OR."
                },
                "12": {
                    "verse_nr": "12",
                    "verse": "Sin embargo, muchos de los sacerdotes, levitas y otros l\u00edderes de edad avanzada que hab\u00edan visto el primer templo lloraron en voz alta al ver los cimientos del nuevo templo. Los dem\u00e1s, en cambio, gritaban de alegr\u00eda."
                },
                "13": {
                    "verse_nr": "13",
                    "verse": "Los gritos de alegr\u00eda se mezclaron con el llanto y produjeron un clamor que pod\u00eda o\u00edrse a gran distancia."
                }
            }
        },
        "4": {
            "chapter_nr": "4",
            "chapter": {
                "1": {
                    "verse_nr": "1",
                    "verse": "Los enemigos se oponen a la reconstrucci\u00f3n - Cuando los enemigos de Jud\u00e1 y de Benjam\u00edn oyeron que los desterrados estaban reconstruyendo un templo al SE\u00f1OR, Dios de Israel,"
                },
                "2": {
                    "verse_nr": "2",
                    "verse": "fueron a ver a Zorobabel y a los otros l\u00edderes, y les dijeron: \u2014D\u00e9jennos participar en la construcci\u00f3n junto con ustedes, porque nosotros tambi\u00e9n adoramos a su Dios. Le venimos haciendo sacrificios desde que el rey Esar-had\u00f3n, de Asiria, nos trajo a estas tierras."
                },
                "3": {
                    "verse_nr": "3",
                    "verse": "Zorobabel, Jes\u00faa y los otros l\u00edderes de Israel respondieron: \u2014De ninguna manera pueden tomar parte en esta obra. Nosotros solos construiremos el templo para el SE\u00f1OR, Dios de Israel, tal como nos orden\u00f3 Ciro, rey de Persia."
                },
                "4": {
                    "verse_nr": "4",
                    "verse": "Entonces los habitantes del lugar intentaron desalentar e intimidar al pueblo de Jud\u00e1 para impedirle que siguiera trabajando."
                },
                "5": {
                    "verse_nr": "5",
                    "verse": "Sobornaron a algunos funcionarios para que actuaran en contra de ellos y frustraran sus planes. Esta situaci\u00f3n continu\u00f3 durante todo el reinado de Ciro, rey de Persia, y dur\u00f3 hasta que Dar\u00edo subi\u00f3 al trono de Persia."
                },
                "6": {
                    "verse_nr": "6",
                    "verse": "M\u00e1s oposici\u00f3n durante el reinado de Jerjes y Artajerjes - A\u00f1os m\u00e1s tarde, cuando Jerjes comenz\u00f3 su reinado, los enemigos de Jud\u00e1 escribieron una carta con acusaciones contra el pueblo de Jud\u00e1 y de Jerusal\u00e9n."
                },
                "7": {
                    "verse_nr": "7",
                    "verse": "Tiempo despu\u00e9s, durante el reinado de Artajerjes, rey de Persia, los enemigos de Jud\u00e1, dirigidos por Bislam, Mitr\u00eddates y Tabeel, le enviaron una carta a Artajerjes escrita en arameo, que fue traducida al idioma del rey."
                },
                "8": {
                    "verse_nr": "8",
                    "verse": "El gobernador Rehum y Simsai, el secretario de la corte, escribieron la carta, en la cual le contaban al rey Artajerjes acerca de la situaci\u00f3n en Jerusal\u00e9n."
                },
                "9": {
                    "verse_nr": "9",
                    "verse": "Saludaban al rey en nombre de todos sus colegas: los jueces y los dirigentes locales, el pueblo de Tarpel, los persas, los babilonios y los de Erec y Susa (es decir, Elam)."
                },
                "10": {
                    "verse_nr": "10",
                    "verse": "Tambi\u00e9n enviaron saludos de parte del resto del pueblo que el gran y noble Asurbanipal hab\u00eda deportado y reubicado en Samaria y en todas las tierras vecinas de la provincia situada al occidente del r\u00edo \u00c9ufrates."
                },
                "11": {
                    "verse_nr": "11",
                    "verse": "La siguiente es una copia de la carta: \u00abAl rey Artajerjes, de parte de sus leales s\u00fabditos de la provincia situada al occidente del r\u00edo \u00c9ufrates:"
                },
                "12": {
                    "verse_nr": "12",
                    "verse": "\u00bbEl rey deber\u00eda saber que los jud\u00edos que llegaron a Jerusal\u00e9n de Babilonia est\u00e1n reconstruyendo esa ciudad rebelde y malvada. Ya han echado los cimientos y pronto terminar\u00e1n sus murallas."
                },
                "13": {
                    "verse_nr": "13",
                    "verse": "El rey tambi\u00e9n deber\u00eda saber que, si esa ciudad se reconstruye y se completan sus murallas, su reino se ver\u00e1 perjudicado, porque los jud\u00edos se negar\u00e1n a pagar los tributos, los derechos aduaneros y los peajes correspondientes."
                },
                "14": {
                    "verse_nr": "14",
                    "verse": "\u00bbYa que nosotros somos leales s\u00fabditos de usted y no queremos que se deshonre al rey de esa manera, hemos enviado esta informaci\u00f3n a su majestad."
                },
                "15": {
                    "verse_nr": "15",
                    "verse": "Sugerimos que se investigue en los registros de sus antepasados, en los que descubrir\u00e1 lo rebelde que fue esa ciudad en la antig\u00fcedad. De hecho, fue destruida a causa de su larga y conflictiva historia de rebeli\u00f3n contra los reyes y las naciones que la controlaban."
                },
                "16": {
                    "verse_nr": "16",
                    "verse": "Advertimos al rey que, si esa ciudad se reconstruye y sus murallas se completan, su majestad perder\u00e1 la provincia situada al occidente del r\u00edo \u00c9ufrates\u00bb."
                },
                "17": {
                    "verse_nr": "17",
                    "verse": "Entonces el rey Artajerjes envi\u00f3 la siguiente respuesta: \u00abAl gobernador Rehum, a Simsai, secretario de la corte, y a sus colegas de Samaria y de toda la provincia situada al occidente del r\u00edo \u00c9ufrates: saludos."
                },
                "18": {
                    "verse_nr": "18",
                    "verse": "\u00bbLa carta que me enviaron fue traducida y le\u00edda en mi presencia."
                },
                "19": {
                    "verse_nr": "19",
                    "verse": "Orden\u00e9 que se investigara en los registros y, efectivamente, comprob\u00e9 que Jerusal\u00e9n ha sido un semillero de insurrecci\u00f3n contra muchos reyes. De hecho, \u00a1la rebeli\u00f3n y las revueltas son normales all\u00ed!"
                },
                "20": {
                    "verse_nr": "20",
                    "verse": "Reyes poderosos han gobernado Jerusal\u00e9n y toda la provincia al occidente del r\u00edo \u00c9ufrates, y han recibido tributos, derechos aduaneros y peajes."
                },
                "21": {
                    "verse_nr": "21",
                    "verse": "Por lo tanto, emitan \u00f3rdenes para que esos hombres dejen de trabajar. Queda prohibido reconstruir esa ciudad, a menos que yo lo ordene expresamente."
                },
                "22": {
                    "verse_nr": "22",
                    "verse": "Sean diligentes y no descuiden este asunto, porque no debemos permitir que la situaci\u00f3n perjudique los intereses del trono\u00bb."
                },
                "23": {
                    "verse_nr": "23",
                    "verse": "Cuando Rehum, Simsai y sus colegas oyeron la lectura de esa carta del rey Artajerjes, se fueron de prisa hacia Jerusal\u00e9n. Entonces, con una demostraci\u00f3n de fuerza, obligaron a los jud\u00edos a abandonar la construcci\u00f3n."
                },
                "24": {
                    "verse_nr": "24",
                    "verse": "Se reanuda la reconstrucci\u00f3n - Por lo tanto, se detuvo la obra del templo de Dios en Jerusal\u00e9n, y qued\u00f3 suspendida hasta el segundo a\u00f1o del reinado de Dar\u00edo, rey de Persia."
                }
            }
        },
        "5": {
            "chapter_nr": "5",
            "chapter": {
                "1": {
                    "verse_nr": "1",
                    "verse": "En ese tiempo, los profetas Hageo y Zacar\u00edas, hijo de Iddo, profetizaron a los jud\u00edos que estaban en Jud\u00e1 y en Jerusal\u00e9n. Hablaron en nombre del Dios de Israel, quien estaba sobre ellos."
                },
                "2": {
                    "verse_nr": "2",
                    "verse": "Zorobabel, hijo de Salatiel, y Jes\u00faa, hijo de Jehosadac, respondieron y continuaron la reconstrucci\u00f3n del templo de Dios en Jerusal\u00e9n. Los profetas de Dios estaban con ellos y los ayudaban."
                },
                "3": {
                    "verse_nr": "3",
                    "verse": "Sin embargo, Tatnai, el gobernador de la provincia situada al occidente del r\u00edo \u00c9ufrates, y Setar-boznai junto con sus colegas pronto llegaron a Jerusal\u00e9n y preguntaron: \u00ab\u00bfQui\u00e9n les dio permiso para reconstruir este templo y restaurar esta estructura?\u00bb."
                },
                "4": {
                    "verse_nr": "4",
                    "verse": "Tambi\u00e9n pidieron los nombres de todos los varones que trabajaban en la construcci\u00f3n del templo;"
                },
                "5": {
                    "verse_nr": "5",
                    "verse": "pero como Dios cuidaba a su pueblo, no pudieron impedir que los l\u00edderes jud\u00edos siguieran construyendo hasta que se enviara un informe a Dar\u00edo y \u00e9l comunicara su decisi\u00f3n al respecto."
                },
                "6": {
                    "verse_nr": "6",
                    "verse": "Carta de Tatnai al rey Dar\u00edo - La siguiente es una copia de la carta que el gobernador Tatnai, Setar-boznai y los dem\u00e1s funcionarios de la provincia situada al occidente del r\u00edo \u00c9ufrates le enviaron al rey Dar\u00edo:"
                },
                "7": {
                    "verse_nr": "7",
                    "verse": "\u00abAl rey Dar\u00edo: saludos."
                },
                "8": {
                    "verse_nr": "8",
                    "verse": "\u00bbEl rey deber\u00eda saber que fuimos al sitio donde se construye el templo del gran Dios, en la provincia de Jud\u00e1. Lo est\u00e1n reconstruyendo con piedras especialmente preparadas y le est\u00e1n colocando madera en las murallas. La obra prosigue con gran energ\u00eda y \u00e9xito."
                },
                "9": {
                    "verse_nr": "9",
                    "verse": "\u00bbLes preguntamos a los l\u00edderes: \u201c\u00bfQui\u00e9n les dio permiso para reconstruir este templo y restaurar esta estructura?\u201d."
                },
                "10": {
                    "verse_nr": "10",
                    "verse": "Tambi\u00e9n exigimos sus nombres para poder comunicarle a usted qui\u00e9nes eran esos l\u00edderes."
                },
                "11": {
                    "verse_nr": "11",
                    "verse": "\u00bbEllos dieron la siguiente respuesta: \u201cNosotros somos siervos del Dios del cielo y de la tierra, y estamos reconstruyendo el templo que, hace muchos a\u00f1os, edific\u00f3 aqu\u00ed un gran rey de Israel."
                },
                "12": {
                    "verse_nr": "12",
                    "verse": "No obstante, debido a que nuestros antepasados hicieron enojar al Dios del cielo, \u00e9l los entreg\u00f3 en manos de Nabucodonosor, rey de Babilonia, quien destruy\u00f3 el templo y desterr\u00f3 al pueblo a Babilonia."
                },
                "13": {
                    "verse_nr": "13",
                    "verse": "Sin embargo, el rey Ciro, de Babilonia, en el primer a\u00f1o de su reinado, emiti\u00f3 un decreto que ordenaba reconstruir el templo de Dios."
                },
                "14": {
                    "verse_nr": "14",
                    "verse": "El rey Ciro devolvi\u00f3 las copas de oro y de plata que Nabucodonosor hab\u00eda tomado del templo de Dios en Jerusal\u00e9n y hab\u00eda colocado en el templo de Babilonia. Esas copas fueron retiradas de ese templo y entregadas a un hombre llamado Sesbasar, a quien el rey Ciro hab\u00eda designado gobernador de Jud\u00e1."
                },
                "15": {
                    "verse_nr": "15",
                    "verse": "El rey le indic\u00f3 que devolviera las copas a su lugar en Jerusal\u00e9n y reconstruyera el templo de Dios en su sitio original."
                },
                "16": {
                    "verse_nr": "16",
                    "verse": "As\u00ed que ese tal Sesbasar lleg\u00f3 y ech\u00f3 los cimientos del templo de Dios en Jerusal\u00e9n. Desde entonces, la gente ha estado trabajando en la reconstrucci\u00f3n, pero a\u00fan no est\u00e1 terminado\u201d."
                },
                "17": {
                    "verse_nr": "17",
                    "verse": "\u00bbPor lo tanto, si al rey le place, solicitamos que se haga una investigaci\u00f3n en los archivos reales de Babilonia, a fin de descubrir si es verdad que el rey Ciro emiti\u00f3 un decreto para la reconstrucci\u00f3n del templo de Dios en Jerusal\u00e9n; y luego, que el rey nos haga saber su decisi\u00f3n sobre este asunto\u00bb."
                }
            }
        },
        "6": {
            "chapter_nr": "6",
            "chapter": {
                "1": {
                    "verse_nr": "1",
                    "verse": "Dar\u00edo aprueba la reconstrucci\u00f3n - Entonces el rey Dar\u00edo dio \u00f3rdenes para que se investigara en los archivos de Babilonia, los cuales estaban guardados en la tesorer\u00eda."
                },
                "2": {
                    "verse_nr": "2",
                    "verse": "Sin embargo, fue en la fortaleza de Ecbatana, en la provincia de Media, donde se encontr\u00f3 un rollo que dec\u00eda lo siguiente: \u00abMemorando:"
                },
                "3": {
                    "verse_nr": "3",
                    "verse": "\u00bbEn el primer a\u00f1o del reinado del rey Ciro, se emiti\u00f3 un decreto en relaci\u00f3n con el templo de Dios en Jerusal\u00e9n. \u00bbQue se reconstruya el templo con los cimientos originales en el sitio donde los jud\u00edos sol\u00edan ofrecer sus sacrificios. Su altura ser\u00e1 de veintisiete metros, y su anchura ser\u00e1 de veintisiete metros."
                },
                "4": {
                    "verse_nr": "4",
                    "verse": "A cada tres hileras de piedras especialmente preparadas, se les pondr\u00e1 encima una capa de madera. Todos los gastos correr\u00e1n por cuenta de la tesorer\u00eda real."
                },
                "5": {
                    "verse_nr": "5",
                    "verse": "Adem\u00e1s, las copas de oro y de plata que Nabucodonosor tom\u00f3 del templo de Dios en Jerusal\u00e9n y llev\u00f3 a Babilonia ser\u00e1n devueltas a Jerusal\u00e9n y colocadas nuevamente en el lugar que corresponden. Que sean devueltas al templo de Dios\u00bb."
                },
                "6": {
                    "verse_nr": "6",
                    "verse": "Entonces el rey Dar\u00edo envi\u00f3 el siguiente mensaje: \u00abPor consiguiente, Tatnai, gobernador de la provincia situada al occidente del r\u00edo \u00c9ufrates, y Setar-boznai junto con sus colegas y otros funcionarios del occidente del r\u00edo \u00c9ufrates, \u00a1mant\u00e9nganse bien lejos de all\u00ed!"
                },
                "7": {
                    "verse_nr": "7",
                    "verse": "No estorben la construcci\u00f3n del templo de Dios. Dejen que se reconstruya en su sitio original y no le pongan trabas al trabajo del gobernador de Jud\u00e1 ni al de los ancianos de los jud\u00edos."
                },
                "8": {
                    "verse_nr": "8",
                    "verse": "\u00bbAdem\u00e1s, por la presente, decreto que ustedes tendr\u00e1n que ayudar a esos ancianos de los jud\u00edos mientras reconstruyan el templo de Dios. Ustedes tienen que pagar el costo total de la obra, sin demora, con los impuestos que se recaudan en la provincia situada al occidente del r\u00edo \u00c9ufrates, a fin de que la construcci\u00f3n no se interrumpa."
                },
                "9": {
                    "verse_nr": "9",
                    "verse": "\u00bbDenles a los sacerdotes de Jerusal\u00e9n todo lo que necesiten, sean becerros, carneros o corderos, para las ofrendas quemadas que presenten al Dios del cielo; y sin falta, prov\u00e9anles toda la sal y todo el trigo, el vino y el aceite de oliva que requieran para cada d\u00eda."
                },
                "10": {
                    "verse_nr": "10",
                    "verse": "Entonces ellos podr\u00e1n ofrecer sacrificios aceptables al Dios del cielo y orar por el bienestar del rey y sus hijos."
                },
                "11": {
                    "verse_nr": "11",
                    "verse": "\u00bbTambi\u00e9n declaro que a los que violen de cualquier manera este decreto se les arrancar\u00e1 una viga de su casa; luego, ser\u00e1n levantados y atravesados en ella, y su casa ser\u00e1 reducida a un mont\u00f3n de escombros."
                },
                "12": {
                    "verse_nr": "12",
                    "verse": "Que el Dios que eligi\u00f3 la ciudad de Jerusal\u00e9n como el lugar donde se d\u00e9 honra a su nombre destruya a cualquier rey o naci\u00f3n que viole este mandato y destruya este templo. \u00bbYo, Dar\u00edo, he emitido el presente decreto. Que se obedezca al pie de la letra\u00bb."
                },
                "13": {
                    "verse_nr": "13",
                    "verse": "Dedicaci\u00f3n del templo - Tatnai, gobernador de la provincia situada al occidente del r\u00edo \u00c9ufrates, y Setar-boznai junto con sus colegas acataron enseguida el mandato del rey Dar\u00edo."
                },
                "14": {
                    "verse_nr": "14",
                    "verse": "As\u00ed que los ancianos de los jud\u00edos continuaron la obra y fueron muy animados por la predicaci\u00f3n de los profetas Hageo y Zacar\u00edas, hijo de Iddo. Por fin el templo qued\u00f3 terminado, como lo hab\u00eda ordenado el Dios de Israel y decretado Ciro, Dar\u00edo y Artajerjes, reyes de Persia."
                },
                "15": {
                    "verse_nr": "15",
                    "verse": "La construcci\u00f3n del templo se complet\u00f3 el 12 de marzo, durante el sexto a\u00f1o del reinado de Dar\u00edo."
                },
                "16": {
                    "verse_nr": "16",
                    "verse": "Luego, el pueblo de Israel, los sacerdotes, los levitas y todos los dem\u00e1s que hab\u00edan regresado del destierro dedicaron el templo de Dios con gran alegr\u00eda."
                },
                "17": {
                    "verse_nr": "17",
                    "verse": "Durante la ceremonia de dedicaci\u00f3n del templo de Dios, sacrificaron cien becerros, doscientos carneros y cuatrocientos corderos. Tambi\u00e9n presentaron doce chivos como ofrenda por el pecado de las doce tribus de Israel."
                },
                "18": {
                    "verse_nr": "18",
                    "verse": "Luego los sacerdotes y levitas se agruparon seg\u00fan sus diferentes divisiones para servir en el templo de Dios en Jerusal\u00e9n, tal como est\u00e1 establecido en el libro de Mois\u00e9s."
                },
                "19": {
                    "verse_nr": "19",
                    "verse": "Celebraci\u00f3n de la Pascua - Los que regresaron del destierro celebraron la Pascua el 21 de abril."
                },
                "20": {
                    "verse_nr": "20",
                    "verse": "Los sacerdotes y los levitas se hab\u00edan purificado y estaban ceremonialmente puros. As\u00ed que mataron el cordero de la Pascua para todos los que regresaron del destierro, para sus hermanos sacerdotes y para ellos mismos."
                },
                "21": {
                    "verse_nr": "21",
                    "verse": "El pueblo de Israel que hab\u00eda regresado del destierro comi\u00f3 la cena de Pascua junto con los dem\u00e1s de la tierra que hab\u00edan dejado sus pr\u00e1cticas corruptas para adorar al SE\u00f1OR, Dios de Israel."
                },
                "22": {
                    "verse_nr": "22",
                    "verse": "Luego celebraron el Festival de los Panes sin Levadura durante siete d\u00edas. Hubo mucha alegr\u00eda en toda la tierra, porque el SE\u00f1OR hab\u00eda hecho que el rey de Asiria les diera su favor al ayudarlos a reconstruir el templo de Dios, el Dios de Israel."
                }
            }
        },
        "7": {
            "chapter_nr": "7",
            "chapter": {
                "1": {
                    "verse_nr": "1",
                    "verse": "Esdras llega a Jerusal\u00e9n - Muchos a\u00f1os despu\u00e9s, durante el reinado de Artajerjes, rey de Persia, hubo un hombre llamado Esdras. Era hijo de Sera\u00edas, hijo de Azar\u00edas, hijo de Hilc\u00edas,"
                },
                "2": {
                    "verse_nr": "2",
                    "verse": "hijo de Salum, hijo de Sadoc, hijo de Ahitob,"
                },
                "3": {
                    "verse_nr": "3",
                    "verse": "hijo de Amar\u00edas, hijo de Azar\u00edas, hijo de Meraiot,"
                },
                "4": {
                    "verse_nr": "4",
                    "verse": "hijo de Zera\u00edas, hijo de Uzi, hijo de Buqui,"
                },
                "5": {
                    "verse_nr": "5",
                    "verse": "hijo de Abis\u00faa, hijo de Finees, hijo de Eleazar, hijo de Aar\u00f3n, el sumo sacerdote."
                },
                "6": {
                    "verse_nr": "6",
                    "verse": "Este Esdras era un escriba muy instruido en la ley de Mois\u00e9s, la cual el SE\u00f1OR, Dios de Israel, hab\u00eda dado al pueblo de Israel. \u00c9l subi\u00f3 de Babilonia a Jerusal\u00e9n, y el rey le dio todo lo que pidi\u00f3, porque la bondadosa mano del SE\u00f1OR su Dios estaba sobre \u00e9l."
                },
                "7": {
                    "verse_nr": "7",
                    "verse": "Algunos del pueblo de Israel junto con varios sacerdotes, levitas, cantores, porteros y sirvientes del templo viajaron con \u00e9l en el s\u00e9ptimo a\u00f1o del reinado de Artajerjes."
                },
                "8": {
                    "verse_nr": "8",
                    "verse": "Esdras lleg\u00f3 a Jerusal\u00e9n en agosto de ese a\u00f1o."
                },
                "9": {
                    "verse_nr": "9",
                    "verse": "Hab\u00eda hecho arreglos para partir de Babilonia el 8 de abril, el primer d\u00eda del nuevo a\u00f1o, y lleg\u00f3 a Jerusal\u00e9n el 4 de agosto, pues la bondadosa mano de su Dios estaba sobre \u00e9l."
                },
                "10": {
                    "verse_nr": "10",
                    "verse": "As\u00ed fue porque Esdras hab\u00eda decidido estudiar y obedecer la ley del SE\u00f1OR y ense\u00f1ar sus decretos y ordenanzas al pueblo de Israel."
                },
                "11": {
                    "verse_nr": "11",
                    "verse": "Carta de Artajerjes a Esdras - La siguiente es una copia de la carta que el rey Artajerjes le dio a Esdras, el sacerdote y escriba que estudiaba y ense\u00f1aba los mandatos y decretos del SE\u00f1OR a Israel:"
                },
                "12": {
                    "verse_nr": "12",
                    "verse": "\u00abDe Artajerjes, rey de reyes, al sacerdote Esdras, maestro de la ley del Dios del cielo: \u00a1saludos!"
                },
                "13": {
                    "verse_nr": "13",
                    "verse": "\u00bbYo decreto que cualquier israelita de mi reino, incluidos los sacerdotes y levitas, puede ofrecerse como voluntario para regresar contigo a Jerusal\u00e9n."
                },
                "14": {
                    "verse_nr": "14",
                    "verse": "Por la presente, yo y mis siete consejeros te ordenamos que averig\u00fces la situaci\u00f3n en que est\u00e1n Jud\u00e1 y Jerusal\u00e9n, basado en la ley de tu Dios, la cual est\u00e1 en tus manos."
                },
                "15": {
                    "verse_nr": "15",
                    "verse": "Tambi\u00e9n te encargamos que lleves contigo plata y oro, los cuales presentamos como una ofrenda voluntaria al Dios de Israel, quien vive en Jerusal\u00e9n."
                },
                "16": {
                    "verse_nr": "16",
                    "verse": "\u00bbAdem\u00e1s, llevar\u00e1s toda la plata y el oro que obtengas de la provincia de Babilonia, como tambi\u00e9n las ofrendas voluntarias que el pueblo y los sacerdotes ofrezcan para el templo de su Dios en Jerusal\u00e9n."
                },
                "17": {
                    "verse_nr": "17",
                    "verse": "Usar\u00e1s estos donativos espec\u00edficamente para comprar toros, carneros, corderos y las ofrendas de grano y las ofrendas l\u00edquidas correspondientes, para que se ofrezca todo en el altar del templo de tu Dios en Jerusal\u00e9n."
                },
                "18": {
                    "verse_nr": "18",
                    "verse": "El oro y la plata que sobren pueden usarse para lo que t\u00fa y tus colegas crean que sea la voluntad de su Dios."
                },
                "19": {
                    "verse_nr": "19",
                    "verse": "\u00bbEn cuanto a las copas que te confiamos para el servicio del templo de tu Dios, entr\u00e9galas todas al Dios de Jerusal\u00e9n."
                },
                "20": {
                    "verse_nr": "20",
                    "verse": "Si precisas alguna otra cosa para el templo de tu Dios o para otra necesidad similar, puedes tomarla de la tesorer\u00eda real."
                },
                "21": {
                    "verse_nr": "21",
                    "verse": "\u00bbYo, el rey Artajerjes, por la presente, env\u00edo el siguiente decreto a todos los tesoreros de la provincia situada al occidente del r\u00edo \u00c9ufrates: \u201cDeben darle a Esdras, el sacerdote y maestro de la ley del Dios del cielo, todo lo que \u00e9l les pida."
                },
                "22": {
                    "verse_nr": "22",
                    "verse": "Le dar\u00e1n hasta tres mil cuatrocientos kilos de plata, quinientas canastas de trigo, dos mil cien litros de vino, dos mil cien litros de aceite de oliva y sal en cantidad ilimitada."
                },
                "23": {
                    "verse_nr": "23",
                    "verse": "Procuren proveer todo lo que el Dios del cielo exija para su templo, pues, \u00bfpor qu\u00e9 hemos de correr el riesgo de provocar el enojo de Dios contra los dominios del rey y de sus hijos?"
                },
                "24": {
                    "verse_nr": "24",
                    "verse": "Tambi\u00e9n decreto que a ning\u00fan sacerdote, levita, cantor, portero, sirviente del templo ni a ning\u00fan otro trabajador de este templo de Dios se le exija el pago de tributos, derechos aduaneros o peajes de ninguna clase\u201d."
                },
                "25": {
                    "verse_nr": "25",
                    "verse": "\u00bbY t\u00fa, Esdras, usa la sabidur\u00eda que tu Dios te ha dado a fin de nombrar magistrados y jueces que conozcan las leyes de tu Dios, para que gobiernen a toda la gente de la provincia situada al occidente del r\u00edo \u00c9ufrates. Ense\u00f1a la ley a todo el que no la conozca."
                },
                "26": {
                    "verse_nr": "26",
                    "verse": "Cualquiera que se niegue a obedecer la ley de tu Dios y la ley del rey ser\u00e1 castigado de inmediato, ya sea por muerte, destierro, confiscaci\u00f3n de bienes o encarcelamiento\u00bb."
                },
                "27": {
                    "verse_nr": "27",
                    "verse": "Esdras alaba al SE\u00f1OR - \u00a1Alaben al SE\u00f1OR, Dios de nuestros antepasados, que hizo que el rey deseara embellecer el templo del SE\u00f1OR en Jerusal\u00e9n!"
                },
                "28": {
                    "verse_nr": "28",
                    "verse": "\u00a1Y al\u00e1benlo, porque me demostr\u00f3 tal amor inagotable al honrarme delante del rey, sus consejeros y todos sus poderosos nobles! Me sent\u00ed alentado, porque la bondadosa mano del SE\u00f1OR mi Dios estuvo sobre m\u00ed. As\u00ed que reun\u00ed a algunos de los l\u00edderes de Israel para que regresaran conmigo a Jerusal\u00e9n."
                }
            }
        },
        "8": {
            "chapter_nr": "8",
            "chapter": {
                "1": {
                    "verse_nr": "1",
                    "verse": "Los desterrados que regresaron con Esdras - La siguiente es una lista de los jefes de familia junto con las genealog\u00edas de los que regresaron conmigo de Babilonia durante el reinado del rey Artajerjes:"
                },
                "2": {
                    "verse_nr": "2",
                    "verse": "de la familia de Finees: Gers\u00f3n; de la familia de Itamar: Daniel; de la familia de David: Hat\u00fas,"
                },
                "3": {
                    "verse_nr": "3",
                    "verse": "descendiente de Secan\u00edas; de la familia de Paros: Zacar\u00edas y otros ciento cincuenta hombres que fueron registrados;"
                },
                "4": {
                    "verse_nr": "4",
                    "verse": "de la familia de Pahat-moab: Elioenai, hijo de Zera\u00edas, y otros doscientos hombres;"
                },
                "5": {
                    "verse_nr": "5",
                    "verse": "de la familia de Zatu: Secan\u00edas, hijo de Jahaziel, y otros trescientos hombres;"
                },
                "6": {
                    "verse_nr": "6",
                    "verse": "de la familia de Ad\u00edn: Ebed, hijo de Jonat\u00e1n, y otros cincuenta hombres;"
                },
                "7": {
                    "verse_nr": "7",
                    "verse": "de la familia de Elam: Jesa\u00edas, hijo de Atal\u00edas, y otros setenta hombres;"
                },
                "8": {
                    "verse_nr": "8",
                    "verse": "de la familia de Sefat\u00edas: Zebad\u00edas, hijo de Micael, y otros ochenta hombres;"
                },
                "9": {
                    "verse_nr": "9",
                    "verse": "de la familia de Joab: Obad\u00edas, hijo de Jehiel, y otros doscientos dieciocho hombres;"
                },
                "10": {
                    "verse_nr": "10",
                    "verse": "de la familia de Bani: Selomit, hijo de Josif\u00edas, y otros ciento sesenta hombres;"
                },
                "11": {
                    "verse_nr": "11",
                    "verse": "de la familia de Bebai: Zacar\u00edas, hijo de Bebai, y otros veintiocho hombres;"
                },
                "12": {
                    "verse_nr": "12",
                    "verse": "de la familia de Azgad: Johan\u00e1n, hijo de Hacat\u00e1n, y otros ciento diez hombres;"
                },
                "13": {
                    "verse_nr": "13",
                    "verse": "de la familia de Adonicam, la cual lleg\u00f3 despu\u00e9s: Elifelet, Jeiel, Sema\u00edas, y otros sesenta hombres;"
                },
                "14": {
                    "verse_nr": "14",
                    "verse": "de la familia de Bigvai: Utai, Zacur y otros setenta hombres."
                },
                "15": {
                    "verse_nr": "15",
                    "verse": "Viaje de Esdras a Jerusal\u00e9n - Reun\u00ed a los desterrados junto al canal de Ahava, y acampamos all\u00ed tres d\u00edas, mientras revisaba la lista de las personas y los sacerdotes que hab\u00edan llegado. Descubr\u00ed que ni un solo levita se hab\u00eda ofrecido para acompa\u00f1arnos."
                },
                "16": {
                    "verse_nr": "16",
                    "verse": "Entonces mand\u00e9 llamar a Eliezer, Ariel, Sema\u00edas, Elnat\u00e1n, Jarib, Elnat\u00e1n, Nat\u00e1n, Zacar\u00edas y Mesulam, los cuales eran jefes del pueblo. Tambi\u00e9n mand\u00e9 llamar a Joiarib y Elnat\u00e1n, quienes eran hombres con discernimiento."
                },
                "17": {
                    "verse_nr": "17",
                    "verse": "Los envi\u00e9 a ver a Iddo, el l\u00edder de los levitas de Casifia, para pedirle a \u00e9l, a sus parientes y a los sirvientes del templo que nos enviaran ministros para el templo de Dios en Jerusal\u00e9n."
                },
                "18": {
                    "verse_nr": "18",
                    "verse": "Como la bondadosa mano de nuestro Dios estaba sobre nosotros, nos enviaron a un hombre llamado Sereb\u00edas junto con dieciocho de sus hijos y hermanos. Sereb\u00edas era muy sagaz, un descendiente de Mahli, quien era descendiente de Lev\u00ed, hijo de Israel."
                },
                "19": {
                    "verse_nr": "19",
                    "verse": "Tambi\u00e9n enviaron a Hasab\u00edas junto con Jesa\u00edas, de los descendientes de Merari, a veinte de sus hijos y hermanos,"
                },
                "20": {
                    "verse_nr": "20",
                    "verse": "y a doscientos veinte sirvientes del templo. Los sirvientes del templo, un grupo de trabajadores instituido originalmente por el rey David y sus funcionarios, eran ayudantes de los levitas. Todos estaban registrados por nombre."
                },
                "21": {
                    "verse_nr": "21",
                    "verse": "All\u00ed, junto al canal de Ahava, di \u00f3rdenes de que todos ayun\u00e1ramos y nos humill\u00e1ramos ante nuestro Dios. En oraci\u00f3n le pedimos a Dios que nos diera un buen viaje y nos protegiera en el camino tanto a nosotros como a nuestros hijos y nuestros bienes."
                },
                "22": {
                    "verse_nr": "22",
                    "verse": "Pues me dio verg\u00fcenza pedirle al rey soldados y jinetes que nos acompa\u00f1aran y nos protegieran de los enemigos durante el viaje. Despu\u00e9s de todo, ya le hab\u00edamos dicho al rey que \u00abla mano protectora de nuestro Dios est\u00e1 sobre todos los que lo adoran, pero su enojo feroz se desata contra quienes lo abandonan\u00bb."
                },
                "23": {
                    "verse_nr": "23",
                    "verse": "As\u00ed que ayunamos y oramos intensamente para que nuestro Dios nos cuidara, y \u00e9l oy\u00f3 nuestra oraci\u00f3n."
                },
                "24": {
                    "verse_nr": "24",
                    "verse": "Nombr\u00e9 doce jefes de los sacerdotes\u2014Sereb\u00edas, Hasab\u00edas y otros diez sacerdotes\u2014"
                },
                "25": {
                    "verse_nr": "25",
                    "verse": "para que se encargaran de transportar la plata, el oro, los recipientes de oro y los dem\u00e1s art\u00edculos que el rey, sus consejeros y funcionarios, y todo el pueblo de Israel hab\u00eda presentado para el templo de Dios."
                },
                "26": {
                    "verse_nr": "26",
                    "verse": "Pes\u00e9 el tesoro mientras se lo entregaba a ellos y el total sumaba lo siguiente: 22 toneladas de plata, 3400 kilos de objetos de plata, 3400 kilos de oro,"
                },
                "27": {
                    "verse_nr": "27",
                    "verse": "20 recipientes de oro (equivalentes al valor de 1000 monedas de oro), 2 objetos finos de bronce pulido (tan valiosos como el oro)."
                },
                "28": {
                    "verse_nr": "28",
                    "verse": "Luego les dije a los sacerdotes: \u00abUstedes y esos tesoros son santos, separados al SE\u00f1OR. La plata y el oro son una ofrenda voluntaria para el SE\u00f1OR, Dios de nuestros antepasados."
                },
                "29": {
                    "verse_nr": "29",
                    "verse": "Cuiden bien esos tesoros hasta que se los entreguen a los principales sacerdotes, a los levitas y a los jefes de Israel, quienes los pesar\u00e1n en los dep\u00f3sitos del templo del SE\u00f1OR en Jerusal\u00e9n\u00bb."
                },
                "30": {
                    "verse_nr": "30",
                    "verse": "Entonces los sacerdotes y los levitas aceptaron la tarea de transportar esos tesoros de plata y de oro al templo de nuestro Dios en Jerusal\u00e9n."
                },
                "31": {
                    "verse_nr": "31",
                    "verse": "El 19 de abril, levantamos el campamento junto al canal de Ahava y nos dirigimos a Jerusal\u00e9n. La bondadosa mano de nuestro Dios nos protegi\u00f3 y nos salv\u00f3 de enemigos y bandidos a lo largo del camino."
                },
                "32": {
                    "verse_nr": "32",
                    "verse": "As\u00ed que llegamos a salvo a Jerusal\u00e9n, donde descansamos tres d\u00edas."
                },
                "33": {
                    "verse_nr": "33",
                    "verse": "Al cuarto d\u00eda de nuestra llegada, la plata, el oro y los dem\u00e1s objetos de valor fueron pesados en el templo de nuestro Dios y encomendados a Meremot, hijo del sacerdote Ur\u00edas, y a Eleazar, hijo de Finees, junto con Jozabad, hijo de Jes\u00faa, y Noad\u00edas, hijo de Bin\u00fai, ambos levitas."
                },
                "34": {
                    "verse_nr": "34",
                    "verse": "Ellos rindieron cuenta de todo por n\u00famero y peso, y el peso total qued\u00f3 asentado en los registros oficiales."
                },
                "35": {
                    "verse_nr": "35",
                    "verse": "Luego, los desterrados que hab\u00edan regresado del cautiverio sacrificaron ofrendas quemadas al Dios de Israel. Ofrecieron doce toros por todo el pueblo de Israel, adem\u00e1s de noventa y seis carneros y setenta y siete corderos. Tambi\u00e9n sacrificaron doce chivos como ofrenda por el pecado. Todo se ofreci\u00f3 como una ofrenda quemada al SE\u00f1OR."
                },
                "36": {
                    "verse_nr": "36",
                    "verse": "Los decretos del rey fueron entregados a sus funcionarios de m\u00e1s alta posici\u00f3n y a los gobernadores de la provincia situada al occidente del r\u00edo \u00c9ufrates, quienes colaboraron dando su apoyo al pueblo y al templo de Dios."
                }
            }
        },
        "9": {
            "chapter_nr": "9",
            "chapter": {
                "1": {
                    "verse_nr": "1",
                    "verse": "Oraci\u00f3n de Esdras acerca de los matrimonios mixtos - Una vez realizadas estas cosas, los l\u00edderes jud\u00edos vinieron a verme y dijeron: \u00abMuchos del pueblo de Israel e incluso algunos sacerdotes y levitas no se han mantenido separados de los otros pueblos que viven en esta tierra. Han adoptado las pr\u00e1cticas detestables de los cananeos, los hititas, los ferezeos, los jebuseos, los amonitas, los moabitas, los egipcios y los amorreos."
                },
                "2": {
                    "verse_nr": "2",
                    "verse": "Pues los hombres de Israel se han casado con mujeres de esos pueblos y tambi\u00e9n las han tomado como esposas para sus hijos. De manera que la raza santa se ha corrompido a causa de esos matrimonios mixtos. Peor a\u00fan, los primeros en cometer este ultraje han sido los l\u00edderes y los funcionarios\u00bb."
                },
                "3": {
                    "verse_nr": "3",
                    "verse": "Al o\u00edr esto, me rasgu\u00e9 el manto y la camisa, me arranqu\u00e9 el pelo de la cabeza y de la barba, y me sent\u00e9 completamente horrorizado."
                },
                "4": {
                    "verse_nr": "4",
                    "verse": "Entonces todos los que temblaban ante las palabras del Dios de Israel vinieron y se sentaron conmigo a causa de este ultraje cometido por los que hab\u00edan regresado del destierro. All\u00ed me qued\u00e9 sentado, totalmente horrorizado, hasta la hora del sacrificio vespertino."
                },
                "5": {
                    "verse_nr": "5",
                    "verse": "A la hora del sacrificio, me levant\u00e9 de donde hab\u00eda estado sentado haciendo duelo con mis ropas rasgadas. Ca\u00ed de rodillas y levant\u00e9 las manos al SE\u00f1OR mi Dios."
                },
                "6": {
                    "verse_nr": "6",
                    "verse": "Hice la siguiente oraci\u00f3n: \u00abOh Dios m\u00edo, estoy totalmente avergonzado; me da verg\u00fcenza elevar mi rostro a ti. Pues nuestros pecados se han amontonado tanto que son m\u00e1s altos que nosotros, y nuestra culpa llega a los cielos."
                },
                "7": {
                    "verse_nr": "7",
                    "verse": "Desde el tiempo de nuestros antepasados hasta el d\u00eda de hoy, hemos vivido sumergidos en el pecado. Por esa raz\u00f3n, nosotros, nuestros reyes y nuestros sacerdotes hemos estado a merced de los reyes paganos de la tierra. Nos han matado, capturado, robado y deshonrado, tal como estamos hoy."
                },
                "8": {
                    "verse_nr": "8",
                    "verse": "\u00bbSin embargo, ahora se nos concedi\u00f3 un breve momento de gracia, porque el SE\u00f1OR nuestro Dios ha permitido que unos cuantos de nosotros sobrevivi\u00e9ramos como un remanente. \u00c9l nos ha dado seguridad en este lugar santo. Nuestro Dios nos ha iluminado los ojos y nos ha concedido un poco de alivio de nuestra esclavitud."
                },
                "9": {
                    "verse_nr": "9",
                    "verse": "Pues \u00e9ramos esclavos pero, en su amor inagotable, nuestro Dios no nos abandon\u00f3 en nuestra esclavitud. Por el contrario, hizo que los reyes de Persia nos trataran favorablemente. \u00c9l nos dio nuevas fuerzas, para que pudi\u00e9ramos reconstruir el templo de nuestro Dios y reparar las ruinas. Nos dio una muralla de protecci\u00f3n en Jud\u00e1 y en Jerusal\u00e9n."
                },
                "10": {
                    "verse_nr": "10",
                    "verse": "\u00bbAhora, Dios nuestro, \u00bfqu\u00e9 podemos decir despu\u00e9s de semejantes cosas? \u00a1Pues una vez m\u00e1s hemos abandonado tus mandatos!"
                },
                "11": {
                    "verse_nr": "11",
                    "verse": "Tus siervos, los profetas, nos advirtieron cuando dijeron: \u201cLa tierra en la que est\u00e1n a punto de entrar y poseer est\u00e1 totalmente contaminada por las pr\u00e1cticas detestables de los pueblos que la habitan. De un extremo al otro, la tierra est\u00e1 llena de corrupci\u00f3n."
                },
                "12": {
                    "verse_nr": "12",
                    "verse": "\u00a1No permitan que sus hijas se casen con los hijos de ellos! \u00a1No tomen a las hijas de ellos como esposas para sus hijos! Jam\u00e1s promuevan la paz y la prosperidad para esas naciones. Si ustedes siguen estas instrucciones, ser\u00e1n fuertes y disfrutar\u00e1n de las buenas cosas que la tierra produce, y dejar\u00e1n esta prosperidad como herencia a sus hijos para siempre\u201d."
                },
                "13": {
                    "verse_nr": "13",
                    "verse": "\u00bbAhora somos castigados por nuestra perversi\u00f3n y nuestra gran culpa; pero en realidad, el castigo que recibimos es mucho menor de lo que merecemos, porque t\u00fa, Dios nuestro, has permitido que algunos de nosotros sobrevivi\u00e9ramos como un remanente."
                },
                "14": {
                    "verse_nr": "14",
                    "verse": "Sin embargo, aun as\u00ed, otra vez estamos quebrantando tus mandatos y nos estamos casando con personas que cometen esos actos detestables. \u00bfAcaso no ser\u00e1 suficiente tu enojo para destruirnos, para que ni aun este peque\u00f1o remanente sobreviva?"
                },
                "15": {
                    "verse_nr": "15",
                    "verse": "Oh SE\u00f1OR, Dios de Israel, t\u00fa eres justo. Nos acercamos a ti con nuestra culpa, sin ser m\u00e1s que un remanente que ha escapado, aunque en semejante condici\u00f3n ninguno de nosotros puede estar en tu presencia\u00bb."
                }
            }
        },
        "10": {
            "chapter_nr": "10",
            "chapter": {
                "1": {
                    "verse_nr": "1",
                    "verse": "El pueblo confiesa su pecado - Mientras Esdras oraba y hac\u00eda esa confesi\u00f3n llorando y postrado rostro en tierra delante del templo de Dios, una gran multitud de Israel\u2014hombres, mujeres y ni\u00f1os\u2014se congreg\u00f3 y llor\u00f3 amargamente con \u00e9l."
                },
                "2": {
                    "verse_nr": "2",
                    "verse": "Luego Secan\u00edas, hijo de Jehiel, descendiente de Elam, le dijo a Esdras: \u00abHemos sido infieles a nuestro Dios, porque nos hemos casado con mujeres paganas de esta tierra; pero a pesar de esto, hay esperanza para Israel."
                },
                "3": {
                    "verse_nr": "3",
                    "verse": "Hagamos ahora un pacto con nuestro Dios mediante el cual nos divorciaremos de nuestras esposas paganas y las echaremos de aqu\u00ed junto con sus hijos. Seguiremos tu consejo y el de los dem\u00e1s que respetan los mandatos de nuestro Dios. Que se haga todo de acuerdo con la ley de Dios."
                },
                "4": {
                    "verse_nr": "4",
                    "verse": "Lev\u00e1ntate, porque es tu deber decirnos c\u00f3mo debemos proceder para arreglar esta situaci\u00f3n. Nosotros te respaldamos, por lo tanto, s\u00e9 fuerte y act\u00faa\u00bb."
                },
                "5": {
                    "verse_nr": "5",
                    "verse": "Entonces Esdras se puso de pie y exigi\u00f3 que los jefes de los sacerdotes, los levitas y todo el pueblo de Israel juraran que har\u00edan lo que dijo Secan\u00edas. As\u00ed que todos hicieron un juramento solemne."
                },
                "6": {
                    "verse_nr": "6",
                    "verse": "Luego Esdras se retir\u00f3 de la parte delantera del templo de Dios y fue a la habitaci\u00f3n de Johan\u00e1n, hijo de Eliasib. Pas\u00f3 la noche all\u00ed sin comer ni beber nada. Segu\u00eda en duelo a causa de la infidelidad de los que hab\u00edan regresado del destierro."
                },
                "7": {
                    "verse_nr": "7",
                    "verse": "Luego se proclam\u00f3 por todo el territorio de Jud\u00e1 y en Jerusal\u00e9n que todos los desterrados deb\u00edan presentarse en Jerusal\u00e9n."
                },
                "8": {
                    "verse_nr": "8",
                    "verse": "Si los jefes y los ancianos as\u00ed lo decid\u00edan, los que no acudieran en el plazo de tres d\u00edas perder\u00edan el derecho a todas sus propiedades y ser\u00edan expulsados de la asamblea de los desterrados."
                },
                "9": {
                    "verse_nr": "9",
                    "verse": "En el plazo de tres d\u00edas, todo el pueblo de Jud\u00e1 y de Benjam\u00edn se reuni\u00f3 en Jerusal\u00e9n. La asamblea tuvo lugar el 19 de diciembre, y todos los israelitas estaban sentados en la plaza, frente al templo de Dios. Temblaban por la seriedad del asunto y tambi\u00e9n porque estaba lloviendo."
                },
                "10": {
                    "verse_nr": "10",
                    "verse": "Entonces Esdras, el sacerdote, se puso de pie y les dijo: \u2014Ustedes han cometido un pecado terrible; al casarse con mujeres paganas, han aumentado la culpa de Israel."
                },
                "11": {
                    "verse_nr": "11",
                    "verse": "Por lo tanto, confiesen ahora su pecado al SE\u00f1OR, Dios de sus antepasados, y hagan lo que \u00e9l exige. Ap\u00e1rtense de los habitantes de esta tierra y sep\u00e1rense de esas mujeres paganas."
                },
                "12": {
                    "verse_nr": "12",
                    "verse": "Entonces toda la asamblea levant\u00f3 la voz y respondi\u00f3: \u2014\u00a1S\u00ed, tienes raz\u00f3n; debemos hacer lo que t\u00fa dices!"
                },
                "13": {
                    "verse_nr": "13",
                    "verse": "Luego agregaron: \u2014No es algo que pueda resolverse en uno o dos d\u00edas, porque muchos de nosotros estamos implicados en este asunto sumamente pecaminoso. Adem\u00e1s, estamos en temporada de lluvias, as\u00ed que no podemos quedarnos aqu\u00ed afuera mucho m\u00e1s tiempo."
                },
                "14": {
                    "verse_nr": "14",
                    "verse": "Que nuestros l\u00edderes act\u00faen en nombre de todos nosotros. Que todo el que tenga una esposa pagana venga a una determinada hora, acompa\u00f1ado por los l\u00edderes y jueces de su ciudad, para que la ira feroz de nuestro Dios por este asunto se aleje de nosotros."
                },
                "15": {
                    "verse_nr": "15",
                    "verse": "Los \u00fanicos que se opusieron a estas medidas fueron Jonat\u00e1n, hijo de Asael, y Jahaz\u00edas, hijo de Ticva, ambos respaldados por Mesulam y el levita Sabetai."
                },
                "16": {
                    "verse_nr": "16",
                    "verse": "As\u00ed que adoptaron el plan sugerido por la asamblea. Esdras escogi\u00f3 jefes para que representaran a sus familias y nombr\u00f3 a cada representante por nombre. El 29 de diciembre los jefes se pusieron a investigar el asunto."
                },
                "17": {
                    "verse_nr": "17",
                    "verse": "Para el 27 de marzo, que era el primer d\u00eda del nuevo a\u00f1o, ya hab\u00edan terminado de resolver los casos de todos los hombres que se hab\u00edan casado con mujeres paganas."
                },
                "18": {
                    "verse_nr": "18",
                    "verse": "Los culpables de matrimonios mixtos - Los siguientes son los sacerdotes que hab\u00edan tomado mujeres paganas como esposas: De la familia de Jes\u00faa, hijo de Jehosadac, y sus hermanos: Maase\u00edas, Eliezer, Jarib y Gedal\u00edas."
                },
                "19": {
                    "verse_nr": "19",
                    "verse": "Ellos juraron divorciarse de sus esposas, y cada uno reconoci\u00f3 su culpabilidad presentando un carnero como ofrenda por la culpa."
                },
                "20": {
                    "verse_nr": "20",
                    "verse": "De la familia de Imer: Hanan\u00ed y Zebad\u00edas."
                },
                "21": {
                    "verse_nr": "21",
                    "verse": "De la familia de Harim: Maase\u00edas, El\u00edas, Sema\u00edas, Jehiel y Uz\u00edas."
                },
                "22": {
                    "verse_nr": "22",
                    "verse": "De la familia de Pasur: Elioenai, Maase\u00edas, Ismael, Natanael, Jozabad y Elasa."
                },
                "23": {
                    "verse_nr": "23",
                    "verse": "Los culpables de este pecado de entre los levitas eran Jozabad, Simei, Kela\u00eda (tambi\u00e9n llamado Kelita), Peta\u00edas, Jud\u00e1 y Eliezer."
                },
                "24": {
                    "verse_nr": "24",
                    "verse": "El culpable de este pecado de entre los cantores era Eliasib. Los culpables de este pecado de entre los porteros eran Salum, Telem y Uri."
                },
                "25": {
                    "verse_nr": "25",
                    "verse": "Los culpables de este pecado de entre los dem\u00e1s israelitas eran los siguientes: De la familia de Paros: Ram\u00eda, Jez\u00edas, Malqu\u00edas, Mijam\u00edn, Eleazar, Hasab\u00edas y Bena\u00eda."
                },
                "26": {
                    "verse_nr": "26",
                    "verse": "De la familia de Elam: Matan\u00edas, Zacar\u00edas, Jehiel, Abdi, Jeremot y El\u00edas."
                },
                "27": {
                    "verse_nr": "27",
                    "verse": "De la familia de Zatu: Elioenai, Eliasib, Matan\u00edas, Jeremot, Zabad y Aziza."
                },
                "28": {
                    "verse_nr": "28",
                    "verse": "De la familia de Bebai: Johan\u00e1n, Hanan\u00edas, Zabai y Atlai."
                },
                "29": {
                    "verse_nr": "29",
                    "verse": "De la familia de Bani: Mesulam, Maluc, Ada\u00eda, Jasub, Seal y Jeremot."
                },
                "30": {
                    "verse_nr": "30",
                    "verse": "De la familia de Pahat-moab: Adna, Quelal, Bena\u00eda, Maase\u00edas, Matan\u00edas, Bezalel, Bin\u00fai y Manas\u00e9s."
                },
                "31": {
                    "verse_nr": "31",
                    "verse": "De la familia de Harim: Eliezer, Is\u00edas, Malqu\u00edas, Sema\u00edas, Sime\u00f3n,"
                },
                "32": {
                    "verse_nr": "32",
                    "verse": "Benjam\u00edn, Maluc y Semar\u00edas."
                },
                "33": {
                    "verse_nr": "33",
                    "verse": "De la familia de Hasum: Matenai, Matata, Zabad, Elifelet, Jeremai, Manas\u00e9s y Simei."
                },
                "34": {
                    "verse_nr": "34",
                    "verse": "De la familia de Bani: Madai, Amram, Uel,"
                },
                "35": {
                    "verse_nr": "35",
                    "verse": "Bena\u00eda, Bed\u00edas, Quel\u00fahi,"
                },
                "36": {
                    "verse_nr": "36",
                    "verse": "Van\u00edas, Meremot, Eliasib,"
                },
                "37": {
                    "verse_nr": "37",
                    "verse": "Matan\u00edas, Matenai y Jaasai."
                },
                "38": {
                    "verse_nr": "38",
                    "verse": "De la familia de Bin\u00fai: Simei,"
                },
                "39": {
                    "verse_nr": "39",
                    "verse": "Selem\u00edas, Nat\u00e1n, Ada\u00eda,"
                },
                "40": {
                    "verse_nr": "40",
                    "verse": "Macnadebai, Sasai, Sarai,"
                },
                "41": {
                    "verse_nr": "41",
                    "verse": "Azareel, Selem\u00edas, Semar\u00edas,"
                },
                "42": {
                    "verse_nr": "42",
                    "verse": "Salum, Amar\u00edas y Jos\u00e9."
                },
                "43": {
                    "verse_nr": "43",
                    "verse": "De la familia de Nebo: Jeiel, Matat\u00edas, Zabad, Zebina, Jadau, Joel y Bena\u00eda."
                },
                "44": {
                    "verse_nr": "44",
                    "verse": "Cada uno de estos hombres ten\u00eda una esposa pagana, y algunos hasta ten\u00edan hijos con ellas."
                }
            }
        }
    }
}