{
    "version": "elberfelder1871",
    "book_name": "Galatians",
    "book_nr": "48",
    "book": {
        "1": {
            "chapter_nr": 1,
            "chapter": {
                "1": {
                    "verse_nr": 1,
                    "verse": "Paulus, Apostel, nicht von Menschen, noch durch einen Menschen, sondern durch Jesum Christum und Gott, den Vater, der ihn auferweckt hat aus den Toten,\n"
                },
                "2": {
                    "verse_nr": 2,
                    "verse": "und alle Br\u00fcder, die bei mir sind, den Versammlungen von Galatien:\n"
                },
                "3": {
                    "verse_nr": 3,
                    "verse": "Gnade euch und Friede von Gott, dem Vater, und unserem Herrn Jesu Christi,\n"
                },
                "4": {
                    "verse_nr": 4,
                    "verse": "der sich selbst f\u00fcr unsere S\u00fcnden hingegeben hat, damit er uns herausnehme aus der gegenw\u00e4rtigen b\u00f6sen Welt,  (O. Zeitalter, Zeitlauf)   nach dem Willen unseres Gottes und Vaters,\n"
                },
                "5": {
                    "verse_nr": 5,
                    "verse": "welchem die Herrlichkeit sei  (O. ist)   in die Zeitalter der Zeitalter! Amen.\n"
                },
                "6": {
                    "verse_nr": 6,
                    "verse": "Ich wundere mich, da\u00df ihr so schnell von dem, der euch in der  (O. durch die)   Gnade Christi berufen hat, zu einem anderen  (O. zu einem verschiedenen; (nicht dasselbe Wort wie v 7))   Evangelium umwendet,  (O. umgewandt seid)\n"
                },
                "7": {
                    "verse_nr": 7,
                    "verse": "welches kein anderes ist; nur da\u00df etliche sind, die euch verwirren und das Evangelium des Christus verkehren wollen.\n"
                },
                "8": {
                    "verse_nr": 8,
                    "verse": "Aber wenn auch wir oder ein Engel aus dem Himmel euch etwas als Evangelium verk\u00fcndigte au\u00dfer dem, was wir euch als Evangelium verk\u00fcndigt haben: er sei verflucht!\n"
                },
                "9": {
                    "verse_nr": 9,
                    "verse": "Wie wir zuvor gesagt haben, so sage ich auch jetzt wiederum: Wenn jemand euch etwas als Evangelium verk\u00fcndigt au\u00dfer dem, was ihr empfangen habt: er sei verflucht!\n"
                },
                "10": {
                    "verse_nr": 10,
                    "verse": "Denn suche ich jetzt Menschen zufrieden zu stellen, oder Gott? oder suche ich Menschen zu gefallen? Wenn ich noch Menschen gefiele, so w\u00e4re ich Christi Knecht nicht.\n"
                },
                "11": {
                    "verse_nr": 11,
                    "verse": "Ich tue euch aber kund, Br\u00fcder, da\u00df das Evangelium, welches von mir verk\u00fcndigt worden, nicht nach dem Menschen  (O. menschengem\u00e4\u00df)   ist.\n"
                },
                "12": {
                    "verse_nr": 12,
                    "verse": "Denn ich habe es weder von einem Menschen empfangen, noch erlernt, sondern durch Offenbarung Jesu Christi.\n"
                },
                "13": {
                    "verse_nr": 13,
                    "verse": "Denn ihr habt von meinem ehemaligen Wandel in dem Judentum geh\u00f6rt, da\u00df ich die Versammlung Gottes \u00fcber die Ma\u00dfen verfolgte und sie zerst\u00f6rte,\n"
                },
                "14": {
                    "verse_nr": 14,
                    "verse": "und in dem Judentum zunahm \u00fcber viele Altersgenossen in meinem Geschlecht, indem ich \u00fcberm\u00e4\u00dfig ein Eiferer f\u00fcr meine v\u00e4terlichen \u00dcberlieferungen war.\n"
                },
                "15": {
                    "verse_nr": 15,
                    "verse": "Als es aber Gott,  (O. dem Gott)   der mich von meiner Mutter Leibe an abgesondert und durch seine Gnade berufen hat, wohlgefiel,\n"
                },
                "16": {
                    "verse_nr": 16,
                    "verse": "seinen Sohn in mir zu offenbaren, auf da\u00df ich ihn unter den Nationen verk\u00fcndigte,  (W. evangelisierte; so auch v 23)   ging ich alsbald nicht mit Fleisch und Blut zu Rate\n"
                },
                "17": {
                    "verse_nr": 17,
                    "verse": "und ging auch nicht hinauf nach Jerusalem zu denen, die vor mir Apostel waren, sondern ich ging fort nach Arabien und kehrte wiederum nach Damaskus zur\u00fcck.\n"
                },
                "18": {
                    "verse_nr": 18,
                    "verse": "Darauf, nach drei Jahren, ging ich nach Jerusalem hinauf, um Kephas kennen zu lernen, und blieb f\u00fcnfzehn Tage bei ihm.\n"
                },
                "19": {
                    "verse_nr": 19,
                    "verse": "Ich sah aber keinen anderen der Apostel, au\u00dfer Jakobus, den Bruder des Herrn.\n"
                },
                "20": {
                    "verse_nr": 20,
                    "verse": "Was ich euch aber schreibe, siehe, vor Gott! ich l\u00fcge nicht.\n"
                },
                "21": {
                    "verse_nr": 21,
                    "verse": "Darauf kam ich in die Gegenden von Syrien und Cilicien.\n"
                },
                "22": {
                    "verse_nr": 22,
                    "verse": "Ich war aber den Versammlungen von Jud\u00e4a, die in Christo sind, von Angesicht unbekannt;\n"
                },
                "23": {
                    "verse_nr": 23,
                    "verse": "sie hatten aber nur geh\u00f6rt: Der, welcher uns einst verfolgte, verk\u00fcndigt jetzt den Glauben, den er einst zerst\u00f6rte.\n"
                },
                "24": {
                    "verse_nr": 24,
                    "verse": "Und sie verherrlichten Gott an mir.\n"
                }
            }
        },
        "2": {
            "chapter_nr": 2,
            "chapter": {
                "1": {
                    "verse_nr": 1,
                    "verse": "Darauf, nach Verlauf von vierzehn Jahren, zog ich wieder nach Jerusalem hinauf mit Barnabas und nahm auch Titus mit.\n"
                },
                "2": {
                    "verse_nr": 2,
                    "verse": "Ich zog aber hinauf zufolge einer Offenbarung und legte ihnen das Evangelium vor, das ich unter den Nationen predige, im besonderen  (d. h. getrennt von den \u00fcbrigen)   aber den Angesehenen, damit ich nicht etwa vergeblich laufe oder gelaufen w\u00e4re;\n"
                },
                "3": {
                    "verse_nr": 3,
                    "verse": "(aber auch Titus, der bei mir war, wurde, obwohl er ein Grieche war, nicht gezwungen, sich beschneiden zu lassen)\n"
                },
                "4": {
                    "verse_nr": 4,
                    "verse": "es war aber der nebeneingef\u00fchrten falschen Br\u00fcder wegen, die nebeneingekommen waren, um unsere Freiheit auszukundschaften, welche wir in Christo Jesu haben, auf da\u00df sie uns in Knechtschaft br\u00e4chten;\n"
                },
                "5": {
                    "verse_nr": 5,
                    "verse": "denen wir auch nicht eine Stunde durch Unterw\u00fcrfigkeit nachgegeben haben, auf da\u00df die Wahrheit des Evangeliums bei euch verbliebe.\n"
                },
                "6": {
                    "verse_nr": 6,
                    "verse": "Von denen aber, die in Ansehen standen, -was irgend sie auch waren, das macht keinen Unterschied f\u00fcr mich, Gott nimmt keines Menschen Person an-denn mir haben die Angesehenen nichts hinzugef\u00fcgt;  (O. nichts weiter mitgeteilt)\n"
                },
                "7": {
                    "verse_nr": 7,
                    "verse": "sondern im Gegenteil, als sie sahen, da\u00df mir das Evangelium der Vorhaut anvertraut war, gleichwie Petrus das der Beschneidung,\n"
                },
                "8": {
                    "verse_nr": 8,
                    "verse": "(denn der, welcher in Petrus f\u00fcr das Apostelamt  (Eig. die Apostelschaft)   der Beschneidung gewirkt hat, hat auch in mir in Bezug auf  (O. gegen)   die Nationen gewirkt)\n"
                },
                "9": {
                    "verse_nr": 9,
                    "verse": "und als sie die Gnade erkannten, die mir gegeben ist, gaben Jakobus und Kephas und Johannes, die als S\u00e4ulen angesehen wurden, mir und Barnabas die Rechte  (d. i. die rechte Hand)   der Gemeinschaft, auf da\u00df wir unter die Nationen, sie aber unter die Beschneidung gingen;\n"
                },
                "10": {
                    "verse_nr": 10,
                    "verse": "nur da\u00df wir der Armen eingedenk w\u00e4ren, dessen ich mich auch beflei\u00dfigt habe, also zu tun.\n"
                },
                "11": {
                    "verse_nr": 11,
                    "verse": "Als aber Kephas nach Antiochien kam, widerstand ich ihm ins Angesicht, weil er dem Urteil verfallen war.\n"
                },
                "12": {
                    "verse_nr": 12,
                    "verse": "Denn bevor etliche von Jakobus kamen, hatte er mit denen aus den Nationen gegessen; als sie aber kamen, zog er sich zur\u00fcck und sonderte sich ab, da er sich vor denen aus der Beschneidung f\u00fcrchtete.\n"
                },
                "13": {
                    "verse_nr": 13,
                    "verse": "Und mit ihm heuchelten auch die \u00fcbrigen Juden, so da\u00df selbst Barnabas durch ihre Heuchelei mitfortgerissen wurde.\n"
                },
                "14": {
                    "verse_nr": 14,
                    "verse": "Als ich aber sah, da\u00df sie nicht den geraden Weg nach der Wahrheit des Evangeliums wandelten, sprach ich zu Kephas vor allen: Wenn du, der du ein Jude bist, wie die Nationen lebst und nicht wie die Juden, wie zwingst du denn die Nationen, j\u00fcdisch zu leben?\n"
                },
                "15": {
                    "verse_nr": 15,
                    "verse": "Wir, von Natur Juden und nicht S\u00fcnder aus den Nationen,\n"
                },
                "16": {
                    "verse_nr": 16,
                    "verse": "aber wissend, da\u00df der Mensch nicht aus  (O. auf dem Grundsatz der (des); so auch nachher)   Gesetzeswerken gerechtfertigt wird, sondern nur durch den Glauben an Jesum Christum,  (O. Jesu Christi)   auch wir haben an Christum Jesum geglaubt, auf da\u00df wir aus  (O. auf dem Grundsatz der (des); so auch nachher)   Glauben an Christum  (O. Christi)   gerechtfertigt w\u00fcrden, und nicht aus Gesetzeswerken, weil aus Gesetzeswerken kein Fleisch gerechtfertigt werden wird.\n"
                },
                "17": {
                    "verse_nr": 17,
                    "verse": "Wenn wir aber, indem wir in Christo gerechtfertigt zu werden suchen, auch selbst als S\u00fcnder erfunden worden sind, ist denn  (O. dann ist)   Christus ein Diener der S\u00fcnde? Das sei ferne!\n"
                },
                "18": {
                    "verse_nr": 18,
                    "verse": "Denn wenn ich das, was ich abgebrochen habe, wiederum aufbaue, so stelle ich mich selbst als \u00dcbertreter dar.\n"
                },
                "19": {
                    "verse_nr": 19,
                    "verse": "Denn ich bin durchs Gesetz dem Gesetz gestorben, auf da\u00df ich Gott lebe;\n"
                },
                "20": {
                    "verse_nr": 20,
                    "verse": "ich bin mit Christo gekreuzigt, und nicht mehr lebe ich,  (O. ich lebe aber, nicht mehr ich)   sondern Christus lebt in mir; was ich aber jetzt lebe im Fleische, lebe ich durch Glauben, durch den an den Sohn Gottes,  (O. den des Sohnes Gottes)   der mich geliebt und sich selbst f\u00fcr mich hingegeben hat.\n"
                },
                "21": {
                    "verse_nr": 21,
                    "verse": "Ich mache die Gnade Gottes nicht ung\u00fcltig; denn wenn Gerechtigkeit durch Gesetz kommt, dann ist Christus umsonst gestorben.\n"
                }
            }
        },
        "3": {
            "chapter_nr": 3,
            "chapter": {
                "1": {
                    "verse_nr": 1,
                    "verse": "O unverst\u00e4ndige Galater! wer hat euch bezaubert, denen Jesus Christus, als unter euch gekreuzigt, vor Augen gemalt wurde?\n"
                },
                "2": {
                    "verse_nr": 2,
                    "verse": "Dies allein will ich von euch lernen: Habt ihr den Geist aus  (O. auf dem Grundsatz der (des); so auch nachher)   Gesetzeswerken empfangen, oder aus der Kunde  (O. Botschaft; s. die Anm. zu R\u00f6m. 10,16)   des Glaubens?\n"
                },
                "3": {
                    "verse_nr": 3,
                    "verse": "Seid ihr so unverst\u00e4ndig? Nachdem ihr im Geiste angefangen habt, wollt ihr jetzt im Fleische vollenden?  (O. zur Vollendung gebracht werden)\n"
                },
                "4": {
                    "verse_nr": 4,
                    "verse": "Habt ihr so vieles vergeblich gelitten?  (O. erfahren)   wenn es ja auch vergeblich ist.\n"
                },
                "5": {
                    "verse_nr": 5,
                    "verse": "Der euch nun den Geist darreicht und Wunderwerke unter euch wirkt, ist es aus Gesetzeswerken oder aus der Kunde des Glaubens?\n"
                },
                "6": {
                    "verse_nr": 6,
                    "verse": "Gleichwie Abraham Gott glaubte, und es ihm zur Gerechtigkeit gerechnet wurde.  (1. Mose 15,6)\n"
                },
                "7": {
                    "verse_nr": 7,
                    "verse": "Erkennet denn: die aus  (O. auf dem Grundsatz des (der); so auch nachher)   Glauben sind, diese sind Abrahams S\u00f6hne.\n"
                },
                "8": {
                    "verse_nr": 8,
                    "verse": "Die Schrift aber, voraussehend, da\u00df Gott die Nationen aus Glauben rechtfertigen w\u00fcrde, verk\u00fcndigte dem Abraham die gute Botschaft zuvor: \"In dir werden gesegnet werden alle Nationen\".  (1. Mose 12,3)\n"
                },
                "9": {
                    "verse_nr": 9,
                    "verse": "Also werden die, welche aus Glauben sind, mit dem gl\u00e4ubigen Abraham gesegnet.\n"
                },
                "10": {
                    "verse_nr": 10,
                    "verse": "Denn so viele aus Gesetzeswerken sind, sind unter dem Fluche; denn es steht geschrieben: \"Verflucht ist jeder, der nicht bleibt in allem, was im Buche des Gesetzes geschrieben ist, um es zu tun!\"  (5. Mose 27,26)\n"
                },
                "11": {
                    "verse_nr": 11,
                    "verse": "Da\u00df aber durch  (W. in, d. h. in der Kraft des)   Gesetz niemand vor Gott gerechtfertigt wird, ist offenbar, denn \"der Gerechte wird aus Glauben leben\".  (Hab. 2,4)\n"
                },
                "12": {
                    "verse_nr": 12,
                    "verse": "Das Gesetz aber ist nicht aus Glauben, sondern: \"Wer diese Dinge getan hat, wird durch sie leben\".  (3. Mose 18,5)\n"
                },
                "13": {
                    "verse_nr": 13,
                    "verse": "Christus hat uns losgekauft von dem Fluche des Gesetzes, indem er ein Fluch f\u00fcr uns geworden ist (denn es steht geschrieben: \"Verflucht ist jeder, der am Holze h\u00e4ngt!\");  (5. Mose 21,23)\n"
                },
                "14": {
                    "verse_nr": 14,
                    "verse": "auf da\u00df der Segen Abrahams in Christo Jesu zu den Nationen k\u00e4me, auf da\u00df wir die Verhei\u00dfung des Geistes empfingen durch den Glauben.\n"
                },
                "15": {
                    "verse_nr": 15,
                    "verse": "Br\u00fcder! ich rede nach Menschenweise; selbst eines Menschen Bund, der best\u00e4tigt ist, hebt niemand auf oder verordnet etwas hinzu.\n"
                },
                "16": {
                    "verse_nr": 16,
                    "verse": "Dem Abraham aber waren die Verhei\u00dfungen zugesagt und seinem Samen. Er sagt nicht: \"und den Samen\", als von vielen, sondern als von einem: \"und deinem Samen\",  (1. Mose 22,18)   welcher Christus ist.\n"
                },
                "17": {
                    "verse_nr": 17,
                    "verse": "Dieses aber sage ich: Einen vorher von Gott best\u00e4tigten Bund macht das vierhundertdrei\u00dfig Jahre danach entstandene Gesetz nicht ung\u00fcltig, um die Verhei\u00dfung aufzuheben.\n"
                },
                "18": {
                    "verse_nr": 18,
                    "verse": "Denn wenn die Erbschaft aus  (O. auf dem Grundsatz des (der); so auch nachher)   Gesetz ist, so nicht mehr aus  (O. auf dem Grundsatz der (des); so auch nachher)   Verhei\u00dfung: dem Abraham aber hat Gott sie durch Verhei\u00dfung geschenkt.\n"
                },
                "19": {
                    "verse_nr": 19,
                    "verse": "Warum nun das Gesetz? Es wurde der \u00dcbertretungen wegen hinzugef\u00fcgt (bis der Same k\u00e4me, dem die Verhei\u00dfung gemacht war), angeordnet durch Engel in der Hand eines Mittlers.\n"
                },
                "20": {
                    "verse_nr": 20,
                    "verse": "Ein  (W. der)   Mittler aber ist nicht Mittler von einem; Gott aber ist einer.\n"
                },
                "21": {
                    "verse_nr": 21,
                    "verse": "Ist denn das Gesetz wider die Verhei\u00dfungen Gottes? Das sei ferne! Denn wenn ein Gesetz gegeben worden w\u00e4re, das lebendig zu machen verm\u00f6chte, dann w\u00e4re wirklich die Gerechtigkeit aus  (O. auf dem Grundsatz des (der); so auch nachher)   Gesetz.\n"
                },
                "22": {
                    "verse_nr": 22,
                    "verse": "Die Schrift aber hat alles unter die S\u00fcnde eingeschlossen, auf da\u00df die Verhei\u00dfung aus  (O. auf dem Grundsatz des (der); so auch nachher)   Glauben an Jesum Christum  (O. Jesu Christi)   denen gegeben w\u00fcrde, die da glauben.\n"
                },
                "23": {
                    "verse_nr": 23,
                    "verse": "Bevor aber der Glaube kam, wurden wir unter dem Gesetz verwahrt, eingeschlossen auf den Glauben hin, der geoffenbart werden sollte.\n"
                },
                "24": {
                    "verse_nr": 24,
                    "verse": "Also ist das Gesetz unser Zuchtmeister gewesen auf Christum hin, auf da\u00df wir aus  (O. auf dem Grundsatz des (der); so auch nachher)   Glauben gerechtfertigt w\u00fcrden.\n"
                },
                "25": {
                    "verse_nr": 25,
                    "verse": "Da aber der Glaube gekommen ist, sind wir nicht mehr unter einem Zuchtmeister;\n"
                },
                "26": {
                    "verse_nr": 26,
                    "verse": "denn ihr alle seid S\u00f6hne Gottes durch den Glauben an Christum Jesum.  (W. in Christo Jesu)\n"
                },
                "27": {
                    "verse_nr": 27,
                    "verse": "Denn so viele euer auf Christum getauft worden sind, ihr habt Christum angezogen.\n"
                },
                "28": {
                    "verse_nr": 28,
                    "verse": "Da ist nicht Jude noch Grieche, da ist nicht Sklave noch Freier, da ist nicht Mann und Weib;  (W. M\u00e4nnliches und Weibliches)   denn ihr alle seid einer in Christo Jesu.\n"
                },
                "29": {
                    "verse_nr": 29,
                    "verse": "Wenn ihr aber Christi seid, so seid ihr denn Abrahams Same und nach Verhei\u00dfung Erben.\n"
                }
            }
        },
        "4": {
            "chapter_nr": 4,
            "chapter": {
                "1": {
                    "verse_nr": 1,
                    "verse": "Ich sage aber: solange der Erbe unm\u00fcndig ist, unterscheidet er sich in nichts von einem Knechte,  (O. Sklaven)   wiewohl er Herr ist von allem;\n"
                },
                "2": {
                    "verse_nr": 2,
                    "verse": "sondern er ist unter Vorm\u00fcndern und Verwaltern bis zu der vom Vater festgesetzten Frist.\n"
                },
                "3": {
                    "verse_nr": 3,
                    "verse": "Also auch wir, als wir Unm\u00fcndige waren, waren wir geknechtet unter die Elemente der Welt;\n"
                },
                "4": {
                    "verse_nr": 4,
                    "verse": "als aber die F\u00fclle der Zeit gekommen war, sandte Gott seinen Sohn, geboren  (Eig. geworden)   von einem Weibe, geboren  (Eig. geworden)   unter Gesetz,\n"
                },
                "5": {
                    "verse_nr": 5,
                    "verse": "auf da\u00df er die, welche unter Gesetz waren, loskaufte, auf da\u00df wir die Sohnschaft empfingen.\n"
                },
                "6": {
                    "verse_nr": 6,
                    "verse": "Weil ihr aber S\u00f6hne seid, so hat Gott den Geist seines Sohnes in unsere Herzen gesandt, der da ruft: Abba, Vater!\n"
                },
                "7": {
                    "verse_nr": 7,
                    "verse": "Also bist du nicht mehr Knecht,  (O. Sklave)   sondern Sohn; wenn aber Sohn, so auch Erbe durch Gott.\n"
                },
                "8": {
                    "verse_nr": 8,
                    "verse": "Aber damals freilich, als ihr Gott nicht kanntet, dientet ihr denen,  (O. waret ihr Sklaven derer)   die von Natur nicht G\u00f6tter sind;  (Vergl. 2. Chron. 13,9)\n"
                },
                "9": {
                    "verse_nr": 9,
                    "verse": "jetzt aber, da ihr Gott erkannt habt, vielmehr aber von Gott erkannt worden seid, wie wendet ihr wieder um zu den schwachen und armseligen Elementen, denen ihr wieder von neuem dienen  (O. Sklaven sein)   wollt?\n"
                },
                "10": {
                    "verse_nr": 10,
                    "verse": "Ihr beobachtet Tage und Monate und Zeiten und Jahre.\n"
                },
                "11": {
                    "verse_nr": 11,
                    "verse": "Ich f\u00fcrchte um euch, ob ich nicht etwa vergeblich an  (O. in Bezug auf)   euch gearbeitet habe.\n"
                },
                "12": {
                    "verse_nr": 12,
                    "verse": "Seid wie ich, denn auch ich bin wie ihr, Br\u00fcder, ich bitte euch; ihr habt mir nichts zuleide  (O. keinerlei Unrecht)   getan.\n"
                },
                "13": {
                    "verse_nr": 13,
                    "verse": "Ihr wisset aber, da\u00df ich in Schwachheit des Fleisches euch ehedem  (O. im Anfang)   das Evangelium verk\u00fcndigt habe;\n"
                },
                "14": {
                    "verse_nr": 14,
                    "verse": "und meine Versuchung,  (O. nach and. Les.: die Versuchung f\u00fcr euch)   die in meinem Fleische war, habt ihr nicht verachtet noch verabscheut, sondern wie einen Engel Gottes nahmet ihr mich auf, wie Christum Jesum.\n"
                },
                "15": {
                    "verse_nr": 15,
                    "verse": "Was war denn eure Gl\u00fcckseligkeit? Denn ich gebe euch Zeugnis, da\u00df ihr, wenn m\u00f6glich, eure Augen ausgerissen und mir gegeben h\u00e4ttet.\n"
                },
                "16": {
                    "verse_nr": 16,
                    "verse": "Bin ich also euer Feind geworden, weil ich euch die Wahrheit sage?\n"
                },
                "17": {
                    "verse_nr": 17,
                    "verse": "Sie eifern um euch nicht gut, sondern sie wollen euch ausschlie\u00dfen,  (d. h. von jeder Gemeinschaft mit dem Apostel)   auf da\u00df ihr um sie eifert.\n"
                },
                "18": {
                    "verse_nr": 18,
                    "verse": "Es ist aber gut, allezeit im Guten zu eifern, und nicht allein, wenn ich bei euch gegenw\u00e4rtig bin.\n"
                },
                "19": {
                    "verse_nr": 19,
                    "verse": "Meine Kindlein, um die ich abermals Geburtswehen habe, bis Christus in euch gestaltet worden ist;\n"
                },
                "20": {
                    "verse_nr": 20,
                    "verse": "ich w\u00fcnschte aber jetzt bei euch gegenw\u00e4rtig zu sein und meine Stimme umzuwandeln, denn ich bin eurethalben in Verlegenheit.\n"
                },
                "21": {
                    "verse_nr": 21,
                    "verse": "Saget mir, die ihr unter Gesetz sein wollt, h\u00f6ret ihr das Gesetz nicht?\n"
                },
                "22": {
                    "verse_nr": 22,
                    "verse": "Denn es steht geschrieben, da\u00df Abraham zwei S\u00f6hne hatte, einen von der Magd und einen von der Freien;\n"
                },
                "23": {
                    "verse_nr": 23,
                    "verse": "aber der von der Magd war nach dem Fleische geboren, der aber von der Freien durch die Verhei\u00dfung,\n"
                },
                "24": {
                    "verse_nr": 24,
                    "verse": "was einen bildlichen Sinn hat; denn diese sind zwei B\u00fcndnisse: eines vom Berge Sinai, das zur Knechtschaft  (O. Sklaverei)   gebiert, welches Hagar ist.\n"
                },
                "25": {
                    "verse_nr": 25,
                    "verse": "Denn Hagar ist der Berg Sinai in Arabien, entspricht aber dem jetzigen Jerusalem, denn sie ist mit ihren Kindern in Knechtschaft;  (O. Sklaverei)\n"
                },
                "26": {
                    "verse_nr": 26,
                    "verse": "aber das Jerusalem droben ist frei, welches unsere Mutter ist.\n"
                },
                "27": {
                    "verse_nr": 27,
                    "verse": "Denn es steht geschrieben: \"Sei fr\u00f6hlich, du Unfruchtbare, die du nicht gebierst; brich in Jubel aus und schreie, die du keine Geburtswehen hast! denn die Kinder der Einsamen sind zahlreicher als derjenigen, die den Mann hat.\"  (Jes. 54,1)\n"
                },
                "28": {
                    "verse_nr": 28,
                    "verse": "Ihr aber, Br\u00fcder seid, gleichwie  (O. gem\u00e4\u00df)   Isaak, Kinder der Verhei\u00dfung.\n"
                },
                "29": {
                    "verse_nr": 29,
                    "verse": "Aber so wie damals der nach dem Fleische Geborene den nach dem Geiste Geborenen verfolgte, also auch jetzt.\n"
                },
                "30": {
                    "verse_nr": 30,
                    "verse": "Aber was sagt die Schrift? \"Sto\u00dfe hinaus die Magd und ihren Sohn, denn der Sohn der Magd soll nicht erben mit dem Sohne der Freien.\"  (1. Mose 21,10)\n"
                },
                "31": {
                    "verse_nr": 31,
                    "verse": "Also, Br\u00fcder, sind wir nicht Kinder der Magd, sondern der Freien.\n"
                }
            }
        },
        "5": {
            "chapter_nr": 5,
            "chapter": {
                "1": {
                    "verse_nr": 1,
                    "verse": "F\u00fcr die  (O. In der)   Freiheit hat Christus uns freigemacht; stehet nun fest und lasset euch nicht wiederum unter einem Joche der Knechtschaft  (O. Sklaverei)   halten.\n"
                },
                "2": {
                    "verse_nr": 2,
                    "verse": "Siehe, ich, Paulus, sage euch, da\u00df wenn ihr beschnitten werdet, Christus euch nichts n\u00fctzen wird.\n"
                },
                "3": {
                    "verse_nr": 3,
                    "verse": "Ich bezeuge aber wiederum jedem Menschen, der beschnitten wird, da\u00df er das ganze Gesetz zu tun schuldig ist.\n"
                },
                "4": {
                    "verse_nr": 4,
                    "verse": "Ihr seid abgetrennt von dem Christus,  (Der Sinn des griech. Ausdrucks ist eigentl.: Ihr seid, als getrennt von Christo, alles Nutzens an ihm beraubt)   so viele ihr im Gesetz gerechtfertigt werdet; ihr seid aus der Gnade gefallen.\n"
                },
                "5": {
                    "verse_nr": 5,
                    "verse": "Denn wir erwarten durch den Geist aus  (O. auf dem Grundsatz des)   Glauben die Hoffnung der Gerechtigkeit.\n"
                },
                "6": {
                    "verse_nr": 6,
                    "verse": "Denn in Christo Jesu vermag weder Beschneidung noch Vorhaut etwas, sondern der Glaube, der durch die Liebe wirkt.\n"
                },
                "7": {
                    "verse_nr": 7,
                    "verse": "Ihr liefet gut; wer hat euch aufgehalten, da\u00df ihr der Wahrheit nicht gehorchet?\n"
                },
                "8": {
                    "verse_nr": 8,
                    "verse": "Die \u00dcberredung ist nicht von dem, der euch beruft.\n"
                },
                "9": {
                    "verse_nr": 9,
                    "verse": "Ein wenig Sauerteig durchs\u00e4uert den ganzen Teig.\n"
                },
                "10": {
                    "verse_nr": 10,
                    "verse": "Ich habe Vertrauen zu euch im Herrn, da\u00df ihr nicht anders gesinnt sein werdet; wer euch aber verwirrt, wird das Urteil tragen, wer er auch sei.\n"
                },
                "11": {
                    "verse_nr": 11,
                    "verse": "Ich aber, Br\u00fcder, wenn ich noch Beschneidung predige, was werde ich noch verfolgt? Dann ist ja das \u00c4rgernis des Kreuzes hinweggetan.\n"
                },
                "12": {
                    "verse_nr": 12,
                    "verse": "Ich wollte, da\u00df sie sich auch abschnitten,  (O. verschnitten, verst\u00fcmmelten)   die euch aufwiegeln!\n"
                },
                "13": {
                    "verse_nr": 13,
                    "verse": "Denn ihr seid zur Freiheit berufen worden, Br\u00fcder; allein gebrauchet nicht die Freiheit zu einem Anla\u00df f\u00fcr das Fleisch, sondern durch die Liebe dienet einander.\n"
                },
                "14": {
                    "verse_nr": 14,
                    "verse": "Denn das ganze Gesetz ist in einem Worte erf\u00fcllt, in dem: \"Du sollst deinen N\u00e4chsten lieben wie dich selbst\".  (3. Mose 19,18)\n"
                },
                "15": {
                    "verse_nr": 15,
                    "verse": "Wenn ihr aber einander bei\u00dfet und fresset, so sehet zu, da\u00df ihr nicht voneinander verzehrt werdet.\n"
                },
                "16": {
                    "verse_nr": 16,
                    "verse": "Ich sage aber: Wandelt im Geiste,  (O. durch den Geist)   und ihr werdet die Lust des Fleisches nicht vollbringen.\n"
                },
                "17": {
                    "verse_nr": 17,
                    "verse": "Denn das Fleisch gel\u00fcstet wider den Geist, der Geist aber wider das Fleisch; diese aber sind einander entgegengesetzt, auf da\u00df ihr nicht das tuet, was ihr wollt.\n"
                },
                "18": {
                    "verse_nr": 18,
                    "verse": "Wenn ihr aber durch den Geist geleitet werdet, so seid ihr nicht unter Gesetz.\n"
                },
                "19": {
                    "verse_nr": 19,
                    "verse": "Offenbar aber sind die Werke des Fleisches, welche sind: Hurerei, Unreinigkeit, Ausschweifung,\n"
                },
                "20": {
                    "verse_nr": 20,
                    "verse": "G\u00f6tzendienst, Zauberei, Feindschaft, Hader, Eifersucht, Zorn, Zank, Zwietracht, Sekten,\n"
                },
                "21": {
                    "verse_nr": 21,
                    "verse": "Neid, Totschlag, Trunkenheit, Gelage  (Die W\u00f6rter \"Feindschaft\" bis \"Gelage\" stehen im Griech. in der Mehrzahl)   und dergleichen, von denen ich euch vorhersage, gleichwie ich auch vorhergesagt habe, da\u00df, die solches tun, das Reich Gottes nicht ererben werden.\n"
                },
                "22": {
                    "verse_nr": 22,
                    "verse": "Die Frucht des Geistes aber ist: Liebe, Freude, Friede, Langmut, Freundlichkeit, G\u00fctigkeit, Treue, Sanftmut, Enthaltsamkeit;  (O. Selbstheherrschung)\n"
                },
                "23": {
                    "verse_nr": 23,
                    "verse": "wider solche gibt es kein Gesetz.\n"
                },
                "24": {
                    "verse_nr": 24,
                    "verse": "Die aber des Christus sind, haben das Fleisch gekreuzigt samt den Leidenschaften und L\u00fcsten.\n"
                },
                "25": {
                    "verse_nr": 25,
                    "verse": "Wenn wir durch den Geist leben, so la\u00dft uns auch durch den Geist wandeln.\n"
                },
                "26": {
                    "verse_nr": 26,
                    "verse": "La\u00dft uns nicht eitler Ehre geizig sein, indem wir einander herausfordern, einander beneiden.\n"
                }
            }
        },
        "6": {
            "chapter_nr": 6,
            "chapter": {
                "1": {
                    "verse_nr": 1,
                    "verse": "Br\u00fcder! wenn auch ein Mensch von einem Fehltritt \u00fcbereilt w\u00fcrde, so bringet ihr, die Geistlichen, einen solchen wieder zurecht im Geiste der Sanftmut, indem du auf dich selbst siehst, da\u00df nicht auch du versucht werdest.\n"
                },
                "2": {
                    "verse_nr": 2,
                    "verse": "Einer trage des anderen Lasten, und also erf\u00fcllet  (Eig. habet erf\u00fcllt, d. h. seid in diesem Zustande)   das Gesetz des Christus.  (O. Christi)\n"
                },
                "3": {
                    "verse_nr": 3,
                    "verse": "Denn wenn jemand meint, etwas zu sein, da er doch nichts ist, so betr\u00fcgt  (O. t\u00e4uscht)   er sich selbst.\n"
                },
                "4": {
                    "verse_nr": 4,
                    "verse": "Ein jeder aber pr\u00fcfe sein eigenes Werk, und dann wird er an  (O. in Bezug auf)   sich selbst allein und nicht an dem anderen Ruhm haben;\n"
                },
                "5": {
                    "verse_nr": 5,
                    "verse": "denn ein jeder wird seine eigene Last tragen.\n"
                },
                "6": {
                    "verse_nr": 6,
                    "verse": "Wer in dem Worte unterwiesen wird, teile aber von allerlei Gutem  (Eig. von allerlei G\u00fctern)   dem mit, der ihn unterweist.\n"
                },
                "7": {
                    "verse_nr": 7,
                    "verse": "Irret euch nicht, Gott l\u00e4\u00dft sich nicht spotten! denn was irgend ein Mensch s\u00e4t, das wird er auch ernten.\n"
                },
                "8": {
                    "verse_nr": 8,
                    "verse": "Denn wer f\u00fcr sein eigenes Fleisch s\u00e4t, wird von dem Fleische Verderben ernten; wer aber f\u00fcr den Geist s\u00e4t, wird von dem Geiste ewiges Leben ernten.\n"
                },
                "9": {
                    "verse_nr": 9,
                    "verse": "La\u00dft uns aber im Gutestun nicht m\u00fcde  (O. mutlos)   werden, denn zu seiner  (O. zur bestimmten)   Zeit werden wir ernten, wenn wir nicht ermatten.\n"
                },
                "10": {
                    "verse_nr": 10,
                    "verse": "Also nun, wie wir Gelegenheit haben, la\u00dft uns das Gute wirken gegen alle, am meisten aber gegen die Hausgenossen des Glaubens.\n"
                },
                "11": {
                    "verse_nr": 11,
                    "verse": "Sehet, welch einen langen Brief  (O. mit welch gro\u00dfen Buchstaben)   ich euch geschrieben habe mit eigener Hand!\n"
                },
                "12": {
                    "verse_nr": 12,
                    "verse": "So viele im Fleische wohl angesehen sein wollen, die n\u00f6tigen euch, beschnitten zu werden, nur auf da\u00df sie nicht um des Kreuzes Christi willen verfolgt werden.\n"
                },
                "13": {
                    "verse_nr": 13,
                    "verse": "Denn auch sie, die beschnitten sind, beobachten selbst das Gesetz nicht, sondern sie wollen, da\u00df ihr beschnitten werdet, auf da\u00df sie sich eures Fleisches  (Eig. in eurem Fleische)   r\u00fchmen.\n"
                },
                "14": {
                    "verse_nr": 14,
                    "verse": "Von mir aber sei es ferne, mich zu r\u00fchmen, als nur des Kreuzes  (Eig. in dem Kreuze)   unseres Herrn Jesu Christi, durch welchen  (O. welches)   mir die Welt gekreuzigt ist, und ich der Welt.\n"
                },
                "15": {
                    "verse_nr": 15,
                    "verse": "Denn weder Beschneidung noch Vorhaut ist etwas, sondern eine neue Sch\u00f6pfung.\n"
                },
                "16": {
                    "verse_nr": 16,
                    "verse": "Und so viele nach dieser Richtschnur wandeln werden-Friede \u00fcber sie und Barmherzigkeit, und \u00fcber den Israel Gottes!\n"
                },
                "17": {
                    "verse_nr": 17,
                    "verse": "Hinfort  (O. \u00dcbrigens)   mache mir keiner M\u00fche, denn ich trage die Malzeichen  (O. Brandmale)   des Herrn Jesus an meinem Leibe.\n"
                },
                "18": {
                    "verse_nr": 18,
                    "verse": "Die Gnade unseres Herrn Jesu Christi sei mit eurem Geiste, Br\u00fcder! Amen.\n"
                }
            }
        }
    }
}