{
    "version": "ne",
    "book_name": "Hebrews",
    "book_nr": "58",
    "book": {
        "1": {
            "chapter_nr": "1",
            "chapter": {
                "1": {
                    "verse_nr": "1",
                    "verse": "verse doesn't exist in this bible version"
                },
                "2": {
                    "verse_nr": "2",
                    "verse": "verse doesn't exist in this bible version"
                },
                "3": {
                    "verse_nr": "3",
                    "verse": "verse doesn't exist in this bible version"
                },
                "4": {
                    "verse_nr": "4",
                    "verse": "verse doesn't exist in this bible version"
                },
                "5": {
                    "verse_nr": "5",
                    "verse": "verse doesn't exist in this bible version"
                },
                "6": {
                    "verse_nr": "6",
                    "verse": "verse doesn't exist in this bible version"
                },
                "7": {
                    "verse_nr": "7",
                    "verse": "verse doesn't exist in this bible version"
                },
                "8": {
                    "verse_nr": "8",
                    "verse": "verse doesn't exist in this bible version"
                },
                "9": {
                    "verse_nr": "9",
                    "verse": "verse doesn't exist in this bible version"
                },
                "10": {
                    "verse_nr": "10",
                    "verse": "verse doesn't exist in this bible version"
                },
                "11": {
                    "verse_nr": "11",
                    "verse": "verse doesn't exist in this bible version"
                },
                "12": {
                    "verse_nr": "12",
                    "verse": "verse doesn't exist in this bible version"
                },
                "13": {
                    "verse_nr": "13",
                    "verse": "verse doesn't exist in this bible version"
                },
                "14": {
                    "verse_nr": "14",
                    "verse": "verse doesn't exist in this bible version"
                }
            }
        },
        "2": {
            "chapter_nr": "2",
            "chapter": {
                "1": {
                    "verse_nr": "1",
                    "verse": "verse doesn't exist in this bible version"
                },
                "2": {
                    "verse_nr": "2",
                    "verse": "verse doesn't exist in this bible version"
                },
                "3": {
                    "verse_nr": "3",
                    "verse": "verse doesn't exist in this bible version"
                },
                "4": {
                    "verse_nr": "4",
                    "verse": "verse doesn't exist in this bible version"
                },
                "5": {
                    "verse_nr": "5",
                    "verse": "verse doesn't exist in this bible version"
                },
                "6": {
                    "verse_nr": "6",
                    "verse": "verse doesn't exist in this bible version"
                },
                "7": {
                    "verse_nr": "7",
                    "verse": "verse doesn't exist in this bible version"
                },
                "8": {
                    "verse_nr": "8",
                    "verse": "verse doesn't exist in this bible version"
                },
                "9": {
                    "verse_nr": "9",
                    "verse": "verse doesn't exist in this bible version"
                },
                "10": {
                    "verse_nr": "10",
                    "verse": "verse doesn't exist in this bible version"
                },
                "11": {
                    "verse_nr": "11",
                    "verse": "verse doesn't exist in this bible version"
                },
                "12": {
                    "verse_nr": "12",
                    "verse": "verse doesn't exist in this bible version"
                },
                "13": {
                    "verse_nr": "13",
                    "verse": "verse doesn't exist in this bible version"
                },
                "14": {
                    "verse_nr": "14",
                    "verse": "verse doesn't exist in this bible version"
                },
                "15": {
                    "verse_nr": "15",
                    "verse": "verse doesn't exist in this bible version"
                },
                "16": {
                    "verse_nr": "16",
                    "verse": "verse doesn't exist in this bible version"
                },
                "17": {
                    "verse_nr": "17",
                    "verse": "verse doesn't exist in this bible version"
                },
                "18": {
                    "verse_nr": "18",
                    "verse": "verse doesn't exist in this bible version"
                }
            }
        },
        "3": {
            "chapter_nr": "3",
            "chapter": {
                "1": {
                    "verse_nr": "1",
                    "verse": "verse doesn't exist in this bible version"
                },
                "2": {
                    "verse_nr": "2",
                    "verse": "verse doesn't exist in this bible version"
                },
                "3": {
                    "verse_nr": "3",
                    "verse": "verse doesn't exist in this bible version"
                },
                "4": {
                    "verse_nr": "4",
                    "verse": "verse doesn't exist in this bible version"
                },
                "5": {
                    "verse_nr": "5",
                    "verse": "verse doesn't exist in this bible version"
                },
                "6": {
                    "verse_nr": "6",
                    "verse": "verse doesn't exist in this bible version"
                },
                "7": {
                    "verse_nr": "7",
                    "verse": "verse doesn't exist in this bible version"
                },
                "8": {
                    "verse_nr": "8",
                    "verse": "verse doesn't exist in this bible version"
                },
                "9": {
                    "verse_nr": "9",
                    "verse": "verse doesn't exist in this bible version"
                },
                "10": {
                    "verse_nr": "10",
                    "verse": "verse doesn't exist in this bible version"
                },
                "11": {
                    "verse_nr": "11",
                    "verse": "verse doesn't exist in this bible version"
                },
                "12": {
                    "verse_nr": "12",
                    "verse": "verse doesn't exist in this bible version"
                },
                "13": {
                    "verse_nr": "13",
                    "verse": "verse doesn't exist in this bible version"
                },
                "14": {
                    "verse_nr": "14",
                    "verse": "verse doesn't exist in this bible version"
                },
                "15": {
                    "verse_nr": "15",
                    "verse": "verse doesn't exist in this bible version"
                },
                "16": {
                    "verse_nr": "16",
                    "verse": "verse doesn't exist in this bible version"
                },
                "17": {
                    "verse_nr": "17",
                    "verse": "verse doesn't exist in this bible version"
                },
                "18": {
                    "verse_nr": "18",
                    "verse": "verse doesn't exist in this bible version"
                },
                "19": {
                    "verse_nr": "19",
                    "verse": "verse doesn't exist in this bible version"
                }
            }
        },
        "4": {
            "chapter_nr": "4",
            "chapter": {
                "1": {
                    "verse_nr": "1",
                    "verse": "verse doesn't exist in this bible version"
                },
                "2": {
                    "verse_nr": "2",
                    "verse": "verse doesn't exist in this bible version"
                },
                "3": {
                    "verse_nr": "3",
                    "verse": "verse doesn't exist in this bible version"
                },
                "4": {
                    "verse_nr": "4",
                    "verse": "verse doesn't exist in this bible version"
                },
                "5": {
                    "verse_nr": "5",
                    "verse": "verse doesn't exist in this bible version"
                },
                "6": {
                    "verse_nr": "6",
                    "verse": "verse doesn't exist in this bible version"
                },
                "7": {
                    "verse_nr": "7",
                    "verse": "verse doesn't exist in this bible version"
                },
                "8": {
                    "verse_nr": "8",
                    "verse": "verse doesn't exist in this bible version"
                },
                "9": {
                    "verse_nr": "9",
                    "verse": "verse doesn't exist in this bible version"
                },
                "10": {
                    "verse_nr": "10",
                    "verse": "verse doesn't exist in this bible version"
                },
                "11": {
                    "verse_nr": "11",
                    "verse": "verse doesn't exist in this bible version"
                },
                "12": {
                    "verse_nr": "12",
                    "verse": "verse doesn't exist in this bible version"
                },
                "13": {
                    "verse_nr": "13",
                    "verse": "verse doesn't exist in this bible version"
                },
                "14": {
                    "verse_nr": "14",
                    "verse": "verse doesn't exist in this bible version"
                },
                "15": {
                    "verse_nr": "15",
                    "verse": "verse doesn't exist in this bible version"
                },
                "16": {
                    "verse_nr": "16",
                    "verse": "verse doesn't exist in this bible version"
                }
            }
        },
        "5": {
            "chapter_nr": "5",
            "chapter": {
                "1": {
                    "verse_nr": "1",
                    "verse": "verse doesn't exist in this bible version"
                },
                "2": {
                    "verse_nr": "2",
                    "verse": "verse doesn't exist in this bible version"
                },
                "3": {
                    "verse_nr": "3",
                    "verse": "verse doesn't exist in this bible version"
                },
                "4": {
                    "verse_nr": "4",
                    "verse": "verse doesn't exist in this bible version"
                },
                "5": {
                    "verse_nr": "5",
                    "verse": "verse doesn't exist in this bible version"
                },
                "6": {
                    "verse_nr": "6",
                    "verse": "verse doesn't exist in this bible version"
                },
                "7": {
                    "verse_nr": "7",
                    "verse": "verse doesn't exist in this bible version"
                },
                "8": {
                    "verse_nr": "8",
                    "verse": "verse doesn't exist in this bible version"
                },
                "9": {
                    "verse_nr": "9",
                    "verse": "verse doesn't exist in this bible version"
                },
                "10": {
                    "verse_nr": "10",
                    "verse": "verse doesn't exist in this bible version"
                },
                "11": {
                    "verse_nr": "11",
                    "verse": "verse doesn't exist in this bible version"
                },
                "12": {
                    "verse_nr": "12",
                    "verse": "verse doesn't exist in this bible version"
                },
                "13": {
                    "verse_nr": "13",
                    "verse": "verse doesn't exist in this bible version"
                },
                "14": {
                    "verse_nr": "14",
                    "verse": "verse doesn't exist in this bible version"
                }
            }
        },
        "6": {
            "chapter_nr": "6",
            "chapter": {
                "1": {
                    "verse_nr": "1",
                    "verse": "verse doesn't exist in this bible version"
                },
                "2": {
                    "verse_nr": "2",
                    "verse": "verse doesn't exist in this bible version"
                },
                "3": {
                    "verse_nr": "3",
                    "verse": "verse doesn't exist in this bible version"
                },
                "4": {
                    "verse_nr": "4",
                    "verse": "verse doesn't exist in this bible version"
                },
                "5": {
                    "verse_nr": "5",
                    "verse": "verse doesn't exist in this bible version"
                },
                "6": {
                    "verse_nr": "6",
                    "verse": "verse doesn't exist in this bible version"
                },
                "7": {
                    "verse_nr": "7",
                    "verse": "verse doesn't exist in this bible version"
                },
                "8": {
                    "verse_nr": "8",
                    "verse": "verse doesn't exist in this bible version"
                },
                "9": {
                    "verse_nr": "9",
                    "verse": "verse doesn't exist in this bible version"
                },
                "10": {
                    "verse_nr": "10",
                    "verse": "verse doesn't exist in this bible version"
                },
                "11": {
                    "verse_nr": "11",
                    "verse": "verse doesn't exist in this bible version"
                },
                "12": {
                    "verse_nr": "12",
                    "verse": "verse doesn't exist in this bible version"
                },
                "13": {
                    "verse_nr": "13",
                    "verse": "verse doesn't exist in this bible version"
                },
                "14": {
                    "verse_nr": "14",
                    "verse": "verse doesn't exist in this bible version"
                },
                "15": {
                    "verse_nr": "15",
                    "verse": "verse doesn't exist in this bible version"
                },
                "16": {
                    "verse_nr": "16",
                    "verse": "verse doesn't exist in this bible version"
                },
                "17": {
                    "verse_nr": "17",
                    "verse": "verse doesn't exist in this bible version"
                },
                "18": {
                    "verse_nr": "18",
                    "verse": "verse doesn't exist in this bible version"
                },
                "19": {
                    "verse_nr": "19",
                    "verse": "verse doesn't exist in this bible version"
                },
                "20": {
                    "verse_nr": "20",
                    "verse": "verse doesn't exist in this bible version"
                }
            }
        },
        "7": {
            "chapter_nr": "7",
            "chapter": {
                "1": {
                    "verse_nr": "1",
                    "verse": "verse doesn't exist in this bible version"
                },
                "2": {
                    "verse_nr": "2",
                    "verse": "verse doesn't exist in this bible version"
                },
                "3": {
                    "verse_nr": "3",
                    "verse": "verse doesn't exist in this bible version"
                },
                "4": {
                    "verse_nr": "4",
                    "verse": "verse doesn't exist in this bible version"
                },
                "5": {
                    "verse_nr": "5",
                    "verse": "verse doesn't exist in this bible version"
                },
                "6": {
                    "verse_nr": "6",
                    "verse": "verse doesn't exist in this bible version"
                },
                "7": {
                    "verse_nr": "7",
                    "verse": "verse doesn't exist in this bible version"
                },
                "8": {
                    "verse_nr": "8",
                    "verse": "verse doesn't exist in this bible version"
                },
                "9": {
                    "verse_nr": "9",
                    "verse": "verse doesn't exist in this bible version"
                },
                "10": {
                    "verse_nr": "10",
                    "verse": "verse doesn't exist in this bible version"
                },
                "11": {
                    "verse_nr": "11",
                    "verse": "verse doesn't exist in this bible version"
                },
                "12": {
                    "verse_nr": "12",
                    "verse": "verse doesn't exist in this bible version"
                },
                "13": {
                    "verse_nr": "13",
                    "verse": "verse doesn't exist in this bible version"
                },
                "14": {
                    "verse_nr": "14",
                    "verse": "verse doesn't exist in this bible version"
                },
                "15": {
                    "verse_nr": "15",
                    "verse": "verse doesn't exist in this bible version"
                },
                "16": {
                    "verse_nr": "16",
                    "verse": "verse doesn't exist in this bible version"
                },
                "17": {
                    "verse_nr": "17",
                    "verse": "verse doesn't exist in this bible version"
                },
                "18": {
                    "verse_nr": "18",
                    "verse": "verse doesn't exist in this bible version"
                },
                "19": {
                    "verse_nr": "19",
                    "verse": "verse doesn't exist in this bible version"
                },
                "20": {
                    "verse_nr": "20",
                    "verse": "verse doesn't exist in this bible version"
                },
                "21": {
                    "verse_nr": "21",
                    "verse": "verse doesn't exist in this bible version"
                },
                "22": {
                    "verse_nr": "22",
                    "verse": "verse doesn't exist in this bible version"
                },
                "23": {
                    "verse_nr": "23",
                    "verse": "verse doesn't exist in this bible version"
                },
                "24": {
                    "verse_nr": "24",
                    "verse": "verse doesn't exist in this bible version"
                },
                "25": {
                    "verse_nr": "25",
                    "verse": "verse doesn't exist in this bible version"
                },
                "26": {
                    "verse_nr": "26",
                    "verse": "verse doesn't exist in this bible version"
                },
                "27": {
                    "verse_nr": "27",
                    "verse": "verse doesn't exist in this bible version"
                },
                "28": {
                    "verse_nr": "28",
                    "verse": "verse doesn't exist in this bible version"
                }
            }
        },
        "8": {
            "chapter_nr": "8",
            "chapter": {
                "1": {
                    "verse_nr": "1",
                    "verse": "verse doesn't exist in this bible version"
                },
                "2": {
                    "verse_nr": "2",
                    "verse": "verse doesn't exist in this bible version"
                },
                "3": {
                    "verse_nr": "3",
                    "verse": "verse doesn't exist in this bible version"
                },
                "4": {
                    "verse_nr": "4",
                    "verse": "verse doesn't exist in this bible version"
                },
                "5": {
                    "verse_nr": "5",
                    "verse": "verse doesn't exist in this bible version"
                },
                "6": {
                    "verse_nr": "6",
                    "verse": "verse doesn't exist in this bible version"
                },
                "7": {
                    "verse_nr": "7",
                    "verse": "verse doesn't exist in this bible version"
                },
                "8": {
                    "verse_nr": "8",
                    "verse": "verse doesn't exist in this bible version"
                },
                "9": {
                    "verse_nr": "9",
                    "verse": "verse doesn't exist in this bible version"
                },
                "10": {
                    "verse_nr": "10",
                    "verse": "verse doesn't exist in this bible version"
                },
                "11": {
                    "verse_nr": "11",
                    "verse": "verse doesn't exist in this bible version"
                },
                "12": {
                    "verse_nr": "12",
                    "verse": "verse doesn't exist in this bible version"
                },
                "13": {
                    "verse_nr": "13",
                    "verse": "verse doesn't exist in this bible version"
                }
            }
        },
        "9": {
            "chapter_nr": "9",
            "chapter": {
                "1": {
                    "verse_nr": "1",
                    "verse": "verse doesn't exist in this bible version"
                },
                "2": {
                    "verse_nr": "2",
                    "verse": "verse doesn't exist in this bible version"
                },
                "3": {
                    "verse_nr": "3",
                    "verse": "verse doesn't exist in this bible version"
                },
                "4": {
                    "verse_nr": "4",
                    "verse": "verse doesn't exist in this bible version"
                },
                "5": {
                    "verse_nr": "5",
                    "verse": "verse doesn't exist in this bible version"
                },
                "6": {
                    "verse_nr": "6",
                    "verse": "verse doesn't exist in this bible version"
                },
                "7": {
                    "verse_nr": "7",
                    "verse": "verse doesn't exist in this bible version"
                },
                "8": {
                    "verse_nr": "8",
                    "verse": "verse doesn't exist in this bible version"
                },
                "9": {
                    "verse_nr": "9",
                    "verse": "verse doesn't exist in this bible version"
                },
                "10": {
                    "verse_nr": "10",
                    "verse": "verse doesn't exist in this bible version"
                },
                "11": {
                    "verse_nr": "11",
                    "verse": "verse doesn't exist in this bible version"
                },
                "12": {
                    "verse_nr": "12",
                    "verse": "verse doesn't exist in this bible version"
                },
                "13": {
                    "verse_nr": "13",
                    "verse": "verse doesn't exist in this bible version"
                },
                "14": {
                    "verse_nr": "14",
                    "verse": "verse doesn't exist in this bible version"
                },
                "15": {
                    "verse_nr": "15",
                    "verse": "verse doesn't exist in this bible version"
                },
                "16": {
                    "verse_nr": "16",
                    "verse": "verse doesn't exist in this bible version"
                },
                "17": {
                    "verse_nr": "17",
                    "verse": "verse doesn't exist in this bible version"
                },
                "18": {
                    "verse_nr": "18",
                    "verse": "verse doesn't exist in this bible version"
                },
                "19": {
                    "verse_nr": "19",
                    "verse": "verse doesn't exist in this bible version"
                },
                "20": {
                    "verse_nr": "20",
                    "verse": "verse doesn't exist in this bible version"
                },
                "21": {
                    "verse_nr": "21",
                    "verse": "verse doesn't exist in this bible version"
                },
                "22": {
                    "verse_nr": "22",
                    "verse": "verse doesn't exist in this bible version"
                },
                "23": {
                    "verse_nr": "23",
                    "verse": "verse doesn't exist in this bible version"
                },
                "24": {
                    "verse_nr": "24",
                    "verse": "verse doesn't exist in this bible version"
                },
                "25": {
                    "verse_nr": "25",
                    "verse": "verse doesn't exist in this bible version"
                },
                "26": {
                    "verse_nr": "26",
                    "verse": "verse doesn't exist in this bible version"
                },
                "27": {
                    "verse_nr": "27",
                    "verse": "verse doesn't exist in this bible version"
                },
                "28": {
                    "verse_nr": "28",
                    "verse": "verse doesn't exist in this bible version"
                }
            }
        },
        "10": {
            "chapter_nr": "10",
            "chapter": {
                "1": {
                    "verse_nr": "1",
                    "verse": "verse doesn't exist in this bible version"
                },
                "2": {
                    "verse_nr": "2",
                    "verse": "verse doesn't exist in this bible version"
                },
                "3": {
                    "verse_nr": "3",
                    "verse": "verse doesn't exist in this bible version"
                },
                "4": {
                    "verse_nr": "4",
                    "verse": "verse doesn't exist in this bible version"
                },
                "5": {
                    "verse_nr": "5",
                    "verse": "verse doesn't exist in this bible version"
                },
                "6": {
                    "verse_nr": "6",
                    "verse": "verse doesn't exist in this bible version"
                },
                "7": {
                    "verse_nr": "7",
                    "verse": "verse doesn't exist in this bible version"
                },
                "8": {
                    "verse_nr": "8",
                    "verse": "verse doesn't exist in this bible version"
                },
                "9": {
                    "verse_nr": "9",
                    "verse": "verse doesn't exist in this bible version"
                },
                "10": {
                    "verse_nr": "10",
                    "verse": "verse doesn't exist in this bible version"
                },
                "11": {
                    "verse_nr": "11",
                    "verse": "verse doesn't exist in this bible version"
                },
                "12": {
                    "verse_nr": "12",
                    "verse": "verse doesn't exist in this bible version"
                },
                "13": {
                    "verse_nr": "13",
                    "verse": "verse doesn't exist in this bible version"
                },
                "14": {
                    "verse_nr": "14",
                    "verse": "verse doesn't exist in this bible version"
                },
                "15": {
                    "verse_nr": "15",
                    "verse": "verse doesn't exist in this bible version"
                },
                "16": {
                    "verse_nr": "16",
                    "verse": "verse doesn't exist in this bible version"
                },
                "17": {
                    "verse_nr": "17",
                    "verse": "verse doesn't exist in this bible version"
                },
                "18": {
                    "verse_nr": "18",
                    "verse": "verse doesn't exist in this bible version"
                },
                "19": {
                    "verse_nr": "19",
                    "verse": "verse doesn't exist in this bible version"
                },
                "20": {
                    "verse_nr": "20",
                    "verse": "verse doesn't exist in this bible version"
                },
                "21": {
                    "verse_nr": "21",
                    "verse": "verse doesn't exist in this bible version"
                },
                "22": {
                    "verse_nr": "22",
                    "verse": "verse doesn't exist in this bible version"
                },
                "23": {
                    "verse_nr": "23",
                    "verse": "verse doesn't exist in this bible version"
                },
                "24": {
                    "verse_nr": "24",
                    "verse": "verse doesn't exist in this bible version"
                },
                "25": {
                    "verse_nr": "25",
                    "verse": "verse doesn't exist in this bible version"
                },
                "26": {
                    "verse_nr": "26",
                    "verse": "verse doesn't exist in this bible version"
                },
                "27": {
                    "verse_nr": "27",
                    "verse": "verse doesn't exist in this bible version"
                },
                "28": {
                    "verse_nr": "28",
                    "verse": "verse doesn't exist in this bible version"
                },
                "29": {
                    "verse_nr": "29",
                    "verse": "verse doesn't exist in this bible version"
                },
                "30": {
                    "verse_nr": "30",
                    "verse": "verse doesn't exist in this bible version"
                },
                "31": {
                    "verse_nr": "31",
                    "verse": "verse doesn't exist in this bible version"
                },
                "32": {
                    "verse_nr": "32",
                    "verse": "verse doesn't exist in this bible version"
                },
                "33": {
                    "verse_nr": "33",
                    "verse": "verse doesn't exist in this bible version"
                },
                "34": {
                    "verse_nr": "34",
                    "verse": "verse doesn't exist in this bible version"
                },
                "35": {
                    "verse_nr": "35",
                    "verse": "verse doesn't exist in this bible version"
                },
                "36": {
                    "verse_nr": "36",
                    "verse": "verse doesn't exist in this bible version"
                },
                "37": {
                    "verse_nr": "37",
                    "verse": "verse doesn't exist in this bible version"
                },
                "38": {
                    "verse_nr": "38",
                    "verse": "verse doesn't exist in this bible version"
                },
                "39": {
                    "verse_nr": "39",
                    "verse": "verse doesn't exist in this bible version"
                }
            }
        },
        "11": {
            "chapter_nr": "11",
            "chapter": {
                "1": {
                    "verse_nr": "1",
                    "verse": "verse doesn't exist in this bible version"
                },
                "2": {
                    "verse_nr": "2",
                    "verse": "verse doesn't exist in this bible version"
                },
                "3": {
                    "verse_nr": "3",
                    "verse": "verse doesn't exist in this bible version"
                },
                "4": {
                    "verse_nr": "4",
                    "verse": "verse doesn't exist in this bible version"
                },
                "5": {
                    "verse_nr": "5",
                    "verse": "verse doesn't exist in this bible version"
                },
                "6": {
                    "verse_nr": "6",
                    "verse": "verse doesn't exist in this bible version"
                },
                "7": {
                    "verse_nr": "7",
                    "verse": "verse doesn't exist in this bible version"
                },
                "8": {
                    "verse_nr": "8",
                    "verse": "verse doesn't exist in this bible version"
                },
                "9": {
                    "verse_nr": "9",
                    "verse": "verse doesn't exist in this bible version"
                },
                "10": {
                    "verse_nr": "10",
                    "verse": "verse doesn't exist in this bible version"
                },
                "11": {
                    "verse_nr": "11",
                    "verse": "verse doesn't exist in this bible version"
                },
                "12": {
                    "verse_nr": "12",
                    "verse": "verse doesn't exist in this bible version"
                },
                "13": {
                    "verse_nr": "13",
                    "verse": "verse doesn't exist in this bible version"
                },
                "14": {
                    "verse_nr": "14",
                    "verse": "verse doesn't exist in this bible version"
                },
                "15": {
                    "verse_nr": "15",
                    "verse": "verse doesn't exist in this bible version"
                },
                "16": {
                    "verse_nr": "16",
                    "verse": "verse doesn't exist in this bible version"
                },
                "17": {
                    "verse_nr": "17",
                    "verse": "verse doesn't exist in this bible version"
                },
                "18": {
                    "verse_nr": "18",
                    "verse": "verse doesn't exist in this bible version"
                },
                "19": {
                    "verse_nr": "19",
                    "verse": "verse doesn't exist in this bible version"
                },
                "20": {
                    "verse_nr": "20",
                    "verse": "verse doesn't exist in this bible version"
                },
                "21": {
                    "verse_nr": "21",
                    "verse": "verse doesn't exist in this bible version"
                },
                "22": {
                    "verse_nr": "22",
                    "verse": "verse doesn't exist in this bible version"
                },
                "23": {
                    "verse_nr": "23",
                    "verse": "verse doesn't exist in this bible version"
                },
                "24": {
                    "verse_nr": "24",
                    "verse": "verse doesn't exist in this bible version"
                },
                "25": {
                    "verse_nr": "25",
                    "verse": "verse doesn't exist in this bible version"
                },
                "26": {
                    "verse_nr": "26",
                    "verse": "verse doesn't exist in this bible version"
                },
                "27": {
                    "verse_nr": "27",
                    "verse": "verse doesn't exist in this bible version"
                },
                "28": {
                    "verse_nr": "28",
                    "verse": "verse doesn't exist in this bible version"
                },
                "29": {
                    "verse_nr": "29",
                    "verse": "verse doesn't exist in this bible version"
                },
                "30": {
                    "verse_nr": "30",
                    "verse": "verse doesn't exist in this bible version"
                },
                "31": {
                    "verse_nr": "31",
                    "verse": "verse doesn't exist in this bible version"
                },
                "32": {
                    "verse_nr": "32",
                    "verse": "verse doesn't exist in this bible version"
                },
                "33": {
                    "verse_nr": "33",
                    "verse": "verse doesn't exist in this bible version"
                },
                "34": {
                    "verse_nr": "34",
                    "verse": "verse doesn't exist in this bible version"
                },
                "35": {
                    "verse_nr": "35",
                    "verse": "verse doesn't exist in this bible version"
                },
                "36": {
                    "verse_nr": "36",
                    "verse": "verse doesn't exist in this bible version"
                },
                "37": {
                    "verse_nr": "37",
                    "verse": "verse doesn't exist in this bible version"
                },
                "38": {
                    "verse_nr": "38",
                    "verse": "verse doesn't exist in this bible version"
                },
                "39": {
                    "verse_nr": "39",
                    "verse": "verse doesn't exist in this bible version"
                },
                "40": {
                    "verse_nr": "40",
                    "verse": "verse doesn't exist in this bible version"
                }
            }
        },
        "12": {
            "chapter_nr": "12",
            "chapter": {
                "1": {
                    "verse_nr": "1",
                    "verse": "verse doesn't exist in this bible version"
                },
                "2": {
                    "verse_nr": "2",
                    "verse": "verse doesn't exist in this bible version"
                },
                "3": {
                    "verse_nr": "3",
                    "verse": "verse doesn't exist in this bible version"
                },
                "4": {
                    "verse_nr": "4",
                    "verse": "verse doesn't exist in this bible version"
                },
                "5": {
                    "verse_nr": "5",
                    "verse": "verse doesn't exist in this bible version"
                },
                "6": {
                    "verse_nr": "6",
                    "verse": "verse doesn't exist in this bible version"
                },
                "7": {
                    "verse_nr": "7",
                    "verse": "verse doesn't exist in this bible version"
                },
                "8": {
                    "verse_nr": "8",
                    "verse": "verse doesn't exist in this bible version"
                },
                "9": {
                    "verse_nr": "9",
                    "verse": "verse doesn't exist in this bible version"
                },
                "10": {
                    "verse_nr": "10",
                    "verse": "verse doesn't exist in this bible version"
                },
                "11": {
                    "verse_nr": "11",
                    "verse": "verse doesn't exist in this bible version"
                },
                "12": {
                    "verse_nr": "12",
                    "verse": "verse doesn't exist in this bible version"
                },
                "13": {
                    "verse_nr": "13",
                    "verse": "verse doesn't exist in this bible version"
                },
                "14": {
                    "verse_nr": "14",
                    "verse": "verse doesn't exist in this bible version"
                },
                "15": {
                    "verse_nr": "15",
                    "verse": "verse doesn't exist in this bible version"
                },
                "16": {
                    "verse_nr": "16",
                    "verse": "verse doesn't exist in this bible version"
                },
                "17": {
                    "verse_nr": "17",
                    "verse": "verse doesn't exist in this bible version"
                },
                "18": {
                    "verse_nr": "18",
                    "verse": "verse doesn't exist in this bible version"
                },
                "19": {
                    "verse_nr": "19",
                    "verse": "verse doesn't exist in this bible version"
                },
                "20": {
                    "verse_nr": "20",
                    "verse": "verse doesn't exist in this bible version"
                },
                "21": {
                    "verse_nr": "21",
                    "verse": "verse doesn't exist in this bible version"
                },
                "22": {
                    "verse_nr": "22",
                    "verse": "verse doesn't exist in this bible version"
                },
                "23": {
                    "verse_nr": "23",
                    "verse": "verse doesn't exist in this bible version"
                },
                "24": {
                    "verse_nr": "24",
                    "verse": "verse doesn't exist in this bible version"
                },
                "25": {
                    "verse_nr": "25",
                    "verse": "verse doesn't exist in this bible version"
                },
                "26": {
                    "verse_nr": "26",
                    "verse": "verse doesn't exist in this bible version"
                },
                "27": {
                    "verse_nr": "27",
                    "verse": "verse doesn't exist in this bible version"
                },
                "28": {
                    "verse_nr": "28",
                    "verse": "verse doesn't exist in this bible version"
                },
                "29": {
                    "verse_nr": "29",
                    "verse": "verse doesn't exist in this bible version"
                }
            }
        },
        "13": {
            "chapter_nr": "13",
            "chapter": {
                "1": {
                    "verse_nr": "1",
                    "verse": "verse doesn't exist in this bible version"
                },
                "2": {
                    "verse_nr": "2",
                    "verse": "verse doesn't exist in this bible version"
                },
                "3": {
                    "verse_nr": "3",
                    "verse": "verse doesn't exist in this bible version"
                },
                "4": {
                    "verse_nr": "4",
                    "verse": "verse doesn't exist in this bible version"
                },
                "5": {
                    "verse_nr": "5",
                    "verse": "verse doesn't exist in this bible version"
                },
                "6": {
                    "verse_nr": "6",
                    "verse": "verse doesn't exist in this bible version"
                },
                "7": {
                    "verse_nr": "7",
                    "verse": "verse doesn't exist in this bible version"
                },
                "8": {
                    "verse_nr": "8",
                    "verse": "verse doesn't exist in this bible version"
                },
                "9": {
                    "verse_nr": "9",
                    "verse": "verse doesn't exist in this bible version"
                },
                "10": {
                    "verse_nr": "10",
                    "verse": "verse doesn't exist in this bible version"
                },
                "11": {
                    "verse_nr": "11",
                    "verse": "verse doesn't exist in this bible version"
                },
                "12": {
                    "verse_nr": "12",
                    "verse": "verse doesn't exist in this bible version"
                },
                "13": {
                    "verse_nr": "13",
                    "verse": "verse doesn't exist in this bible version"
                },
                "14": {
                    "verse_nr": "14",
                    "verse": "verse doesn't exist in this bible version"
                },
                "15": {
                    "verse_nr": "15",
                    "verse": "verse doesn't exist in this bible version"
                },
                "16": {
                    "verse_nr": "16",
                    "verse": "verse doesn't exist in this bible version"
                },
                "17": {
                    "verse_nr": "17",
                    "verse": "verse doesn't exist in this bible version"
                },
                "18": {
                    "verse_nr": "18",
                    "verse": "verse doesn't exist in this bible version"
                },
                "19": {
                    "verse_nr": "19",
                    "verse": "verse doesn't exist in this bible version"
                },
                "20": {
                    "verse_nr": "20",
                    "verse": "verse doesn't exist in this bible version"
                },
                "21": {
                    "verse_nr": "21",
                    "verse": "verse doesn't exist in this bible version"
                },
                "22": {
                    "verse_nr": "22",
                    "verse": "verse doesn't exist in this bible version"
                },
                "23": {
                    "verse_nr": "23",
                    "verse": "verse doesn't exist in this bible version"
                },
                "24": {
                    "verse_nr": "24",
                    "verse": "verse doesn't exist in this bible version"
                },
                "25": {
                    "verse_nr": "25",
                    "verse": "verse doesn't exist in this bible version"
                }
            }
        }
    }
}