{
    "version": "ntlr",
    "book_name": "1 John",
    "book_nr": "62",
    "book": {
        "1": {
            "chapter_nr": "1",
            "chapter": {
                "1": {
                    "verse_nr": "1",
                    "verse": "Cuv\u00e2ntul vie\u0163ii - Ceea ce era de la \u00eenceput, ceea ce am auzit, ceea ce am v\u0103zut cu ochii no\u015ftri, ceea ce am privit \u015fi ceea ce m\u00e2inile noastre au atins cu privire la Cuv\u00e2ntul vie\u0163ii"
                },
                "2": {
                    "verse_nr": "2",
                    "verse": "\u2013 c\u0103ci via\u0163a a fost ar\u0103tat\u0103, iar noi am v\u0103zut-o \u015fi depunem m\u0103rturie \u015fi v\u0103 vestim via\u0163a ve\u015fnic\u0103 care era cu Tat\u0103l \u015fi care ne-a fost ar\u0103tat\u0103 \u2013"
                },
                "3": {
                    "verse_nr": "3",
                    "verse": "deci ceea ce am v\u0103zut \u015fi am auzit, aceea v\u0103 vestim \u015fi vou\u0103, ca \u015fi voi s\u0103 ave\u0163i p\u0103rt\u0103\u015fie cu noi. \u015ei p\u0103rt\u0103\u015fia noastr\u0103 este cu Tat\u0103l \u015fi cu Fiul S\u0103u, Isus Cristos."
                },
                "4": {
                    "verse_nr": "4",
                    "verse": "Scriem aceste lucruri pentru ca bucuria noastr\u0103 s\u0103 fie deplin\u0103."
                },
                "5": {
                    "verse_nr": "5",
                    "verse": "Umbl\u00e2nd \u00een lumin\u0103 - Mesajul pe care l-am auzit de la El \u015fi pe care vi-l vestim este c\u0103 Dumnezeu e lumin\u0103 \u015fi \u00een El nu este \u00eentuneric deloc."
                },
                "6": {
                    "verse_nr": "6",
                    "verse": "Dac\u0103 spunem c\u0103 avem p\u0103rt\u0103\u015fie cu El, dar umbl\u0103m \u00een \u00eentuneric, min\u0163im \u015fi nu tr\u0103im adev\u0103rul."
                },
                "7": {
                    "verse_nr": "7",
                    "verse": "Dac\u0103 \u00eens\u0103 umbl\u0103m \u00een lumin\u0103, dup\u0103 cum El este \u00een lumin\u0103, avem p\u0103rt\u0103\u015fie unii cu al\u0163ii, iar s\u00e2ngele lui Isus, Fiul S\u0103u, ne cur\u0103\u0163e\u015fte de orice p\u0103cat."
                },
                "8": {
                    "verse_nr": "8",
                    "verse": "Dac\u0103 zicem c\u0103 nu avem p\u0103cat, ne \u00een\u015fel\u0103m singuri \u015fi adev\u0103rul nu este \u00een noi."
                },
                "9": {
                    "verse_nr": "9",
                    "verse": "Dac\u0103 ne m\u0103rturisim p\u0103catele, El este credincios \u015fi drept ca s\u0103 ne ierte p\u0103catele \u015fi s\u0103 ne cur\u0103\u0163easc\u0103 de orice nedreptate."
                },
                "10": {
                    "verse_nr": "10",
                    "verse": "Dac\u0103 zicem c\u0103 n-am p\u0103c\u0103tuit, \u00cel facem mincinos, \u015fi Cuv\u00e2ntul Lui nu este \u00een noi."
                }
            }
        },
        "2": {
            "chapter_nr": "2",
            "chapter": {
                "1": {
                    "verse_nr": "1",
                    "verse": "Copila\u015fii mei, v\u0103 scriu aceste lucruri ca s\u0103 nu p\u0103c\u0103tui\u0163i. Dar dac\u0103 cineva p\u0103c\u0103tuie\u015fte, avem la Tat\u0103l un Ap\u0103r\u0103tor, pe Isus Cristos cel Drept."
                },
                "2": {
                    "verse_nr": "2",
                    "verse": "El este jertfa de isp\u0103\u015fire pentru p\u0103catele noastre \u015fi nu numai pentru ale noastre, ci pentru ale \u00eentregii lumi."
                },
                "3": {
                    "verse_nr": "3",
                    "verse": "Prin aceasta \u015ftim c\u0103-L cunoa\u015ftem: dac\u0103 p\u0103zim poruncile Lui."
                },
                "4": {
                    "verse_nr": "4",
                    "verse": "Cel ce zice: \u201e\u00cel cunosc!\u201c, dar nu p\u0103ze\u015fte poruncile Lui, este un mincinos, iar adev\u0103rul nu este \u00een el."
                },
                "5": {
                    "verse_nr": "5",
                    "verse": "\u00cens\u0103, \u00een cel ce p\u0103ze\u015fte Cuv\u00e2ntul Lui, dragostea lui Dumnezeu a ajuns \u00eentr-adev\u0103r des\u0103v\u00e2r\u015fit\u0103. Prin aceasta \u015ftim c\u0103 suntem \u00een El."
                },
                "6": {
                    "verse_nr": "6",
                    "verse": "Cel ce zice c\u0103 r\u0103m\u00e2ne \u00een El este dator s\u0103 umble \u015fi el a\u015fa cum a umblat Isus."
                },
                "7": {
                    "verse_nr": "7",
                    "verse": "Preaiubi\u0163ilor, nu v\u0103 scriu o porunc\u0103 nou\u0103, ci o porunc\u0103 veche, pe care o ave\u0163i de la \u00eenceput. Aceast\u0103 porunc\u0103 veche este Cuv\u00e2ntul pe care l-a\u0163i auzit."
                },
                "8": {
                    "verse_nr": "8",
                    "verse": "Totu\u015fi v\u0103 scriu o porunc\u0103 nou\u0103, care este adev\u0103rat\u0103 \u00een El \u015fi \u00een voi, pentru c\u0103 \u00eentunericul trece, iar lumina adev\u0103rat\u0103 lumineaz\u0103 deja."
                },
                "9": {
                    "verse_nr": "9",
                    "verse": "Cel ce zice c\u0103 este \u00een lumin\u0103, dar \u00eel ur\u0103\u015fte pe fratele lui, este \u00eenc\u0103 \u00een \u00eentuneric."
                },
                "10": {
                    "verse_nr": "10",
                    "verse": "Cel care-l iube\u015fte pe fratele s\u0103u r\u0103m\u00e2ne \u00een lumin\u0103 \u015fi \u00een el nu este nici un prilej de poticnire."
                },
                "11": {
                    "verse_nr": "11",
                    "verse": "Dar cel care-l ur\u0103\u015fte pe fratele s\u0103u este \u00een \u00eentuneric, umbl\u0103 \u00een \u00eentuneric \u015fi nu \u015ftie unde se duce, pentru c\u0103 \u00eentunericul i-a orbit ochii."
                },
                "12": {
                    "verse_nr": "12",
                    "verse": "V\u0103 scriu, copila\u015filor, pentru c\u0103 p\u0103catele v\u0103 sunt iertate datorit\u0103 Numelui S\u0103u."
                },
                "13": {
                    "verse_nr": "13",
                    "verse": "V\u0103 scriu, p\u0103rin\u0163ilor, pentru c\u0103 L-a\u0163i cunoscut pe Cel Ce este de la \u00eenceput. V\u0103 scriu, tinerilor, pentru c\u0103 l-a\u0163i \u00eenvins pe cel r\u0103u."
                },
                "14": {
                    "verse_nr": "14",
                    "verse": "V-am scris, copila\u015filor, pentru c\u0103 L-a\u0163i cunoscut pe Tat\u0103l. V-am scris, p\u0103rin\u0163ilor, pentru c\u0103 L-a\u0163i cunoscut pe Cel Ce este de la \u00eenceput. V-am scris, tinerilor, pentru c\u0103 sunte\u0163i tari, iar Cuv\u00e2ntul lui Dumnezeu r\u0103m\u00e2ne \u00een voi \u015fi l-a\u0163i \u00eenvins pe cel r\u0103u."
                },
                "15": {
                    "verse_nr": "15",
                    "verse": "Nu iubi\u0163i lumea - Nu iubi\u0163i lumea, nici lucrurile din lume! Dac\u0103 iube\u015fte cineva lumea, dragostea Tat\u0103lui nu este \u00een el."
                },
                "16": {
                    "verse_nr": "16",
                    "verse": "C\u0103ci tot ce este \u00een lume \u2013 pofta firii, pofta ochilor \u015fi l\u0103ud\u0103ro\u015fenia vie\u0163ii \u2013 nu este de la Tat\u0103l, ci este din lume."
                },
                "17": {
                    "verse_nr": "17",
                    "verse": "Iar lumea \u015fi pofta ei trec, \u00eens\u0103 cel ce face voia lui Dumnezeu r\u0103m\u00e2ne \u00een veac."
                },
                "18": {
                    "verse_nr": "18",
                    "verse": "Ceasul de pe urm\u0103 \u015fi venirea anticristului - Copila\u015filor, este ceasul de pe urm\u0103! \u015ei dup\u0103 cum a\u0163i auzit c\u0103 vine anticristul, s\u0103 \u015fti\u0163i c\u0103 acum sunt mul\u0163i anticri\u015fti. Prin aceasta \u015ftim c\u0103 este ceasul de pe urm\u0103."
                },
                "19": {
                    "verse_nr": "19",
                    "verse": "Ei au ie\u015fit dintre noi, dar nu erau dintre noi. C\u0103ci, dac\u0103 ar fi fost dintre noi, ar fi r\u0103mas cu noi, dar, ie\u015find, au ar\u0103tat c\u0103 nu to\u0163i sunt dintre noi."
                },
                "20": {
                    "verse_nr": "20",
                    "verse": "Voi ave\u0163i ungerea de la Cel Sf\u00e2nt \u015fi voi to\u0163i ave\u0163i cunoa\u015ftere."
                },
                "21": {
                    "verse_nr": "21",
                    "verse": "Nu v-am scris fiindc\u0103 nu cunoa\u015fte\u0163i adev\u0103rul, ci pentru c\u0103-l cunoa\u015fte\u0163i \u015fi pentru c\u0103 din adev\u0103r nu iese nici o minciun\u0103."
                },
                "22": {
                    "verse_nr": "22",
                    "verse": "Cine este mincinosul, dac\u0103 nu cel care neag\u0103 c\u0103 Isus este Cristosul? Acela este anticristul: cel care-I neag\u0103 pe Tat\u0103l \u015fi pe Fiul."
                },
                "23": {
                    "verse_nr": "23",
                    "verse": "Oricine-L neag\u0103 pe Fiul nu-L are nici pe Tat\u0103l. Cel care-L m\u0103rturise\u015fte pe Fiul \u00cel are \u015fi pe Tat\u0103l."
                },
                "24": {
                    "verse_nr": "24",
                    "verse": "Ceea ce a\u0163i auzit de la \u00eenceput, s\u0103 r\u0103m\u00e2n\u0103 \u00een voi. Dac\u0103 r\u0103m\u00e2ne \u00een voi ceea ce a\u0163i auzit de la \u00eenceput, atunci \u015fi voi ve\u0163i r\u0103m\u00e2ne \u00een Fiul \u015fi \u00een Tat\u0103l."
                },
                "25": {
                    "verse_nr": "25",
                    "verse": "\u015ei promisiunea pe care El ne-a f\u0103cut-o este aceasta: via\u0163a ve\u015fnic\u0103."
                },
                "26": {
                    "verse_nr": "26",
                    "verse": "V-am scris aceste lucruri cu privire la cei ce \u00eencearc\u0103 s\u0103 v\u0103 duc\u0103 \u00een r\u0103t\u0103cire."
                },
                "27": {
                    "verse_nr": "27",
                    "verse": "C\u00e2t despre voi, ungerea pe care a\u0163i primit-o de la El r\u0103m\u00e2ne \u00een voi \u015fi nu ave\u0163i nevoie ca cineva s\u0103 v\u0103 \u00eenve\u0163e, ci, a\u015fa cum ungerea Lui v\u0103 \u00eenva\u0163\u0103 cu privire la toate lucrurile, iar ea este adev\u0103rat\u0103 \u015fi nu este o minciun\u0103, r\u0103m\u00e2ne\u0163i \u00een El, a\u015fa cum v-a \u00eenv\u0103\u0163at ea."
                },
                "28": {
                    "verse_nr": "28",
                    "verse": "Copii ai lui Dumnezeu - \u015ei acum, copila\u015filor, r\u0103m\u00e2ne\u0163i \u00een El, pentru ca, atunci c\u00e2nd El Se va ar\u0103ta, s\u0103 avem \u00eendr\u0103zneal\u0103 \u015fi s\u0103 nu fim da\u0163i de ru\u015fine \u00eenaintea Lui, la ar\u0103tarea Lui."
                },
                "29": {
                    "verse_nr": "29",
                    "verse": "Dac\u0103 \u015fti\u0163i c\u0103 El este drept, atunci \u015fti\u0163i c\u0103 oricine face ceea ce este drept este n\u0103scut din El."
                }
            }
        },
        "3": {
            "chapter_nr": "3",
            "chapter": {
                "1": {
                    "verse_nr": "1",
                    "verse": "Vede\u0163i ce dragoste mare ne-a d\u0103ruit Tat\u0103l: s\u0103 fim numi\u0163i copii ai lui Dumnezeu. \u015ei suntem! De aceea nu ne cunoa\u015fte lumea: pentru c\u0103 nu L-a cunoscut nici pe El."
                },
                "2": {
                    "verse_nr": "2",
                    "verse": "Preaiubi\u0163ilor, acum suntem copii ai lui Dumnezeu. \u015ei ce vom fi, n-a fost ar\u0103tat \u00eenc\u0103, dar \u015ftim c\u0103, atunci c\u00e2nd Se va ar\u0103ta El, vom fi asemenea Lui, pentru c\u0103-L vom vedea a\u015fa cum este."
                },
                "3": {
                    "verse_nr": "3",
                    "verse": "Oricine are n\u0103dejdea aceasta \u00een El se cur\u0103\u0163e\u015fte, a\u015fa cum \u015fi El este curat."
                },
                "4": {
                    "verse_nr": "4",
                    "verse": "Oricine comite p\u0103catul, comite \u015fi f\u0103r\u0103delegea; iar p\u0103catul este f\u0103r\u0103delege."
                },
                "5": {
                    "verse_nr": "5",
                    "verse": "\u015eti\u0163i c\u0103 El a fost ar\u0103tat ca s\u0103 \u00eendep\u0103rteze p\u0103catele; \u015fi \u00een El nu este p\u0103cat."
                },
                "6": {
                    "verse_nr": "6",
                    "verse": "Oricine r\u0103m\u00e2ne \u00een El nu p\u0103c\u0103tuie\u015fte; oricine p\u0103c\u0103tuie\u015fte, nu L-a v\u0103zut, nici nu L-a cunoscut."
                },
                "7": {
                    "verse_nr": "7",
                    "verse": "Copila\u015filor, nimeni s\u0103 nu v\u0103 \u00een\u015fele! Cel ce \u00eenf\u0103ptuie\u015fte dreptatea este drept, a\u015fa cum El este drept."
                },
                "8": {
                    "verse_nr": "8",
                    "verse": "Cel ce tr\u0103ie\u015fte \u00een p\u0103cat este de la diavolul, pentru c\u0103 diavolul p\u0103c\u0103tuie\u015fte de la \u00eenceput. Tocmai pentru aceasta a fost ar\u0103tat Fiul lui Dumnezeu: ca s\u0103 distrug\u0103 lucr\u0103rile diavolului."
                },
                "9": {
                    "verse_nr": "9",
                    "verse": "Oricine este n\u0103scut din Dumnezeu nu mai tr\u0103ie\u015fte \u00een p\u0103cat, pentru c\u0103 s\u0103m\u00e2n\u0163a lui Dumnezeu r\u0103m\u00e2ne \u00een el; \u015fi el nu poate continua s\u0103 p\u0103c\u0103tuiasc\u0103, fiindc\u0103 a fost n\u0103scut din Dumnezeu."
                },
                "10": {
                    "verse_nr": "10",
                    "verse": "Prin aceasta sunt sco\u015fi la iveal\u0103 copiii lui Dumnezeu \u015fi copiii diavolului: oricine nu \u00eenf\u0103ptuie\u015fte dreptatea nu este de la Dumnezeu, \u015fi nici cel ce nu-l iube\u015fte pe fratele s\u0103u."
                },
                "11": {
                    "verse_nr": "11",
                    "verse": "S\u0103 ne iubim unii pe al\u0163ii - Acesta este mesajul pe care l-a\u0163i auzit de la \u00eenceput: s\u0103 ne iubim unii pe al\u0163ii,"
                },
                "12": {
                    "verse_nr": "12",
                    "verse": "nu ca \u015fi Cain, care era de la cel r\u0103u \u015fi care l-a ucis pe fratele lui. \u015ei de ce l-a omor\u00e2t? Pentru c\u0103 faptele lui erau rele, iar ale fratelui s\u0103u erau drepte."
                },
                "13": {
                    "verse_nr": "13",
                    "verse": "Nu v\u0103 mira\u0163i, fra\u0163ilor, dac\u0103 lumea v\u0103 ur\u0103\u015fte."
                },
                "14": {
                    "verse_nr": "14",
                    "verse": "Noi \u015ftim c\u0103 am trecut de la moarte la via\u0163\u0103 pentru c\u0103 \u00eei iubim pe fra\u0163i; cine nu iube\u015fte r\u0103m\u00e2ne \u00een moarte."
                },
                "15": {
                    "verse_nr": "15",
                    "verse": "Oricine \u00ee\u015fi ur\u0103\u015fte fratele este un uciga\u015f; \u015fi \u015fti\u0163i c\u0103 nici un uciga\u015f nu are via\u0163a ve\u015fnic\u0103 r\u0103m\u00e2n\u00e2nd \u00een el."
                },
                "16": {
                    "verse_nr": "16",
                    "verse": "Prin aceasta am cunoscut dragostea: c\u0103 El \u015ei-a dat via\u0163a pentru noi. \u015ei noi deci suntem datori s\u0103 ne d\u0103m via\u0163a pentru fra\u0163i."
                },
                "17": {
                    "verse_nr": "17",
                    "verse": "Dac\u0103 \u00eens\u0103 cineva are bunurile acestei lumi \u015fi-l vede pe fratele s\u0103u \u00een nevoi, dar \u00ee\u015fi \u00eenchide inima fa\u0163\u0103 de el, atunci cum r\u0103m\u00e2ne \u00een el dragostea lui Dumnezeu?!"
                },
                "18": {
                    "verse_nr": "18",
                    "verse": "Copila\u015filor, s\u0103 nu iubim cu vorba, nici cu limba, ci prin fapt\u0103 \u015fi adev\u0103r!"
                },
                "19": {
                    "verse_nr": "19",
                    "verse": "Prin aceasta vom cunoa\u015fte c\u0103 suntem din adev\u0103r \u015fi ne vom \u00eencredin\u0163a inimile \u00een prezen\u0163a Lui,"
                },
                "20": {
                    "verse_nr": "20",
                    "verse": "oric\u00e2nd ne-ar condamna inimile noastre. C\u0103ci Dumnezeu este mai mare dec\u00e2t inimile noastre \u015fi cunoa\u015fte totul."
                },
                "21": {
                    "verse_nr": "21",
                    "verse": "Preaiubi\u0163ilor, dac\u0103 nu ne condamn\u0103 inimile noastre, avem \u00eendr\u0103zneal\u0103 \u00eenaintea lui Dumnezeu,"
                },
                "22": {
                    "verse_nr": "22",
                    "verse": "iar dac\u0103 cerem ceva, primim de la El, pentru c\u0103 p\u0103zim poruncile Lui \u015fi facem ce este pl\u0103cut \u00eenaintea Lui."
                },
                "23": {
                    "verse_nr": "23",
                    "verse": "Iar porunca Lui este aceasta: s\u0103 credem \u00een Numele Fiului S\u0103u, Isus Cristos, \u015fi s\u0103 ne iubim unii pe al\u0163ii a\u015fa cum ne-a poruncit."
                },
                "24": {
                    "verse_nr": "24",
                    "verse": "Cel ce p\u0103ze\u015fte poruncile Lui r\u0103m\u00e2ne \u00een El, iar El \u00een acesta. Prin aceasta cunoa\u015ftem c\u0103 El r\u0103m\u00e2ne \u00een noi: prin Duhul pe Care ni L-a dat."
                }
            }
        },
        "4": {
            "chapter_nr": "4",
            "chapter": {
                "1": {
                    "verse_nr": "1",
                    "verse": "Verifica\u0163i duhurile - Preaiubi\u0163ilor, s\u0103 nu crede\u0163i orice duh, ci verifica\u0163i duhurile, dac\u0103 sunt de la Dumnezeu sau nu, pentru c\u0103 \u00een lume au ie\u015fit mul\u0163i profe\u0163i fal\u015fi."
                },
                "2": {
                    "verse_nr": "2",
                    "verse": "Prin aceasta cunoa\u015fte\u0163i Duhul lui Dumnezeu: orice duh care m\u0103rturise\u015fte c\u0103 Isus Cristos a venit \u00een trup este de la Dumnezeu,"
                },
                "3": {
                    "verse_nr": "3",
                    "verse": "iar orice duh care nu-L m\u0103rturise\u015fte pe Isus nu este de la Dumnezeu, ci este al anticristului, despre care a\u0163i auzit c\u0103 vine; acum el este deja \u00een lume."
                },
                "4": {
                    "verse_nr": "4",
                    "verse": "Copila\u015filor, voi sunte\u0163i din Dumnezeu \u015fi i-a\u0163i \u00eenvins, pentru c\u0103 Cel Ce este \u00een voi este mai mare dec\u00e2t cel ce este \u00een lume."
                },
                "5": {
                    "verse_nr": "5",
                    "verse": "Ei sunt din lume \u015fi de aceea ce vorbesc ei este din lume, iar lumea \u00eei ascult\u0103."
                },
                "6": {
                    "verse_nr": "6",
                    "verse": "Noi suntem din Dumnezeu; cel care \u00cel cunoa\u015fte pe Dumnezeu ne ascult\u0103, \u00eens\u0103 cel care nu este din Dumnezeu nu ne ascult\u0103. Prin aceasta cunoa\u015ftem care este Duhul adev\u0103rului \u015fi care este duhul r\u0103t\u0103cirii."
                },
                "7": {
                    "verse_nr": "7",
                    "verse": "Dragostea este din Dumnezeu - Preaiubi\u0163ilor, s\u0103 ne iubim unii pe al\u0163ii, pentru c\u0103 dragostea este din Dumnezeu \u015fi oricine iube\u015fte este n\u0103scut din Dumnezeu \u015fi-L cunoa\u015fte pe Dumnezeu!"
                },
                "8": {
                    "verse_nr": "8",
                    "verse": "Cel ce nu iube\u015fte nu L-a cunoscut pe Dumnezeu, pentru c\u0103 Dumnezeu este dragoste."
                },
                "9": {
                    "verse_nr": "9",
                    "verse": "Prin aceasta a fost ar\u0103tat\u0103 dragostea lui Dumnezeu \u00eentre noi: Dumnezeu L-a trimis \u00een lume pe singurul S\u0103u Fiu, ca s\u0103 tr\u0103im prin El."
                },
                "10": {
                    "verse_nr": "10",
                    "verse": "Dragostea const\u0103 \u00een aceasta: nu c\u0103 noi L-am iubit pe Dumnezeu, ci c\u0103 El ne-a iubit pe noi \u015fi L-a trimis pe Fiul S\u0103u ca jertf\u0103 de isp\u0103\u015fire pentru p\u0103catele noastre."
                },
                "11": {
                    "verse_nr": "11",
                    "verse": "Preaiubi\u0163ilor, dac\u0103 astfel ne-a iubit Dumnezeu, atunci \u015fi noi suntem datori s\u0103 ne iubim unii pe al\u0163ii."
                },
                "12": {
                    "verse_nr": "12",
                    "verse": "Nimeni nu L-a v\u0103zut vreodat\u0103 pe Dumnezeu. Dac\u0103 ne iubim unii pe al\u0163ii, Dumnezeu r\u0103m\u00e2ne \u00een noi \u015fi dragostea Lui este f\u0103cut\u0103 des\u0103v\u00e2r\u015fit\u0103 \u00een noi."
                },
                "13": {
                    "verse_nr": "13",
                    "verse": "Prin aceasta cunoa\u015ftem c\u0103 r\u0103m\u00e2nem \u00een El, \u015fi El \u00een noi: pentru c\u0103 ne-a dat din Duhul S\u0103u."
                },
                "14": {
                    "verse_nr": "14",
                    "verse": "Iar noi am v\u0103zut \u015fi depunem m\u0103rturie c\u0103 Tat\u0103l L-a trimis pe Fiul ca M\u00e2ntuitor al lumii."
                },
                "15": {
                    "verse_nr": "15",
                    "verse": "Dac\u0103 cineva m\u0103rturise\u015fte c\u0103 Isus este Fiul lui Dumnezeu, atunci Dumnezeu r\u0103m\u00e2ne \u00een el, iar el \u00een Dumnezeu."
                },
                "16": {
                    "verse_nr": "16",
                    "verse": "\u015ei noi am cunoscut \u015fi am crezut dragostea pe care o are Dumnezeu \u00een noi. Dumnezeu este dragoste, iar cine r\u0103m\u00e2ne \u00een dragoste r\u0103m\u00e2ne \u00een Dumnezeu, \u015fi Dumnezeu r\u0103m\u00e2ne \u00een el."
                },
                "17": {
                    "verse_nr": "17",
                    "verse": "\u00cen felul acesta, dragostea lui Dumnezeu este f\u0103cut\u0103 des\u0103v\u00e2r\u015fit\u0103 \u00een noi, pentru ca noi s\u0103 avem \u00eendr\u0103zneal\u0103 \u00een ziua judec\u0103\u0163ii, fiindc\u0103, \u00een lumea aceasta, cum este El, a\u015fa suntem \u015fi noi."
                },
                "18": {
                    "verse_nr": "18",
                    "verse": "\u00cen dragoste nu exist\u0103 fric\u0103, ci dragostea des\u0103v\u00e2r\u015fit\u0103 alung\u0103 frica, pentru c\u0103 frica are de-a face cu pedeapsa. Cel ce se teme n-a fost f\u0103cut des\u0103v\u00e2r\u015fit \u00een dragoste."
                },
                "19": {
                    "verse_nr": "19",
                    "verse": "Noi iubim pentru c\u0103 El ne-a iubit mai \u00eent\u00e2i."
                },
                "20": {
                    "verse_nr": "20",
                    "verse": "Dac\u0103 cineva spune: \u201e\u00cel iubesc pe Dumnezeu\u201c, dar \u00ee\u015fi ur\u0103\u015fte fratele, este un mincinos; c\u0103ci dac\u0103 nu-l iube\u015fte pe fratele s\u0103u, pe care l-a v\u0103zut, nu-L poate iubi pe Dumnezeu, pe Care nu L-a v\u0103zut."
                },
                "21": {
                    "verse_nr": "21",
                    "verse": "\u015ei porunca pe care o avem de la El este aceasta: cine-L iube\u015fte pe Dumnezeu, s\u0103-\u015fi iubeasc\u0103 \u015fi fratele!"
                }
            }
        },
        "5": {
            "chapter_nr": "5",
            "chapter": {
                "1": {
                    "verse_nr": "1",
                    "verse": "Credin\u0163a \u00een Fiul lui Dumnezeu - Oricine crede c\u0103 Isus este Cristosul este n\u0103scut din Dumnezeu \u015fi oricine iube\u015fte pe Cel Ce l-a n\u0103scut iube\u015fte \u015fi pe cel n\u0103scut din El."
                },
                "2": {
                    "verse_nr": "2",
                    "verse": "Prin aceasta cunoa\u015ftem c\u0103-i iubim pe copiii lui Dumnezeu: prin faptul c\u0103 \u00cel iubim pe Dumnezeu \u015fi ascult\u0103m de poruncile Lui."
                },
                "3": {
                    "verse_nr": "3",
                    "verse": "C\u0103ci aceasta este dragostea de Dumnezeu: s\u0103 p\u0103zim poruncile Lui; \u015fi poruncile Lui nu sunt grele,"
                },
                "4": {
                    "verse_nr": "4",
                    "verse": "pentru c\u0103 oricine este n\u0103scut din Dumnezeu \u00eenvinge lumea. \u015ei ceea ce a adus victorie asupra lumii este credin\u0163a noastr\u0103."
                },
                "5": {
                    "verse_nr": "5",
                    "verse": "Cine este cel ce \u00eenvinge lumea, dac\u0103 nu cel ce crede c\u0103 Isus este Fiul lui Dumnezeu?!"
                },
                "6": {
                    "verse_nr": "6",
                    "verse": "Isus Cristos este Cel Ce a venit cu ap\u0103 \u015fi s\u00e2nge. Nu doar cu ap\u0103, ci cu ap\u0103 \u015fi cu s\u00e2nge. Duhul este Cel Ce depune m\u0103rturie, pentru c\u0103 Duhul este adev\u0103rul."
                },
                "7": {
                    "verse_nr": "7",
                    "verse": "C\u0103ci trei sunt cei ce depun m\u0103rturie:"
                },
                "8": {
                    "verse_nr": "8",
                    "verse": "Duhul, apa \u015fi s\u00e2ngele; iar cei trei sunt una \u00een m\u0103rturisirea lor."
                },
                "9": {
                    "verse_nr": "9",
                    "verse": "Dac\u0103 accept\u0103m m\u0103rturia oamenilor, m\u0103rturia lui Dumnezeu este mai mare, pentru c\u0103 aceasta este m\u0103rturia lui Dumnezeu, pe care El a depus-o cu privire la Fiul S\u0103u."
                },
                "10": {
                    "verse_nr": "10",
                    "verse": "Cel ce crede \u00een Fiul lui Dumnezeu, are m\u0103rturia \u00een el; cel ce nu-L crede pe Dumnezeu, L-a f\u0103cut mincinos, pentru c\u0103 n-a crezut m\u0103rturia pe care Dumnezeu a depus-o cu privire la Fiul S\u0103u."
                },
                "11": {
                    "verse_nr": "11",
                    "verse": "\u015ei m\u0103rturia este aceasta: Dumnezeu ne-a dat via\u0163\u0103 ve\u015fnic\u0103, \u015fi aceast\u0103 via\u0163\u0103 este \u00een Fiul S\u0103u."
                },
                "12": {
                    "verse_nr": "12",
                    "verse": "Cel care-L are pe Fiul, are via\u0163a; cel care nu-L are pe Fiul lui Dumnezeu, nu are via\u0163a."
                },
                "13": {
                    "verse_nr": "13",
                    "verse": "Epilog - V-am scris aceste lucruri ca s\u0103 \u015fti\u0163i c\u0103 voi, cei care crede\u0163i \u00een Numele Fiului lui Dumnezeu, ave\u0163i via\u0163\u0103 ve\u015fnic\u0103."
                },
                "14": {
                    "verse_nr": "14",
                    "verse": "\u015ei aceasta este \u00eendr\u0103zneala pe care o avem \u00eenaintea Lui: dac\u0103 cerem ceva dup\u0103 voia Lui, El ne ascult\u0103."
                },
                "15": {
                    "verse_nr": "15",
                    "verse": "Iar dac\u0103 \u015ftim c\u0103 ne ascult\u0103, atunci orice \u00cei cerem, \u015ftim c\u0103 avem lucrurile pe care le-am cerut de la El."
                },
                "16": {
                    "verse_nr": "16",
                    "verse": "Dac\u0103 cineva \u00eel vede pe fratele s\u0103u s\u0103v\u00e2r\u015find un p\u0103cat care nu duce la moarte, s\u0103 cear\u0103, \u015fi Dumnezeu \u00eei va da via\u0163\u0103 \u2013 vorbesc despre cei al c\u0103ror p\u0103cat nu duce la moarte. Exist\u0103 un p\u0103cat care duce la moarte; nu pentru acela spun s\u0103 se roage."
                },
                "17": {
                    "verse_nr": "17",
                    "verse": "Orice nedreptate este p\u0103cat, dar este p\u0103cat care nu duce la moarte."
                },
                "18": {
                    "verse_nr": "18",
                    "verse": "\u015etim c\u0103 oricine este n\u0103scut din Dumnezeu, nu tr\u0103ie\u015fte \u00een p\u0103cat, ci pe cel n\u0103scut din Dumnezeu, Acesta \u00eel ap\u0103r\u0103, iar cel r\u0103u nu se atinge de el."
                },
                "19": {
                    "verse_nr": "19",
                    "verse": "\u015etim c\u0103 suntem din Dumnezeu \u015fi c\u0103 lumea \u00eentreag\u0103 zace \u00een cel r\u0103u."
                },
                "20": {
                    "verse_nr": "20",
                    "verse": "\u015ei \u015ftim c\u0103 Fiul lui Dumnezeu a venit \u015fi ne-a dat pricepere ca s\u0103-L cunoa\u015ftem pe Cel Adev\u0103rat. \u015ei noi suntem \u00een Cel Adev\u0103rat, \u00een Fiul S\u0103u, Isus Cristos. El este adev\u0103ratul Dumnezeu \u015fi via\u0163a ve\u015fnic\u0103."
                },
                "21": {
                    "verse_nr": "21",
                    "verse": "Copila\u015filor, feri\u0163i-v\u0103 de idoli!"
                }
            }
        }
    }
}