{
    "version": "swahili",
    "book_name": "2 Peter",
    "book_nr": "61",
    "book": {
        "1": {
            "chapter_nr": 1,
            "chapter": {
                "1": {
                    "verse_nr": 1,
                    "verse": "Mimi Simoni Petro, mtumishi na mtume wa Yesu Kristo, nawaandikia ninyi ambao, kwa wema wake Mungu wetu, na Mwokozi Yesu Kristo, mmejaliwa imani ileile ya thamani kuu tuliyojaliwa sisi.\n"
                },
                "2": {
                    "verse_nr": 2,
                    "verse": "Nawatakieni neema na amani tele katika kumjua Mungu na Yesu Bwana wetu.\n"
                },
                "3": {
                    "verse_nr": 3,
                    "verse": "Kwa uwezo wake wa kimungu, Mungu ametujalia mambo yote tunayohitaji, ili tuishi maisha ya kumcha Mungu kwa kumjua yeye aliyetuita tuushiriki utukufu na wema wake yeye mwenyewe.\n"
                },
                "4": {
                    "verse_nr": 4,
                    "verse": "Kwa namna hiyo ametujalia zawadi kuu na za thamani ambazo alituahidia, ili kwa zawadi hizo mpate kuziepa kabisa tamaa mbaya zilizomo duniani, na mpate kuishiriki hali yake ya kimungu.\n"
                },
                "5": {
                    "verse_nr": 5,
                    "verse": "Kwa sababu hiyo, fanyeni bidii ya kuongeza fadhila katika imani yenu: ongezeni elimu katika fadhila yenu,\n"
                },
                "6": {
                    "verse_nr": 6,
                    "verse": "kuwa na kiasi katika elimu yenu, uvumilivu katika kuwa na kiasi, uchaji wa Mungu katika uvumilivu wenu,\n"
                },
                "7": {
                    "verse_nr": 7,
                    "verse": "udugu katika uchaji wenu, na mapendo katika udugu wenu.\n"
                },
                "8": {
                    "verse_nr": 8,
                    "verse": "Mkiwa na sifa hizo zote kwa wingi, zitawawezesheni kuwa watendaji na kupata faida katika kumjua Bwana wetu Yesu Kristo.\n"
                },
                "9": {
                    "verse_nr": 9,
                    "verse": "Lakini mtu asiye na sifa hizo ni kipofu, hawezi kuona na amesahau kwamba alikwisha takaswa dhambi zake za zamani.\n"
                },
                "10": {
                    "verse_nr": 10,
                    "verse": "Kwa hiyo basi, ndugu zangu, fanyeni bidii zaidi kuufanya huo wito wenu mlioitiwa na Mungu uwe jambo la kudumu katika maisha yenu; kama mkiishi namna hiyo hamtaanguka kamwe.\n"
                },
                "11": {
                    "verse_nr": 11,
                    "verse": "Kwa namna hiyo mtafaulu kupewa haki kamili ya kuingia katika Utawala wa milele wa Bwana na Mwokozi wetu Yesu Kristo.\n"
                },
                "12": {
                    "verse_nr": 12,
                    "verse": "Kwa hiyo nitaendelea kuwakumbusheni daima mambo haya, ingawa mmekwisha yafahamu, na mko imara katika ukweli mlioupokea.\n"
                },
                "13": {
                    "verse_nr": 13,
                    "verse": "Nadhani ni jambo jema kwangu, muda wote niishio hapa duniani, kuwapeni moyo na kuwakumbusheni juu ya mambo haya.\n"
                },
                "14": {
                    "verse_nr": 14,
                    "verse": "Najua kwamba karibu nitauweka kando mwili huu wenye kufa, kama Bwana alivyoniambia waziwazi.\n"
                },
                "15": {
                    "verse_nr": 15,
                    "verse": "Basi, nitajitahidi kuwapatieni njia ya kuyakumbuka mambo haya kila wakati, baada ya kufariki kwangu.\n"
                },
                "16": {
                    "verse_nr": 16,
                    "verse": "Wakati tulipowafundisheni juu ya ukuu wa kuja kwake Bwana wetu Yesu Kristo, hatukutegemea hadithi tupu zisizo na msingi. Sisi tuliuona utukufu wake kwa macho yetu wenyewe.\n"
                },
                "17": {
                    "verse_nr": 17,
                    "verse": "Sisi tulikuwapo wakati alipopewa heshima na kutukuzwa na Mungu Baba, wakati sauti ilipomjia kutoka kwake yeye aliye Utukufu Mkuu, ikisema: \"Huyu ni Mwanangu mpenzi, nimependezwa naye.\"\n"
                },
                "18": {
                    "verse_nr": 18,
                    "verse": "Tena, sisi wenyewe tulisikia sauti hiyo kutoka mbinguni wakati tulipokuwa pamoja naye juu ya ule mlima mtakatifu.\n"
                },
                "19": {
                    "verse_nr": 19,
                    "verse": "Tena, ujumbe wa manabii watuthibitishia jambo hilo; nanyi mwafanya vema kama mkiuzingatia, maana ni kama taa inayoangaza mahali penye giza mpaka Siku ile itakapopambazuka na mwanga wa nyota ya asubuhi utakapong'ara mioyoni mwenu.\n"
                },
                "20": {
                    "verse_nr": 20,
                    "verse": "Zaidi ya hayo, lakini, kumbukeni kwamba hakuna mtu yeyote awezaye kufafanua mwenyewe unabii ulio katika Maandiko Matakatifu.\n"
                },
                "21": {
                    "verse_nr": 21,
                    "verse": "Maana hakuna ujumbe wa kinabii unaotokana na matakwa ya binadamu, bali watu walinena ujumbe wa Mungu wakiongozwa na Roho Mtakatifu.\n"
                }
            }
        },
        "2": {
            "chapter_nr": 2,
            "chapter": {
                "1": {
                    "verse_nr": 1,
                    "verse": "Palitokea manabii wa uongo kati ya watu, na vivyo hivyo walimu wa uongo watatokea kati yenu. Watu hao wataingiza mafundisho maharibifu na kumkana Bwana aliyewakomboa, na kwa njia hiyo watasababisha ghafla maangamizi yao wenyewe.\n"
                },
                "2": {
                    "verse_nr": 2,
                    "verse": "Tena watu wengi watazifuata hizo njia zao mbaya, kwa sababu yao, wengine wataipuuza Njia ya ukweli.\n"
                },
                "3": {
                    "verse_nr": 3,
                    "verse": "Kwa tamaa yao mbaya watajipatia faida kwa kuwaambieni hadithi za uongo. Lakini kwa muda mrefu sasa Hakimu wao yu tayari, na Mwangamizi wao yu macho!\n"
                },
                "4": {
                    "verse_nr": 4,
                    "verse": "Malaika walipotenda dhambi, Mungu hakuwahurumia, bali aliwatupa katika moto wa Jehanamu ambako wamefungwa wakingojea Siku ile ya Hukumu.\n"
                },
                "5": {
                    "verse_nr": 5,
                    "verse": "Mungu hakuihurumia dunia ya hapo kale, bali alileta gharika kuu juu ya nchi ile ya watu wasiomcha Mungu; lakini Noa ambaye alihubiri uadilifu, Mungu alimwokoa pamoja na watu wengine saba.\n"
                },
                "6": {
                    "verse_nr": 6,
                    "verse": "Mungu aliadhibu miji ya Sodoma na Gomora, akaiteketeza kwa moto, akaifanya iwe mfano wa mambo yatakayowapata watu wasiomcha Mungu.\n"
                },
                "7": {
                    "verse_nr": 7,
                    "verse": "Alimwokoa Loti, mtu mwema, ambaye alisikitishwa sana na mwenendo mbaya wa watu hao waasi.\n"
                },
                "8": {
                    "verse_nr": 8,
                    "verse": "Loti aliishi miongoni mwa watu hao, na kwa siku nyingi moyo wake ulikuwa katika wasiwasi mkuu aliposikia matendo yao maovu.\n"
                },
                "9": {
                    "verse_nr": 9,
                    "verse": "Kwa hiyo, basi, Bwana anajua jinsi ya kuwaokoa katika majaribu watu wanaomcha Mungu, na jinsi ya kuwaweka waovu katika adhabu hadi Siku ile ya hukumu,\n"
                },
                "10": {
                    "verse_nr": 10,
                    "verse": "hasa wale wanaofuata tamaa mbaya za mwili na kupuuza mamlaka. Watu hao ni washupavu na wenye majivuno, huvitukana na hawaviheshimu viumbe vitukufu vya juu.\n"
                },
                "11": {
                    "verse_nr": 11,
                    "verse": "Lakini malaika, ambao wana uwezo na nguvu zaidi kuliko hao walimu wa uongo, hawawashtaki na kuwatukana hao mbele ya Bwana.\n"
                },
                "12": {
                    "verse_nr": 12,
                    "verse": "Watu hao ambao hutukana chochote kile wasichoelewa, ni sawa na wanyama wasio na akili, ambao huzaliwa na baadaye hukamatwa na kuchinjwa! Wataangamizwa kutokana na uharibifu wao wenyewe,\n"
                },
                "13": {
                    "verse_nr": 13,
                    "verse": "na watalipwa mateso kwa mateso ambayo wameyasababisha. Furaha yao ni kufanya, tena mchana kabisa, chochote kinachotosheleza anasa zao za mwili. Hao ni fedheha na aibu tupu kwa jumuiya yenu wakati wanapojiunga nanyi katika karamu zenu, bali wakifurahia njia zao za udanganyifu.\n"
                },
                "14": {
                    "verse_nr": 14,
                    "verse": "Macho yao yamejaa uzinzi na uwezo wao wa kutenda dhambi hauna kikomo. Huwaongoza watu walio dhaifu mpaka mitegoni. Mioyo yao imezoea kuwa na tamaa ya mali. Wapo chini ya laana ya Mungu!\n"
                },
                "15": {
                    "verse_nr": 15,
                    "verse": "Wameiacha njia iliyonyoka, wakapotoka na kuifuata njia aliyofuata Balaamu, mwana wa Beori, ambaye alipendelea kupata faida kwa kufanya udanganyifu,\n"
                },
                "16": {
                    "verse_nr": 16,
                    "verse": "akakaripiwa kwa ajili ya uovu wake. Punda ambaye hasemi alinena kwa sauti ya binadamu, akaukomesha wazimu wa huyo nabii.\n"
                },
                "17": {
                    "verse_nr": 17,
                    "verse": "Watu hao ni kama chemchemi zilizokauka, kama mawingu yanayopeperushwa na tufani; makao yao waliyowekewa ni mahali pa giza kuu.\n"
                },
                "18": {
                    "verse_nr": 18,
                    "verse": "Husema maneno ya majivuno na yasiyo na maana, na kutumia tamaa zao mbaya za kimwili kuwatega wale ambao wamejitenga hivi karibuni na watu waishio katika udanganyifu.\n"
                },
                "19": {
                    "verse_nr": 19,
                    "verse": "Huwaahidi watu wengine eti watakuwa huru, kumbe wao wenyewe ni watumwa wa upotovu--maana mtu ni mtumwa wa chochote kile kinachomtawala.\n"
                },
                "20": {
                    "verse_nr": 20,
                    "verse": "Watu waliokwisha ponyoka katika upotovu wa ulimwengu kwa kupata kumjua Bwana na Mwokozi wetu Yesu Kristo, kisha wakakubali kunaswa na kutawaliwa tena na upotovu huo, hali yao itakuwa mbaya zaidi kuliko awali.\n"
                },
                "21": {
                    "verse_nr": 21,
                    "verse": "Ingalikuwa afadhali kwao kama wasingalijua kamwe njia hiyo ya uadilifu kuliko kujua na kisha kuiacha na kupoteza amri takatifu waliyopokea.\n"
                },
                "22": {
                    "verse_nr": 22,
                    "verse": "Ipo mithali isemayo: \"Mbwa huyarudia matapishi yake mwenyewe,\" na nyingine isemayo: \"Nguruwe aliyekwisha oshwa hugaagaa tena katika matope!\" Ndivyo ilivyo kwao sasa.\n"
                }
            }
        },
        "3": {
            "chapter_nr": 3,
            "chapter": {
                "1": {
                    "verse_nr": 1,
                    "verse": "Wapenzi wangu, hii ni barua ya pili ninayowaandikia. Katika barua hizo mbili nimejaribu kufufua fikira safi akilini mwenu kwa kuwakumbusheni mambo haya.\n"
                },
                "2": {
                    "verse_nr": 2,
                    "verse": "Napenda mkumbuke maneno yaliyosemwa na manabii watakatifu, na ile amri ya Bwana na Mwokozi mliyopewa na mitume wenu.\n"
                },
                "3": {
                    "verse_nr": 3,
                    "verse": "Awali ya yote jueni kwamba siku za mwisho watakuja watu ambao mienendo yao inatawaliwa na tamaa zao mbaya. Watawadhihaki ninyi\n"
                },
                "4": {
                    "verse_nr": 4,
                    "verse": "na kusema: \"Aliahidi kwamba atakuja! Je, sasa yuko wapi? Mambo ni yaleyale tangu babu zetu walipokufa; hali ya vitu ni ileile kama ilivyokuwa mwanzo wa ulimwengu!\"\n"
                },
                "5": {
                    "verse_nr": 5,
                    "verse": "Watu hao, kwa makusudi, husahau kwamba zamani Mungu alinena, nazo mbingu na nchi zikaumbwa. Dunia iliumbwa kutoka katika maji na kwa maji;\n"
                },
                "6": {
                    "verse_nr": 6,
                    "verse": "na kwa maji hayo, yaani yale maji ya gharika kuu, dunia ya wakati ule iliangamizwa.\n"
                },
                "7": {
                    "verse_nr": 7,
                    "verse": "Lakini mbingu na nchi za sasa zahifadhiwa kwa neno la Mungu kwa ajili ya kuharibiwa kwa moto. Zimewekwa kwa ajili ya Siku ile ambapo watu wasiomcha Mungu watahukumiwa na kuangamizwa.\n"
                },
                "8": {
                    "verse_nr": 8,
                    "verse": "Lakini, wapenzi wangu, msisahau kitu kimoja! Mbele ya Bwana, hakuna tofauti kati ya siku moja na miaka elfu; kwake yote ni mamoja.\n"
                },
                "9": {
                    "verse_nr": 9,
                    "verse": "Bwana hakawii kutimiza yale aliyoahidi kama watu wengine wanavyofikiri kuwa atakawia. Yeye ana saburi kwa ajili yenu, maana hapendi hata mmoja wenu apotee, bali huwavuta wote wapate kutubu.\n"
                },
                "10": {
                    "verse_nr": 10,
                    "verse": "Siku ya Bwana itakuja kama mwizi. Siku hiyo, mbingu zitatoweka kwa kishindo kikuu; vitu vyake vya asili vitateketezwa kwa moto, nayo dunia itatoweka pamoja na kila kitu kilichomo ndani yake.\n"
                },
                "11": {
                    "verse_nr": 11,
                    "verse": "Maadamu kila kitu kitaharibiwa namna hiyo, je, ninyi mnapaswa kuwa watu wa namna gani? Mnapaswa kuishi kitakatifu na kumcha Mungu,\n"
                },
                "12": {
                    "verse_nr": 12,
                    "verse": "mkiingojea Siku ile ya Mungu na kuifanya ije upesi--Siku ambayo mbingu zitateketezwa kwa moto na kuharibiwa, na vitu vyake vya asili vitayeyushwa kwa joto.\n"
                },
                "13": {
                    "verse_nr": 13,
                    "verse": "Lakini sisi, kufuatana na ahadi yake, twangojea mbingu mpya na dunia mpya ambayo imejaa uadilifu.\n"
                },
                "14": {
                    "verse_nr": 14,
                    "verse": "Kwa hiyo wapenzi wangu, mkiwa mnangojea Siku ile, fanyeni bidii kuwa safi kabisa bila hatia mbele ya Mungu, na kuwa na amani naye.\n"
                },
                "15": {
                    "verse_nr": 15,
                    "verse": "Mnapaswa kuuona uvumilivu wa Bwana kuwa ni nafasi anayowapeni mpate kuokolewa, kama Paulo ndugu yetu mpenzi alivyowaandikia akitumia hekima aliyopewa na Mungu.\n"
                },
                "16": {
                    "verse_nr": 16,
                    "verse": "Hayo ndiyo asemayo katika barua zake zote anapozungumzia suala hilo. Yapo mambo kadhaa katika barua zake yaliyo magumu kuyaelewa, mambo ambayo watu wajinga, wasio na msimamo, huyapotosha kama wanavyopotosha sehemu nyingine za Maandiko Matakatifu. Hivyo wanasababisha maangamizi yao wenyewe.\n"
                },
                "17": {
                    "verse_nr": 17,
                    "verse": "Lakini ninyi, wapenzi wangu, mmekwisha jua jambo hili. Basi, muwe na tahadhari msije mkapotoshwa na makosa ya waasi, mkaanguka kutoka katika msimamo wenu imara.\n"
                },
                "18": {
                    "verse_nr": 18,
                    "verse": "Lakini endeleeni kukua katika neema na katika kumjua Bwana wetu na Mwokozi Yesu Kristo. Utukufu uwe kwake, sasa na hata milele! Amina.\n"
                }
            }
        }
    }
}