{
    "version": "TLV",
    "book_name": "Titus",
    "book_nr": "56",
    "book": {
        "1": {
            "chapter_nr": "1",
            "chapter": {
                "1": {
                    "verse_nr": "1",
                    "verse": "Greetings - Paul, a slave of God and an emissary of Messiah Yeshua, for the faith of God\u2019s chosen and the knowledge of truth that is in keeping with godliness,"
                },
                "2": {
                    "verse_nr": "2",
                    "verse": "based on the hope of eternal life. God\u2014who cannot lie\u2014promised this before the beginning of time."
                },
                "3": {
                    "verse_nr": "3",
                    "verse": "But in His own time He made His message known, through a proclamation with which I was entrusted, by the command of God our Savior."
                },
                "4": {
                    "verse_nr": "4",
                    "verse": "To Titus, a true child of our common faith: Grace and shalom from God the Father and Messiah Yeshua, our Savior!"
                },
                "5": {
                    "verse_nr": "5",
                    "verse": "Setting the Community in Order - The reason I left you in Crete was so that you would set in order the things that remain and appoint elders in every city as I directed you\u2014"
                },
                "6": {
                    "verse_nr": "6",
                    "verse": "if anyone is blameless, the husband of one wife, having children of faith with no charge of wild living or rebellion."
                },
                "7": {
                    "verse_nr": "7",
                    "verse": "For the overseer must be blameless as God\u2019s administrator\u2014not arrogant, not quick-tempered, not addicted to wine, not violent, not greedy for dishonest gain."
                },
                "8": {
                    "verse_nr": "8",
                    "verse": "Rather he must be hospitable, loving what is good, self-controlled, upright, devout, disciplined."
                },
                "9": {
                    "verse_nr": "9",
                    "verse": "He must hold firmly to the trustworthy message in keeping with the teaching, so he can both encourage by instruction that is sound and convict those who speak against it."
                },
                "10": {
                    "verse_nr": "10",
                    "verse": "For there are many who are rebellious, vain talkers and deceivers, especially those from the circumcision."
                },
                "11": {
                    "verse_nr": "11",
                    "verse": "They must be silenced\u2014those who upset entire households by teaching what they should not, for the sake of dishonest gain."
                },
                "12": {
                    "verse_nr": "12",
                    "verse": "One of them, one of their own prophets, said, \u201cCretans are always liars, evil beasts, lazy gluttons.\u201d"
                },
                "13": {
                    "verse_nr": "13",
                    "verse": "This testimony is true. For this reason rebuke them sharply, so they might be sound in the faith,"
                },
                "14": {
                    "verse_nr": "14",
                    "verse": "not paying attention to Judaic myths and commands of men who turn away from the truth."
                },
                "15": {
                    "verse_nr": "15",
                    "verse": "To the pure all things are pure; but to those who are defiled and unbelieving, nothing is pure. Both their mind and conscience are defiled."
                },
                "16": {
                    "verse_nr": "16",
                    "verse": "They claim to know God but their deeds deny Him. They are despicable and disobedient and worthless for any good deed."
                }
            }
        },
        "2": {
            "chapter_nr": "2",
            "chapter": {
                "1": {
                    "verse_nr": "1",
                    "verse": "Advice for Behavior in Community - But as for you, speak things that are fitting for sound instruction."
                },
                "2": {
                    "verse_nr": "2",
                    "verse": "Older men are to be clear-minded, dignified, self-controlled, sound in faith, in love, in patience."
                },
                "3": {
                    "verse_nr": "3",
                    "verse": "Likewise, older women are to be sanctified in demeanor\u2014not backbiting or enslaved to much wine. Let them be teachers of what is good,"
                },
                "4": {
                    "verse_nr": "4",
                    "verse": "so that they may train the young women to love their husbands, to love their children,"
                },
                "5": {
                    "verse_nr": "5",
                    "verse": "to be self-controlled, pure, managing their household, kind, submitted to their own husbands, so that God\u2019s word may not be dishonored."
                },
                "6": {
                    "verse_nr": "6",
                    "verse": "Likewise urge the younger men to be self-controlled,"
                },
                "7": {
                    "verse_nr": "7",
                    "verse": "in all things showing yourself to be an example of good deeds\u2014integrity in instruction, dignity,"
                },
                "8": {
                    "verse_nr": "8",
                    "verse": "sound speech beyond criticism\u2014so that an opponent may be put to shame, having nothing bad to say about us."
                },
                "9": {
                    "verse_nr": "9",
                    "verse": "Urge slaves to submit themselves to their own masters in all things, well-pleasing and not back-talking,"
                },
                "10": {
                    "verse_nr": "10",
                    "verse": "not stealing but showing all good faithfulness, so that they may do credit to the teaching about God our Savior in everything."
                },
                "11": {
                    "verse_nr": "11",
                    "verse": "For the grace of God has appeared, bringing salvation to all men,"
                },
                "12": {
                    "verse_nr": "12",
                    "verse": "training us to deny ungodliness and worldly desires and to live in a manner that is self-controlled and righteous and godly in the present age."
                },
                "13": {
                    "verse_nr": "13",
                    "verse": "We wait for the blessed hope and appearance of the glory of our great God and Savior, Messiah Yeshua."
                },
                "14": {
                    "verse_nr": "14",
                    "verse": "He gave Himself for us so that He might redeem us from every lawless deed and so that He might purify for Himself a chosen people, zealous for good deeds."
                },
                "15": {
                    "verse_nr": "15",
                    "verse": "So communicate these things, and encourage and correct with complete authority. Let no one look down on you."
                }
            }
        },
        "3": {
            "chapter_nr": "3",
            "chapter": {
                "1": {
                    "verse_nr": "1",
                    "verse": "Be Ready for Good Deeds - Remind the people to be submitted to rulers and authorities, to be obedient, to be ready for every good deed,"
                },
                "2": {
                    "verse_nr": "2",
                    "verse": "to slander no one, without fighting, gentle, showing every courtesy to all people."
                },
                "3": {
                    "verse_nr": "3",
                    "verse": "For we also once were foolish, disobedient, deluded, enslaved to various desires and pleasures, spending our lives in malice and envy, hateful and hating one another."
                },
                "4": {
                    "verse_nr": "4",
                    "verse": "But when the kindness of God our Savior and His love for mankind appeared\u2014"
                },
                "5": {
                    "verse_nr": "5",
                    "verse": "not by deeds of righteousness which we had done ourselves, but because of His mercy\u2014 He saved us through the mikveh of rebirth and renewing of the Ruach ha-Kodesh,"
                },
                "6": {
                    "verse_nr": "6",
                    "verse": "whom He abundantly poured out on us through Messiah Yeshua our Savior,"
                },
                "7": {
                    "verse_nr": "7",
                    "verse": "so that being set right by His grace, we might become heirs with the confident hope of eternal life!"
                },
                "8": {
                    "verse_nr": "8",
                    "verse": "Trustworthy is the saying, and I want you to insist on these things, so that those who have put their trust in God may be careful to devote themselves to good deeds. These things are good and beneficial for people."
                },
                "9": {
                    "verse_nr": "9",
                    "verse": "But avoid foolish controversies and genealogies and strife and disputes about Torah, for they are unprofitable and useless."
                },
                "10": {
                    "verse_nr": "10",
                    "verse": "Dismiss a quarrelsome person after a first and second warning,"
                },
                "11": {
                    "verse_nr": "11",
                    "verse": "knowing that such a person is twisted and is sinning\u2014he is self-condemned."
                },
                "12": {
                    "verse_nr": "12",
                    "verse": "Final Words - When I send Artemas or Tychicus to you, hurry to come to me in Nicopolis, for I have decided to winter there."
                },
                "13": {
                    "verse_nr": "13",
                    "verse": "Send Zenas the lawyer and Apollos on their journey with great care, so that nothing is lacking for them."
                },
                "14": {
                    "verse_nr": "14",
                    "verse": "And let our people learn to devote themselves to doing mitzvot to meet urgent needs, so they will not be unfruitful."
                },
                "15": {
                    "verse_nr": "15",
                    "verse": "All who are with me greet you. Greet those who love us in the faith. Grace be with you all."
                }
            }
        }
    }
}