{
    "version": "UZLBC",
    "book_name": "2 Thessalonians",
    "book_nr": "53",
    "book": {
        "1": {
            "chapter_nr": "1",
            "chapter": {
                "1": {
                    "verse_nr": "1",
                    "verse": "Otamiz Xudo va Rabbimiz Iso Masihning Salonika shahridagi imonlilar jamoatiga Pavlus, Silas va Timo\u02bbtiydan salom!"
                },
                "2": {
                    "verse_nr": "2",
                    "verse": "Otamiz Xudo va Rabbimiz Iso Masih sizlarga inoyat va tinchlik ato qilsin."
                },
                "3": {
                    "verse_nr": "3",
                    "verse": "Birodarlar, sizlar uchun har doim Xudoga shukr qilishni burch deb bilamiz. Shunday qilishimiz juda o\u02bbrinli, chunki sizlarning imoningiz kundan\u2013kunga o\u02bbsib boryapti, bir\u2013biringizga va boshqa hammaga mehr\u2013muhabbatingiz oshyapti."
                },
                "4": {
                    "verse_nr": "4",
                    "verse": "Shuning uchun biz Xudoning jamoatlari oldida sizlar bilan faxrlanamiz. Axir, sizlar quvg\u02bbinlaru azob\u2013uqubatlarga sabr\u2013toqat va imon bilan bardosh beryapsiz."
                },
                "5": {
                    "verse_nr": "5",
                    "verse": "Xudoning Shohligi yo\u02bblida azob chekyapsiz, shunday ekan, Xudo sizlarni O\u02bbz Shohligiga loyiq topib, unga erishtiradi. Oqibatda esa Uning odil hukmi hammaga ayon bo\u02bbladi."
                },
                "6": {
                    "verse_nr": "6",
                    "verse": "Ha, Xudo odildir, sizlarni azoblaganlarga U azob beradi."
                },
                "7": {
                    "verse_nr": "7",
                    "verse": "Azob chekayotgan sizlarga esa O\u02bbz tinchligini ato qiladi, sizlar qatori bizga ham tinchligini beradi. Bularning hammasi Rabbimiz Iso O\u02bbzining qudratli farishtalari bilan, lovullab turgan alanga ichida, ko\u02bbkdan zohir bo\u02bblganda ro\u02bby beradi. Xudoni rad etganlarni va O\u02bbzi haqidagi Xushxabarga quloq solmaganlarni Iso Masih jazolaydi."
                },
                "8": {
                    "verse_nr": "8",
                    "verse": "Azob chekayotgan sizlarga esa O\u02bbz tinchligini ato qiladi, sizlar qatori bizga ham tinchligini beradi. Bularning hammasi Rabbimiz Iso O\u02bbzining qudratli farishtalari bilan, lovullab turgan alanga ichida, ko\u02bbkdan zohir bo\u02bblganda ro\u02bby beradi. Xudoni rad etganlarni va O\u02bbzi haqidagi Xushxabarga quloq solmaganlarni Iso Masih jazolaydi."
                },
                "9": {
                    "verse_nr": "9",
                    "verse": "O\u02bbsha odamlar Rabbimiz Isoning huzuri va qudratli ulug\u02bbvorligidan ayrilib, abadiy halokat jazosini oladilar."
                },
                "10": {
                    "verse_nr": "10",
                    "verse": "O\u02bbsha kuni Rabbimizni Uning muqaddas xalqi ulug\u02bblaydi. Unga ishongan hamma odamlar Uni madh qiladi. Sizlar ham o\u02bbsha insonlarning qatoriga kirasiz, chunki biz aytgan xabarga ishondingiz."
                },
                "11": {
                    "verse_nr": "11",
                    "verse": "Shunday ekan, Xudoyimiz sizni O\u02bbz chaqirig\u02bbiga loyiq deb topsin, O\u02bbz qudrati bilan sizlarning barcha yaxshi niyatlaringizni ro\u02bbyobga chiqarsin, imon bilan qilgan ishlaringizni amalga oshirsin, deb biz doim sizlar uchun ibodat qilamiz."
                },
                "12": {
                    "verse_nr": "12",
                    "verse": "Rabbimiz Isoning nomi orangizda ulug\u02bblansin, sizlar esa Xudoyimiz va Rabbimiz Iso Masihning inoyati bilan U orqali ulug\u02bblaninglar, deb ibodat qilamiz."
                }
            }
        },
        "2": {
            "chapter_nr": "2",
            "chapter": {
                "1": {
                    "verse_nr": "1",
                    "verse": "Rabbimiz Iso Masihning kelishi va bizning U bilan birga bo\u02bbladigan kunimiz haqida quyidagilarni aytsak: birodarlar, sizlardan o\u02bbtinib so\u02bbraymiz"
                },
                "2": {
                    "verse_nr": "2",
                    "verse": "Rabbimiz kelibdi degan gaplar boshingizni aylantirmasin, sizlarni xavotirga solmasin. Ehtimol, bunday gaplar bashorat orqali, biror xabar yoki xuddi biz yozgan xatga o\u02bbxshash bir xat orqali kelib chiqqandir."
                },
                "3": {
                    "verse_nr": "3",
                    "verse": "Hech kim sizlarni hech qanday usul bilan aldamasin. Ko\u02bbpchilik Xudoga qarshi bosh ko\u02bbtarmaguncha va qabih odam kelmaguncha, o\u02bbsha kun kelmaydi. O\u02bbsha odam halokatga mahkum qilingan."
                },
                "4": {
                    "verse_nr": "4",
                    "verse": "U har qanday \u201cxudo\u201d deb atalgan va sajda qilingan narsaga qarshi chiqib, o\u02bbzini ulardan ustun qo\u02bbyadi. Hattoki, Xudoning Ma\u02bcbadida o\u02bbtirib olib, o\u02bbzini xudo deb ataydi."
                },
                "5": {
                    "verse_nr": "5",
                    "verse": "Sizlar bilan bo\u02bblganimda shularni aytganim esingizda yo\u02bbqmi?"
                },
                "6": {
                    "verse_nr": "6",
                    "verse": "O\u02bbsha qabih odamni hozir nima tutib turganini o\u02bbzingiz bilasiz. Bu odam belgilangan vaqtda zohir bo\u02bbladi."
                },
                "7": {
                    "verse_nr": "7",
                    "verse": "Ha, qabihlikning yashirin kuchi allaqachon ishga tushgan. Biroq bir zot bu kuchni tiyib turibdi. O\u02bbsha zot olib tashlangandan keyin"
                },
                "8": {
                    "verse_nr": "8",
                    "verse": "qabih odam oshkor qilinadi. Uni Rabbimiz Iso bir nafas bilan halok qiladi. Rabbimiz kelganda, O\u02bbz ulug\u02bbvorligining yorqinligi bilan uni yo\u02bbq qilib tashlaydi."
                },
                "9": {
                    "verse_nr": "9",
                    "verse": "O\u02bbsha qabih odam shaytonning kuchi bilan keladi. Qudratini ko\u02bbrsatib, har xil mo\u02bbjizayu ajoyibotlar qiladi."
                },
                "10": {
                    "verse_nr": "10",
                    "verse": "Halok bo\u02bblayotganlarni turli makr\u2013hiylalar bilan aldaydi. Ular najot beradigan haqiqatni rad qilganlari uchun, uni sevmaganlari uchun halok bo\u02bblyaptilar."
                },
                "11": {
                    "verse_nr": "11",
                    "verse": "Mana shuning uchun Xudo ularni adashtiradigan bir kuchga topshirib qo\u02bbyadi. Shunda ular yolg\u02bbonlarga ishonib yuraveradilar."
                },
                "12": {
                    "verse_nr": "12",
                    "verse": "Natijada, haqiqatga ishonmay, yovuzlikdan zavq topganlarning hammasi hukm qilinadi."
                },
                "13": {
                    "verse_nr": "13",
                    "verse": "Ey Egamiz sevgan birodarlar! Sizlar uchun har doim Xudoga shukr qilishni burch deb bilamiz. Axir, Muqaddas Ruh kuchi bilan poklansin va haqiqatga ishonsin deb, Xudo sizlarni boshidanoq najot uchun tanlagan edi."
                },
                "14": {
                    "verse_nr": "14",
                    "verse": "Rabbimiz Iso Masihning ulug\u02bbvorligidan bahramand bo\u02bblishingiz uchun biz aytgan Xushxabar orqali Xudo sizlarni chaqirdi."
                },
                "15": {
                    "verse_nr": "15",
                    "verse": "Shuning uchun, ey birodarlar, imoningiz qat\u02bciy bo\u02bblsin. Biz gaplarimiz va xatlarimiz orqali sizlarga o\u02bbrgatgan haqiqatni mahkam tutinglar."
                },
                "16": {
                    "verse_nr": "16",
                    "verse": "Bizni sevadigan, O\u02bbz inoyati bilan bizga tengsiz jasorat va barqaror umid bergan Otamiz Xudo va Rabbimiz Iso Masihning O\u02bbzi"
                },
                "17": {
                    "verse_nr": "17",
                    "verse": "sizlarga dalda bersin, har bir qilgan yaxshi ishingiz va so\u02bbzingizda sizlarga kuch ato qilsin."
                }
            }
        },
        "3": {
            "chapter_nr": "3",
            "chapter": {
                "1": {
                    "verse_nr": "1",
                    "verse": "Ey birodarlar, xatimiz ham nihoyasiga yetib qoldi. Biz uchun ibodat qilinglar, xuddi sizlarning orangizda bo\u02bblgani kabi, Rabbimiz Iso haqidagi Xushxabar tarqalaversin va izzat\u2013hurmat bilan qabul qilinsin."
                },
                "2": {
                    "verse_nr": "2",
                    "verse": "Xudo bizni yomon va yovuz odamlardan qutqarishi uchun ham ibodat qilinglar, chunki hamma ham imonli emas."
                },
                "3": {
                    "verse_nr": "3",
                    "verse": "Ammo Rabbimiz Iso sadoqatlidir. U sizlarni kuchga to\u02bbldirib, yovuz shaytondan himoya qiladi."
                },
                "4": {
                    "verse_nr": "4",
                    "verse": "Siz haqingizda Rabbimiz bizda ishonch hosil qildi. Biz aminmizki, buyurganlarimizni bajaryapsizlar va bajarishda davom etasizlar."
                },
                "5": {
                    "verse_nr": "5",
                    "verse": "Rabbimiz Iso Masih yuraklaringizni Unga sodiq bo\u02bblishga va Xudoni sevishga yo\u02bbnaltirsin."
                },
                "6": {
                    "verse_nr": "6",
                    "verse": "Birodarlar, Rabbimiz Iso Masih nomi bilan sizlarga buyuramiz: dangasalik qilayotgan, biz bergan ta\u02bclimotlarga ko\u02bbra yashamayotgan birodarlardan uzoqroq yuring."
                },
                "7": {
                    "verse_nr": "7",
                    "verse": "Bizdan qanday o\u02bbrnak olishingiz kerakligini o\u02bbzingiz bilasiz. Sizlarning orangizda bo\u02bblganimizda dangasalik qilmadik."
                },
                "8": {
                    "verse_nr": "8",
                    "verse": "Birovning nonini bekorga yemadik. Aksincha, boshqalarga og\u02bbirligimiz tushmasin deb, kechayu kunduz ishladik. Mashaqqat bilan mehnat qildik."
                },
                "9": {
                    "verse_nr": "9",
                    "verse": "Albatta, sizlardan biror narsa talab qilishga haqimiz yo\u02bbqligi uchun emas, balki sizlarga namuna bo\u02bblish uchun shunday qildik."
                },
                "10": {
                    "verse_nr": "10",
                    "verse": "Axir, sizlar bilan bo\u02bblganimizda: \u201cIshlamagan tishlamaydi!\u201d deb aytgan edik\u2013ku!"
                },
                "11": {
                    "verse_nr": "11",
                    "verse": "Eshitishimizcha, ba\u02bczi birlaringiz yalqovlik qilayotgan ekansiz. Boshqalarning ishlariga aralashishdan boshqa narsani bilmas emishsiz."
                },
                "12": {
                    "verse_nr": "12",
                    "verse": "Mana shunday odamlarga Iso Masih nomi bilan buyurib aytamizki, tinchgina o\u02bbz ishlaringiz bilan mashg\u02bbul bo\u02bbling, nonni peshana teringiz bilan topib yeng."
                },
                "13": {
                    "verse_nr": "13",
                    "verse": "Sizlar esa, birodarlar, hech qachon yaxshilik qilishdan charchamanglar."
                },
                "14": {
                    "verse_nr": "14",
                    "verse": "Ushbu xatimizdagi yo\u02bbl\u2013yo\u02bbriqlarga quloq solmaganlarni ko\u02bbz ostingizga olib qo\u02bbying. Bunday odamlarni uyaltirish uchun ular bilan aloqada bo\u02bblmang."
                },
                "15": {
                    "verse_nr": "15",
                    "verse": "Ularni dushman hisoblamang, balki birodar sifatida ogohlantiring."
                },
                "16": {
                    "verse_nr": "16",
                    "verse": "Tinchlik manbai bo\u02bblgan Rabbimiz Isoning O\u02bbzi sizlarga har doim va har yo\u02bbsinda tinchlik bersin. Rabbimiz hammangizga yor bo\u02bblsin."
                },
                "17": {
                    "verse_nr": "17",
                    "verse": "Men, Pavlus, mana shu maktubning yakunini o\u02bbz qo\u02bblim bilan yozyapman. Har bir yozgan maktubimning o\u02bbziga xos belgisi shudir."
                },
                "18": {
                    "verse_nr": "18",
                    "verse": "Rabbimiz Iso Masihning inoyati hammangizga yor bo\u02bblsin!"
                }
            }
        }
    }
}