{
    "version": "HCSB",
    "book_name": "1 Timothy",
    "book_nr": "54",
    "book": {
        "1": {
            "chapter_nr": "1",
            "chapter": {
                "1": {
                    "verse_nr": "1",
                    "verse": "Greeting - Paul, an apostle of Christ Jesus by the command of God our Savior and of Christ Jesus our hope:"
                },
                "2": {
                    "verse_nr": "2",
                    "verse": "To Timothy, my true son in the faith. Grace, mercy, and peace from God the Father and Christ Jesus our Lord."
                },
                "3": {
                    "verse_nr": "3",
                    "verse": "False Doctrine and Misuse of the Law - As I urged you when I went to Macedonia, remain in Ephesus so that you may instruct certain people not to teach different doctrine"
                },
                "4": {
                    "verse_nr": "4",
                    "verse": "or to pay attention to myths and endless genealogies. These promote empty speculations rather than God\u2019s plan, which operates by faith."
                },
                "5": {
                    "verse_nr": "5",
                    "verse": "Now the goal of our instruction is love that comes from a pure heart, a good conscience, and a sincere faith."
                },
                "6": {
                    "verse_nr": "6",
                    "verse": "Some have deviated from these and turned aside to fruitless discussion."
                },
                "7": {
                    "verse_nr": "7",
                    "verse": "They want to be teachers of the law, although they don\u2019t understand what they are saying or what they are insisting on."
                },
                "8": {
                    "verse_nr": "8",
                    "verse": "But we know that the law is good, provided one uses it legitimately."
                },
                "9": {
                    "verse_nr": "9",
                    "verse": "We know that the law is not meant for a righteous person, but for the lawless and rebellious, for the ungodly and sinful, for the unholy and irreverent, for those who kill their fathers and mothers, for murderers,"
                },
                "10": {
                    "verse_nr": "10",
                    "verse": "for the sexually immoral and homosexuals, for kidnappers, liars, perjurers, and for whatever else is contrary to the sound teaching"
                },
                "11": {
                    "verse_nr": "11",
                    "verse": "based on the glorious gospel of the blessed God, which was entrusted to me."
                },
                "12": {
                    "verse_nr": "12",
                    "verse": "Paul\u2019s Testimony - I give thanks to Christ Jesus our Lord who has strengthened me, because He considered me faithful, appointing me to the ministry\u2014"
                },
                "13": {
                    "verse_nr": "13",
                    "verse": "one who was formerly a blasphemer, a persecutor, and an arrogant man. But I received mercy because I acted out of ignorance in unbelief."
                },
                "14": {
                    "verse_nr": "14",
                    "verse": "And the grace of our Lord overflowed, along with the faith and love that are in Christ Jesus."
                },
                "15": {
                    "verse_nr": "15",
                    "verse": "This saying is trustworthy and deserving of full acceptance: \u201cChrist Jesus came into the world to save sinners\u201d\u2014and I am the worst of them."
                },
                "16": {
                    "verse_nr": "16",
                    "verse": "But I received mercy for this reason, so that in me, the worst of them, Christ Jesus might demonstrate His extraordinary patience as an example to those who would believe in Him for eternal life."
                },
                "17": {
                    "verse_nr": "17",
                    "verse": "Now to the King eternal, immortal, invisible, the only God, be honor and glory forever and ever. Amen."
                },
                "18": {
                    "verse_nr": "18",
                    "verse": "Engage in Battle - Timothy, my son, I am giving you this instruction in keeping with the prophecies previously made about you, so that by them you may strongly engage in battle,"
                },
                "19": {
                    "verse_nr": "19",
                    "verse": "having faith and a good conscience. Some have rejected these and have suffered the shipwreck of their faith."
                },
                "20": {
                    "verse_nr": "20",
                    "verse": "Hymenaeus and Alexander are among them, and I have delivered them to Satan, so that they may be taught not to blaspheme."
                }
            }
        },
        "2": {
            "chapter_nr": "2",
            "chapter": {
                "1": {
                    "verse_nr": "1",
                    "verse": "Instructions on Prayer - First of all, then, I urge that petitions, prayers, intercessions, and thanksgivings be made for everyone,"
                },
                "2": {
                    "verse_nr": "2",
                    "verse": "for kings and all those who are in authority, so that we may lead a tranquil and quiet life in all godliness and dignity."
                },
                "3": {
                    "verse_nr": "3",
                    "verse": "This is good, and it pleases God our Savior,"
                },
                "4": {
                    "verse_nr": "4",
                    "verse": "who wants everyone to be saved and to come to the knowledge of the truth."
                },
                "5": {
                    "verse_nr": "5",
                    "verse": "For there is one God and one mediator between God and humanity, Christ Jesus, Himself human,"
                },
                "6": {
                    "verse_nr": "6",
                    "verse": "who gave Himself\u2014a ransom for all, a testimony at the proper time."
                },
                "7": {
                    "verse_nr": "7",
                    "verse": "For this I was appointed a herald, an apostle (I am telling the truth; I am not lying), and a teacher of the Gentiles in faith and truth."
                },
                "8": {
                    "verse_nr": "8",
                    "verse": "Instructions to Men and Women - Therefore, I want the men in every place to pray, lifting up holy hands without anger or argument."
                },
                "9": {
                    "verse_nr": "9",
                    "verse": "Also, the women are to dress themselves in modest clothing, with decency and good sense, not with elaborate hairstyles, gold, pearls, or expensive apparel,"
                },
                "10": {
                    "verse_nr": "10",
                    "verse": "but with good works, as is proper for women who affirm that they worship God."
                },
                "11": {
                    "verse_nr": "11",
                    "verse": "A woman should learn in silence with full submission."
                },
                "12": {
                    "verse_nr": "12",
                    "verse": "I do not allow a woman to teach or to have authority over a man; instead, she is to be silent."
                },
                "13": {
                    "verse_nr": "13",
                    "verse": "For Adam was created first, then Eve."
                },
                "14": {
                    "verse_nr": "14",
                    "verse": "And Adam was not deceived, but the woman was deceived and transgressed."
                },
                "15": {
                    "verse_nr": "15",
                    "verse": "But she will be saved through childbearing, if she continues in faith, love, and holiness, with good judgment."
                }
            }
        },
        "3": {
            "chapter_nr": "3",
            "chapter": {
                "1": {
                    "verse_nr": "1",
                    "verse": "Qualifications of Church Leaders - This saying is trustworthy: \u201cIf anyone aspires to be an overseer, he desires a noble work.\u201d"
                },
                "2": {
                    "verse_nr": "2",
                    "verse": "An overseer, therefore, must be above reproach, the husband of one wife, self-controlled, sensible, respectable, hospitable, an able teacher,"
                },
                "3": {
                    "verse_nr": "3",
                    "verse": "not addicted to wine, not a bully but gentle, not quarrelsome, not greedy\u2014"
                },
                "4": {
                    "verse_nr": "4",
                    "verse": "one who manages his own household competently, having his children under control with all dignity."
                },
                "5": {
                    "verse_nr": "5",
                    "verse": "(If anyone does not know how to manage his own household, how will he take care of God\u2019s church?)"
                },
                "6": {
                    "verse_nr": "6",
                    "verse": "He must not be a new convert, or he might become conceited and fall into the condemnation of the Devil."
                },
                "7": {
                    "verse_nr": "7",
                    "verse": "Furthermore, he must have a good reputation among outsiders, so that he does not fall into disgrace and the Devil\u2019s trap."
                },
                "8": {
                    "verse_nr": "8",
                    "verse": "Deacons, likewise, should be worthy of respect, not hypocritical, not drinking a lot of wine, not greedy for money,"
                },
                "9": {
                    "verse_nr": "9",
                    "verse": "holding the mystery of the faith with a clear conscience."
                },
                "10": {
                    "verse_nr": "10",
                    "verse": "And they must also be tested first; if they prove blameless, then they can serve as deacons."
                },
                "11": {
                    "verse_nr": "11",
                    "verse": "Wives, too, must be worthy of respect, not slanderers, self-controlled, faithful in everything."
                },
                "12": {
                    "verse_nr": "12",
                    "verse": "Deacons must be husbands of one wife, managing their children and their own households competently."
                },
                "13": {
                    "verse_nr": "13",
                    "verse": "For those who have served well as deacons acquire a good standing for themselves, and great boldness in the faith that is in Christ Jesus."
                },
                "14": {
                    "verse_nr": "14",
                    "verse": "The Mystery of Godliness - I write these things to you, hoping to come to you soon."
                },
                "15": {
                    "verse_nr": "15",
                    "verse": "But if I should be delayed, I have written so that you will know how people ought to act in God\u2019s household, which is the church of the living God, the pillar and foundation of the truth."
                },
                "16": {
                    "verse_nr": "16",
                    "verse": "And most certainly, the mystery of godliness is great: He was manifested in the flesh, vindicated in the Spirit, seen by angels, preached among the nations, believed on in the world, taken up in glory."
                }
            }
        },
        "4": {
            "chapter_nr": "4",
            "chapter": {
                "1": {
                    "verse_nr": "1",
                    "verse": "Demonic Influence - Now the Spirit explicitly says that in later times some will depart from the faith, paying attention to deceitful spirits and the teachings of demons,"
                },
                "2": {
                    "verse_nr": "2",
                    "verse": "through the hypocrisy of liars whose consciences are seared."
                },
                "3": {
                    "verse_nr": "3",
                    "verse": "They forbid marriage and demand abstinence from foods that God created to be received with gratitude by those who believe and know the truth."
                },
                "4": {
                    "verse_nr": "4",
                    "verse": "For everything created by God is good, and nothing should be rejected if it is received with thanksgiving,"
                },
                "5": {
                    "verse_nr": "5",
                    "verse": "since it is sanctified by the word of God and by prayer."
                },
                "6": {
                    "verse_nr": "6",
                    "verse": "A Good Servant of Jesus Christ - If you point these things out to the brothers, you will be a good servant of Christ Jesus, nourished by the words of the faith and the good teaching that you have followed."
                },
                "7": {
                    "verse_nr": "7",
                    "verse": "But have nothing to do with irreverent and silly myths. Rather, train yourself in godliness,"
                },
                "8": {
                    "verse_nr": "8",
                    "verse": "for the training of the body has a limited benefit, but godliness is beneficial in every way, since it holds promise for the present life and also for the life to come."
                },
                "9": {
                    "verse_nr": "9",
                    "verse": "This saying is trustworthy and deserves full acceptance."
                },
                "10": {
                    "verse_nr": "10",
                    "verse": "In fact, we labor and strive for this, because we have put our hope in the living God, who is the Savior of everyone, especially of those who believe."
                },
                "11": {
                    "verse_nr": "11",
                    "verse": "Instructions for Ministry - Command and teach these things."
                },
                "12": {
                    "verse_nr": "12",
                    "verse": "Let no one despise your youth; instead, you should be an example to the believers in speech, in conduct, in love, in faith, in purity."
                },
                "13": {
                    "verse_nr": "13",
                    "verse": "Until I come, give your attention to public reading, exhortation, and teaching."
                },
                "14": {
                    "verse_nr": "14",
                    "verse": "Do not neglect the gift that is in you; it was given to you through prophecy, with the laying on of hands by the council of elders."
                },
                "15": {
                    "verse_nr": "15",
                    "verse": "Practice these things; be committed to them, so that your progress may be evident to all."
                },
                "16": {
                    "verse_nr": "16",
                    "verse": "Pay close attention to your life and your teaching; persevere in these things, for by doing this you will save both yourself and your hearers."
                }
            }
        },
        "5": {
            "chapter_nr": "5",
            "chapter": {
                "1": {
                    "verse_nr": "1",
                    "verse": "Do not rebuke an older man, but exhort him as a father, younger men as brothers,"
                },
                "2": {
                    "verse_nr": "2",
                    "verse": "older women as mothers, and with all propriety, the younger women as sisters."
                },
                "3": {
                    "verse_nr": "3",
                    "verse": "The Support of Widows - Support widows who are genuinely widows."
                },
                "4": {
                    "verse_nr": "4",
                    "verse": "But if any widow has children or grandchildren, they must learn to practice godliness toward their own family first and to repay their parents, for this pleases God."
                },
                "5": {
                    "verse_nr": "5",
                    "verse": "The real widow, left all alone, has put her hope in God and continues night and day in her petitions and prayers;"
                },
                "6": {
                    "verse_nr": "6",
                    "verse": "however, she who is self-indulgent is dead even while she lives."
                },
                "7": {
                    "verse_nr": "7",
                    "verse": "Command this also, so they won\u2019t be blamed."
                },
                "8": {
                    "verse_nr": "8",
                    "verse": "But if anyone does not provide for his own, that is his own household, he has denied the faith and is worse than an unbeliever."
                },
                "9": {
                    "verse_nr": "9",
                    "verse": "No widow should be placed on the official support list unless she is at least 60 years old, has been the wife of one husband,"
                },
                "10": {
                    "verse_nr": "10",
                    "verse": "and is well known for good works\u2014that is, if she has brought up children, shown hospitality, washed the saints\u2019 feet, helped the afflicted, and devoted herself to every good work."
                },
                "11": {
                    "verse_nr": "11",
                    "verse": "But refuse to enroll younger widows, for when they are drawn away from Christ by desire, they want to marry"
                },
                "12": {
                    "verse_nr": "12",
                    "verse": "and will therefore receive condemnation because they have renounced their original pledge."
                },
                "13": {
                    "verse_nr": "13",
                    "verse": "At the same time, they also learn to be idle, going from house to house; they are not only idle, but are also gossips and busybodies, saying things they shouldn\u2019t say."
                },
                "14": {
                    "verse_nr": "14",
                    "verse": "Therefore, I want younger women to marry, have children, manage their households, and give the adversary no opportunity to accuse us."
                },
                "15": {
                    "verse_nr": "15",
                    "verse": "For some have already turned away to follow Satan."
                },
                "16": {
                    "verse_nr": "16",
                    "verse": "If any believing woman has widows in her family, she should help them, and the church should not be burdened, so that it can help those who are genuinely widows."
                },
                "17": {
                    "verse_nr": "17",
                    "verse": "Honoring the Elders - The elders who are good leaders should be considered worthy of an ample honorarium, especially those who work hard at preaching and teaching."
                },
                "18": {
                    "verse_nr": "18",
                    "verse": "For the Scripture says: Do not muzzle an ox while it is treading out the grain, and, the worker is worthy of his wages."
                },
                "19": {
                    "verse_nr": "19",
                    "verse": "Don\u2019t accept an accusation against an elder unless it is supported by two or three witnesses."
                },
                "20": {
                    "verse_nr": "20",
                    "verse": "Publicly rebuke those who sin, so that the rest will also be afraid."
                },
                "21": {
                    "verse_nr": "21",
                    "verse": "I solemnly charge you before God and Christ Jesus and the elect angels to observe these things without prejudice, doing nothing out of favoritism."
                },
                "22": {
                    "verse_nr": "22",
                    "verse": "Don\u2019t be too quick to appoint anyone as an elder, and don\u2019t share in the sins of others. Keep yourself pure."
                },
                "23": {
                    "verse_nr": "23",
                    "verse": "Don\u2019t continue drinking only water, but use a little wine because of your stomach and your frequent illnesses."
                },
                "24": {
                    "verse_nr": "24",
                    "verse": "Some people\u2019s sins are obvious, going before them to judgment, but the sins of others surface later."
                },
                "25": {
                    "verse_nr": "25",
                    "verse": "Likewise, good works are obvious, and those that are not obvious cannot remain hidden."
                }
            }
        },
        "6": {
            "chapter_nr": "6",
            "chapter": {
                "1": {
                    "verse_nr": "1",
                    "verse": "Honoring Masters - All who are under the yoke as slaves must regard their own masters to be worthy of all respect, so that God\u2019s name and His teaching will not be blasphemed."
                },
                "2": {
                    "verse_nr": "2",
                    "verse": "Those who have believing masters should not be disrespectful to them because they are brothers, but should serve them better, since those who benefit from their service are believers and dearly loved. False Doctrine and Human Greed - Teach and encourage these things."
                },
                "3": {
                    "verse_nr": "3",
                    "verse": "If anyone teaches other doctrine and does not agree with the sound teaching of our Lord Jesus Christ and with the teaching that promotes godliness,"
                },
                "4": {
                    "verse_nr": "4",
                    "verse": "he is conceited, understanding nothing, but has a sick interest in disputes and arguments over words. From these come envy, quarreling, slander, evil suspicions,"
                },
                "5": {
                    "verse_nr": "5",
                    "verse": "and constant disagreement among people whose minds are depraved and deprived of the truth, who imagine that godliness is a way to material gain."
                },
                "6": {
                    "verse_nr": "6",
                    "verse": "But godliness with contentment is a great gain."
                },
                "7": {
                    "verse_nr": "7",
                    "verse": "For we brought nothing into the world, and we can take nothing out."
                },
                "8": {
                    "verse_nr": "8",
                    "verse": "But if we have food and clothing, we will be content with these."
                },
                "9": {
                    "verse_nr": "9",
                    "verse": "But those who want to be rich fall into temptation, a trap, and many foolish and harmful desires, which plunge people into ruin and destruction."
                },
                "10": {
                    "verse_nr": "10",
                    "verse": "For the love of money is a root of all kinds of evil, and by craving it, some have wandered away from the faith and pierced themselves with many pains."
                },
                "11": {
                    "verse_nr": "11",
                    "verse": "Fight the Good Fight - But you, man of God, run from these things, and pursue righteousness, godliness, faith, love, endurance, and gentleness."
                },
                "12": {
                    "verse_nr": "12",
                    "verse": "Fight the good fight for the faith; take hold of eternal life that you were called to and have made a good confession about in the presence of many witnesses."
                },
                "13": {
                    "verse_nr": "13",
                    "verse": "In the presence of God, who gives life to all, and of Christ Jesus, who gave a good confession before Pontius Pilate, I charge you"
                },
                "14": {
                    "verse_nr": "14",
                    "verse": "to keep the command without fault or failure until the appearing of our Lord Jesus Christ."
                },
                "15": {
                    "verse_nr": "15",
                    "verse": "God will bring this about in His own time. He is the blessed and only Sovereign, the King of kings, and the Lord of lords,"
                },
                "16": {
                    "verse_nr": "16",
                    "verse": "the only One who has immortality, dwelling in unapproachable light; no one has seen or can see Him, to Him be honor and eternal might. Amen."
                },
                "17": {
                    "verse_nr": "17",
                    "verse": "Instructions to the Rich - Instruct those who are rich in the present age not to be arrogant or to set their hope on the uncertainty of wealth, but on God, who richly provides us with all things to enjoy."
                },
                "18": {
                    "verse_nr": "18",
                    "verse": "Instruct them to do what is good, to be rich in good works, to be generous, willing to share,"
                },
                "19": {
                    "verse_nr": "19",
                    "verse": "storing up for themselves a good reserve for the age to come, so that they may take hold of life that is real."
                },
                "20": {
                    "verse_nr": "20",
                    "verse": "Guard the Heritage - Timothy, guard what has been entrusted to you, avoiding irreverent, empty speech and contradictions from the \u201cknowledge\u201d that falsely bears that name."
                },
                "21": {
                    "verse_nr": "21",
                    "verse": "By professing it, some people have deviated from the faith. Grace be with all of you."
                }
            }
        }
    }
}