{
    "version": "HCSB",
    "book_name": "Obadiah",
    "book_nr": "31",
    "book": {
        "1": {
            "chapter_nr": "1",
            "chapter": {
                "1": {
                    "verse_nr": "1",
                    "verse": "The vision of Obadiah. Edom\u2019s Certain Judgment - This is what the Lord GOD has said about Edom: We have heard a message from the LORD; a messenger has been sent among the nations: \u201cRise up, and let us go to war against her.\u201d"
                },
                "2": {
                    "verse_nr": "2",
                    "verse": "Look, I will make you insignificant among the nations; you will be deeply despised."
                },
                "3": {
                    "verse_nr": "3",
                    "verse": "Your presumptuous heart has deceived you, you who live in clefts of the rock in your home on the heights, who say to yourself, \u201cWho can bring me down to the ground?\u201d"
                },
                "4": {
                    "verse_nr": "4",
                    "verse": "Though you seem to soar like an eagle and make your nest among the stars, even from there I will bring you down. This is the LORD\u2019s declaration."
                },
                "5": {
                    "verse_nr": "5",
                    "verse": "If thieves came to you, if marauders by night\u2014 how ravaged you would be!\u2014 wouldn\u2019t they steal only what they wanted? If grape pickers came to you, wouldn\u2019t they leave some grapes?"
                },
                "6": {
                    "verse_nr": "6",
                    "verse": "How Esau will be pillaged, his hidden treasures searched out!"
                },
                "7": {
                    "verse_nr": "7",
                    "verse": "Everyone who has a treaty with you will drive you to the border; everyone at peace with you will deceive and conquer you. Those who eat your bread will set a trap for you. He will be unaware of it."
                },
                "8": {
                    "verse_nr": "8",
                    "verse": "In that day\u2014 this is the LORD\u2019s declaration\u2014 will I not eliminate the wise ones of Edom and those who understand from the hill country of Esau?"
                },
                "9": {
                    "verse_nr": "9",
                    "verse": "Teman, your warriors will be terrified so that everyone from the hill country of Esau will be destroyed by slaughter."
                },
                "10": {
                    "verse_nr": "10",
                    "verse": "Edom\u2019s Sins against Judah - You will be covered with shame and destroyed forever because of violence done to your brother Jacob."
                },
                "11": {
                    "verse_nr": "11",
                    "verse": "On the day you stood aloof, on the day strangers captured his wealth, while foreigners entered his gate and cast lots for Jerusalem, you were just like one of them."
                },
                "12": {
                    "verse_nr": "12",
                    "verse": "Do not gloat over your brother in the day of his calamity; do not rejoice over the people of Judah in the day of their destruction; do not boastfully mock in the day of distress."
                },
                "13": {
                    "verse_nr": "13",
                    "verse": "Do not enter the gate of My people in the day of their disaster. Yes, you\u2014do not gloat over their misery in the day of their disaster and do not appropriate their possessions in the day of their disaster."
                },
                "14": {
                    "verse_nr": "14",
                    "verse": "Do not stand at the crossroads to cut off their fugitives, and do not hand over their survivors in the day of distress."
                },
                "15": {
                    "verse_nr": "15",
                    "verse": "Judgment of the Nations - For the Day of the LORD is near, against all the nations. As you have done, so it will be done to you; what you deserve will return on your own head."
                },
                "16": {
                    "verse_nr": "16",
                    "verse": "As you have drunk on My holy mountain, so all the nations will drink continually. They will drink and gulp down and be as though they had never been."
                },
                "17": {
                    "verse_nr": "17",
                    "verse": "But there will be a deliverance on Mount Zion, and it will be holy; the house of Jacob will dispossess those who dispossessed them."
                },
                "18": {
                    "verse_nr": "18",
                    "verse": "Then the house of Jacob will be a blazing fire, and the house of Joseph, a burning flame, but the house of Esau will be stubble; Jacob will set them on fire and consume Edom. Therefore no survivor will remain of the house of Esau, for the LORD has spoken."
                },
                "19": {
                    "verse_nr": "19",
                    "verse": "Future Blessing for Israel - People from the Negev will possess the hill country of Esau; those from the Judean foothills will possess the land of the Philistines. They will possess the territories of Ephraim and Samaria, while Benjamin will possess Gilead."
                },
                "20": {
                    "verse_nr": "20",
                    "verse": "The exiles of the Israelites who are in Halah and who are among the Canaanites as far as Zarephath as well as the exiles of Jerusalem who are in Sepharad will possess the cities of the Negev."
                },
                "21": {
                    "verse_nr": "21",
                    "verse": "Saviors will ascend Mount Zion to rule over the hill country of Esau, but the kingdom will be the LORD\u2019s."
                }
            }
        }
    }
}