{
    "version": "sse1569",
    "book_name": "Colossians",
    "book_nr": "51",
    "book": {
        "1": {
            "chapter_nr": 1,
            "chapter": {
                "1": {
                    "verse_nr": 1,
                    "verse": "\u00b6 Pablo, ap\u00f3stol de Jes\u00fas, <I>el</I>  Cristo, por la voluntad de Dios, y el hermano Timoteo, \n"
                },
                "2": {
                    "verse_nr": 2,
                    "verse": "A los santos y hermanos fieles en Cristo que est\u00e1n en Colosas: Gracia y paz a vosotros de Dios Padre nuestro, y del Se\u00f1or Jes\u00fas, <I>el</I>  Cristo. \n"
                },
                "3": {
                    "verse_nr": 3,
                    "verse": "\u00b6 Damos gracias al Dios y Padre del Se\u00f1or nuestro Jes\u00fas, <I>el</I>  Cristo, siempre orando por vosotros; \n"
                },
                "4": {
                    "verse_nr": 4,
                    "verse": "habiendo o\u00eddo vuestra fe en el Cristo Jes\u00fas, y la caridad <I>que ten\u00e9is</I>  para con todos los santos, \n"
                },
                "5": {
                    "verse_nr": 5,
                    "verse": "a causa de la esperanza que os est\u00e1 guardada en los cielos; la cual hab\u00e9is o\u00eddo ya por la palabra de la verdad del Evangelio; \n"
                },
                "6": {
                    "verse_nr": 6,
                    "verse": "el cual ha llegado hasta vosotros, como <I>est\u00e1</I>  por todo el mundo; y fructifica, como tambi\u00e9n en vosotros, desde el d\u00eda que o\u00edsteis y conocisteis la gracia de Dios en verdad, \n"
                },
                "7": {
                    "verse_nr": 7,
                    "verse": "como <I>lo</I>  hab\u00e9is aprendido de Epafras, nuestro consiervo amado, el cual es para vosotros un fiel ministro de Cristo Jes\u00fas; \n"
                },
                "8": {
                    "verse_nr": 8,
                    "verse": "quien tambi\u00e9n nos ha declarado vuestra caridad en Esp\u00edritu. \n"
                },
                "9": {
                    "verse_nr": 9,
                    "verse": "\u00b6 Por lo cual tambi\u00e9n nosotros, desde el d\u00eda que <I>lo</I>  o\u00edmos, no cesamos de orar por vosotros, y <I>de</I>  pedir <I>a Dios</I>  que se\u00e1is llenos del conocimiento de su voluntad, en toda sabidur\u00eda y entendimiento espiritual; \n"
                },
                "10": {
                    "verse_nr": 10,
                    "verse": "para que and\u00e9is como es digno del Se\u00f1or, agrad\u00e1ndole en todo, fructificando en toda buena obra, y creciendo en <I>el</I>  conocimiento de Dios. \n"
                },
                "11": {
                    "verse_nr": 11,
                    "verse": "Corroborados de toda fortaleza, conforme a la potencia de su gloria, para toda paciencia y tolerancia con gozo; \n"
                },
                "12": {
                    "verse_nr": 12,
                    "verse": "\u00b6 dando gracias al Padre que nos hizo dignos para participar en la herencia de los santos en luz; \n"
                },
                "13": {
                    "verse_nr": 13,
                    "verse": "que nos libr\u00f3 de la potestad de las tinieblas, y nos traspas\u00f3 en el Reino de su amado Hijo, \n"
                },
                "14": {
                    "verse_nr": 14,
                    "verse": "en el cual tenemos redenci\u00f3n por su sangre, la remisi\u00f3n de pecados. \n"
                },
                "15": {
                    "verse_nr": 15,
                    "verse": "El cual es la imagen del Dios invisible, <I>el</I>  Primog\u00e9nito de toda criatura. \n"
                },
                "16": {
                    "verse_nr": 16,
                    "verse": "Porque por \u00e9l fueron creadas todas las cosas que <I>est\u00e1n</I>  en los cielos, y que <I>est\u00e1n</I>  en la tierra, visibles e invisibles; sean tronos, sean dominios, sean principados, sean potestades; todo fue creado por \u00e9l y  en \u00e9l. \n"
                },
                "17": {
                    "verse_nr": 17,
                    "verse": "Y \u00e9l es antes de todas las cosas, y todas las cosas consisten por \u00e9l; \n"
                },
                "18": {
                    "verse_nr": 18,
                    "verse": "y \u00e9l es la cabeza, del cuerpo de la Iglesia, principio y primog\u00e9nito de <I>entre</I>  los muertos, para que en todo tenga el primado. \n"
                },
                "19": {
                    "verse_nr": 19,
                    "verse": "Por cuanto agrad\u00f3 <I>al Padre</I>  que en \u00e9l habitase toda plenitud, \n"
                },
                "20": {
                    "verse_nr": 20,
                    "verse": "y por \u00e9l reconciliar todas las cosas a s\u00ed, pacificando por la sangre de su madero, as\u00ed lo que <I>est\u00e1</I>  en la tierra como lo que <I>est\u00e1</I>  en los cielos. \n"
                },
                "21": {
                    "verse_nr": 21,
                    "verse": "A vosotros tambi\u00e9n, que erais en otro tiempo extra\u00f1os y enemigos de \u00e1nimo en malas obras, ahora empero <I>os</I>  ha reconciliado \n"
                },
                "22": {
                    "verse_nr": 22,
                    "verse": "en el cuerpo de su carne por medio de <I>la</I>  muerte, para haceros santos, y sin mancha, e irreprensibles delante de \u00e9l; \n"
                },
                "23": {
                    "verse_nr": 23,
                    "verse": "si empero permanec\u00e9is fundados y firmes en la fe, y sin moveros de la esperanza del Evangelio que hab\u00e9is o\u00eddo; el cual es predicado a toda criatura que est\u00e1 debajo del cielo; del cual yo Pablo soy hecho ministro. \n"
                },
                "24": {
                    "verse_nr": 24,
                    "verse": "Que ahora me gozo en lo que padezco por vosotros, y cumplo en mi carne lo que falta de las tribulaciones del Cristo por su cuerpo, que es la Iglesia; \n"
                },
                "25": {
                    "verse_nr": 25,
                    "verse": "de la cual soy hecho ministro, por la dispensaci\u00f3n de Dios la cual me es dada en vosotros, para que cumpla la palabra de Dios; \n"
                },
                "26": {
                    "verse_nr": 26,
                    "verse": "<I>a saber</I> , el misterio escondido desde los siglos y generaciones y que ahora ha sido manifestado a sus santos, \n"
                },
                "27": {
                    "verse_nr": 27,
                    "verse": "a los cuales quiso Dios hacer notorias las riquezas de la gloria de este misterio en los gentiles; que es Cristo en vosotros, <I>la</I>  esperanza de gloria, \n"
                },
                "28": {
                    "verse_nr": 28,
                    "verse": "el cual nosotros anunciamos, amonestando a todo hombre, y ense\u00f1ando en toda sabidur\u00eda, para hacer a todo hombre perfecto en el Cristo Jes\u00fas; \n"
                },
                "29": {
                    "verse_nr": 29,
                    "verse": "en lo cual aun trabajo, combatiendo por la operaci\u00f3n de \u00e9l, la cual \u00e9l obra en m\u00ed poderosamente. \n"
                }
            }
        },
        "2": {
            "chapter_nr": 2,
            "chapter": {
                "1": {
                    "verse_nr": 1,
                    "verse": "\u00b6 Porque quiero que sep\u00e1is cu\u00e1n grande solicitud tengo por vosotros, y por los que est\u00e1n en Laodicea, y <I>por</I>  todos los que nunca vieron mi rostro en carne; \n"
                },
                "2": {
                    "verse_nr": 2,
                    "verse": "para que tomen consolaci\u00f3n sus corazones, unidos en caridad, y en todas <I>las</I>  riquezas de cumplido entendimiento para conocer el misterio del Dios y Padre, y del Cristo; \n"
                },
                "3": {
                    "verse_nr": 3,
                    "verse": "en el cual est\u00e1n escondidos todos los tesoros de <I>la</I>  sabidur\u00eda y <I>del</I>  conocimiento. \n"
                },
                "4": {
                    "verse_nr": 4,
                    "verse": "\u00b6 Y esto digo, para que nadie os enga\u00f1e con palabras persuasivas. \n"
                },
                "5": {
                    "verse_nr": 5,
                    "verse": "Porque aunque estoy ausente en cuerpo, <I>no obstante</I>  en esp\u00edritu estoy con vosotros, goz\u00e1ndome y mirando vuestro orden y la firmeza de vuestra fe en el Cristo. \n"
                },
                "6": {
                    "verse_nr": 6,
                    "verse": "Por tanto, de la manera que hab\u00e9is recibido al Se\u00f1or Jes\u00fas, el Cristo, andad en \u00e9l; \n"
                },
                "7": {
                    "verse_nr": 7,
                    "verse": "arraigados y sobreedificados en \u00e9l, y confirmados en la fe, as\u00ed como <I>lo</I>  hab\u00e9is aprendido, creciendo en ella con acciones de gracias. \n"
                },
                "8": {
                    "verse_nr": 8,
                    "verse": "Mirad que ninguno os enga\u00f1e por filosof\u00edas y vanas sutilezas, seg\u00fan las tradiciones <I>de</I>  los hombres, conforme a los elementos del mundo, y no seg\u00fan el Cristo, \n"
                },
                "9": {
                    "verse_nr": 9,
                    "verse": "porque en \u00e9l habita toda plenitud de <I>la</I>  Divinidad corporalmente, \n"
                },
                "10": {
                    "verse_nr": 10,
                    "verse": "y en \u00e9l est\u00e1is cumplidos, el cual es la cabeza de todo principado y potestad. \n"
                },
                "11": {
                    "verse_nr": 11,
                    "verse": "En el cual tambi\u00e9n sois circuncidados de circuncisi\u00f3n no hecha con manos, con el despojamiento del cuerpo de la carne, en la circuncisi\u00f3n del Cristo; \n"
                },
                "12": {
                    "verse_nr": 12,
                    "verse": "sepultados juntamente con \u00e9l en <I>el</I>  bautismo, en el cual tambi\u00e9n resucitasteis con \u00e9l, por la fe de la operaci\u00f3n de Dios que le levant\u00f3 de los muertos. \n"
                },
                "13": {
                    "verse_nr": 13,
                    "verse": "\u00b6 Y a vosotros, estando muertos en pecados y en la incircuncisi\u00f3n de vuestra carne, os vivific\u00f3 juntamente con \u00e9l, perdon\u00e1ndoos todos los pecados, \n"
                },
                "14": {
                    "verse_nr": 14,
                    "verse": "Rayendo la c\u00e9dula de los decretos que nos era contraria, que era contra nosotros, quit\u00e1ndola de en medio y clav\u00e1ndola en el madero; \n"
                },
                "15": {
                    "verse_nr": 15,
                    "verse": "y despojando los principados y las potestades, sac\u00e1ndolos a la verg\u00fcenza en p\u00fablico, confiadamente triunfando de ellos en \u00e9l. \n"
                },
                "16": {
                    "verse_nr": 16,
                    "verse": "\u00b6 Por tanto, nadie os juzgue en comida, o en bebida, o en parte de d\u00eda de fiesta, o de nueva luna, o de s\u00e1bados; \n"
                },
                "17": {
                    "verse_nr": 17,
                    "verse": "lo cual es la sombra de lo <I>que estaba</I>  por venir; mas el cuerpo es del Cristo. \n"
                },
                "18": {
                    "verse_nr": 18,
                    "verse": "<I>Que</I>  nadie os gobierne a su voluntad con <I>pretexto de</I>  humildad y religi\u00f3n de \u00e1ngeles, meti\u00e9ndose en lo que no ha visto, andando hinchado en el vano sentido de su carne, \n"
                },
                "19": {
                    "verse_nr": 19,
                    "verse": "y no manteniendo el v\u00ednculo <I>a</I>  la cabeza, de la cual todo el cuerpo, alimentado y unido por <I>sus</I>  ligaduras y coyunturas, creciendo en aumento de Dios. \n"
                },
                "20": {
                    "verse_nr": 20,
                    "verse": "Pues si sois muertos con el Cristo a <I>los</I>  elementos del mundo, \u00bfpor qu\u00e9 como si vivieseis al mundo, decret\u00e1is ritos: \n"
                },
                "21": {
                    "verse_nr": 21,
                    "verse": "No toques, No gustes, No trates? \n"
                },
                "22": {
                    "verse_nr": 22,
                    "verse": "Los cuales perecen en el mismo uso por <I>ser</I>  mandamientos y doctrinas de hombres. \n"
                },
                "23": {
                    "verse_nr": 23,
                    "verse": "Las cuales cosas tienen a la verdad cierta reputaci\u00f3n de sabidur\u00eda en culto a la voluntad y humildad, y en duro trato del cuerpo; pero no tienen valor alguno contra los apetitos de la carne. \n"
                }
            }
        },
        "3": {
            "chapter_nr": 3,
            "chapter": {
                "1": {
                    "verse_nr": 1,
                    "verse": "\u00b6 Si hab\u00e9is pues resucitado con Cristo, buscad las cosas de arriba, donde est\u00e1 el Cristo sentado a la diestra de Dios. \n"
                },
                "2": {
                    "verse_nr": 2,
                    "verse": "Poned la mira en las cosas de arriba, no en las de la tierra. \n"
                },
                "3": {
                    "verse_nr": 3,
                    "verse": "Porque muertos sois, y vuestra vida est\u00e1 escondida con el Cristo en Dios. \n"
                },
                "4": {
                    "verse_nr": 4,
                    "verse": "Cuando se manifestare el Cristo, nuestra vida, entonces vosotros tambi\u00e9n ser\u00e9is manifestados con \u00e9l en gloria. \n"
                },
                "5": {
                    "verse_nr": 5,
                    "verse": "\u00b6 Mortificad, pues, vuestros miembros que est\u00e1n sobre la tierra: fornicaci\u00f3n, inmundicia, deleite <I>carnal</I> , mala concupiscencia, y avaricia, la cual es servicio de \u00eddolos; \n"
                },
                "6": {
                    "verse_nr": 6,
                    "verse": "por estas cosas la ira de Dios viene sobre los hijos de rebeli\u00f3n. \n"
                },
                "7": {
                    "verse_nr": 7,
                    "verse": "En las cuales vosotros tambi\u00e9n anduvisteis en otro tiempo viviendo en ellas. \n"
                },
                "8": {
                    "verse_nr": 8,
                    "verse": "\u00b6 Mas ahora, dejad tambi\u00e9n vosotros todas estas cosas: ira, enojo, malicia, maledicencia, palabras deshonestas de vuestra boca. \n"
                },
                "9": {
                    "verse_nr": 9,
                    "verse": "No mint\u00e1is los unos a los otros, despoj\u00e1ndoos del viejo hombre con sus hechos, \n"
                },
                "10": {
                    "verse_nr": 10,
                    "verse": "y revest\u00edos del nuevo, el cual por <I>el</I>  conocimiento es renovado conforme a la imagen del que lo cre\u00f3; \n"
                },
                "11": {
                    "verse_nr": 11,
                    "verse": "donde no hay griego ni jud\u00edo, circuncisi\u00f3n ni incircuncisi\u00f3n, b\u00e1rbaro ni escita, siervo ni libre; mas Cristo <I>es el</I>  todo, y en todos. \n"
                },
                "12": {
                    "verse_nr": 12,
                    "verse": "\u00b6 Vest\u00edos pues, (como escogidos de Dios, santos y amados) de entra\u00f1as de misericordia, de benignidad, de humildad, de mansedumbre, de tolerancia; \n"
                },
                "13": {
                    "verse_nr": 13,
                    "verse": "soport\u00e1ndoos los unos a los otros, y perdon\u00e1ndoos los unos a los otros, si alguno tuviere queja del otro, de la manera que el Cristo os perdon\u00f3, as\u00ed tambi\u00e9n <I>hacedlo</I>  vosotros. \n"
                },
                "14": {
                    "verse_nr": 14,
                    "verse": "Y sobre todas estas cosas <I>vest\u00edos de</I>  caridad, la cual es el v\u00ednculo de la perfecci\u00f3n. \n"
                },
                "15": {
                    "verse_nr": 15,
                    "verse": "Y la paz de Dios gobierne en vuestros corazones, en la cual asimismo sois llamados en un cuerpo; y sed agradecidos. \n"
                },
                "16": {
                    "verse_nr": 16,
                    "verse": "La palabra del Cristo habite en vosotros en abundancia en toda sabidur\u00eda, ense\u00f1\u00e1ndoos y exhort\u00e1ndoos los unos a los otros con salmos e himnos y canciones espirituales, con gracia cantando en vuestros corazones al Se\u00f1or. \n"
                },
                "17": {
                    "verse_nr": 17,
                    "verse": "Y todo lo que hag\u00e1is, sea de palabra, o de hecho, hacedlo todo en el nombre del Se\u00f1or Jes\u00fas, dando gracias al Dios y Padre por \u00e9l. \n"
                },
                "18": {
                    "verse_nr": 18,
                    "verse": "\u00b6 Casadas, estad sujetas a vuestros propios maridos, como conviene en el Se\u00f1or. \n"
                },
                "19": {
                    "verse_nr": 19,
                    "verse": "Maridos, amad <I>a vuestras</I>  mujeres, y no se\u00e1is desapacibles con ellas. \n"
                },
                "20": {
                    "verse_nr": 20,
                    "verse": "Hijos, obedeced a <I>vuestros</I>  padres en todo; porque esto agrada al Se\u00f1or. \n"
                },
                "21": {
                    "verse_nr": 21,
                    "verse": "Padres, no irrit\u00e9is a vuestros hijos, para que no se vuelvan de poco \u00e1nimo. \n"
                },
                "22": {
                    "verse_nr": 22,
                    "verse": "Siervos, obedeced en todo a <I>vuestros</I>  amos carnales, no sirviendo al ojo, como los que agradan <I>solamente</I>  a los hombres, sino con sencillez de coraz\u00f3n, temiendo a Dios; \n"
                },
                "23": {
                    "verse_nr": 23,
                    "verse": "y todo lo que hag\u00e1is, hacedlo de <I>buen</I>  \u00e1nimo, como al Se\u00f1or, y no a los hombres; \n"
                },
                "24": {
                    "verse_nr": 24,
                    "verse": "estando ciertos que del Se\u00f1or recibir\u00e9is el salario de herencia, porque al Se\u00f1or Cristo serv\u00eds. \n"
                },
                "25": {
                    "verse_nr": 25,
                    "verse": "Mas el que hace injuria, recibir\u00e1 la injuria que hiciere; <I>ya</I>  que no hay acepci\u00f3n de personas. \n"
                }
            }
        },
        "4": {
            "chapter_nr": 4,
            "chapter": {
                "1": {
                    "verse_nr": 1,
                    "verse": "\u00b6 Amos, haced lo que es justo y derecho con <I>vuestros</I>  siervos, sabiendo que tambi\u00e9n vosotros ten\u00e9is amo en los cielos. \n"
                },
                "2": {
                    "verse_nr": 2,
                    "verse": "\u00b6 Perseverad en <I>la</I>  oraci\u00f3n, velando en ella con acci\u00f3n de gracias; \n"
                },
                "3": {
                    "verse_nr": 3,
                    "verse": "orando tambi\u00e9n juntamente por nosotros, que el Se\u00f1or nos abra la puerta de la palabra, para que hablemos el misterio del Cristo, (por el cual aun estoy preso), \n"
                },
                "4": {
                    "verse_nr": 4,
                    "verse": "para que lo manifieste como me conviene hablar. \n"
                },
                "5": {
                    "verse_nr": 5,
                    "verse": "\u00b6 Andad en sabidur\u00eda para con los extra\u00f1os, ganando la ocasi\u00f3n. \n"
                },
                "6": {
                    "verse_nr": 6,
                    "verse": "<I>Sea</I>  vuestra palabra siempre con gracia, sazonada con sal; <I>para</I>  que sep\u00e1is c\u00f3mo os conviene responder a cada uno. \n"
                },
                "7": {
                    "verse_nr": 7,
                    "verse": "\u00b6 Todos mis negocios os <I>lo</I>  har\u00e1 saber T\u00edquico, hermano amado y fiel ministro y consiervo en el Se\u00f1or, \n"
                },
                "8": {
                    "verse_nr": 8,
                    "verse": "el cual os he enviado a esto mismo, para que entienda vuestros negocios, y consuele vuestros corazones; \n"
                },
                "9": {
                    "verse_nr": 9,
                    "verse": "con On\u00e9simo, amado y fiel hermano, el cual es de vosotros. Todo lo que ac\u00e1 pasa, os <I>lo</I>  har\u00e1n saber. \n"
                },
                "10": {
                    "verse_nr": 10,
                    "verse": "Aristarco, mi compa\u00f1ero en la prisi\u00f3n, os saluda, y Marcos, el sobrino de Bernab\u00e9 (acerca del cual hab\u00e9is recibido mandamientos; si fuere a vosotros, recibidle), \n"
                },
                "11": {
                    "verse_nr": 11,
                    "verse": "y Jes\u00fas, el que se llama el Justo; los cuales son de la circuncisi\u00f3n, \u00e9stos solos son los que me ayudan en el Reino de Dios, y me han sido consuelo. \n"
                },
                "12": {
                    "verse_nr": 12,
                    "verse": "Os saluda Epafras, el cual es de vosotros, siervo de Cristo, siempre sol\u00edcito por vosotros en <I>sus</I>  oraciones, <I>para</I>  que est\u00e9is <I>firmes</I> , perfectos y cumplidos en todo lo que Dios quiere. \n"
                },
                "13": {
                    "verse_nr": 13,
                    "verse": "Porque le doy testimonio, que tiene gran celo por vosotros, y por los que est\u00e1n en Laodicea, y los que <I>est\u00e1n</I>  en Hier\u00e1polis. \n"
                },
                "14": {
                    "verse_nr": 14,
                    "verse": "Os saluda Lucas, el m\u00e9dico amado, y Demas. \n"
                },
                "15": {
                    "verse_nr": 15,
                    "verse": "Saludad a los hermanos que est\u00e1n en Laodicea, y a Ninfas, y a la Iglesia que est\u00e1 en su casa. \n"
                },
                "16": {
                    "verse_nr": 16,
                    "verse": "Y cuando <I>esta</I>  carta fuere le\u00edda entre vosotros, haced que tambi\u00e9n sea le\u00edda en la Iglesia de <I>los</I>  laodicenses; y la de Laodicea que la le\u00e1is tambi\u00e9n vosotros. \n"
                },
                "17": {
                    "verse_nr": 17,
                    "verse": "Y decid a Arquipo: Mira que cumplas el ministerio que has recibido en el Se\u00f1or. \n"
                },
                "18": {
                    "verse_nr": 18,
                    "verse": "La salutaci\u00f3n de mi mano, de Pablo. Acordaos de mis prisiones. La gracia <I>sea</I>  con vosotros. Am\u00e9n. \n"
                }
            }
        }
    }
}