{
    "version": "NRSVA",
    "book_name": "1 Thessalonians",
    "book_nr": "52",
    "book": {
        "1": {
            "chapter_nr": "1",
            "chapter": {
                "1": {
                    "verse_nr": "1",
                    "verse": "Salutation - Paul, Silvanus, and Timothy, To the church of the Thessalonians in God the Father and the Lord Jesus Christ: Grace to you and peace."
                },
                "2": {
                    "verse_nr": "2",
                    "verse": "The Thessalonians\u2019 Faith and Example - We always give thanks to God for all of you and mention you in our prayers, constantly"
                },
                "3": {
                    "verse_nr": "3",
                    "verse": "remembering before our God and Father your work of faith and labour of love and steadfastness of hope in our Lord Jesus Christ."
                },
                "4": {
                    "verse_nr": "4",
                    "verse": "For we know, brothers and sisters beloved by God, that he has chosen you,"
                },
                "5": {
                    "verse_nr": "5",
                    "verse": "because our message of the gospel came to you not in word only, but also in power and in the Holy Spirit and with full conviction; just as you know what kind of people we proved to be among you for your sake."
                },
                "6": {
                    "verse_nr": "6",
                    "verse": "And you became imitators of us and of the Lord, for in spite of persecution you received the word with joy inspired by the Holy Spirit,"
                },
                "7": {
                    "verse_nr": "7",
                    "verse": "so that you became an example to all the believers in Macedonia and in Achaia."
                },
                "8": {
                    "verse_nr": "8",
                    "verse": "For the word of the Lord has sounded forth from you not only in Macedonia and Achaia, but in every place where your faith in God has become known, so that we have no need to speak about it."
                },
                "9": {
                    "verse_nr": "9",
                    "verse": "For the people of those regions report about us what kind of welcome we had among you, and how you turned to God from idols, to serve a living and true God,"
                },
                "10": {
                    "verse_nr": "10",
                    "verse": "and to wait for his Son from heaven, whom he raised from the dead\u2014Jesus, who rescues us from the wrath that is coming."
                }
            }
        },
        "2": {
            "chapter_nr": "2",
            "chapter": {
                "1": {
                    "verse_nr": "1",
                    "verse": "Paul\u2019s Ministry in Thessalonica - You yourselves know, brothers and sisters, that our coming to you was not in vain,"
                },
                "2": {
                    "verse_nr": "2",
                    "verse": "but though we had already suffered and been shamefully maltreated at Philippi, as you know, we had courage in our God to declare to you the gospel of God in spite of great opposition."
                },
                "3": {
                    "verse_nr": "3",
                    "verse": "For our appeal does not spring from deceit or impure motives or trickery,"
                },
                "4": {
                    "verse_nr": "4",
                    "verse": "but just as we have been approved by God to be entrusted with the message of the gospel, even so we speak, not to please mortals, but to please God who tests our hearts."
                },
                "5": {
                    "verse_nr": "5",
                    "verse": "As you know and as God is our witness, we never came with words of flattery or with a pretext for greed;"
                },
                "6": {
                    "verse_nr": "6",
                    "verse": "nor did we seek praise from mortals, whether from you or from others,"
                },
                "7": {
                    "verse_nr": "7",
                    "verse": "though we might have made demands as apostles of Christ. But we were gentle among you, like a nurse tenderly caring for her own children."
                },
                "8": {
                    "verse_nr": "8",
                    "verse": "So deeply do we care for you that we are determined to share with you not only the gospel of God but also our own selves, because you have become very dear to us."
                },
                "9": {
                    "verse_nr": "9",
                    "verse": "You remember our labour and toil, brothers and sisters; we worked night and day, so that we might not burden any of you while we proclaimed to you the gospel of God."
                },
                "10": {
                    "verse_nr": "10",
                    "verse": "You are witnesses, and God also, how pure, upright, and blameless our conduct was towards you believers."
                },
                "11": {
                    "verse_nr": "11",
                    "verse": "As you know, we dealt with each one of you like a father with his children,"
                },
                "12": {
                    "verse_nr": "12",
                    "verse": "urging and encouraging you and pleading that you should lead a life worthy of God, who calls you into his own kingdom and glory."
                },
                "13": {
                    "verse_nr": "13",
                    "verse": "We also constantly give thanks to God for this, that when you received the word of God that you heard from us, you accepted it not as a human word but as what it really is, God\u2019s word, which is also at work in you believers."
                },
                "14": {
                    "verse_nr": "14",
                    "verse": "For you, brothers and sisters, became imitators of the churches of God in Christ Jesus that are in Judea, for you suffered the same things from your own compatriots as they did from the Jews,"
                },
                "15": {
                    "verse_nr": "15",
                    "verse": "who killed both the Lord Jesus and the prophets, and drove us out; they displease God and oppose everyone"
                },
                "16": {
                    "verse_nr": "16",
                    "verse": "by hindering us from speaking to the Gentiles so that they may be saved. Thus they have constantly been filling up the measure of their sins; but God\u2019s wrath has overtaken them at last."
                },
                "17": {
                    "verse_nr": "17",
                    "verse": "Paul\u2019s Desire to Visit the Thessalonians Again - As for us, brothers and sisters, when, for a short time, we were made orphans by being separated from you\u2014in person, not in heart\u2014we longed with great eagerness to see you face to face."
                },
                "18": {
                    "verse_nr": "18",
                    "verse": "For we wanted to come to you\u2014certainly I, Paul, wanted to again and again\u2014but Satan blocked our way."
                },
                "19": {
                    "verse_nr": "19",
                    "verse": "For what is our hope or joy or crown of boasting before our Lord Jesus at his coming? Is it not you?"
                },
                "20": {
                    "verse_nr": "20",
                    "verse": "Yes, you are our glory and joy!"
                }
            }
        },
        "3": {
            "chapter_nr": "3",
            "chapter": {
                "1": {
                    "verse_nr": "1",
                    "verse": "Therefore when we could bear it no longer, we decided to be left alone in Athens;"
                },
                "2": {
                    "verse_nr": "2",
                    "verse": "and we sent Timothy, our brother and co-worker for God in proclaiming the gospel of Christ, to strengthen and encourage you for the sake of your faith,"
                },
                "3": {
                    "verse_nr": "3",
                    "verse": "so that no one would be shaken by these persecutions. Indeed, you yourselves know that this is what we are destined for."
                },
                "4": {
                    "verse_nr": "4",
                    "verse": "In fact, when we were with you, we told you beforehand that we were to suffer persecution; so it turned out, as you know."
                },
                "5": {
                    "verse_nr": "5",
                    "verse": "For this reason, when I could bear it no longer, I sent to find out about your faith; I was afraid that somehow the tempter had tempted you and that our labour had been in vain."
                },
                "6": {
                    "verse_nr": "6",
                    "verse": "Timothy\u2019s Encouraging Report - But Timothy has just now come to us from you, and has brought us the good news of your faith and love. He has told us also that you always remember us kindly and long to see us\u2014just as we long to see you."
                },
                "7": {
                    "verse_nr": "7",
                    "verse": "For this reason, brothers and sisters, during all our distress and persecution we have been encouraged about you through your faith."
                },
                "8": {
                    "verse_nr": "8",
                    "verse": "For we now live, if you continue to stand firm in the Lord."
                },
                "9": {
                    "verse_nr": "9",
                    "verse": "How can we thank God enough for you in return for all the joy that we feel before our God because of you?"
                },
                "10": {
                    "verse_nr": "10",
                    "verse": "Night and day we pray most earnestly that we may see you face to face and restore whatever is lacking in your faith."
                },
                "11": {
                    "verse_nr": "11",
                    "verse": "Now may our God and Father himself and our Lord Jesus direct our way to you."
                },
                "12": {
                    "verse_nr": "12",
                    "verse": "And may the Lord make you increase and abound in love for one another and for all, just as we abound in love for you."
                },
                "13": {
                    "verse_nr": "13",
                    "verse": "And may he so strengthen your hearts in holiness that you may be blameless before our God and Father at the coming of our Lord Jesus with all his saints."
                }
            }
        },
        "4": {
            "chapter_nr": "4",
            "chapter": {
                "1": {
                    "verse_nr": "1",
                    "verse": "A Life Pleasing to God - Finally, brothers and sisters, we ask and urge you in the Lord Jesus that, as you learned from us how you ought to live and to please God (as, in fact, you are doing), you should do so more and more."
                },
                "2": {
                    "verse_nr": "2",
                    "verse": "For you know what instructions we gave you through the Lord Jesus."
                },
                "3": {
                    "verse_nr": "3",
                    "verse": "For this is the will of God, your sanctification: that you abstain from fornication;"
                },
                "4": {
                    "verse_nr": "4",
                    "verse": "that each one of you knows how to control your own body in holiness and honour,"
                },
                "5": {
                    "verse_nr": "5",
                    "verse": "not with lustful passion, like the Gentiles who do not know God;"
                },
                "6": {
                    "verse_nr": "6",
                    "verse": "that no one wrongs or exploits a brother or sister in this matter, because the Lord is an avenger in all these things, just as we have already told you beforehand and solemnly warned you."
                },
                "7": {
                    "verse_nr": "7",
                    "verse": "For God did not call us to impurity but in holiness."
                },
                "8": {
                    "verse_nr": "8",
                    "verse": "Therefore whoever rejects this rejects not human authority but God, who also gives his Holy Spirit to you."
                },
                "9": {
                    "verse_nr": "9",
                    "verse": "Now concerning love of the brothers and sisters, you do not need to have anyone write to you, for you yourselves have been taught by God to love one another;"
                },
                "10": {
                    "verse_nr": "10",
                    "verse": "and indeed you do love all the brothers and sisters throughout Macedonia. But we urge you, beloved, to do so more and more,"
                },
                "11": {
                    "verse_nr": "11",
                    "verse": "to aspire to live quietly, to mind your own affairs, and to work with your hands, as we directed you,"
                },
                "12": {
                    "verse_nr": "12",
                    "verse": "so that you may behave properly towards outsiders and be dependent on no one."
                },
                "13": {
                    "verse_nr": "13",
                    "verse": "The Coming of the Lord - But we do not want you to be uninformed, brothers and sisters, about those who have died, so that you may not grieve as others do who have no hope."
                },
                "14": {
                    "verse_nr": "14",
                    "verse": "For since we believe that Jesus died and rose again, even so, through Jesus, God will bring with him those who have died."
                },
                "15": {
                    "verse_nr": "15",
                    "verse": "For this we declare to you by the word of the Lord, that we who are alive, who are left until the coming of the Lord, will by no means precede those who have died."
                },
                "16": {
                    "verse_nr": "16",
                    "verse": "For the Lord himself, with a cry of command, with the archangel\u2019s call and with the sound of God\u2019s trumpet, will descend from heaven, and the dead in Christ will rise first."
                },
                "17": {
                    "verse_nr": "17",
                    "verse": "Then we who are alive, who are left, will be caught up in the clouds together with them to meet the Lord in the air; and so we will be with the Lord for ever."
                },
                "18": {
                    "verse_nr": "18",
                    "verse": "Therefore encourage one another with these words."
                }
            }
        },
        "5": {
            "chapter_nr": "5",
            "chapter": {
                "1": {
                    "verse_nr": "1",
                    "verse": "Now concerning the times and the seasons, brothers and sisters, you do not need to have anything written to you."
                },
                "2": {
                    "verse_nr": "2",
                    "verse": "For you yourselves know very well that the day of the Lord will come like a thief in the night."
                },
                "3": {
                    "verse_nr": "3",
                    "verse": "When they say, \u2018There is peace and security\u2019, then sudden destruction will come upon them, as labour pains come upon a pregnant woman, and there will be no escape!"
                },
                "4": {
                    "verse_nr": "4",
                    "verse": "But you, beloved, are not in darkness, for that day to surprise you like a thief;"
                },
                "5": {
                    "verse_nr": "5",
                    "verse": "for you are all children of light and children of the day; we are not of the night or of darkness."
                },
                "6": {
                    "verse_nr": "6",
                    "verse": "So then, let us not fall asleep as others do, but let us keep awake and be sober;"
                },
                "7": {
                    "verse_nr": "7",
                    "verse": "for those who sleep sleep at night, and those who are drunk get drunk at night."
                },
                "8": {
                    "verse_nr": "8",
                    "verse": "But since we belong to the day, let us be sober, and put on the breastplate of faith and love, and for a helmet the hope of salvation."
                },
                "9": {
                    "verse_nr": "9",
                    "verse": "For God has destined us not for wrath but for obtaining salvation through our Lord Jesus Christ,"
                },
                "10": {
                    "verse_nr": "10",
                    "verse": "who died for us, so that whether we are awake or asleep we may live with him."
                },
                "11": {
                    "verse_nr": "11",
                    "verse": "Therefore encourage one another and build up each other, as indeed you are doing."
                },
                "12": {
                    "verse_nr": "12",
                    "verse": "Final Exhortations, Greetings, and Benediction - But we appeal to you, brothers and sisters, to respect those who labour among you, and have charge of you in the Lord and admonish you;"
                },
                "13": {
                    "verse_nr": "13",
                    "verse": "esteem them very highly in love because of their work. Be at peace among yourselves."
                },
                "14": {
                    "verse_nr": "14",
                    "verse": "And we urge you, beloved, to admonish the idlers, encourage the faint-hearted, help the weak, be patient with all of them."
                },
                "15": {
                    "verse_nr": "15",
                    "verse": "See that none of you repays evil for evil, but always seek to do good to one another and to all."
                },
                "16": {
                    "verse_nr": "16",
                    "verse": "Rejoice always,"
                },
                "17": {
                    "verse_nr": "17",
                    "verse": "pray without ceasing,"
                },
                "18": {
                    "verse_nr": "18",
                    "verse": "give thanks in all circumstances; for this is the will of God in Christ Jesus for you."
                },
                "19": {
                    "verse_nr": "19",
                    "verse": "Do not quench the Spirit."
                },
                "20": {
                    "verse_nr": "20",
                    "verse": "Do not despise the words of prophets,"
                },
                "21": {
                    "verse_nr": "21",
                    "verse": "but test everything; hold fast to what is good;"
                },
                "22": {
                    "verse_nr": "22",
                    "verse": "abstain from every form of evil."
                },
                "23": {
                    "verse_nr": "23",
                    "verse": "May the God of peace himself sanctify you entirely; and may your spirit and soul and body be kept sound and blameless at the coming of our Lord Jesus Christ."
                },
                "24": {
                    "verse_nr": "24",
                    "verse": "The one who calls you is faithful, and he will do this."
                },
                "25": {
                    "verse_nr": "25",
                    "verse": "Beloved, pray for us."
                },
                "26": {
                    "verse_nr": "26",
                    "verse": "Greet all the brothers and sisters with a holy kiss."
                },
                "27": {
                    "verse_nr": "27",
                    "verse": "I solemnly command you by the Lord that this letter be read to all of them."
                },
                "28": {
                    "verse_nr": "28",
                    "verse": "The grace of our Lord Jesus Christ be with you."
                }
            }
        }
    }
}