{
    "version": "LND",
    "book_name": "Lamentations",
    "book_nr": "25",
    "book": {
        "1": {
            "chapter_nr": "1",
            "chapter": {
                "1": {
                    "verse_nr": "1",
                    "verse": "Come mai siede solitaria la citt\u00e0 che era gremita di popolo? La grande fra le nazioni \u00e8 divenuta come una vedova: la principessa fra le province \u00e8 stata sottoposta a tributo."
                },
                "2": {
                    "verse_nr": "2",
                    "verse": "Essa piange amaramente nella notte, le sue lacrime le rigano le guance; fra tutti i suoi amanti non ha alcuno che la consoli; tutti i suoi amici l&#39;hanno tradita, le sono diventati nemici."
                },
                "3": {
                    "verse_nr": "3",
                    "verse": "Giuda, \u00e8 andato in cattivit\u00e0, gravato da afflizione e dura schiavit\u00f9, egli abita in mezzo alle nazioni non trova riposo; tutti i suoi persecutori l&#39;hanno raggiunto tra le avversit\u00e0."
                },
                "4": {
                    "verse_nr": "4",
                    "verse": "Le strade di Sion sono in lutto, perch\u00e9 nessuno pi\u00fa viene alle feste solenni; tutte le sue porte sono deserte, i suoi sacerdoti sospirano, le sue vergini sono afflitte ed essa \u00e8 nell&#39;amarezza."
                },
                "5": {
                    "verse_nr": "5",
                    "verse": "I suoi avversari sono divenuti i dominatori, i suoi nemici prosperano, perch\u00e9 l&#39;Eterno l&#39;ha afflitta per la moltitudine delle sue trasgressioni; i suoi bambini sono andati in cattivit\u00e0 davanti al nemico."
                },
                "6": {
                    "verse_nr": "6",
                    "verse": "Dalla figlia di Sion \u00e8 scomparso tutto il suo splendore; i suoi capi sono diventati come cervi che non trovano pascolo; camminano senza forze davanti a chi li insegue."
                },
                "7": {
                    "verse_nr": "7",
                    "verse": "Nei giorni della sua afflizione e del suo vagare Gerusalemme, ricorda tutti i beni preziosi che possedeva fin dai giorni antichi. Quando il suo popolo cadeva in mano del nemico e nessuno le veniva in aiuto, i suoi avversari la vedevano e ridevano per la sua rovina."
                },
                "8": {
                    "verse_nr": "8",
                    "verse": "Gerusalemme ha grandemente peccato, perci\u00f2 \u00e8 divenuta una cosa immonda tutti quelli che l&#39;onoravano la disprezzano, perch\u00e9 hanno visto la sua nudit\u00e0; si essa sospira e si volge indietro."
                },
                "9": {
                    "verse_nr": "9",
                    "verse": "La sua lordura era nei lembi della sua veste, non pensava alla sua fine; perci\u00f2 \u00e8 caduta in modo sorprendente, senza che alcuno la consoli. \u00abGuarda, o Eterno, la mia afflizione, perch\u00e9 il nemico si innalza\u00bb."
                },
                "10": {
                    "verse_nr": "10",
                    "verse": "L&#39;avversario ha steso la sua mano su tutti i tuoi tesori, perch\u00e9 ha visto le nazioni entrare nel suo santuario; quelle a cui tu avevi comandato di non entrare nella tua assemblea."
                },
                "11": {
                    "verse_nr": "11",
                    "verse": "Tutto il suo popolo sospira in cerca di pane; danno le loro cose pi\u00fa preziose in cambio di cibo per riprendere vita. \u00abGuarda, o Eterno, e considera come sono diventata spregevole!\u00bb."
                },
                "12": {
                    "verse_nr": "12",
                    "verse": "\u00abNulla di simile vi avvenga, o voi che passate vicino. Mirate e guardate, se c&#39;\u00e8 dolore simile al mio dolore, quello che mi tormenta \u00e8 che l&#39;Eterno mi ha inflitto nel giorno della sua ira ardente."
                },
                "13": {
                    "verse_nr": "13",
                    "verse": "Dall&#39;alto ha mandato un fuoco nelle mie ossa, si \u00e8 impadronito di esse, ha teso una rete ai miei piedi, mi ha fatto tornare indietro, mi ha reso desolata, nel languore tutti i giorni."
                },
                "14": {
                    "verse_nr": "14",
                    "verse": "Dalla sua mano \u00e8 stato legato il giogo delle mie trasgressioni, che s&#39;intrecciano insieme e gravano sul mio collo ha fatto venir meno la mia forza; il Signore mi ha dato nelle mani di coloro ai quali non posso resistere."
                },
                "15": {
                    "verse_nr": "15",
                    "verse": "Il Signore ha atterrato nel mio mezzo tutti i miei prodi; ha convocato contro di me un&#39;assemblea, per schiacciare i miei giovani; il Signore ha pigiato come in un tino la vergine figlia di Giuda."
                },
                "16": {
                    "verse_nr": "16",
                    "verse": "Per questo io piango, i miei occhi, i miei stessi occhi si sciolgono in lacrime, perch\u00e9 il consolatore che potrebbe ridarmi la vita \u00e8 lontano da me. I miei figli sono desolati, perch\u00e9 il nemico ha trionfato\u00bb."
                },
                "17": {
                    "verse_nr": "17",
                    "verse": "Sion tende le sue mani, ma non c&#39;\u00e8 alcuno che la consoli. Riguardo a Giacobbe, l&#39;Eterno ha comandato che quelli attorno a lui divenissero suoi nemici. Gerusalemme \u00e8 diventata in mezzo a loro come una cosa impura."
                },
                "18": {
                    "verse_nr": "18",
                    "verse": "L&#39;Eterno \u00e8 giusto, perch\u00e9 mi sono ribellata alla sua parola. Deh, ascoltate, o popoli tutti, e vedete il mio dolore! Le mie vergini e i miei giovani sono andati in cattivit\u00e0."
                },
                "19": {
                    "verse_nr": "19",
                    "verse": "Ho chiamato i miei amanti, ma essi mi hanno ingannata; i miei sacerdoti e i miei anziani, hanno esalato l&#39;ultimo respiro nella citt\u00e0, mentre cercavano cibo per salvare la loro vita."
                },
                "20": {
                    "verse_nr": "20",
                    "verse": "Vedi, o Eterno, che io sono in angoscia. Le mie viscere fremono, il mio cuore \u00e8 sconvolto dentro di me, perch\u00e9 sono stata grandemente ribelle. Fuori mi priva di figli la spada, in casa \u00e8 come morte."
                },
                "21": {
                    "verse_nr": "21",
                    "verse": "Mi odono sospirare, nessuno mi consola. Tutti i miei nemici hanno saputo della mia sciagura e sono contenti che tu hai fatto questo. Tu farai venire il giorno che hai annunciato, e allora saranno come me"
                },
                "22": {
                    "verse_nr": "22",
                    "verse": "Venga davanti a te tutta la loro malvagit\u00e0, e trattali come hai trattato me a motivo di tutte le mie trasgressioni. Poich\u00e9 molti sono i miei sospiri e il mio cuore languisce."
                }
            }
        },
        "2": {
            "chapter_nr": "2",
            "chapter": {
                "1": {
                    "verse_nr": "1",
                    "verse": "Come mai nella sua ira il Signore ha coperto con una nube la figlia di Sion? Egli ha gettato dal cielo in terra la gloria d&#39;Israele e non si \u00e8 ricordato dello sgabello dei suoi piedi nel giorno della sua ira."
                },
                "2": {
                    "verse_nr": "2",
                    "verse": "Il Signore ha distrutto senza piet\u00e0 tutte le dimore di Giacobbe; nella sua ira ha demolito le fortezze della figlia di Giuda, le ha gettate a terra, profanando il regno e i suoi capi."
                },
                "3": {
                    "verse_nr": "3",
                    "verse": "Con ira ardente egli ha infranto tutta la potenza d&#39;Israele, ha ritirato la propria destra davanti al nemico, ha bruciato in mezzo a Giacobbe come un fuoco fiammeggiante che divora tutt&#39;intorno."
                },
                "4": {
                    "verse_nr": "4",
                    "verse": "Ha teso il suo arco come un nemico, ha alzato la destra come un avversario, ha distrutto tutto ci\u00f2 che era piacevole agli occhi nella tenda della figlia di Sion ha riversato il suo furore come un fuoco."
                },
                "5": {
                    "verse_nr": "5",
                    "verse": "Il Signore \u00e8 divenuto come un nemico; ha divorato Israele, ha divorato tutti i suoi palazzi, ha distrutto le sue fortezze, ha moltiplicato nella figlia di Giuda cordoglio e lamento."
                },
                "6": {
                    "verse_nr": "6",
                    "verse": "Ha devastato il suo tabernacolo, come un giardino, ha distrutto il suo luogo d&#39;assemblea, l&#39;Eterno ha fatto dimenticare in Sion le feste solenni e i sabati e nel furore della sua ira ha rigettato re e sacerdote."
                },
                "7": {
                    "verse_nr": "7",
                    "verse": "Il Signore ha abbandonato il suo altare, ha rigettato il suo santuario, ha consegnato nelle mani del nemico le mura delle sue fortezze, essi hanno alzato grida nella casa dell&#39;Eterno come in un giorno di festa solenne."
                },
                "8": {
                    "verse_nr": "8",
                    "verse": "L&#39;Eterno ha deciso di distruggere le mura della figlia di Sion, ha teso la corda, non ha ritirato la mano dal distruggere, ha fatto gemere bastioni e mura ambedue languono."
                },
                "9": {
                    "verse_nr": "9",
                    "verse": "Le sue porte sono affondate nella terra; egli ha distrutto e spezzato le sue sbarre; il suo re e i suoi capi si trovano fra le nazioni; non c&#39;\u00e8 pi\u00fa legge, e i suoi profeti non ricevono alcuna visione dall&#39;Eterno."
                },
                "10": {
                    "verse_nr": "10",
                    "verse": "Gli anziani, della figlia di Sion siedono per terra in silenzio; han gettato polvere sul loro capo, si sono cinti di sacco; le vergini di Gerusalemme piegano fino a terra il loro capo."
                },
                "11": {
                    "verse_nr": "11",
                    "verse": "I miei occhi si consumano per il piangere, le mie viscere fremono, il mio fegato si spande in terra per la distruzione della figlia del mio popolo, per il venir meno dei bambini e dei lattanti nelle piazze della citt\u00e0."
                },
                "12": {
                    "verse_nr": "12",
                    "verse": "Essi chiedevano alle loro madri: \u00abDov&#39;\u00e8 il grano e il vino?\u00bb, mentre venivano meno come feriti a morte nelle piazze della citt\u00e0 e rendevano l&#39;anima nel grembo delle loro madri."
                },
                "13": {
                    "verse_nr": "13",
                    "verse": "Come potr\u00f2 esortarti? A che cosa ti rassomiglier\u00f2, o figlia di Gerusalemme? Che cosa paragoner\u00f2 a te per consolarti, o vergine figlia di Gerusalemme? Poich\u00e9 la tua rovina \u00e8 grande come il mare; chi potr\u00e0 guarirti?"
                },
                "14": {
                    "verse_nr": "14",
                    "verse": "I tuoi profeti hanno avuto per te visioni false e insensate; non hanno messo a nudo la tua iniquit\u00e0, per allontanare da te la cattivit\u00e0; essi hanno proferito per te profezie false e ingannevoli."
                },
                "15": {
                    "verse_nr": "15",
                    "verse": "Tutti i passanti battono le mani contro di te; fischiano e scuotono la testa contro la figlia di Gerusalemme: \u00abE&#39; questa la citt\u00e0 che chiamavano &#34;la bellezza perfetta&#34; &#34;la gioia di tutta la terra&#34;?\u00bb."
                },
                "16": {
                    "verse_nr": "16",
                    "verse": "Tutti i tuoi nemici spalancano la bocca contro di te; fischiano e digrignano i denti, dicono: \u00abL&#39;abbiamo inghiottita! S\u00ed, questo \u00e8 il giorno che aspettavamo; siamo arrivati a vederlo\u00bb."
                },
                "17": {
                    "verse_nr": "17",
                    "verse": "L&#39;Eterno ha compiuto ci\u00f2 che aveva ideato; ha adempiuto la parola che aveva decretato dai giorni antichi. Ha distrutto senza alcuna piet\u00e0, ha fatto in modo che il nemico si rallegrasse su di te, ha esaltato la potenza dei tuoi avversari."
                },
                "18": {
                    "verse_nr": "18",
                    "verse": "Il loro cuore grida al Signore: \u00abO mura della figlia di Sion, fate scorrere come un torrente, le lacrime giorno e notte. Non datevi pace, non abbiano riposo le pupille dei vostri occhi."
                },
                "19": {
                    "verse_nr": "19",
                    "verse": "Alzatevi, gridate nella notte, all&#39;inizio di ogni vigilia. Effondete come acqua il vostro cuore davanti alla faccia del Signore. Alzate le mani verso di lui per la vita dei vostri bambini, che vengono meno per la fame all&#39;imbocco di tutte le strade\u00bb."
                },
                "20": {
                    "verse_nr": "20",
                    "verse": "\u00abGuarda, o Eterno, e considera. Chi hai trattato in questo modo? Dovevano le donne mangiare il frutto del loro grembo i bambini che accarezzavano? Dovevano il sacerdote e il profeta essere massacrati nel santuario del Signore?"
                },
                "21": {
                    "verse_nr": "21",
                    "verse": "Fanciulli e vecchi giacciono a terra per le strade; le mie vergini e i miei giovani sono caduti di spada; tu li hai uccisi nel giorno della tua ira, li hai massacrati senza piet\u00e0,"
                },
                "22": {
                    "verse_nr": "22",
                    "verse": "Tu hai convocato come ad un giorno di festa i terrori che mi circondano da ogni lato. Nel giorno dell&#39;ira dell&#39;Eterno non c&#39;\u00e8 stato n\u00e9 fuggiasco n\u00e9 superstite. Quelli che avevo allattato e allevato li ha sterminati il mio nemico\u00bb."
                }
            }
        },
        "3": {
            "chapter_nr": "3",
            "chapter": {
                "1": {
                    "verse_nr": "1",
                    "verse": "Io sono l&#39;uomo che ha visto l&#39;afflizione sotto la verga del suo furore."
                },
                "2": {
                    "verse_nr": "2",
                    "verse": "Egli mi ha guidato e mi ha fatto camminare nelle tenebre e non nella luce."
                },
                "3": {
                    "verse_nr": "3",
                    "verse": "S\u00ed, contro di me egli ha volto ripetutamente la sua mano tutto il giorno."
                },
                "4": {
                    "verse_nr": "4",
                    "verse": "Egli ha consumato la mia carne e la mia pelle, ha frantumato le mie ossa"
                },
                "5": {
                    "verse_nr": "5",
                    "verse": "Ha costruito bastioni contro di me, mi ha circondato di amarezza e di affanno."
                },
                "6": {
                    "verse_nr": "6",
                    "verse": "Mi ha fatto abitare in luoghi tenebrosi, come i morti da lungo tempo."
                },
                "7": {
                    "verse_nr": "7",
                    "verse": "Mi ha costruito attorno un muro, perch\u00e9 non esca; ha reso pesante la mia catena."
                },
                "8": {
                    "verse_nr": "8",
                    "verse": "Anche quando grido e chiedo aiuto a gran voce, egli rifiuta di ascoltare la mia preghiera."
                },
                "9": {
                    "verse_nr": "9",
                    "verse": "Egli ha sbarrato le mie vie con pietre tagliate, ha reso i miei sentieri tortuosi."
                },
                "10": {
                    "verse_nr": "10",
                    "verse": "Egli \u00e8 stato per me come un orso in agguato, come un leone in luoghi nascosti."
                },
                "11": {
                    "verse_nr": "11",
                    "verse": "Ha deviato le mie vie, mi ha dilaniato e mi ha reso desolato."
                },
                "12": {
                    "verse_nr": "12",
                    "verse": "Ha teso il suo arco e mi ha fatto il bersaglio delle sue frecce."
                },
                "13": {
                    "verse_nr": "13",
                    "verse": "Ha fatto penetrare nel mio cuore le frecce della sua faretra."
                },
                "14": {
                    "verse_nr": "14",
                    "verse": "Sono diventato lo scherno di tutto il mio popolo, la sua canzone di tutto il giorno."
                },
                "15": {
                    "verse_nr": "15",
                    "verse": "Mi ha saziato di amarezza, mi ha fatto bere assenzio,"
                },
                "16": {
                    "verse_nr": "16",
                    "verse": "Mi ha spezzato i denti con la ghiaia, mi ha coperto di cenere."
                },
                "17": {
                    "verse_nr": "17",
                    "verse": "Hai allontanato la mia anima dalla pace, ho dimenticato il benessere."
                },
                "18": {
                    "verse_nr": "18",
                    "verse": "Ho detto: \u00abE&#39; scomparsa la mia fiducia e la mia speranza nell&#39;Eterno\u00bb."
                },
                "19": {
                    "verse_nr": "19",
                    "verse": "Ricordati della mia afflizione e del mio vagare, dell&#39;assenzio e dell&#39;amarezza."
                },
                "20": {
                    "verse_nr": "20",
                    "verse": "L&#39;anima mia se ne ricorda del continuo ed \u00e8 abbattuta dentro di me."
                },
                "21": {
                    "verse_nr": "21",
                    "verse": "Questo voglio richiamare alla mente e perci\u00f2 voglio sperare."
                },
                "22": {
                    "verse_nr": "22",
                    "verse": "E&#39; una grazia dell&#39;Eterno che non siamo stati interamente distrutti, perch\u00e9 le sue compassioni non sono esaurite."
                },
                "23": {
                    "verse_nr": "23",
                    "verse": "Si rinnovano ogni mattina; grande \u00e8 la tua fedelt\u00e0."
                },
                "24": {
                    "verse_nr": "24",
                    "verse": "\u00abL&#39;Eterno \u00e8 la mia parte\u00bb, dice l&#39;anima mia, \u00abperci\u00f2 sperer\u00f2 in lui\u00bb."
                },
                "25": {
                    "verse_nr": "25",
                    "verse": "L&#39;Eterno \u00e8 buono con quelli che sperano in lui, con l&#39;anima che lo cerca."
                },
                "26": {
                    "verse_nr": "26",
                    "verse": "Buona cosa \u00e8 aspettare in silenzio la salvezza dell&#39;Eterno."
                },
                "27": {
                    "verse_nr": "27",
                    "verse": "Buona cosa \u00e8 per l&#39;uomo portare il giogo nella sua giovinezza."
                },
                "28": {
                    "verse_nr": "28",
                    "verse": "Sieda solitario e stia in silenzio quando Dio glielo impone."
                },
                "29": {
                    "verse_nr": "29",
                    "verse": "Metta la sua bocca nella polvere, forse c&#39;\u00e8 ancora speranza."
                },
                "30": {
                    "verse_nr": "30",
                    "verse": "Porga la guancia a chi lo percuote, si sazi di vituperio."
                },
                "31": {
                    "verse_nr": "31",
                    "verse": "Poich\u00e9 il Signore non rigetta per sempre;"
                },
                "32": {
                    "verse_nr": "32",
                    "verse": "ma, se affligge, avr\u00e0 compassione, secondo la moltitudine delle sue misericordie,"
                },
                "33": {
                    "verse_nr": "33",
                    "verse": "poich\u00e9 non \u00e8 volentieri che umilia ed affligge i figli degli uomini."
                },
                "34": {
                    "verse_nr": "34",
                    "verse": "Quando uno schiaccia sotto i suoi piedi tutti i prigionieri della terra,"
                },
                "35": {
                    "verse_nr": "35",
                    "verse": "quando uno perverte il diritto di un uomo alla presenza dell&#39;Altissimo."
                },
                "36": {
                    "verse_nr": "36",
                    "verse": "quando si fa torto ad un uomo nella sua causa, il Signore non lo vede?"
                },
                "37": {
                    "verse_nr": "37",
                    "verse": "Chi mai dice qualcosa che poi si avvera, se il Signore non la comandato?"
                },
                "38": {
                    "verse_nr": "38",
                    "verse": "Il male e il bene non procedono forse dalla bocca dell&#39;Altissimo?"
                },
                "39": {
                    "verse_nr": "39",
                    "verse": "Perch\u00e9 mai si lamenta un uomo vivente, un uomo per la punizione dei suoi peccati?"
                },
                "40": {
                    "verse_nr": "40",
                    "verse": "Esaminiamo le nostre vie, scrutiamole e ritorniamo all&#39;Eterno."
                },
                "41": {
                    "verse_nr": "41",
                    "verse": "Eleviamo i nostri cuori e le nostre mani a Dio nei cieli."
                },
                "42": {
                    "verse_nr": "42",
                    "verse": "Noi abbiamo peccato, siamo stati ribelli e tu non hai perdonato."
                },
                "43": {
                    "verse_nr": "43",
                    "verse": "Ti sei avvolto nell&#39;ira e ci hai inseguito, hai ucciso senza piet\u00e0."
                },
                "44": {
                    "verse_nr": "44",
                    "verse": "Ti sei avvolto in una nuvola, perch\u00e9 nessuna preghiera potesse passare."
                },
                "45": {
                    "verse_nr": "45",
                    "verse": "Ci hai reso spazzatura e rifiuto in mezzo al popoli."
                },
                "46": {
                    "verse_nr": "46",
                    "verse": "Tutti i nostri nemici hanno spalancato la bocca contro di noi."
                },
                "47": {
                    "verse_nr": "47",
                    "verse": "Ci sono venuti addosso terrore, laccio, desolazione e rovina."
                },
                "48": {
                    "verse_nr": "48",
                    "verse": "Rivi d&#39;acqua scorrono dai miei occhi per la rovina della figlia del mio popolo."
                },
                "49": {
                    "verse_nr": "49",
                    "verse": "Il mio occhio versa lacrime senza smettere, senza interruzione,"
                },
                "50": {
                    "verse_nr": "50",
                    "verse": "fino a quando l&#39;Eterno non guardi dal cielo e non veda."
                },
                "51": {
                    "verse_nr": "51",
                    "verse": "Il mio occhio procura dolore alla mia anima per tutte le figlie della mia citt\u00e0."
                },
                "52": {
                    "verse_nr": "52",
                    "verse": "Quelli che mi odiano senza ragione mi hanno dato la caccia come a un uccello."
                },
                "53": {
                    "verse_nr": "53",
                    "verse": "Hanno distrutto la mia vita nella fossa, mi hanno tirato pietre."
                },
                "54": {
                    "verse_nr": "54",
                    "verse": "Le acque scorrevano sopra il mio capo, io dicevo: \u00abE&#39; finita per me\u00bb."
                },
                "55": {
                    "verse_nr": "55",
                    "verse": "Ho invocato il tuo nome, o Eterno, dal fondo della fossa."
                },
                "56": {
                    "verse_nr": "56",
                    "verse": "Tu hai udito la mia voce; non nascondere il tuo orecchio al mio sospiro, al mio grido di aiuto."
                },
                "57": {
                    "verse_nr": "57",
                    "verse": "Quando ti ho invocato ti sei avvicinato; hai detto: \u00abNon temere!\u00bb."
                },
                "58": {
                    "verse_nr": "58",
                    "verse": "O Signore, tu hai difeso la causa a dell&#39;anima mia, tu hai redento la mia vita."
                },
                "59": {
                    "verse_nr": "59",
                    "verse": "O Eterno, tu hai visto il torto da me subito, difendi la mia causa!"
                },
                "60": {
                    "verse_nr": "60",
                    "verse": "Hai visto tutto il loro spirito di vendetta, tutte le loro macchinazioni contro di me."
                },
                "61": {
                    "verse_nr": "61",
                    "verse": "Hai udito i loro insulti, o Eterno, tutte le loro macchinazioni contro di me."
                },
                "62": {
                    "verse_nr": "62",
                    "verse": "i discorsi di quelli che si levano contro di me, ci\u00f2 che meditano contro di me tutto il giorno."
                },
                "63": {
                    "verse_nr": "63",
                    "verse": "Osserva quando si siedono e quando si alzano, io sono la loro canzone."
                },
                "64": {
                    "verse_nr": "64",
                    "verse": "Ripagali, o Eterno, secondo l&#39;opera delle loro mani."
                },
                "65": {
                    "verse_nr": "65",
                    "verse": "Rendili duri di cuore, la tua maledizione sia su di loro."
                },
                "66": {
                    "verse_nr": "66",
                    "verse": "Inseguili nella tua ira e distruggili da sotto i cieli dell&#39;Eterno."
                }
            }
        },
        "4": {
            "chapter_nr": "4",
            "chapter": {
                "1": {
                    "verse_nr": "1",
                    "verse": "Come si \u00e8 annerito l&#39;oro, si \u00e8 alterato l&#39;oro migliore! Le pietre del santuario sono sparse all&#39;imbocco di tutte le strade."
                },
                "2": {
                    "verse_nr": "2",
                    "verse": "I preziosi figli di Sion valutati come oro fino, come mai sono ritenuti quali vasi di argilla, lavoro delle mani di vasaio?"
                },
                "3": {
                    "verse_nr": "3",
                    "verse": "Perfino gli sciacalli porgono le mammelle per allattare i loro piccoli, ma la figlia del mio popolo \u00e8 divenuta crudele come gli struzzi del deserto."
                },
                "4": {
                    "verse_nr": "4",
                    "verse": "La lingua del lattante si attacca al suo palato per la sete; i bambini domandano pane ma non c&#39;\u00e8 chi ne dia loro."
                },
                "5": {
                    "verse_nr": "5",
                    "verse": "Quelli che mangiavano cibi squisiti languono per le strade; quelli che erano allevati nella porpora abbracciano il letamaio."
                },
                "6": {
                    "verse_nr": "6",
                    "verse": "La punizione dell&#39;iniquit\u00e0 della figlia del mio popolo \u00e8 maggiore della punizione del peccato di Sodoma, che fu distrutta in un attimo, senza che mano d&#39;uomo le venisse contro."
                },
                "7": {
                    "verse_nr": "7",
                    "verse": "I suoi principi erano pi\u00fa splendenti della neve, pi\u00fa bianchi del latte, avevano il corpo pi\u00fa rosso dei coralli, il loro volto era come uno zaffiro."
                },
                "8": {
                    "verse_nr": "8",
                    "verse": "Ora il loro aspetto \u00e8 pi\u00fa nero dell&#39;oscurit\u00e0; non si riconoscono pi\u00fa nelle strade; la loro pelle aderisce alle loro ossa, si \u00e8 seccata, \u00e8 divenuta come un legno."
                },
                "9": {
                    "verse_nr": "9",
                    "verse": "Gli uccisi di spada stanno meglio di quelli che muoiono di fame, perch\u00e9 questi deperiscono estenuati per mancanza dei prodotti del campo."
                },
                "10": {
                    "verse_nr": "10",
                    "verse": "Le mani delle donne pietose hanno fatto cuocere i loro stessi bambini, son serviti loro di cibo, nella rovina della figlia del mio popolo."
                },
                "11": {
                    "verse_nr": "11",
                    "verse": "L&#39;Eterno ha esaurito il suo furore, ha riversato la sua ira ardente, ha acceso in Sion un fuoco, che ha divorato le sue fondamenta."
                },
                "12": {
                    "verse_nr": "12",
                    "verse": "I re della terra e tutti gli abitanti del mondo non avrebbero mai creduto che l&#39;avversario e il nemico sarebbero entrati nelle porte di Gerusalemme."
                },
                "13": {
                    "verse_nr": "13",
                    "verse": "Ma questo \u00e8 avvenuto per i peccati dei suoi profeti e per le iniquit\u00e0 dei suoi sacerdoti, che hanno versato in mezzo ad essa il sangue dei giusti."
                },
                "14": {
                    "verse_nr": "14",
                    "verse": "Essi erravano come ciechi per le strade, contaminati di sangue, di modo che nessuno poteva toccare le loro vesti."
                },
                "15": {
                    "verse_nr": "15",
                    "verse": "Al loro apparire la gente gridava: \u00abAllontanatevi, un impuro! Allontanatevi, allontanatevi, non toccatelo!\u00bb. Quando fuggivano e andavano errando fra le nazioni dicevano: \u00abNon potranno pi\u00fa rimanere qui\u00bb."
                },
                "16": {
                    "verse_nr": "16",
                    "verse": "La faccia dell&#39;Eterno li ha dispersi, non volger\u00e0 pi\u00fa su di loro il suo sguardo; non hanno avuto rispetto per i sacerdoti n\u00e9 hanno usato piet\u00e0 per i vecchi."
                },
                "17": {
                    "verse_nr": "17",
                    "verse": "Inoltre i nostri occhi si consumavano nell&#39;attesa di un vano soccorso. Dal nostro posto di osservazione aspettavamo invano una nazione che non poteva salvarci."
                },
                "18": {
                    "verse_nr": "18",
                    "verse": "Ci davano la caccia ad ogni passo, impedendoci di camminare per le nostre piazze. La nostra fine \u00e8 prossima, i nostri giorni sono compiuti, la nostra fine \u00e8 giunta."
                },
                "19": {
                    "verse_nr": "19",
                    "verse": "I nostri persecutori sono stati pi\u00fa veloci delle aquile del cielo; Ci hanno inseguito sui monti, ci hanno teso agguati nel deserto."
                },
                "20": {
                    "verse_nr": "20",
                    "verse": "Il soffio delle nostre narici, l&#39;unto dell&#39;Eterno \u00e8 stato preso nelle loro fosse, lui, del quale dicevamo: \u00abAlla sua ombra noi vivremo fra le nazioni\u00bb."
                },
                "21": {
                    "verse_nr": "21",
                    "verse": "Rallegrati e gioisci, o figlia di Edom, che dimori nel paese di Uts. Anche a te giunger\u00e0 il calice; ti ubriacherai e scoprirai la tua nudit\u00e0."
                },
                "22": {
                    "verse_nr": "22",
                    "verse": "La punizione della tua iniquit\u00e0 si \u00e8 compiuta, o figlia di Sion. Egli non ti mander\u00e0 pi\u00fa in cattivit\u00e0, ma punir\u00e0 la tua iniquit\u00e0, o figlia di Edom, metter\u00e0 allo scoperto i tuoi peccati."
                }
            }
        },
        "5": {
            "chapter_nr": "5",
            "chapter": {
                "1": {
                    "verse_nr": "1",
                    "verse": "Ricordati, Eterno, di quanto ci \u00e8 accaduto, guarda e vedi il nostro obbrobrio."
                },
                "2": {
                    "verse_nr": "2",
                    "verse": "La nostra eredit\u00e0 \u00e8 passata a stranieri, le nostre case a estranei."
                },
                "3": {
                    "verse_nr": "3",
                    "verse": "Noi siamo diventati orfani, senza padre, le nostre madri sono come vedove."
                },
                "4": {
                    "verse_nr": "4",
                    "verse": "Dobbiamo pagare per l&#39;acqua che beviamo, la nostra legna l&#39;abbiamo solo a pagamento."
                },
                "5": {
                    "verse_nr": "5",
                    "verse": "Siamo inseguiti con un giogo sul collo, siamo esausti e non abbiamo alcun riposo."
                },
                "6": {
                    "verse_nr": "6",
                    "verse": "Abbiamo teso la mano all&#39;Egitto e all&#39;Assiria, per saziarci di pane."
                },
                "7": {
                    "verse_nr": "7",
                    "verse": "I nostri padri hanno peccato e non sono pi\u00fa, e noi portiamo la punizione delle loro iniquit\u00e0."
                },
                "8": {
                    "verse_nr": "8",
                    "verse": "Schiavi dominano su di noi, nessuno pu\u00f2 liberarci dalle loro mani."
                },
                "9": {
                    "verse_nr": "9",
                    "verse": "Ci procuriamo il pane a rischio della nostra vita, davanti alla spada del deserto."
                },
                "10": {
                    "verse_nr": "10",
                    "verse": "La nostra pelle si \u00e8 riscaldata come un forno per l&#39;ardore della fame."
                },
                "11": {
                    "verse_nr": "11",
                    "verse": "Hanno violentato le donne in Sion, le vergini nelle citt\u00e0 di Giuda."
                },
                "12": {
                    "verse_nr": "12",
                    "verse": "I capi sono stati impiccati dalle loro mani, la persona dei vecchi non \u00e8 stata rispettata."
                },
                "13": {
                    "verse_nr": "13",
                    "verse": "I giovani sono stati messi a macinare, i ragazzi sono caduti sotto il carico delle legna."
                },
                "14": {
                    "verse_nr": "14",
                    "verse": "I vecchi hanno smesso di radunarsi alla porta, i giovani hanno smesso di suonare i loro strumenti."
                },
                "15": {
                    "verse_nr": "15",
                    "verse": "La gioia dei nostri cuori \u00e8 venuta meno, la nostra danza si \u00e8 mutata in lutto."
                },
                "16": {
                    "verse_nr": "16",
                    "verse": "La corona \u00e8 caduta dal nostro capo; guai a noi, perch\u00e9 abbiamo peccato!"
                },
                "17": {
                    "verse_nr": "17",
                    "verse": "Per questo si \u00e8 ammalato il nostro cuore, per queste cose si sono oscurati i nostri occhi:"
                },
                "18": {
                    "verse_nr": "18",
                    "verse": "per il monte di Sion che \u00e8 desolato, e vi scorazzano le volpi."
                },
                "19": {
                    "verse_nr": "19",
                    "verse": "Ma tu, o Eterno, rimani per sempre, e il tuo trono di generazione in generazione."
                },
                "20": {
                    "verse_nr": "20",
                    "verse": "Perch\u00e9 ci dimenticheresti per sempre e ci abbandoneresti per un lungo tempo?"
                },
                "21": {
                    "verse_nr": "21",
                    "verse": "Facci ritornare a te, o Eterno, e noi ritorneremo; ristabilisci i nostri giorni come In passato."
                },
                "22": {
                    "verse_nr": "22",
                    "verse": "Ci hai forse interamente rigettati o sei tu grandemente adirato contro di noi?"
                }
            }
        }
    }
}