{
    "version": "LND",
    "book_name": "Titus",
    "book_nr": "56",
    "book": {
        "1": {
            "chapter_nr": "1",
            "chapter": {
                "1": {
                    "verse_nr": "1",
                    "verse": "Paolo, servo di Dio e apostolo di Ges\u00fa Cristo, secondo la fede degli eletti di Dio e la conoscenza della verit\u00e0 che \u00e8 secondo piet\u00e0,"
                },
                "2": {
                    "verse_nr": "2",
                    "verse": "nella speranza della vita eterna, promessa prima di tutte le et\u00e0 da Dio, che non pu\u00f2 mentire,"
                },
                "3": {
                    "verse_nr": "3",
                    "verse": "e che nei tempi stabiliti ha manifestato la sua parola mediante la predicazione che mi \u00e8 stata affidata per comando di Dio, nostro Salvatore,"
                },
                "4": {
                    "verse_nr": "4",
                    "verse": "a Tito, mio vero figlio nella comune fede: grazia, misericordia e pace da Dio il Padre e dal Signor Ges\u00fa Cristo, nostro Salvatore."
                },
                "5": {
                    "verse_nr": "5",
                    "verse": "Per questa ragione ti ho lasciato a Creta, affinch\u00e9 tu metta ordine alle cose che restano da fare e costituisca degli anziani in ogni citt\u00e0, come ti ho ordinato;"
                },
                "6": {
                    "verse_nr": "6",
                    "verse": "ciascuno di loro sia irreprensibile, marito di una sola moglie, e abbia figli fedeli che non siano accusati di dissolutezza n\u00e9 insubordinati."
                },
                "7": {
                    "verse_nr": "7",
                    "verse": "Il vescovo infatti, come amministratore della casa di Dio, deve essere irreprensibile, non arrogante, non iracondo, non dedito al vino, non violento, non avido di disonesto guadagno,"
                },
                "8": {
                    "verse_nr": "8",
                    "verse": "ma ospitale, amante del bene, assennato, giusto, santo, padrone di s\u00e9,"
                },
                "9": {
                    "verse_nr": "9",
                    "verse": "che ritenga fermamente l&#39;insegnamento secondo la fedele parola, per essere in grado di esortare nella sana dottrina e di convincere quelli che contraddicono."
                },
                "10": {
                    "verse_nr": "10",
                    "verse": "Vi sono infatti, specialmente fra coloro che provengono dalla circoncisione, molti insubordinati, ciarloni e seduttori, ai quali bisogna turare la bocca;"
                },
                "11": {
                    "verse_nr": "11",
                    "verse": "questi sovvertono famiglie intere, insegnando cose che non dovrebbero, per amore di disonesto guadagno."
                },
                "12": {
                    "verse_nr": "12",
                    "verse": "Uno di loro, proprio un loro profeta, ha detto: \u00abI Cretesi sono sempre bugiardi, male bestie, ventri pigri\u00bb."
                },
                "13": {
                    "verse_nr": "13",
                    "verse": "Questa testimonianza \u00e8 vera, per questo motivo riprendili severamente, affinch\u00e9 siano sani nella fede,"
                },
                "14": {
                    "verse_nr": "14",
                    "verse": "senza attenersi a favole giudaiche n\u00e9 a comandamenti di uomini che rifiutano la verit\u00e0."
                },
                "15": {
                    "verse_nr": "15",
                    "verse": "Certo, tutto \u00e8 puro per i puri, ma niente \u00e8 puro per i contaminati e gli increduli; anzi, sia la loro mente che la loro coscienza sono contaminate."
                },
                "16": {
                    "verse_nr": "16",
                    "verse": "Essi fanno professione di conoscere Dio, ma lo rinnegano con le opere, essendo abominevoli, disubbidienti, e incapaci di ogni opera buona."
                }
            }
        },
        "2": {
            "chapter_nr": "2",
            "chapter": {
                "1": {
                    "verse_nr": "1",
                    "verse": "Ma tu parla di cose che siano conformi alla sana dottrina:"
                },
                "2": {
                    "verse_nr": "2",
                    "verse": "gli uomini anziani siano sobri, dignitosi, padroni di s\u00e9, sani nella fede, nell&#39;amore, nella pazienza."
                },
                "3": {
                    "verse_nr": "3",
                    "verse": "Parimenti le donne anziane abbiano un comportamento conveniente a persone sante, non siano calunniatrici, non schiave di molto vino, ma maestre nel bene"
                },
                "4": {
                    "verse_nr": "4",
                    "verse": "per insegnare alle giovani ad amare i loro mariti, ad amare i loro figli,"
                },
                "5": {
                    "verse_nr": "5",
                    "verse": "a essere assennate, caste, dedite ai lavori di casa, buone, sottomesse ai propri mariti, affinch\u00e9 la parola di Dio non sia bestemmiata."
                },
                "6": {
                    "verse_nr": "6",
                    "verse": "Esorta similmente i giovani ad essere moderati,"
                },
                "7": {
                    "verse_nr": "7",
                    "verse": "presentando in ogni cosa te stesso come esempio di buone opere, mostrando nell&#39;insegnamento integrit\u00e0, dignit\u00e0, incorruttibilit\u00e0,"
                },
                "8": {
                    "verse_nr": "8",
                    "verse": "un parlare sano ed irreprensibile, affinch\u00e9 l&#39;oppositore sia svergognato, non avendo nulla di male da dire a vostro riguardo."
                },
                "9": {
                    "verse_nr": "9",
                    "verse": "I servi siano sottomessi ai propri padroni, cercando di compiacerli in ogni cosa, di non contraddirli,"
                },
                "10": {
                    "verse_nr": "10",
                    "verse": "di non frodarli, ma di mostrare una totale fedelt\u00e0, affinch\u00e9 in ogni cosa onorino l&#39;insegnamento di Dio, nostro Salvatore."
                },
                "11": {
                    "verse_nr": "11",
                    "verse": "Infatti la grazia salvifica di Dio \u00e8 apparsa a tutti gli uomini,"
                },
                "12": {
                    "verse_nr": "12",
                    "verse": "e ci insegna a rinunziare all&#39;empiet\u00e0 e alle mondane concupiscenze, perch\u00e9 viviamo nella presente et\u00e0 saggiamente, giustamente e piamente,"
                },
                "13": {
                    "verse_nr": "13",
                    "verse": "aspettando la beata speranza e l&#39;apparizione della gloria del grande Dio e Salvatore nostro, Ges\u00fa Cristo,"
                },
                "14": {
                    "verse_nr": "14",
                    "verse": "il quale ha dato se stesso per noi, per riscattarci da ogni iniquit\u00e0 e purificare per s\u00e9 un popolo speciale, zelante nelle buone opere."
                },
                "15": {
                    "verse_nr": "15",
                    "verse": "Insegna queste cose, esorta e riprendi con ogni autorit\u00e0. Nessuno ti disprezzi,"
                }
            }
        },
        "3": {
            "chapter_nr": "3",
            "chapter": {
                "1": {
                    "verse_nr": "1",
                    "verse": "Ricorda loro di essere sottomessi ai magistrati e alle autorit\u00e0, di essere ubbidienti, pronti ad ogni opera buona,"
                },
                "2": {
                    "verse_nr": "2",
                    "verse": "di non dire male di alcuno, di essere pacifici e miti, mostrando grande gentilezza verso tutti gli uomini,"
                },
                "3": {
                    "verse_nr": "3",
                    "verse": "Anche noi infatti un tempo eravamo insensati, ribelli, erranti, schiavi di varie concupiscenze e volutt\u00e0, vivendo nella cattiveria e nell&#39;invidia, odiosi e odiandoci gli uni gli altri."
                },
                "4": {
                    "verse_nr": "4",
                    "verse": "Ma quando apparvero la bont\u00e0 di Dio, nostro Salvatore, e il suo amore verso gli uomini"
                },
                "5": {
                    "verse_nr": "5",
                    "verse": "egli ci ha salvati non per mezzo di opere giuste che noi avessimo fatto, ma secondo la sua misericordia, mediante il lavacro della rigenerazione e il rinnovamento dello Spirito Santo,"
                },
                "6": {
                    "verse_nr": "6",
                    "verse": "che egli ha copiosamente sparso su di noi, per mezzo di Ges\u00fa Cristo, nostro Salvatore,"
                },
                "7": {
                    "verse_nr": "7",
                    "verse": "affinch\u00e9, giustificati per la sua grazia, fossimo fatti eredi della vita eterna, secondo la speranza che abbiamo."
                },
                "8": {
                    "verse_nr": "8",
                    "verse": "Sicura \u00e8 questa parola, e voglio che tu affermi con forza queste cose, affinch\u00e9 quelli che hanno creduto in Dio abbiano cura di applicarsi a opere buone. Queste sono le cose buone e utili agli uomini."
                },
                "9": {
                    "verse_nr": "9",
                    "verse": "Ma evita le discussioni stolte, le genealogie, le contese e le dispute intorno alla legge, perch\u00e9 sono inutili e vane."
                },
                "10": {
                    "verse_nr": "10",
                    "verse": "Evita l&#39;uomo settario, dopo una prima e una seconda ammonizione,"
                },
                "11": {
                    "verse_nr": "11",
                    "verse": "sapendo che un tale \u00e8 pervertito e pecca, condannandosi da se stesso."
                },
                "12": {
                    "verse_nr": "12",
                    "verse": "Quando ti avr\u00f2 mandato Artema o Tichico, fa&#39; di tutto per venire da me a Nicopoli, perch\u00e9 ho deciso di passare l&#39;inverno l\u00ec."
                },
                "13": {
                    "verse_nr": "13",
                    "verse": "Provvedi con cura al viaggio di Zena, il giurista della legge, e di Apollo, affinch\u00e9 non manchi loro nulla."
                },
                "14": {
                    "verse_nr": "14",
                    "verse": "Or imparino anche i nostri a dedicarsi a buone opere per i bisogni urgenti, affinch\u00e9 non siano senza frutto."
                },
                "15": {
                    "verse_nr": "15",
                    "verse": "Tutti quelli che sono con me ti salutano. Saluta quelli che ci amano in fede. La grazia sia con tutti voi. Amen."
                }
            }
        }
    }
}