{
    "version": "kms",
    "book_name": "2 Corinthians",
    "book_nr": "47",
    "book": {
        "1": {
            "chapter_nr": 1,
            "chapter": {
                "1": {
                    "verse_nr": 1,
                    "verse": "Pavel, z v\u016fle Bo\u017e\u00ed apo\u0161tol Krista Je\u017e\u00ed\u0161e, a bratr Timoteus c\u00edrkvi Bo\u017e\u00ed, je\u017e je v Korintu, se v\u0161emi svat\u00fdmi, kte\u0159\u00ed jsou v cel\u00e9 Achaji:\n"
                },
                "2": {
                    "verse_nr": 2,
                    "verse": "Milost v\u00e1m a pokoj od Boha Otce na\u0161eho a P\u00e1na Je\u017e\u00ed\u0161e Krista.\n"
                },
                "3": {
                    "verse_nr": 3,
                    "verse": "Po\u017eehnan\u00fd B\u016fh a Otec na\u0161eho P\u00e1na Je\u017e\u00ed\u0161e Krista, Otec milosrdenstv\u00ed a B\u016fh ve\u0161ker\u00e9ho povzbuzen\u00ed,\n"
                },
                "4": {
                    "verse_nr": 4,
                    "verse": "kter\u00fd n\u00e1s povzbuzuje v ka\u017ed\u00e9m na\u0161em sou\u017een\u00ed, abychom i my mohli povzbuzovat ty, kte\u0159\u00ed jsou v jak\u00e9mkoli sou\u017een\u00ed, t\u00edm povzbuzen\u00edm, kter\u00fdm B\u016fh povzbuzuje n\u00e1s.\n"
                },
                "5": {
                    "verse_nr": 5,
                    "verse": "Nebo\u0165 jako se na n\u00e1s rozhoj\u0148uj\u00ed utrpen\u00ed Kristova, tak se skrze Krista rozhoj\u0148uje i na\u0161e povzbuzen\u00ed.\n"
                },
                "6": {
                    "verse_nr": 6,
                    "verse": "Jsme-li tedy v sou\u017een\u00ed, je to k va\u0161emu povzbuzen\u00ed a z\u00e1chran\u011b; jsme-li povzbuzov\u00e1ni, je to k va\u0161emu povzbuzen\u00ed, kter\u00e9 se projevuje ve vytrval\u00e9m sn\u00e1\u0161en\u00ed t\u00fdch\u017e utrpen\u00ed, je\u017e i my sn\u00e1\u0161\u00edme.\n"
                },
                "7": {
                    "verse_nr": 7,
                    "verse": "Na\u0161e nad\u011bje, pokud jde o v\u00e1s, je pevn\u00e1; v\u00edme, \u017ee jako jste \u00fa\u010dastni utrpen\u00ed, tak i povzbuzen\u00ed.\n"
                },
                "8": {
                    "verse_nr": 8,
                    "verse": "Nechceme, brat\u0159i, abyste nev\u011bd\u011bli o na\u0161em sou\u017een\u00ed, kter\u00e9 n\u00e1s potkalo v Asii; dolehlo na n\u00e1s nadm\u00edru t\u011b\u017ece, nad na\u0161i s\u00edlu, tak\u017ee jsme si zoufali, a\u017e jsme i pochybovali o sv\u00e9m \u017eivot\u011b.\n"
                },
                "9": {
                    "verse_nr": 9,
                    "verse": "Sami v sob\u011b jsme v\u0161ak m\u011bli ten rozsudek smrti, abychom nespol\u00e9hali na sebe, ale na Boha, kter\u00fd k\u0159\u00eds\u00ed mrtv\u00e9;\n"
                },
                "10": {
                    "verse_nr": 10,
                    "verse": "on n\u00e1s vysvobodil z takov\u00e9ho nebezpe\u010d\u00ed smrti, a je\u0161t\u011b vysvobod\u00ed; v n\u011bho jsme slo\u017eili svou nad\u011bji, \u017ee je\u0161t\u011b znovu vysvobod\u00ed,\n"
                },
                "11": {
                    "verse_nr": 11,
                    "verse": "kdy\u017e i vy n\u00e1m budete pom\u00e1hat modlitbou, aby mnoz\u00ed d\u011bkovali za n\u00e1s kv\u016fli daru milosti, kter\u00e9ho se n\u00e1m dostalo skrze p\u0159\u00edmluvy mnoh\u00fdch.\n"
                },
                "12": {
                    "verse_nr": 12,
                    "verse": "Nebo\u0165 toto je na\u0161e chlouba: sv\u011bdectv\u00ed na\u0161eho sv\u011bdom\u00ed, \u017ee jsme si na sv\u011bt\u011b - a obzvl\u00e1\u0161t\u011b mezi v\u00e1mi - po\u010d\u00ednali v prostot\u011b a Bo\u017e\u00ed up\u0159\u00edmnosti, ne v t\u011blesn\u00e9 moudrosti, n\u00fdbr\u017e v Bo\u017e\u00ed milosti.\n"
                },
                "13": {
                    "verse_nr": 13,
                    "verse": "Nebo\u0165 v\u00e1m nep\u00ed\u0161eme nic jin\u00e9ho, ne\u017e co \u010dtete a tak\u00e9 ch\u00e1pete, a douf\u00e1m, \u017ee dokonale pochop\u00edte,\n"
                },
                "14": {
                    "verse_nr": 14,
                    "verse": "jako jste n\u00e1s u\u017e i z\u010d\u00e1sti pochopili, \u017ee jsme va\u0161\u00ed chloubou, tak jako i vy na\u0161\u00ed v den na\u0161eho P\u00e1na Je\u017e\u00ed\u0161e.\n"
                },
                "15": {
                    "verse_nr": 15,
                    "verse": "V t\u00e9to d\u016fv\u011b\u0159e jsem k v\u00e1m cht\u011bl u\u017e d\u0159\u00edve p\u0159ij\u00edt, abyste dostali dvoj\u00ed milost,\n"
                },
                "16": {
                    "verse_nr": 16,
                    "verse": "a skrze v\u00e1s proj\u00edt do Makedonie a z Makedonie op\u011bt p\u0159ij\u00edt k v\u00e1m, a od v\u00e1s b\u00fdt vypraven do Judska.\n"
                },
                "17": {
                    "verse_nr": 17,
                    "verse": "Kdy\u017e jsem tedy toto cht\u011bl, jednal jsem snad lehkov\u00e1\u017en\u011b? Nebo snad to, co zam\u00fd\u0161l\u00edm, je podle t\u011bla, tak\u017ee 'ano, ano' u mne znamen\u00e1 z\u00e1rove\u0148 'ne, ne'?\n"
                },
                "18": {
                    "verse_nr": 18,
                    "verse": "B\u016fh je v\u0161ak v\u011brn\u00fd, tak\u017ee na\u0161e slovo k v\u00e1m nen\u00ed 'ano' i 'ne'.\n"
                },
                "19": {
                    "verse_nr": 19,
                    "verse": "Nebo\u0165 Bo\u017e\u00ed Syn, Je\u017e\u00ed\u0161 Kristus, kter\u00fd byl mezi v\u00e1mi skrze n\u00e1s vyhl\u00e1\u0161en - mnou, Silvanem a Timoteem - nebyl 'ano' i 'ne', n\u00fdbr\u017e v n\u011bm se uskute\u010dnilo 'ano'.\n"
                },
                "20": {
                    "verse_nr": 20,
                    "verse": "Nebo\u0165 v\u0161echna Bo\u017e\u00ed zasl\u00edben\u00ed, kolik jich jen je, v n\u011bm jsou 'ano'. Proto je tak\u00e9 skrze n\u011bho \u0159e\u010deno 'amen' k sl\u00e1v\u011b Bohu skrze n\u00e1s.\n"
                },
                "21": {
                    "verse_nr": 21,
                    "verse": "Ten, kdo n\u00e1s upev\u0148uje spolu s v\u00e1mi v Kristu a pomazal n\u00e1s, je B\u016fh.\n"
                },
                "22": {
                    "verse_nr": 22,
                    "verse": "On n\u00e1s tak\u00e9 zape\u010detil a do na\u0161ich srdc\u00ed dal Ducha jako z\u00e1vdavek.\n"
                },
                "23": {
                    "verse_nr": 23,
                    "verse": "Vol\u00e1m Boha za sv\u011bdka na svou du\u0161i, \u017ee jen z ohledu na v\u00e1s jsem je\u0161t\u011b nep\u0159i\u0161el do Korintu.\n"
                },
                "24": {
                    "verse_nr": 24,
                    "verse": "Nejsme p\u00e1ny nad va\u0161\u00ed v\u00edrou, n\u00fdbr\u017e jsme pomocn\u00edky va\u0161\u00ed radosti; v\u017edy\u0165 v\u00edrou pevn\u011b stoj\u00edte.\n"
                }
            }
        },
        "2": {
            "chapter_nr": 2,
            "chapter": {
                "1": {
                    "verse_nr": 1,
                    "verse": "Rozhodl jsem se v\u0161ak, \u017ee k v\u00e1m nep\u0159ijdu op\u011bt v z\u00e1rmutku.\n"
                },
                "2": {
                    "verse_nr": 2,
                    "verse": "Nebo\u0165 jestli\u017ee j\u00e1 v\u00e1s zarmucuji, kdo mi bude p\u016fsobit radost, ne-li ten, koho j\u00e1 zarmucuji?\n"
                },
                "3": {
                    "verse_nr": 3,
                    "verse": "A pr\u00e1v\u011b toto p\u00ed\u0161u, abych po sv\u00e9m p\u0159\u00edchodu nem\u011bl z\u00e1rmutek kv\u016fli t\u011bm, kdo mi m\u011bli p\u016fsobit radost; jsem o v\u00e1s v\u0161ech p\u0159esv\u011bd\u010den, \u017ee moje radost je radost\u00ed v\u00e1s v\u0161ech.\n"
                },
                "4": {
                    "verse_nr": 4,
                    "verse": "V\u017edy\u0165 v\u00e1m p\u00ed\u0161u ve velik\u00e9m sou\u017een\u00ed, v sev\u0159en\u00ed srdce a s mnoh\u00fdmi slzami; ne proto, abyste byli zarmouceni, ale abyste poznali l\u00e1sku, kterou k v\u00e1m p\u0159ekypuji.\n"
                },
                "5": {
                    "verse_nr": 5,
                    "verse": "Zp\u016fsobil-li n\u011bkdo z\u00e1rmutek, nezp\u016fsobil ho jen mn\u011b, ale z\u010d\u00e1sti - abych nep\u0159eh\u00e1n\u011bl - v\u00e1m v\u0161em.\n"
                },
                "6": {
                    "verse_nr": 6,
                    "verse": "Takov\u00e9mu \u010dlov\u011bku sta\u010d\u00ed pok\u00e1r\u00e1n\u00ed, kter\u00e9ho se mu dostalo od v\u011bt\u0161iny z v\u00e1s.\n"
                },
                "7": {
                    "verse_nr": 7,
                    "verse": "Tak\u017ee mu rad\u011bji naopak odpus\u0165te a povzbu\u010fte ho, aby snad p\u0159em\u00edrou z\u00e1rmutku nebyl takov\u00fd \u010dlov\u011bk pohlcen.\n"
                },
                "8": {
                    "verse_nr": 8,
                    "verse": "Vyb\u00edz\u00edm v\u00e1s tedy, abyste ho ujistili svou l\u00e1skou.\n"
                },
                "9": {
                    "verse_nr": 9,
                    "verse": "Proto v\u00e1m tak\u00e9 p\u00ed\u0161u, abych v\u00e1s vyzkou\u0161el a poznal, jste-li ve v\u0161em poslu\u0161ni.\n"
                },
                "10": {
                    "verse_nr": 10,
                    "verse": "Komu vy n\u011bco odpou\u0161t\u00edte, odpou\u0161t\u00edm i j\u00e1. Nebo\u0165 i j\u00e1, cokoliv jsem odpustil - m\u011bl-li jsem co odpustit - u\u010dinil jsem to pro v\u00e1s p\u0159ed tv\u00e1\u0159\u00ed Kristovou,\n"
                },
                "11": {
                    "verse_nr": 11,
                    "verse": "abychom nebyli oklam\u00e1ni od Satana; v\u017edy\u0165 jeho \u00famysly n\u00e1m nejsou nezn\u00e1my.\n"
                },
                "12": {
                    "verse_nr": 12,
                    "verse": "Kdy\u017e jsem p\u0159i\u0161el do Troady hl\u00e1sat evangelium Kristovo - a naskytla se mi p\u0159\u00edle\u017eitost v P\u00e1nu -,\n"
                },
                "13": {
                    "verse_nr": 13,
                    "verse": "m\u016fj duch nem\u011bl pokoje, proto\u017ee jsem nenalezl sv\u00e9ho bratra Tita; rozlou\u010dil jsem se s nimi a ode\u0161el do Makedonie.\n"
                },
                "14": {
                    "verse_nr": 14,
                    "verse": "D\u00edky Bohu, kter\u00fd n\u00e1s st\u00e1le vede v triumf\u00e1ln\u00edm pr\u016fvodu v Kristu a zjevuje skrze n\u00e1s na ka\u017ed\u00e9m m\u00edst\u011b v\u016fni sv\u00e9 zn\u00e1mosti.\n"
                },
                "15": {
                    "verse_nr": 15,
                    "verse": "Nebo\u0165 jsme Kristovou libou v\u016fn\u00ed Bohu mezi t\u011bmi, kte\u0159\u00ed jsou zachra\u0148ov\u00e1ni, i mezi t\u011bmi, kte\u0159\u00ed jdou do z\u00e1huby.\n"
                },
                "16": {
                    "verse_nr": 16,
                    "verse": "Jedn\u011bm jsme v\u016fn\u00ed smrti ke smrti, druh\u00fdm v\u016fn\u00ed \u017eivota k \u017eivotu. Ale kdo je k tomu zp\u016fsobil\u00fd?\n"
                },
                "17": {
                    "verse_nr": 17,
                    "verse": "Nebo\u0165 nejsme jako ti mnoz\u00ed, kte\u0159\u00ed kup\u010d\u00ed s Bo\u017e\u00edm slovem, n\u00fdbr\u017e jako ti, kdo mluv\u00ed z up\u0159\u00edmnosti, jako ti, kdo mluv\u00ed z Boha, tak mluv\u00edme p\u0159ed Bo\u017e\u00ed tv\u00e1\u0159\u00ed v Kristu.\n"
                }
            }
        },
        "3": {
            "chapter_nr": 3,
            "chapter": {
                "1": {
                    "verse_nr": 1,
                    "verse": "To za\u010d\u00edn\u00e1me op\u011bt doporu\u010dovat sami sebe? Nebo snad pot\u0159ebujeme, jako n\u011bkte\u0159\u00ed, doporu\u010duj\u00edc\u00ed dopisy k v\u00e1m nebo od v\u00e1s?\n"
                },
                "2": {
                    "verse_nr": 2,
                    "verse": "Vy jste na\u0161\u00edm dopisem, kter\u00fd je naps\u00e1n v na\u0161ich srdc\u00edch a kter\u00fd znaj\u00ed a \u010dtou v\u0161ichni lid\u00e9.\n"
                },
                "3": {
                    "verse_nr": 3,
                    "verse": "Je p\u0159ece zjevn\u00e9, \u017ee jste dopisem Kristov\u00fdm, vyp\u016fsoben\u00fdm na\u0161\u00ed slu\u017ebou a napsan\u00fdm ne inkoustem, n\u00fdbr\u017e Duchem Boha \u017eiv\u00e9ho, ne na kamenn\u00fdch desk\u00e1ch, n\u00fdbr\u017e na desk\u00e1ch lidsk\u00fdch srdc\u00ed.\n"
                },
                "4": {
                    "verse_nr": 4,
                    "verse": "Takovou pak m\u00e1me skrze Krista d\u016fv\u011bru k Bohu:\n"
                },
                "5": {
                    "verse_nr": 5,
                    "verse": "Ne sami ze sebe se pokl\u00e1d\u00e1me za zp\u016fsobil\u00e9, jako bychom m\u011bli n\u011bco sami ze sebe, ale na\u0161e zp\u016fsobilost je z Boha.\n"
                },
                "6": {
                    "verse_nr": 6,
                    "verse": "On n\u00e1s tak\u00e9 u\u010dinil zp\u016fsobil\u00fdmi k tomu, abychom byli slu\u017eebn\u00edky Nov\u00e9 smlouvy, ne litery, n\u00fdbr\u017e Ducha; nebo\u0165 litera zab\u00edj\u00ed, ale Duch ob\u017eivuje.\n"
                },
                "7": {
                    "verse_nr": 7,
                    "verse": "Jestli\u017ee se slu\u017eba smrti vyryt\u00e1 literami do kamen\u016f ud\u00e1la v takov\u00e9 sl\u00e1v\u011b, \u017ee synov\u00e9 Izraele nemohli pohled\u011bt do Moj\u017e\u00ed\u0161ovy tv\u00e1\u0159e kv\u016fli sl\u00e1v\u011b jeho obli\u010deje, kter\u00e1 pom\u00edjela,\n"
                },
                "8": {
                    "verse_nr": 8,
                    "verse": "jak by nebyla mnohem slavn\u011bj\u0161\u00ed slu\u017eba Ducha?\n"
                },
                "9": {
                    "verse_nr": 9,
                    "verse": "Nebo\u0165 jestli\u017ee byla sl\u00e1va v slu\u017eb\u011b odsouzen\u00ed, mnohem v\u00edce opl\u00fdv\u00e1 sl\u00e1vou slu\u017eba spravedlnosti.\n"
                },
                "10": {
                    "verse_nr": 10,
                    "verse": "Nebo\u0165 vskutku to, co v tomto p\u0159\u00edpad\u011b m\u011blo sl\u00e1vu, ji\u017e nem\u00e1 sl\u00e1vu vzhledem k t\u00e9to v\u0161e p\u0159evy\u0161uj\u00edc\u00ed sl\u00e1v\u011b.\n"
                },
                "11": {
                    "verse_nr": 11,
                    "verse": "Nebo\u0165 jestli\u017ee skrze sl\u00e1vu p\u0159i\u0161lo u\u017e to, co pom\u00edj\u00ed, o\u010d slavn\u011bj\u0161\u00ed je to, co z\u016fst\u00e1v\u00e1.\n"
                },
                "12": {
                    "verse_nr": 12,
                    "verse": "Kdy\u017e tedy m\u00e1me takovou nad\u011bji, po\u010d\u00edn\u00e1me si zcela otev\u0159en\u011b.\n"
                },
                "13": {
                    "verse_nr": 13,
                    "verse": "Ne jako Moj\u017e\u00ed\u0161, kter\u00fd si d\u00e1val na tv\u00e1\u0159 z\u00e1voj, aby synov\u00e9 Izraele nehled\u011bli na konec toho, co pom\u00edj\u00ed.\n"
                },
                "14": {
                    "verse_nr": 14,
                    "verse": "Av\u0161ak jejich my\u0161len\u00ed otup\u011blo. A\u017e do dne\u0161n\u00edho dne z\u016fst\u00e1v\u00e1 p\u0159i \u010dten\u00ed Star\u00e9 smlouvy tent\u00fd\u017e z\u00e1voj neodkryt\u00fd, proto\u017ee pom\u00edj\u00ed jen v Kristu.\n"
                },
                "15": {
                    "verse_nr": 15,
                    "verse": "Ale a\u017e dodnes, kdykoli se p\u0159ed\u010d\u00edt\u00e1 Moj\u017e\u00ed\u0161, le\u017e\u00ed z\u00e1voj na jejich srdci.\n"
                },
                "16": {
                    "verse_nr": 16,
                    "verse": "Kdykoli se v\u0161ak \u010dlov\u011bk obr\u00e1t\u00ed k P\u00e1nu, je z\u00e1voj odstran\u011bn.\n"
                },
                "17": {
                    "verse_nr": 17,
                    "verse": "Ten P\u00e1n je Duch. Kde je Duch P\u00e1n\u016fv, tam je svoboda.\n"
                },
                "18": {
                    "verse_nr": 18,
                    "verse": "A my v\u0161ichni, spat\u0159uj\u00edce s odhalenou tv\u00e1\u0159\u00ed P\u00e1novu sl\u00e1vu jako v zrcadle, jsme p\u0159etv\u00e1\u0159eni v t\u00fd\u017e obraz, od sl\u00e1vy k sl\u00e1v\u011b, jako od P\u00e1na, Ducha.\n"
                }
            }
        },
        "4": {
            "chapter_nr": 4,
            "chapter": {
                "1": {
                    "verse_nr": 1,
                    "verse": "Kdy\u017e tedy m\u00e1me tuto slu\u017ebu podle milosrdenstv\u00ed, kter\u00e9ho se n\u00e1m dostalo, neochabujeme,\n"
                },
                "2": {
                    "verse_nr": 2,
                    "verse": "ale od\u0159ekli jsme se v\u011bc\u00ed ukr\u00fdvan\u00fdch kv\u016fli hanb\u011b a nepo\u010d\u00edn\u00e1me si chytr\u00e1cky ani nep\u0159ekrucujeme slovo Bo\u017e\u00ed, n\u00fdbr\u017e zjevov\u00e1n\u00edm pravdy se p\u0159edstavujeme ka\u017ed\u00e9mu lidsk\u00e9mu porozum\u011bn\u00ed p\u0159ed Bohem.\n"
                },
                "3": {
                    "verse_nr": 3,
                    "verse": "Je-li v\u0161ak na\u0161e evangelium zahaleno, je zahaleno t\u011bm, kte\u0159\u00ed hynou.\n"
                },
                "4": {
                    "verse_nr": 4,
                    "verse": "Jim, nev\u011b\u0159\u00edc\u00edm, b\u016fh tohoto v\u011bku oslepil my\u0161len\u00ed, aby jim nevze\u0161lo sv\u011btlo evangelia sl\u00e1vy Krista, jen\u017e je obrazem Bo\u017e\u00edm.\n"
                },
                "5": {
                    "verse_nr": 5,
                    "verse": "Nebo\u0165 nehl\u00e1s\u00e1me sami sebe, n\u00fdbr\u017e Je\u017e\u00ed\u0161e Krista, P\u00e1na, a sebe jako va\u0161e otroky pro Je\u017e\u00ed\u0161e.\n"
                },
                "6": {
                    "verse_nr": 6,
                    "verse": "Nebo\u0165 B\u016fh, kter\u00fd \u0159ekl: 'Z temnoty a\u0165 zaz\u00e1\u0159\u00ed sv\u011btlo,' zaz\u00e1\u0159il v na\u0161ich srdc\u00edch, aby osv\u00edtil lidi pozn\u00e1n\u00edm Bo\u017e\u00ed sl\u00e1vy v osob\u011b Je\u017e\u00ed\u0161e Krista.\n"
                },
                "7": {
                    "verse_nr": 7,
                    "verse": "Tento poklad m\u00e1me v\u0161ak v hlin\u011bn\u00fdch n\u00e1dob\u00e1ch, aby p\u0159em\u00edra t\u00e9 moci byla z Boha, a ne z n\u00e1s.\n"
                },
                "8": {
                    "verse_nr": 8,
                    "verse": "Ve v\u0161em jsme su\u017eov\u00e1ni, ale nejsme vh\u00e1n\u011bni do \u00fazk\u00fdch; b\u00fdv\u00e1me v nejistot\u011b, ale nejsme zoufal\u00ed;\n"
                },
                "9": {
                    "verse_nr": 9,
                    "verse": "jsme pron\u00e1sledov\u00e1ni, ale nejsme opou\u0161t\u011bni; jsme sr\u00e1\u017eeni, ale nejsme ni\u010deni.\n"
                },
                "10": {
                    "verse_nr": 10,
                    "verse": "St\u00e1le nos\u00edme na sv\u00e9m t\u011ble Je\u017e\u00ed\u0161ovo um\u00edr\u00e1n\u00ed, aby i \u017eivot Je\u017e\u00ed\u0161\u016fv byl zjeven na na\u0161em t\u011ble.\n"
                },
                "11": {
                    "verse_nr": 11,
                    "verse": "Nebo\u0165 my, kte\u0159\u00ed \u017eijeme, jsme st\u00e1le vyd\u00e1v\u00e1ni pro Je\u017e\u00ed\u0161e na smrt, aby i \u017eivot Je\u017e\u00ed\u0161\u016fv byl zjeven na na\u0161em smrteln\u00e9m t\u011ble.\n"
                },
                "12": {
                    "verse_nr": 12,
                    "verse": "Tak\u017ee v n\u00e1s p\u016fsob\u00ed smrt, kde\u017eto ve v\u00e1s \u017eivot.\n"
                },
                "13": {
                    "verse_nr": 13,
                    "verse": "Proto\u017ee v\u0161ak m\u00e1me t\u00e9ho\u017e Ducha v\u00edry podle toho, co je naps\u00e1no: 'Uv\u011b\u0159il jsem, proto jsem mluvil,' i my v\u011b\u0159\u00edme, proto tak\u00e9 mluv\u00edme\n"
                },
                "14": {
                    "verse_nr": 14,
                    "verse": "a v\u00edme, \u017ee ten, kter\u00fd vzk\u0159\u00edsil P\u00e1na Je\u017e\u00ed\u0161e, tak\u00e9 n\u00e1s s Je\u017e\u00ed\u0161em vzk\u0159\u00eds\u00ed a postav\u00ed spolu s v\u00e1mi.\n"
                },
                "15": {
                    "verse_nr": 15,
                    "verse": "V\u017edy\u0165 to v\u0161echno je kv\u016fli v\u00e1m, aby milost, rozhojn\u011bn\u00e1 skrze mnoh\u00e9 lidi, rozmno\u017eila vd\u011b\u010dnost ke sl\u00e1v\u011b Bo\u017e\u00ed.\n"
                },
                "16": {
                    "verse_nr": 16,
                    "verse": "Proto nezemdl\u00edv\u00e1me; i kdy\u017e n\u00e1\u0161 vn\u011bj\u0161\u00ed \u010dlov\u011bk ch\u00e1tr\u00e1, ten vnit\u0159n\u00ed se v\u0161ak den ze dne obnovuje.\n"
                },
                "17": {
                    "verse_nr": 17,
                    "verse": "To na\u0161e nyn\u011bj\u0161\u00ed lehk\u00e9 sou\u017een\u00ed n\u00e1m toti\u017e p\u016fsob\u00ed nesm\u00edrn\u011b velik\u00e9 b\u0159\u00edm\u011b v\u011b\u010dn\u00e9 sl\u00e1vy,\n"
                },
                "18": {
                    "verse_nr": 18,
                    "verse": "kdy\u017e nehled\u00edme na v\u011bci viditeln\u00e9, ale na neviditeln\u00e9; nebo\u0165 viditeln\u00e9 v\u011bci jsou do\u010dasn\u00e9, neviditeln\u00e9 v\u0161ak v\u011b\u010dn\u00e9.\n"
                }
            }
        },
        "5": {
            "chapter_nr": 5,
            "chapter": {
                "1": {
                    "verse_nr": 1,
                    "verse": "V\u00edme toti\u017e, \u017ee bude-li stan na\u0161eho pozemsk\u00e9ho p\u0159eb\u00fdv\u00e1n\u00ed zbo\u0159en, m\u00e1me p\u0159\u00edbytek od Boha: ne lidskou rukou postaven\u00fd, ale v\u011b\u010dn\u00fd d\u016fm v nebes\u00edch.\n"
                },
                "2": {
                    "verse_nr": 2,
                    "verse": "Nebo\u0165 v tomto stanu vzdych\u00e1me a tou\u017e\u00edme si obl\u00e9ci je\u0161t\u011b i n\u00e1\u0161 p\u0159\u00edbytek, kter\u00fd poch\u00e1z\u00ed z nebe.\n"
                },
                "3": {
                    "verse_nr": 3,
                    "verse": "Kdybychom pak byli i svle\u010deni, nebudeme shled\u00e1ni nah\u00fdmi.\n"
                },
                "4": {
                    "verse_nr": 4,
                    "verse": "Pokud jsme toti\u017e v tomto stanu, st\u00e9n\u00e1me a je n\u00e1m t\u011b\u017eko, nebo\u0165 nechceme b\u00fdt svle\u010deni, n\u00fdbr\u017e p\u0159iod\u011bni, aby to, co je smrteln\u00e9, bylo pohlceno \u017eivotem.\n"
                },
                "5": {
                    "verse_nr": 5,
                    "verse": "Ten, kdo n\u00e1s pr\u00e1v\u011b k tomu p\u0159ipravil, je B\u016fh, kter\u00fd n\u00e1m tak\u00e9 dal Ducha jako z\u00e1vdavek.\n"
                },
                "6": {
                    "verse_nr": 6,
                    "verse": "Jsme tedy v\u017edy plni d\u016fv\u011bry a v\u00edme, \u017ee dokud m\u00e1me domov v tomto t\u011ble, jsme vzd\u00e1leni od P\u00e1na.\n"
                },
                "7": {
                    "verse_nr": 7,
                    "verse": "Nebo\u0165 chod\u00edme v\u00edrou, ne t\u00edm, co vid\u00edme.\n"
                },
                "8": {
                    "verse_nr": 8,
                    "verse": "Jsme plni d\u016fv\u011bry a rad\u011bji chceme odej\u00edt z tohoto t\u011bla a p\u0159ij\u00edt dom\u016f k P\u00e1nu.\n"
                },
                "9": {
                    "verse_nr": 9,
                    "verse": "Proto se i horliv\u011b sna\u017e\u00edme, abychom se mu l\u00edbili, a\u0165 z\u016fst\u00e1v\u00e1me doma nebo odch\u00e1z\u00edme.\n"
                },
                "10": {
                    "verse_nr": 10,
                    "verse": "Nebo\u0165 my v\u0161ichni se mus\u00edme objevit p\u0159ed soudnou stolic\u00ed Kristovou, aby ka\u017ed\u00fd p\u0159ijal odplatu za to, co vykonal v t\u011ble, a\u0165 u\u017e to bylo dobr\u00e9 nebo zl\u00e9.\n"
                },
                "11": {
                    "verse_nr": 11,
                    "verse": "Proto\u017ee tedy zn\u00e1me b\u00e1ze\u0148 p\u0159ed P\u00e1nem, p\u0159esv\u011bd\u010dujeme lidi a Bohu jsme zn\u00e1m\u00ed; a douf\u00e1m, \u017ee jsme zn\u00e1m\u00ed i va\u0161emu sv\u011bdom\u00ed.\n"
                },
                "12": {
                    "verse_nr": 12,
                    "verse": "Nebo\u0165 se v\u00e1m nechceme znovu doporu\u010dovat, n\u00fdbr\u017e d\u00e1v\u00e1me v\u00e1m p\u0159\u00edle\u017eitost chlubit se n\u00e1mi, abyste m\u011bli n\u011bco pro ty, kte\u0159\u00ed se chv\u00e1l\u00ed navenek, a ne v srdci.\n"
                },
                "13": {
                    "verse_nr": 13,
                    "verse": "Kdy\u017e jsme byli jako bl\u00e1zni, bylo to pro Boha; kdy\u017e jedn\u00e1me rozumn\u011b, je to pro v\u00e1s.\n"
                },
                "14": {
                    "verse_nr": 14,
                    "verse": "Nebo\u0165 Kristova l\u00e1ska n\u00e1s v\u00e1\u017ee, kdy\u017e jsme usoudili toto: Proto\u017ee jeden zem\u0159el za v\u0161echny, tedy v\u0161ichni zem\u0159eli.\n"
                },
                "15": {
                    "verse_nr": 15,
                    "verse": "A on zem\u0159el za v\u0161echny, aby ti, kte\u0159\u00ed \u017eij\u00ed, ne\u017eili u\u017e sami sob\u011b, n\u00fdbr\u017e tomu, kdo za n\u011b zem\u0159el a vstal z mrtv\u00fdch.\n"
                },
                "16": {
                    "verse_nr": 16,
                    "verse": "A tak od nyn\u011bj\u0161ka nikoho nezn\u00e1me podle t\u011bla. A\u010dkoli jsme i znali Krista podle t\u011bla, nyn\u00ed ho ji\u017e takto nezn\u00e1me.\n"
                },
                "17": {
                    "verse_nr": 17,
                    "verse": "Proto je-li kdo v Kristu, je nov\u00e9 stvo\u0159en\u00ed. Star\u00e9 v\u011bci pominuly, hle, je tu v\u0161echno nov\u00e9.\n"
                },
                "18": {
                    "verse_nr": 18,
                    "verse": "A to v\u0161echno je z Boha, kter\u00fd n\u00e1s sm\u00ed\u0159il s\u00e1m se sebou skrze Krista a dal n\u00e1m slu\u017ebu sm\u00ed\u0159en\u00ed.\n"
                },
                "19": {
                    "verse_nr": 19,
                    "verse": "Nebo\u0165 B\u016fh byl v Kristu, kdy\u017e smi\u0159oval sv\u011bt se sebou a nepo\u010d\u00edtal lidem jejich provin\u011bn\u00ed, a ulo\u017eil v n\u00e1s to slovo sm\u00ed\u0159en\u00ed.\n"
                },
                "20": {
                    "verse_nr": 20,
                    "verse": "Jsme tedy Kristovi vyslanci a B\u016fh jako by v\u00e1s skrze n\u00e1s vyz\u00fdval. Na m\u00edst\u011b Kristov\u011b pros\u00edme: Smi\u0159te se s Bohem.\n"
                },
                "21": {
                    "verse_nr": 21,
                    "verse": "Toho, kter\u00fd h\u0159\u00edch nepoznal, za n\u00e1s u\u010dinil h\u0159\u00edchem, abychom se my stali Bo\u017e\u00ed spravedlnost\u00ed v n\u011bm.\n"
                }
            }
        },
        "6": {
            "chapter_nr": 6,
            "chapter": {
                "1": {
                    "verse_nr": 1,
                    "verse": "Jako Bo\u017e\u00ed spolupracovn\u00edci v\u00e1s tak\u00e9 napom\u00edn\u00e1me, abyste Bo\u017e\u00ed milost nep\u0159ijali nadarmo.\n"
                },
                "2": {
                    "verse_nr": 2,
                    "verse": "Nebo\u0165 prav\u00ed: 'Ve v\u00edtan\u00fd \u010das jsem t\u011b vysly\u0161el a v den z\u00e1chrany jsem ti pomohl.' Hle, nyn\u00ed je nanejv\u00fd\u0161 v\u00edtan\u00fd \u010das, hle, nyn\u00ed je den z\u00e1chrany.\n"
                },
                "3": {
                    "verse_nr": 3,
                    "verse": "Nikomu ned\u00e1v\u00e1me v ni\u010dem d\u016fvod k pohor\u0161en\u00ed, aby tato slu\u017eba nebyla pohan\u011bna.\n"
                },
                "4": {
                    "verse_nr": 4,
                    "verse": "Ve v\u0161em se p\u0159edstavujeme jako Bo\u017e\u00ed slu\u017eebn\u00edci: v mnoh\u00e9 vytrvalosti, v sou\u017een\u00edch, v tlac\u00edch, v \u00fazkostech,\n"
                },
                "5": {
                    "verse_nr": 5,
                    "verse": "v ran\u00e1ch, ve v\u011bzen\u00edch, ve zmatc\u00edch, v t\u011b\u017ek\u00fdch prac\u00edch, ve bd\u011bn\u00edch, v postech,\n"
                },
                "6": {
                    "verse_nr": 6,
                    "verse": "v \u010distot\u011b, v pozn\u00e1n\u00ed, v trp\u011blivosti, v dobrot\u011b, v Duchu Svat\u00e9m, v nepokryteck\u00e9 l\u00e1sce,\n"
                },
                "7": {
                    "verse_nr": 7,
                    "verse": "ve slovu pravdy, v moci Bo\u017e\u00ed; skrze zbroj spravedlnosti v pravici i v levici,\n"
                },
                "8": {
                    "verse_nr": 8,
                    "verse": "skrze sl\u00e1vu i potupu, skrze pomluvu i pochvalu, jako sv\u016fdcov\u00e9, a p\u0159ece pravdiv\u00ed,\n"
                },
                "9": {
                    "verse_nr": 9,
                    "verse": "jako nezn\u00e1m\u00ed i uzn\u00e1van\u00ed, jako um\u00edraj\u00edc\u00ed - a hle, jsme na\u017eivu, jako trestan\u00ed, ale ne usmrcovan\u00ed,\n"
                },
                "10": {
                    "verse_nr": 10,
                    "verse": "jako zarmucovan\u00ed, av\u0161ak st\u00e1le se raduj\u00edc\u00ed, jako chud\u00ed, av\u0161ak mnoh\u00e9 zbohacuj\u00edc\u00ed, jako nic nemaj\u00edc\u00ed, a p\u0159ece v\u0161echno dr\u017e\u00edc\u00ed.\n"
                },
                "11": {
                    "verse_nr": 11,
                    "verse": "Pro v\u00e1s, Korin\u0165an\u00e9, se otev\u0159ela na\u0161e \u00fasta a roz\u0161\u00ed\u0159ilo se na\u0161e srdce.\n"
                },
                "12": {
                    "verse_nr": 12,
                    "verse": "Nejste t\u00edsn\u011bni v n\u00e1s, jste t\u00edsn\u011bni ve sv\u00e9m nitru.\n"
                },
                "13": {
                    "verse_nr": 13,
                    "verse": "Na opl\u00e1tku - \u0159\u00edk\u00e1m to jako d\u011btem - roz\u0161i\u0159te i vy sv\u00e1 srdce.\n"
                },
                "14": {
                    "verse_nr": 14,
                    "verse": "Nebu\u010fte zap\u0159a\u017eeni do ciz\u00edho jha s nev\u011b\u0159\u00edc\u00edmi. Nebo\u0165 co m\u00e1 spole\u010dn\u00e9ho spravedlnost s nepravost\u00ed? A jak\u00e9 je spole\u010denstv\u00ed sv\u011btla s tmou?\n"
                },
                "15": {
                    "verse_nr": 15,
                    "verse": "Jak\u00fd je souzvuk Krista s Belialem? Jak\u00fd pod\u00edl v\u011b\u0159\u00edc\u00edho s nev\u011b\u0159\u00edc\u00edm?\n"
                },
                "16": {
                    "verse_nr": 16,
                    "verse": "Jak\u00e9 spojen\u00ed svatyn\u011b Bo\u017e\u00ed s modlami? Nebo\u0165 vy jste svatyn\u00ed Boha \u017eiv\u00e9ho, jak \u0159ekl B\u016fh: 'Budu bydlet v nich a proch\u00e1zet se mezi nimi, a budu jejich Bohem a oni budou m\u00fdm lidem.'\n"
                },
                "17": {
                    "verse_nr": 17,
                    "verse": "Proto 'vyjd\u011bte z jejich st\u0159edu a odd\u011blte se,' prav\u00ed P\u00e1n, 'a ne\u010dist\u00e9ho se nedot\u00fdkejte; a j\u00e1 v\u00e1s p\u0159ijmu\n"
                },
                "18": {
                    "verse_nr": 18,
                    "verse": "a budu v\u00e1m Otcem a vy mi budete syny a dcerami', prav\u00ed P\u00e1n V\u0161emohouc\u00ed.\n"
                }
            }
        },
        "7": {
            "chapter_nr": 7,
            "chapter": {
                "1": {
                    "verse_nr": 1,
                    "verse": "Kdy\u017e tedy m\u00e1me tato zasl\u00edben\u00ed, milovan\u00ed, o\u010dis\u0165me se od ka\u017ed\u00e9 poskvrny t\u011bla i ducha, dokon\u00e1vaj\u00edce sv\u00e9 posv\u011bcen\u00ed v b\u00e1zni Bo\u017e\u00ed.\n"
                },
                "2": {
                    "verse_nr": 2,
                    "verse": "P\u0159ijm\u011bte n\u00e1s do sv\u00e9ho srdce. Nikomu jsme neubl\u00ed\u017eili, nikomu neu\u0161kodili, nikoho neoklamali.\n"
                },
                "3": {
                    "verse_nr": 3,
                    "verse": "Ne\u0159\u00edk\u00e1m to k va\u0161emu odsouzen\u00ed. V\u017edy\u0165 jsem ji\u017e d\u0159\u00edve \u0159ekl, \u017ee jste v na\u0161ich srdc\u00edch, abyste s n\u00e1mi zem\u0159eli i \u017eili.\n"
                },
                "4": {
                    "verse_nr": 4,
                    "verse": "M\u00e1m k v\u00e1m velikou d\u016fv\u011bru, velice se v\u00e1mi chlub\u00edm, jsem napln\u011bn pot\u011b\u0161en\u00edm, m\u00e1 radost daleko p\u0159evy\u0161uje v\u0161echno na\u0161e sou\u017een\u00ed.\n"
                },
                "5": {
                    "verse_nr": 5,
                    "verse": "V\u017edy\u0165 kdy\u017e jsme p\u0159i\u0161li do Makedonie, nezakusili jsme \u017e\u00e1dnou t\u011blesnou \u00falevu, ale ve v\u0161em jsme byli su\u017eov\u00e1ni; zven\u010d\u00ed boje, zevnit\u0159 strachy.\n"
                },
                "6": {
                    "verse_nr": 6,
                    "verse": "Ale B\u016fh, kter\u00fd pot\u011b\u0161uje skl\u00ed\u010den\u00e9, pot\u011b\u0161il i n\u00e1s p\u0159\u00edchodem Titov\u00fdm.\n"
                },
                "7": {
                    "verse_nr": 7,
                    "verse": "A nejen jeho p\u0159\u00edchodem, ale i t\u00edm pot\u011b\u0161en\u00edm, kter\u00e9 m\u011bl on z v\u00e1s; tak\u017ee kdy\u017e n\u00e1m vypravoval o va\u0161\u00ed touze, o va\u0161em n\u00e1\u0159ku a o va\u0161\u00ed horlivosti pro mne, velice jsem se zaradoval.\n"
                },
                "8": {
                    "verse_nr": 8,
                    "verse": "A\u010dkoliv jsem v\u00e1s ve sv\u00e9m dopise zarmoutil, nelituji toho - t\u0159eba\u017ee jsem toho i litoval - nebo\u0165 vid\u00edm, \u017ee v\u00e1s onen dopis - by\u0165 i nakr\u00e1tko - zarmoutil.\n"
                },
                "9": {
                    "verse_nr": 9,
                    "verse": "Te\u010f se raduji ne proto, \u017ee jste byli zarmouceni, ale proto, \u017ee jste byli zarmouceni ku pok\u00e1n\u00ed. Byli jste zarmouceni podle Boha, tak\u017ee jste od n\u00e1s v ni\u010dem neutrp\u011bli \u0161kodu.\n"
                },
                "10": {
                    "verse_nr": 10,
                    "verse": "Z\u00e1rmutek, kter\u00fd je podle Boha, p\u016fsob\u00ed pok\u00e1n\u00ed k z\u00e1chran\u011b, jeho\u017e nelze litovat, kde\u017eto z\u00e1rmutek sv\u011bta p\u016fsob\u00ed smrt.\n"
                },
                "11": {
                    "verse_nr": 11,
                    "verse": "Hle, co u v\u00e1s vyp\u016fsobilo pr\u00e1v\u011b to, \u017ee jste se zarmoutili podle Boha: jak\u00e9 zaujet\u00ed, jakou obranu, jak\u00e9 rozho\u0159\u010den\u00ed, jak\u00fd strach, jakou touhu, jakou horlivost, jak\u00e9 potrest\u00e1n\u00ed. Ve v\u0161em jste prok\u00e1zali, \u017ee jste v t\u00e9 v\u011bci \u010dist\u00ed.\n"
                },
                "12": {
                    "verse_nr": 12,
                    "verse": "I kdy\u017e jsem v\u00e1m napsal, nebylo to kv\u016fli tomu, kdo ubl\u00ed\u017eil, ani kv\u016fli tomu, komu bylo ubl\u00ed\u017eeno, ale proto, aby se u v\u00e1s projevilo va\u0161e zaujet\u00ed pro n\u00e1s p\u0159ed Bohem.\n"
                },
                "13": {
                    "verse_nr": 13,
                    "verse": "T\u00edm jsme povzbuzeni. Je\u0161t\u011b mnohem v\u00edce nad toto povzbuzen\u00ed jsme v\u0161ak byli pot\u011b\u0161eni radost\u00ed Titovou, \u017ee jeho duch byl v\u00e1mi v\u0161emi ob\u010derstven.\n"
                },
                "14": {
                    "verse_nr": 14,
                    "verse": "Jestli\u017ee jsem se mu chlubil n\u011b\u010d\u00edm, co se t\u00fdkalo v\u00e1s, nebyl jsem zahanben; ale jako jsme v\u00e1m v\u0161echno \u0159ekli pravdiv\u011b, tak i na\u0161e chlouba p\u0159ed Titem obst\u00e1la jako pravda.\n"
                },
                "15": {
                    "verse_nr": 15,
                    "verse": "A hojn\u00e1 je jeho n\u00e1klonnost k v\u00e1m, kdy\u017e si p\u0159ipom\u00edn\u00e1 poslu\u0161nost v\u00e1s v\u0161ech, jak jste ho s b\u00e1zn\u00ed a t\u0159esen\u00edm p\u0159ijali.\n"
                },
                "16": {
                    "verse_nr": 16,
                    "verse": "Raduji se, \u017ee se na v\u00e1s ve v\u0161em mohu spol\u00e9hat.\n"
                }
            }
        },
        "8": {
            "chapter_nr": 8,
            "chapter": {
                "1": {
                    "verse_nr": 1,
                    "verse": "Oznamujeme v\u00e1m, brat\u0159i, Bo\u017e\u00ed milost, kter\u00e1 byla d\u00e1na sbor\u016fm v Makedonii:\n"
                },
                "2": {
                    "verse_nr": 2,
                    "verse": "Ve velik\u00e9 zkou\u0161ce sou\u017een\u00edm se rozhojnila jejich p\u0159ekypuj\u00edc\u00ed radost a jejich hlubok\u00e1 chudoba do bohatstv\u00ed \u0161t\u011bdrosti.\n"
                },
                "3": {
                    "verse_nr": 3,
                    "verse": "Dosv\u011bd\u010duji, \u017ee dali podle sv\u00e9 mo\u017enosti, ba i nad mo\u017enost; sami od sebe\n"
                },
                "4": {
                    "verse_nr": 4,
                    "verse": "n\u00e1s velmi nal\u00e9hav\u011b prosili o tu milost, aby se mohli \u00fa\u010dastnit na slu\u017eb\u011b pro svat\u00e9.\n"
                },
                "5": {
                    "verse_nr": 5,
                    "verse": "A u\u010dinili to nejen tak, jak jsme o\u010dek\u00e1vali, ale dali sami sebe nejprve P\u00e1nu a skrze Bo\u017e\u00ed v\u016fli i n\u00e1m.\n"
                },
                "6": {
                    "verse_nr": 6,
                    "verse": "Vyb\u00eddli jsme tedy Tita, aby u v\u00e1s tak\u00e9 dokon\u010dil i tuto milost tak, jak ji\u017e d\u0159\u00edve za\u010dal.\n"
                },
                "7": {
                    "verse_nr": 7,
                    "verse": "Ale jako se ve v\u0161em rozhoj\u0148ujete, ve v\u00ed\u0159e, v slovu, v pozn\u00e1n\u00ed, ve v\u0161\u00ed horlivosti i v l\u00e1sce, kterou jsme vzbudili ve v\u00e1s, tak se rozhoj\u0148ujte i v t\u00e9to milosti.\n"
                },
                "8": {
                    "verse_nr": 8,
                    "verse": "Ne\u0159\u00edk\u00e1m to jako na\u0159\u00edzen\u00ed, n\u00fdbr\u017e skrze horlivost druh\u00fdch chci vyzkou\u0161et tak\u00e9 ryzost va\u0161\u00ed l\u00e1sky.\n"
                },
                "9": {
                    "verse_nr": 9,
                    "verse": "Zn\u00e1te p\u0159ece milost na\u0161eho P\u00e1na Je\u017e\u00ed\u0161e Krista: a\u010dkoli byl bohat\u00fd, stal se kv\u016fli v\u00e1m chud\u00fdm, abyste vy jeho chudobou zbohatli.\n"
                },
                "10": {
                    "verse_nr": 10,
                    "verse": "\u0158eknu v\u00e1m o tom sv\u00e9 m\u00edn\u011bn\u00ed. Je to u\u017eite\u010dn\u00e9 pro v\u00e1s, kte\u0159\u00ed jste tuto milost nejen za\u010dali ji\u017e od lo\u0148ska p\u0159ipravovat, ale sami jste ji i cht\u011bli.\n"
                },
                "11": {
                    "verse_nr": 11,
                    "verse": "Nyn\u00ed ji tak\u00e9 dokonejte, aby stejn\u011b tak, jako jste pohotov\u011b cht\u011bli, jste to i dokonali z toho, co m\u00e1te.\n"
                },
                "12": {
                    "verse_nr": 12,
                    "verse": "Nebo\u0165 je-li ochota d\u00e1t p\u0159im\u011b\u0159en\u00e1 tomu, co \u010dlov\u011bk m\u00e1, a ne tomu, co nem\u00e1, je v\u00edtan\u00e1.\n"
                },
                "13": {
                    "verse_nr": 13,
                    "verse": "Nem\u011bla by jin\u00fdm p\u0159in\u00e9st \u00falevu a v\u00e1m sou\u017een\u00ed, ale m\u011blo by to b\u00fdt na z\u00e1klad\u011b vyrovn\u00e1n\u00ed.\n"
                },
                "14": {
                    "verse_nr": 14,
                    "verse": "V nyn\u011bj\u0161\u00ed dob\u011b v\u00e1\u0161 p\u0159ebytek pom\u016f\u017ee jejich nedostatku, aby jejich p\u0159ebytek zase pomohl va\u0161emu nedostatku, a tak aby nastalo vyrovn\u00e1n\u00ed,\n"
                },
                "15": {
                    "verse_nr": 15,
                    "verse": "jak je naps\u00e1no: 'Tomu, kdo nasb\u00edral mnoho, nep\u0159ebylo, a ten, kdo nasb\u00edral m\u00e1lo, nem\u011bl nedostatek.'\n"
                },
                "16": {
                    "verse_nr": 16,
                    "verse": "D\u00edky Bohu, \u017ee dal Titovi do srdce stejn\u00fd horliv\u00fd z\u00e1jem o v\u00e1s,\n"
                },
                "17": {
                    "verse_nr": 17,
                    "verse": "tak\u017ee tu v\u00fdzvu p\u0159ijal, a ve sv\u00e9 horlivosti s\u00e1m od sebe odch\u00e1z\u00ed k v\u00e1m.\n"
                },
                "18": {
                    "verse_nr": 18,
                    "verse": "Spolu s n\u00edm pos\u00edl\u00e1me bratra, o jeho\u017e po\u010d\u00edn\u00e1n\u00ed ve slu\u017eb\u011b evangelia se \u0161\u00ed\u0159\u00ed chv\u00e1la skrze v\u0161echny sbory.\n"
                },
                "19": {
                    "verse_nr": 19,
                    "verse": "A nejen to, ale byl tak\u00e9 sbory ur\u010den za na\u0161eho spole\u010dn\u00edka na cest\u00e1ch s touto milost\u00ed, o kterou se star\u00e1me ke sl\u00e1v\u011b sam\u00e9ho P\u00e1na a podle na\u0161\u00ed ochoty si navz\u00e1jem pomoci.\n"
                },
                "20": {
                    "verse_nr": 20,
                    "verse": "Tak se varujeme toho, \u017ee by n\u00e1s n\u011bkdo podez\u00edral p\u0159i na\u0161\u00ed p\u00e9\u010di o tuto \u0161t\u011bdrou hojnost.\n"
                },
                "21": {
                    "verse_nr": 21,
                    "verse": "Nebo\u0165 p\u0159edem db\u00e1me o to, aby v\u0161e bylo spr\u00e1vn\u00e9 nejen p\u0159ed P\u00e1nem, n\u00fdbr\u017e i p\u0159ed lidmi.\n"
                },
                "22": {
                    "verse_nr": 22,
                    "verse": "S nimi je\u0161t\u011b pos\u00edl\u00e1me na\u0161eho bratra, kter\u00e9ho jsme v \u010detn\u00fdch zkou\u0161k\u00e1ch shledali horliv\u00fdm v mnoha ohledech. A nyn\u00ed je je\u0161t\u011b mnohem horliv\u011bj\u0161\u00ed pro velkou d\u016fv\u011bru, kterou m\u00e1 k v\u00e1m.\n"
                },
                "23": {
                    "verse_nr": 23,
                    "verse": "Pokud jde o Tita, je to m\u016fj spole\u010dn\u00edk a spolupracovn\u00edk v pr\u00e1ci pro v\u00e1s, pokud jde o na\u0161e bratry, jsou to vyslanci sbor\u016f a sl\u00e1va Kristova.\n"
                },
                "24": {
                    "verse_nr": 24,
                    "verse": "Podejte jim tedy p\u0159ed sbory d\u016fkaz sv\u00e9 l\u00e1sky a toho, \u017ee se v\u00e1mi pr\u00e1vem chlub\u00edme.\n"
                }
            }
        },
        "9": {
            "chapter_nr": 9,
            "chapter": {
                "1": {
                    "verse_nr": 1,
                    "verse": "O t\u00e9to slu\u017eb\u011b pro svat\u00e9 je zbyte\u010dn\u00e9, abych v\u00e1m psal.\n"
                },
                "2": {
                    "verse_nr": 2,
                    "verse": "Nebo\u0165 zn\u00e1m va\u0161i ochotu, pro kterou se v\u00e1mi chlub\u00edm p\u0159ed Makedo\u0148any, \u017ee toti\u017e Achaia je u\u017e od lo\u0148ska p\u0159ipravena; va\u0161e horlivost podn\u00edtila v\u011bt\u0161inu z nich.\n"
                },
                "3": {
                    "verse_nr": 3,
                    "verse": "Pos\u00edl\u00e1m tyto bratry, aby na\u0161e hrdost na v\u00e1s v t\u00e9to v\u011bci nevyzn\u011bla napr\u00e1zdno, abyste byli p\u0159ipraveni, jak jsem \u0159\u00edkal,\n"
                },
                "4": {
                    "verse_nr": 4,
                    "verse": "a abychom my - ne\u0159ku-li vy - nebyli zahanbeni v t\u00e9to jistot\u011b, kdyby se mnou p\u0159i\u0161li Makedonci a nalezli v\u00e1s nep\u0159ipraven\u00e9.\n"
                },
                "5": {
                    "verse_nr": 5,
                    "verse": "Proto jsem pova\u017eoval za nutn\u00e9 vyzvat tyto bratry, aby k v\u00e1m \u0161li nap\u0159ed a p\u0159ipravili toto va\u0161e dop\u0159edu sl\u00edben\u00e9 po\u017eehn\u00e1n\u00ed; a\u0165 je takto p\u0159ipraven\u00e9 jako po\u017eehn\u00e1n\u00ed, a ne jako lakota.\n"
                },
                "6": {
                    "verse_nr": 6,
                    "verse": "Toto v\u0161ak v\u011bzte: Kdo skoup\u011b rozs\u00e9v\u00e1, bude tak\u00e9 skoup\u011b skl\u00edzet; a kdo \u0161t\u011bd\u0159e rozs\u00e9v\u00e1, bude tak\u00e9 \u0161t\u011bd\u0159e skl\u00edzet.\n"
                },
                "7": {
                    "verse_nr": 7,
                    "verse": "Ka\u017ed\u00fd a\u0165 d\u00e1, jak si p\u0159edsevzal v srdci, ne se z\u00e1rmutkem nebo z donucen\u00ed; v\u017edy\u0165 radostn\u00e9ho d\u00e1rce miluje B\u016fh.\n"
                },
                "8": {
                    "verse_nr": 8,
                    "verse": "A B\u016fh je mocen rozhojnit p\u0159i v\u00e1s ka\u017ed\u00fd dar milosti, abyste m\u011bli v\u017edycky ve v\u0161em \u00fapln\u00fd dostatek a m\u011bli hojnost pro ka\u017ed\u00fd dobr\u00fd skutek,\n"
                },
                "9": {
                    "verse_nr": 9,
                    "verse": "jak je naps\u00e1no: 'Rozsypal a dal nuzn\u00fdm, jeho spravedlnost z\u016fst\u00e1v\u00e1 na v\u011b\u010dnost.'\n"
                },
                "10": {
                    "verse_nr": 10,
                    "verse": "Ten, kter\u00fd poskytuje zrno rozs\u00e9vaj\u00edc\u00edmu a chl\u00e9b k j\u00eddlu, opat\u0159\u00ed a rozmno\u017e\u00ed va\u0161i setbu a d\u00e1 vyr\u016fst plod\u016fm va\u0161\u00ed spravedlnosti.\n"
                },
                "11": {
                    "verse_nr": 11,
                    "verse": "V\u0161\u00edm zp\u016fsobem budete obohacov\u00e1ni k ve\u0161ker\u00e9 \u0161t\u011bdrosti, kter\u00e1 skrze n\u00e1s p\u016fsob\u00ed vd\u011b\u010dnost Bohu.\n"
                },
                "12": {
                    "verse_nr": 12,
                    "verse": "P\u00e9\u010de o tuto slu\u017ebu toti\u017e nejenom dopl\u0148uje to, \u010deho se nedost\u00e1v\u00e1 svat\u00fdm, n\u00fdbr\u017e tak\u00e9 opl\u00fdv\u00e1 mnoh\u00fdmi d\u00edk\u016f\u010din\u011bn\u00edmi Bohu.\n"
                },
                "13": {
                    "verse_nr": 13,
                    "verse": "Kdy\u017e se osv\u011bd\u010d\u00edte v t\u00e9to slu\u017eb\u011b, budou oni slavit Boha za to, \u017ee se pod\u0159izujete evangeliu Kristovu, kter\u00e9 vyzn\u00e1v\u00e1te, a za \u0161t\u011bdrost, kterou sd\u00edl\u00edte s nimi a se v\u0161emi.\n"
                },
                "14": {
                    "verse_nr": 14,
                    "verse": "Budou se za v\u00e1s modlit a tou\u017eit po v\u00e1s pro nesm\u00edrnou milost Bo\u017e\u00ed, kter\u00e1 je p\u0159i v\u00e1s.\n"
                },
                "15": {
                    "verse_nr": 15,
                    "verse": "D\u00edky Bohu za jeho nev\u00fdslovn\u00fd dar!\n"
                }
            }
        },
        "10": {
            "chapter_nr": 10,
            "chapter": {
                "1": {
                    "verse_nr": 1,
                    "verse": "J\u00e1 s\u00e1m, Pavel, v\u00e1s napom\u00edn\u00e1m skrze tichost a m\u00edrnost Kristovu, j\u00e1, kter\u00fd tv\u00e1\u0159\u00ed v tv\u00e1\u0159 jsem mezi v\u00e1mi pokorn\u00fd, ale kdy\u017e jsem vzd\u00e1len, jsem k v\u00e1m sm\u011bl\u00fd.\n"
                },
                "2": {
                    "verse_nr": 2,
                    "verse": "Pros\u00edm v\u00e1s, abych se po sv\u00e9m p\u0159\u00edchodu nemusil odv\u00e1\u017eit b\u00fdt sm\u011bl\u00fd, tak jak se toho hodl\u00e1m odv\u00e1\u017eit v\u016f\u010di n\u011bkter\u00fdm, kte\u0159\u00ed si o n\u00e1s mysl\u00ed, \u017ee \u017eijeme t\u011blesn\u011b.\n"
                },
                "3": {
                    "verse_nr": 3,
                    "verse": "Nebo\u0165 a\u010dkoli \u017eijeme v t\u011ble, nebojujeme podle t\u011bla.\n"
                },
                "4": {
                    "verse_nr": 4,
                    "verse": "Zbran\u011b na\u0161eho boje nejsou t\u011blesn\u00e9, ale maj\u00ed od Boha s\u00edlu bo\u0159it opevn\u011bn\u00ed; bo\u0159\u00edme rozumov\u00e1n\u00ed\n"
                },
                "5": {
                    "verse_nr": 5,
                    "verse": "a ka\u017edou pov\u00fd\u0161enost, kter\u00e1 se pozved\u00e1 proti pozn\u00e1n\u00ed Boha. Uv\u00e1d\u00edme do zajet\u00ed ka\u017edou my\u0161lenku, aby byla poslu\u0161na Krista,\n"
                },
                "6": {
                    "verse_nr": 6,
                    "verse": "a jsme p\u0159ipraveni potrestat ka\u017edou neposlu\u0161nost, jakmile bude va\u0161e poslu\u0161nost \u00fapln\u00e1.\n"
                },
                "7": {
                    "verse_nr": 7,
                    "verse": "Hled\u00edte jen na to, co m\u00e1te p\u0159ed o\u010dima. Je-li n\u011bkdo o sob\u011b p\u0159esv\u011bd\u010den, \u017ee je Krist\u016fv, a\u0165 si uv\u011bdomuje i to, \u017ee jako je on Krist\u016fv, tak jsme i my.\n"
                },
                "8": {
                    "verse_nr": 8,
                    "verse": "V\u017edy\u0165 i kdybych se sebev\u00edc chlubil na\u0161\u00ed pravomoc\u00ed, kterou n\u00e1m P\u00e1n dal k va\u0161emu budov\u00e1n\u00ed, a ne k ni\u010den\u00ed, nebudu zahanben.\n"
                },
                "9": {
                    "verse_nr": 9,
                    "verse": "Ale ne\u010din\u00edm tak, abych nevypadal, jako bych v\u00e1s cht\u011bl sv\u00fdmi dopisy zastra\u0161ovat.\n"
                },
                "10": {
                    "verse_nr": 10,
                    "verse": "N\u011bkdo toti\u017e \u0159\u00edk\u00e1: \"Jeho dopisy jsou z\u00e1va\u017en\u00e9 a mocn\u00e9, ale osobn\u00ed p\u0159\u00edtomnost slab\u00e1 a \u0159e\u010d uboh\u00e1.\"\n"
                },
                "11": {
                    "verse_nr": 11,
                    "verse": "Takov\u00fd \u010dlov\u011bk a\u0165 si uv\u011bdom\u00ed, \u017ee jac\u00ed jsme v psan\u00e9m slovu, kdy\u017e jsme nep\u0159\u00edtomni, takov\u00ed budeme tak\u00e9 v \u010dinu, a\u017e budeme p\u0159\u00edtomni.\n"
                },
                "12": {
                    "verse_nr": 12,
                    "verse": "Netrouf\u00e1me se toti\u017e za\u0159adit mezi ty, kte\u0159\u00ed doporu\u010duj\u00ed sami sebe, nebo se k n\u011bkter\u00fdm z nich p\u0159irovnat; v\u017edy\u0165 oni se m\u011b\u0159\u00ed sami sebou a p\u0159irovn\u00e1vaj\u00ed se k sob\u011b sam\u00fdm, a nech\u00e1pou, o\u010d jde.\n"
                },
                "13": {
                    "verse_nr": 13,
                    "verse": "Nebudeme se chlubit nad stanovenou m\u00edru, ale v souladu s v\u00fdm\u011brou oblasti, kterou n\u00e1m vym\u011b\u0159il B\u016fh m\u00edry, abychom dos\u00e1hli tak\u00e9 a\u017e k v\u00e1m.\n"
                },
                "14": {
                    "verse_nr": 14,
                    "verse": "Nebo\u0165 se nevyp\u00edn\u00e1me p\u0159es m\u00edru, jako bychom k v\u00e1m nedosahovali, v\u017edy\u0165 a\u017e i k v\u00e1m jsme p\u0159i\u0161li s evangeliem Kristov\u00fdm.\n"
                },
                "15": {
                    "verse_nr": 15,
                    "verse": "Nechlub\u00edme se bez m\u00edry ciz\u00ed prac\u00ed, ale m\u00e1me nad\u011bji - poroste-li va\u0161e v\u00edra - \u017ee se mnohem hojn\u011bji mezi v\u00e1mi roz\u0161\u00ed\u0159\u00edme po na\u0161\u00ed oblasti,\n"
                },
                "16": {
                    "verse_nr": 16,
                    "verse": "abychom vyhl\u00e1sili evangelium v krajin\u00e1ch za v\u00e1mi, a nebudeme se chlubit t\u00edm, co je hotovo v oblasti druh\u00fdch.\n"
                },
                "17": {
                    "verse_nr": 17,
                    "verse": "Kdo se chlub\u00ed, a\u0165 se chlub\u00ed v P\u00e1nu.\n"
                },
                "18": {
                    "verse_nr": 18,
                    "verse": "Nebo\u0165 nen\u00ed osv\u011bd\u010den\u00fd ten, kdo s\u00e1m sebe doporu\u010duje, n\u00fdbr\u017e ten, koho doporu\u010duje P\u00e1n.\n"
                }
            }
        },
        "11": {
            "chapter_nr": 11,
            "chapter": {
                "1": {
                    "verse_nr": 1,
                    "verse": "K\u00e9\u017e byste p\u0159i mn\u011b snesli trochu nerozumnosti - ano, sn\u00e1\u0161ejte mne!\n"
                },
                "2": {
                    "verse_nr": 2,
                    "verse": "Nebo\u0165 na v\u00e1s \u017e\u00e1rl\u00edm Bo\u017e\u00ed \u017e\u00e1rlivost\u00ed; zasnoubil jsem v\u00e1s jedin\u00e9mu mu\u017ei, abych v\u00e1s jako \u010distou pannu p\u0159edstavil Kristu.\n"
                },
                "3": {
                    "verse_nr": 3,
                    "verse": "Ale boj\u00edm se, aby snad tak, jako had svedl Evu svou vychytralost\u00ed, nebyla poru\u0161ena i va\u0161e mysl a neodvr\u00e1tila se od up\u0159\u00edmn\u00e9 a \u010dist\u00e9 oddanosti Kristu.\n"
                },
                "4": {
                    "verse_nr": 4,
                    "verse": "Nebo\u0165 kdy\u017e n\u011bkdo p\u0159ich\u00e1z\u00ed a hl\u00e1s\u00e1 jin\u00e9ho Je\u017e\u00ed\u0161e, ne\u017e jsme my hl\u00e1sali, nebo kdy\u017e p\u0159ij\u00edm\u00e1te jin\u00e9ho ducha nebo jin\u00e9 evangelium, ne\u017e jste p\u0159ijali, klidn\u011b to sn\u00e1\u0161\u00edte.\n"
                },
                "5": {
                    "verse_nr": 5,
                    "verse": "M\u00e1m za to, \u017ee nejsem v ni\u010dem pozadu za t\u011bmi nejv\u011bt\u0161\u00edmi apo\u0161toly.\n"
                },
                "6": {
                    "verse_nr": 6,
                    "verse": "A jsem-li prost\u00fd v \u0159e\u010di, ur\u010dit\u011b ne v pozn\u00e1n\u00ed; v\u017edy\u0165 p\u0159i ka\u017ed\u00e9 p\u0159\u00edle\u017eitosti jsme v\u00e1m to ve v\u0161em dali najevo.\n"
                },
                "7": {
                    "verse_nr": 7,
                    "verse": "Nebo jsem se dopustil h\u0159\u00edchu, kdy\u017e jsem s\u00e1m sebe poko\u0159oval, abyste vy byli vyv\u00fd\u0161eni, kdy\u017e jsem v\u00e1m zv\u011bstoval Bo\u017e\u00ed evangelium zadarmo?\n"
                },
                "8": {
                    "verse_nr": 8,
                    "verse": "Jin\u00e9 sbory jsem oloupil, kdy\u017e jsem p\u0159ijal mzdu, abych v\u00e1m slou\u017eil.\n"
                },
                "9": {
                    "verse_nr": 9,
                    "verse": "A kdy\u017e jsem byl u v\u00e1s a m\u011bl jsem nedostatek, nikomu jsem nebyl b\u0159emenem, nebo\u0165 m\u016fj nedostatek doplnili brat\u0159i, kte\u0159\u00ed p\u0159i\u0161li z Makedonie. Ve v\u0161em jsem se zachoval a budu se chovat tak, abych v\u00e1m nebyl z\u00e1t\u011b\u017e\u00ed.\n"
                },
                "10": {
                    "verse_nr": 10,
                    "verse": "Jako\u017ee je ve mn\u011b pravda Kristova, tato m\u00e1 chlouba nebude uml\u010dena v achajsk\u00fdch kraj\u00edch.\n"
                },
                "11": {
                    "verse_nr": 11,
                    "verse": "Pro\u010d? Proto\u017ee v\u00e1s nemiluji? B\u016fh to v\u00ed.\n"
                },
                "12": {
                    "verse_nr": 12,
                    "verse": "Ale co \u010din\u00edm, budu \u010dinit i nad\u00e1le, abych nedal mo\u017enost t\u011bm, kdo cht\u011bj\u00ed p\u0159\u00edle\u017eitost, aby v tom, \u010d\u00edm se chlub\u00ed, byli shled\u00e1ni stejn\u00fdmi jako my.\n"
                },
                "13": {
                    "verse_nr": 13,
                    "verse": "Nebo\u0165 takov\u00ed lid\u00e9 jsou fale\u0161n\u00ed apo\u0161tolov\u00e9, lstiv\u00ed pracovn\u00edci, kte\u0159\u00ed se p\u0159estrojuj\u00ed za apo\u0161toly Kristovy.\n"
                },
                "14": {
                    "verse_nr": 14,
                    "verse": "A nen\u00ed divu; v\u017edy\u0165 s\u00e1m Satan se p\u0159estrojuje za and\u011bla sv\u011btla.\n"
                },
                "15": {
                    "verse_nr": 15,
                    "verse": "Nen\u00ed to tedy nic zvl\u00e1\u0161tn\u00edho, kdy\u017e se i jeho slu\u017eebn\u00edci p\u0159estrojuj\u00ed za slu\u017eebn\u00edky spravedlnosti; jejich konec bude podle jejich skutk\u016f.\n"
                },
                "16": {
                    "verse_nr": 16,
                    "verse": "Znova \u0159\u00edk\u00e1m, aby si n\u011bkdo o mn\u011b nemyslel, \u017ee jsem nerozumn\u00fd; a kdy\u017e ano, p\u0159ijm\u011bte mne i jako nerozumn\u00e9ho, abych se i j\u00e1 trochu pochlubil.\n"
                },
                "17": {
                    "verse_nr": 17,
                    "verse": "To, co te\u010f \u0159\u00edk\u00e1m, ne\u0159\u00edk\u00e1m podle P\u00e1na, ale jako v nerozumu, v t\u00e9to jistot\u011b chlouby.\n"
                },
                "18": {
                    "verse_nr": 18,
                    "verse": "Proto\u017ee se mnoz\u00ed chlub\u00ed podle t\u011bla, i j\u00e1 se pochlub\u00edm.\n"
                },
                "19": {
                    "verse_nr": 19,
                    "verse": "R\u00e1di toti\u017e sn\u00e1\u0161\u00edte nerozumn\u00e9, proto\u017ee sami jste rozumn\u00ed.\n"
                },
                "20": {
                    "verse_nr": 20,
                    "verse": "Sn\u00e1\u0161\u00edte, kdy\u017e v\u00e1s n\u011bkdo zotro\u010duje, kdy\u017e v\u00e1s n\u011bkdo vyj\u00edd\u00e1, kdy\u017e v\u00e1s n\u011bkdo ob\u00edr\u00e1, kdy\u017e se n\u011bkdo vyvy\u0161uje, kdy\u017e v\u00e1s n\u011bkdo bije do tv\u00e1\u0159e.\n"
                },
                "21": {
                    "verse_nr": 21,
                    "verse": "K vlastn\u00ed hanb\u011b vyzn\u00e1v\u00e1m: jako bychom byli v t\u00e9to v\u011bci slab\u00ed. Ale v \u010demkoliv si n\u011bkdo trouf\u00e1 - mluv\u00edm ov\u0161em z nerozumu - trouf\u00e1m si i j\u00e1.\n"
                },
                "22": {
                    "verse_nr": 22,
                    "verse": "Jsou Hebrejci? J\u00e1 tak\u00e9. Jsou Izraelci? J\u00e1 tak\u00e9. Jsou potomci Abrahamovi? J\u00e1 tak\u00e9.\n"
                },
                "23": {
                    "verse_nr": 23,
                    "verse": "Jsou slu\u017eebn\u00edci Kristovi? Mluv\u00edm bez rozumu: J\u00e1 nad to. Hojn\u011bji v t\u011b\u017ek\u00fdch prac\u00edch, hojn\u011bji ve v\u011bzen\u00edch, nad m\u00edru v ran\u00e1ch, \u010dastokr\u00e1t v ohro\u017een\u00ed \u017eivota.\n"
                },
                "24": {
                    "verse_nr": 24,
                    "verse": "Od \u017did\u016f jsem p\u011btkr\u00e1t dostal \u010dty\u0159icet ran bez jedn\u00e9,\n"
                },
                "25": {
                    "verse_nr": 25,
                    "verse": "t\u0159ikr\u00e1t jsem byl bit hol\u00ed, jednou kamenov\u00e1n, t\u0159ikr\u00e1t jsem ztroskotal, noc a den jsem str\u00e1vil na \u0161ir\u00e9m mo\u0159i;\n"
                },
                "26": {
                    "verse_nr": 26,
                    "verse": "\u010dastokr\u00e1t na cest\u00e1ch, v nebezpe\u010d\u00edch na \u0159ek\u00e1ch, v nebezpe\u010d\u00edch od lupi\u010d\u016f, v nebezpe\u010d\u00edch od vlastn\u00edho kmene, v nebezpe\u010d\u00edch od pohan\u016f, v nebezpe\u010d\u00edch ve m\u011bst\u011b, v nebezpe\u010d\u00edch v pustin\u011b, v nebezpe\u010d\u00edch na mo\u0159i, v nebezpe\u010d\u00edch mezi fale\u0161n\u00fdmi brat\u0159\u00edmi;\n"
                },
                "27": {
                    "verse_nr": 27,
                    "verse": "v t\u011b\u017ek\u00e9 pr\u00e1ci a lopot\u011b, \u010dasto v no\u010dn\u00edch bd\u011bn\u00edch, o hladu a \u017e\u00edzni, \u010dasto v postech, v zim\u011b a nahot\u011b.\n"
                },
                "28": {
                    "verse_nr": 28,
                    "verse": "Krom\u011b jin\u00e9ho, co na mne denn\u011b dol\u00e9h\u00e1, m\u00e1m starost o v\u0161echny sbory.\n"
                },
                "29": {
                    "verse_nr": 29,
                    "verse": "Kdo je slab\u00fd, abych i j\u00e1 nebyl slab\u00fd? Kdo je n\u011b\u010d\u00edm pohor\u0161ov\u00e1n, aby to i m\u011b nep\u00e1lilo?\n"
                },
                "30": {
                    "verse_nr": 30,
                    "verse": "M\u00e1m-li se chlubit, budu se chlubit t\u00edm, v \u010dem jsem sl\u00e1b.\n"
                },
                "31": {
                    "verse_nr": 31,
                    "verse": "B\u016fh a Otec P\u00e1na Je\u017e\u00ed\u0161e, kter\u00fd je po\u017eehnan\u00fd na v\u011bky, v\u00ed, \u017ee nel\u017eu.\n"
                },
                "32": {
                    "verse_nr": 32,
                    "verse": "V Dama\u0161ku m\u00edstodr\u017eitel kr\u00e1le Arety hl\u00eddal m\u011bsto, aby se mne zmocnil,\n"
                },
                "33": {
                    "verse_nr": 33,
                    "verse": "ale byl jsem v ko\u0161i spu\u0161t\u011bn oknem ve zdi a unikl jsem jeho ruk\u00e1m.\n"
                }
            }
        },
        "12": {
            "chapter_nr": 12,
            "chapter": {
                "1": {
                    "verse_nr": 1,
                    "verse": "[Kdy\u017e] u\u017e se mus\u00edm chlubit, a\u010d mi to nen\u00ed k u\u017eitku, p\u0159istoup\u00edm k vid\u011bn\u00edm a zjeven\u00edm od P\u00e1na.\n"
                },
                "2": {
                    "verse_nr": 2,
                    "verse": "Zn\u00e1m \u010dlov\u011bka v Kristu, kter\u00fd byl p\u0159ed \u010dtrn\u00e1cti lety vytr\u017een a\u017e do t\u0159et\u00edho nebe - jestli to bylo v t\u011ble nebo mimo t\u011blo, nev\u00edm, B\u016fh to v\u00ed.\n"
                },
                "3": {
                    "verse_nr": 3,
                    "verse": "A v\u00edm, \u017ee tento \u010dlov\u011bk - bylo-li to v t\u011ble \u010di bez t\u011bla, nev\u00edm, B\u016fh to v\u00ed -\n"
                },
                "4": {
                    "verse_nr": 4,
                    "verse": "byl vytr\u017een do r\u00e1je a usly\u0161el nevypraviteln\u00e9 v\u011bci, o nich\u017e nen\u00ed \u010dlov\u011bku dovoleno promluvit.\n"
                },
                "5": {
                    "verse_nr": 5,
                    "verse": "Takov\u00fdm \u010dlov\u011bkem se budu chlubit, s\u00e1m sebou se v\u0161ak chlubit nebudu, leda sv\u00fdmi slabostmi.\n"
                },
                "6": {
                    "verse_nr": 6,
                    "verse": "Kdybych se cht\u011bl pochlubit, nebyl bych nerozumn\u00fd, v\u017edy\u0165 bych mluvil pravdu. Nech\u00e1m v\u0161ak toho, aby si n\u011bkdo o mn\u011b nemyslel v\u00edc, ne\u017e co na mn\u011b vid\u00ed nebo co ode mne sly\u0161\u00ed.\n"
                },
                "7": {
                    "verse_nr": 7,
                    "verse": "A abych se mimo\u0159\u00e1dnost\u00ed zjeven\u00ed nepovy\u0161oval, byl mi d\u00e1n do t\u011bla trn, Satan\u016fv and\u011bl, aby m\u011b pol\u00ed\u010dkoval, a j\u00e1 se nepovy\u0161oval.\n"
                },
                "8": {
                    "verse_nr": 8,
                    "verse": "Kv\u016fli tomu jsem t\u0159ikr\u00e1t prosil P\u00e1na, aby to ode mne ode\u0161lo,\n"
                },
                "9": {
                    "verse_nr": 9,
                    "verse": "ale on mi \u0159ekl: 'Sta\u010d\u00ed ti m\u00e1 milost, nebo\u0165 m\u00e1 moc se dokon\u00e1v\u00e1 ve slabosti.' Velmi r\u00e1d se tedy budu chlubit sp\u00ed\u0161e sv\u00fdmi slabostmi, aby na mn\u011b spo\u010dinula moc Kristova.\n"
                },
                "10": {
                    "verse_nr": 10,
                    "verse": "Proto m\u00e1m z\u00e1libu v slabostech, v zl\u00e9m zach\u00e1zen\u00ed, v t\u00edsn\u00edch, v pron\u00e1sledov\u00e1n\u00edch a \u00fazkostech pro Krista. Nebo\u0165 kdy\u017e jsem slab\u00fd, tehdy jsem mocn\u00fd.\n"
                },
                "11": {
                    "verse_nr": 11,
                    "verse": "Stal jsem se nemoudr\u00fdm; vy jste mne k tomu p\u0159inutili. J\u00e1 m\u00e1m b\u00fdt od v\u00e1s doporu\u010dov\u00e1n, nebo\u0165 jsem nebyl v ni\u010dem pozadu za t\u011bmi nejv\u011bt\u0161\u00edmi apo\u0161toly, i kdy\u017e nejsem nic.\n"
                },
                "12": {
                    "verse_nr": 12,
                    "verse": "Znamen\u00ed apo\u0161tola byla mezi v\u00e1mi uskute\u010dn\u011bna ve v\u0161\u00ed vytrvalosti znamen\u00edmi, divy a mocn\u00fdmi \u010diny.\n"
                },
                "13": {
                    "verse_nr": 13,
                    "verse": "V \u010dem jste na tom byli h\u016f\u0159 ne\u017e ostatn\u00ed sbory, krom\u011b toho, \u017ee j\u00e1 s\u00e1m jsem v\u00e1m nebyl na obt\u00ed\u017e? Odpus\u0165te mi tuto k\u0159ivdu.\n"
                },
                "14": {
                    "verse_nr": 14,
                    "verse": "Hle, pot\u0159et\u00ed jsem p\u0159ipraven k v\u00e1m p\u0159ij\u00edt. A nebudu v\u00e1m na obt\u00ed\u017e. Nehled\u00e1m to, co je va\u0161e, n\u00fdbr\u017e v\u00e1s. Nebo\u0165 nemaj\u00ed d\u011bti shroma\u017e\u010fovat pro rodi\u010de, n\u00fdbr\u017e rodi\u010de pro d\u011bti.\n"
                },
                "15": {
                    "verse_nr": 15,
                    "verse": "J\u00e1 velmi r\u00e1d vynalo\u017e\u00edm v\u0161echno, ano s\u00e1m sebe vyd\u00e1m pro va\u0161e du\u0161e. Kdy\u017e v\u00e1s v\u00edce miluji, m\u00e1m b\u00fdt za to m\u00e9n\u011b milov\u00e1n?\n"
                },
                "16": {
                    "verse_nr": 16,
                    "verse": "Ale budi\u017e! J\u00e1 s\u00e1m jsem v\u00e1m nebyl na obt\u00ed\u017e, ale jsem pr\u00fd chytr\u00e1k a obelstil jsem v\u00e1s.\n"
                },
                "17": {
                    "verse_nr": 17,
                    "verse": "Snad jsem v\u00e1s podvedl skrze n\u011bkoho, koho jsem k v\u00e1m poslal?\n"
                },
                "18": {
                    "verse_nr": 18,
                    "verse": "Vyb\u00eddl jsem Tita a poslal jsem s n\u00edm bratra. Podvedl v\u00e1s snad Titus? Co\u017e jsme nejednali v t\u00e9m\u017e duchu a ne\u0161li ve stejn\u00fdch \u0161l\u00e9p\u011bj\u00edch?\n"
                },
                "19": {
                    "verse_nr": 19,
                    "verse": "U\u017e d\u00e1vno si mysl\u00edte, \u017ee se p\u0159ed v\u00e1mi obhajujeme. P\u0159ed Bohem v Kristu mluv\u00edme, a to v\u0161echno, milovan\u00ed, pro va\u0161e budov\u00e1n\u00ed.\n"
                },
                "20": {
                    "verse_nr": 20,
                    "verse": "Ob\u00e1v\u00e1m se toti\u017e, abych v\u00e1s po sv\u00e9m p\u0159\u00edchodu neshledal takov\u00fdmi, jak\u00fdmi v\u00e1s nal\u00e9zt nechci, a abych j\u00e1 nebyl shled\u00e1n od v\u00e1s, jak\u00fdm si m\u011b nep\u0159ejete; aby nepovstaly sv\u00e1r, \u017e\u00e1rlivost, zlosti, soupe\u0159en\u00ed, utrh\u00e1n\u00ed, pomluvy, nadutosti, zmatky.\n"
                },
                "21": {
                    "verse_nr": 21,
                    "verse": "Ob\u00e1v\u00e1m se, aby m\u011b m\u016fj B\u016fh, a\u017e op\u011bt p\u0159ijdu, u v\u00e1s nepoko\u0159il a abych neoplak\u00e1val mnoh\u00e9, kte\u0159\u00ed padli do h\u0159\u00edchu a neu\u010dinili pok\u00e1n\u00ed z ne\u010distoty, smilstva a nev\u00e1zanosti, kter\u00fdch se dopustili.\n"
                }
            }
        },
        "13": {
            "chapter_nr": 13,
            "chapter": {
                "1": {
                    "verse_nr": 1,
                    "verse": "To je pot\u0159et\u00ed, co k v\u00e1m p\u0159ich\u00e1z\u00edm. \u00dasty dvou nebo t\u0159\u00ed sv\u011bdk\u016f bude potvrzena ka\u017ed\u00e1 v\u011bc.\n"
                },
                "2": {
                    "verse_nr": 2,
                    "verse": "\u0158ekl jsem u\u017e, kdy\u017e jsem byl u v\u00e1s podruh\u00e9, a kdy\u017e jsem nyn\u00ed vzd\u00e1len, znovu p\u0159edem \u0159\u00edk\u00e1m t\u011bm, kte\u0159\u00ed z\u016fstali v h\u0159\u00edchu, i v\u0161em ostatn\u00edm: a\u017e zase p\u0159ijdu, nebudu nikoho \u0161et\u0159it,\n"
                },
                "3": {
                    "verse_nr": 3,
                    "verse": "pon\u011bvad\u017e hled\u00e1te potvrzen\u00ed, \u017ee ve mn\u011b mluv\u00ed Kristus, kter\u00fd nen\u00ed v\u016f\u010di v\u00e1m slab\u00fd, n\u00fdbr\u017e je mezi v\u00e1mi mocn\u00fd.\n"
                },
                "4": {
                    "verse_nr": 4,
                    "verse": "V\u017edy\u0165 byl sice uk\u0159i\u017eov\u00e1n ze slabosti, ale \u017eije z moci Bo\u017e\u00ed. I my jsme v n\u011bm slab\u00ed, ale pro v\u00e1s budeme spolu s n\u00edm \u017e\u00edt z moci Bo\u017e\u00ed.\n"
                },
                "5": {
                    "verse_nr": 5,
                    "verse": "Sami sebe zkou\u0161ejte, jste-li ve v\u00ed\u0159e, sami sebe zkoumejte. \u010ci nepozn\u00e1v\u00e1te sami na sob\u011b, \u017ee Je\u017e\u00ed\u0161 Kristus je ve v\u00e1s? Leda\u017ee byste byli neosv\u011bd\u010den\u00ed.\n"
                },
                "6": {
                    "verse_nr": 6,
                    "verse": "Douf\u00e1m v\u0161ak, \u017ee pozn\u00e1te, \u017ee my nejsme neosv\u011bd\u010den\u00ed.\n"
                },
                "7": {
                    "verse_nr": 7,
                    "verse": "Modl\u00edme se k Bohu, abyste neu\u010dinili nic zl\u00e9ho; ne proto, abychom se my uk\u00e1zali jako ti, kdo se osv\u011bd\u010dili, n\u00fdbr\u017e abyste vy \u010dinili dob\u0159e, a my abychom byli jako neosv\u011bd\u010den\u00ed.\n"
                },
                "8": {
                    "verse_nr": 8,
                    "verse": "Nebo\u0165 nezm\u016f\u017eeme nic proti pravd\u011b, n\u00fdbr\u017e pro pravdu.\n"
                },
                "9": {
                    "verse_nr": 9,
                    "verse": "Radujeme se, kdy\u017e my jsme slab\u00ed, ale vy jste mocn\u00ed. I za to se modl\u00edme, za va\u0161e zdokonalen\u00ed.\n"
                },
                "10": {
                    "verse_nr": 10,
                    "verse": "Proto p\u00ed\u0161u tyto v\u011bci, dokud jsem nep\u0159\u00edtomen, abych po sv\u00e9m p\u0159\u00edchodu nemusil jednat p\u0159\u00edsn\u011b podle pravomoci, kterou mi P\u00e1n dal k budov\u00e1n\u00ed, a ne k ni\u010den\u00ed.\n"
                },
                "11": {
                    "verse_nr": 11,
                    "verse": "Nakonec, brat\u0159i, radujte se, napravujte sv\u00e9 nedostatky, povzbuzujte se, bu\u010fte jedn\u00e9 mysli, \u017eijte v pokoji, a B\u016fh l\u00e1sky a pokoje bude s v\u00e1mi.\n"
                },
                "12": {
                    "verse_nr": 12,
                    "verse": "Pozdravte se navz\u00e1jem svat\u00fdm pol\u00edben\u00edm; pozdravuj\u00ed v\u00e1s v\u0161ichni svat\u00ed brat\u0159i.\n"
                },
                "13": {
                    "verse_nr": 13,
                    "verse": "Milost P\u00e1na Je\u017e\u00ed\u0161e Krista, l\u00e1ska Bo\u017e\u00ed a spole\u010denstv\u00ed Svat\u00e9ho Ducha se v\u0161emi v\u00e1mi. Amen.\n"
                },
                "14": {
                    "verse_nr": 14,
                    "verse": " \n"
                }
            }
        }
    }
}