{
    "version": "kms",
    "book_name": "Nehemiah",
    "book_nr": "16",
    "book": {
        "1": {
            "chapter_nr": 1,
            "chapter": {
                "1": {
                    "verse_nr": 1,
                    "verse": " \n"
                },
                "2": {
                    "verse_nr": 2,
                    "verse": " \n"
                },
                "3": {
                    "verse_nr": 3,
                    "verse": " \n"
                },
                "4": {
                    "verse_nr": 4,
                    "verse": " \n"
                },
                "5": {
                    "verse_nr": 5,
                    "verse": " \n"
                },
                "6": {
                    "verse_nr": 6,
                    "verse": " \n"
                },
                "7": {
                    "verse_nr": 7,
                    "verse": " \n"
                },
                "8": {
                    "verse_nr": 8,
                    "verse": " \n"
                },
                "9": {
                    "verse_nr": 9,
                    "verse": " \n"
                },
                "10": {
                    "verse_nr": 10,
                    "verse": " \n"
                },
                "11": {
                    "verse_nr": 11,
                    "verse": " \n"
                }
            }
        },
        "2": {
            "chapter_nr": 2,
            "chapter": {
                "1": {
                    "verse_nr": 1,
                    "verse": " \n"
                },
                "2": {
                    "verse_nr": 2,
                    "verse": " \n"
                },
                "3": {
                    "verse_nr": 3,
                    "verse": " \n"
                },
                "4": {
                    "verse_nr": 4,
                    "verse": " \n"
                },
                "5": {
                    "verse_nr": 5,
                    "verse": " \n"
                },
                "6": {
                    "verse_nr": 6,
                    "verse": " \n"
                },
                "7": {
                    "verse_nr": 7,
                    "verse": " \n"
                },
                "8": {
                    "verse_nr": 8,
                    "verse": " \n"
                },
                "9": {
                    "verse_nr": 9,
                    "verse": " \n"
                },
                "10": {
                    "verse_nr": 10,
                    "verse": " \n"
                },
                "11": {
                    "verse_nr": 11,
                    "verse": " \n"
                },
                "12": {
                    "verse_nr": 12,
                    "verse": " \n"
                },
                "13": {
                    "verse_nr": 13,
                    "verse": " \n"
                },
                "14": {
                    "verse_nr": 14,
                    "verse": " \n"
                },
                "15": {
                    "verse_nr": 15,
                    "verse": " \n"
                },
                "16": {
                    "verse_nr": 16,
                    "verse": " \n"
                },
                "17": {
                    "verse_nr": 17,
                    "verse": " \n"
                },
                "18": {
                    "verse_nr": 18,
                    "verse": " \n"
                },
                "19": {
                    "verse_nr": 19,
                    "verse": " \n"
                },
                "20": {
                    "verse_nr": 20,
                    "verse": " \n"
                }
            }
        },
        "3": {
            "chapter_nr": 3,
            "chapter": {
                "1": {
                    "verse_nr": 1,
                    "verse": " \n"
                },
                "2": {
                    "verse_nr": 2,
                    "verse": " \n"
                },
                "3": {
                    "verse_nr": 3,
                    "verse": " \n"
                },
                "4": {
                    "verse_nr": 4,
                    "verse": " \n"
                },
                "5": {
                    "verse_nr": 5,
                    "verse": " \n"
                },
                "6": {
                    "verse_nr": 6,
                    "verse": " \n"
                },
                "7": {
                    "verse_nr": 7,
                    "verse": " \n"
                },
                "8": {
                    "verse_nr": 8,
                    "verse": " \n"
                },
                "9": {
                    "verse_nr": 9,
                    "verse": " \n"
                },
                "10": {
                    "verse_nr": 10,
                    "verse": " \n"
                },
                "11": {
                    "verse_nr": 11,
                    "verse": " \n"
                },
                "12": {
                    "verse_nr": 12,
                    "verse": " \n"
                },
                "13": {
                    "verse_nr": 13,
                    "verse": " \n"
                },
                "14": {
                    "verse_nr": 14,
                    "verse": " \n"
                },
                "15": {
                    "verse_nr": 15,
                    "verse": " \n"
                },
                "16": {
                    "verse_nr": 16,
                    "verse": " \n"
                },
                "17": {
                    "verse_nr": 17,
                    "verse": " \n"
                },
                "18": {
                    "verse_nr": 18,
                    "verse": " \n"
                },
                "19": {
                    "verse_nr": 19,
                    "verse": " \n"
                },
                "20": {
                    "verse_nr": 20,
                    "verse": " \n"
                },
                "21": {
                    "verse_nr": 21,
                    "verse": " \n"
                },
                "22": {
                    "verse_nr": 22,
                    "verse": " \n"
                },
                "23": {
                    "verse_nr": 23,
                    "verse": " \n"
                },
                "24": {
                    "verse_nr": 24,
                    "verse": " \n"
                },
                "25": {
                    "verse_nr": 25,
                    "verse": " \n"
                },
                "26": {
                    "verse_nr": 26,
                    "verse": " \n"
                },
                "27": {
                    "verse_nr": 27,
                    "verse": " \n"
                },
                "28": {
                    "verse_nr": 28,
                    "verse": " \n"
                },
                "29": {
                    "verse_nr": 29,
                    "verse": " \n"
                },
                "30": {
                    "verse_nr": 30,
                    "verse": " \n"
                },
                "31": {
                    "verse_nr": 31,
                    "verse": " \n"
                },
                "32": {
                    "verse_nr": 32,
                    "verse": " \n"
                }
            }
        },
        "4": {
            "chapter_nr": 4,
            "chapter": {
                "1": {
                    "verse_nr": 1,
                    "verse": " \n"
                },
                "2": {
                    "verse_nr": 2,
                    "verse": " \n"
                },
                "3": {
                    "verse_nr": 3,
                    "verse": " \n"
                },
                "4": {
                    "verse_nr": 4,
                    "verse": " \n"
                },
                "5": {
                    "verse_nr": 5,
                    "verse": " \n"
                },
                "6": {
                    "verse_nr": 6,
                    "verse": " \n"
                },
                "7": {
                    "verse_nr": 7,
                    "verse": " \n"
                },
                "8": {
                    "verse_nr": 8,
                    "verse": " \n"
                },
                "9": {
                    "verse_nr": 9,
                    "verse": " \n"
                },
                "10": {
                    "verse_nr": 10,
                    "verse": " \n"
                },
                "11": {
                    "verse_nr": 11,
                    "verse": " \n"
                },
                "12": {
                    "verse_nr": 12,
                    "verse": " \n"
                },
                "13": {
                    "verse_nr": 13,
                    "verse": " \n"
                },
                "14": {
                    "verse_nr": 14,
                    "verse": " \n"
                },
                "15": {
                    "verse_nr": 15,
                    "verse": " \n"
                },
                "16": {
                    "verse_nr": 16,
                    "verse": " \n"
                },
                "17": {
                    "verse_nr": 17,
                    "verse": " \n"
                },
                "18": {
                    "verse_nr": 18,
                    "verse": " \n"
                },
                "19": {
                    "verse_nr": 19,
                    "verse": " \n"
                },
                "20": {
                    "verse_nr": 20,
                    "verse": " \n"
                },
                "21": {
                    "verse_nr": 21,
                    "verse": " \n"
                },
                "22": {
                    "verse_nr": 22,
                    "verse": " \n"
                },
                "23": {
                    "verse_nr": 23,
                    "verse": " \n"
                }
            }
        },
        "5": {
            "chapter_nr": 5,
            "chapter": {
                "1": {
                    "verse_nr": 1,
                    "verse": " \n"
                },
                "2": {
                    "verse_nr": 2,
                    "verse": " \n"
                },
                "3": {
                    "verse_nr": 3,
                    "verse": " \n"
                },
                "4": {
                    "verse_nr": 4,
                    "verse": " \n"
                },
                "5": {
                    "verse_nr": 5,
                    "verse": " \n"
                },
                "6": {
                    "verse_nr": 6,
                    "verse": " \n"
                },
                "7": {
                    "verse_nr": 7,
                    "verse": " \n"
                },
                "8": {
                    "verse_nr": 8,
                    "verse": " \n"
                },
                "9": {
                    "verse_nr": 9,
                    "verse": " \n"
                },
                "10": {
                    "verse_nr": 10,
                    "verse": " \n"
                },
                "11": {
                    "verse_nr": 11,
                    "verse": " \n"
                },
                "12": {
                    "verse_nr": 12,
                    "verse": " \n"
                },
                "13": {
                    "verse_nr": 13,
                    "verse": " \n"
                },
                "14": {
                    "verse_nr": 14,
                    "verse": " \n"
                },
                "15": {
                    "verse_nr": 15,
                    "verse": " \n"
                },
                "16": {
                    "verse_nr": 16,
                    "verse": " \n"
                },
                "17": {
                    "verse_nr": 17,
                    "verse": " \n"
                },
                "18": {
                    "verse_nr": 18,
                    "verse": " \n"
                },
                "19": {
                    "verse_nr": 19,
                    "verse": " \n"
                }
            }
        },
        "6": {
            "chapter_nr": 6,
            "chapter": {
                "1": {
                    "verse_nr": 1,
                    "verse": " \n"
                },
                "2": {
                    "verse_nr": 2,
                    "verse": " \n"
                },
                "3": {
                    "verse_nr": 3,
                    "verse": " \n"
                },
                "4": {
                    "verse_nr": 4,
                    "verse": " \n"
                },
                "5": {
                    "verse_nr": 5,
                    "verse": " \n"
                },
                "6": {
                    "verse_nr": 6,
                    "verse": " \n"
                },
                "7": {
                    "verse_nr": 7,
                    "verse": " \n"
                },
                "8": {
                    "verse_nr": 8,
                    "verse": " \n"
                },
                "9": {
                    "verse_nr": 9,
                    "verse": " \n"
                },
                "10": {
                    "verse_nr": 10,
                    "verse": " \n"
                },
                "11": {
                    "verse_nr": 11,
                    "verse": " \n"
                },
                "12": {
                    "verse_nr": 12,
                    "verse": " \n"
                },
                "13": {
                    "verse_nr": 13,
                    "verse": " \n"
                },
                "14": {
                    "verse_nr": 14,
                    "verse": " \n"
                },
                "15": {
                    "verse_nr": 15,
                    "verse": " \n"
                },
                "16": {
                    "verse_nr": 16,
                    "verse": " \n"
                },
                "17": {
                    "verse_nr": 17,
                    "verse": " \n"
                },
                "18": {
                    "verse_nr": 18,
                    "verse": " \n"
                },
                "19": {
                    "verse_nr": 19,
                    "verse": " \n"
                }
            }
        },
        "7": {
            "chapter_nr": 7,
            "chapter": {
                "1": {
                    "verse_nr": 1,
                    "verse": " \n"
                },
                "2": {
                    "verse_nr": 2,
                    "verse": " \n"
                },
                "3": {
                    "verse_nr": 3,
                    "verse": " \n"
                },
                "4": {
                    "verse_nr": 4,
                    "verse": " \n"
                },
                "5": {
                    "verse_nr": 5,
                    "verse": " \n"
                },
                "6": {
                    "verse_nr": 6,
                    "verse": " \n"
                },
                "7": {
                    "verse_nr": 7,
                    "verse": " \n"
                },
                "8": {
                    "verse_nr": 8,
                    "verse": " \n"
                },
                "9": {
                    "verse_nr": 9,
                    "verse": " \n"
                },
                "10": {
                    "verse_nr": 10,
                    "verse": " \n"
                },
                "11": {
                    "verse_nr": 11,
                    "verse": " \n"
                },
                "12": {
                    "verse_nr": 12,
                    "verse": " \n"
                },
                "13": {
                    "verse_nr": 13,
                    "verse": " \n"
                },
                "14": {
                    "verse_nr": 14,
                    "verse": " \n"
                },
                "15": {
                    "verse_nr": 15,
                    "verse": " \n"
                },
                "16": {
                    "verse_nr": 16,
                    "verse": " \n"
                },
                "17": {
                    "verse_nr": 17,
                    "verse": " \n"
                },
                "18": {
                    "verse_nr": 18,
                    "verse": " \n"
                },
                "19": {
                    "verse_nr": 19,
                    "verse": " \n"
                },
                "20": {
                    "verse_nr": 20,
                    "verse": " \n"
                },
                "21": {
                    "verse_nr": 21,
                    "verse": " \n"
                },
                "22": {
                    "verse_nr": 22,
                    "verse": " \n"
                },
                "23": {
                    "verse_nr": 23,
                    "verse": " \n"
                },
                "24": {
                    "verse_nr": 24,
                    "verse": " \n"
                },
                "25": {
                    "verse_nr": 25,
                    "verse": " \n"
                },
                "26": {
                    "verse_nr": 26,
                    "verse": " \n"
                },
                "27": {
                    "verse_nr": 27,
                    "verse": " \n"
                },
                "28": {
                    "verse_nr": 28,
                    "verse": " \n"
                },
                "29": {
                    "verse_nr": 29,
                    "verse": " \n"
                },
                "30": {
                    "verse_nr": 30,
                    "verse": " \n"
                },
                "31": {
                    "verse_nr": 31,
                    "verse": " \n"
                },
                "32": {
                    "verse_nr": 32,
                    "verse": " \n"
                },
                "33": {
                    "verse_nr": 33,
                    "verse": " \n"
                },
                "34": {
                    "verse_nr": 34,
                    "verse": " \n"
                },
                "35": {
                    "verse_nr": 35,
                    "verse": " \n"
                },
                "36": {
                    "verse_nr": 36,
                    "verse": " \n"
                },
                "37": {
                    "verse_nr": 37,
                    "verse": " \n"
                },
                "38": {
                    "verse_nr": 38,
                    "verse": " \n"
                },
                "39": {
                    "verse_nr": 39,
                    "verse": " \n"
                },
                "40": {
                    "verse_nr": 40,
                    "verse": " \n"
                },
                "41": {
                    "verse_nr": 41,
                    "verse": " \n"
                },
                "42": {
                    "verse_nr": 42,
                    "verse": " \n"
                },
                "43": {
                    "verse_nr": 43,
                    "verse": " \n"
                },
                "44": {
                    "verse_nr": 44,
                    "verse": " \n"
                },
                "45": {
                    "verse_nr": 45,
                    "verse": " \n"
                },
                "46": {
                    "verse_nr": 46,
                    "verse": " \n"
                },
                "47": {
                    "verse_nr": 47,
                    "verse": " \n"
                },
                "48": {
                    "verse_nr": 48,
                    "verse": " \n"
                },
                "49": {
                    "verse_nr": 49,
                    "verse": " \n"
                },
                "50": {
                    "verse_nr": 50,
                    "verse": " \n"
                },
                "51": {
                    "verse_nr": 51,
                    "verse": " \n"
                },
                "52": {
                    "verse_nr": 52,
                    "verse": " \n"
                },
                "53": {
                    "verse_nr": 53,
                    "verse": " \n"
                },
                "54": {
                    "verse_nr": 54,
                    "verse": " \n"
                },
                "55": {
                    "verse_nr": 55,
                    "verse": " \n"
                },
                "56": {
                    "verse_nr": 56,
                    "verse": " \n"
                },
                "57": {
                    "verse_nr": 57,
                    "verse": " \n"
                },
                "58": {
                    "verse_nr": 58,
                    "verse": " \n"
                },
                "59": {
                    "verse_nr": 59,
                    "verse": " \n"
                },
                "60": {
                    "verse_nr": 60,
                    "verse": " \n"
                },
                "61": {
                    "verse_nr": 61,
                    "verse": " \n"
                },
                "62": {
                    "verse_nr": 62,
                    "verse": " \n"
                },
                "63": {
                    "verse_nr": 63,
                    "verse": " \n"
                },
                "64": {
                    "verse_nr": 64,
                    "verse": " \n"
                },
                "65": {
                    "verse_nr": 65,
                    "verse": " \n"
                },
                "66": {
                    "verse_nr": 66,
                    "verse": " \n"
                },
                "67": {
                    "verse_nr": 67,
                    "verse": " \n"
                },
                "68": {
                    "verse_nr": 68,
                    "verse": " \n"
                },
                "69": {
                    "verse_nr": 69,
                    "verse": " \n"
                },
                "70": {
                    "verse_nr": 70,
                    "verse": " \n"
                },
                "71": {
                    "verse_nr": 71,
                    "verse": " \n"
                },
                "72": {
                    "verse_nr": 72,
                    "verse": " \n"
                },
                "73": {
                    "verse_nr": 73,
                    "verse": " \n"
                }
            }
        },
        "8": {
            "chapter_nr": 8,
            "chapter": {
                "1": {
                    "verse_nr": 1,
                    "verse": " \n"
                },
                "2": {
                    "verse_nr": 2,
                    "verse": " \n"
                },
                "3": {
                    "verse_nr": 3,
                    "verse": " \n"
                },
                "4": {
                    "verse_nr": 4,
                    "verse": " \n"
                },
                "5": {
                    "verse_nr": 5,
                    "verse": " \n"
                },
                "6": {
                    "verse_nr": 6,
                    "verse": " \n"
                },
                "7": {
                    "verse_nr": 7,
                    "verse": " \n"
                },
                "8": {
                    "verse_nr": 8,
                    "verse": " \n"
                },
                "9": {
                    "verse_nr": 9,
                    "verse": " \n"
                },
                "10": {
                    "verse_nr": 10,
                    "verse": " \n"
                },
                "11": {
                    "verse_nr": 11,
                    "verse": " \n"
                },
                "12": {
                    "verse_nr": 12,
                    "verse": " \n"
                },
                "13": {
                    "verse_nr": 13,
                    "verse": " \n"
                },
                "14": {
                    "verse_nr": 14,
                    "verse": " \n"
                },
                "15": {
                    "verse_nr": 15,
                    "verse": " \n"
                },
                "16": {
                    "verse_nr": 16,
                    "verse": " \n"
                },
                "17": {
                    "verse_nr": 17,
                    "verse": " \n"
                },
                "18": {
                    "verse_nr": 18,
                    "verse": " \n"
                }
            }
        },
        "9": {
            "chapter_nr": 9,
            "chapter": {
                "1": {
                    "verse_nr": 1,
                    "verse": " \n"
                },
                "2": {
                    "verse_nr": 2,
                    "verse": " \n"
                },
                "3": {
                    "verse_nr": 3,
                    "verse": " \n"
                },
                "4": {
                    "verse_nr": 4,
                    "verse": " \n"
                },
                "5": {
                    "verse_nr": 5,
                    "verse": " \n"
                },
                "6": {
                    "verse_nr": 6,
                    "verse": " \n"
                },
                "7": {
                    "verse_nr": 7,
                    "verse": " \n"
                },
                "8": {
                    "verse_nr": 8,
                    "verse": " \n"
                },
                "9": {
                    "verse_nr": 9,
                    "verse": " \n"
                },
                "10": {
                    "verse_nr": 10,
                    "verse": " \n"
                },
                "11": {
                    "verse_nr": 11,
                    "verse": " \n"
                },
                "12": {
                    "verse_nr": 12,
                    "verse": " \n"
                },
                "13": {
                    "verse_nr": 13,
                    "verse": " \n"
                },
                "14": {
                    "verse_nr": 14,
                    "verse": " \n"
                },
                "15": {
                    "verse_nr": 15,
                    "verse": " \n"
                },
                "16": {
                    "verse_nr": 16,
                    "verse": " \n"
                },
                "17": {
                    "verse_nr": 17,
                    "verse": " \n"
                },
                "18": {
                    "verse_nr": 18,
                    "verse": " \n"
                },
                "19": {
                    "verse_nr": 19,
                    "verse": " \n"
                },
                "20": {
                    "verse_nr": 20,
                    "verse": " \n"
                },
                "21": {
                    "verse_nr": 21,
                    "verse": " \n"
                },
                "22": {
                    "verse_nr": 22,
                    "verse": " \n"
                },
                "23": {
                    "verse_nr": 23,
                    "verse": " \n"
                },
                "24": {
                    "verse_nr": 24,
                    "verse": " \n"
                },
                "25": {
                    "verse_nr": 25,
                    "verse": " \n"
                },
                "26": {
                    "verse_nr": 26,
                    "verse": " \n"
                },
                "27": {
                    "verse_nr": 27,
                    "verse": " \n"
                },
                "28": {
                    "verse_nr": 28,
                    "verse": " \n"
                },
                "29": {
                    "verse_nr": 29,
                    "verse": " \n"
                },
                "30": {
                    "verse_nr": 30,
                    "verse": " \n"
                },
                "31": {
                    "verse_nr": 31,
                    "verse": " \n"
                },
                "32": {
                    "verse_nr": 32,
                    "verse": " \n"
                },
                "33": {
                    "verse_nr": 33,
                    "verse": " \n"
                },
                "34": {
                    "verse_nr": 34,
                    "verse": " \n"
                },
                "35": {
                    "verse_nr": 35,
                    "verse": " \n"
                },
                "36": {
                    "verse_nr": 36,
                    "verse": " \n"
                },
                "37": {
                    "verse_nr": 37,
                    "verse": " \n"
                },
                "38": {
                    "verse_nr": 38,
                    "verse": " \n"
                }
            }
        },
        "10": {
            "chapter_nr": 10,
            "chapter": {
                "1": {
                    "verse_nr": 1,
                    "verse": " \n"
                },
                "2": {
                    "verse_nr": 2,
                    "verse": " \n"
                },
                "3": {
                    "verse_nr": 3,
                    "verse": " \n"
                },
                "4": {
                    "verse_nr": 4,
                    "verse": " \n"
                },
                "5": {
                    "verse_nr": 5,
                    "verse": " \n"
                },
                "6": {
                    "verse_nr": 6,
                    "verse": " \n"
                },
                "7": {
                    "verse_nr": 7,
                    "verse": " \n"
                },
                "8": {
                    "verse_nr": 8,
                    "verse": " \n"
                },
                "9": {
                    "verse_nr": 9,
                    "verse": " \n"
                },
                "10": {
                    "verse_nr": 10,
                    "verse": " \n"
                },
                "11": {
                    "verse_nr": 11,
                    "verse": " \n"
                },
                "12": {
                    "verse_nr": 12,
                    "verse": " \n"
                },
                "13": {
                    "verse_nr": 13,
                    "verse": " \n"
                },
                "14": {
                    "verse_nr": 14,
                    "verse": " \n"
                },
                "15": {
                    "verse_nr": 15,
                    "verse": " \n"
                },
                "16": {
                    "verse_nr": 16,
                    "verse": " \n"
                },
                "17": {
                    "verse_nr": 17,
                    "verse": " \n"
                },
                "18": {
                    "verse_nr": 18,
                    "verse": " \n"
                },
                "19": {
                    "verse_nr": 19,
                    "verse": " \n"
                },
                "20": {
                    "verse_nr": 20,
                    "verse": " \n"
                },
                "21": {
                    "verse_nr": 21,
                    "verse": " \n"
                },
                "22": {
                    "verse_nr": 22,
                    "verse": " \n"
                },
                "23": {
                    "verse_nr": 23,
                    "verse": " \n"
                },
                "24": {
                    "verse_nr": 24,
                    "verse": " \n"
                },
                "25": {
                    "verse_nr": 25,
                    "verse": " \n"
                },
                "26": {
                    "verse_nr": 26,
                    "verse": " \n"
                },
                "27": {
                    "verse_nr": 27,
                    "verse": " \n"
                },
                "28": {
                    "verse_nr": 28,
                    "verse": " \n"
                },
                "29": {
                    "verse_nr": 29,
                    "verse": " \n"
                },
                "30": {
                    "verse_nr": 30,
                    "verse": " \n"
                },
                "31": {
                    "verse_nr": 31,
                    "verse": " \n"
                },
                "32": {
                    "verse_nr": 32,
                    "verse": " \n"
                },
                "33": {
                    "verse_nr": 33,
                    "verse": " \n"
                },
                "34": {
                    "verse_nr": 34,
                    "verse": " \n"
                },
                "35": {
                    "verse_nr": 35,
                    "verse": " \n"
                },
                "36": {
                    "verse_nr": 36,
                    "verse": " \n"
                },
                "37": {
                    "verse_nr": 37,
                    "verse": " \n"
                },
                "38": {
                    "verse_nr": 38,
                    "verse": " \n"
                },
                "39": {
                    "verse_nr": 39,
                    "verse": " \n"
                }
            }
        },
        "11": {
            "chapter_nr": 11,
            "chapter": {
                "1": {
                    "verse_nr": 1,
                    "verse": " \n"
                },
                "2": {
                    "verse_nr": 2,
                    "verse": " \n"
                },
                "3": {
                    "verse_nr": 3,
                    "verse": " \n"
                },
                "4": {
                    "verse_nr": 4,
                    "verse": " \n"
                },
                "5": {
                    "verse_nr": 5,
                    "verse": " \n"
                },
                "6": {
                    "verse_nr": 6,
                    "verse": " \n"
                },
                "7": {
                    "verse_nr": 7,
                    "verse": " \n"
                },
                "8": {
                    "verse_nr": 8,
                    "verse": " \n"
                },
                "9": {
                    "verse_nr": 9,
                    "verse": " \n"
                },
                "10": {
                    "verse_nr": 10,
                    "verse": " \n"
                },
                "11": {
                    "verse_nr": 11,
                    "verse": " \n"
                },
                "12": {
                    "verse_nr": 12,
                    "verse": " \n"
                },
                "13": {
                    "verse_nr": 13,
                    "verse": " \n"
                },
                "14": {
                    "verse_nr": 14,
                    "verse": " \n"
                },
                "15": {
                    "verse_nr": 15,
                    "verse": " \n"
                },
                "16": {
                    "verse_nr": 16,
                    "verse": " \n"
                },
                "17": {
                    "verse_nr": 17,
                    "verse": " \n"
                },
                "18": {
                    "verse_nr": 18,
                    "verse": " \n"
                },
                "19": {
                    "verse_nr": 19,
                    "verse": " \n"
                },
                "20": {
                    "verse_nr": 20,
                    "verse": " \n"
                },
                "21": {
                    "verse_nr": 21,
                    "verse": " \n"
                },
                "22": {
                    "verse_nr": 22,
                    "verse": " \n"
                },
                "23": {
                    "verse_nr": 23,
                    "verse": " \n"
                },
                "24": {
                    "verse_nr": 24,
                    "verse": " \n"
                },
                "25": {
                    "verse_nr": 25,
                    "verse": " \n"
                },
                "26": {
                    "verse_nr": 26,
                    "verse": " \n"
                },
                "27": {
                    "verse_nr": 27,
                    "verse": " \n"
                },
                "28": {
                    "verse_nr": 28,
                    "verse": " \n"
                },
                "29": {
                    "verse_nr": 29,
                    "verse": " \n"
                },
                "30": {
                    "verse_nr": 30,
                    "verse": " \n"
                },
                "31": {
                    "verse_nr": 31,
                    "verse": " \n"
                },
                "32": {
                    "verse_nr": 32,
                    "verse": " \n"
                },
                "33": {
                    "verse_nr": 33,
                    "verse": " \n"
                },
                "34": {
                    "verse_nr": 34,
                    "verse": " \n"
                },
                "35": {
                    "verse_nr": 35,
                    "verse": " \n"
                },
                "36": {
                    "verse_nr": 36,
                    "verse": " \n"
                }
            }
        },
        "12": {
            "chapter_nr": 12,
            "chapter": {
                "1": {
                    "verse_nr": 1,
                    "verse": " \n"
                },
                "2": {
                    "verse_nr": 2,
                    "verse": " \n"
                },
                "3": {
                    "verse_nr": 3,
                    "verse": " \n"
                },
                "4": {
                    "verse_nr": 4,
                    "verse": " \n"
                },
                "5": {
                    "verse_nr": 5,
                    "verse": " \n"
                },
                "6": {
                    "verse_nr": 6,
                    "verse": " \n"
                },
                "7": {
                    "verse_nr": 7,
                    "verse": " \n"
                },
                "8": {
                    "verse_nr": 8,
                    "verse": " \n"
                },
                "9": {
                    "verse_nr": 9,
                    "verse": " \n"
                },
                "10": {
                    "verse_nr": 10,
                    "verse": " \n"
                },
                "11": {
                    "verse_nr": 11,
                    "verse": " \n"
                },
                "12": {
                    "verse_nr": 12,
                    "verse": " \n"
                },
                "13": {
                    "verse_nr": 13,
                    "verse": " \n"
                },
                "14": {
                    "verse_nr": 14,
                    "verse": " \n"
                },
                "15": {
                    "verse_nr": 15,
                    "verse": " \n"
                },
                "16": {
                    "verse_nr": 16,
                    "verse": " \n"
                },
                "17": {
                    "verse_nr": 17,
                    "verse": " \n"
                },
                "18": {
                    "verse_nr": 18,
                    "verse": " \n"
                },
                "19": {
                    "verse_nr": 19,
                    "verse": " \n"
                },
                "20": {
                    "verse_nr": 20,
                    "verse": " \n"
                },
                "21": {
                    "verse_nr": 21,
                    "verse": " \n"
                },
                "22": {
                    "verse_nr": 22,
                    "verse": " \n"
                },
                "23": {
                    "verse_nr": 23,
                    "verse": " \n"
                },
                "24": {
                    "verse_nr": 24,
                    "verse": " \n"
                },
                "25": {
                    "verse_nr": 25,
                    "verse": " \n"
                },
                "26": {
                    "verse_nr": 26,
                    "verse": " \n"
                },
                "27": {
                    "verse_nr": 27,
                    "verse": " \n"
                },
                "28": {
                    "verse_nr": 28,
                    "verse": " \n"
                },
                "29": {
                    "verse_nr": 29,
                    "verse": " \n"
                },
                "30": {
                    "verse_nr": 30,
                    "verse": " \n"
                },
                "31": {
                    "verse_nr": 31,
                    "verse": " \n"
                },
                "32": {
                    "verse_nr": 32,
                    "verse": " \n"
                },
                "33": {
                    "verse_nr": 33,
                    "verse": " \n"
                },
                "34": {
                    "verse_nr": 34,
                    "verse": " \n"
                },
                "35": {
                    "verse_nr": 35,
                    "verse": " \n"
                },
                "36": {
                    "verse_nr": 36,
                    "verse": " \n"
                },
                "37": {
                    "verse_nr": 37,
                    "verse": " \n"
                },
                "38": {
                    "verse_nr": 38,
                    "verse": " \n"
                },
                "39": {
                    "verse_nr": 39,
                    "verse": " \n"
                },
                "40": {
                    "verse_nr": 40,
                    "verse": " \n"
                },
                "41": {
                    "verse_nr": 41,
                    "verse": " \n"
                },
                "42": {
                    "verse_nr": 42,
                    "verse": " \n"
                },
                "43": {
                    "verse_nr": 43,
                    "verse": " \n"
                },
                "44": {
                    "verse_nr": 44,
                    "verse": " \n"
                },
                "45": {
                    "verse_nr": 45,
                    "verse": " \n"
                },
                "46": {
                    "verse_nr": 46,
                    "verse": " \n"
                },
                "47": {
                    "verse_nr": 47,
                    "verse": " \n"
                }
            }
        },
        "13": {
            "chapter_nr": 13,
            "chapter": {
                "1": {
                    "verse_nr": 1,
                    "verse": " \n"
                },
                "2": {
                    "verse_nr": 2,
                    "verse": " \n"
                },
                "3": {
                    "verse_nr": 3,
                    "verse": " \n"
                },
                "4": {
                    "verse_nr": 4,
                    "verse": " \n"
                },
                "5": {
                    "verse_nr": 5,
                    "verse": " \n"
                },
                "6": {
                    "verse_nr": 6,
                    "verse": " \n"
                },
                "7": {
                    "verse_nr": 7,
                    "verse": " \n"
                },
                "8": {
                    "verse_nr": 8,
                    "verse": " \n"
                },
                "9": {
                    "verse_nr": 9,
                    "verse": " \n"
                },
                "10": {
                    "verse_nr": 10,
                    "verse": " \n"
                },
                "11": {
                    "verse_nr": 11,
                    "verse": " \n"
                },
                "12": {
                    "verse_nr": 12,
                    "verse": " \n"
                },
                "13": {
                    "verse_nr": 13,
                    "verse": " \n"
                },
                "14": {
                    "verse_nr": 14,
                    "verse": " \n"
                },
                "15": {
                    "verse_nr": 15,
                    "verse": " \n"
                },
                "16": {
                    "verse_nr": 16,
                    "verse": " \n"
                },
                "17": {
                    "verse_nr": 17,
                    "verse": " \n"
                },
                "18": {
                    "verse_nr": 18,
                    "verse": " \n"
                },
                "19": {
                    "verse_nr": 19,
                    "verse": " \n"
                },
                "20": {
                    "verse_nr": 20,
                    "verse": " \n"
                },
                "21": {
                    "verse_nr": 21,
                    "verse": " \n"
                },
                "22": {
                    "verse_nr": 22,
                    "verse": " \n"
                },
                "23": {
                    "verse_nr": 23,
                    "verse": " \n"
                },
                "24": {
                    "verse_nr": 24,
                    "verse": " \n"
                },
                "25": {
                    "verse_nr": 25,
                    "verse": " \n"
                },
                "26": {
                    "verse_nr": 26,
                    "verse": " \n"
                },
                "27": {
                    "verse_nr": 27,
                    "verse": " \n"
                },
                "28": {
                    "verse_nr": 28,
                    "verse": " \n"
                },
                "29": {
                    "verse_nr": 29,
                    "verse": " \n"
                },
                "30": {
                    "verse_nr": 30,
                    "verse": " \n"
                },
                "31": {
                    "verse_nr": 31,
                    "verse": " \n"
                }
            }
        }
    }
}