{
    "version": "kms",
    "book_name": "Philemon",
    "book_nr": "57",
    "book": {
        "1": {
            "chapter_nr": 1,
            "chapter": {
                "1": {
                    "verse_nr": 1,
                    "verse": "Pavel, v\u011bze\u0148 Krista Je\u017e\u00ed\u0161e, a bratr Timoteus milovan\u00e9mu Filemonovi, na\u0161emu spolupracovn\u00edku,\n"
                },
                "2": {
                    "verse_nr": 2,
                    "verse": "sest\u0159e Apfii, na\u0161emu spolubojovn\u00edku Archippovi a c\u00edrkvi ve tv\u00e9m dom\u011b:\n"
                },
                "3": {
                    "verse_nr": 3,
                    "verse": "Milost v\u00e1m a pokoj od Boha Otce na\u0161eho a P\u00e1na Je\u017e\u00ed\u0161e Krista.\n"
                },
                "4": {
                    "verse_nr": 4,
                    "verse": "D\u011bkuji sv\u00e9mu Bohu v\u017edycky, kdy\u017e se o tob\u011b zmi\u0148uji ve sv\u00fdch modlitb\u00e1ch,\n"
                },
                "5": {
                    "verse_nr": 5,
                    "verse": "nebo\u0165 sly\u0161\u00edm o tv\u00e9 l\u00e1sce a v\u00ed\u0159e, kterou m\u00e1\u0161 v\u016f\u010di P\u00e1nu Je\u017e\u00ed\u0161i a ke v\u0161em svat\u00fdm.\n"
                },
                "6": {
                    "verse_nr": 6,
                    "verse": "Pros\u00edm, aby se spole\u010denstv\u00ed tv\u00e9 v\u00edry projevilo v pozn\u00e1n\u00ed v\u0161eho dobr\u00e9ho, je\u017e je v n\u00e1s pro Krista.\n"
                },
                "7": {
                    "verse_nr": 7,
                    "verse": "Nebo\u0165 jsem m\u011bl mnoho radosti a povzbuzen\u00ed ze tv\u00e9 l\u00e1sky, proto\u017ee skrze tebe, brat\u0159e, byla ob\u010derstvena srdce svat\u00fdch.\n"
                },
                "8": {
                    "verse_nr": 8,
                    "verse": "A\u010dkoli m\u00e1m v Kristu plnou svobodu ti p\u0159ikazovat, co se pat\u0159\u00ed,\n"
                },
                "9": {
                    "verse_nr": 9,
                    "verse": "pro l\u00e1sku rad\u011bji pros\u00edm j\u00e1 Pavel, sta\u0159ec a nyn\u00ed i v\u011bze\u0148 Krista Je\u017e\u00ed\u0161e:\n"
                },
                "10": {
                    "verse_nr": 10,
                    "verse": "Pros\u00edm t\u011b za sv\u00e9 d\u00edt\u011b, kter\u00e9 jsem zplodil ve v\u011bzen\u00ed, za Onezima,\n"
                },
                "11": {
                    "verse_nr": 11,
                    "verse": "kter\u00fd ti byl kdysi neu\u017eite\u010dn\u00fd, av\u0161ak nyn\u00ed je tob\u011b i mn\u011b prosp\u011b\u0161n\u00fd.\n"
                },
                "12": {
                    "verse_nr": 12,
                    "verse": "Toho ti pos\u00edl\u00e1m nazp\u011bt, jeho, to jest moje srdce.\n"
                },
                "13": {
                    "verse_nr": 13,
                    "verse": "Cht\u011bl jsem si ho ponechat u sebe, aby mi m\u00edsto tebe slou\u017eil v m\u00e9m v\u011bzen\u00ed pro evangelium,\n"
                },
                "14": {
                    "verse_nr": 14,
                    "verse": "ale bez tv\u00e9ho souhlasu jsem necht\u011bl nic ud\u011blat, aby tv\u016fj dobr\u00fd skutek nebyl jakoby z vynucen\u00ed, ale z ochoty.\n"
                },
                "15": {
                    "verse_nr": 15,
                    "verse": "Snad pr\u00e1v\u011b proto byl pry\u010d na chv\u00edli, abys jej nav\u017edy p\u0159ijal nazp\u011bt -\n"
                },
                "16": {
                    "verse_nr": 16,
                    "verse": "ne ji\u017e jako otroka, n\u00fdbr\u017e v\u00edce ne\u017e otroka, jako milovan\u00e9ho bratra. Je obzvl\u00e1\u0161t\u011b drah\u00fd mn\u011b, ale t\u00edm v\u00edc tob\u011b: i jako \u010dlov\u011bk, i jako bratr v P\u00e1nu.\n"
                },
                "17": {
                    "verse_nr": 17,
                    "verse": "M\u00e1\u0161-li m\u011b tedy za spole\u010dn\u00edka, p\u0159ijmi ho jako mne.\n"
                },
                "18": {
                    "verse_nr": 18,
                    "verse": "Jestli\u017ee ti n\u011bjak u\u0161kodil nebo je ti n\u011bco dlu\u017een, p\u0159i\u010dti to na m\u016fj \u00fa\u010det.\n"
                },
                "19": {
                    "verse_nr": 19,
                    "verse": "J\u00e1 Pavel jsem to napsal vlastn\u00ed rukou: j\u00e1 to nahrad\u00edm. Abych ti nakonec nemusel \u0159\u00edci, \u017ee mi dlu\u017e\u00ed\u0161 i s\u00e1m sebe!\n"
                },
                "20": {
                    "verse_nr": 20,
                    "verse": "Ano, brat\u0159e, a\u0165 m\u00e1m z tebe radost v P\u00e1nu. Ob\u010derstvi m\u00e9 srdce v Kristu!\n"
                },
                "21": {
                    "verse_nr": 21,
                    "verse": "P\u00ed\u0161u ti p\u0159esv\u011bd\u010den o tv\u00e9 poslu\u0161nosti, nebo\u0165 v\u00edm, \u017ee ud\u011bl\u00e1\u0161 v\u00edce, ne\u017e \u0159\u00edk\u00e1m.\n"
                },
                "22": {
                    "verse_nr": 22,
                    "verse": "Z\u00e1rove\u0148 mi tak\u00e9 p\u0159iprav hostinskou m\u00edstnost, nebo\u0165 m\u00e1m nad\u011bji, \u017ee v\u00e1m skrze va\u0161e modlitby budu darov\u00e1n.\n"
                },
                "23": {
                    "verse_nr": 23,
                    "verse": "Pozdravuje t\u011b Epafras, m\u016fj spoluv\u011bze\u0148 v Kristu Je\u017e\u00ed\u0161i,\n"
                },
                "24": {
                    "verse_nr": 24,
                    "verse": "a moji spolupracovn\u00edci, Marek, Aristarchos, D\u00e9mas a Luk\u00e1\u0161.\n"
                },
                "25": {
                    "verse_nr": 25,
                    "verse": "Milost P\u00e1na na\u0161eho Je\u017e\u00ed\u0161e Krista s va\u0161\u00edm duchem. Amen.\n"
                }
            }
        }
    }
}