{
    "version": "NEG1979",
    "book_name": "2 Timothy",
    "book_nr": "55",
    "book": {
        "1": {
            "chapter_nr": "1",
            "chapter": {
                "1": {
                    "verse_nr": "1",
                    "verse": "Adresse et salutation - Paul, ap\u00f4tre de J\u00e9sus-Christ, par la volont\u00e9 de Dieu, pour annoncer la promesse de la vie qui est en J\u00e9sus-Christ,"
                },
                "2": {
                    "verse_nr": "2",
                    "verse": "\u00e0 Timoth\u00e9e, mon enfant bien-aim\u00e9: Que la gr\u00e2ce, la mis\u00e9ricorde et la paix te soient donn\u00e9es de la part de Dieu le P\u00e8re et de J\u00e9sus-Christ notre Seigneur!"
                },
                "3": {
                    "verse_nr": "3",
                    "verse": "Exhortation affectueuse \u00e0 Timoth\u00e9e - Je rends gr\u00e2ces \u00e0 Dieu, que mes anc\u00eatres ont servi, et que je sers avec une conscience pure, de ce que nuit et jour je me souviens continuellement de toi dans mes pri\u00e8res,"
                },
                "4": {
                    "verse_nr": "4",
                    "verse": "me rappelant tes larmes, et d\u00e9sirant te voir afin d\u2019\u00eatre rempli de joie,"
                },
                "5": {
                    "verse_nr": "5",
                    "verse": "gardant le souvenir de la foi sinc\u00e8re qui est en toi, qui habita d\u2019abord dans ton a\u00efeule Lo\u00efs et dans ta m\u00e8re Eunice, et qui, j\u2019en suis persuad\u00e9, habite aussi en toi."
                },
                "6": {
                    "verse_nr": "6",
                    "verse": "C\u2019est pourquoi je t\u2019exhorte \u00e0 ranimer la flamme du don de Dieu que tu as re\u00e7u par l\u2019imposition de mes mains."
                },
                "7": {
                    "verse_nr": "7",
                    "verse": "Car ce n\u2019est pas un esprit de timidit\u00e9 que Dieu nous a donn\u00e9; au contraire, son Esprit nous remplit de force, d\u2019amour et de sagesse."
                },
                "8": {
                    "verse_nr": "8",
                    "verse": "N\u2019aie donc point honte du t\u00e9moignage \u00e0 rendre \u00e0 notre Seigneur, ni de moi son prisonnier. Mais souffre avec moi pour l\u2019Evangile, par la puissance de Dieu;"
                },
                "9": {
                    "verse_nr": "9",
                    "verse": "il nous a sauv\u00e9s, et nous a adress\u00e9 une sainte vocation, non \u00e0 cause de nos \u0153uvres, mais selon son propre dessein, et selon la gr\u00e2ce qui nous a \u00e9t\u00e9 donn\u00e9e en J\u00e9sus-Christ avant les temps \u00e9ternels,"
                },
                "10": {
                    "verse_nr": "10",
                    "verse": "et qui a \u00e9t\u00e9 manifest\u00e9e maintenant par la venue de notre Sauveur J\u00e9sus-Christ, qui a r\u00e9duit la mort \u00e0 l\u2019impuissance et a mis en \u00e9vidence la vie et l\u2019immortalit\u00e9 par l\u2019Evangile."
                },
                "11": {
                    "verse_nr": "11",
                    "verse": "C\u2019est pour cet Evangile que j\u2019ai \u00e9t\u00e9 \u00e9tabli pr\u00e9dicateur et ap\u00f4tre, charg\u00e9 d\u2019instruire les pa\u00efens."
                },
                "12": {
                    "verse_nr": "12",
                    "verse": "Et c\u2019est \u00e0 cause de cela que je souffre ces choses; mais je n\u2019en ai point honte, car je sais en qui j\u2019ai cru, et je suis persuad\u00e9 qu\u2019il a la puissance de garder mon d\u00e9p\u00f4t jusqu\u2019\u00e0 ce jour-l\u00e0."
                },
                "13": {
                    "verse_nr": "13",
                    "verse": "Retiens dans la foi et dans l\u2019amour qui est en J\u00e9sus-Christ le mod\u00e8le des saines paroles que tu as re\u00e7ues de moi."
                },
                "14": {
                    "verse_nr": "14",
                    "verse": "Garde le bon d\u00e9p\u00f4t, par le Saint-Esprit qui habite en nous."
                },
                "15": {
                    "verse_nr": "15",
                    "verse": "Tu sais que tous ceux qui sont en Asie m\u2019ont abandonn\u00e9, entre autres Phygelle et Hermog\u00e8ne."
                },
                "16": {
                    "verse_nr": "16",
                    "verse": "Que le Seigneur r\u00e9pande sa mis\u00e9ricorde sur la maison d\u2019On\u00e9siphore, car il m\u2019a souvent consol\u00e9, et il n\u2019a pas eu honte de mes cha\u00eenes;"
                },
                "17": {
                    "verse_nr": "17",
                    "verse": "au contraire, lorsqu\u2019il est venu \u00e0 Rome, il m\u2019a cherch\u00e9 avec beaucoup d\u2019empressement, et il m\u2019a trouv\u00e9."
                },
                "18": {
                    "verse_nr": "18",
                    "verse": "Que le Seigneur lui donne d\u2019obtenir mis\u00e9ricorde aupr\u00e8s du Seigneur en ce jour-l\u00e0. Tu sais mieux que personne combien de services il m\u2019a rendus \u00e0 Eph\u00e8se."
                }
            }
        },
        "2": {
            "chapter_nr": "2",
            "chapter": {
                "1": {
                    "verse_nr": "1",
                    "verse": "Un fid\u00e8le soldat de J\u00e9sus-Christ - Toi donc, mon enfant, fortifie-toi dans la gr\u00e2ce qui est en J\u00e9sus-Christ."
                },
                "2": {
                    "verse_nr": "2",
                    "verse": "Et ce que tu as entendu de moi en pr\u00e9sence de beaucoup de t\u00e9moins, confie-le \u00e0 des hommes fid\u00e8les, qui soient capables de l\u2019enseigner aussi \u00e0 d\u2019autres."
                },
                "3": {
                    "verse_nr": "3",
                    "verse": "Souffre avec moi, comme un bon soldat de J\u00e9sus-Christ."
                },
                "4": {
                    "verse_nr": "4",
                    "verse": "Il n\u2019est pas de soldat qui s\u2019embarrasse des affaires de la vie, s\u2019il veut plaire \u00e0 celui qui l\u2019a enr\u00f4l\u00e9;"
                },
                "5": {
                    "verse_nr": "5",
                    "verse": "et l\u2019athl\u00e8te n\u2019est pas couronn\u00e9, s\u2019il n\u2019a pas combattu suivant les r\u00e8gles."
                },
                "6": {
                    "verse_nr": "6",
                    "verse": "Le laboureur qui peine doit \u00eatre le premier \u00e0 recueillir les fruits."
                },
                "7": {
                    "verse_nr": "7",
                    "verse": "Comprends ce que je dis, car le Seigneur te donnera de l\u2019intelligence en toutes choses."
                },
                "8": {
                    "verse_nr": "8",
                    "verse": "Souviens-toi de J\u00e9sus-Christ, issu de la post\u00e9rit\u00e9 de David, ressuscit\u00e9 des morts, selon mon Evangile,"
                },
                "9": {
                    "verse_nr": "9",
                    "verse": "pour lequel je souffre jusqu\u2019\u00e0 \u00eatre li\u00e9 comme un malfaiteur. Mais la parole de Dieu n\u2019est pas li\u00e9e."
                },
                "10": {
                    "verse_nr": "10",
                    "verse": "C\u2019est pourquoi je supporte tout \u00e0 cause des \u00e9lus, afin qu\u2019eux aussi obtiennent le salut qui est en J\u00e9sus-Christ, avec la gloire \u00e9ternelle."
                },
                "11": {
                    "verse_nr": "11",
                    "verse": "Cette parole est certaine: Si nous sommes morts avec lui, nous vivrons aussi avec lui;"
                },
                "12": {
                    "verse_nr": "12",
                    "verse": "si nous pers\u00e9v\u00e9rons, nous r\u00e9gnerons aussi avec lui; si nous le renions, lui aussi nous reniera;"
                },
                "13": {
                    "verse_nr": "13",
                    "verse": "si nous sommes infid\u00e8les, il demeure fid\u00e8le, car il ne peut se renier lui-m\u00eame."
                },
                "14": {
                    "verse_nr": "14",
                    "verse": "Mise en garde contre l\u2019impi\u00e9t\u00e9 - Rappelle ces choses, en conjurant devant Dieu qu\u2019on \u00e9vite les disputes de mots, qui ne servent qu\u2019\u00e0 la ruine de ceux qui \u00e9coutent."
                },
                "15": {
                    "verse_nr": "15",
                    "verse": "Efforce-toi de te pr\u00e9senter devant Dieu comme un homme \u00e9prouv\u00e9, un ouvrier qui n\u2019a point \u00e0 rougir, qui dispense droitement la parole de la v\u00e9rit\u00e9."
                },
                "16": {
                    "verse_nr": "16",
                    "verse": "Evite les discours vains et profanes; car ceux qui les tiennent avanceront toujours plus dans l\u2019impi\u00e9t\u00e9,"
                },
                "17": {
                    "verse_nr": "17",
                    "verse": "et leur parole rongera comme la gangr\u00e8ne. De ce nombre sont Hym\u00e9n\u00e9e et Phil\u00e8te,"
                },
                "18": {
                    "verse_nr": "18",
                    "verse": "qui se sont d\u00e9tourn\u00e9s de la v\u00e9rit\u00e9, disant que la r\u00e9surrection est d\u00e9j\u00e0 arriv\u00e9e, et qui renversent la foi de quelques-uns."
                },
                "19": {
                    "verse_nr": "19",
                    "verse": "N\u00e9anmoins, le solide fondement pos\u00e9 par Dieu subsiste, avec ces paroles qui lui servent de sceau: Le Seigneur conna\u00eet ceux qui lui appartiennent; et: Quiconque prononce le nom du Seigneur, qu\u2019il s\u2019\u00e9loigne de l\u2019iniquit\u00e9."
                },
                "20": {
                    "verse_nr": "20",
                    "verse": "Dans une grande maison, il n\u2019y a pas seulement des vases d\u2019or et d\u2019argent, mais il y en a aussi de bois et de terre; les uns sont des vases d\u2019honneur, et les autres sont d\u2019un usage vil."
                },
                "21": {
                    "verse_nr": "21",
                    "verse": "Si donc quelqu\u2019un se conserve pur, en s\u2019abstenant de ces choses, il sera un vase d\u2019honneur, sanctifi\u00e9, utile \u00e0 son ma\u00eetre, propre \u00e0 toute bonne \u0153uvre."
                },
                "22": {
                    "verse_nr": "22",
                    "verse": "Fuis les passions de la jeunesse, et recherche la justice, la foi, l\u2019amour, la paix, avec ceux qui invoquent le Seigneur d\u2019un c\u0153ur pur."
                },
                "23": {
                    "verse_nr": "23",
                    "verse": "Repousse les discussions folles et inutiles, sachant qu\u2019elles font na\u00eetre des querelles."
                },
                "24": {
                    "verse_nr": "24",
                    "verse": "Or, il ne faut pas qu\u2019un serviteur du Seigneur ait des querelles; il doit, au contraire, \u00eatre affable pour tous, propre \u00e0 enseigner, dou\u00e9 de patience;"
                },
                "25": {
                    "verse_nr": "25",
                    "verse": "il doit redresser avec douceur les adversaires, dans l\u2019esp\u00e9rance que Dieu leur donnera la repentance pour arriver \u00e0 la connaissance de la v\u00e9rit\u00e9,"
                },
                "26": {
                    "verse_nr": "26",
                    "verse": "et que, revenus \u00e0 leur bon sens, ils se d\u00e9gageront des pi\u00e8ges du diable, qui s\u2019est empar\u00e9 d\u2019eux pour les soumettre \u00e0 sa volont\u00e9."
                }
            }
        },
        "3": {
            "chapter_nr": "3",
            "chapter": {
                "1": {
                    "verse_nr": "1",
                    "verse": "Corruption morale des derniers jours - Sache que, dans les derniers jours, il y aura des temps difficiles."
                },
                "2": {
                    "verse_nr": "2",
                    "verse": "Car les hommes seront \u00e9go\u00efstes, amis de l\u2019argent, fanfarons, hautains, blasph\u00e9mateurs, rebelles \u00e0 leurs parents, ingrats, irr\u00e9ligieux,"
                },
                "3": {
                    "verse_nr": "3",
                    "verse": "insensibles, d\u00e9loyaux, calomniateurs, intemp\u00e9rants, cruels, ennemis des gens de bien,"
                },
                "4": {
                    "verse_nr": "4",
                    "verse": "tra\u00eetres, emport\u00e9s, enfl\u00e9s d\u2019orgueil, aimant le plaisir plus que Dieu,"
                },
                "5": {
                    "verse_nr": "5",
                    "verse": "ayant l\u2019apparence de la pi\u00e9t\u00e9, mais reniant ce qui en fait la force. Eloigne-toi de ces hommes-l\u00e0."
                },
                "6": {
                    "verse_nr": "6",
                    "verse": "Il en est parmi eux qui s\u2019introduisent dans les maisons, et qui captivent de faibles femmes charg\u00e9es de p\u00e9ch\u00e9s, agit\u00e9es par des passions de toute esp\u00e8ce,"
                },
                "7": {
                    "verse_nr": "7",
                    "verse": "apprenant toujours et ne pouvant jamais arriver \u00e0 la connaissance de la v\u00e9rit\u00e9."
                },
                "8": {
                    "verse_nr": "8",
                    "verse": "De m\u00eame que Jann\u00e8s et Jambr\u00e8s s\u2019oppos\u00e8rent \u00e0 Mo\u00efse, de m\u00eame ces hommes s\u2019opposent \u00e0 la v\u00e9rit\u00e9, \u00e9tant corrompus d\u2019entendement, r\u00e9prouv\u00e9s en ce qui concerne la foi."
                },
                "9": {
                    "verse_nr": "9",
                    "verse": "Mais ils ne feront pas de plus grands progr\u00e8s; car leur folie sera manifeste pour tous, comme le fut celle de ces deux hommes."
                },
                "10": {
                    "verse_nr": "10",
                    "verse": "Exhortations \u00e0 Timoth\u00e9e - Pour toi, tu as suivi de pr\u00e8s mon enseignement, ma conduite, mes projets, ma foi, ma douceur, mon amour, ma constance,"
                },
                "11": {
                    "verse_nr": "11",
                    "verse": "mes pers\u00e9cutions, mes souffrances. A quelles souffrances n\u2019ai-je pas \u00e9t\u00e9 expos\u00e9 \u00e0 Antioche, \u00e0 Icone, \u00e0 Lystre? Quelles pers\u00e9cutions n\u2019ai-je pas support\u00e9es? Et le Seigneur m\u2019a d\u00e9livr\u00e9 de toutes."
                },
                "12": {
                    "verse_nr": "12",
                    "verse": "Or, tous ceux qui veulent vivre pieusement en J\u00e9sus-Christ seront pers\u00e9cut\u00e9s."
                },
                "13": {
                    "verse_nr": "13",
                    "verse": "Mais les hommes m\u00e9chants et imposteurs avanceront toujours plus dans le mal, \u00e9garant les autres et \u00e9gar\u00e9s eux-m\u00eames."
                },
                "14": {
                    "verse_nr": "14",
                    "verse": "Toi, demeure dans les choses que tu as apprises, et reconnues certaines, sachant de qui tu les as apprises:"
                },
                "15": {
                    "verse_nr": "15",
                    "verse": "d\u00e8s ton enfance, tu connais les saintes lettres, qui peuvent te rendre sage \u00e0 salut par la foi en J\u00e9sus-Christ."
                },
                "16": {
                    "verse_nr": "16",
                    "verse": "Toute Ecriture est inspir\u00e9e de Dieu, et utile pour enseigner, pour convaincre, pour corriger, pour instruire dans la justice,"
                },
                "17": {
                    "verse_nr": "17",
                    "verse": "afin que l\u2019homme de Dieu soit accompli et propre \u00e0 toute bonne \u0153uvre."
                }
            }
        },
        "4": {
            "chapter_nr": "4",
            "chapter": {
                "1": {
                    "verse_nr": "1",
                    "verse": "Je t\u2019en conjure devant Dieu et devant J\u00e9sus-Christ, qui doit juger les vivants et les morts, et au nom de son av\u00e8nement et de son royaume,"
                },
                "2": {
                    "verse_nr": "2",
                    "verse": "pr\u00eache la parole, insiste en toute occasion, favorable ou non, reprends, censure, exhorte, avec toute douceur et en instruisant."
                },
                "3": {
                    "verse_nr": "3",
                    "verse": "Car il viendra un temps o\u00f9 les hommes ne supporteront pas la saine doctrine; mais, ayant la d\u00e9mangeaison d\u2019entendre des choses agr\u00e9ables, ils se donneront une foule de docteurs selon leurs propres d\u00e9sirs,"
                },
                "4": {
                    "verse_nr": "4",
                    "verse": "d\u00e9tourneront l\u2019oreille de la v\u00e9rit\u00e9, et se tourneront vers les fables."
                },
                "5": {
                    "verse_nr": "5",
                    "verse": "Mais toi, sois sobre en toutes choses, supporte les souffrances, fais l\u2019\u0153uvre d\u2019un \u00e9vang\u00e9liste, remplis bien ton minist\u00e8re."
                },
                "6": {
                    "verse_nr": "6",
                    "verse": "Paul pressent sa mort; ses derni\u00e8res recommandations - Car pour moi, je sers d\u00e9j\u00e0 de libation, et le moment de mon d\u00e9part approche."
                },
                "7": {
                    "verse_nr": "7",
                    "verse": "J\u2019ai combattu le bon combat, j\u2019ai achev\u00e9 la course, j\u2019ai gard\u00e9 la foi."
                },
                "8": {
                    "verse_nr": "8",
                    "verse": "D\u00e9sormais, la couronne de justice m\u2019est r\u00e9serv\u00e9e; le Seigneur, le juste juge, me la donnera dans ce jour-l\u00e0, et non seulement \u00e0 moi, mais encore \u00e0 tous ceux qui auront aim\u00e9 son av\u00e8nement."
                },
                "9": {
                    "verse_nr": "9",
                    "verse": "Viens au plus t\u00f4t vers moi;"
                },
                "10": {
                    "verse_nr": "10",
                    "verse": "car D\u00e9mas m\u2019a abandonn\u00e9, par amour pour le si\u00e8cle pr\u00e9sent, et il est parti pour Thessalonique; Crescens est all\u00e9 en Galatie, Tite en Dalmatie."
                },
                "11": {
                    "verse_nr": "11",
                    "verse": "Luc seul est avec moi. Prends Marc, et am\u00e8ne-le avec toi, car il m\u2019est utile pour le minist\u00e8re."
                },
                "12": {
                    "verse_nr": "12",
                    "verse": "J\u2019ai envoy\u00e9 Tychique \u00e0 Eph\u00e8se."
                },
                "13": {
                    "verse_nr": "13",
                    "verse": "Quand tu viendras, apporte le manteau que j\u2019ai laiss\u00e9 \u00e0 Troas chez Carpus, et les livres, surtout les parchemins."
                },
                "14": {
                    "verse_nr": "14",
                    "verse": "Alexandre, le forgeron, m\u2019a fait beaucoup de mal. Le Seigneur lui rendra selon ses \u0153uvres."
                },
                "15": {
                    "verse_nr": "15",
                    "verse": "Garde-toi aussi de lui, car il s\u2019est fortement oppos\u00e9 \u00e0 nos paroles."
                },
                "16": {
                    "verse_nr": "16",
                    "verse": "Dans ma premi\u00e8re d\u00e9fense, personne ne m\u2019a assist\u00e9, mais tous m\u2019ont abandonn\u00e9. Que cela ne leur soit point imput\u00e9!"
                },
                "17": {
                    "verse_nr": "17",
                    "verse": "C\u2019est le Seigneur qui m\u2019a assist\u00e9 et qui m\u2019a fortifi\u00e9, afin que la pr\u00e9dication soit accomplie par moi et que tous les pa\u00efens l\u2019entendent. Et j\u2019ai \u00e9t\u00e9 d\u00e9livr\u00e9 de la gueule du lion."
                },
                "18": {
                    "verse_nr": "18",
                    "verse": "Le Seigneur me d\u00e9livrera de toute \u0153uvre mauvaise, et il me sauvera pour me faire entrer dans son royaume c\u00e9leste. A lui soit la gloire aux si\u00e8cles des si\u00e8cles! Amen!"
                },
                "19": {
                    "verse_nr": "19",
                    "verse": "Salue Prisca et Aquilas, et la famille d\u2019On\u00e9siphore."
                },
                "20": {
                    "verse_nr": "20",
                    "verse": "Eraste est rest\u00e9 \u00e0 Corinthe, et j\u2019ai laiss\u00e9 Trophime malade \u00e0 Milet."
                },
                "21": {
                    "verse_nr": "21",
                    "verse": "T\u00e2che de venir avant l\u2019hiver. Eubulus, Pudens, Linus, Claudia, et tous les fr\u00e8res te saluent."
                },
                "22": {
                    "verse_nr": "22",
                    "verse": "Que le Seigneur soit avec ton esprit! Que la gr\u00e2ce soit avec vous!"
                }
            }
        }
    }
}