{
    "version": "RSV",
    "book_name": "Malachi",
    "book_nr": "39",
    "book": {
        "1": {
            "chapter_nr": "1",
            "chapter": {
                "1": {
                    "verse_nr": "1",
                    "verse": "The oracle of the word of the LORD to Israel by Mal\u2032achi."
                },
                "2": {
                    "verse_nr": "2",
                    "verse": "Israel Preferred to Edom - \u201cI have loved you,\u201d says the LORD. But you say, \u201cHow hast thou loved us?\u201d \u201cIs not Esau Jacob\u2019s brother?\u201d says the LORD. \u201cYet I have loved Jacob"
                },
                "3": {
                    "verse_nr": "3",
                    "verse": "but I have hated Esau; I have laid waste his hill country and left his heritage to jackals of the desert.\u201d"
                },
                "4": {
                    "verse_nr": "4",
                    "verse": "If Edom says, \u201cWe are shattered but we will rebuild the ruins,\u201d the LORD of hosts says, \u201cThey may build, but I will tear down, till they are called the wicked country, the people with whom the LORD is angry for ever.\u201d"
                },
                "5": {
                    "verse_nr": "5",
                    "verse": "Your own eyes shall see this, and you shall say, \u201cGreat is the LORD, beyond the border of Israel!\u201d"
                },
                "6": {
                    "verse_nr": "6",
                    "verse": "Corruption of the Priesthood - \u201cA son honors his father, and a servant his master. If then I am a father, where is my honor? And if I am a master, where is my fear? says the LORD of hosts to you, O priests, who despise my name. You say, \u2018How have we despised thy name?\u2019"
                },
                "7": {
                    "verse_nr": "7",
                    "verse": "By offering polluted food upon my altar. And you say, \u2018How have we polluted it?\u2019 By thinking that the LORD\u2019s table may be despised."
                },
                "8": {
                    "verse_nr": "8",
                    "verse": "When you offer blind animals in sacrifice, is that no evil? And when you offer those that are lame or sick, is that no evil? Present that to your governor; will he be pleased with you or show you favor? says the LORD of hosts."
                },
                "9": {
                    "verse_nr": "9",
                    "verse": "\u2018And now entreat the favor of God, that he may be gracious to us.\u2019 With such a gift from your hand, will he show favor to any of you? says the LORD of hosts."
                },
                "10": {
                    "verse_nr": "10",
                    "verse": "Oh, that there were one among you who would shut the doors, that you might not kindle fire upon my altar in vain! I have no pleasure in you, says the LORD of hosts, and I will not accept an offering from your hand."
                },
                "11": {
                    "verse_nr": "11",
                    "verse": "For from the rising of the sun to its setting my name is great among the nations, and in every place incense is offered to my name, and a pure offering; for my name is great among the nations, says the LORD of hosts."
                },
                "12": {
                    "verse_nr": "12",
                    "verse": "But you profane it when you say that the LORD\u2019s table is polluted, and the food for it may be despised."
                },
                "13": {
                    "verse_nr": "13",
                    "verse": "\u2018What a weariness this is,\u2019 you say, and you sniff at me, says the LORD of hosts. You bring what has been taken by violence or is lame or sick, and this you bring as your offering! Shall I accept that from your hand? says the LORD."
                },
                "14": {
                    "verse_nr": "14",
                    "verse": "Cursed be the cheat who has a male in his flock, and vows it, and yet sacrifices to the Lord what is blemished; for I am a great King, says the LORD of hosts, and my name is feared among the nations."
                }
            }
        },
        "2": {
            "chapter_nr": "2",
            "chapter": {
                "1": {
                    "verse_nr": "1",
                    "verse": "\u201cAnd now, O priests, this command is for you."
                },
                "2": {
                    "verse_nr": "2",
                    "verse": "If you will not listen, if you will not lay it to heart to give glory to my name, says the LORD of hosts, then I will send the curse upon you and I will curse your blessings; indeed I have already cursed them, because you do not lay it to heart."
                },
                "3": {
                    "verse_nr": "3",
                    "verse": "Behold, I will rebuke your offspring, and spread dung upon your faces, the dung of your offerings, and I will put you out of my presence."
                },
                "4": {
                    "verse_nr": "4",
                    "verse": "So shall you know that I have sent this command to you, that my covenant with Levi may hold, says the LORD of hosts."
                },
                "5": {
                    "verse_nr": "5",
                    "verse": "My covenant with him was a covenant of life and peace, and I gave them to him, that he might fear; and he feared me, he stood in awe of my name."
                },
                "6": {
                    "verse_nr": "6",
                    "verse": "True instruction was in his mouth, and no wrong was found on his lips. He walked with me in peace and uprightness, and he turned many from iniquity."
                },
                "7": {
                    "verse_nr": "7",
                    "verse": "For the lips of a priest should guard knowledge, and men should seek instruction from his mouth, for he is the messenger of the LORD of hosts."
                },
                "8": {
                    "verse_nr": "8",
                    "verse": "But you have turned aside from the way; you have caused many to stumble by your instruction; you have corrupted the covenant of Levi, says the LORD of hosts,"
                },
                "9": {
                    "verse_nr": "9",
                    "verse": "and so I make you despised and abased before all the people, inasmuch as you have not kept my ways but have shown partiality in your instruction.\u201d"
                },
                "10": {
                    "verse_nr": "10",
                    "verse": "The Covenant Profaned by Judah - Have we not all one father? Has not one God created us? Why then are we faithless to one another, profaning the covenant of our fathers?"
                },
                "11": {
                    "verse_nr": "11",
                    "verse": "Judah has been faithless, and abomination has been committed in Israel and in Jerusalem; for Judah has profaned the sanctuary of the LORD, which he loves, and has married the daughter of a foreign god."
                },
                "12": {
                    "verse_nr": "12",
                    "verse": "May the LORD cut off from the tents of Jacob, for the man who does this, any to witness or answer, or to bring an offering to the LORD of hosts!"
                },
                "13": {
                    "verse_nr": "13",
                    "verse": "And this again you do. You cover the LORD\u2019s altar with tears, with weeping and groaning because he no longer regards the offering or accepts it with favor at your hand."
                },
                "14": {
                    "verse_nr": "14",
                    "verse": "You ask, \u201cWhy does he not?\u201d Because the LORD was witness to the covenant between you and the wife of your youth, to whom you have been faithless, though she is your companion and your wife by covenant."
                },
                "15": {
                    "verse_nr": "15",
                    "verse": "Has not the one God made and sustained for us the spirit of life? And what does he desire? Godly offspring. So take heed to yourselves, and let none be faithless to the wife of his youth."
                },
                "16": {
                    "verse_nr": "16",
                    "verse": "\u201cFor I hate divorce, says the LORD the God of Israel, and covering one\u2019s garment with violence, says the LORD of hosts. So take heed to yourselves and do not be faithless.\u201d"
                },
                "17": {
                    "verse_nr": "17",
                    "verse": "You have wearied the LORD with your words. Yet you say, \u201cHow have we wearied him?\u201d By saying, \u201cEvery one who does evil is good in the sight of the LORD, and he delights in them.\u201d Or by asking, \u201cWhere is the God of justice?\u201d"
                }
            }
        },
        "3": {
            "chapter_nr": "3",
            "chapter": {
                "1": {
                    "verse_nr": "1",
                    "verse": "The Coming Messenger - \u201cBehold, I send my messenger to prepare the way before me, and the Lord whom you seek will suddenly come to his temple; the messenger of the covenant in whom you delight, behold, he is coming, says the LORD of hosts."
                },
                "2": {
                    "verse_nr": "2",
                    "verse": "But who can endure the day of his coming, and who can stand when he appears? \u201cFor he is like a refiner\u2019s fire and like fullers\u2019 soap;"
                },
                "3": {
                    "verse_nr": "3",
                    "verse": "he will sit as a refiner and purifier of silver, and he will purify the sons of Levi and refine them like gold and silver, till they present right offerings to the LORD."
                },
                "4": {
                    "verse_nr": "4",
                    "verse": "Then the offering of Judah and Jerusalem will be pleasing to the LORD as in the days of old and as in former years."
                },
                "5": {
                    "verse_nr": "5",
                    "verse": "\u201cThen I will draw near to you for judgment; I will be a swift witness against the sorcerers, against the adulterers, against those who swear falsely, against those who oppress the hireling in his wages, the widow and the orphan, against those who thrust aside the sojourner, and do not fear me, says the LORD of hosts."
                },
                "6": {
                    "verse_nr": "6",
                    "verse": "Do Not Rob God - \u201cFor I the LORD do not change; therefore you, O sons of Jacob, are not consumed."
                },
                "7": {
                    "verse_nr": "7",
                    "verse": "From the days of your fathers you have turned aside from my statutes and have not kept them. Return to me, and I will return to you, says the LORD of hosts. But you say, \u2018How shall we return?\u2019"
                },
                "8": {
                    "verse_nr": "8",
                    "verse": "Will man rob God? Yet you are robbing me. But you say, \u2018How are we robbing thee?\u2019 In your tithes and offerings."
                },
                "9": {
                    "verse_nr": "9",
                    "verse": "You are cursed with a curse, for you are robbing me; the whole nation of you."
                },
                "10": {
                    "verse_nr": "10",
                    "verse": "Bring the full tithes into the storehouse, that there may be food in my house; and thereby put me to the test, says the LORD of hosts, if I will not open the windows of heaven for you and pour down for you an overflowing blessing."
                },
                "11": {
                    "verse_nr": "11",
                    "verse": "I will rebuke the devourer for you, so that it will not destroy the fruits of your soil; and your vine in the field shall not fail to bear, says the LORD of hosts."
                },
                "12": {
                    "verse_nr": "12",
                    "verse": "Then all nations will call you blessed, for you will be a land of delight, says the LORD of hosts."
                },
                "13": {
                    "verse_nr": "13",
                    "verse": "\u201cYour words have been stout against me, says the LORD. Yet you say, \u2018How have we spoken against thee?\u2019"
                },
                "14": {
                    "verse_nr": "14",
                    "verse": "You have said, \u2018It is vain to serve God. What is the good of our keeping his charge or of walking as in mourning before the LORD of hosts?"
                },
                "15": {
                    "verse_nr": "15",
                    "verse": "Henceforth we deem the arrogant blessed; evildoers not only prosper but when they put God to the test they escape.\u2019\u201d"
                },
                "16": {
                    "verse_nr": "16",
                    "verse": "The Reward of the Faithful - Then those who feared the LORD spoke with one another; the LORD heeded and heard them, and a book of remembrance was written before him of those who feared the LORD and thought on his name."
                },
                "17": {
                    "verse_nr": "17",
                    "verse": "\u201cThey shall be mine, says the LORD of hosts, my special possession on the day when I act, and I will spare them as a man spares his son who serves him."
                },
                "18": {
                    "verse_nr": "18",
                    "verse": "Then once more you shall distinguish between the righteous and the wicked, between one who serves God and one who does not serve him."
                }
            }
        },
        "4": {
            "chapter_nr": "4",
            "chapter": {
                "1": {
                    "verse_nr": "1",
                    "verse": "The Great Day of the LORD - \u201cFor behold, the day comes, burning like an oven, when all the arrogant and all evildoers will be stubble; the day that comes shall burn them up, says the LORD of hosts, so that it will leave them neither root nor branch."
                },
                "2": {
                    "verse_nr": "2",
                    "verse": "But for you who fear my name the sun of righteousness shall rise, with healing in its wings. You shall go forth leaping like calves from the stall."
                },
                "3": {
                    "verse_nr": "3",
                    "verse": "And you shall tread down the wicked, for they will be ashes under the soles of your feet, on the day when I act, says the LORD of hosts."
                },
                "4": {
                    "verse_nr": "4",
                    "verse": "\u201cRemember the law of my servant Moses, the statutes and ordinances that I commanded him at Horeb for all Israel."
                },
                "5": {
                    "verse_nr": "5",
                    "verse": "\u201cBehold, I will send you Eli\u2032jah the prophet before the great and terrible day of the LORD comes."
                },
                "6": {
                    "verse_nr": "6",
                    "verse": "And he will turn the hearts of fathers to their children and the hearts of children to their fathers, lest I come and smite the land with a curse.\u201d"
                }
            }
        }
    }
}