{
    "version": "TLA",
    "book_name": "Song of Solomon",
    "book_nr": "22",
    "book": {
        "1": {
            "chapter_nr": "1",
            "chapter": {
                "1": {
                    "verse_nr": "1",
                    "verse": "\u00c9ste es el poema m\u00e1s hermoso de Salom\u00f3n."
                },
                "2": {
                    "verse_nr": "2",
                    "verse": "Primer canto - La novia \u00a1Ay, amado m\u00edo, c\u00f3mo deseo que me beses! Prefiero tus caricias, m\u00e1s que el vino;"
                },
                "3": {
                    "verse_nr": "3",
                    "verse": "prefiero disfrutar del aroma de tus perfumes. Y eso eres t\u00fa: \u00a1perfume agradable! \u00a1Ahora me doy cuenta por qu\u00e9 te aman las mujeres!"
                },
                "4": {
                    "verse_nr": "4",
                    "verse": "\u00a1Vamos, date prisa y ll\u00e9vame contigo! \u00a1Ll\u00e9vame ya a tus habitaciones, rey de mi vida! Por ti haremos fiesta, por ti estaremos alegres; nos olvidaremos del vino y disfrutar\u00e9 de tus caricias. \u00a1Ahora me doy cuenta por qu\u00e9 las mujeres te aman tanto!"
                },
                "5": {
                    "verse_nr": "5",
                    "verse": "\u00a1Mujeres de Jerusal\u00e9n! Yo soy morena, s\u00ed, como las tiendas de Quedar. Y soy tambi\u00e9n hermosa, como las cortinas de Salom\u00f3n."
                },
                "6": {
                    "verse_nr": "6",
                    "verse": "No se fijen en mi piel morena, pues el sol la requem\u00f3. Mis hermanos se enojaron contra m\u00ed, y me obligaron a cuidar sus vi\u00f1as, \u00a1y as\u00ed mi propia vi\u00f1a descuid\u00e9!"
                },
                "7": {
                    "verse_nr": "7",
                    "verse": "Cu\u00e9ntame, amor de mi vida, \u00bfa d\u00f3nde llevas tus reba\u00f1os? A la hora de la siesta, \u00bfd\u00f3nde los haces descansar? No tengo por qu\u00e9 andar como una vagabunda; \u00a1no tengo por qu\u00e9 buscarte entre los reba\u00f1os de tus amigos!"
                },
                "8": {
                    "verse_nr": "8",
                    "verse": "Los pastores Si acaso no lo sabes, mujer bella entre las bellas, sigue las huellas del reba\u00f1o y lleva a pastar tus cabritos junto a las carpas de los pastores."
                },
                "9": {
                    "verse_nr": "9",
                    "verse": "El novio Amada m\u00eda, tu andar tiene la gracia del trote de las yeguas que tiran del carro del rey."
                },
                "10": {
                    "verse_nr": "10",
                    "verse": "\u00a1Preciosas se ven tus mejillas en medio de tus trenzas! \u00a1Bell\u00edsimo luce tu cuello entre tan bellos collares!"
                },
                "11": {
                    "verse_nr": "11",
                    "verse": "\u00a1Voy a regalarte joyas de oro, incrustadas de plata!"
                },
                "12": {
                    "verse_nr": "12",
                    "verse": "La novia Mientras el rey se recuesta, mi perfume esparce su fragancia."
                },
                "13": {
                    "verse_nr": "13",
                    "verse": "Mi amado es para m\u00ed como el saquito perfumado que llevo entre mis pechos."
                },
                "14": {
                    "verse_nr": "14",
                    "verse": "Mi amado es para m\u00ed como un ramito de flores de las vi\u00f1as de En-gadi."
                },
                "15": {
                    "verse_nr": "15",
                    "verse": "El novio \u00a1T\u00fa eres bella, amada m\u00eda; eres muy bella! \u00a1Tus ojos son dos luceros!"
                },
                "16": {
                    "verse_nr": "16",
                    "verse": "La novia \u00a1T\u00fa eres hermoso, amado m\u00edo! \u00a1Eres un hombre encantador! Los noviosLa verde hierba ser\u00e1 nuestro lecho de bodas,"
                },
                "17": {
                    "verse_nr": "17",
                    "verse": "y a la sombra de los cedros pondremos nuestro nido de amor."
                }
            }
        },
        "2": {
            "chapter_nr": "2",
            "chapter": {
                "1": {
                    "verse_nr": "1",
                    "verse": "La novia Yo soy una flor de los llanos de Sar\u00f3n; soy una rosa de los valles."
                },
                "2": {
                    "verse_nr": "2",
                    "verse": "El novio Mi amada es una rosa entre las espinas."
                },
                "3": {
                    "verse_nr": "3",
                    "verse": "La novia Mi amado es un manzano entre \u00e1rboles silvestres. \u00a1Me muero por sentarme a su sombra y saborear sus deliciosos frutos!"
                },
                "4": {
                    "verse_nr": "4",
                    "verse": "Mi amado me llev\u00f3 a la sala de banquetes, y all\u00ed me cubri\u00f3 de besos."
                },
                "5": {
                    "verse_nr": "5",
                    "verse": "\u00a1Denme a comer uvas! \u00a1Denme a comer manzanas! \u00a1Ay\u00fadenme a recobrar las fuerzas, que me estoy muriendo de amor!"
                },
                "6": {
                    "verse_nr": "6",
                    "verse": "\u00a1Que ponga \u00e9l su brazo izquierdo debajo de mi cabeza! \u00a1Que me apriete contra su cuerpo con el brazo derecho!"
                },
                "7": {
                    "verse_nr": "7",
                    "verse": "El novio Mujeres de Jerusal\u00e9n, quiero que me prometan, por las gacelas y venaditas que corren por los bosques, que no molestar\u00e1n a mi amada ni la despertar\u00e1n de su sue\u00f1o de amor hasta que ella sola se despierte."
                },
                "8": {
                    "verse_nr": "8",
                    "verse": "Segundo canto - La novia \u00a1Oigo la voz de mi amado! \u00a1Ya lo veo venir! Viene saltando por las colinas, viene brincando por las monta\u00f1as."
                },
                "9": {
                    "verse_nr": "9",
                    "verse": "Mi amado es como un cabrito. \u00a1All\u00ed est\u00e1, tras el muro! \u00a1Se asoma por las ventanas, me esp\u00eda por las rejas!"
                },
                "10": {
                    "verse_nr": "10",
                    "verse": "Mi amado me dijo: \u00abAcomp\u00e1\u00f1ame, amada m\u00eda; \u00a1ven conmigo, bella mujer!"
                },
                "11": {
                    "verse_nr": "11",
                    "verse": "El invierno ya se ha ido; las lluvias han terminado."
                },
                "12": {
                    "verse_nr": "12",
                    "verse": "Ya hay flores en los campos; ha llegado el tiempo de cantar. \u00a1El arrullo de las t\u00f3rtolas se escucha en nuestra tierra!"
                },
                "13": {
                    "verse_nr": "13",
                    "verse": "En las higueras hay higos, y las flores de las vi\u00f1as esparcen suave aroma. Acomp\u00e1\u00f1ame, amada m\u00eda; \u00a1ven conmigo, bella mujer!\u00bb"
                },
                "14": {
                    "verse_nr": "14",
                    "verse": "El novio Palomita amada, no te escondas en las rocas. Mu\u00e9strame tu rostro, d\u00e9jame o\u00edr tu voz. \u00a1Tu voz es dulce! \u00a1Tu rostro es bello!"
                },
                "15": {
                    "verse_nr": "15",
                    "verse": "Los novios Las zorras peque\u00f1as causan da\u00f1o a nuestras vi\u00f1as. \u00a1Ay\u00fadennos a atraparlas, pues nuestras vi\u00f1as est\u00e1n en flor!"
                },
                "16": {
                    "verse_nr": "16",
                    "verse": "La novia Mi amado es m\u00edo, y yo soy suya; mi amado cuida de su reba\u00f1o entre las rosas."
                },
                "17": {
                    "verse_nr": "17",
                    "verse": "Regresa a m\u00ed, amado m\u00edo, mientras sopla todav\u00eda la brisa de la tarde, y las sombras van cayendo. \u00a1Corre como un venado! \u00a1Corre como cabrito por las colinas que nos separan!"
                }
            }
        },
        "3": {
            "chapter_nr": "3",
            "chapter": {
                "1": {
                    "verse_nr": "1",
                    "verse": "En la oscuridad de la noche busco al amor de mi vida. En la soledad de mi cuarto lo busco y no lo encuentro."
                },
                "2": {
                    "verse_nr": "2",
                    "verse": "Me levanto, recorro la ciudad, voy por calles y mercados, buscando al amor de mi vida. Lo busco y no lo encuentro."
                },
                "3": {
                    "verse_nr": "3",
                    "verse": "Me topo con los guardias, con los que vigilan la ciudad, y les pregunto si han visto al amor de mi vida."
                },
                "4": {
                    "verse_nr": "4",
                    "verse": "Apenas los dejo, encuentro al amor de mi vida. Lo abrazo, no lo suelto, lo llevo a mi casa, \u00a1lo hago entrar en la habitaci\u00f3n donde nac\u00ed!"
                },
                "5": {
                    "verse_nr": "5",
                    "verse": "El novio Mujeres de Jerusal\u00e9n, quiero que me prometan, por las gacelas y venaditas que corren por el bosque, que no molestar\u00e1n a mi amada ni la despertar\u00e1n de su sue\u00f1o de amor hasta que ella sola se despierte."
                },
                "6": {
                    "verse_nr": "6",
                    "verse": "Tercer canto - Los amigos \u00a1Algo viene por el desierto! \u00bfQu\u00e9 podr\u00e1 ser? Parece una columna de humo que avanza entre aromas de flores, incienso y perfumes."
                },
                "7": {
                    "verse_nr": "7",
                    "verse": "\u00a1Pero si es Salom\u00f3n, y viene en su carruaje real! Lo escoltan sesenta valientes, \u00a1los mejores soldados de Israel!"
                },
                "8": {
                    "verse_nr": "8",
                    "verse": "Armados con espadas, son maestros en el combate; todos llevan la espada lista por causa de los peligros que presenta la noche."
                },
                "9": {
                    "verse_nr": "9",
                    "verse": "Este carruaje fue hecho con finas maderas del L\u00edbano. Salom\u00f3n mismo lo mand\u00f3 hacer."
                },
                "10": {
                    "verse_nr": "10",
                    "verse": "Orden\u00f3 que le pusieran columnas de plata, soportes de oro, y un asiento de tela p\u00farpura. Las mujeres de Jerusal\u00e9n decoraron su interior con gran delicadeza."
                },
                "11": {
                    "verse_nr": "11",
                    "verse": "\u00a1Salgan, mujeres de Jerusal\u00e9n! \u00a1Vengan a ver al rey Salom\u00f3n! Lleva puesta la corona que su propia madre le hizo para el d\u00eda de su boda, \u00a1para el d\u00eda m\u00e1s feliz de su vida!"
                }
            }
        },
        "4": {
            "chapter_nr": "4",
            "chapter": {
                "1": {
                    "verse_nr": "1",
                    "verse": "El novio \u00a1Eres bella, amada m\u00eda! \u00a1Eres sumamente bella! Son tus ojos dos palomas que se asoman tras el velo. Son tus negros cabellos cabritos que juguetean en los montes de Galaad."
                },
                "2": {
                    "verse_nr": "2",
                    "verse": "Son blancos tus dientes, como ovejas reci\u00e9n ba\u00f1adas listas para la trasquila."
                },
                "3": {
                    "verse_nr": "3",
                    "verse": "Son rojos tus labios cual cinta escarlata, y melodiosas tus palabras. Tus mejillas, tras el velo, son rojas como manzanas."
                },
                "4": {
                    "verse_nr": "4",
                    "verse": "Tu cuello me recuerda a la torre de David, hecha de piedras labradas y adornada con mil escudos de valientes guerreros."
                },
                "5": {
                    "verse_nr": "5",
                    "verse": "Tus pechos son dos gacelas, \u00a1son dos gacelas que pastan entre las rosas!"
                },
                "6": {
                    "verse_nr": "6",
                    "verse": "Mientras sopla todav\u00eda la brisa de la tarde, y las sombras van cayendo, subir\u00e9 a la colina de las suaves fragancias."
                },
                "7": {
                    "verse_nr": "7",
                    "verse": "\u00a1Qu\u00e9 bella eres, amada m\u00eda! \u00a1Todo en ti es perfecto!"
                },
                "8": {
                    "verse_nr": "8",
                    "verse": "\u00a1Vamos, novia m\u00eda, baja del L\u00edbano conmigo! Baja de las cumbres de los montes, baja de las cuevas de los leones, de los montes de los leopardos."
                },
                "9": {
                    "verse_nr": "9",
                    "verse": "Amada m\u00eda, desde que me miraste mi coraz\u00f3n te pertenece. Es tuyo desde que lo envolviste entre los hilos de tu collar."
                },
                "10": {
                    "verse_nr": "10",
                    "verse": "\u00a1Qu\u00e9 dulces son tus caricias, amada m\u00eda! \u00a1Son m\u00e1s dulces que el vino! \u00a1M\u00e1s fragantes tus perfumes que todas las especias!"
                },
                "11": {
                    "verse_nr": "11",
                    "verse": "Son tus labios un panal, amada m\u00eda; de tu lengua brotan leche y miel. Hay en tus vestidos la dulce fragancia de los bosques del L\u00edbano."
                },
                "12": {
                    "verse_nr": "12",
                    "verse": "T\u00fa eres un jard\u00edn cerrado, amada m\u00eda; eres un jard\u00edn cerrado, \u00a1eres sellado manantial!"
                },
                "13": {
                    "verse_nr": "13",
                    "verse": "El para\u00edso de tus pechos es un huerto de manzanos. Hay en \u00e9l nardos y azahares,"
                },
                "14": {
                    "verse_nr": "14",
                    "verse": "los m\u00e1s variados aromas, y las m\u00e1s finas especias."
                },
                "15": {
                    "verse_nr": "15",
                    "verse": "Eres la fuente de los jardines, \u00a1el manantial de agua viva que baja del monte L\u00edbano!"
                },
                "16": {
                    "verse_nr": "16",
                    "verse": "La novia \u00a1Despierta, viento del norte! \u00a1Ven ac\u00e1, viento del sur! \u00a1Soplen sobre mi jard\u00edn y esparzan su fragancia! \u00a1Ven a tu jard\u00edn, amado m\u00edo, y prueba sus deliciosos frutos!"
                }
            }
        },
        "5": {
            "chapter_nr": "5",
            "chapter": {
                "1": {
                    "verse_nr": "1",
                    "verse": "El novio Ya estoy dentro de mi jard\u00edn, amada m\u00eda; y encuentro en \u00e9l b\u00e1lsamo y mirra. All\u00ed pruebo la miel de mi panal, y bebo vino y leche. Los pastores\u00a1Vamos, amigos, coman y beban! \u00a1Queden saciados de amor!"
                },
                "2": {
                    "verse_nr": "2",
                    "verse": "Cuarto canto - La novia En medio de mis sue\u00f1os mi coraz\u00f3n despert\u00f3 y alcanc\u00e9 a o\u00edr una voz. Era la voz de mi amado, que estaba a la puerta: El novio\u00abAmada m\u00eda; mi preciosa palomita, \u00a1d\u00e9jame pasar! Tengo la cabeza ba\u00f1ada en roc\u00edo; \u00a1me corre por el cabello la lluvia de la noche!\u00bb"
                },
                "3": {
                    "verse_nr": "3",
                    "verse": "La novia \u00abPero ya me quit\u00e9 la ropa, \u00a1tendr\u00eda que volver a vestirme! Ya me lav\u00e9 los pies; \u00a1me los ensuciar\u00eda de nuevo!\u00bb"
                },
                "4": {
                    "verse_nr": "4",
                    "verse": "Mi amado meti\u00f3 la mano por un hoyo de la puerta; \u00a1todo mi ser se estremeci\u00f3!"
                },
                "5": {
                    "verse_nr": "5",
                    "verse": "Salt\u00e9 de la cama para abrirle a mi amado; \u00a1por las manos y los dedos me corr\u00edan gotas de perfume, y ca\u00edan sobre la aldaba!"
                },
                "6": {
                    "verse_nr": "6",
                    "verse": "Al o\u00edr la voz de mi amado, sent\u00ed que me mor\u00eda. Le abr\u00ed la puerta, pero \u00e9l se hab\u00eda marchado; \u00a1ya no estaba all\u00ed! Me dispuse a seguirlo: lo busqu\u00e9 y no lo encontr\u00e9; lo llam\u00e9 y no me respondi\u00f3."
                },
                "7": {
                    "verse_nr": "7",
                    "verse": "Me top\u00e9 con los guardias, con los que vigilan la ciudad; y ellos me hirieron, me golpearon, \u00a1y me dejaron desnuda!"
                },
                "8": {
                    "verse_nr": "8",
                    "verse": "Mujeres de Jerusal\u00e9n, quiero que me prometan que, si encuentran a mi amado, le digan que... \u00a1Que me estoy muriendo de amor!"
                },
                "9": {
                    "verse_nr": "9",
                    "verse": "Las mujeres de Jerusal\u00e9n \u00bfQu\u00e9 tiene de especial tu amado, mujer bella entre las bellas? \u00bfEn qu\u00e9 es diferente tu amado del resto de los hombres, que nos pides tales promesas?"
                },
                "10": {
                    "verse_nr": "10",
                    "verse": "La novia Tan elegante es mi amado, y tan rosada es su piel, que entre diez mil hombres es f\u00e1cil reconocerlo."
                },
                "11": {
                    "verse_nr": "11",
                    "verse": "Su cabeza es oro puro; sus cabellos son rizados y negros como un cuervo."
                },
                "12": {
                    "verse_nr": "12",
                    "verse": "Sus ojos son dos palomas ba\u00f1adas en leche y sentadas junto a los arroyos."
                },
                "13": {
                    "verse_nr": "13",
                    "verse": "Sus mejillas son un huerto de hierbas arom\u00e1ticas. Sus labios parecen rosas, y por ellos corre miel."
                },
                "14": {
                    "verse_nr": "14",
                    "verse": "Por brazos tiene un par de barras de oro adornadas con topacios. Su cuerpo es tan terso como el pulido marfil, y lo adorna un cielo de zafiros."
                },
                "15": {
                    "verse_nr": "15",
                    "verse": "Son sus poderosas piernas, dos pilares de m\u00e1rmol apoyados sobre bases de oro puro. Su presencia es majestuosa como los cedros del L\u00edbano."
                },
                "16": {
                    "verse_nr": "16",
                    "verse": "Hay dulzura en sus labios; \u00a1es un hombre encantador! \u00a1As\u00ed es mi amado, mujeres de Jerusal\u00e9n! \u00a1As\u00ed es mi amado!"
                }
            }
        },
        "6": {
            "chapter_nr": "6",
            "chapter": {
                "1": {
                    "verse_nr": "1",
                    "verse": "Las mujeres de Jerusal\u00e9n Dinos entonces, mujer bella entre las bellas, \u00bfa d\u00f3nde se ha ido tu amado? \u00bfQu\u00e9 rumbo tom\u00f3? \u00a1Vamos juntas a buscarlo!"
                },
                "2": {
                    "verse_nr": "2",
                    "verse": "La novia Mi amado ha venido a su jard\u00edn, al huerto de hierbas arom\u00e1ticas, para juguetear entre las flores y para cortar rosas."
                },
                "3": {
                    "verse_nr": "3",
                    "verse": "Yo soy de mi amado, y mi amado es m\u00edo; mi amado cuida de su reba\u00f1o entre las rosas."
                },
                "4": {
                    "verse_nr": "4",
                    "verse": "Quinto canto - C\u00e1ntico del novio Eres bella, amada m\u00eda; bella como la ciudad de Tirs\u00e1, hermosa como Jerusal\u00e9n, majestuosa como las estrellas."
                },
                "5": {
                    "verse_nr": "5",
                    "verse": "\u00a1Por favor, ya no me mires, que tus ojos me conquistaron! Son tus negros cabellos cabritos que juguetean en los montes de Galaad."
                },
                "6": {
                    "verse_nr": "6",
                    "verse": "Son tus blancos dientes cabritas reci\u00e9n ba\u00f1adas. Son perfectos, no te falta ninguno."
                },
                "7": {
                    "verse_nr": "7",
                    "verse": "Tus mejillas, tras el velo, son rojas como manzanas."
                },
                "8": {
                    "verse_nr": "8",
                    "verse": "Puede haber sesenta reinas, y m\u00e1s de ochenta mujeres;"
                },
                "9": {
                    "verse_nr": "9",
                    "verse": "pero mi palomita amada es una mujer singular; \u00a1es una mujer perfecta! Es la hija preferida de su madre. Hasta las mujeres mismas la ven y la felicitan; reinas y princesas no se cansan de alabarla."
                },
                "10": {
                    "verse_nr": "10",
                    "verse": "Los amigos \u00bfY qui\u00e9n es esta hermosura? Es admirable, como la aurora; bella es, como la luna, y esplendorosa como el sol; \u00a1majestuosa como las estrellas!"
                },
                "11": {
                    "verse_nr": "11",
                    "verse": "La novia Baj\u00e9 al jard\u00edn de los nogales para ver las nuevas flores del valle, los reto\u00f1os de las vides y los manzanos en flor."
                },
                "12": {
                    "verse_nr": "12",
                    "verse": "Pero, antes de darme cuenta, \u00a1mi pasi\u00f3n me condujo hasta el carro de mi pr\u00edncipe!"
                },
                "13": {
                    "verse_nr": "13",
                    "verse": "Los amigos Danza, Sulamita; danza para nosotros: \u00a1queremos verte danzar! La novia\u00bfPor qu\u00e9 me quieren ver danzar? \u00bfPor qu\u00e9 quieren que baile en p\u00fablico?"
                }
            }
        },
        "7": {
            "chapter_nr": "7",
            "chapter": {
                "1": {
                    "verse_nr": "1",
                    "verse": "El novio Princesa m\u00eda, lucen bellos tus pies en las sandalias. Las curvas de tus caderas son la obra maestra de un experto joyero."
                },
                "2": {
                    "verse_nr": "2",
                    "verse": "Tu ombligo es una copa llena del mejor vino. Tu vientre, un mont\u00f3n de trigo rodeado de rosas."
                },
                "3": {
                    "verse_nr": "3",
                    "verse": "Tus pechos son dos gacelas,"
                },
                "4": {
                    "verse_nr": "4",
                    "verse": "tu cuello me recuerda a una torre de marfil. Tienen tus ojos el brillo de los manantiales de Hesb\u00f3n. Afilada es tu nariz, como la torre del L\u00edbano orientada hacia Damasco."
                },
                "5": {
                    "verse_nr": "5",
                    "verse": "Tu cabeza sobresale como la cumbre del monte Carmelo; hilos de p\u00farpura parecen tus cabellos; \u00a1cautivo de tus rizos ha quedado el rey!"
                },
                "6": {
                    "verse_nr": "6",
                    "verse": "\u00a1Eres muy bella, amada m\u00eda! \u00a1Eres una mujer encantadora!"
                },
                "7": {
                    "verse_nr": "7",
                    "verse": "Eres alta como palmera, y tus pechos son dos racimos."
                },
                "8": {
                    "verse_nr": "8",
                    "verse": "He pensado en treparme y hacer m\u00edos esos racimos. Tus pechos se volver\u00e1n dos racimos de uvas, y tu aliento tendr\u00e1 fragancia de manzanas."
                },
                "9": {
                    "verse_nr": "9",
                    "verse": "Habr\u00e1 en tus labios el gusto del buen vino que al correr moja y acaricia los labios y los dientes."
                },
                "10": {
                    "verse_nr": "10",
                    "verse": "La novia Yo soy de mi amado, y su pasi\u00f3n lo obliga a buscarme."
                },
                "11": {
                    "verse_nr": "11",
                    "verse": "Ven conmigo, amado m\u00edo, acomp\u00e1\u00f1ame a los campos. Pasaremos la noche entre flores de azahar."
                },
                "12": {
                    "verse_nr": "12",
                    "verse": "Cuando amanezca, iremos a los vi\u00f1edos y veremos sus reto\u00f1os, los capullos abiertos, y los granados en flor. \u00a1All\u00ed te entregar\u00e9 mi amor!"
                },
                "13": {
                    "verse_nr": "13",
                    "verse": "Ya esparcen las mandr\u00e1goras la fragancia de sus frutos; hay a nuestra puerta fruta fresca y fruta seca. Amado m\u00edo, \u00a1los frutos m\u00e1s variados los he guardado para ti!"
                }
            }
        },
        "8": {
            "chapter_nr": "8",
            "chapter": {
                "1": {
                    "verse_nr": "1",
                    "verse": "\u00a1C\u00f3mo quisiera que fueras mi hermano! \u00a1C\u00f3mo quisiera que mi madre te hubiera alimentado! Podr\u00eda darte un beso al encontrarte en la calle, y nadie lo notar\u00eda."
                },
                "2": {
                    "verse_nr": "2",
                    "verse": "Podr\u00eda tomarte de la mano y llevarte a la casa de mi madre, para que all\u00ed me ense\u00f1aras el arte del amor. Yo misma te dar\u00eda a beber un vino con especias y el jugo de mis manzanas."
                },
                "3": {
                    "verse_nr": "3",
                    "verse": "\u00a1Pon tu brazo izquierdo bajo mi cabeza! \u00a1Con tu brazo derecho aprieta tu cuerpo contra el m\u00edo!"
                },
                "4": {
                    "verse_nr": "4",
                    "verse": "El novio Mujeres de Jerusal\u00e9n, quiero que me prometan que no molestar\u00e1n a mi amada ni la despertar\u00e1n de su sue\u00f1o de amor, hasta que ella sola se despierte."
                },
                "5": {
                    "verse_nr": "5",
                    "verse": "Sexto canto - Las mujeres de Jerusal\u00e9n \u00a1Alguien viene por el desierto! Avanza recostada sobre el hombro de su amado. \u00bfQui\u00e9n podr\u00e1 ser? La noviaBajo un manzano te concibi\u00f3 tu madre, y all\u00ed mismo te dio a luz. \u00a1Bajo ese mismo manzano te despert\u00e9 al amor!"
                },
                "6": {
                    "verse_nr": "6",
                    "verse": "\u00a1Graba mi nombre en tu coraz\u00f3n! \u00a1Graba mi imagen en tu brazo! \u00a1Tan fuerte es el amor como la muerte! \u00a1Tan cierta es la pasi\u00f3n como la tumba! \u00a1El fuego del amor es una llama que Dios mismo ha encendido!"
                },
                "7": {
                    "verse_nr": "7",
                    "verse": "\u00a1No hay mares que puedan apagarlo, ni r\u00edos que puedan extinguirlo! Si alguien se atreviera a ofrecer todas sus riquezas a cambio del amor, no recibir\u00eda m\u00e1s que desprecio."
                },
                "8": {
                    "verse_nr": "8",
                    "verse": "Las mujeres de Jerusal\u00e9n Nuestra hermana es muy peque\u00f1a; todav\u00eda no tiene pechos. \u00bfQu\u00e9 podemos hacer por ella si la vienen a pedir?"
                },
                "9": {
                    "verse_nr": "9",
                    "verse": "\u00a1Ojal\u00e1 fuera una muralla, para levantar sobre ella defensas de plata! \u00a1Ojal\u00e1 fuera una puerta, para recubrirla toda con hojas de madera de cedro!"
                },
                "10": {
                    "verse_nr": "10",
                    "verse": "La novia \u00a1Yo soy ya una muralla y mis pechos son dos torres! \u00a1A los ojos de mi amado no podr\u00eda ser m\u00e1s bella!"
                },
                "11": {
                    "verse_nr": "11",
                    "verse": "Salom\u00f3n ten\u00eda una vi\u00f1a, pues era un rey muy rico. Puso gente a su cuidado y al final de la cosecha cada uno le entregaba mil monedas de plata."
                },
                "12": {
                    "verse_nr": "12",
                    "verse": "T\u00fa, Salom\u00f3n, puedes quedarte con mil monedas; y que tu gente se quede s\u00f3lo con doscientas. \u00a1Yo me quedo con mi vi\u00f1a, pues s\u00f3lo a m\u00ed me pertenece!"
                },
                "13": {
                    "verse_nr": "13",
                    "verse": "El novio Mi reina de los jardines, nuestros amigos est\u00e1n atentos para escuchar tu voz; \u00a1d\u00e9jame escucharla!"
                },
                "14": {
                    "verse_nr": "14",
                    "verse": "La novia \u00a1Date prisa, amado m\u00edo! \u00a1Corre como venado! \u00a1Corre como un cervatillo! Ya est\u00e1n cubiertas las colinas con hierbas arom\u00e1ticas."
                }
            }
        }
    }
}