{
    "version": "LTZB",
    "book_name": "Ephesians",
    "book_nr": "49",
    "book": {
        "1": {
            "chapter_nr": "1",
            "chapter": {
                "1": {
                    "verse_nr": "1",
                    "verse": "Paulius, Dievo valia J\u0117zaus Kristaus apa\u0161talas, \u0161ventiesiems, gyvenantiems Efeze, ir i\u0161tikimiesiems Kristuje J\u0117zuje."
                },
                "2": {
                    "verse_nr": "2",
                    "verse": "Malon\u0117 jums ir ramyb\u0117 nuo Dievo, m\u016bs\u0173 T\u0117vo, ir Vie\u0161paties J\u0117zaus Kristaus!"
                },
                "3": {
                    "verse_nr": "3",
                    "verse": "Teb\u016bna palaimintas Dievas, m\u016bs\u0173 Vie\u0161paties J\u0117zaus Kristaus T\u0117vas, kuris palaimino mus Kristuje visais dvasiniais palaiminimais danguje"
                },
                "4": {
                    "verse_nr": "4",
                    "verse": "mus i\u0161rinkdamas Jame prie\u0161 pasaulio sutv\u0117rim\u0105, kad b\u016btume \u0161venti ir nekalti meile Jo akivaizdoje."
                },
                "5": {
                    "verse_nr": "5",
                    "verse": "Geros valios nutarimu Jis i\u0161 anksto paskyr\u0117 mus \u012fs\u016bnyti per J\u0117z\u0173 Krist\u0173"
                },
                "6": {
                    "verse_nr": "6",
                    "verse": "Jo malon\u0117s \u0161lov\u0117s gyriui, kuria padar\u0117 mus priimtinus Mylimajame."
                },
                "7": {
                    "verse_nr": "7",
                    "verse": "Jame turime atpirkim\u0105 per Jo krauj\u0105 ir nuod\u0117mi\u0173 atleidim\u0105 pagal turtus Jo malon\u0117s"
                },
                "8": {
                    "verse_nr": "8",
                    "verse": "kuri\u0105 Jis dosniai suteik\u0117 mums su visa i\u0161mintimi ir supratimu"
                },
                "9": {
                    "verse_nr": "9",
                    "verse": "paskelbdamas mums savo valios paslapt\u012f pagal savo palankum\u0105, kaip nusprend\u0117 savyje"
                },
                "10": {
                    "verse_nr": "10",
                    "verse": "kad, laik\u0173 pilnatvei at\u0117jus, gal\u0117t\u0173 suvienyti Kristuje visa, kas yra tiek danguje, tiek ir \u017eem\u0117je."
                },
                "11": {
                    "verse_nr": "11",
                    "verse": "Jame ir gavome palikim\u0105, i\u0161 anksto paskirt\u0105 sutvarkymu To, kuris visa veikia pagal savo valios nutarim\u0105"
                },
                "12": {
                    "verse_nr": "12",
                    "verse": "kad pasitarnautume Jo \u0161lov\u0117s gyriui mes, kurie nuo seno tur\u0117jome vilt\u012f Kristuje."
                },
                "13": {
                    "verse_nr": "13",
                    "verse": "Jame ir j\u016bs, i\u0161gird\u0119 tiesos \u017eod\u012f \u2013 j\u016bs\u0173 i\u0161gelb\u0117jimo Evangelij\u0105 \u2013 ir \u012ftik\u0117j\u0119 Juo, esate u\u017eantspauduoti pa\u017ead\u0117t\u0105ja \u0160vent\u0105ja Dvasia"
                },
                "14": {
                    "verse_nr": "14",
                    "verse": "kuri yra m\u016bs\u0173 paveld\u0117jimo u\u017estatas iki nuosavyb\u0117s atpirkimo Jo \u0161lov\u0117s gyriui."
                },
                "15": {
                    "verse_nr": "15",
                    "verse": "Tod\u0117l ir a\u0161, i\u0161gird\u0119s apie j\u016bs\u0173 tik\u0117jim\u0105 Vie\u0161pa\u010diu J\u0117zumi ir apie j\u016bs\u0173 meil\u0119 visiems \u0161ventiesiems"
                },
                "16": {
                    "verse_nr": "16",
                    "verse": "nesiliauju d\u0117koj\u0119s u\u017e jus, prisimindamas jus savo maldose"
                },
                "17": {
                    "verse_nr": "17",
                    "verse": "kad m\u016bs\u0173 Vie\u0161paties J\u0117zaus Kristaus Dievas, \u0161lov\u0117s T\u0117vas, duot\u0173 jums i\u0161minties ir aprei\u0161kimo dvasi\u0105 Jo pa\u017einimui"
                },
                "18": {
                    "verse_nr": "18",
                    "verse": "ir ap\u0161viest\u0173 j\u016bs\u0173 \u0161irdies akis, kad pa\u017eintum\u0117te, kokia yra Jo pa\u0161aukimo viltis, kokie Jo palikimo \u0161lov\u0117s turtai \u0161ventuosiuose"
                },
                "19": {
                    "verse_nr": "19",
                    "verse": "ir kokia berib\u0117 Jo j\u0117gos didyb\u0117 mums, kurie tikime, veikiant jo galingai j\u0117gai."
                },
                "20": {
                    "verse_nr": "20",
                    "verse": "Ja Jis veik\u0117 Kristuje, prikeldamas J\u012f i\u0161 numirusi\u0173 ir pasodindamas savo de\u0161in\u0117je danguose"
                },
                "21": {
                    "verse_nr": "21",
                    "verse": "auk\u0161\u010diau u\u017e kiekvien\u0105 kunigaik\u0161tyst\u0119, vald\u017ei\u0105, j\u0117g\u0105, vie\u0161patyst\u0119 ir u\u017e kiekvien\u0105 vard\u0105, tariam\u0105 ne tik \u0161iame am\u017eiuje, bet ir b\u016bsimajame"
                },
                "22": {
                    "verse_nr": "22",
                    "verse": "ir visa paklojo po Jo kojomis, o J\u012f pat\u012f pastat\u0117 vir\u0161um visko, kad b\u016bt\u0173 galva ba\u017eny\u010dios"
                },
                "23": {
                    "verse_nr": "23",
                    "verse": "kuri yra Jo k\u016bnas, pilnatv\u0117 To, kuris visa visame pripildo."
                }
            }
        },
        "2": {
            "chapter_nr": "2",
            "chapter": {
                "1": {
                    "verse_nr": "1",
                    "verse": "Ir j\u016bs buvote mir\u0119 nusikaltimais ir nuod\u0117m\u0117mis"
                },
                "2": {
                    "verse_nr": "2",
                    "verse": "kuriuose kadaise gyvenote pagal \u0161io pasaulio b\u016bd\u0105, paklusdami kunigaik\u0161\u010diui, vie\u0161pataujan\u010diam ore, dvasiai, kuri dabar veikia neklusnumo vaikuose."
                },
                "3": {
                    "verse_nr": "3",
                    "verse": "Tarp j\u0173 kadaise ir mes visi gyvenome, sekdami savo k\u016bno geiduliais, vykdydami k\u016bno ir min\u010di\u0173 tro\u0161kimus, ir i\u0161 prigimties buvome r\u016bstyb\u0117s vaikai kaip ir kiti."
                },
                "4": {
                    "verse_nr": "4",
                    "verse": "Bet Dievas, apstus gailestingumo, i\u0161 savo did\u017eios meil\u0117s, kuria mus pamilo"
                },
                "5": {
                    "verse_nr": "5",
                    "verse": "mus, mirusius nusikaltimais, atgaivino kartu su Kristumi, \u2013 malone j\u016bs esate i\u0161gelb\u0117ti,"
                },
                "6": {
                    "verse_nr": "6",
                    "verse": "kartu prik\u0117l\u0117 ir pasodino danguje Kristuje J\u0117zuje"
                },
                "7": {
                    "verse_nr": "7",
                    "verse": "kad ateinan\u010diais am\u017eiais savo gerumu parodyt\u0173 mums beribius savo malon\u0117s turtus Kristuje J\u0117zuje."
                },
                "8": {
                    "verse_nr": "8",
                    "verse": "Nes j\u016bs esate i\u0161gelb\u0117ti malone per tik\u0117jim\u0105, ir tai ne i\u0161 j\u016bs\u0173 \u2013 tai Dievo dovana"
                },
                "9": {
                    "verse_nr": "9",
                    "verse": "ir ne d\u0117l darb\u0173, kad kas nors nesigirt\u0173."
                },
                "10": {
                    "verse_nr": "10",
                    "verse": "Mes esame Jo k\u016brinys, sukurti Kristuje J\u0117zuje geriems darbams, kuriuos Dievas i\u0161 anksto paskyr\u0117 mums atlikti."
                },
                "11": {
                    "verse_nr": "11",
                    "verse": "Tod\u0117l atsiminkite, kad j\u016bs kadaise buvote k\u016bnu pagonys, kuriuos vadino neapipjaustytais vadinamieji apipjaustytieji, apipjaustyti k\u016bne rankomis."
                },
                "12": {
                    "verse_nr": "12",
                    "verse": "Tuo metu j\u016bs buvote be Kristaus, atskirti nuo Izraelio bendruomen\u0117s, svetimi pa\u017eado sandoroms, be vilties ir be Dievo pasaulyje."
                },
                "13": {
                    "verse_nr": "13",
                    "verse": "Bet dabar Kristuje J\u0117zuje j\u016bs, kadaise buvusieji toli, per Kristaus krauj\u0105 tapote artimi."
                },
                "14": {
                    "verse_nr": "14",
                    "verse": "Nes m\u016bs\u0173 sutaikinimas yra Jis, i\u0161 abej\u0173 padar\u0119s viena ir sugriov\u0119s mus skyrusi\u0105 sien\u0105"
                },
                "15": {
                    "verse_nr": "15",
                    "verse": "savo k\u016bnu panaikin\u0119s prie\u0161yb\u0119 \u2013 \u012fsakym\u0173 \u012estatym\u0105 su jo potvarkiais, \u2013 kad i\u0161 dviej\u0173 sutvert\u0173 savyje nauj\u0105 \u017emog\u0173 ir atne\u0161t\u0173 taik\u0105."
                },
                "16": {
                    "verse_nr": "16",
                    "verse": "Jis viename k\u016bne abejus sutaikino su Dievu per kry\u017ei\u0173, kuriuo ir sugriov\u0117 prie\u0161i\u0161kum\u0105."
                },
                "17": {
                    "verse_nr": "17",
                    "verse": "At\u0117j\u0119s Jis skelb\u0117 taik\u0105 jums, kurie buvote toli, ir tiems, kurie buvo arti"
                },
                "18": {
                    "verse_nr": "18",
                    "verse": "nes per J\u012f vieni ir kiti galime prieiti prie T\u0117vo viena Dvasia."
                },
                "19": {
                    "verse_nr": "19",
                    "verse": "Tod\u0117l j\u016bs jau nebesate pa\u0161aliniai nei svetim\u0161aliai, bet \u0161vent\u0173j\u0173 bendrapilie\u010diai ir Dievo nami\u0161kiai"
                },
                "20": {
                    "verse_nr": "20",
                    "verse": "pastatyti ant apa\u0161tal\u0173 ir prana\u0161\u0173 pamato, turintys kertiniu akmeniu pat\u012f J\u0117z\u0173 Krist\u0173"
                },
                "21": {
                    "verse_nr": "21",
                    "verse": "ant kurio darniai auga visas pastatas \u012f \u0161vent\u0105 \u0161ventykl\u0105 Vie\u0161patyje"
                },
                "22": {
                    "verse_nr": "22",
                    "verse": "ant kurio ir j\u016bs esate drauge statomi kaip Dievo buvein\u0117 Dvasioje."
                }
            }
        },
        "3": {
            "chapter_nr": "3",
            "chapter": {
                "1": {
                    "verse_nr": "1",
                    "verse": "Tod\u0117l a\u0161, Paulius, esu Kristaus J\u0117zaus kalinys d\u0117l j\u016bs\u0173 \u2013 pagoni\u0173."
                },
                "2": {
                    "verse_nr": "2",
                    "verse": "J\u016bs esate gird\u0117j\u0119 apie Dievo malon\u0117s tvarkym\u0105, man suteikt\u0105 j\u016bs\u0173 labui."
                },
                "3": {
                    "verse_nr": "3",
                    "verse": "Aprei\u0161kimu man buvo atskleista paslaptis, kaip a\u0161 k\u0105 tik trumpai apra\u0161iau."
                },
                "4": {
                    "verse_nr": "4",
                    "verse": "Skaitydami galite \u012fsitikinti, kad suvokiu Kristaus paslapt\u012f"
                },
                "5": {
                    "verse_nr": "5",
                    "verse": "kuri ankstesn\u0117ms \u017emoni\u0173 kartoms nebuvo paskelbta taip, kaip ji dabar Dvasios atskleista Jo \u0161ventiesiems apa\u0161talams ir prana\u0161ams"
                },
                "6": {
                    "verse_nr": "6",
                    "verse": "pagonys yra bendrapaveld\u0117tojai, priklauso vienam k\u016bnui ir yra pa\u017eado dalininkai Kristuje per Evangelij\u0105"
                },
                "7": {
                    "verse_nr": "7",
                    "verse": "kurios tarnu tapau pagal Dievo malon\u0117s dovan\u0105, kuri man buvo duota Jo j\u0117gos veikimu."
                },
                "8": {
                    "verse_nr": "8",
                    "verse": "Man, vis\u0173 \u0161vent\u0173j\u0173 ma\u017eiausiajam, atiteko malon\u0117 skelbti pagonims nesuvokiamus Kristaus turtus"
                },
                "9": {
                    "verse_nr": "9",
                    "verse": "ir atskleisti visiems, kaip turi i\u0161sipildyti \u0161ita paslaptis, nuo am\u017ei\u0173 u\u017edengta Dieve \u2013 visk\u0105 suk\u016brusiame per J\u0117z\u0173 Krist\u0173,"
                },
                "10": {
                    "verse_nr": "10",
                    "verse": "kad dabar per ba\u017eny\u010di\u0105 tapt\u0173 \u017einoma kunigaik\u0161tyst\u0117ms ir vald\u017eioms danguje visokeriopa Dievo i\u0161mintis."
                },
                "11": {
                    "verse_nr": "11",
                    "verse": "Tai atitinka am\u017ein\u0105j\u012f nutarim\u0105, padaryt\u0105 Kristuje J\u0117zuje, m\u016bs\u0173 Vie\u0161patyje"
                },
                "12": {
                    "verse_nr": "12",
                    "verse": "kuriame mes turime dr\u0105s\u0105 ir u\u017etikrint\u0105 pri\u0117jim\u0105 per tik\u0117jim\u0105 Juo."
                },
                "13": {
                    "verse_nr": "13",
                    "verse": "Tod\u0117l pra\u0161au nenusiminti d\u0117l mano varg\u0173 j\u016bs\u0173 d\u0117lei, nes jie yra j\u016bs\u0173 \u0161lov\u0117."
                },
                "14": {
                    "verse_nr": "14",
                    "verse": "D\u0117l to a\u0161 klaupiuosi prie\u0161 m\u016bs\u0173 Vie\u0161paties J\u0117zaus Kristaus T\u0117v\u0105"
                },
                "15": {
                    "verse_nr": "15",
                    "verse": "i\u0161 kurio visa \u0161eima danguje ir \u017eem\u0117je turi vard\u0105"
                },
                "16": {
                    "verse_nr": "16",
                    "verse": "kad i\u0161 savo \u0161lov\u0117s turt\u0173 duot\u0173 jums sustipr\u0117ti Jo j\u0117ga per Dvasi\u0105 vidiniame \u017emoguje"
                },
                "17": {
                    "verse_nr": "17",
                    "verse": "kad Kristus per tik\u0117jim\u0105 gyvent\u0173 j\u016bs\u0173 \u0161irdyse ir j\u016bs, \u012fsi\u0161aknij\u0119 ir \u012fsitvirtin\u0119 meil\u0117je"
                },
                "18": {
                    "verse_nr": "18",
                    "verse": "gal\u0117tum\u0117te suvokti kartu su visais \u0161ventaisiais, koks yra plotis, ir ilgis, ir gylis, ir auk\u0161tis"
                },
                "19": {
                    "verse_nr": "19",
                    "verse": "ir pa\u017einti Kristaus meil\u0119, kuri pranoksta pa\u017einim\u0105, kad b\u016btum\u0117te pripildyti visos Dievo pilnatv\u0117s."
                },
                "20": {
                    "verse_nr": "20",
                    "verse": "O Tam, kuris savo j\u0117ga, veikian\u010dia mumyse, gali padaryti nepalyginamai daugiau, negu mes pra\u0161ome ar suprantame"
                },
                "21": {
                    "verse_nr": "21",
                    "verse": "Jam teb\u016bna \u0161lov\u0117 ba\u017eny\u010dioje Kristuje J\u0117zuje per visas kartas am\u017ei\u0173 am\u017eiais! Amen."
                }
            }
        },
        "4": {
            "chapter_nr": "4",
            "chapter": {
                "1": {
                    "verse_nr": "1",
                    "verse": "Taigi a\u0161, kalinys Vie\u0161patyje, raginu jus elgtis, kaip dera j\u016bs\u0173 pa\u0161aukimui, \u012f kur\u012f esate pa\u0161aukti."
                },
                "2": {
                    "verse_nr": "2",
                    "verse": "Su visu nuolankumu bei romumu, su i\u0161tverme pak\u0119sdami vienas kit\u0105 meil\u0117je"
                },
                "3": {
                    "verse_nr": "3",
                    "verse": "siekite i\u0161saugoti Dvasios vienyb\u0119 taikos ry\u0161iais."
                },
                "4": {
                    "verse_nr": "4",
                    "verse": "Vienas k\u016bnas ir viena Dvasia, kaip ir esate pa\u0161aukti vienai pa\u0161aukimo vil\u010diai."
                },
                "5": {
                    "verse_nr": "5",
                    "verse": "Vienas Vie\u0161pats, vienas tik\u0117jimas, vienas krik\u0161tas."
                },
                "6": {
                    "verse_nr": "6",
                    "verse": "Vienas Dievas ir vis\u0173 T\u0117vas, kuris vir\u0161 vis\u0173, per visus ir visuose."
                },
                "7": {
                    "verse_nr": "7",
                    "verse": "Bet kiekvienam i\u0161 m\u016bs\u0173 duota malon\u0117 pagal Kristaus dovanos saik\u0105."
                },
                "8": {
                    "verse_nr": "8",
                    "verse": "Tod\u0117l sakoma: \u201ePakil\u0119s auk\u0161tyn, nusived\u0117 belaisvius ir dav\u0117 \u017emon\u0117ms dovan\u0173\u201c."
                },
                "9": {
                    "verse_nr": "9",
                    "verse": "K\u0105 rei\u0161kia \u201eJis pakilo\u201c, jeigu ne tai, kad Jis pirma ir nusileido \u012f \u017eemesni\u0105sias \u017eem\u0117s vietas."
                },
                "10": {
                    "verse_nr": "10",
                    "verse": "Tas, kuris nu\u017eeng\u0117, yra ir Tas, kuris i\u0161kilo auk\u0161\u010diau u\u017e visus dangus, kad visa u\u017epildyt\u0173."
                },
                "11": {
                    "verse_nr": "11",
                    "verse": "Ir Jis paskyr\u0117 vienus apa\u0161talais, kitus prana\u0161ais, evangelistais, ganytojais ir mokytojais"
                },
                "12": {
                    "verse_nr": "12",
                    "verse": "kad i\u0161lavint\u0173 \u0161ventuosius tarnavimo darbui, Kristaus k\u016bno ugdymui"
                },
                "13": {
                    "verse_nr": "13",
                    "verse": "kol mes visi pasieksime tik\u0117jimo vienyb\u0119 ir Dievo S\u016bnaus pa\u017einim\u0105, tobulai subr\u0119sime iki Kristaus am\u017eiaus pilnatv\u0117s saiko"
                },
                "14": {
                    "verse_nr": "14",
                    "verse": "kad daugiau nebeb\u016btume k\u016bdikiai, si\u016bbuojami ir ne\u0161iojami bet kokio mokymo v\u0117jo, \u017emoni\u0173 apgaul\u0117s, gudrumo, vedan\u010dio \u012f paklydim\u0105"
                },
                "15": {
                    "verse_nr": "15",
                    "verse": "bet, kalb\u0117dami ties\u0105 meil\u0117je, augtume visame kame \u012f J\u012f, kuris yra galva \u2013 Kristus."
                },
                "16": {
                    "verse_nr": "16",
                    "verse": "I\u0161 Jo visas k\u016bnas, suderintas ir stipriai sujungtas \u012fvairi\u0173 rai\u0161\u010di\u0173, pagal savo saik\u0105 veikiant kiekvienai daliai, auga, kad ugdyt\u0173 save meil\u0117je."
                },
                "17": {
                    "verse_nr": "17",
                    "verse": "Taigi a\u0161 liepiu ir \u012fsp\u0117ju Vie\u0161patyje, kad j\u016bs nebesielgtum\u0117te, kaip elgiasi pagonys d\u0117l savo proto tu\u0161tyb\u0117s."
                },
                "18": {
                    "verse_nr": "18",
                    "verse": "J\u0173 protas aptem\u0119s, jie atskirti nuo Dievo gyvenimo d\u0117l savo nei\u0161manymo bei \u0161irdies u\u017ekiet\u0117jimo."
                },
                "19": {
                    "verse_nr": "19",
                    "verse": "Jie sustabar\u0117j\u0119, pasidav\u0119 ga\u0161lumui, nepasotinamai daro visus ne\u0161varius darbus."
                },
                "20": {
                    "verse_nr": "20",
                    "verse": "Bet j\u016bs ne taip pa\u017einote Krist\u0173!"
                },
                "21": {
                    "verse_nr": "21",
                    "verse": "Juk i\u0161 Jo gird\u0117jote ir Jame i\u0161mokote, \u2013 nes tiesa yra J\u0117zuje,"
                },
                "22": {
                    "verse_nr": "22",
                    "verse": "kad privalu atsi\u017ead\u0117ti senojo \u017emogaus ankstesnio gyvenimo b\u016bdo, \u017elugdan\u010dio apgaulingais geismais"
                },
                "23": {
                    "verse_nr": "23",
                    "verse": "atsinaujinti savo proto dvasioje"
                },
                "24": {
                    "verse_nr": "24",
                    "verse": "ir apsirengti nauju \u017emogumi, sutvertu pagal Diev\u0105 teisume ir tiesos \u0161ventume."
                },
                "25": {
                    "verse_nr": "25",
                    "verse": "Tad, atmet\u0119 mel\u0105, \u201ekiekvienas tekalba ties\u0105 savo artimui\u201c, nes esame vieni kit\u0173 nariai."
                },
                "26": {
                    "verse_nr": "26",
                    "verse": "\u201eR\u016bstaukite ir nenusid\u0117kite\u201c. Tegul saul\u0117 nenusileid\u017eia ant j\u016bs\u0173 r\u016bstyb\u0117s!"
                },
                "27": {
                    "verse_nr": "27",
                    "verse": "Ir neduokite vietos velniui."
                },
                "28": {
                    "verse_nr": "28",
                    "verse": "Kas vogdavo, tegu daugiau nebevagia, bet dirba, darydamas savo rankomis gerus darbus, kad tur\u0117t\u0173 i\u0161 ko pad\u0117ti stokojan\u010diam."
                },
                "29": {
                    "verse_nr": "29",
                    "verse": "Joks bjaurus \u017eodis tenei\u0161eina i\u0161 j\u016bs\u0173 l\u016bp\u0173; bet tik tai, kas gera, kas tinka ugdymui ir suteikia malon\u0119 klausytojams."
                },
                "30": {
                    "verse_nr": "30",
                    "verse": "Ir neli\u016bdinkite \u0160ventosios Dievo Dvasios, kuria esate u\u017eantspauduoti atpirkimo dienai."
                },
                "31": {
                    "verse_nr": "31",
                    "verse": "Teb\u016bna toli nuo j\u016bs\u0173 visoks kart\u0117lis, piktumas, r\u016bstyb\u0117, riksmai ir keiksmai su visomis piktyb\u0117mis."
                },
                "32": {
                    "verse_nr": "32",
                    "verse": "B\u016bkite malon\u016bs, gailestingi, atlaid\u016bs vieni kitiems, kaip ir Dievas Kristuje atleido jums."
                }
            }
        },
        "5": {
            "chapter_nr": "5",
            "chapter": {
                "1": {
                    "verse_nr": "1",
                    "verse": "Taigi b\u016bkite Dievo sek\u0117jai, kaip mylimi vaikai"
                },
                "2": {
                    "verse_nr": "2",
                    "verse": "ir gyvenkite myl\u0117dami, kaip ir Kristus pamilo mus ir atidav\u0117 u\u017e mus save kaip atna\u0161\u0105 ir kvapi\u0105 auk\u0105 Dievui."
                },
                "3": {
                    "verse_nr": "3",
                    "verse": "Tod\u0117l i\u0161tvirkavimas, visoks netyrumas ar godumas teneb\u016bna net minimi pas jus, kaip pridera \u0161ventiesiems"
                },
                "4": {
                    "verse_nr": "4",
                    "verse": "taip pat ne\u0161vankumas, kvaila \u0161neka ar juok\u0173 kr\u0117timas jums netinka, ver\u010diau teb\u016bna d\u0117kojimas."
                },
                "5": {
                    "verse_nr": "5",
                    "verse": "Nes j\u016bs \u017einote, kad joks i\u0161tvirk\u0117lis, netyras ar gob\u0161as, kuris yra stabmeldys, nepaveld\u0117s Kristaus ir Dievo karalyst\u0117s."
                },
                "6": {
                    "verse_nr": "6",
                    "verse": "Tegul niekas neapgauna j\u016bs\u0173 tu\u0161\u010diais plepalais; u\u017e tokius dalykus Dievo r\u016bstyb\u0117 i\u0161tinka neklusnumo vaikus."
                },
                "7": {
                    "verse_nr": "7",
                    "verse": "Tod\u0117l neb\u016bkite j\u0173 bendrai!"
                },
                "8": {
                    "verse_nr": "8",
                    "verse": "Juk kadaise buvote tamsa, o dabar esate \u0161viesa Vie\u0161patyje. Elkit\u0117s kaip \u0161viesos vaikai,"
                },
                "9": {
                    "verse_nr": "9",
                    "verse": "nes Dvasios vaisius rei\u0161kiasi visokeriopu gerumu, teisumu ir tiesa,"
                },
                "10": {
                    "verse_nr": "10",
                    "verse": "i\u0161tirdami, kas patinka Vie\u0161pa\u010diui."
                },
                "11": {
                    "verse_nr": "11",
                    "verse": "Ir neprisid\u0117kite prie nevaising\u0173 tamsos darb\u0173, o ver\u010diau atskleiskite juos."
                },
                "12": {
                    "verse_nr": "12",
                    "verse": "Nes k\u0105 jie slap\u010dia daro, g\u0117da net sakyti."
                },
                "13": {
                    "verse_nr": "13",
                    "verse": "Bet viskas, kas atskleid\u017eiama, tampa \u0161viesos ap\u0161viesta, o kas tik ap\u0161viesta, yra \u0161viesa."
                },
                "14": {
                    "verse_nr": "14",
                    "verse": "Tod\u0117l sakoma: \u201ePabusk, kuris miegi, kelkis i\u0161 numirusi\u0173, ir ap\u0161vies tave Kristus\u201c."
                },
                "15": {
                    "verse_nr": "15",
                    "verse": "Tod\u0117l r\u016bpestingai \u017ei\u016br\u0117kite, kaip elgiat\u0117s: kad neb\u016btum\u0117te kaip kvailiai, bet kaip i\u0161mintingi"
                },
                "16": {
                    "verse_nr": "16",
                    "verse": "branginantys laik\u0105, nes dienos yra piktos."
                },
                "17": {
                    "verse_nr": "17",
                    "verse": "Neb\u016bkite tad neprotingi, bet supraskite, kokia yra Vie\u0161paties valia."
                },
                "18": {
                    "verse_nr": "18",
                    "verse": "Ir nepasigerkite vynu, kuriame pasileidimas, bet b\u016bkite pilni Dvasios"
                },
                "19": {
                    "verse_nr": "19",
                    "verse": "kalb\u0117dami vieni kitiems psalm\u0117mis, himnais bei dvasin\u0117mis giesm\u0117mis, giedodami ir \u0161lovindami savo \u0161irdyse Vie\u0161pat\u012f"
                },
                "20": {
                    "verse_nr": "20",
                    "verse": "visada ir u\u017e visk\u0105 d\u0117kodami Dievui T\u0117vui m\u016bs\u0173 Vie\u0161paties J\u0117zaus Kristaus vardu"
                },
                "21": {
                    "verse_nr": "21",
                    "verse": "paklusdami vieni kitiems Dievo baim\u0117je."
                },
                "22": {
                    "verse_nr": "22",
                    "verse": "J\u016bs, \u017emonos, b\u016bkite klusnios savo vyrams lyg Vie\u0161pa\u010diui"
                },
                "23": {
                    "verse_nr": "23",
                    "verse": "nes vyras yra \u017emonos galva, kaip ir Kristus yra galva ba\u017eny\u010dios, \u2013 Jis k\u016bno gelb\u0117tojas."
                },
                "24": {
                    "verse_nr": "24",
                    "verse": "Tod\u0117l kaip ba\u017eny\u010dia pakl\u016bsta Kristui, taip ir \u017emonos visame kame teklauso savo vyr\u0173."
                },
                "25": {
                    "verse_nr": "25",
                    "verse": "J\u016bs, vyrai, myl\u0117kite savo \u017emonas, kaip ir Kristus pamilo ba\u017eny\u010di\u0105 ir atidav\u0117 u\u017e j\u0105 save"
                },
                "26": {
                    "verse_nr": "26",
                    "verse": "kad j\u0105 pa\u0161ventint\u0173, apvalydamas vandens nuplovimu ir \u017eod\u017eiu"
                },
                "27": {
                    "verse_nr": "27",
                    "verse": "kad pristatyt\u0173 sau \u0161loving\u0105 ba\u017eny\u010di\u0105, neturin\u010di\u0105 d\u0117m\u0117s nei rauk\u0161l\u0117s, nei nieko tokio, bet \u0161vent\u0105 ir nesutept\u0105."
                },
                "28": {
                    "verse_nr": "28",
                    "verse": "Taip ir vyrai turi myl\u0117ti savo \u017emonas kaip savo k\u016bnus. Kas myli savo \u017emon\u0105, myli save pat\u012f."
                },
                "29": {
                    "verse_nr": "29",
                    "verse": "Juk niekas niekada n\u0117ra nekent\u0119s savo k\u016bno, bet j\u012f maitina ir globoja kaip ir Kristus ba\u017eny\u010di\u0105."
                },
                "30": {
                    "verse_nr": "30",
                    "verse": "Mes gi esame Jo k\u016bno nariai, i\u0161 Jo k\u016bno ir kaul\u0173."
                },
                "31": {
                    "verse_nr": "31",
                    "verse": "\u201eTod\u0117l \u017emogus paliks t\u0117v\u0105 bei motin\u0105 ir susijungs su savo \u017emona, ir du taps vienu k\u016bnu\u201c."
                },
                "32": {
                    "verse_nr": "32",
                    "verse": "Tai didel\u0117 paslaptis, \u2013 a\u0161 tai sakau, \u017evelgdamas \u012f Krist\u0173 ir ba\u017eny\u010di\u0105."
                },
                "33": {
                    "verse_nr": "33",
                    "verse": "Taigi kiekvienas i\u0161 j\u016bs\u0173 tegul myli savo \u017emon\u0105 taip, kaip save pat\u012f, o \u017emona tegerbia savo vyr\u0105."
                }
            }
        },
        "6": {
            "chapter_nr": "6",
            "chapter": {
                "1": {
                    "verse_nr": "1",
                    "verse": "J\u016bs, vaikai, klausykite Vie\u0161patyje savo t\u0117v\u0173, nes tai teisinga."
                },
                "2": {
                    "verse_nr": "2",
                    "verse": "\u201eGerbk savo t\u0117v\u0105 ir motin\u0105\u201c, \u2013 tai pirmasis \u012fsakymas su pa\u017eadu"
                },
                "3": {
                    "verse_nr": "3",
                    "verse": "\u201eKad tau gerai sekt\u0173si ir ilgai gyventum \u017eem\u0117je\u201c."
                },
                "4": {
                    "verse_nr": "4",
                    "verse": "Ir j\u016bs, t\u0117vai, neerzinkite savo vaik\u0173, bet aukl\u0117kite juos drausmindami ir mokydami Vie\u0161patyje."
                },
                "5": {
                    "verse_nr": "5",
                    "verse": "J\u016bs, vergai, klausykite savo \u017eemi\u0161k\u0173j\u0173 \u0161eiminink\u0173 su baime ir dreb\u0117jimu, nuo\u0161ird\u017eiai kaip Kristaus"
                },
                "6": {
                    "verse_nr": "6",
                    "verse": "ne d\u0117l aki\u0173 tarnaudami, lyg \u017emon\u0117ms \u012ftinkantys, bet kaip Kristaus vergai, i\u0161 \u0161irdies vykdantys Dievo vali\u0105."
                },
                "7": {
                    "verse_nr": "7",
                    "verse": "Noriai tarnaukite kaip Vie\u0161pa\u010diui, o ne \u017emon\u0117ms"
                },
                "8": {
                    "verse_nr": "8",
                    "verse": "\u017einodami, jog kiekvienas, tiek vergas, tiek laisvasis, jei daro k\u0105 gera, gaus atlyginim\u0105 i\u0161 Vie\u0161paties."
                },
                "9": {
                    "verse_nr": "9",
                    "verse": "Ir j\u016bs, \u0161eimininkai, t\u0105 pat\u012f darykite jiems. Liaukit\u0117s grasin\u0119, \u017einodami, kad ir jiems, ir jums yra Vie\u0161pats danguje ir Jis nedaro skirtumo tarp asmen\u0173."
                },
                "10": {
                    "verse_nr": "10",
                    "verse": "Pagaliau, mano broliai, b\u016bkite stipr\u016bs Vie\u0161patyje ir Jo galyb\u0117s j\u0117ga."
                },
                "11": {
                    "verse_nr": "11",
                    "verse": "Apsirenkite visa Dievo ginkluote, kad gal\u0117tum\u0117te pasiprie\u0161inti prie\u0161 velnio klastas."
                },
                "12": {
                    "verse_nr": "12",
                    "verse": "Nes mes grumiam\u0117s ne su k\u016bnu ir krauju, bet su kunigaik\u0161tyst\u0117mis, vald\u017eiomis, \u0161io am\u017eiaus tamsybi\u0173 valdovais ir dvasin\u0117mis blogio j\u0117gomis danguje."
                },
                "13": {
                    "verse_nr": "13",
                    "verse": "Tod\u0117l imkit\u0117s vis\u0173 Dievo ginkl\u0173, kad gal\u0117tum\u0117te pikt\u0105 dien\u0105 pasiprie\u0161inti ir, visa atlaik\u0119, i\u0161stov\u0117ti."
                },
                "14": {
                    "verse_nr": "14",
                    "verse": "Tad stov\u0117kite susijuos\u0119 savo str\u0117nas tiesa, apsivilk\u0119 teisumo \u0161arvais"
                },
                "15": {
                    "verse_nr": "15",
                    "verse": "ir apsiav\u0119 kojas pasiruo\u0161imu skelbti taikos Evangelij\u0105."
                },
                "16": {
                    "verse_nr": "16",
                    "verse": "O svarbiausia, pasiimkite tik\u0117jimo skyd\u0105, su kuriuo u\u017egesinsite visas liepsnojan\u010dias piktojo str\u0117les."
                },
                "17": {
                    "verse_nr": "17",
                    "verse": "Pasiimkite ir i\u0161gelb\u0117jimo \u0161alm\u0105 bei Dvasios kalavij\u0105, tai yra Dievo \u017eod\u012f"
                },
                "18": {
                    "verse_nr": "18",
                    "verse": "visada melsdamiesi Dvasioje visokeriopomis maldomis ir pra\u0161ymu. I\u0161tvermingai bud\u0117kite, malda u\u017etardami visus \u0161ventuosius"
                },
                "19": {
                    "verse_nr": "19",
                    "verse": "ir mane, kad, man atv\u0117rus l\u016bpas, b\u016bt\u0173 duotas \u017eodis dr\u0105siai atskleisti Evangelijos paslapt\u012f"
                },
                "20": {
                    "verse_nr": "20",
                    "verse": "kurios pasiuntinys esu ir b\u016bdamas kalinys, \u2013 kad tur\u0117\u010diau dr\u0105sos kalb\u0117ti taip, kaip privalau kalb\u0117ti."
                },
                "21": {
                    "verse_nr": "21",
                    "verse": "Kad ir j\u016bs su\u017einotum\u0117te, kaip man einasi ir k\u0105 veikiu, visa papasakos jums Tichikas, mylimas brolis ir i\u0161tikimas tarnas Vie\u0161patyje."
                },
                "22": {
                    "verse_nr": "22",
                    "verse": "A\u0161 tam j\u012f ir pasiun\u010diau, kad j\u016bs su\u017einotum\u0117te apie mus ir kad jis paguost\u0173 j\u016bs\u0173 \u0161irdis."
                },
                "23": {
                    "verse_nr": "23",
                    "verse": "Broliams ramyb\u0117 ir meil\u0117 su tik\u0117jimu nuo Dievo T\u0117vo ir Vie\u0161paties J\u0117zaus Kristaus."
                },
                "24": {
                    "verse_nr": "24",
                    "verse": "Malon\u0117 visiems, kurie nuo\u0161ird\u017eiai myli m\u016bs\u0173 Vie\u0161pat\u012f J\u0117z\u0173 Krist\u0173! Amen."
                }
            }
        }
    }
}