{
    "version": "LTZB",
    "book_name": "Joel",
    "book_nr": "29",
    "book": {
        "1": {
            "chapter_nr": "1",
            "chapter": {
                "1": {
                    "verse_nr": "1",
                    "verse": "Vie\u0161paties \u017eodis buvo suteiktas Joeliui, Petuelio s\u016bnui."
                },
                "2": {
                    "verse_nr": "2",
                    "verse": "Pasiklausykite, vyresnieji, i\u0161girskite savo ausimis, visi kra\u0161to gyventojai! Ar taip buvo j\u016bs\u0173 ar j\u016bs\u0173 t\u0117v\u0173 dienomis?"
                },
                "3": {
                    "verse_nr": "3",
                    "verse": "Pasakykite tai savo vaikams, jie tepapasakoja savo vaikams, o anie \u2013 kitai kartai."
                },
                "4": {
                    "verse_nr": "4",
                    "verse": "K\u0105 paliko vik\u0161rai, nu\u0117d\u0117 sk\u0117riai; kas paliko nuo sk\u0117ri\u0173, su\u0117d\u0117 vabalai; kas liko nuo vabal\u0173, sunaikino amaras."
                },
                "5": {
                    "verse_nr": "5",
                    "verse": "Girtuokliai, pabuskite. Verkite ir dejuokite visi, kurie geriate vyn\u0105, nes jo nebebus jums."
                },
                "6": {
                    "verse_nr": "6",
                    "verse": "Tauta u\u017epuol\u0117 mano kra\u0161t\u0105, galinga ir gausi tauta. Jos dantys yra kaip li\u016bto, kr\u016bminiai kaip galingo li\u016bto."
                },
                "7": {
                    "verse_nr": "7",
                    "verse": "Ji nusiaub\u0117 mano vynuogyn\u0105, sunaikino figmed\u017eius, nu\u0117d\u0117 j\u0173 lapus bei nugrau\u017e\u0117 \u017eiev\u0119; j\u0173 \u0161akos liko baltos."
                },
                "8": {
                    "verse_nr": "8",
                    "verse": "Raudok apsisiautusi a\u0161utine kaip mergait\u0117 d\u0117l savo jaunyst\u0117s vyro."
                },
                "9": {
                    "verse_nr": "9",
                    "verse": "Duonos aukos ir geriamosios aukos dingo i\u0161 Vie\u0161paties nam\u0173, gedi kunigai, Vie\u0161paties tarnai."
                },
                "10": {
                    "verse_nr": "10",
                    "verse": "Laukai sunaikinti, dirvos li\u016bdi. Sunaikinti javai, vyno neb\u0117ra, aliejus i\u0161seko."
                },
                "11": {
                    "verse_nr": "11",
                    "verse": "Vynininkai, susig\u0117skite, \u017eemdirbiai, dejuokite netek\u0119 kvie\u010di\u0173 ir mie\u017ei\u0173, nes lauk\u0173 derlius \u017euvo."
                },
                "12": {
                    "verse_nr": "12",
                    "verse": "Vynmedis nud\u017ei\u016bvo, figmedis nuvyto. Granatmedis, palm\u0117, obelis ir visi lauk\u0173 med\u017eiai nud\u017ei\u016bvo. Tod\u0117l ir d\u017eiaugsmas dingo tarp \u017emoni\u0173."
                },
                "13": {
                    "verse_nr": "13",
                    "verse": "Kunigai, apsisiauskite a\u0161utine ir li\u016bd\u0117kite! Aukuro tarnai, verkite ir raudokite! Mano Dievo tarnai, apsisiaut\u0119 a\u0161utine, gul\u0117kite per nakt\u012f ir raudokite, nes neb\u0117ra duonos auk\u0173 ir geriam\u0173j\u0173 auk\u0173 j\u016bs\u0173 Dievo namuose."
                },
                "14": {
                    "verse_nr": "14",
                    "verse": "Paskelbkite pasnink\u0105, su\u0161aukite i\u0161kilming\u0105 susirinkim\u0105, sukvieskite vyresniuosius ir visus kra\u0161to gyventojus \u012f Vie\u0161paties, j\u016bs\u0173 Dievo, namus ir \u0161aukit\u0117s Vie\u0161paties."
                },
                "15": {
                    "verse_nr": "15",
                    "verse": "Vie\u0161paties diena arti! Kaip sunaikinimas ji ateis nuo Visagalio."
                },
                "16": {
                    "verse_nr": "16",
                    "verse": "Maistas atimtas, mums matant, d\u017eiaugsmas bei d\u017ei\u016bgavimas i\u0161nyko i\u0161 Dievo nam\u0173."
                },
                "17": {
                    "verse_nr": "17",
                    "verse": "Pas\u0117ti gr\u016bdai \u017eem\u0117je sud\u017ei\u016bvo, sand\u0117liai tu\u0161ti, klojimai nenaudojami, nes jav\u0173 n\u0117ra."
                },
                "18": {
                    "verse_nr": "18",
                    "verse": "Vargsta gyvuliai! Nerimsta galvij\u0173 bandos, nes neb\u0117ra joms ganykl\u0173, ken\u010dia ir avys."
                },
                "19": {
                    "verse_nr": "19",
                    "verse": "Tav\u0119s, Vie\u0161patie, \u0161auksiuosi, nes ugnis sunaikino pievas ir ganyklas, liepsna nusvilino visus lauk\u0173 med\u017eius."
                },
                "20": {
                    "verse_nr": "20",
                    "verse": "Net laukiniai \u017ev\u0117rys \u0161aukiasi Tav\u0119s, nes i\u0161d\u017ei\u016bvo visi upeliai ir ugnis nu\u0117d\u0117 pievas bei ganyklas."
                }
            }
        },
        "2": {
            "chapter_nr": "2",
            "chapter": {
                "1": {
                    "verse_nr": "1",
                    "verse": "Trimituokite Sione, skelbkite pavoj\u0173 mano \u0161ventajame kalne. Tedreba kra\u0161to gyventojai, nes ateina Vie\u0161paties diena, nes ji arti."
                },
                "2": {
                    "verse_nr": "2",
                    "verse": "Tamsi, ni\u016bri ir debesuota diena. Kaip ryto migla apgaubia kaln\u0173 vir\u0161\u016bnes, taip galinga ir didel\u0117 tauta ateina. Tokios nebuvo iki \u0161iol ir nebebus per kart\u0173 kartas."
                },
                "3": {
                    "verse_nr": "3",
                    "verse": "J\u0173 priekyje \u2013 visa ryjanti ugnis, u\u017epakalyje \u2013 siau\u010dianti liepsna. Kra\u0161tas prie\u0161 juos kaip Edeno sodas, jiems pra\u0117jus \u2013 tu\u0161\u010dia dykuma; niekas nei\u0161sigelb\u0117s nuo j\u0173."
                },
                "4": {
                    "verse_nr": "4",
                    "verse": "Jie atrodo kaip \u017eirgai ir puls kaip kariuomen\u0117s raiteliai."
                },
                "5": {
                    "verse_nr": "5",
                    "verse": "J\u0173 garsas lyg kovos ve\u017eim\u0173, riedan\u010di\u0173 kaln\u0173 vir\u0161\u016bn\u0117mis, kaip \u016b\u017eimas liepsnos, ryjan\u010dios ra\u017eienas, kaip kariuomen\u0117s, kuri i\u0161sirikiavusi kovai."
                },
                "6": {
                    "verse_nr": "6",
                    "verse": "Prie\u0161 juos dreb\u0117s tautos, vis\u0173 veidai pabals."
                },
                "7": {
                    "verse_nr": "7",
                    "verse": "Jie b\u0117gs kaip kar\u017eygiai, lips sienomis kaip kariai; kiekvienas eis savo keliu, nesuardydamas gret\u0173."
                },
                "8": {
                    "verse_nr": "8",
                    "verse": "Jie nesistumdys, bet eis kiekvienas savo taku. Jie kris ant kardo, bet nesusi\u017eeis."
                },
                "9": {
                    "verse_nr": "9",
                    "verse": "Jie lakstys po miest\u0105, b\u0117gs sienomis, lips \u012f namus, l\u012fs pro langus kaip vagys."
                },
                "10": {
                    "verse_nr": "10",
                    "verse": "Prie\u0161 juos dreb\u0117s \u017eem\u0117 ir svyruos dangus, saul\u0117 ir m\u0117nulis aptems, \u017evaig\u017ed\u0117s nebespind\u0117s."
                },
                "11": {
                    "verse_nr": "11",
                    "verse": "Vie\u0161pats pakels bals\u0105 prie\u0161ais savo kariuomen\u0119. Jo pulkai yra labai gaus\u016bs, ir stiprus tas, kuris vykdo Jo \u017eod\u012f. Vie\u0161paties diena yra didi ir labai baisi, kas gal\u0117s j\u0105 i\u0161k\u0119sti?"
                },
                "12": {
                    "verse_nr": "12",
                    "verse": "\u201eTod\u0117l dabar, \u2013 sako Vie\u0161pats, \u2013 gr\u0119\u017ekit\u0117s \u012f mane visa \u0161irdimi, pasninkaudami, verkdami ir dejuodami\u201c."
                },
                "13": {
                    "verse_nr": "13",
                    "verse": "Persipl\u0117\u0161kite savo \u0161irdis, ne r\u016bbus! Gr\u0119\u017ekit\u0117s \u012f Vie\u0161pat\u012f, savo Diev\u0105, nes Jis yra maloningas ir gailestingas, l\u0117tas pykti ir did\u017eiai geras bei susilaikantis nuo bausm\u0117s."
                },
                "14": {
                    "verse_nr": "14",
                    "verse": "Kas \u017eino, gal Jis sugr\u012f\u0161, pasigail\u0117s ir paliks palaiminim\u0105 \u2013 duonos auk\u0105 ir geriam\u0105j\u0105 auk\u0105 Vie\u0161pa\u010diui, j\u016bs\u0173 Dievui?"
                },
                "15": {
                    "verse_nr": "15",
                    "verse": "Trimituokite Sione, paskelbkite pasnink\u0105, su\u0161aukite i\u0161kilming\u0105 susirinkim\u0105"
                },
                "16": {
                    "verse_nr": "16",
                    "verse": "sukvieskite taut\u0105 ir vyresniuosius, atgabenkite vaikus ir \u017eindomus k\u016bdikius. Jaunaved\u017eiai tei\u0161eina i\u0161 savo kambari\u0173."
                },
                "17": {
                    "verse_nr": "17",
                    "verse": "Tarp prieangio ir aukuro tegul rauda kunigai, Vie\u0161paties tarnai, sakydami: \u201eVie\u0161patie, pasigail\u0117k savo tautos, neatiduok savo paveldo pagoni\u0173 paniekai ir pajuokai! Kod\u0117l tautos tur\u0117t\u0173 sakyti: \u2018Kur yra j\u0173 Dievas\u2019?\u201c"
                },
                "18": {
                    "verse_nr": "18",
                    "verse": "Tada Vie\u0161pat\u012f apims pavydas d\u0117l savo kra\u0161to ir Jis pasigail\u0117s savo tautos."
                },
                "19": {
                    "verse_nr": "19",
                    "verse": "Vie\u0161pats atsakys ir tars savo tautai: \u201e\u0160tai A\u0161 duosiu jums jav\u0173, vyno ir aliejaus, ir j\u016bs b\u016bsite sot\u016bs; A\u0161 nebeleisiu tautoms j\u016bs\u0173 niekinti."
                },
                "20": {
                    "verse_nr": "20",
                    "verse": "At\u0117jus\u012f i\u0161 \u0161iaur\u0117s pa\u0161alinsiu toli nuo j\u016bs\u0173 ir nusviesiu j\u012f \u012f tu\u0161\u010di\u0105 dykum\u0105, jo veidas bus \u012f Ryt\u0173 j\u016br\u0105 ir u\u017epakalin\u0117 dalis \u2013 \u012f Vakar\u0173 j\u016br\u0105. Nuo jo smarv\u0117 pakils ir bjaurus kvapas, nes jis baisi\u0173 dalyk\u0173 padar\u0117\u201c."
                },
                "21": {
                    "verse_nr": "21",
                    "verse": "Nebijok, \u017eeme, d\u017eiaukis ir d\u017ei\u016bgauk, nes Vie\u0161pats padarys dideli\u0173 dalyk\u0173."
                },
                "22": {
                    "verse_nr": "22",
                    "verse": "Laukiniai \u017ev\u0117rys, nebijokite! Ganyklos v\u0117l \u017ealiuoja, med\u017eiai ne\u0161a vaisi\u0173, figmedis ir vynmedis duoda derli\u0173."
                },
                "23": {
                    "verse_nr": "23",
                    "verse": "Siono vaikai, d\u017eiaukit\u0117s Vie\u0161pa\u010diu, savo Dievu. Jis i\u0161tikimai duodavo jums ankstyv\u0105 liet\u0173 ir Jis si\u0173s jums liet\u0173, ankstyv\u0105j\u012f ir v\u0117lyv\u0105j\u012f liet\u0173, kaip ir anks\u010diau."
                },
                "24": {
                    "verse_nr": "24",
                    "verse": "Klojimai bus pilni jav\u0173 ir statin\u0117s sklidinos vyno ir aliejaus."
                },
                "25": {
                    "verse_nr": "25",
                    "verse": "\u201eA\u0161 atlyginsiu jums u\u017e metus, kuriuos sunaikino vik\u0161rai, sk\u0117riai, vabalai ir amaras \u2013 mano did\u017eioji kariuomen\u0117, kuri\u0105 siun\u010diau prie\u0161 jus."
                },
                "26": {
                    "verse_nr": "26",
                    "verse": "J\u016bs gausiai valgysite ir b\u016bsite sot\u016bs, ir girsite Vie\u0161paties, savo Dievo, vard\u0105, kuris padar\u0117 jums nuostabi\u0173 dalyk\u0173. Mano tauta nebus sug\u0117dinta per am\u017eius."
                },
                "27": {
                    "verse_nr": "27",
                    "verse": "J\u016bs \u017einosite, kad A\u0161 esu Izraelyje, A\u0161, Vie\u0161pats, j\u016bs\u0173 Dievas, ir n\u0117ra kito. Mano tauta nebus sug\u0117dinta per am\u017eius."
                },
                "28": {
                    "verse_nr": "28",
                    "verse": "Po to A\u0161 i\u0161liesiu savo dvasios ant kiekvieno k\u016bno. J\u016bs\u0173 s\u016bn\u016bs ir dukterys prana\u0161aus, seniai sapnuos sapnus ir jaunuoliai matys reg\u0117jimus."
                },
                "29": {
                    "verse_nr": "29",
                    "verse": "Taip pat ant verg\u0173 ir vergi\u0173 tomis dienomis i\u0161liesiu savo dvasios."
                },
                "30": {
                    "verse_nr": "30",
                    "verse": "A\u0161 danguje ir \u017eem\u0117je parodysiu stebukl\u0173 \u2013 kraujo, ugnies bei r\u016bkstan\u010di\u0173 d\u016bm\u0173."
                },
                "31": {
                    "verse_nr": "31",
                    "verse": "Saul\u0117 pavirs tamsa ir m\u0117nulis \u2013 krauju, prie\u0161 ateinant didingai ir baisiai Vie\u0161paties dienai."
                },
                "32": {
                    "verse_nr": "32",
                    "verse": "Tada kiekvienas, kuris \u0161auksis Vie\u0161paties vardo, bus i\u0161gelb\u0117tas. Siono kalne ir Jeruzal\u0117je bus i\u0161gelb\u0117jimas, kaip Vie\u0161pats sak\u0117, liku\u010diui, kur\u012f Jis pa\u0161auks\u201c."
                }
            }
        },
        "3": {
            "chapter_nr": "3",
            "chapter": {
                "1": {
                    "verse_nr": "1",
                    "verse": "\u201eTuo metu, kai parvesiu Judo ir Jeruzal\u0117s i\u0161tremtuosius"
                },
                "2": {
                    "verse_nr": "2",
                    "verse": "A\u0161 surinksiu visas tautas ir atvesiu jas \u012f Juozapato sl\u0117n\u012f. Ten juos teisiu d\u0117l mano tautos ir mano paveldo Izraelio, kur\u012f jos buvo i\u0161sklaid\u017eiusios ir pasidalinusios mano \u017eem\u0119."
                },
                "3": {
                    "verse_nr": "3",
                    "verse": "Jie met\u0117 burtus d\u0117l mano tautos, u\u017e paleistuv\u0119 atidav\u0117 berniuk\u0105, u\u017e vyn\u0105 pardav\u0117 mergait\u0119 ir girtuokliavo."
                },
                "4": {
                    "verse_nr": "4",
                    "verse": "K\u0105 j\u016bs turite bendro su manimi, Tyre, Sidone ir visi filistin\u0173 kra\u0161tai? Ar j\u016bs norite man atlyginti u\u017e mano darbus ir man atker\u0161yti? A\u0161 greitai ir lengvai sugr\u0105\u017einsiu j\u016bs\u0173 ker\u0161t\u0105 ant j\u016bs\u0173 pa\u010di\u0173 galv\u0173."
                },
                "5": {
                    "verse_nr": "5",
                    "verse": "J\u016bs pa\u0117m\u0117te mano sidabr\u0105 bei auks\u0105 ir mano brangenybes nugabenote \u012f savo \u0161ventyklas."
                },
                "6": {
                    "verse_nr": "6",
                    "verse": "J\u016bs pardav\u0117te Judo ir Jeruzal\u0117s gyventojus graikams, i\u0161var\u0117te juos toli i\u0161 j\u0173 kra\u0161to."
                },
                "7": {
                    "verse_nr": "7",
                    "verse": "A\u0161 pakelsiu juos toje vietoje, kurion j\u016bs juos pardav\u0117te, ir sugr\u0105\u017einsiu j\u016bs\u0173 ker\u0161t\u0105 ant j\u016bs\u0173 pa\u010di\u0173 galv\u0173."
                },
                "8": {
                    "verse_nr": "8",
                    "verse": "A\u0161 atiduosiu j\u016bs\u0173 s\u016bnus ir dukteris Judo vaikams, o jie parduos juos \u0161ebie\u010diams, toli gyvenan\u010diai tautai, nes taip pasak\u0117 Vie\u0161pats\u201c."
                },
                "9": {
                    "verse_nr": "9",
                    "verse": "Paskelbkite tai tautoms, pasiruo\u0161kite karui, \u017eadinkite kar\u017eygius! Kariai tegul ateina artyn."
                },
                "10": {
                    "verse_nr": "10",
                    "verse": "Perkaldinkite savo \u017eagres \u012f kardus ir pjautuvus \u012f ietis. Silpnasis tesako: \u201eA\u0161 stiprus\u201c."
                },
                "11": {
                    "verse_nr": "11",
                    "verse": "Skubiai susirinkusios, ateikite, aplinkin\u0117s tautos! Vie\u0161patie, ten atvesk savo kar\u017eygius!"
                },
                "12": {
                    "verse_nr": "12",
                    "verse": "\u201eTepakyla ir tesusirenka tautos \u012f Juozapato sl\u0117n\u012f: ten A\u0161 teisiu jas."
                },
                "13": {
                    "verse_nr": "13",
                    "verse": "Imkite pjautuv\u0105, nes at\u0117jo pj\u016bties metas. Spaustuvas pilnas, ateikite ir minkite. Indai bus sklidini, nes j\u0173 nedoryb\u0117 didel\u0117\u201c."
                },
                "14": {
                    "verse_nr": "14",
                    "verse": "Mini\u0173 minios sprendimo sl\u0117nyje! Vie\u0161paties diena priart\u0117jo."
                },
                "15": {
                    "verse_nr": "15",
                    "verse": "Saul\u0117 ir m\u0117nulis aptems, \u017evaig\u017ed\u0117s neteks spindesio."
                },
                "16": {
                    "verse_nr": "16",
                    "verse": "Vie\u0161pats suriaumos i\u0161 Siono, Jo balsas pasigirs i\u0161 Jeruzal\u0117s, dangus ir \u017eem\u0117 sudreb\u0117s. Vie\u0161pats yra savo tautos viltis ir Izraelio vaik\u0173 stipryb\u0117."
                },
                "17": {
                    "verse_nr": "17",
                    "verse": "\u201eTada j\u016bs \u017einosite, kad A\u0161 esu Vie\u0161pats, j\u016bs\u0173 Dievas, kuris gyvena Sione, savo \u0161ventame kalne. Jeruzal\u0117 bus \u0161venta, svetimieji nebemind\u017eios jos."
                },
                "18": {
                    "verse_nr": "18",
                    "verse": "T\u0105 dien\u0105 i\u0161 kaln\u0173 la\u0161\u0117s saldus vynas, i\u0161 kalv\u0173 tek\u0117s pienas. Judo up\u0117s bus pilnos vandens, i\u0161 Vie\u0161paties nam\u0173 tek\u0117s \u0161altinis ir dr\u0117kins \u0160itimo sl\u0117n\u012f."
                },
                "19": {
                    "verse_nr": "19",
                    "verse": "Egiptas taps dykyne, Edomas virs tu\u0161\u010dia dykuma, nes jie \u017eiauriai praliejo nekalt\u0105 Judo vaik\u0173 krauj\u0105."
                },
                "20": {
                    "verse_nr": "20",
                    "verse": "Judas gyvens per am\u017eius ir Jeruzal\u0117 per kart\u0173 kartas."
                },
                "21": {
                    "verse_nr": "21",
                    "verse": "A\u0161 apvalysiu j\u0173 krauj\u0105, kurio dar neapvaliau, nes Vie\u0161pats gyvena Sione!\u201c"
                }
            }
        }
    }
}