{
    "version": "elberfelder1905",
    "book_name": "Nahum",
    "book_nr": "34",
    "book": {
        "1": {
            "chapter_nr": 1,
            "chapter": {
                "1": {
                    "verse_nr": 1,
                    "verse": "Ausspruch \u00fcber Ninive. Das Buch des Gesichtes Nahums, des Elkoschiters.\n"
                },
                "2": {
                    "verse_nr": 2,
                    "verse": "Ein eifernder und r\u00e4chender Gott ist Jehova, ein R\u00e4cher ist Jehova und voll von Grimm; Jehova \u00fcbt Rache an seinen Widersachern und tr\u00e4gt seinen Feinden nach.\n"
                },
                "3": {
                    "verse_nr": 3,
                    "verse": "Jehova ist langsam zum Zorn und gro\u00df an Kraft, und er h\u00e4lt keineswegs f\u00fcr schuldlos den Schuldigen. Jehova, im Sturmwind und im Gewitter ist sein Weg, und Gew\u00f6lk ist der Staub seiner F\u00fc\u00dfe.\n"
                },
                "4": {
                    "verse_nr": 4,
                    "verse": "Er schilt das Meer und legt es trocken, und alle Fl\u00fcsse macht er versiegen; Basan und Karmel verwelken, und es verwelkt die Bl\u00fcte des Libanon.\n"
                },
                "5": {
                    "verse_nr": 5,
                    "verse": "Vor ihm erbeben die Berge und zerflie\u00dfen die H\u00fcgel, und vor seinem Angesicht erhebt sich die Erde, und der Erdkreis und alle, die darauf wohnen.\n"
                },
                "6": {
                    "verse_nr": 6,
                    "verse": "Wer kann vor seinem Grimm bestehen, und wer standhalten bei der Glut seines Zornes? Sein Grimm ergie\u00dft sich wie Feuer, und die Felsen werden von ihm zerrissen.\n"
                },
                "7": {
                    "verse_nr": 7,
                    "verse": "Jehova ist g\u00fctig, er ist eine Feste am Tage der Drangsal; und er kennt die, welche auf ihn vertrauen.\n"
                },
                "8": {
                    "verse_nr": 8,
                    "verse": "Und mit einer \u00fcberschwemmenden Flut wird er ihre St\u00e4tte g\u00e4nzlich zerst\u00f6ren, und Finsternis wird seine Feinde verfolgen.\n"
                },
                "9": {
                    "verse_nr": 9,
                    "verse": "Was sinnet ihr wider Jehova? Er wird g\u00e4nzlich zerst\u00f6ren; die Drangsal wird nicht zweimal erstehen.\n"
                },
                "10": {
                    "verse_nr": 10,
                    "verse": "Denn w\u00e4ren sie gar wie Dornen verflochten und von ihrem edlen Weine berauscht, sie sollen v\u00f6llig verzehrt werden wie d\u00fcrre Stoppeln.\n"
                },
                "11": {
                    "verse_nr": 11,
                    "verse": "Von dir ist ausgegangen, der B\u00f6ses sann wider Jehova, ein nichtsw\u00fcrdiger Ratgeber.\n"
                },
                "12": {
                    "verse_nr": 12,
                    "verse": "So spricht Jehova: Wenn sie gleich unversehrt und noch so zahlreich sind, auch so sollen sie weggem\u00e4ht werden; und er wird dahin sein. Und habe ich dich auch niedergebeugt, ich werde dich nicht mehr niederbeugen;\n"
                },
                "13": {
                    "verse_nr": 13,
                    "verse": "sondern ich werde nun sein Joch von dir zerbrechen und deine Bande zerrei\u00dfen. -\n"
                },
                "14": {
                    "verse_nr": 14,
                    "verse": "Und \u00fcber dich hat Jehova geboten, da\u00df von deinem Namen nicht mehr ges\u00e4t werden soll; aus dem Hause deines Gottes werde ich das geschnitzte und das gegossene Bild ausrotten; ich werde dir ein Grab machen, denn ver\u00e4chtlich bist du.\n"
                },
                "15": {
                    "verse_nr": 15,
                    "verse": "Siehe, auf den Bergen die F\u00fc\u00dfe dessen, der gute Botschaft bringt, der Frieden verk\u00fcndigt! Feiere, Juda, deine Feste, bezahle deine Gel\u00fcbde! Denn der Nichtsw\u00fcrdige wird fortan nicht mehr durch dich ziehen; er ist ganz ausgerottet.\n"
                }
            }
        },
        "2": {
            "chapter_nr": 2,
            "chapter": {
                "1": {
                    "verse_nr": 1,
                    "verse": "Der Zerschmetterer zieht wider dich herauf. Bewahre die Festung; \u00fcberwache den Weg, st\u00e4rke deine Lenden, befestige sehr deine Kraft!\n"
                },
                "2": {
                    "verse_nr": 2,
                    "verse": "Denn Jehova stellt die Herrlichkeit Jakobs wie die Herrlichkeit Israels wieder her; denn die Pl\u00fcnderer haben sie gepl\u00fcndert und haben ihre Reben zerst\u00f6rt.\n"
                },
                "3": {
                    "verse_nr": 3,
                    "verse": "Die Schilde seiner Helden sind ger\u00f6tet, die tapferen M\u00e4nner sind in Karmesin gekleidet, die Wagen gl\u00e4nzen von Stahl am Tage seines R\u00fcstens, und die Lanzen werden geschwungen.\n"
                },
                "4": {
                    "verse_nr": 4,
                    "verse": "Die Wagen rasen auf den Stra\u00dfen, sie rennen auf den Pl\u00e4tzen, ihr Aussehen ist wie Fackeln, wie Blitze fahren sie daher. -\n"
                },
                "5": {
                    "verse_nr": 5,
                    "verse": "Er gedenkt seiner Edlen: sie straucheln auf ihren Wegen, sie eilen zu ihrer Mauer, und das Schutzdach wird aufgerichtet.\n"
                },
                "6": {
                    "verse_nr": 6,
                    "verse": "Die Tore an den Str\u00f6men sind ge\u00f6ffnet, und der Palast verzagt.\n"
                },
                "7": {
                    "verse_nr": 7,
                    "verse": "Denn es ist beschlossen: sie wird entbl\u00f6\u00dft, weggef\u00fchrt; und ihre M\u00e4gde st\u00f6hnen wie die Stimme der Tauben, sie schlagen an ihre Brust.\n"
                },
                "8": {
                    "verse_nr": 8,
                    "verse": "Ninive war ja von jeher wie ein Wasserteich; und doch fliehen sie! Stehet, stehet! Aber keiner sieht sich um.\n"
                },
                "9": {
                    "verse_nr": 9,
                    "verse": "Raubet Silber, raubet Gold! Denn unendlich ist der Vorrat, der Reichtum an allerlei kostbaren Ger\u00e4ten.\n"
                },
                "10": {
                    "verse_nr": 10,
                    "verse": "Leere und Entleerung und Ver\u00f6dung! Und das Herz zerflie\u00dft, und die Knie wanken, und in allen Lenden ist Schmerz, und ihrer aller Angesichter erblassen. -\n"
                },
                "11": {
                    "verse_nr": 11,
                    "verse": "Wo ist nun die Wohnung der L\u00f6wen, und der Weideort der jungen L\u00f6wen, wo der L\u00f6we wandelte, die L\u00f6win und das Junge des L\u00f6wen, und niemand sie aufschreckte?\n"
                },
                "12": {
                    "verse_nr": 12,
                    "verse": "Der L\u00f6we raubte f\u00fcr den Bedarf seiner Jungen und erw\u00fcrgte f\u00fcr seine L\u00f6winnen, und er f\u00fcllte seine H\u00f6hlen mit Raub und seine Wohnungen mit Geraubtem.\n"
                },
                "13": {
                    "verse_nr": 13,
                    "verse": "Siehe, ich will an dich, spricht Jehova der Heerscharen, und ich werde ihre Wagen in Rauch aufgehen lassen, und deine jungen L\u00f6wen wird das Schwert verzehren; und ich werde deinen Raub von der Erde ausrotten, und die Stimme deiner Boten wird nicht mehr geh\u00f6rt werden.\n"
                }
            }
        },
        "3": {
            "chapter_nr": 3,
            "chapter": {
                "1": {
                    "verse_nr": 1,
                    "verse": "Wehe der Blutstadt, ganz erf\u00fcllt mit L\u00fcge und Gewalttat! Das Rauben h\u00f6rt nicht auf. -\n"
                },
                "2": {
                    "verse_nr": 2,
                    "verse": "Peitschenknall und Get\u00f6se des R\u00e4dergerassels, und jagende Rosse und aufspringende Wagen;\n"
                },
                "3": {
                    "verse_nr": 3,
                    "verse": "heransprengende Reiter, und flammendes Schwert und blitzender Speer! Und Mengen Erschlagener und Haufen von Toten und Leichen ohne Ende; man strauchelt \u00fcber ihre Leichen!\n"
                },
                "4": {
                    "verse_nr": 4,
                    "verse": "Wegen der vielen Hurereien der anmutvollen Hure, der Zauberkundigen, welche Nationen verkauft mit ihren Hurereien und Geschlechter mit ihren Zaubereien.\n"
                },
                "5": {
                    "verse_nr": 5,
                    "verse": "Siehe, ich will an dich, spricht Jehova der Heerscharen; und ich werde deine S\u00e4ume aufdecken \u00fcber dein Angesicht, und die Nationen deine Bl\u00f6\u00dfe sehen lassen und die K\u00f6nigreiche deine Schande.\n"
                },
                "6": {
                    "verse_nr": 6,
                    "verse": "Und ich werde Unrat auf dich werfen, und dich ver\u00e4chtlich machen und dich zur Schau stellen.\n"
                },
                "7": {
                    "verse_nr": 7,
                    "verse": "Und es wird geschehen, jeder, der dich sieht, wird von dir fliehen und sprechen: Ninive ist verw\u00fcstet! Wer wird ihr Beileid bezeigen? Woher soll ich dir Tr\u00f6ster suchen?\n"
                },
                "8": {
                    "verse_nr": 8,
                    "verse": "Bist du vorz\u00fcglicher als No-Ammon, die an den Str\u00f6men wohnte, Wasser rings um sich her? Das Meer war ihr Bollwerk, aus Meer bestand ihre Mauer.\n"
                },
                "9": {
                    "verse_nr": 9,
                    "verse": "\u00c4thiopien war ihre St\u00e4rke und \u00c4gypter in zahlloser Menge; Put und Libyen waren zu ihrer Hilfe.\n"
                },
                "10": {
                    "verse_nr": 10,
                    "verse": "Auch sie ist in die Verbannung, in die Gefangenschaft gezogen; auch ihre Kinder wurden zerschmettert an allen Stra\u00dfenecken; und \u00fcber ihre Vornehmen warf man das Los, und alle ihre Gro\u00dfen wurden mit Ketten gefesselt.\n"
                },
                "11": {
                    "verse_nr": 11,
                    "verse": "Auch du sollst trunken werden, sollst verborgen sein; auch du wirst eine Zuflucht suchen vor dem Feinde.\n"
                },
                "12": {
                    "verse_nr": 12,
                    "verse": "Alle deine Festungen sind Feigenb\u00e4ume mit Fr\u00fchfeigen; wenn sie gesch\u00fcttelt werden, so fallen sie den Essenden in den Mund.\n"
                },
                "13": {
                    "verse_nr": 13,
                    "verse": "Siehe, dein Volk ist zu Weibern geworden in deiner Mitte; deinen Feinden sind die Tore deines Landes weit aufgetan, Feuer verzehrt deine Riegel.\n"
                },
                "14": {
                    "verse_nr": 14,
                    "verse": "Sch\u00f6pfe dir Wasser f\u00fcr die Belagerung; bessere deine Festungswerke aus! Tritt den Ton stampfe den Lehm, stelle den Ziegelofen wieder her!\n"
                },
                "15": {
                    "verse_nr": 15,
                    "verse": "Dort wird das Feuer dich verzehren, wird das Schwert dich ausrotten, dich verzehren wie der Jelek. Vermehre dich wie der Jelek, vermehre dich wie die Heuschrecken!\n"
                },
                "16": {
                    "verse_nr": 16,
                    "verse": "Du hast deiner Kaufleute mehr gemacht als die Sterne des Himmels: der Jelek f\u00e4llt raubend ein und fliegt davon.\n"
                },
                "17": {
                    "verse_nr": 17,
                    "verse": "Deine Auserlesenen sind wie die Heuschrecken, und deine Kriegsobersten wie Heuschreckenschw\u00e4rme, die sich an den Z\u00e4unen lagern am Tage des Frostes: geht die Sonne auf, so entfliehen sie, und man wei\u00df ihre St\u00e4tte nicht; wo sind sie?\n"
                },
                "18": {
                    "verse_nr": 18,
                    "verse": "Deine Hirten schlafen, K\u00f6nig von Assyrien, deine Edlen liegen da; dein Volk ist auf den Bergen zerstreut, und niemand sammelt es.\n"
                },
                "19": {
                    "verse_nr": 19,
                    "verse": "Keine Linderung f\u00fcr deine Wunde, dein Schlag ist t\u00f6dlich! Alle, welche die Kunde von dir h\u00f6ren, klatschen \u00fcber dich in die H\u00e4nde; denn \u00fcber wen ist nicht deine Bosheit best\u00e4ndig ergangen?\n"
                }
            }
        }
    }
}