{
    "version": "HUN",
    "book_name": "Nahum",
    "book_nr": "34",
    "book": {
        "1": {
            "chapter_nr": "1",
            "chapter": {
                "1": {
                    "verse_nr": "1",
                    "verse": "Ninive terhe; az elkosi N\u00e1hum l\u00e1t\u00e1s\u00e1nak k\u00f6nyve."
                },
                "2": {
                    "verse_nr": "2",
                    "verse": "Buzg\u00f3n szeret\u0151 \u00e9s bossz\u00fa\u00e1ll\u00f3 Isten az \u00dar, bossz\u00fa\u00e1ll\u00f3 az \u00dar, \u00e9s telve haraggal; bossz\u00fat \u00e1ll az \u00dar az \u0151 ellens\u00e9gein, \u00e9s haragot tart\u00f3 az \u0151 gy\u0171l\u00f6l\u0151i ellen."
                },
                "3": {
                    "verse_nr": "3",
                    "verse": "Hossz\u00fat\u0171r\u0151 az \u00dar \u00e9s nagyhatalm\u00fa, \u00e9s nem hagy b\u00fcntetlen\u00fcl. Sz\u00e9lv\u00e9szben \u00e9s viharban van az \u00darnak \u00fatja, \u00e9s l\u00e1bainak pora a felh\u0151."
                },
                "4": {
                    "verse_nr": "4",
                    "verse": "Megfeddi a tengert \u00e9s kiapasztja azt, \u00e9s minden folyamot kisz\u00e1raszt. Elfonnyad a B\u00e1s\u00e1n \u00e9s a K\u00e1rmel, \u00e9s a Lib\u00e1non vir\u00e1ga elfonnyad."
                },
                "5": {
                    "verse_nr": "5",
                    "verse": "A hegyek reszketnek el\u0151tte, \u00e9s a halmok sz\u00e9tm\u00e1llanak. Tekintet\u00e9t\u0151l megrend\u00fcl a f\u00f6ld, \u00e9s a vil\u00e1g, \u00e9s minden, a mi rajta \u00e9l."
                },
                "6": {
                    "verse_nr": "6",
                    "verse": "Ki \u00e1llhatna meg haragja el\u0151tt, \u00e9s ki birhatn\u00e1 ki b\u00fasul\u00e1s\u00e1nak t\u00fcz\u00e9t? Heve sz\u00e9tfoly, mint a l\u00e1ng, \u00e9s a k\u0151sz\u00e1lak is sz\u00e9tporlanak t\u0151le."
                },
                "7": {
                    "verse_nr": "7",
                    "verse": "J\u00f3 az \u00dar, er\u0151ss\u00e9g a szorongat\u00e1s idej\u00e9n, \u00e9s \u0151 ismeri a benne b\u00edz\u00f3kat."
                },
                "8": {
                    "verse_nr": "8",
                    "verse": "De g\u00e1tt\u00f6r\u0151 \u00e1rv\u00edzk\u00e9nt puszt\u00edt annak hely\u00e9n, \u00e9s gy\u0171l\u00f6l\u0151it set\u00e9ts\u00e9g \u00fcld\u00f6zi."
                },
                "9": {
                    "verse_nr": "9",
                    "verse": "Mit koholtok az \u00dar ellen? Elpuszt\u00edt \u0151, nem l\u00e9szen k\u00e9tszer veszedelem."
                },
                "10": {
                    "verse_nr": "10",
                    "verse": "Ha annyira \u00f6sszefon\u00f3dnak is, mint a t\u00fcskebokrok, \u00e9s olyan \u00e1zottak is, mint az italuk: megem\u00e9sztetnek, mint a teljesen megsz\u00e1radt tarl\u00f3."
                },
                "11": {
                    "verse_nr": "11",
                    "verse": "Bel\u0151led sz\u00e1rmazott, a ki gonoszt koholt az \u00dar ellen, a ki \u00e1lnoks\u00e1got tan\u00e1csolt."
                },
                "12": {
                    "verse_nr": "12",
                    "verse": "\u00cdgy sz\u00f3l az \u00dar: Ha teljes er\u0151ben \u00e9s sokan vannak is, m\u00e9gis lev\u00e1gatnak \u00e9s eleny\u00e9sznek. Megal\u00e1ztalak t\u00e9ged, de nem foglak t\u00f6bb\u00e9 megal\u00e1zni."
                },
                "13": {
                    "verse_nr": "13",
                    "verse": "Most m\u00e1r leveszem r\u00f3lad az \u0151 ig\u00e1j\u00e1t, \u00e9s bilincseidet leszaggatom."
                },
                "14": {
                    "verse_nr": "14",
                    "verse": "Fel\u0151led pedig azt rendeli az \u00dar: Nevednek ne t\u00e1madjon t\u00f6bb\u00e9 magva; isteneid h\u00e1z\u00e1b\u00f3l kivesztem a faragott \u00e9s \u00f6nt\u00f6tt k\u00e9peket; meg\u00e1som s\u00edrodat, mert becstelen vagy."
                },
                "15": {
                    "verse_nr": "15",
                    "verse": "\u00cdm\u00e9 a hegyeken \u00f6r\u00f6mh\u00edrhoz\u00f3nak l\u00e1bai! B\u00e9kess\u00e9get hirdet. \u00dcnnepeld J\u00fada \u00fcnnepeidet, fizesd le fogad\u00e1saidat; mert nem vonul \u00e1t rajtad t\u00f6bb\u00e9 a semmirekell\u0151; mindenest\u0151l kiirtatott."
                }
            }
        },
        "2": {
            "chapter_nr": "2",
            "chapter": {
                "1": {
                    "verse_nr": "1",
                    "verse": "Puszt\u00edt\u00f3 j\u00f6n fel ellened; \u0151rizd a v\u00e1rat, n\u00e9zzed az \u00fatat, er\u0151s\u00edtsd derekadat, kem\u00e9ny\u00edtsd meg er\u0151det igen."
                },
                "2": {
                    "verse_nr": "2",
                    "verse": "Mert helyre\u00e1ll\u00edtja az \u00dar J\u00e1k\u00f3b b\u00fcszkes\u00e9g\u00e9t, mint Izr\u00e1el b\u00fcszkes\u00e9g\u00e9t; mert rabl\u00f3k rabolt\u00e1k ki \u0151ket, csemet\u00e9iket pedig kiv\u00e1gt\u00e1k."
                },
                "3": {
                    "verse_nr": "3",
                    "verse": "Vit\u00e9zeinek pajzsa veres, katon\u00e1inak ruh\u00e1zata b\u00edborsz\u00edn\u0171, hadiszekere acz\u00e9lt\u0171zben ragyog fegyverkez\u00e9se napj\u00e1n, \u00e9s a d\u00e1rd\u00e1kat rengetik."
                },
                "4": {
                    "verse_nr": "4",
                    "verse": "Az utcz\u00e1kon robognak a szekerek, \u00f6ssze\u00fctk\u00f6znek a piaczokon; tekintet\u00f6k mint a f\u00e1kly\u00e1k, futkosnak mint a vill\u00e1mok."
                },
                "5": {
                    "verse_nr": "5",
                    "verse": "Emlegeti vit\u00e9zl\u0151 h\u0151seit; ingadoznak l\u00e9p\u00e9seikben, sietnek a k\u0151falra, \u00e9s fel\u00e1ll\u00edttatik a v\u00e9d\u0151s\u00e1ncz."
                },
                "6": {
                    "verse_nr": "6",
                    "verse": "A foly\u00f3vizek kapui megny\u00edlnak, \u00e9s a palota megrend\u00fcl."
                },
                "7": {
                    "verse_nr": "7",
                    "verse": "De elv\u00e9geztetett: felfedik, elvitetik, \u00e9s szolg\u00e1l\u00f3i keseregnek, mint ny\u00f6g\u0151 galambok, mell\u00f6ket verv\u00e9n."
                },
                "8": {
                    "verse_nr": "8",
                    "verse": "Pedig Ninive olyan, mint a b\u0151viz\u0171 t\u00f3, eleit\u0151l fogva: m\u00e9gis futnak \u0151k. \u00c1lljatok meg, \u00e1lljatok meg! De vissza se tekint senki."
                },
                "9": {
                    "verse_nr": "9",
                    "verse": "Raboljatok ez\u00fcst\u00f6t, raboljatok aranyat; sz\u00e1ma sincs a rejtett kincseknek, gazdag minden dr\u00e1ga ed\u00e9nyben."
                },
                "10": {
                    "verse_nr": "10",
                    "verse": "Feld\u00falva, sz\u00e9th\u00e1nyva, kifosztatva! Sz\u00edve megolvadt, a t\u00e9rdek reszketnek, f\u00e1jdalom van eg\u00e9sz derek\u00e1ban, \u00e9s mindny\u00e1jok arcza elvesztette piross\u00e1g\u00e1t."
                },
                "11": {
                    "verse_nr": "11",
                    "verse": "Hol van az oroszl\u00e1nok tany\u00e1ja, \u00e9s az oroszl\u00e1n-k\u00f6lyk\u00f6knek ama legel\u0151je, a hov\u00e1 j\u00e1rt a n\u0151st\u00e9ny- \u00e9s h\u00edmoroszl\u00e1n, az oroszl\u00e1n-k\u00f6ly\u00f6k, \u00e9s nem volt a ki elriaszsza?"
                },
                "12": {
                    "verse_nr": "12",
                    "verse": "Az oroszl\u00e1n torkig val\u00f3t ragadozott k\u00f6lykeinek, \u00e9s fojtogatott n\u0151st\u00e9nyeinek, \u00e9s megt\u00f6lt\u00f6tte barlangjait zs\u00e1km\u00e1nynyal, tany\u00e1it pedig pr\u00e9d\u00e1val."
                },
                "13": {
                    "verse_nr": "13",
                    "verse": "\u00cdm\u00e9 r\u00e1d t\u00f6r\u00f6k, azt mondja a Seregek Ura, \u00e9s f\u00fcstt\u00e9 \u00e9getem szekereit. Oroszl\u00e1n-k\u00f6lykeidet kard em\u00e9szti meg, \u00e9s kiirtom e f\u00f6ldr\u0151l zs\u00e1km\u00e1nyodat, \u00e9s nem hallatszik t\u00f6bb\u00e9 k\u00f6veteidnek szava."
                }
            }
        },
        "3": {
            "chapter_nr": "3",
            "chapter": {
                "1": {
                    "verse_nr": "1",
                    "verse": "Jaj a v\u00e9rszop\u00f3 v\u00e1rosnak! Mindenest\u0151l hazug \u00e9s er\u0151szakkal telve, \u00e9s nem sz\u0171nik rabolni."
                },
                "2": {
                    "verse_nr": "2",
                    "verse": "Ostor-csattog\u00e1s, ker\u00e9k-z\u00f6rg\u00e9s zaja; dobog\u00f3 l\u00f3, robog\u00f3 szek\u00e9r;"
                },
                "3": {
                    "verse_nr": "3",
                    "verse": "T\u00f6rtet\u0151 lovag, kardok villog\u00e1sa, d\u00e1rda villan\u00e1sa, sebes\u00fclt t\u00f6megek, holtak sokas\u00e1ga, nincs sz\u00e1mok az elesetteknek; megbotlanak hull\u00e1ikban."
                },
                "4": {
                    "verse_nr": "4",
                    "verse": "A sz\u00e9p par\u00e1zna sok par\u00e1znas\u00e1g\u00e1\u00e9rt, a hitet\u00e9snek mestern\u0151je miatt, a ki n\u00e9peket ejtett meg par\u00e1znas\u00e1g\u00e1val, \u00e9s nemzets\u00e9geket b\u0171b\u00e1jaival:"
                },
                "5": {
                    "verse_nr": "5",
                    "verse": "\u00cdm\u00e9, r\u00e1d t\u00f6r\u00f6k, azt mondja a Seregek Ura, \u00e9s orcz\u00e1dra ford\u00edtom ruh\u00e1dnak alj\u00e1t, \u00e9s n\u00e9peknek mutatom meg meztelens\u00e9gedet, \u00e9s orsz\u00e1goknak gyal\u00e1zatodat."
                },
                "6": {
                    "verse_nr": "6",
                    "verse": "R\u00fats\u00e1got h\u00e1nyatok r\u00e1d, \u00e9s gyal\u00e1zattal illetlek t\u00e9ged, \u00e9s olyann\u00e1 teszlek, mint a kit csud\u00e1lnak."
                },
                "7": {
                    "verse_nr": "7",
                    "verse": "\u00c9s mind, a ki megl\u00e1t, elmenek\u00fcl t\u0151led, \u00e9s ezt mondja: Elpusztult Ninive! Ki b\u00e1nk\u00f3dik rajta? Hol keressek n\u00e9ked v\u00edgasztal\u00f3kat?"
                },
                "8": {
                    "verse_nr": "8",
                    "verse": "Avagy jobb vagy-\u00e9 N\u00f3-Amonn\u00e1l, a mely a folyamokn\u00e1l fekszik, vizek veszik k\u00f6r\u00fcl; a melynek tenger a s\u00e1ncza, tenger a k\u0151fala?"
                },
                "9": {
                    "verse_nr": "9",
                    "verse": "K\u00fas volt er\u0151ss\u00e9ge meg \u00c9gyiptom, \u00e9s sz\u00e1ma sem volt annak. Puth \u00e9s Libia is seg\u00edt\u0151id voltak;"
                },
                "10": {
                    "verse_nr": "10",
                    "verse": "De ez is sz\u00e1mkivet\u00e9sbe, fogs\u00e1gba jutott; kisdedeik is falhoz verettek minden utcza sark\u00e1n; f\u0151embereire sorsot vetettek, \u00e9s nagyjait mind bilincsekbe vert\u00e9k."
                },
                "11": {
                    "verse_nr": "11",
                    "verse": "Te is megr\u00e9szegedel, elfeledtt\u00e9 leszel; te is keresel majd mened\u00e9ket a gy\u0171l\u00f6lk\u00f6d\u0151 el\u0151l."
                },
                "12": {
                    "verse_nr": "12",
                    "verse": "Minden er\u0151ss\u00e9ged olyan, mint a zsenge gy\u00fcm\u00f6lcs\u0171 f\u00fcgefa; ha megr\u00e1zatnak, az ev\u0151 sz\u00e1j\u00e1ba hullnak."
                },
                "13": {
                    "verse_nr": "13",
                    "verse": "\u00cdm\u00e9, a te n\u00e9ped asszonyn\u00e9p te benned, f\u00f6ldednek kapui t\u00e1rva kit\u00e1rulnak gy\u0171l\u00f6l\u0151idnek, t\u0171z em\u00e9szti meg z\u00e1raidat!"
                },
                "14": {
                    "verse_nr": "14",
                    "verse": "Mer\u00edts magadnak ostromhoz val\u00f3 vizet, jav\u00edtsd er\u0151ss\u00e9geidet; menj be a s\u00e1rba, taposd az agyagot, jav\u00edtsd a t\u00e9gla-vet\u0151t!"
                },
                "15": {
                    "verse_nr": "15",
                    "verse": "Legott t\u0171z em\u00e9szt meg t\u00e9ged, fegyver irt ki t\u00e9ged, megem\u00e9szt, mint a sz\u00f6cske; szaporodj\u00e1l b\u00e1r, mint a sz\u00f6cske, szaporodj\u00e1l b\u00e1r mint a s\u00e1ska!"
                },
                "16": {
                    "verse_nr": "16",
                    "verse": "T\u00f6bben voltak kalm\u00e1raid, mint az \u00e9gnek csillagai: a sz\u00f6cske csapong \u00e9s elrep\u00fcl!"
                },
                "17": {
                    "verse_nr": "17",
                    "verse": "Fejedelmeid mint a s\u00e1ska, vez\u00e9reid mint a t\u00fccs\u00f6k-raj; hideg id\u0151kben gyep\u0171kben tany\u00e1z, napkeletkor pedig elrep\u00fcl, \u00e9s helye sem tudhat\u00f3 meg, hol volt."
                },
                "18": {
                    "verse_nr": "18",
                    "verse": "Szunnyadoznak p\u00e1sztoraid, Assiria kir\u00e1lya, fek\u00fcsznek vit\u00e9zl\u0151 h\u0151seid; n\u00e9ped a hegyeken sz\u00e9ledez, \u00e9s nincsen, a ki \u00f6sszegy\u0171jtse."
                },
                "19": {
                    "verse_nr": "19",
                    "verse": "Nincs enyh\u00edt\u00e9s a te sebedre, gy\u00f3gy\u00edthatatlan a te nyavaly\u00e1d. A kik h\u00edredet hallj\u00e1k, mind tapsolnak feletted, mert kire nem hatott volna ki a te gonoszs\u00e1god soha?"
                }
            }
        }
    }
}