{
    "version": "SV1917",
    "book_name": "1 Peter",
    "book_nr": "60",
    "book": {
        "1": {
            "chapter_nr": "1",
            "chapter": {
                "1": {
                    "verse_nr": "1",
                    "verse": "Petrus, Jesu Kristi apostel, h\u00e4lsar de utvalda fr\u00e4mlingar som bo kringspridda i Pontus, Galatien, Kappadocien, provinsen Asien och Bitynien,"
                },
                "2": {
                    "verse_nr": "2",
                    "verse": "utvalda enligt Guds, Faderns, f\u00f6rsyn, i helgelse i Anden, till lydnad och till best\u00e4nkelse med Jesu Kristi blod. N\u00e5d och frid f\u00f6r\u00f6ke sig hos eder."
                },
                "3": {
                    "verse_nr": "3",
                    "verse": "Lovad vare v\u00e5r Herres, Jesu Kristi, Gud och Fader, som efter sin stora barmh\u00e4rtighet har genom Jesu Kristi uppst\u00e5ndelse fr\u00e5n de d\u00f6da f\u00f6tt oss p\u00e5 nytt till ett levande hopp,"
                },
                "4": {
                    "verse_nr": "4",
                    "verse": "till ett of\u00f6rg\u00e4ngligt, obesmittat och ovanskligt arv, som i himmelen \u00e4r f\u00f6rvarat \u00e5t eder,"
                },
                "5": {
                    "verse_nr": "5",
                    "verse": "I som med Guds makt bliven genom tro bevarade till en fr\u00e4lsning som \u00e4r beredd f\u00f6r att uppenbaras i den yttersta tiden."
                },
                "6": {
                    "verse_nr": "6",
                    "verse": "D\u00e4rf\u00f6r m\u00e5n I fr\u00f6jda eder, om I ock nu en liten tid, d\u00e4r s\u00e5 m\u00e5ste ske, liden bedr\u00f6velse under allahanda pr\u00f6vningar,"
                },
                "7": {
                    "verse_nr": "7",
                    "verse": "f\u00f6r att, om eder tro h\u00e5ller provet -- vilket \u00e4r mycket mer v\u00e4rt \u00e4n guldet, som f\u00f6rg\u00e5s, men som dock genom eld bliver bepr\u00f6vat -- detta m\u00e5 befinnas l\u00e4nda eder till pris, h\u00e4rlighet och \u00e4ra vid Jesu Kristi uppenbarelse."
                },
                "8": {
                    "verse_nr": "8",
                    "verse": "Honom \u00e4lsken I utan att hava sett honom; och fast\u00e4n I \u00e4nnu icke sen honom, tron I dock p\u00e5 honom och fr\u00f6jden eder \u00f6ver honom med outs\u00e4glig och h\u00e4rlig gl\u00e4dje,"
                },
                "9": {
                    "verse_nr": "9",
                    "verse": "d\u00e5 I nu \u00e4ren p\u00e5 v\u00e4g att vinna det som \u00e4r m\u00e5let f\u00f6r eder tro, n\u00e4mligen edra sj\u00e4lars fr\u00e4lsning."
                },
                "10": {
                    "verse_nr": "10",
                    "verse": "Ang\u00e5ende denna fr\u00e4lsning hava profeter ivrigt forskat och rannsakat, de som profeterade om den n\u00e5d som skulle vederfaras eder."
                },
                "11": {
                    "verse_nr": "11",
                    "verse": "De hava rannsakat f\u00f6r att finna vilken och hurudan tid det var som Kristi Ande i dem h\u00e4nvisade till, n\u00e4r han f\u00f6reb\u00e5dade de lidanden som skulle vederfaras Kristus, och den h\u00e4rlighet som d\u00e4refter skulle f\u00f6lja."
                },
                "12": {
                    "verse_nr": "12",
                    "verse": "Och det blev uppenbarat f\u00f6r dem att det icke var sig sj\u00e4lva, utan eder, som de tj\u00e4nade h\u00e4rmed. Om samma ting har nu en f\u00f6rkunnelse kommit till eder genom de m\u00e4n som i helig ande, neds\u00e4nd fr\u00e5n himmelen, hava f\u00f6r eder predikat evangelium; och i de tingen \u00e5stunda j\u00e4mv\u00e4l \u00e4nglar att sk\u00e5da in."
                },
                "13": {
                    "verse_nr": "13",
                    "verse": "Omgjorden d\u00e4rf\u00f6r edert sinnes l\u00e4nder och varen nyktra; och s\u00e4tten med full tillit edert hopp till den n\u00e5d som bjudes eder i och med Jesu Kristi uppenbarelse."
                },
                "14": {
                    "verse_nr": "14",
                    "verse": "D\u00e5 I nu haven kommit till lydnad, s\u00e5 f\u00f6ljen icke de beg\u00e4relser som I f\u00f6rut, under eder okunnighets tid, levden i,"
                },
                "15": {
                    "verse_nr": "15",
                    "verse": "utan bliven heliga i all eder vandel, s\u00e5som han som har kallat eder \u00e4r helig."
                },
                "16": {
                    "verse_nr": "16",
                    "verse": "Det \u00e4r ju skrivet: \u00bbI skolen vara heliga, ty jag \u00e4r helig.\u00bb"
                },
                "17": {
                    "verse_nr": "17",
                    "verse": "Och om I s\u00e5som Fader \u00e5kallen honom som utan anseende till personen d\u00f6mer var och en efter hans g\u00e4rningar, s\u00e5 vandren ock i fruktan under denna edert fr\u00e4mlingsskaps tid."
                },
                "18": {
                    "verse_nr": "18",
                    "verse": "I veten ju att det icke \u00e4r med f\u00f6rg\u00e4ngliga ting, med silver eller guld, som I haven blivit \u00bbl\u00f6sk\u00f6pta\u00bb fr\u00e5n den vandel I f\u00f6rden i f\u00e5f\u00e4nglighet, efter f\u00e4dernas s\u00e4tt,"
                },
                "19": {
                    "verse_nr": "19",
                    "verse": "utan med Kristi dyra blod, s\u00e5som med blodet av ett felfritt lamm utan fl\u00e4ck."
                },
                "20": {
                    "verse_nr": "20",
                    "verse": "S\u00e5 var f\u00f6rutsett om honom f\u00f6re v\u00e4rldens begynnelse; men f\u00f6rst nu i de yttersta tiderna har han blivit uppenbarad f\u00f6r eder skull,"
                },
                "21": {
                    "verse_nr": "21",
                    "verse": "I som genom honom tron p\u00e5 Gud, vilken uppv\u00e4ckte honom fr\u00e5n de d\u00f6da och gav honom h\u00e4rlighet, s\u00e5 att eder tro nu ock kan vara ett hopp till Gud."
                },
                "22": {
                    "verse_nr": "22",
                    "verse": "Renen edra sj\u00e4lar, i lydnad f\u00f6r sanningen, till oskrymtad broderlig k\u00e4rlek, och \u00e4lsken varandra av hj\u00e4rtat med uth\u00e5llig k\u00e4rlek,"
                },
                "23": {
                    "verse_nr": "23",
                    "verse": "I som \u00e4ren f\u00f6dda p\u00e5 nytt, icke av n\u00e5gon f\u00f6rg\u00e4nglig s\u00e4d, utan av en of\u00f6rg\u00e4nglig: genom Guds levande ord, som f\u00f6rbliver."
                },
                "24": {
                    "verse_nr": "24",
                    "verse": "Ty \u00bballt k\u00f6tt \u00e4r s\u00e5som gr\u00e4s och all dess h\u00e4rlighet s\u00e5som gr\u00e4sets blomster; gr\u00e4set torkar bort, och blomstret faller av,"
                },
                "25": {
                    "verse_nr": "25",
                    "verse": "men Herrens ord f\u00f6rbliver evinnerligen\u00bb. Och det \u00e4r detta ord som har blivit f\u00f6rkunnat f\u00f6r eder s\u00e5som ett glatt budskap."
                }
            }
        },
        "2": {
            "chapter_nr": "2",
            "chapter": {
                "1": {
                    "verse_nr": "1",
                    "verse": "S\u00e5 l\u00e4ggen d\u00e5 bort all ondska och allt svek s\u00e5 ock skrymteri och avund och allt f\u00f6rtal."
                },
                "2": {
                    "verse_nr": "2",
                    "verse": "Och d\u00e5 I nu \u00e4ren nyf\u00f6dda barn, s\u00e5 l\u00e4ngten efter att f\u00e5 den andliga of\u00f6rfalskade mj\u00f6lken, p\u00e5 det att I genom den m\u00e5n v\u00e4xa upp till fr\u00e4lsning,"
                },
                "3": {
                    "verse_nr": "3",
                    "verse": "om I annars haven \u00bbsmakat att Herren \u00e4r god\u00bb."
                },
                "4": {
                    "verse_nr": "4",
                    "verse": "Och kommen till honom, den levande stenen, som v\u00e4l av m\u00e4nniskor \u00e4r f\u00f6rkastad, men inf\u00f6r Gud \u00e4r \u00bbutvald och dyrbar\u00bb;"
                },
                "5": {
                    "verse_nr": "5",
                    "verse": "och l\u00e5ten eder sj\u00e4lva s\u00e5som levande stenar uppbyggas till ett andligt hus, s\u00e5 att I bliven ett \u00bbheligt pr\u00e4sterskap\u00bb, som skall framb\u00e4ra andliga offer, vilka genom Jesus Kristus \u00e4ro v\u00e4lbehagliga f\u00f6r Gud."
                },
                "6": {
                    "verse_nr": "6",
                    "verse": "Det heter n\u00e4mligen p\u00e5 ett st\u00e4lle i skriften: \u00bbSe, jag l\u00e4gger i Sion en utvald, dyrbar h\u00f6rnsten, och den som tror p\u00e5 den skall icke komma p\u00e5 skam.\u00bb"
                },
                "7": {
                    "verse_nr": "7",
                    "verse": "F\u00f6r eder, I som tron, \u00e4r stenen allts\u00e5 dyrbar, men f\u00f6r s\u00e5dana som icke tro \u00bbhar den sten som byggningsm\u00e4nnen f\u00f6rkastade blivit en h\u00f6rnsten\u00bb,"
                },
                "8": {
                    "verse_nr": "8",
                    "verse": "som \u00e4r \u00bben st\u00f6testen och en klippa till fall\u00bb. Eftersom de icke h\u00f6rsamma ordet, st\u00f6ta de sig; s\u00e5 var det ock best\u00e4mt om dem."
                },
                "9": {
                    "verse_nr": "9",
                    "verse": "I \u00e5ter \u00e4ren \u00bbett utvalt sl\u00e4kte, ett konungsligt pr\u00e4sterskap, ett heligt folk, ett egendomsfolk\u00bb, f\u00f6r att I skolen f\u00f6rkunna hans h\u00e4rliga g\u00e4rningar, hans som har kallat eder fr\u00e5n m\u00f6rkret till sitt underbara ljus."
                },
                "10": {
                    "verse_nr": "10",
                    "verse": "I som f\u00f6rut \u00bbicke voren ett folk\u00bb, men nu \u00e4ren \u00bbett Guds folk\u00bb, I som \u00bbicke haden f\u00e5tt n\u00e5gon barmh\u00e4rtighet\u00bb, men nu \u00bbhaven f\u00e5tt barmh\u00e4rtighet\u00bb."
                },
                "11": {
                    "verse_nr": "11",
                    "verse": "Mina \u00e4lskade, jag f\u00f6rmanar eder s\u00e5som \u00bbg\u00e4ster och fr\u00e4mlingar\u00bb att taga eder till vara f\u00f6r de k\u00f6ttsliga beg\u00e4relserna, vilka f\u00f6ra krig mot sj\u00e4len."
                },
                "12": {
                    "verse_nr": "12",
                    "verse": "Och f\u00f6ren en god vandel bland hedningarna, p\u00e5 det att dessa, om de i n\u00e5gon sak f\u00f6rtala eder s\u00e5som illg\u00e4rningsm\u00e4n, nu i st\u00e4llet, n\u00e4r de sk\u00e5da edra goda g\u00e4rningar, m\u00e5 f\u00f6r dessas skull prisa Gud p\u00e5 den dag d\u00e5 han s\u00f6ker dem."
                },
                "13": {
                    "verse_nr": "13",
                    "verse": "Varen underd\u00e5niga all m\u00e4nsklig ordning f\u00f6r Herrens skull, vare sig det \u00e4r konungen, s\u00e5som den \u00f6verste h\u00e4rskaren,"
                },
                "14": {
                    "verse_nr": "14",
                    "verse": "eller det \u00e4r landsh\u00f6vdingarna, som ju \u00e4ro s\u00e4nda av honom f\u00f6r att straffa dem som g\u00f6ra vad ont \u00e4r och f\u00f6r att prisa dem som g\u00f6ra vad gott \u00e4r."
                },
                "15": {
                    "verse_nr": "15",
                    "verse": "Ty s\u00e5 \u00e4r Guds vilja, att I med goda g\u00e4rningar skolen stoppa munnen till p\u00e5 of\u00f6rst\u00e5ndiga och f\u00e5kunniga m\u00e4nniskor."
                },
                "16": {
                    "verse_nr": "16",
                    "verse": "I \u00e4ren ju fria, dock icke som om I haden friheten f\u00f6r att d\u00e4rmed \u00f6verskyla ondskan, utan s\u00e5som Guds tj\u00e4nare."
                },
                "17": {
                    "verse_nr": "17",
                    "verse": "Bevisen var man \u00e4ra, \u00e4lsken br\u00f6derna, \u00bbfrukten Gud, \u00e4ren konungen\u00bb."
                },
                "18": {
                    "verse_nr": "18",
                    "verse": "I tj\u00e4nare, underordnen eder edra herrar med all fruktan, icke allenast de goda och milda, utan ocks\u00e5 de obilliga."
                },
                "19": {
                    "verse_nr": "19",
                    "verse": "Ty det \u00e4r v\u00e4lbehagligt f\u00f6r Gud, om n\u00e5gon, med honom f\u00f6r \u00f6gonen, t\u00e5ligt uth\u00e4rdar sina vederv\u00e4rdigheter, n\u00e4r han f\u00e5r lida of\u00f6rskylt."
                },
                "20": {
                    "verse_nr": "20",
                    "verse": "Ty vad ber\u00f6mligt \u00e4r d\u00e4ri att I bevisen t\u00e5lamod, n\u00e4r I f\u00f6r edra synders skull f\u00e5n uppb\u00e4ra hugg och slag? Men om I bevisen t\u00e5lamod, n\u00e4r I f\u00e5n lida f\u00f6r goda g\u00e4rningars skull, d\u00e5 \u00e4r detta v\u00e4lbehaglig f\u00f6r Gud."
                },
                "21": {
                    "verse_nr": "21",
                    "verse": "Ty d\u00e4rtill \u00e4ren I kallade, d\u00e5 ju Kristus sj\u00e4lv led f\u00f6r eder och efterl\u00e4mnade \u00e5t eder en f\u00f6rebild, p\u00e5 det att I skullen f\u00f6lja honom och vandra i hans fotsp\u00e5r."
                },
                "22": {
                    "verse_nr": "22",
                    "verse": "\u00bbHan hade ingen synd gjort, och intet svek fanns i hans mun."
                },
                "23": {
                    "verse_nr": "23",
                    "verse": "N\u00e4r han blev sm\u00e4dad, sm\u00e4dade han icke igen, och n\u00e4r han led, hotade han icke, utan \u00f6verl\u00e4mnade sin sak \u00e5t honom som d\u00f6mer r\u00e4ttvist."
                },
                "24": {
                    "verse_nr": "24",
                    "verse": "Och \u00bbv\u00e5ra synder bar han\u00bb i sin kropp upp p\u00e5 korsets tr\u00e4, f\u00f6r att vi skulle d\u00f6 bort ifr\u00e5n synderna och leva f\u00f6r r\u00e4ttf\u00e4rdigheten; och \u00bbgenom hans s\u00e5r haven I blivit helade\u00bb."
                },
                "25": {
                    "verse_nr": "25",
                    "verse": "Ty I \u00bbgingen vilse s\u00e5som f\u00e5r\u00bb, men nu haven I v\u00e4nt om till edra sj\u00e4lars herde och v\u00e5rdare."
                }
            }
        },
        "3": {
            "chapter_nr": "3",
            "chapter": {
                "1": {
                    "verse_nr": "1",
                    "verse": "Sammalunda, i hustrur, underordnen eder edra m\u00e4n, f\u00f6r att ocks\u00e5 de m\u00e4n, som till \u00e4ventyrs icke h\u00f6rsamma ordet; m\u00e5 genom sina hustrurs vandel bliva vunna utan ord,"
                },
                "2": {
                    "verse_nr": "2",
                    "verse": "n\u00e4r de sk\u00e5da den rena vandel som I f\u00f6ren i fruktan."
                },
                "3": {
                    "verse_nr": "3",
                    "verse": "Eder prydnad vare icke den utv\u00e4rtes prydnaden, den som best\u00e5r i h\u00e5rfl\u00e4tningar och p\u00e5h\u00e4ngda gyllene smycken eller i eder kl\u00e4dedr\u00e4kt."
                },
                "4": {
                    "verse_nr": "4",
                    "verse": "Den vare fastmer hj\u00e4rtats f\u00f6rdolda m\u00e4nniska, smyckad med den saktmodiga och stilla andens of\u00f6rg\u00e4ngliga v\u00e4sende; ty detta \u00e4r dyrbart inf\u00f6r Gud."
                },
                "5": {
                    "verse_nr": "5",
                    "verse": "P\u00e5 s\u00e5dant s\u00e4tt prydde sig ju ock fordom de heliga kvinnorna, de som satte sitt hopp till Gud och underordnade sig sina m\u00e4n."
                },
                "6": {
                    "verse_nr": "6",
                    "verse": "S\u00e5 var Sara lydig mot Abraham och kallade honom \u00bbherre\u00bb; och hennes barn haven I blivit, om I g\u00f6ren vad gott \u00e4r, och icke l\u00e5ten eder f\u00f6rskr\u00e4ckas av n\u00e5got."
                },
                "7": {
                    "verse_nr": "7",
                    "verse": "Sammalunda skolen I ock, I m\u00e4n, p\u00e5 f\u00f6rst\u00e5ndigt s\u00e4tt leva tillsammans med edra hustrur, d\u00e5 ju hustrun \u00e4r det svagare k\u00e4rlet; och eftersom de \u00e4ro edra medarvingar till livets n\u00e5d, skolen I bevisa dem all \u00e4ra, p\u00e5 det att edra b\u00f6ner icke m\u00e5 bliva f\u00f6rhindrade."
                },
                "8": {
                    "verse_nr": "8",
                    "verse": "Varen slutligen alla endr\u00e4ktiga, medlidsamma, k\u00e4rleksfulla mot br\u00f6derna, barmh\u00e4rtiga, \u00f6dmjuka."
                },
                "9": {
                    "verse_nr": "9",
                    "verse": "Vederg\u00e4llen icke ont med ont, icke sm\u00e4delse med sm\u00e4delse, utan tv\u00e4rtom v\u00e4lsignen; d\u00e4rtill \u00e4ren I ju ock kallade, att I skolen f\u00e5 v\u00e4lsignelse till arvedel."
                },
                "10": {
                    "verse_nr": "10",
                    "verse": "Ty \u00bbden som vill \u00e4lska livet och se goda dagar, han avh\u00e5lle sin tunga fr\u00e5n det som \u00e4r ont och sina l\u00e4ppar fr\u00e5n att tala svek;"
                },
                "11": {
                    "verse_nr": "11",
                    "verse": "han v\u00e4nde sig bort ifr\u00e5n det som \u00e4r ont, och g\u00f6re vad gott \u00e4r, han s\u00f6ke friden, och trakte d\u00e4refter"
                },
                "12": {
                    "verse_nr": "12",
                    "verse": "Ty Herrens \u00f6gon \u00e4ro v\u00e4nda till de r\u00e4ttf\u00e4rdiga, och hans \u00f6ron till deras b\u00f6n. Men Herrens ansikte \u00e4r emot dem som g\u00f6ra det onda\u00bb."
                },
                "13": {
                    "verse_nr": "13",
                    "verse": "Och vem \u00e4r den som kan g\u00f6ra eder n\u00e5got ont, om I nit\u00e4lsken f\u00f6r det som \u00e4r gott?"
                },
                "14": {
                    "verse_nr": "14",
                    "verse": "Skullen I \u00e4n f\u00e5 lida f\u00f6r r\u00e4ttf\u00e4rdighets skull, s\u00e5 \u00e4ren I dock saliga. \u00bbHysen ingen fruktan f\u00f6r dem, och l\u00e5ten eder icke f\u00f6rskr\u00e4ckas;"
                },
                "15": {
                    "verse_nr": "15",
                    "verse": "nej, Herren, Kristus, skolen I h\u00e5lla helig i edra hj\u00e4rtan.\u00bb Och I skolen alltid vara redo att svara var och en som av eder beg\u00e4r sk\u00e4l f\u00f6r det hopp som \u00e4r i eder, dock med saktmod och i fruktan"
                },
                "16": {
                    "verse_nr": "16",
                    "verse": "och med ett gott samvete, s\u00e5 att de som sm\u00e4da eder goda vandel i Kristus komma p\u00e5 skam, i fr\u00e5ga om det som de f\u00f6rtala eder f\u00f6r."
                },
                "17": {
                    "verse_nr": "17",
                    "verse": "Ty det \u00e4r b\u00e4ttre att lida f\u00f6r goda g\u00e4rningar, om s\u00e5 skulle vara Guds vilja, \u00e4n att lida f\u00f6r onda."
                },
                "18": {
                    "verse_nr": "18",
                    "verse": "Kristus sj\u00e4lv led ju en g\u00e5ng d\u00f6den f\u00f6r synder; r\u00e4ttf\u00e4rdig led han f\u00f6r or\u00e4ttf\u00e4rdiga, p\u00e5 det att han skulle f\u00f6ra oss till Gud. Ja, han blev d\u00f6dad till k\u00f6ttet, men till anden blev han gjord levande."
                },
                "19": {
                    "verse_nr": "19",
                    "verse": "I anden gick han gick han ock \u00e5stad och predikade f\u00f6r de andar som h\u00f6llos i f\u00e4ngelse,"
                },
                "20": {
                    "verse_nr": "20",
                    "verse": "f\u00f6r s\u00e5dana som fordom voro oh\u00f6rsamma, n\u00e4r Guds l\u00e5ngmodighet gav dem anst\u00e5nd i Noas tid, d\u00e5 n\u00e4r en ark byggdes, i vilken n\u00e5gra f\u00e5 -- allenast \u00e5tta personer -- blevo fr\u00e4lsta genom vatten."
                },
                "21": {
                    "verse_nr": "21",
                    "verse": "Efter denna f\u00f6rebild bliven nu och I fr\u00e4lsta genom vatten -- n\u00e4mligen genom ett dop som icke betyder att man avtv\u00e5r kroppslig orenhet, utan betyder att man anropar Gud om ett gott samvete -- i kraft av Jesu Kristi uppst\u00e5ndelse,"
                },
                "22": {
                    "verse_nr": "22",
                    "verse": "hans som har farit upp till himmelen, och som nu sitter p\u00e5 Guds h\u00f6gra sida, sedan \u00e4nglar och v\u00e4ldige och makter i andev\u00e4rlden hava blivit honom underlagda."
                }
            }
        },
        "4": {
            "chapter_nr": "4",
            "chapter": {
                "1": {
                    "verse_nr": "1",
                    "verse": "D\u00e5 nu Kristus har lidit till k\u00f6ttet, s\u00e5 v\u00e4pnen ock I eder med samma sinne; ty den som har lidit till k\u00f6ttet har icke l\u00e4ngre n\u00e5got att skaffa med synd."
                },
                "2": {
                    "verse_nr": "2",
                    "verse": "Och leven sedan, under den tid som \u00e5terst\u00e5r eder h\u00e4r i k\u00f6ttet, icke mer efter m\u00e4nniskors onda beg\u00e4relser, utan efter Guds vilja."
                },
                "3": {
                    "verse_nr": "3",
                    "verse": "Ty det \u00e4r nog, att I under den framfarna tiden haven gjort hedningarnas vilja och levat i l\u00f6saktighet och onda beg\u00e4relser, i fylleri, vilt leverne och dryckenskap och i allahanda skamlig avgudadyrkan,"
                },
                "4": {
                    "verse_nr": "4",
                    "verse": "varf\u00f6r de ock f\u00f6rundra sig och sm\u00e4da eder, d\u00e5 I nu icke l\u00f6pen med till samma liderlighetens p\u00f6l."
                },
                "5": {
                    "verse_nr": "5",
                    "verse": "Men de skola g\u00f6ra r\u00e4kenskap inf\u00f6r honom som \u00e4r redo att d\u00f6ma levande och d\u00f6da."
                },
                "6": {
                    "verse_nr": "6",
                    "verse": "Ty att evangelium blev f\u00f6rkunnat j\u00e4mv\u00e4l f\u00f6r d\u00f6da, det skedde, f\u00f6r att dessa, om de \u00e4n till k\u00f6ttet blevo d\u00f6mda, s\u00e5som alla m\u00e4nniskor d\u00f6mas, likv\u00e4l till anden skulle f\u00e5 leva, s\u00e5 som Gud lever"
                },
                "7": {
                    "verse_nr": "7",
                    "verse": "Men \u00e4nden p\u00e5 allting \u00e4r nu n\u00e4ra. Varen allts\u00e5 besinningsfulla och nyktra, s\u00e5 att I kunnen bedja."
                },
                "8": {
                    "verse_nr": "8",
                    "verse": "Och varen framf\u00f6r allt uth\u00e5lliga i eder k\u00e4rlek till varandra, ty \u00bbk\u00e4rleken \u00f6verskyler en myckenhet av synder\u00bb."
                },
                "9": {
                    "verse_nr": "9",
                    "verse": "Varen g\u00e4stv\u00e4nliga mot varandra utan knot,"
                },
                "10": {
                    "verse_nr": "10",
                    "verse": "och tj\u00e4nen varandra, var och en med den n\u00e5deg\u00e5va han har undf\u00e5tt, s\u00e5som goda f\u00f6rvaltare av Guds m\u00e5ngfaldiga n\u00e5d."
                },
                "11": {
                    "verse_nr": "11",
                    "verse": "Om n\u00e5gon talar, s\u00e5 vare hans tal i enlighet med Guds ord, om n\u00e5gon har en tj\u00e4nst, s\u00e5 sk\u00f6te han den efter m\u00e5ttet av den kraft som Gud f\u00f6rl\u00e4nar, s\u00e5 att Gud i allt bliver \u00e4rad genom Jesus Kristus. Honom tillh\u00f6r \u00e4ran och v\u00e4ldet i evigheternas evigheter, amen."
                },
                "12": {
                    "verse_nr": "12",
                    "verse": "Mina \u00e4lskade, f\u00f6rundren eder icke \u00f6ver den luttringseld som \u00e4r t\u00e4nd bland eder, och som I till eder pr\u00f6vning m\u00e5sten genomg\u00e5, och menen icke att d\u00e4rmed n\u00e5got f\u00f6runderligt vederfares eder;"
                },
                "13": {
                    "verse_nr": "13",
                    "verse": "utan ju mer I f\u00e5n dela Kristi lidanden, dess mer m\u00e5n I gl\u00e4dja eder, f\u00f6r att I ock m\u00e5n kunna gl\u00e4djas och fr\u00f6jda eder vid hans h\u00e4rlighets uppenbarelse."
                },
                "14": {
                    "verse_nr": "14",
                    "verse": "Saliga \u00e4ren I, om I f\u00f6r Kristi namns skull bliven sm\u00e4dade, ty h\u00e4rlighetens Ande, Guds Ande, vilar d\u00e5 \u00f6ver eder."
                },
                "15": {
                    "verse_nr": "15",
                    "verse": "Det m\u00e5 n\u00e4mligen icke ske, att n\u00e5gon av eder f\u00e5r lida s\u00e5som dr\u00e5pare eller tjuv eller illg\u00e4rningsman, eller d\u00e4rf\u00f6r att han blandar sig i vad honom icke vidkommer."
                },
                "16": {
                    "verse_nr": "16",
                    "verse": "Men om n\u00e5gon f\u00e5r lida f\u00f6r att han \u00e4r en kristen, d\u00e5 m\u00e5 han icke blygas, utan prisa Gud f\u00f6r detta namns skull."
                },
                "17": {
                    "verse_nr": "17",
                    "verse": "Ty tiden \u00e4r inne att domen skall begynna, och det p\u00e5 Guds hus; men om begynnelsen sker med oss, vad bliver d\u00e5 \u00e4nden f\u00f6r dem som icke h\u00f6rsamma Guds evangelium?"
                },
                "18": {
                    "verse_nr": "18",
                    "verse": "Och om den r\u00e4ttf\u00e4rdige med knapp n\u00f6d bliver fr\u00e4lst, \u00bbhuru skall det d\u00e5 g\u00e5 den ogudaktige och syndaren?\u00bb"
                },
                "19": {
                    "verse_nr": "19",
                    "verse": "Allts\u00e5, de som efter Guds vilja f\u00e5 lida, de m\u00e5 anbefalla sina sj\u00e4lar \u00e5t sin trofaste Skapare, allt under det att de g\u00f6ra vad gott \u00e4r."
                }
            }
        },
        "5": {
            "chapter_nr": "5",
            "chapter": {
                "1": {
                    "verse_nr": "1",
                    "verse": "Till de \u00e4ldste bland eder st\u00e4ller jag nu denna f\u00f6rmaning, jag som sj\u00e4lv \u00e4r en av de \u00e4ldste och en som vittnar om Kristi lidanden, och som j\u00e4mv\u00e4l har del i den h\u00e4rlighet som kommer att uppenbaras:"
                },
                "2": {
                    "verse_nr": "2",
                    "verse": "Varen herdar f\u00f6r Guds hjord, som I haven i eder v\u00e5rd, varen det icke av tv\u00e5ng, utan av fri vilja, icke f\u00f6r slem vinnings skull, utan med villigt hj\u00e4rta."
                },
                "3": {
                    "verse_nr": "3",
                    "verse": "Upptr\u00e4den icke s\u00e5som herrar \u00f6ver edra f\u00f6rsamlingar, utan bliven f\u00f6red\u00f6men f\u00f6r hjorden."
                },
                "4": {
                    "verse_nr": "4",
                    "verse": "D\u00e5 skolen I, n\u00e4r \u00d6verherden uppenbaras, undf\u00e5 h\u00e4rlighetens of\u00f6rvissneliga segerkrans."
                },
                "5": {
                    "verse_nr": "5",
                    "verse": "S\u00e5 skolen I ock, I yngre, \u00e5 eder sida underordna eder de \u00e4ldre. Ikl\u00e4den eder alla, i umg\u00e4ngelsen med varandra, \u00f6dmjukheten s\u00e5som en tj\u00e4nardr\u00e4kt. Ty \u00bbGud st\u00e5r emot de h\u00f6gmodiga, men de \u00f6dmjuka giver han n\u00e5d\u00bb."
                },
                "6": {
                    "verse_nr": "6",
                    "verse": "\u00d6dmjuken eder allts\u00e5 under Guds m\u00e4ktiga hand, f\u00f6r att han m\u00e5 upph\u00f6ja eder i sinom tid."
                },
                "7": {
                    "verse_nr": "7",
                    "verse": "Och \u00bbkasten alla edra bekymmer p\u00e5 honom\u00bb, ty han har omsorg om eder."
                },
                "8": {
                    "verse_nr": "8",
                    "verse": "Varen nyktra och vaken. Eder vedersakare, dj\u00e4vulen, g\u00e5r omkring s\u00e5som ett rytande lejon och s\u00f6ker vem han m\u00e5 uppsluka."
                },
                "9": {
                    "verse_nr": "9",
                    "verse": "St\u00e5n honom emot, fasta i tron, och veten att samma lidanden vederfaras edra br\u00f6der h\u00e4r i v\u00e4rlden."
                },
                "10": {
                    "verse_nr": "10",
                    "verse": "Men all n\u00e5ds Gud, som har kallat eder till sin eviga h\u00e4rlighet i Kristus, sedan I en liten tid haven lidit, han skall fullkomna, st\u00f6dja, styrka och stadf\u00e4sta eder."
                },
                "11": {
                    "verse_nr": "11",
                    "verse": "Honom tillh\u00f6r v\u00e4ldet i evigheternas evigheter. Amen."
                },
                "12": {
                    "verse_nr": "12",
                    "verse": "Genom Silvanus, eder trogne broder -- f\u00f6r en s\u00e5dan h\u00e5ller jag honom n\u00e4mligen -- har jag nu i korthet skrivit detta, f\u00f6r att f\u00f6rmana eder, och f\u00f6r att betyga att den n\u00e5d I st\u00e5n i \u00e4r Guds r\u00e4tta n\u00e5d."
                },
                "13": {
                    "verse_nr": "13",
                    "verse": "F\u00f6rsamlingen i Babylon, utvald likasom eder f\u00f6rsamling, h\u00e4lsar eder. S\u00e5 g\u00f6r ock min son Markus."
                },
                "14": {
                    "verse_nr": "14",
                    "verse": "H\u00e4lsen varandra med en k\u00e4rlekens kyss. Frid vare med eder alla som \u00e4ren i Kristus."
                }
            }
        }
    }
}