{
    "version": "CSB",
    "book_name": "Colossians",
    "book_nr": "51",
    "book": {
        "1": {
            "chapter_nr": "1",
            "chapter": {
                "1": {
                    "verse_nr": "1",
                    "verse": "Greeting - Paul, an apostle of Christ Jesus by God\u2019s will, and Timothy our brother:"
                },
                "2": {
                    "verse_nr": "2",
                    "verse": "To the saints in Christ at Colossae, who are faithful brothers and sisters. Grace to you and peace from God our Father."
                },
                "3": {
                    "verse_nr": "3",
                    "verse": "Thanksgiving - We always thank God, the Father of our Lord Jesus Christ, when we pray for you,"
                },
                "4": {
                    "verse_nr": "4",
                    "verse": "for we have heard of your faith in Christ Jesus and of the love you have for all the saints"
                },
                "5": {
                    "verse_nr": "5",
                    "verse": "because of the hope reserved for you in heaven. You have already heard about this hope in the word of truth, the gospel"
                },
                "6": {
                    "verse_nr": "6",
                    "verse": "that has come to you. It is bearing fruit and growing all over the world, just as it has among you since the day you heard it and came to truly appreciate God\u2019s grace."
                },
                "7": {
                    "verse_nr": "7",
                    "verse": "You learned this from Epaphras, our dearly loved fellow servant. He is a faithful minister of Christ on your behalf,"
                },
                "8": {
                    "verse_nr": "8",
                    "verse": "and he has told us about your love in the Spirit."
                },
                "9": {
                    "verse_nr": "9",
                    "verse": "Prayer for Spiritual Growth - For this reason also, since the day we heard this, we haven\u2019t stopped praying for you. We are asking that you may be filled with the knowledge of his will in all wisdom and spiritual understanding,"
                },
                "10": {
                    "verse_nr": "10",
                    "verse": "so that you may walk worthy of the Lord, fully pleasing to him: bearing fruit in every good work and growing in the knowledge of God,"
                },
                "11": {
                    "verse_nr": "11",
                    "verse": "being strengthened with all power, according to his glorious might, so that you may have great endurance and patience, joyfully"
                },
                "12": {
                    "verse_nr": "12",
                    "verse": "giving thanks to the Father, who has enabled you to share in the saints\u2019 inheritance in the light."
                },
                "13": {
                    "verse_nr": "13",
                    "verse": "He has rescued us from the domain of darkness and transferred us into the kingdom of the Son he loves."
                },
                "14": {
                    "verse_nr": "14",
                    "verse": "In him we have redemption, the forgiveness of sins."
                },
                "15": {
                    "verse_nr": "15",
                    "verse": "The Centrality of Christ - He is the image of the invisible God, the firstborn over all creation."
                },
                "16": {
                    "verse_nr": "16",
                    "verse": "For everything was created by him, in heaven and on earth, the visible and the invisible, whether thrones or dominions or rulers or authorities\u2014 all things have been created through him and for him."
                },
                "17": {
                    "verse_nr": "17",
                    "verse": "He is before all things, and by him all things hold together."
                },
                "18": {
                    "verse_nr": "18",
                    "verse": "He is also the head of the body, the church; he is the beginning, the firstborn from the dead, so that he might come to have first place in everything."
                },
                "19": {
                    "verse_nr": "19",
                    "verse": "For God was pleased to have all his fullness dwell in him,"
                },
                "20": {
                    "verse_nr": "20",
                    "verse": "and through him to reconcile everything to himself, whether things on earth or things in heaven, by making peace through his blood, shed on the cross."
                },
                "21": {
                    "verse_nr": "21",
                    "verse": "Once you were alienated and hostile in your minds as expressed in your evil actions."
                },
                "22": {
                    "verse_nr": "22",
                    "verse": "But now he has reconciled you by his physical body through his death, to present you holy, faultless, and blameless before him\u2014"
                },
                "23": {
                    "verse_nr": "23",
                    "verse": "if indeed you remain grounded and steadfast in the faith and are not shifted away from the hope of the gospel that you heard. This gospel has been proclaimed in all creation under heaven, and I, Paul, have become a servant of it."
                },
                "24": {
                    "verse_nr": "24",
                    "verse": "Paul\u2019s Ministry - Now I rejoice in my sufferings for you, and I am completing in my flesh what is lacking in Christ\u2019s afflictions for his body, that is, the church."
                },
                "25": {
                    "verse_nr": "25",
                    "verse": "I have become its servant, according to God\u2019s commission that was given to me for you, to make the word of God fully known,"
                },
                "26": {
                    "verse_nr": "26",
                    "verse": "the mystery hidden for ages and generations but now revealed to his saints."
                },
                "27": {
                    "verse_nr": "27",
                    "verse": "God wanted to make known among the Gentiles the glorious wealth of this mystery, which is Christ in you, the hope of glory."
                },
                "28": {
                    "verse_nr": "28",
                    "verse": "We proclaim him, warning and teaching everyone with all wisdom, so that we may present everyone mature in Christ."
                },
                "29": {
                    "verse_nr": "29",
                    "verse": "I labor for this, striving with his strength that works powerfully in me."
                }
            }
        },
        "2": {
            "chapter_nr": "2",
            "chapter": {
                "1": {
                    "verse_nr": "1",
                    "verse": "For I want you to know how greatly I am struggling for you, for those in Laodicea, and for all who have not seen me in person."
                },
                "2": {
                    "verse_nr": "2",
                    "verse": "I want their hearts to be encouraged and joined together in love, so that they may have all the riches of complete understanding and have the knowledge of God\u2019s mystery\u2014Christ."
                },
                "3": {
                    "verse_nr": "3",
                    "verse": "In him are hidden all the treasures of wisdom and knowledge."
                },
                "4": {
                    "verse_nr": "4",
                    "verse": "Christ versus the Colossian Heresy - I am saying this so that no one will deceive you with arguments that sound reasonable."
                },
                "5": {
                    "verse_nr": "5",
                    "verse": "For I may be absent in body, but I am with you in spirit, rejoicing to see how well ordered you are and the strength of your faith in Christ."
                },
                "6": {
                    "verse_nr": "6",
                    "verse": "So then, just as you have received Christ Jesus as Lord, continue to walk in him,"
                },
                "7": {
                    "verse_nr": "7",
                    "verse": "being rooted and built up in him and established in the faith, just as you were taught, and overflowing with gratitude."
                },
                "8": {
                    "verse_nr": "8",
                    "verse": "Be careful that no one takes you captive through philosophy and empty deceit based on human tradition, based on the elements of the world, rather than Christ."
                },
                "9": {
                    "verse_nr": "9",
                    "verse": "For the entire fullness of God\u2019s nature dwells bodily in Christ,"
                },
                "10": {
                    "verse_nr": "10",
                    "verse": "and you have been filled by him, who is the head over every ruler and authority."
                },
                "11": {
                    "verse_nr": "11",
                    "verse": "You were also circumcised in him with a circumcision not done with hands, by putting off the body of flesh, in the circumcision of Christ,"
                },
                "12": {
                    "verse_nr": "12",
                    "verse": "when you were buried with him in baptism, in which you were also raised with him through faith in the working of God, who raised him from the dead."
                },
                "13": {
                    "verse_nr": "13",
                    "verse": "And when you were dead in trespasses and in the uncircumcision of your flesh, he made you alive with him and forgave us all our trespasses."
                },
                "14": {
                    "verse_nr": "14",
                    "verse": "He erased the certificate of debt, with its obligations, that was against us and opposed to us, and has taken it away by nailing it to the cross."
                },
                "15": {
                    "verse_nr": "15",
                    "verse": "He disarmed the rulers and authorities and disgraced them publicly; he triumphed over them in him."
                },
                "16": {
                    "verse_nr": "16",
                    "verse": "Therefore, don\u2019t let anyone judge you in regard to food and drink or in the matter of a festival or a new moon or a Sabbath day."
                },
                "17": {
                    "verse_nr": "17",
                    "verse": "These are a shadow of what was to come; the substance is Christ."
                },
                "18": {
                    "verse_nr": "18",
                    "verse": "Let no one condemn you by delighting in ascetic practices and the worship of angels, claiming access to a visionary realm. Such people are inflated by empty notions of their unspiritual mind."
                },
                "19": {
                    "verse_nr": "19",
                    "verse": "He doesn\u2019t hold on to the head, from whom the whole body, nourished and held together by its ligaments and tendons, grows with growth from God."
                },
                "20": {
                    "verse_nr": "20",
                    "verse": "If you died with Christ to the elements of this world, why do you live as if you still belonged to the world? Why do you submit to regulations:"
                },
                "21": {
                    "verse_nr": "21",
                    "verse": "\u201cDon\u2019t handle, don\u2019t taste, don\u2019t touch\u201d?"
                },
                "22": {
                    "verse_nr": "22",
                    "verse": "All these regulations refer to what is destined to perish by being used up; they are human commands and doctrines."
                },
                "23": {
                    "verse_nr": "23",
                    "verse": "Although these have a reputation for wisdom by promoting self-made religion, false humility, and severe treatment of the body, they are not of any value in curbing self-indulgence."
                }
            }
        },
        "3": {
            "chapter_nr": "3",
            "chapter": {
                "1": {
                    "verse_nr": "1",
                    "verse": "The Life of the New Man - So if you have been raised with Christ, seek the things above, where Christ is, seated at the right hand of God."
                },
                "2": {
                    "verse_nr": "2",
                    "verse": "Set your minds on things above, not on earthly things."
                },
                "3": {
                    "verse_nr": "3",
                    "verse": "For you died, and your life is hidden with Christ in God."
                },
                "4": {
                    "verse_nr": "4",
                    "verse": "When Christ, who is your life, appears, then you also will appear with him in glory."
                },
                "5": {
                    "verse_nr": "5",
                    "verse": "Therefore, put to death what belongs to your earthly nature: sexual immorality, impurity, lust, evil desire, and greed, which is idolatry."
                },
                "6": {
                    "verse_nr": "6",
                    "verse": "Because of these, God\u2019s wrath is coming upon the disobedient,"
                },
                "7": {
                    "verse_nr": "7",
                    "verse": "and you once walked in these things when you were living in them."
                },
                "8": {
                    "verse_nr": "8",
                    "verse": "But now, put away all the following: anger, wrath, malice, slander, and filthy language from your mouth."
                },
                "9": {
                    "verse_nr": "9",
                    "verse": "Do not lie to one another, since you have put off the old self with its practices"
                },
                "10": {
                    "verse_nr": "10",
                    "verse": "and have put on the new self. You are being renewed in knowledge according to the image of your Creator."
                },
                "11": {
                    "verse_nr": "11",
                    "verse": "In Christ there is not Greek and Jew, circumcision and uncircumcision, barbarian, Scythian, slave and free; but Christ is all and in all."
                },
                "12": {
                    "verse_nr": "12",
                    "verse": "The Christian Life - Therefore, as God\u2019s chosen ones, holy and dearly loved, put on compassion, kindness, humility, gentleness, and patience,"
                },
                "13": {
                    "verse_nr": "13",
                    "verse": "bearing with one another and forgiving one another if anyone has a grievance against another. Just as the Lord has forgiven you, so you are also to forgive."
                },
                "14": {
                    "verse_nr": "14",
                    "verse": "Above all, put on love, which is the perfect bond of unity."
                },
                "15": {
                    "verse_nr": "15",
                    "verse": "And let the peace of Christ, to which you were also called in one body, rule your hearts. And be thankful."
                },
                "16": {
                    "verse_nr": "16",
                    "verse": "Let the word of Christ dwell richly among you, in all wisdom teaching and admonishing one another through psalms, hymns, and spiritual songs, singing to God with gratitude in your hearts."
                },
                "17": {
                    "verse_nr": "17",
                    "verse": "And whatever you do, in word or in deed, do everything in the name of the Lord Jesus, giving thanks to God the Father through him."
                },
                "18": {
                    "verse_nr": "18",
                    "verse": "Christ in Your Home - Wives, submit yourselves to your husbands, as is fitting in the Lord."
                },
                "19": {
                    "verse_nr": "19",
                    "verse": "Husbands, love your wives and don\u2019t be bitter toward them."
                },
                "20": {
                    "verse_nr": "20",
                    "verse": "Children, obey your parents in everything, for this pleases the Lord."
                },
                "21": {
                    "verse_nr": "21",
                    "verse": "Fathers, do not exasperate your children, so that they won\u2019t become discouraged."
                },
                "22": {
                    "verse_nr": "22",
                    "verse": "Slaves, obey your human masters in everything. Don\u2019t work only while being watched, as people-pleasers, but work wholeheartedly, fearing the Lord."
                },
                "23": {
                    "verse_nr": "23",
                    "verse": "Whatever you do, do it from the heart, as something done for the Lord and not for people,"
                },
                "24": {
                    "verse_nr": "24",
                    "verse": "knowing that you will receive the reward of an inheritance from the Lord. You serve the Lord Christ."
                },
                "25": {
                    "verse_nr": "25",
                    "verse": "For the wrongdoer will be paid back for whatever wrong he has done, and there is no favoritism."
                }
            }
        },
        "4": {
            "chapter_nr": "4",
            "chapter": {
                "1": {
                    "verse_nr": "1",
                    "verse": "Masters, deal with your slaves justly and fairly, since you know that you too have a Master in heaven."
                },
                "2": {
                    "verse_nr": "2",
                    "verse": "Speaking to God and Others - Devote yourselves to prayer; stay alert in it with thanksgiving."
                },
                "3": {
                    "verse_nr": "3",
                    "verse": "At the same time, pray also for us that God may open a door to us for the word, to speak the mystery of Christ, for which I am in chains,"
                },
                "4": {
                    "verse_nr": "4",
                    "verse": "so that I may make it known as I should."
                },
                "5": {
                    "verse_nr": "5",
                    "verse": "Act wisely toward outsiders, making the most of the time."
                },
                "6": {
                    "verse_nr": "6",
                    "verse": "Let your speech always be gracious, seasoned with salt, so that you may know how you should answer each person."
                },
                "7": {
                    "verse_nr": "7",
                    "verse": "Final Greetings - Tychicus, our dearly loved brother, faithful minister, and fellow servant in the Lord, will tell you all the news about me."
                },
                "8": {
                    "verse_nr": "8",
                    "verse": "I have sent him to you for this very purpose, so that you may know how we are and so that he may encourage your hearts."
                },
                "9": {
                    "verse_nr": "9",
                    "verse": "He is coming with Onesimus, a faithful and dearly loved brother, who is one of you. They will tell you about everything here."
                },
                "10": {
                    "verse_nr": "10",
                    "verse": "Aristarchus, my fellow prisoner, sends you greetings, as does Mark, Barnabas\u2019s cousin (concerning whom you have received instructions: if he comes to you, welcome him),"
                },
                "11": {
                    "verse_nr": "11",
                    "verse": "and so does Jesus who is called Justus. These alone of the circumcised are my coworkers for the kingdom of God, and they have been a comfort to me."
                },
                "12": {
                    "verse_nr": "12",
                    "verse": "Epaphras, who is one of you, a servant of Christ Jesus, sends you greetings. He is always wrestling for you in his prayers, so that you can stand mature and fully assured in everything God wills."
                },
                "13": {
                    "verse_nr": "13",
                    "verse": "For I testify about him that he works hard for you, for those in Laodicea, and for those in Hierapolis."
                },
                "14": {
                    "verse_nr": "14",
                    "verse": "Luke, the dearly loved physician, and Demas send you greetings."
                },
                "15": {
                    "verse_nr": "15",
                    "verse": "Give my greetings to the brothers and sisters in Laodicea, and to Nympha and the church in her home."
                },
                "16": {
                    "verse_nr": "16",
                    "verse": "After this letter has been read at your gathering, have it read also in the church of the Laodiceans; and see that you also read the letter from Laodicea."
                },
                "17": {
                    "verse_nr": "17",
                    "verse": "And tell Archippus, \u201cPay attention to the ministry you have received in the Lord, so that you can accomplish it.\u201d"
                },
                "18": {
                    "verse_nr": "18",
                    "verse": "I, Paul, am writing this greeting with my own hand. Remember my chains. Grace be with you."
                }
            }
        }
    }
}