{
    "version": "KJ21",
    "book_name": "Malachi",
    "book_nr": "39",
    "book": {
        "1": {
            "chapter_nr": "1",
            "chapter": {
                "1": {
                    "verse_nr": "1",
                    "verse": "The burden of the word of the LORD to Israel by the hand of Malachi."
                },
                "2": {
                    "verse_nr": "2",
                    "verse": "&#34;I have loved you,&#34; saith the LORD. &#34;Yet ye say, `Wherein hast Thou loved us?&#39; Was not Esau Jacob&#39;s brother?&#34; saith the LORD. &#34;Yet I loved Jacob,"
                },
                "3": {
                    "verse_nr": "3",
                    "verse": "and I hated Esau, and laid his mountains and his heritage waste for the dragons of the wilderness.&#34;"
                },
                "4": {
                    "verse_nr": "4",
                    "verse": "Whereas Edom saith, &#34;We are impoverished, but we will return and rebuild the desolate places,&#34; thus saith the LORD of Hosts: &#34;They shall build, but I will throw down; and they shall call them the Border of Wickedness and the people against whom the LORD hath indignation forever."
                },
                "5": {
                    "verse_nr": "5",
                    "verse": "And your eyes shall see, and ye shall say, `The LORD will be magnified from the border of Israel.&#39;"
                },
                "6": {
                    "verse_nr": "6",
                    "verse": "&#34;A son honoreth his father, and a servant his master. If then I be a father, where is Mine honor? And if I be a master, where is the fear of Me? saith the LORD of hosts unto you, O priests, who despise My name. And ye say, `Wherein have we despised Thy name?&#39;"
                },
                "7": {
                    "verse_nr": "7",
                    "verse": "Ye offer polluted bread upon Mine altar; and ye say, `Wherein have we polluted Thee?&#39; In that ye say: `The table of the LORD is contemptible.&#39;"
                },
                "8": {
                    "verse_nr": "8",
                    "verse": "And if ye offer blind animals for sacrifice, is that not evil? And if ye offer the lame and sick, is that not evil? Offer it now unto thy governor! Will he be pleased with thee or accept thy person?&#34; saith the LORD of hosts."
                },
                "9": {
                    "verse_nr": "9",
                    "verse": "&#34;And now, I pray you, beseech God that He will be gracious unto us. This has been by your hand: Will He regard your persons?&#34; saith the LORD of hosts."
                },
                "10": {
                    "verse_nr": "10",
                    "verse": "&#34;Who is there even among you who would shut the doors for nought? Neither do ye kindle fire on Mine altar for nought. I have no pleasure in you,&#34; saith the LORD of hosts, &#34;neither will I accept an offering from your hand."
                },
                "11": {
                    "verse_nr": "11",
                    "verse": "For from the rising of the sun even unto the going down of the same, My name shall be great among the Gentiles. And in every place incense shall be offered unto My name, and a pure offering; for My name shall be great among the heathen,&#34; saith the LORD of hosts."
                },
                "12": {
                    "verse_nr": "12",
                    "verse": "&#34;But ye have profaned it in that ye say, `The table of the LORD is polluted; and the fruit thereof, even His meat, is contemptible.&#39;"
                },
                "13": {
                    "verse_nr": "13",
                    "verse": "Ye said also, `Behold, what a weariness is it!&#39; And ye have sniffed it,&#34; saith the LORD of hosts. &#34;And ye brought that which was torn and the lame and the sick; thus ye brought an offering! Should I accept this from your hand?&#34; saith the LORD."
                },
                "14": {
                    "verse_nr": "14",
                    "verse": "&#34;But cursed be the deceiver who hath in his flock a male, and voweth and sacrificeth unto the Lord a corrupt thing. For I am a great King,&#34; saith the LORD of hosts, &#34;and My name is dreadful among the heathen."
                }
            }
        },
        "2": {
            "chapter_nr": "2",
            "chapter": {
                "1": {
                    "verse_nr": "1",
                    "verse": "&#34;And now, O ye priests, this commandment is for you."
                },
                "2": {
                    "verse_nr": "2",
                    "verse": "If ye will not hear, and if ye will not lay it to heart to give glory unto My name,&#34; saith the LORD of hosts, &#34;I will even send a curse upon you, and I will curse your blessings. Yea, I have cursed them already, because ye do not lay it to heart."
                },
                "3": {
                    "verse_nr": "3",
                    "verse": "Behold, I will corrupt your seed and spread dung upon your faces, even the dung of your solemn feasts; and one shall take you away with it."
                },
                "4": {
                    "verse_nr": "4",
                    "verse": "And ye shall know that I have sent this commandment unto you, that My covenant might be with Levi,&#34; saith the LORD of hosts."
                },
                "5": {
                    "verse_nr": "5",
                    "verse": "&#34;My covenant was with him of life and peace, and I gave them to him for the fear with which he feared Me and was afraid before My name."
                },
                "6": {
                    "verse_nr": "6",
                    "verse": "The law of truth was in his mouth, and iniquity was not found on his lips. He walked with Me in peace and equity, and turned many away from iniquity."
                },
                "7": {
                    "verse_nr": "7",
                    "verse": "For the priest&#39;s lips should keep knowledge, and they should seek the law at his mouth; for he is the messenger of the LORD of hosts."
                },
                "8": {
                    "verse_nr": "8",
                    "verse": "But ye have departed from the way; ye have caused many to stumble at the law; ye have corrupted the covenant of Levi,&#34; saith the LORD of hosts."
                },
                "9": {
                    "verse_nr": "9",
                    "verse": "&#34;Therefore have I also made you contemptible and base before all the people, according as ye have not kept My ways but have been partial in the law.&#34;"
                },
                "10": {
                    "verse_nr": "10",
                    "verse": "Have we not all one Father? Hath not one God created us? Why do we deal treacherously every man against his brother by profaning the covenant of our fathers?"
                },
                "11": {
                    "verse_nr": "11",
                    "verse": "Judah hath dealt treacherously, and an abomination is committed in Israel and in Jerusalem; for Judah hath profaned the holiness of the LORD which he loved, and hath married the daughter of a strange god."
                },
                "12": {
                    "verse_nr": "12",
                    "verse": "The LORD will cut off the man who doeth this -- the master and the scholar -- out of the tabernacles of Jacob, and him that offereth an offering unto the LORD of hosts."
                },
                "13": {
                    "verse_nr": "13",
                    "verse": "And this have ye done again, covering the altar of the LORD with tears, with weeping, and with crying out insomuch that He regardeth not the offering anymore, nor receiveth it with good will from thy hand."
                },
                "14": {
                    "verse_nr": "14",
                    "verse": "Yet ye say, &#34;Why?&#34; Because the LORD hath been witness between thee and the wife of thy youth, against whom thou hast dealt treacherously; yet she is thy companion and the wife of thy covenant."
                },
                "15": {
                    "verse_nr": "15",
                    "verse": "And did not He make one? Yet had He the residue of the spirit. And why one? That He might seek a godly seed! Therefore take heed to your spirit, and let none deal treacherously against the wife of his youth."
                },
                "16": {
                    "verse_nr": "16",
                    "verse": "&#34;For the LORD, the God of Israel, saith that He hateth putting away; for one covereth violence with his garment,&#34; saith the LORD of hosts. &#34;Therefore take heed to your spirit, that ye deal not treacherously.&#34;"
                },
                "17": {
                    "verse_nr": "17",
                    "verse": "Ye have wearied the LORD with your words. Yet ye say, &#34;Wherein have we wearied Him?&#34; When ye say: &#34;Every one who doeth evil is good in the sight of the LORD, and He delighteth in them,&#34; or, &#34;Where is the God of judgment?&#34;"
                }
            }
        },
        "3": {
            "chapter_nr": "3",
            "chapter": {
                "1": {
                    "verse_nr": "1",
                    "verse": "&#34;Behold, I will send My messenger, and he shall prepare the way before Me. And the LORD, whom you seek, shall suddenly come to His temple, even the Messenger of the covenant, whom ye delight in. Behold, He shall come,&#34; saith the LORD of hosts."
                },
                "2": {
                    "verse_nr": "2",
                    "verse": "&#34;But who may abide the day of His coming? And who shall stand when He appeareth? For He is like a refiner&#39;s fire and like fullers&#39; soap."
                },
                "3": {
                    "verse_nr": "3",
                    "verse": "And He shall sit as a refiner and purifier of silver; and He shall purify the sons of Levi, and purge them as gold and silver, that they may offer unto the LORD an offering in righteousness."
                },
                "4": {
                    "verse_nr": "4",
                    "verse": "Then shall the offering of Judah and of Jerusalem be pleasant unto the LORD, as in the days of old and as in former years."
                },
                "5": {
                    "verse_nr": "5",
                    "verse": "&#34;And I will come near to you in judgment; and I will be a swift witness against the sorcerers and against the adulterers, and against those who swear falsely, and against those who oppress the hireling in his wages, the widow and the fatherless, and those who turn aside the stranger from his right, and fear not Me,&#34; saith the LORD of hosts."
                },
                "6": {
                    "verse_nr": "6",
                    "verse": "&#34;For I am the LORD, I change not. Therefore ye sons of Jacob are not consumed."
                },
                "7": {
                    "verse_nr": "7",
                    "verse": "&#34;Even from the days of your fathers, ye have gone away from Mine ordinances and have not kept them. Return unto Me, and I will return unto you,&#34; saith the LORD of hosts. &#34;But ye said, `In what manner shall we return?&#39;"
                },
                "8": {
                    "verse_nr": "8",
                    "verse": "Will a man rob God? Yet ye have robbed Me! But ye say, `Wherein have we robbed Thee?&#39; In tithes and offerings."
                },
                "9": {
                    "verse_nr": "9",
                    "verse": "Ye are cursed with a curse; for ye have robbed Me, even this whole nation."
                },
                "10": {
                    "verse_nr": "10",
                    "verse": "Bring ye all the tithes into the storehouse, that there may be meat in Mine house, and put Me to the proof now herewith,&#34; saith the LORD of hosts, &#34;if I will not open to you the windows of heaven and pour you out a blessing, that there shall not be room enough to receive it."
                },
                "11": {
                    "verse_nr": "11",
                    "verse": "And I will rebuke the devourer for your sakes, and he shall not destroy the fruits of your ground, neither shall your vine cast her fruit before the time in the field,&#34; saith the LORD of hosts."
                },
                "12": {
                    "verse_nr": "12",
                    "verse": "&#34;And all nations shall call you blessed, for ye shall be a delightsome land,&#34; saith the LORD of hosts."
                },
                "13": {
                    "verse_nr": "13",
                    "verse": "&#34;Your words have been defiant against Me,&#34; saith the LORD. &#34;Yet ye say, `What have we spoken so much against Thee?&#39;"
                },
                "14": {
                    "verse_nr": "14",
                    "verse": "Ye have said: `It is vain to serve God; and what profit is it that we have kept His ordinance, and that we have walked mournfully before the LORD of hosts?"
                },
                "15": {
                    "verse_nr": "15",
                    "verse": "So now we call the proud happy; yea, they that work wickedness are set up; yea, they that tempt God are even delivered.&#39;&#34;"
                },
                "16": {
                    "verse_nr": "16",
                    "verse": "Then those who feared the LORD spoke often one to another, and the LORD hearkened and heard it. And a book of remembrance was written before Him for those who feared the LORD and who thought upon His name."
                },
                "17": {
                    "verse_nr": "17",
                    "verse": "&#34;And they shall be Mine,&#34; saith the LORD of hosts, &#34;in that day when I make up My jewels; and I will spare them as a man spareth his own son who serveth him."
                },
                "18": {
                    "verse_nr": "18",
                    "verse": "Then shall ye return and discern between the righteous and the wicked, between him that serveth God and him that serveth Him not."
                }
            }
        },
        "4": {
            "chapter_nr": "4",
            "chapter": {
                "1": {
                    "verse_nr": "1",
                    "verse": "&#34;For behold, the day cometh that shall burn as an oven; and all the proud, yea, and all that do wickedly shall be stubble. And the day that cometh shall burn them up,&#34; saith the LORD of hosts, &#34;that it shall leave them neither root nor branch."
                },
                "2": {
                    "verse_nr": "2",
                    "verse": "But unto you that fear My name shall the Sun of Righteousness arise with healing in His wings; and ye shall go forth and grow up as calves from the stall."
                },
                "3": {
                    "verse_nr": "3",
                    "verse": "And ye shall tread down the wicked, for they shall be ashes under the soles of your feet in the day that I shall do this,&#34; saith the LORD of hosts."
                },
                "4": {
                    "verse_nr": "4",
                    "verse": "&#34;Remember ye the Law of Moses, My servant, which I commanded unto him in Horeb for all Israel, with the statutes and judgments."
                },
                "5": {
                    "verse_nr": "5",
                    "verse": "&#34;Behold, I will send you Elijah the prophet before the coming of the great and dreadful day of the LORD."
                },
                "6": {
                    "verse_nr": "6",
                    "verse": "And he shall turn the heart of the fathers to the children, and the heart of the children to their fathers, lest I come and smite the earth with a curse.&#34;"
                }
            }
        }
    }
}