{
    "version": "KJ21",
    "book_name": "Nahum",
    "book_nr": "34",
    "book": {
        "1": {
            "chapter_nr": "1",
            "chapter": {
                "1": {
                    "verse_nr": "1",
                    "verse": "The burden of Nineveh. The book of the vision of Nahum the Elkoshite."
                },
                "2": {
                    "verse_nr": "2",
                    "verse": "God is jealous, and the LORD avengeth; the LORD avengeth and is furious. The LORD will take vengeance on His adversaries, and He reserveth wrath for His enemies."
                },
                "3": {
                    "verse_nr": "3",
                    "verse": "The LORD is slow to anger and great in power, and will not at all acquit the wicked. The LORD hath His way in the whirlwind and in the storm, and the clouds are the dust of His feet."
                },
                "4": {
                    "verse_nr": "4",
                    "verse": "He rebuketh the sea and maketh it dry, and drieth up all the rivers; Bashan languisheth and Carmel, and the flower of Lebanon languisheth."
                },
                "5": {
                    "verse_nr": "5",
                    "verse": "The mountains quake at Him, and the hills melt, and the earth is burned at His presence, yea, the world and all that dwell therein."
                },
                "6": {
                    "verse_nr": "6",
                    "verse": "Who can stand before His indignation? And who can abide in the fierceness of His anger? His fury is poured out like fire, and the rocks are thrown down by Him."
                },
                "7": {
                    "verse_nr": "7",
                    "verse": "The LORD is good, a stronghold in the day of trouble; and He knoweth them that trust in Him."
                },
                "8": {
                    "verse_nr": "8",
                    "verse": "But with an overrunning flood He will make an utter end of the place thereof, and darkness shall pursue His enemies."
                },
                "9": {
                    "verse_nr": "9",
                    "verse": "What do ye contrive against the LORD? He will make an utter end; affliction shall not rise up the second time."
                },
                "10": {
                    "verse_nr": "10",
                    "verse": "For while they are folded together as thorns and while they are drunken as drunkards, they shall be devoured as stubble fully dry."
                },
                "11": {
                    "verse_nr": "11",
                    "verse": "There is one that comes out of thee, that imagineth evil against the LORD, a wicked counselor."
                },
                "12": {
                    "verse_nr": "12",
                    "verse": "Thus saith the LORD: &#34;Though they be quiet and likewise many, yet thus shall they be cut down when he shall pass through. Though I have afflicted thee, I will afflict thee no more;"
                },
                "13": {
                    "verse_nr": "13",
                    "verse": "for now will I break his yoke from off thee, and will burst thy bonds asunder.&#34;"
                },
                "14": {
                    "verse_nr": "14",
                    "verse": "And the LORD hath given a commandment concerning thee, that no more of thy name be sown: &#34;Out of the house of thy gods will I cut off the graven image and the molten image. I will make thy grave, for thou art vile.&#34;"
                },
                "15": {
                    "verse_nr": "15",
                    "verse": "Behold upon the mountains the feet of Him that bringeth good tidings, that publisheth peace! O Judah, keep thy solemn feasts, perform thy vows; for the wicked shall no more pass through thee; he is utterly cut off."
                }
            }
        },
        "2": {
            "chapter_nr": "2",
            "chapter": {
                "1": {
                    "verse_nr": "1",
                    "verse": "He that dasheth in pieces has come up before thy face. Man the defenses! Watch the way! Make thy loins strong! Fortify thy power mightily!"
                },
                "2": {
                    "verse_nr": "2",
                    "verse": "For the LORD hath turned away the excellency of Jacob, as the excellency of Israel; for the emptiers have emptied them out and marred their vine branches."
                },
                "3": {
                    "verse_nr": "3",
                    "verse": "The shield of his mighty men is made red, the valiant men are in scarlet; the chariots shall be with flaming torches in the day of his preparation, and the fir trees shall be terribly shaken."
                },
                "4": {
                    "verse_nr": "4",
                    "verse": "The chariots shall rage in the streets, they shall jostle one against another in the broad ways; they shall seem like torches, they shall run like the lightning."
                },
                "5": {
                    "verse_nr": "5",
                    "verse": "He shall muster his worthies; they shall stumble in their walk; they shall make haste to the wall thereof, and the defense shall be prepared."
                },
                "6": {
                    "verse_nr": "6",
                    "verse": "The gates of the rivers shall be opened, and the palace shall be dissolved."
                },
                "7": {
                    "verse_nr": "7",
                    "verse": "And Huzzab shall be led away captive, she shall be brought up; and her maids shall lead her as with the voice of doves, beating upon their breasts."
                },
                "8": {
                    "verse_nr": "8",
                    "verse": "But Nineveh is of old like a pool of water; yet they shall flee away. &#34;Stand, stand!&#34; shall they cry, but none shall look back."
                },
                "9": {
                    "verse_nr": "9",
                    "verse": "Take ye the spoil of silver, take the spoil of gold; for there is no end of the store and glory of all the pleasant furnishings."
                },
                "10": {
                    "verse_nr": "10",
                    "verse": "She is empty and void and waste; and the heart melteth, and the knees smite together; and much pain is in all loins, and the faces of them all gather blackness."
                },
                "11": {
                    "verse_nr": "11",
                    "verse": "Where is the dwelling of the lions and the feeding place of the young lions, where the lion, even the old lion, walked, and the lion&#39;s whelp, and none made them afraid?"
                },
                "12": {
                    "verse_nr": "12",
                    "verse": "The lion tore in pieces enough for his whelps and strangled for his lionesses, and filled his holes with prey and his dens with rapine."
                },
                "13": {
                    "verse_nr": "13",
                    "verse": "&#34;Behold, I am against thee,&#34; saith the LORD of hosts, &#34;and I will burn her chariots in the smoke, and the sword shall devour thy young lions; and I will cut off thy prey from the earth, and the voice of thy messengers shall no more be heard.&#34;"
                }
            }
        },
        "3": {
            "chapter_nr": "3",
            "chapter": {
                "1": {
                    "verse_nr": "1",
                    "verse": "Woe to the bloody city! It is all full of lies and robbery; the prey departeth not."
                },
                "2": {
                    "verse_nr": "2",
                    "verse": "The noise of a whip and the noise of the rattling of the wheels, and of the prancing horses and of the jumping chariots!"
                },
                "3": {
                    "verse_nr": "3",
                    "verse": "The horseman lifteth up both the bright sword and the glittering spear, and there is a multitude of slain and a great number of carcasses. And there is no end of their corpses--they stumble upon their corpses&#34;"
                },
                "4": {
                    "verse_nr": "4",
                    "verse": "because of the multitude of the whoredoms of the wellfavored harlot, the mistress of witchcraft, that selleth nations through her whoredom, and families through her witchcraft."
                },
                "5": {
                    "verse_nr": "5",
                    "verse": "&#34;Behold, I am against thee,&#34; saith the LORD of hosts, &#34;and I will uncover thy skirts upon thy face; and I will show the nations thy nakedness and the kingdoms thy shame."
                },
                "6": {
                    "verse_nr": "6",
                    "verse": "And I will cast abominable filth upon thee and make thee vile, and will set thee as a gazingstock."
                },
                "7": {
                    "verse_nr": "7",
                    "verse": "And it shall come to pass that all they that look upon thee shall flee from thee and say, `Nineveh is laid waste! Who will bemoan her?&#39; From whence shall I seek comforters for thee?&#34;"
                },
                "8": {
                    "verse_nr": "8",
                    "verse": "Art thou better than populous No, that was situated among the rivers, that had the waters round about it, whose rampart was the sea and her wall was from the sea?"
                },
                "9": {
                    "verse_nr": "9",
                    "verse": "Ethiopia and Egypt were her strength, and it was infinite; Put and Lubim were thy helpers."
                },
                "10": {
                    "verse_nr": "10",
                    "verse": "Yet was she carried away; she went into captivity. Her young children also were dashed in pieces at the top of all the streets; and they cast lots for her honorable men, and all her great men were bound in chains."
                },
                "11": {
                    "verse_nr": "11",
                    "verse": "Thou also shalt be drunken; thou shalt be hid; thou also shalt seek strength because of the enemy."
                },
                "12": {
                    "verse_nr": "12",
                    "verse": "All thy strongholds shall be like fig trees with the first ripe figs: if they be shaken, they shall even fall into the mouth of the eater."
                },
                "13": {
                    "verse_nr": "13",
                    "verse": "Behold, thy people in the midst of thee are women; the gates of thy land shall be set wide open unto thine enemies; the fire shall devour thy bars."
                },
                "14": {
                    "verse_nr": "14",
                    "verse": "Draw thee waters for the siege! Fortify thy strongholds! Go into clay and tread the mortar; make strong the brickkiln!"
                },
                "15": {
                    "verse_nr": "15",
                    "verse": "There shall the fire devour thee; the sword shall cut thee off; it shall eat thee up like the cankerworm. Make thyself many as the cankerworm, make thyself many as the locusts."
                },
                "16": {
                    "verse_nr": "16",
                    "verse": "Thou hast multiplied thy merchants above the stars of heaven. The cankerworm despoileth, and fleeth away."
                },
                "17": {
                    "verse_nr": "17",
                    "verse": "Thy crowned ones are as the locusts, and thy captains as the great grasshoppers, which camp in the hedges in the cold day; but when the sun ariseth they flee away, and their place is not knownwhere they are."
                },
                "18": {
                    "verse_nr": "18",
                    "verse": "Thy shepherds slumber, O king of Assyria; thy nobles shall dwell in the dust; thy people are scattered upon the mountains, and no man gathereth them."
                },
                "19": {
                    "verse_nr": "19",
                    "verse": "There is no healing of thy bruise; thy wound is grievous. All that hear the report of thee shall clap the hands over thee. For upon whom hath not thy wickedness passed continually?"
                }
            }
        }
    }
}