{
    "version": "KJ21",
    "book_name": "Song of Solomon",
    "book_nr": "22",
    "book": {
        "1": {
            "chapter_nr": "1",
            "chapter": {
                "1": {
                    "verse_nr": "1",
                    "verse": "The song of songs, which is Solomon&#39;s."
                },
                "2": {
                    "verse_nr": "2",
                    "verse": "&#34;Let him kiss me with the kisses of his mouth, for thy love is better than wine."
                },
                "3": {
                    "verse_nr": "3",
                    "verse": "Because of the savor of thy good ointments, thy name is as ointment poured forth; therefore do the virgins love thee."
                },
                "4": {
                    "verse_nr": "4",
                    "verse": "Draw me, we will run after thee. The king hath brought me into his chambers.&#34; &#34;We will be glad and rejoice in thee; we will remember thy love more than wine; the upright love thee.&#34;"
                },
                "5": {
                    "verse_nr": "5",
                    "verse": "&#34;I am black, but comely, O ye daughters of Jerusalem, as the tents of Kedar, as the curtains of Solomon."
                },
                "6": {
                    "verse_nr": "6",
                    "verse": "Look not upon me because I am black, because the sun hath looked upon me. My mother&#39;s children were angry with me; they made me the keeper of the vineyards, but mine own vineyard have I not kept."
                },
                "7": {
                    "verse_nr": "7",
                    "verse": "Tell me, O thou whom my soul loveth, where thou feedest, where thou makest thy flock to rest at noon; for why should I be as one that turneth aside by the flocks of thy companions?&#34;"
                },
                "8": {
                    "verse_nr": "8",
                    "verse": "&#34;If thou know not, O thou fairest among women, go thy way forth by the footsteps of the flock, and feed thy kids beside the shepherds&#39; tents."
                },
                "9": {
                    "verse_nr": "9",
                    "verse": "I have compared thee, O my love, to a company of horses in Pharaoh&#39;s chariots."
                },
                "10": {
                    "verse_nr": "10",
                    "verse": "Thy cheeks are comely with rows of jewels, thy neck with chains of gold.&#34;"
                },
                "11": {
                    "verse_nr": "11",
                    "verse": "&#34;We will make thee borders of gold with studs of silver.&#34;"
                },
                "12": {
                    "verse_nr": "12",
                    "verse": "&#34;While the king sitteth at his table, my spikenard sendeth forth the smell thereof."
                },
                "13": {
                    "verse_nr": "13",
                    "verse": "A bundle of myrrh is my wellbeloved unto me; he shall lie all night between my breasts."
                },
                "14": {
                    "verse_nr": "14",
                    "verse": "My beloved is unto me as a cluster of henna in the vineyards of Engedi.&#34;"
                },
                "15": {
                    "verse_nr": "15",
                    "verse": "&#34;Behold, thou art fair, my love; behold, thou art fair; thou hast doves&#39; eyes.&#34;"
                },
                "16": {
                    "verse_nr": "16",
                    "verse": "&#34;Behold, thou art fair, my beloved, yea, pleasant. Also our bed is green."
                },
                "17": {
                    "verse_nr": "17",
                    "verse": "The beams of our house are cedar, and our rafters of fir."
                }
            }
        },
        "2": {
            "chapter_nr": "2",
            "chapter": {
                "1": {
                    "verse_nr": "1",
                    "verse": "&#34;I am the rose of Sharon, and the lily of the valleys.&#34;"
                },
                "2": {
                    "verse_nr": "2",
                    "verse": "&#34;As the lily among thorns, so is my love among the daughters.&#34;"
                },
                "3": {
                    "verse_nr": "3",
                    "verse": "&#34;As the apple tree among the trees of the wood, so is my beloved among the sons. I sat down under his shadow with great delight, and his fruit was sweet to my taste."
                },
                "4": {
                    "verse_nr": "4",
                    "verse": "He brought me to the banqueting house, and his banner over me was love."
                },
                "5": {
                    "verse_nr": "5",
                    "verse": "Stay me with flagons, comfort me with apples; for I am sick with love."
                },
                "6": {
                    "verse_nr": "6",
                    "verse": "His left hand is under my head, and his right hand doth embrace me."
                },
                "7": {
                    "verse_nr": "7",
                    "verse": "I charge you, O ye daughters of Jerusalem, by the roes and by the hinds of the field, that ye stir not up nor awake my love till he please."
                },
                "8": {
                    "verse_nr": "8",
                    "verse": "The voice of my beloved! Behold, he cometh leaping upon the mountains, skipping upon the hills."
                },
                "9": {
                    "verse_nr": "9",
                    "verse": "My beloved is like a roe or a young hart. Behold, he standeth behind our wall; he looketh forth at the windows, showing himself through the lattice."
                },
                "10": {
                    "verse_nr": "10",
                    "verse": "My beloved spoke and said unto me, `Rise up, my love, my fair one, and come away."
                },
                "11": {
                    "verse_nr": "11",
                    "verse": "For lo, the winter is past, the rain is over and gone."
                },
                "12": {
                    "verse_nr": "12",
                    "verse": "The flowers appear on the earth; the time of the singing of birds is come, and the voice of the turtledove is heard in our land."
                },
                "13": {
                    "verse_nr": "13",
                    "verse": "The fig tree putteth forth her green figs, and the vines with the tender grape give a good smell. Arise, my love, my fair one, and come away.&#39;&#34;"
                },
                "14": {
                    "verse_nr": "14",
                    "verse": "&#34;O my dove, that art in the clefts of the rock, in the secret places of the stairs, let me see thy countenance, let me hear thy voice; for sweet is thy voice, and thy countenance is comely.&#34;"
                },
                "15": {
                    "verse_nr": "15",
                    "verse": "&#34;Take us the foxes, the little foxes, that spoil the vines; for our vines have tender grapes.&#34;"
                },
                "16": {
                    "verse_nr": "16",
                    "verse": "&#34;My beloved is mine, and I am his; he feedeth among the lilies."
                },
                "17": {
                    "verse_nr": "17",
                    "verse": "Until the day break and the shadows flee away, turn, my beloved, and be thou like a roe or a young hart upon the mountains of Bether."
                }
            }
        },
        "3": {
            "chapter_nr": "3",
            "chapter": {
                "1": {
                    "verse_nr": "1",
                    "verse": "&#34;By night on my bed I sought him whom my soul loveth; I sought him, but I found him not."
                },
                "2": {
                    "verse_nr": "2",
                    "verse": "I will rise now and go about the city in the streets, and in the broad ways I will seek him whom my soul loveth. I sought him, but I found him not."
                },
                "3": {
                    "verse_nr": "3",
                    "verse": "The watchmen that go about the city found me, to whom I said, `Saw ye him whom my soul loveth?&#39;"
                },
                "4": {
                    "verse_nr": "4",
                    "verse": "It was but a little that I passed from them, but I found him whom my soul loveth. I held him and would not let him go, until I had brought him into my mother&#39;s house, and into the chamber of her that conceived me."
                },
                "5": {
                    "verse_nr": "5",
                    "verse": "I charge you, O ye daughters of Jerusalem, by the roes and by the hinds of the field, that ye stir not up nor awake my love, till he please.&#34;"
                },
                "6": {
                    "verse_nr": "6",
                    "verse": "&#34;Who is this that cometh out of the wilderness like pillars of smoke, perfumed with myrrh and frankincense, with all powders of the merchant?"
                },
                "7": {
                    "verse_nr": "7",
                    "verse": "Behold his bed, which is Solomon&#39;s; threescore valiant men are about it, of the valiant of Israel."
                },
                "8": {
                    "verse_nr": "8",
                    "verse": "They all hold swords, being expert in war; every man hath his sword upon his thigh, because of fear in the night."
                },
                "9": {
                    "verse_nr": "9",
                    "verse": "King Solomon made himself a chariot of the wood of Lebanon;"
                },
                "10": {
                    "verse_nr": "10",
                    "verse": "he made the pillars thereof of silver, the bottom thereof of gold, the covering of it of purple, the midst thereof being paved with love for the daughters of Jerusalem."
                },
                "11": {
                    "verse_nr": "11",
                    "verse": "Go forth, O ye daughters of Zion, and behold King Solomon with the crown wherewith his mother crowned him on the day of his espousals, and in the day of the gladness of his heart.&#34;"
                }
            }
        },
        "4": {
            "chapter_nr": "4",
            "chapter": {
                "1": {
                    "verse_nr": "1",
                    "verse": "&#34;Behold, thou art fail, my love; behold, thou art fair. Thou hast doves&#39; eyes within thy locks; thy hair is as a flock of goats that appear from Mount Gilead."
                },
                "2": {
                    "verse_nr": "2",
                    "verse": "Thy teeth are like a flock of sheep that are even shorn which came up from the washing, whereof every one bear twins, and none is barren among them."
                },
                "3": {
                    "verse_nr": "3",
                    "verse": "Thy lips are like a thread of scarlet, and thy speech is comely; thy temples are like a piece of a pomegranate within thy locks."
                },
                "4": {
                    "verse_nr": "4",
                    "verse": "Thy neck is like the tower of David builded for an armory, whereon there hang a thousand bucklers, all shields of mighty men."
                },
                "5": {
                    "verse_nr": "5",
                    "verse": "Thy two breasts are like two young roes that are twins, which feed among the lilies."
                },
                "6": {
                    "verse_nr": "6",
                    "verse": "Until the day break and the shadows flee away, I will get me to the mountain of myrrh and to the hill of frankincense."
                },
                "7": {
                    "verse_nr": "7",
                    "verse": "Thou art all fair, my love; there is no spot in thee."
                },
                "8": {
                    "verse_nr": "8",
                    "verse": "Come with me from Lebanon, my spouse, with me from Lebanon; look from the top of Amana, from the top of Senir and Hermon, from the lions&#39; dens, from the mountains of the leopards."
                },
                "9": {
                    "verse_nr": "9",
                    "verse": "Thou hast ravished my heart, my sister, my spouse; thou hast ravished my heart with one of thine eyes, with one chain of thy neck."
                },
                "10": {
                    "verse_nr": "10",
                    "verse": "How fair is thy love, my sister, my spouse! How much better is thy love than wine, and the smell of thine ointments than all spices!"
                },
                "11": {
                    "verse_nr": "11",
                    "verse": "Thy lips, O my spouse, drip as the honeycomb; honey and milk are under thy tongue, and the smell of thy garments is like the smell of Lebanon."
                },
                "12": {
                    "verse_nr": "12",
                    "verse": "A garden enclosed is my sister, my spouse, a spring shut up, a fountain sealed."
                },
                "13": {
                    "verse_nr": "13",
                    "verse": "Thy plants are an orchard of pomegranates with pleasant fruits, henna with spikenard,"
                },
                "14": {
                    "verse_nr": "14",
                    "verse": "spikenard and saffron, calamus and cinnamon, with all trees of frankincense, myrrh and aloes, with all the chief spices&#34;"
                },
                "15": {
                    "verse_nr": "15",
                    "verse": "a fountain of gardens, a well of living waters, and streams from Lebanon.&#34;"
                },
                "16": {
                    "verse_nr": "16",
                    "verse": "&#34;Awake, O north wind, and come, thou south! Blow upon my garden, that the spices thereof may flow out. Let my beloved come into his garden and eat his pleasant fruits.&#34;"
                }
            }
        },
        "5": {
            "chapter_nr": "5",
            "chapter": {
                "1": {
                    "verse_nr": "1",
                    "verse": "&#34;I am come into my garden, my sister, my spouse; I have gathered my myrrh with my spice; I have eaten my honeycomb with my honey; I have drunk my wine with my milk.&#34; &#34;Eat, O friends; drink, yea, drink abundantly, O beloved.&#34;"
                },
                "2": {
                    "verse_nr": "2",
                    "verse": "&#34;I sleep, but my heart waketh; it is the voice of my beloved that knocketh, saying, `Open to me, my sister, my love, my dove, my undefiled; for my head is filled with dew and my locks with the drops of the night.&#39;"
                },
                "3": {
                    "verse_nr": "3",
                    "verse": "I have put off my coat; how shall I put it on? I have washed my feet; how shall I defile them?"
                },
                "4": {
                    "verse_nr": "4",
                    "verse": "My beloved put in his hand by the hole of the door, and my heart was moved for him."
                },
                "5": {
                    "verse_nr": "5",
                    "verse": "I rose up to open to my beloved, and my hands dripped with myrrh, and my fingers with sweet smelling myrrh, upon the handles of the lock."
                },
                "6": {
                    "verse_nr": "6",
                    "verse": "I opened to my beloved, but my beloved had withdrawn himself and was gone. My soul failed when he spoke; I sought him, but I could not find him; I called him, but he gave me no answer."
                },
                "7": {
                    "verse_nr": "7",
                    "verse": "The watchmen that went about the city found me. They smote me, they wounded me; the keepers of the walls took away my veil from me."
                },
                "8": {
                    "verse_nr": "8",
                    "verse": "I charge you, O daughters of Jerusalem, if ye find my beloved, that ye tell him that I am sick with love.&#34;"
                },
                "9": {
                    "verse_nr": "9",
                    "verse": "&#34;What is thy beloved more than another beloved, O thou fairest among women? What is thy beloved more than another beloved, that thou dost so charge us?&#34;"
                },
                "10": {
                    "verse_nr": "10",
                    "verse": "&#34;My beloved is white and ruddy, the chiefest among ten thousand."
                },
                "11": {
                    "verse_nr": "11",
                    "verse": "His head is as the most fine gold; his locks are bushy, and black as a raven."
                },
                "12": {
                    "verse_nr": "12",
                    "verse": "His eyes are as the eyes of doves by the rivers of waters, washed with milk, and fitly set."
                },
                "13": {
                    "verse_nr": "13",
                    "verse": "His cheeks are as a bed of spices, as sweet flowers; his lips like lilies, dropping sweetsmelling myrrh."
                },
                "14": {
                    "verse_nr": "14",
                    "verse": "His hands are as gold rings set with the beryl; his belly is as bright ivory overlaid with sapphires."
                },
                "15": {
                    "verse_nr": "15",
                    "verse": "His legs are as pillars of marble set upon sockets of fine gold; his countenance is as Lebanon, excellent as the cedars."
                },
                "16": {
                    "verse_nr": "16",
                    "verse": "His mouth is most sweet; yea, he is altogether lovely. This is my beloved, and this is my friend, O daughters of Jerusalem.&#34;"
                }
            }
        },
        "6": {
            "chapter_nr": "6",
            "chapter": {
                "1": {
                    "verse_nr": "1",
                    "verse": "&#34;Whither is thy beloved gone, O thou fairest among women? Whither is thy beloved turned aside, that we may seek him with thee?&#34;"
                },
                "2": {
                    "verse_nr": "2",
                    "verse": "&#34;My beloved is gone down into his garden, to the beds of spices, to feed in the gardens and to gather lilies."
                },
                "3": {
                    "verse_nr": "3",
                    "verse": "I am my beloved&#39;s, and my beloved is mine; he feedeth among the lilies.&#34;"
                },
                "4": {
                    "verse_nr": "4",
                    "verse": "&#34;Thou art beautiful, O my love, as Tirzah, comely as Jerusalem, fearsome as an army with banners."
                },
                "5": {
                    "verse_nr": "5",
                    "verse": "Turn away thine eyes from me, for they have overcome me. Thy hair is as a flock of goats that appear from Gilead."
                },
                "6": {
                    "verse_nr": "6",
                    "verse": "Thy teeth are as a flock of sheep which go up from the washing, whereof every one beareth twins, and there is not one barren among them."
                },
                "7": {
                    "verse_nr": "7",
                    "verse": "As a piece of a pomegranate are thy temples within thy locks."
                },
                "8": {
                    "verse_nr": "8",
                    "verse": "There are threescore queens and fourscore concubines and virgins without number."
                },
                "9": {
                    "verse_nr": "9",
                    "verse": "My dove, my undefiled is but one; she is the only one of her mother; she is the choice one of her that bore her.&#34; &#34;The daughters saw her and blessed her; yea, the queens and the concubines, and they praised her:"
                },
                "10": {
                    "verse_nr": "10",
                    "verse": "`Who is she that looketh forth as the morning, fair as the moon, clear as the sun, and fearsome as an army with banners?&#39;&#34;"
                },
                "11": {
                    "verse_nr": "11",
                    "verse": "&#34;I went down into the garden of nuts to see the fruits of the valley, and to see whether the vine flourished and the pomegranates budded."
                },
                "12": {
                    "verse_nr": "12",
                    "verse": "Or ever I was aware, my soul made me like the chariots of Amminadib.&#34;"
                },
                "13": {
                    "verse_nr": "13",
                    "verse": "&#34;Return, return, O Shulamite; return, return, that we may look upon thee.&#34; &#34;What will ye see in the Shulamite? As it were the company of two armies.&#34;"
                }
            }
        },
        "7": {
            "chapter_nr": "7",
            "chapter": {
                "1": {
                    "verse_nr": "1",
                    "verse": "&#34;How beautiful are thy feet with shoes, O prince&#39;s daughter! The joints of thy thighs are like jewels, the work of the hands of a skillful workman."
                },
                "2": {
                    "verse_nr": "2",
                    "verse": "Thy navel is like a round goblet, which wanteth not liquor; thy belly is like a heap of wheat set about with lilies."
                },
                "3": {
                    "verse_nr": "3",
                    "verse": "Thy two breasts are like two young roes that are twins;"
                },
                "4": {
                    "verse_nr": "4",
                    "verse": "thy neck is as a tower of ivory. Thine eyes like the fishpools in Heshbon by the gate of Bathrabbim; thy nose is as the tower of Lebanon which looketh toward Damascus."
                },
                "5": {
                    "verse_nr": "5",
                    "verse": "Thine head upon thee is like Carmel, and the hair of thine head like purple; the king is held in its galleries."
                },
                "6": {
                    "verse_nr": "6",
                    "verse": "How fair and how pleasant art thou, O love, for delights!"
                },
                "7": {
                    "verse_nr": "7",
                    "verse": "This thy stature is like to a palm tree, and thy breasts to clusters of grapes."
                },
                "8": {
                    "verse_nr": "8",
                    "verse": "I said, `I will go up to the palm tree; I will take hold of the boughs thereof.&#39; Now also thy breasts shall be as clusters of the vine, and the smell of thy nose like apples."
                },
                "9": {
                    "verse_nr": "9",
                    "verse": "And the roof of thy mouth like the best wine for my beloved, that goeth down sweetly, causing the lips of those that are asleep to speak.&#34;"
                },
                "10": {
                    "verse_nr": "10",
                    "verse": "&#34;I am my beloved&#39;s, and his desire is toward me."
                },
                "11": {
                    "verse_nr": "11",
                    "verse": "Come, my beloved, let us go forth into the field; let us lodge in the villages."
                },
                "12": {
                    "verse_nr": "12",
                    "verse": "Let us get up early to the vineyards; let us see if the vine flourish, whether the tender grape appear, and the pomegranates bud forth; there will I give thee my loves."
                },
                "13": {
                    "verse_nr": "13",
                    "verse": "The mandrakes give a smell, and at our gates are all manner of pleasant fruits, new and old, which I have laid up for thee, O my beloved.&#34;"
                }
            }
        },
        "8": {
            "chapter_nr": "8",
            "chapter": {
                "1": {
                    "verse_nr": "1",
                    "verse": "&#34;O, that thou wert as my brother, that sucked the breasts of my mother! When I should find thee outside, I would kiss thee; yea, I should not be despised."
                },
                "2": {
                    "verse_nr": "2",
                    "verse": "I would lead thee, and bring thee into my mother&#39;s house, who would instruct me; I would cause thee to drink of spiced wine of the juice of my pomegranate."
                },
                "3": {
                    "verse_nr": "3",
                    "verse": "His left hand should be under my head, and his right hand should embrace me."
                },
                "4": {
                    "verse_nr": "4",
                    "verse": "I charge you, O daughters of Jerusalem, that ye stir not up nor awake my love, until he please.&#34;"
                },
                "5": {
                    "verse_nr": "5",
                    "verse": "&#34;Who is this that cometh up from the wilderness, leaning upon her beloved? I raised thee up under the apple tree; there thy mother brought thee forth; there she brought thee forth that bore thee.&#34;"
                },
                "6": {
                    "verse_nr": "6",
                    "verse": "&#34;Set me as a seal upon thine heart, as a seal upon thine arm; for love is strong as death; jealousy is cruel as the grave; the coals thereof are coals of fire, which hath a most vehement flame.&#34;"
                },
                "7": {
                    "verse_nr": "7",
                    "verse": "&#34;Many waters cannot quench love, neither can the floods drown it; if a man would give all the substance of his house for love, it would utterly be contemned.&#34;"
                },
                "8": {
                    "verse_nr": "8",
                    "verse": "&#34;We have a little sister, and she hath no breasts; what shall we do for our sister in the day when she shall be spoken for?"
                },
                "9": {
                    "verse_nr": "9",
                    "verse": "If she be a wall, we will build upon her a palace of silver; and if she be a door, we will enclose her with boards of cedar.&#34;"
                },
                "10": {
                    "verse_nr": "10",
                    "verse": "&#34;I am a wall, and my breasts like towers; then was I in his eyes as one that found favor."
                },
                "11": {
                    "verse_nr": "11",
                    "verse": "Solomon had a vineyard at Baalhamon; he let out the vineyard unto keepers; every one for the fruit thereof was to bring a thousand pieces of silver."
                },
                "12": {
                    "verse_nr": "12",
                    "verse": "My vineyard, which is mine, is before me; thou, O Solomon, must have a thousand, and those that keep the fruit thereof two hundred.&#34;"
                },
                "13": {
                    "verse_nr": "13",
                    "verse": "&#34;Thou that dwellest in the gardens, the companions hearken to thy voice; cause me to hear it.&#34;"
                },
                "14": {
                    "verse_nr": "14",
                    "verse": "&#34;Make haste, my beloved, and be thou like to a roe or to a young hart upon the mountains of spices.&#34;"
                }
            }
        }
    }
}