{
    "version": "cut",
    "book_name": "Colossians",
    "book_nr": "51",
    "book": {
        "1": {
            "chapter_nr": 1,
            "chapter": {
                "1": {
                    "verse_nr": 1,
                    "verse": "\u5949 \u795e \u65e8 \u610f \uff0c \u4f5c \u57fa \u7763 \u8036 \u7a4c \u4f7f \u5f92 \u7684 \u4fdd \u7f85 \u548c \u5144 \u5f1f \u63d0 \u6469 \u592a\n"
                },
                "2": {
                    "verse_nr": 2,
                    "verse": "\u5beb \u4fe1 \u7d66 \u6b4c \u7f85 \u897f \u7684 \u8056 \u5f92 \uff0c \u5728 \u57fa \u7763 \u88e1 \u6709 \u5fe0 \u5fc3 \u7684 \u5f1f \u5144 \u3002 \u9858 \u6069 \u60e0 \u3001 \u5e73 \u5b89 \u5f9e \u795e \u6211 \u5011 \u7684 \u7236 \u6b78 \u8207 \u4f60 \u5011 \uff01\n"
                },
                "3": {
                    "verse_nr": 3,
                    "verse": "\u6211 \u5011 \u611f \u8b1d \u795e \u3001 \u6211 \u5011 \u4e3b \u8036 \u7a4c \u57fa \u7763 \u7684 \u7236 \uff0c \u5e38 \u5e38 \u70ba \u4f60 \u5011 \u79b1 \u544a \uff1b\n"
                },
                "4": {
                    "verse_nr": 4,
                    "verse": "\u56e0 \u807d \u898b \u4f60 \u5011 \u5728 \u57fa \u7763 \u8036 \u7a4c \u88e1 \u7684 \u4fe1 \u5fc3 \uff0c \u4e26 \u5411 \u773e \u8056 \u5f92 \u7684 \u611b \u5fc3 \uff0c\n"
                },
                "5": {
                    "verse_nr": 5,
                    "verse": "\u662f \u70ba \u90a3 \u7d66 \u4f60 \u5011 \u5b58 \u5728 \u5929 \u4e0a \u7684 \u76fc \u671b \uff1b \u9019 \u76fc \u671b \u5c31 \u662f \u4f60 \u5011 \u5f9e \u524d \u5728 \u798f \u97f3 \u771f \u7406 \u7684 \u9053 \u4e0a \u6240 \u807d \u898b \u7684 \u3002\n"
                },
                "6": {
                    "verse_nr": 6,
                    "verse": "\u9019 \u798f \u97f3 \u50b3 \u5230 \u4f60 \u5011 \u90a3 \u88e1 \uff0c \u4e5f \u50b3 \u5230 \u666e \u5929 \u4e4b \u4e0b \uff0c \u4e26 \u4e14 \u7d50 \u679c \uff0c \u589e \u9577 \uff0c \u5982 \u540c \u5728 \u4f60 \u5011 \u4e2d \u9593 \uff0c \u81ea \u5f9e \u4f60 \u5011 \u807d \u898b \u798f \u97f3 \uff0c \u771f \u77e5 \u9053 \u795e \u6069 \u60e0 \u7684 \u65e5 \u5b50 \u4e00 \u6a23 \u3002\n"
                },
                "7": {
                    "verse_nr": 7,
                    "verse": "\u6b63 \u5982 \u4f60 \u5011 \u5f9e \u6211 \u5011 \u6240 \u89aa \u611b \u3001 \u4e00 \u540c \u4f5c \u50d5 \u4eba \u7684 \u4ee5 \u5df4 \u5f17 \u6240 \u5b78 \u7684 \u3002 \u4ed6 \u70ba \u6211 \u5011 \uff08 \u6709 \u53e4 \u5377 \uff1a \u4f60 \u5011 \uff09 \u4f5c \u4e86 \u57fa \u7763 \u5fe0 \u5fc3 \u7684 \u57f7 \u4e8b \uff0c\n"
                },
                "8": {
                    "verse_nr": 8,
                    "verse": "\u4e5f \u628a \u4f60 \u5011 \u56e0 \u8056 \u9748 \u6240 \u5b58 \u7684 \u611b \u5fc3 \u544a \u8a34 \u4e86 \u6211 \u5011 \u3002\n"
                },
                "9": {
                    "verse_nr": 9,
                    "verse": "\u56e0 \u6b64 \uff0c \u6211 \u5011 \u81ea \u5f9e \u807d \u898b \u7684 \u65e5 \u5b50 \uff0c \u4e5f \u5c31 \u70ba \u4f60 \u5011 \u4e0d \u4f4f \u7684 \u79b1 \u544a \u7948 \u6c42 \uff0c \u9858 \u4f60 \u5011 \u5728 \u4e00 \u5207 \u5c6c \u9748 \u7684 \u667a \u6167 \u609f \u6027 \u4e0a \uff0c \u6eff \u5fc3 \u77e5 \u9053 \u795e \u7684 \u65e8 \u610f \uff1b\n"
                },
                "10": {
                    "verse_nr": 10,
                    "verse": "\u597d \u53eb \u4f60 \u5011 \u884c \u4e8b \u70ba \u4eba \u5c0d \u5f97 \u8d77 \u4e3b \uff0c \u51e1 \u4e8b \u8499 \u4ed6 \u559c \u6085 \uff0c \u5728 \u4e00 \u5207 \u5584 \u4e8b \u4e0a \u7d50 \u679c \u5b50 \uff0c \u6f38 \u6f38 \u7684 \u591a \u77e5 \u9053 \u795e \uff1b\n"
                },
                "11": {
                    "verse_nr": 11,
                    "verse": "\u7167 \u4ed6 \u69ae \u8000 \u7684 \u6b0a \u80fd \uff0c \u5f97 \u4ee5 \u5728 \u5404 \u6a23 \u7684 \u529b \u4e0a \u52a0 \u529b \uff0c \u597d \u53eb \u4f60 \u5011 \u51e1 \u4e8b \u6b61 \u6b61 \u559c \u559c \u7684 \u5fcd \u8010 \u5bec \u5bb9 \uff1b\n"
                },
                "12": {
                    "verse_nr": 12,
                    "verse": "\u53c8 \u611f \u8b1d \u7236 \uff0c \u53eb \u6211 \u5011 \u80fd \u8207 \u773e \u8056 \u5f92 \u5728 \u5149 \u660e \u4e2d \u540c \u5f97 \u57fa \u696d \u3002\n"
                },
                "13": {
                    "verse_nr": 13,
                    "verse": "\u4ed6 \u6551 \u4e86 \u6211 \u5011 \u812b \u96e2 \u9ed1 \u6697 \u7684 \u6b0a \u52e2 \uff0c \u628a \u6211 \u5011 \u9077 \u5230 \u4ed6 \u611b \u5b50 \u7684 \u570b \u88e1 \uff1b\n"
                },
                "14": {
                    "verse_nr": 14,
                    "verse": "\u6211 \u5011 \u5728 \u611b \u5b50 \u88e1 \u5f97 \u8499 \u6551 \u8d16 \uff0c \u7f6a \u904e \u5f97 \u4ee5 \u8d66 \u514d \u3002\n"
                },
                "15": {
                    "verse_nr": 15,
                    "verse": "\u611b \u5b50 \u662f \u90a3 \u4e0d \u80fd \u770b \u898b \u4e4b \u795e \u7684 \u50cf \uff0c \u662f \u9996 \u751f \u7684 \uff0c \u5728 \u4e00 \u5207 \u88ab \u9020 \u7684 \u4ee5 \u5148 \u3002\n"
                },
                "16": {
                    "verse_nr": 16,
                    "verse": "\u56e0 \u70ba \u842c \u6709 \u90fd \u662f \u9760 \u4ed6 \u9020 \u7684 \uff0c \u7121 \u8ad6 \u662f \u5929 \u4e0a \u7684 \uff0c \u5730 \u4e0a \u7684 \uff1b \u80fd \u770b \u898b \u7684 \uff0c \u4e0d \u80fd \u770b \u898b \u7684 \uff1b \u6216 \u662f \u6709 \u4f4d \u7684 \uff0c \u4e3b \u6cbb \u7684 \uff0c \u57f7 \u653f \u7684 \uff0c \u638c \u6b0a \u7684 \uff1b \u4e00 \u6982 \u90fd \u662f \u85c9 \u8457 \u4ed6 \u9020 \u7684 \uff0c \u53c8 \u662f \u70ba \u4ed6 \u9020 \u7684 \u3002\n"
                },
                "17": {
                    "verse_nr": 17,
                    "verse": "\u4ed6 \u5728 \u842c \u6709 \u4e4b \u5148 \uff1b \u842c \u6709 \u4e5f \u9760 \u4ed6 \u800c \u7acb \u3002\n"
                },
                "18": {
                    "verse_nr": 18,
                    "verse": "\u4ed6 \u4e5f \u662f \u6559 \u6703 \u5168 \u9ad4 \u4e4b \u9996 \u3002 \u4ed6 \u662f \u5143 \u59cb \uff0c \u662f \u5f9e \u6b7b \u88e1 \u9996 \u5148 \u5fa9 \u751f \u7684 \uff0c \u4f7f \u4ed6 \u53ef \u4ee5 \u5728 \u51e1 \u4e8b \u4e0a \u5c45 \u9996 \u4f4d \u3002\n"
                },
                "19": {
                    "verse_nr": 19,
                    "verse": "\u56e0 \u70ba \u7236 \u559c \u6b61 \u53eb \u4e00 \u5207 \u7684 \u8c50 \u76db \u5728 \u4ed6 \u88e1 \u9762 \u5c45 \u4f4f \u3002\n"
                },
                "20": {
                    "verse_nr": 20,
                    "verse": "\u65e2 \u7136 \u85c9 \u8457 \u4ed6 \u5728 \u5341 \u5b57 \u67b6 \u4e0a \u6240 \u6d41 \u7684 \u8840 \u6210 \u5c31 \u4e86 \u548c \u5e73 \uff0c \u4fbf \u85c9 \u8457 \u4ed6 \u53eb \u842c \u6709 \u2500 \u7121 \u8ad6 \u662f \u5730 \u4e0a \u7684 \u3001 \u5929 \u4e0a \u7684 \u2500 \u90fd \u8207 \u81ea \u5df1 \u548c \u597d \u4e86 \u3002\n"
                },
                "21": {
                    "verse_nr": 21,
                    "verse": "\u4f60 \u5011 \u5f9e \u524d \u8207 \u795e \u9694 \u7d55 \uff0c \u56e0 \u8457 \u60e1 \u884c \uff0c \u5fc3 \u88e1 \u8207 \u4ed6 \u70ba \u6575 \u3002\n"
                },
                "22": {
                    "verse_nr": 22,
                    "verse": "\u4f46 \u5982 \u4eca \u4ed6 \u85c9 \u8457 \u57fa \u7763 \u7684 \u8089 \u8eab \u53d7 \u6b7b \uff0c \u53eb \u4f60 \u5011 \u8207 \u81ea \u5df1 \u548c \u597d \uff0c \u90fd \u6210 \u4e86 \u8056 \u6f54 \uff0c \u6c92 \u6709 \u7455 \u75b5 \uff0c \u7121 \u53ef \u8cac \u5099 \uff0c \u628a \u4f60 \u5011 \u5f15 \u5230 \u81ea \u5df1 \u9762 \u524d \u3002\n"
                },
                "23": {
                    "verse_nr": 23,
                    "verse": "\u53ea \u8981 \u4f60 \u5011 \u5728 \u6240 \u4fe1 \u7684 \u9053 \u4e0a \u6046 \u5fc3 \uff0c \u6839 \u57fa \u7a69 \u56fa \uff0c \u5805 \u5b9a \u4e0d \u79fb \uff0c \u4e0d \u81f3 \u88ab \u5f15 \u52d5 \u5931 \u53bb \uff08 \u539f \u6587 \u662f \u96e2 \u958b \uff09 \u798f \u97f3 \u7684 \u76fc \u671b \u3002 \u9019 \u798f \u97f3 \u5c31 \u662f \u4f60 \u5011 \u6240 \u807d \u904e \u7684 \uff0c \u4e5f \u662f \u50b3 \u8207 \u666e \u5929 \u4e0b \u842c \u4eba \u807d \u7684 \uff08 \u539f \u6587 \u662f \u51e1 \u53d7 \u9020 \u7684 \uff09 \uff0c \u6211 \u4fdd \u7f85 \u4e5f \u4f5c \u4e86 \u9019 \u798f \u97f3 \u7684 \u57f7 \u4e8b \u3002\n"
                },
                "24": {
                    "verse_nr": 24,
                    "verse": "\u73fe \u5728 \u6211 \u70ba \u4f60 \u5011 \u53d7 \u82e6 \uff0c \u5012 \u89ba \u6b61 \u6a02 \uff1b \u4e26 \u4e14 \u70ba \u57fa \u7763 \u7684 \u8eab \u9ad4 \uff0c \u5c31 \u662f \u70ba \u6559 \u6703 \uff0c \u8981 \u5728 \u6211 \u8089 \u8eab \u4e0a \u88dc \u6eff \u57fa \u7763 \u60a3 \u96e3 \u7684 \u7f3a \u6b20 \u3002\n"
                },
                "25": {
                    "verse_nr": 25,
                    "verse": "\u6211 \u7167 \u795e \u70ba \u4f60 \u5011 \u6240 \u8cdc \u6211 \u7684 \u8077 \u5206 \u4f5c \u4e86 \u6559 \u6703 \u7684 \u57f7 \u4e8b \uff0c \u8981 \u628a \u795e \u7684 \u9053 \u7406 \u50b3 \u5f97 \u5168 \u5099 \uff0c\n"
                },
                "26": {
                    "verse_nr": 26,
                    "verse": "\u9019 \u9053 \u7406 \u5c31 \u662f \u6b77 \u4e16 \u6b77 \u4ee3 \u6240 \u96b1 \u85cf \u7684 \u5967 \u7955 \uff1b \u4f46 \u5982 \u4eca \u5411 \u4ed6 \u7684 \u8056 \u5f92 \u986f \u660e \u4e86 \u3002\n"
                },
                "27": {
                    "verse_nr": 27,
                    "verse": "\u795e \u9858 \u610f \u53eb \u4ed6 \u5011 \u77e5 \u9053 \uff0c \u9019 \u5967 \u7955 \u5728 \u5916 \u90a6 \u4eba \u4e2d \u6709 \u4f55 \u7b49 \u8c50 \u76db \u7684 \u69ae \u8000 \uff0c \u5c31 \u662f \u57fa \u7763 \u5728 \u4f60 \u5011 \u5fc3 \u88e1 \u6210 \u4e86 \u6709 \u69ae \u8000 \u7684 \u76fc \u671b \u3002\n"
                },
                "28": {
                    "verse_nr": 28,
                    "verse": "\u6211 \u5011 \u50b3 \u63da \u4ed6 \uff0c \u662f \u7528 \u8af8 \u822c \u7684 \u667a \u6167 \uff0c \u52f8 \u6212 \u5404 \u4eba \uff0c \u6559 \u5c0e \u5404 \u4eba \uff0c \u8981 \u628a \u5404 \u4eba \u5728 \u57fa \u7763 \u88e1 \u5b8c \u5b8c \u5168 \u5168 \u7684 \u5f15 \u5230 \u795e \u9762 \u524d \u3002\n"
                },
                "29": {
                    "verse_nr": 29,
                    "verse": "\u6211 \u4e5f \u70ba \u6b64 \u52de \u82e6 \uff0c \u7167 \u8457 \u4ed6 \u5728 \u6211 \ufffd \u9762 \u904b \u7528 \u7684 \u5927 \u80fd \u76e1 \u5fc3 \u7aed \u529b \u3002\n"
                }
            }
        },
        "2": {
            "chapter_nr": 2,
            "chapter": {
                "1": {
                    "verse_nr": 1,
                    "verse": "\u6211 \u9858 \u610f \u4f60 \u5011 \u66c9 \u5f97 \uff0c \u6211 \u70ba \u4f60 \u5011 \u548c \u8001 \u5e95 \u5609 \u4eba \uff0c \u4e26 \u4e00 \u5207 \u6c92 \u6709 \u8207 \u6211 \u89aa \u81ea \u898b \u9762 \u7684 \u4eba \uff0c \u662f \u4f55 \u7b49 \u7684 \u76e1 \u5fc3 \u7aed \u529b \uff1b\n"
                },
                "2": {
                    "verse_nr": 2,
                    "verse": "\u8981 \u53eb \u4ed6 \u5011 \u7684 \u5fc3 \u5f97 \u5b89 \u6170 \uff0c \u56e0 \u611b \u5fc3 \u4e92 \u76f8 \u806f \u7d61 \uff0c \u4ee5 \u81f4 \u8c50 \u8c50 \u8db3 \u8db3 \u5728 \u609f \u6027 \u4e2d \u6709 \u5145 \u8db3 \u7684 \u4fe1 \u5fc3 \uff0c \u4f7f \u4ed6 \u5011 \u771f \u77e5 \u795e \u7684 \u5967 \u7955 \uff0c \u5c31 \u662f \u57fa \u7763 \uff1b\n"
                },
                "3": {
                    "verse_nr": 3,
                    "verse": "\u6240 \u7a4d \u84c4 \u7684 \u4e00 \u5207 \u667a \u6167 \u77e5 \u8b58 \uff0c \u90fd \u5728 \u4ed6 \u88e1 \u9762 \u85cf \u8457 \u3002\n"
                },
                "4": {
                    "verse_nr": 4,
                    "verse": "\u6211 \u8aaa \u9019 \u8a71 \uff0c \u514d \u5f97 \u6709 \u4eba \u7528 \u82b1 \u8a00 \u5de7 \u8a9e \u8ff7 \u60d1 \u4f60 \u5011 \u3002\n"
                },
                "5": {
                    "verse_nr": 5,
                    "verse": "\u6211 \u8eab \u5b50 \u96d6 \u8207 \u4f60 \u5011 \u76f8 \u96e2 \uff0c \u5fc3 \u537b \u8207 \u4f60 \u5011 \u540c \u5728 \uff0c \u898b \u4f60 \u5011 \u5faa \u898f \u8e48 \u77e9 \uff0c \u4fe1 \u57fa \u7763 \u7684 \u5fc3 \u4e5f \u5805 \u56fa \uff0c \u6211 \u5c31 \u6b61 \u559c \u4e86 \u3002\n"
                },
                "6": {
                    "verse_nr": 6,
                    "verse": "\u4f60 \u5011 \u65e2 \u7136 \u63a5 \u53d7 \u4e86 \u4e3b \u57fa \u7763 \u8036 \u7a4c \uff0c \u5c31 \u7576 \u9075 \u4ed6 \u800c \u884c \uff0c\n"
                },
                "7": {
                    "verse_nr": 7,
                    "verse": "\u5728 \u4ed6 \u88e1 \u9762 \u751f \u6839 \u5efa \u9020 \uff0c \u4fe1 \u5fc3 \u5805 \u56fa \uff0c \u6b63 \u5982 \u4f60 \u5011 \u6240 \u9818 \u7684 \u6559 \u8a13 \uff0c \u611f \u8b1d \u7684 \u5fc3 \u4e5f \u66f4 \u589e \u9577 \u4e86 \u3002\n"
                },
                "8": {
                    "verse_nr": 8,
                    "verse": "\u4f60 \u5011 \u8981 \u8b39 \u614e \uff0c \u6050 \u6015 \u6709 \u4eba \u7528 \u4ed6 \u7684 \u7406 \u5b78 \u548c \u865b \u7a7a \u7684 \u5984 \u8a00 \uff0c \u4e0d \u7167 \u8457 \u57fa \u7763 \uff0c \u4e43 \u7167 \u4eba \u9593 \u7684 \u907a \u50b3 \u548c \u4e16 \u4e0a \u7684 \u5c0f \u5b78 \u5c31 \u628a \u4f60 \u5011 \u64c4 \u53bb \u3002\n"
                },
                "9": {
                    "verse_nr": 9,
                    "verse": "\u56e0 \u70ba \u795e \u672c \u6027 \u4e00 \u5207 \u7684 \u8c50 \u76db \u90fd \u6709 \u5f62 \u6709 \u9ad4 \u7684 \u5c45 \u4f4f \u5728 \u57fa \u7763 \u88e1 \u9762 \uff0c\n"
                },
                "10": {
                    "verse_nr": 10,
                    "verse": "\u4f60 \u5011 \u5728 \u4ed6 \u88e1 \u9762 \u4e5f \u5f97 \u4e86 \u8c50 \u76db \u3002 \u4ed6 \u662f \u5404 \u6a23 \u57f7 \u653f \u638c \u6b0a \u8005 \u7684 \u5143 \u9996 \u3002\n"
                },
                "11": {
                    "verse_nr": 11,
                    "verse": "\u4f60 \u5011 \u5728 \u4ed6 \u88e1 \u9762 \u4e5f \u53d7 \u4e86 \u4e0d \u662f \u4eba \u624b \u6240 \u884c \u7684 \u5272 \u79ae \uff0c \u4e43 \u662f \u57fa \u7763 \u4f7f \u4f60 \u5011 \u812b \u53bb \u8089 \u9ad4 \u60c5 \u617e \u7684 \u5272 \u79ae \u3002\n"
                },
                "12": {
                    "verse_nr": 12,
                    "verse": "\u4f60 \u5011 \u65e2 \u53d7 \u6d17 \u8207 \u4ed6 \u4e00 \u540c \u57cb \u846c \uff0c \u4e5f \u5c31 \u5728 \u6b64 \u8207 \u4ed6 \u4e00 \u540c \u5fa9 \u6d3b \uff0c \u90fd \u56e0 \u4fe1 \u90a3 \u53eb \u4ed6 \u5f9e \u6b7b \u88e1 \u5fa9 \u6d3b \u795e \u7684 \u529f \u7528 \u3002\n"
                },
                "13": {
                    "verse_nr": 13,
                    "verse": "\u4f60 \u5011 \u5f9e \u524d \u5728 \u904e \u72af \u548c \u672a \u53d7 \u5272 \u79ae \u7684 \u8089 \u9ad4 \u4e2d \u6b7b \u4e86 \uff0c \u795e \u8d66 \u514d \u4e86 \u4f60 \u5011 \uff08 \u6216 \u4f5c \uff1a \u6211 \u5011 \uff09 \u4e00 \u5207 \u904e \u72af \uff0c \u4fbf \u53eb \u4f60 \u5011 \u8207 \u57fa \u7763 \u4e00 \u540c \u6d3b \u904e \u4f86 \uff1b\n"
                },
                "14": {
                    "verse_nr": 14,
                    "verse": "\u53c8 \u5857 \u62b9 \u4e86 \u5728 \u5f8b \u4f8b \u4e0a \u6240 \u5beb \u653b \u64ca \u6211 \u5011 \uff0c \u6709 \u7919 \u65bc \u6211 \u5011 \u7684 \u5b57 \u64da \uff0c \u628a \u4ed6 \u64a4 \u53bb \uff0c \u91d8 \u5728 \u5341 \u5b57 \u67b6 \u4e0a \u3002\n"
                },
                "15": {
                    "verse_nr": 15,
                    "verse": "\u65e2 \u5c07 \u4e00 \u5207 \u57f7 \u653f \u7684 \u3001 \u638c \u6b0a \u7684 \u64c4 \u4f86 \uff0c \u660e \u986f \u7d66 \u773e \u4eba \u770b \uff0c \u5c31 \u4ed7 \u8457 \u5341 \u5b57 \u67b6 \u8a87 \u52dd \u3002\n"
                },
                "16": {
                    "verse_nr": 16,
                    "verse": "\u6240 \u4ee5 \uff0c \u4e0d \u62d8 \u5728 \u98f2 \u98df \u4e0a \uff0c \u6216 \u7bc0 \u671f \u3001 \u6708 \u6714 \u3001 \u5b89 \u606f \u65e5 \u90fd \u4e0d \u53ef \u8b93 \u4eba \u8ad6 \u65b7 \u4f60 \u5011 \u3002\n"
                },
                "17": {
                    "verse_nr": 17,
                    "verse": "\u9019 \u4e9b \u539f \u662f \u5f8c \u4e8b \u7684 \u5f71 \u5152 \uff1b \u90a3 \u5f62 \u9ad4 \u537b \u662f \u57fa \u7763 \u3002\n"
                },
                "18": {
                    "verse_nr": 18,
                    "verse": "\u4e0d \u53ef \u8b93 \u4eba \u56e0 \u8457 \u6545 \u610f \u8b19 \u865b \u548c \u656c \u62dc \u5929 \u4f7f \uff0c \u5c31 \u596a \u53bb \u4f60 \u5011 \u7684 \u734e \u8cde \u3002 \u9019 \u7b49 \u4eba \u62d8 \u6ce5 \u5728 \u6240 \u898b \u904e \u7684 \uff08 \u6709 \u53e4 \u5377 \u4f5c \uff1a \u9019 \u7b49 \u4eba \u7aba \u5bdf \u6240 \u6c92 \u6709 \u898b \u904e \u7684 \uff09 \uff0c \u96a8 \u8457 \u81ea \u5df1 \u7684 \u617e \u5fc3 \uff0c \u7121 \u6545 \u7684 \u81ea \u9ad8 \u81ea \u5927 \uff0c\n"
                },
                "19": {
                    "verse_nr": 19,
                    "verse": "\u4e0d \u6301 \u5b9a \u5143 \u9996 \u3002 \u5168 \u8eab \u65e2 \u7136 \u9760 \u8457 \u4ed6 \uff0c \u7b4b \u7bc0 \u5f97 \u4ee5 \u76f8 \u52a9 \u806f \u7d61 \uff0c \u5c31 \u56e0 \u795e \u5927 \u5f97 \u9577 \u9032 \u3002\n"
                },
                "20": {
                    "verse_nr": 20,
                    "verse": "\u4f60 \u5011 \u82e5 \u662f \u8207 \u57fa \u7763 \u540c \u6b7b \uff0c \u812b \u96e2 \u4e86 \u4e16 \u4e0a \u7684 \u5c0f \u5b78 \uff0c \u70ba \u751a \u9ebc \u4ecd \u50cf \u5728 \u4e16 \u4fd7 \u4e2d \u6d3b \u8457 \u3001 \u670d \u5f9e \u90a3 \u4e0d \u53ef \u62ff \u3001 \u4e0d \u53ef \u5617 \u3001 \u4e0d \u53ef \u6478 \u7b49 \u985e \u7684 \u898f \u689d \u5462 \uff1f\n"
                },
                "21": {
                    "verse_nr": 21,
                    "verse": "a\n"
                },
                "22": {
                    "verse_nr": 22,
                    "verse": "\u9019 \u90fd \u662f \u7167 \u4eba \u6240 \u5429 \u5490 \u3001 \u6240 \u6559 \u5c0e \u7684 \u3002 \u8aaa \u5230 \u9019 \u4e00 \u5207 \uff0c \u6b63 \u7528 \u7684 \u6642 \u5019 \u5c31 \u90fd \u6557 \u58de \u4e86 \u3002\n"
                },
                "23": {
                    "verse_nr": 23,
                    "verse": "\u9019 \u4e9b \u898f \u689d \u4f7f \u4eba \u5f92 \u6709 \u667a \u6167 \u4e4b \u540d \uff0c \u7528 \u79c1 \u610f \u5d07 \u62dc \uff0c \u81ea \u8868 \u8b19 \u5351 \uff0c \u82e6 \u5f85 \u5df1 \u8eab \uff0c \u5176 \u5be6 \u5728 \u514b \u5236 \u8089 \u9ad4 \u7684 \u60c5 \u617e \u4e0a \u662f \u6beb \u7121 \u529f \u6548 \u3002\n"
                }
            }
        },
        "3": {
            "chapter_nr": 3,
            "chapter": {
                "1": {
                    "verse_nr": 1,
                    "verse": "\u6240 \u4ee5 \uff0c \u4f60 \u5011 \u82e5 \u771f \u8207 \u57fa \u7763 \u4e00 \u540c \u5fa9 \u6d3b \uff0c \u5c31 \u7576 \u6c42 \u5728 \u4e0a \u9762 \u7684 \u4e8b \uff1b \u90a3 \u88e1 \u6709 \u57fa \u7763 \u5750 \u5728 \u795e \u7684 \u53f3 \u908a \u3002\n"
                },
                "2": {
                    "verse_nr": 2,
                    "verse": "\u4f60 \u5011 \u8981 \u601d \u5ff5 \u4e0a \u9762 \u7684 \u4e8b \uff0c \u4e0d \u8981 \u601d \u5ff5 \u5730 \u4e0a \u7684 \u4e8b \u3002\n"
                },
                "3": {
                    "verse_nr": 3,
                    "verse": "\u56e0 \u70ba \u4f60 \u5011 \u5df2 \u7d93 \u6b7b \u4e86 \uff0c \u4f60 \u5011 \u7684 \u751f \u547d \u8207 \u57fa \u7763 \u4e00 \u540c \u85cf \u5728 \u795e \u88e1 \u9762 \u3002\n"
                },
                "4": {
                    "verse_nr": 4,
                    "verse": "\u57fa \u7763 \u662f \u6211 \u5011 \u7684 \u751f \u547d \uff0c \u4ed6 \u986f \u73fe \u7684 \u6642 \u5019 \uff0c \u4f60 \u5011 \u4e5f \u8981 \u8207 \u4ed6 \u4e00 \u540c \u986f \u73fe \u5728 \u69ae \u8000 \u88e1 \u3002\n"
                },
                "5": {
                    "verse_nr": 5,
                    "verse": "\u6240 \u4ee5 \uff0c \u8981 \u6cbb \u6b7b \u4f60 \u5011 \u5728 \u5730 \u4e0a \u7684 \u80a2 \u9ad4 \uff0c \u5c31 \u5982 \u6deb \u4e82 \u3001 \u6c61 \u7a62 \u3001 \u90aa \u60c5 \u3001 \u60e1 \u617e \uff0c \u548c \u8caa \u5a6a \u3002 \u8caa \u5a6a \u5c31 \u8207 \u62dc \u5076 \u50cf \u4e00 \u6a23 \u3002\n"
                },
                "6": {
                    "verse_nr": 6,
                    "verse": "\u56e0 \u9019 \u4e9b \u4e8b \uff0c \u795e \u7684 \u5fff \u6012 \u5fc5 \u81e8 \u5230 \u90a3 \u6096 \u9006 \u4e4b \u5b50 \u3002\n"
                },
                "7": {
                    "verse_nr": 7,
                    "verse": "\u7576 \u4f60 \u5011 \u5728 \u9019 \u4e9b \u4e8b \u4e2d \u6d3b \u8457 \u7684 \u6642 \u5019 \uff0c \u4e5f \u66fe \u9019 \u6a23 \u884c \u904e \u3002\n"
                },
                "8": {
                    "verse_nr": 8,
                    "verse": "\u4f46 \u73fe \u5728 \u4f60 \u5011 \u8981 \u68c4 \u7d55 \u9019 \u4e00 \u5207 \u7684 \u4e8b \uff0c \u4ee5 \u53ca \u60f1 \u6068 \u3001 \u5fff \u6012 \u3001 \u60e1 \u6bd2 \uff08 \u6216 \u4f5c \uff1a \u9670 \u6bd2 \uff09 \u3001 \u6bc0 \u8b17 \uff0c \u4e26 \u53e3 \u4e2d \u6c61 \u7a62 \u7684 \u8a00 \u8a9e \u3002\n"
                },
                "9": {
                    "verse_nr": 9,
                    "verse": "\u4e0d \u8981 \u5f7c \u6b64 \u8aaa \u8b0a \uff1b \u56e0 \u4f60 \u5011 \u5df2 \u7d93 \u812b \u53bb \u820a \u4eba \u548c \u820a \u4eba \u7684 \u884c \u70ba \uff0c\n"
                },
                "10": {
                    "verse_nr": 10,
                    "verse": "\u7a7f \u4e0a \u4e86 \u65b0 \u4eba \u3002 \u9019 \u65b0 \u4eba \u5728 \u77e5 \u8b58 \u4e0a \u6f38 \u6f38 \u66f4 \u65b0 \uff0c \u6b63 \u5982 \u9020 \u4ed6 \u4e3b \u7684 \u5f62 \u50cf \u3002\n"
                },
                "11": {
                    "verse_nr": 11,
                    "verse": "\u5728 \u6b64 \u4e26 \u4e0d \u5206 \u5e0c \u5229 \u5c3c \u4eba \u3001 \u7336 \u592a \u4eba \uff0c \u53d7 \u5272 \u79ae \u7684 \u3001 \u672a \u53d7 \u5272 \u79ae \u7684 \uff0c \u5316 \u5916 \u4eba \uff0c \u897f \u53e4 \u63d0 \u4eba \uff0c \u70ba \u5974 \u7684 \u3001 \u81ea \u4e3b \u7684 \uff0c \u60df \u6709 \u57fa \u7763 \u662f \u5305 \u62ec \u4e00 \u5207 \uff0c \u53c8 \u4f4f \u5728 \u5404 \u4eba \u4e4b \u5167 \u3002\n"
                },
                "12": {
                    "verse_nr": 12,
                    "verse": "\u6240 \u4ee5 \uff0c \u4f60 \u5011 \u65e2 \u662f \u795e \u7684 \u9078 \u6c11 \uff0c \u8056 \u6f54 \u8499 \u611b \u7684 \u4eba \uff0c \u5c31 \u8981 \u5b58 \uff08 \u539f \u6587 \u4f5c \u7a7f \uff1b \u4e0b \u540c \uff09 \u6190 \u61ab \u3001 \u6069 \u6148 \u3001 \u8b19 \u865b \u3001 \u6eab \u67d4 \u3001 \u5fcd \u8010 \u7684 \u5fc3 \u3002\n"
                },
                "13": {
                    "verse_nr": 13,
                    "verse": "\u5018 \u82e5 \u9019 \u4eba \u8207 \u90a3 \u4eba \u6709 \u5acc \u9699 \uff0c \u7e3d \u8981 \u5f7c \u6b64 \u5305 \u5bb9 \uff0c \u5f7c \u6b64 \u9952 \u6055 \uff1b \u4e3b \u600e \u6a23 \u9952 \u6055 \u4e86 \u4f60 \u5011 \uff0c \u4f60 \u5011 \u4e5f \u8981 \u600e \u6a23 \u9952 \u6055 \u4eba \u3002\n"
                },
                "14": {
                    "verse_nr": 14,
                    "verse": "\u5728 \u9019 \u4e00 \u5207 \u4e4b \u5916 \uff0c \u8981 \u5b58 \u8457 \u611b \u5fc3 \uff0c \u611b \u5fc3 \u5c31 \u662f \u806f \u7d61 \u5168 \u5fb7 \u7684 \u3002\n"
                },
                "15": {
                    "verse_nr": 15,
                    "verse": "\u53c8 \u8981 \u53eb \u57fa \u7763 \u7684 \u5e73 \u5b89 \u5728 \u4f60 \u5011 \u5fc3 \u88e1 \u4f5c \u4e3b \uff1b \u4f60 \u5011 \u4e5f \u70ba \u6b64 \u8499 \u53ec \uff0c \u6b78 \u70ba \u4e00 \u9ad4 \uff1b \u4e14 \u8981 \u5b58 \u611f \u8b1d \u7684 \u5fc3 \u3002\n"
                },
                "16": {
                    "verse_nr": 16,
                    "verse": "\u7576 \u7528 \u5404 \u6a23 \u7684 \u667a \u6167 \uff0c \u628a \u57fa \u7763 \u7684 \u9053 \u7406 \u8c50 \u8c50 \u5bcc \u5bcc \u7684 \u5b58 \u5728 \u5fc3 \u88e1 \uff0c \uff08 \u6216 \u4f5c \uff1a \u7576 \u628a \u57fa \u7763 \u7684 \u9053 \u7406 \u8c50 \u8c50 \u5bcc \u5bcc \u7684 \u5b58 \u5728 \u5fc3 \u88e1 \uff0c \u4ee5 \u5404 \u6a23 \u7684 \u667a \u6167 \uff09 \uff0c \u7528 \u8a69 \u7ae0 \u3001 \u980c \u8a5e \u3001 \u9748 \u6b4c \uff0c \u5f7c \u6b64 \u6559 \u5c0e \uff0c \u4e92 \u76f8 \u52f8 \u6212 \uff0c \u5fc3 \u88ab \u6069 \u611f \uff0c \u6b4c \u980c \u795e \u3002\n"
                },
                "17": {
                    "verse_nr": 17,
                    "verse": "\u7121 \u8ad6 \u505a \u751a \u9ebc \uff0c \u6216 \u8aaa \u8a71 \u6216 \u884c \u4e8b \uff0c \u90fd \u8981 \u5949 \u4e3b \u8036 \u7a4c \u7684 \u540d \uff0c \u85c9 \u8457 \u4ed6 \u611f \u8b1d \u7236 \u795e \u3002\n"
                },
                "18": {
                    "verse_nr": 18,
                    "verse": "\u4f60 \u5011 \u4f5c \u59bb \u5b50 \u7684 \uff0c \u7576 \u9806 \u670d \u81ea \u5df1 \u7684 \u4e08 \u592b \uff0c \u9019 \u5728 \u4e3b \u88e1 \u9762 \u662f \u76f8 \u5b9c \u7684 \u3002\n"
                },
                "19": {
                    "verse_nr": 19,
                    "verse": "\u4f60 \u5011 \u4f5c \u4e08 \u592b \u7684 \uff0c \u8981 \u611b \u4f60 \u5011 \u7684 \u59bb \u5b50 \uff0c \u4e0d \u53ef \u82e6 \u5f85 \u4ed6 \u5011 \u3002\n"
                },
                "20": {
                    "verse_nr": 20,
                    "verse": "\u4f60 \u5011 \u4f5c \u5152 \u5973 \u7684 \uff0c \u8981 \u51e1 \u4e8b \u807d \u5f9e \u7236 \u6bcd \uff0c \u56e0 \u70ba \u9019 \u662f \u4e3b \u6240 \u559c \u6085 \u7684 \u3002\n"
                },
                "21": {
                    "verse_nr": 21,
                    "verse": "\u4f60 \u5011 \u4f5c \u7236 \u89aa \u7684 \uff0c \u4e0d \u8981 \u60f9 \u5152 \u5973 \u7684 \u6c23 \uff0c \u6050 \u6015 \u4ed6 \u5011 \u5931 \u4e86 \u5fd7 \u6c23 \u3002\n"
                },
                "22": {
                    "verse_nr": 22,
                    "verse": "\u4f60 \u5011 \u4f5c \u50d5 \u4eba \u7684 \uff0c \u8981 \u51e1 \u4e8b \u807d \u5f9e \u4f60 \u5011 \u8089 \u8eab \u7684 \u4e3b \u4eba \uff0c \u4e0d \u8981 \u53ea \u5728 \u773c \u524d \u4e8b \u5949 \uff0c \u50cf \u662f \u8a0e \u4eba \u559c \u6b61 \u7684 \uff0c \u7e3d \u8981 \u5b58 \u5fc3 \u8aa0 \u5be6 \u656c \u754f \u4e3b \u3002\n"
                },
                "23": {
                    "verse_nr": 23,
                    "verse": "\u7121 \u8ad6 \u505a \u751a \u9ebc \uff0c \u90fd \u8981 \u5f9e \u5fc3 \u88e1 \u505a \uff0c \u50cf \u662f \u7d66 \u4e3b \u505a \u7684 \uff0c \u4e0d \u662f \u7d66 \u4eba \u505a \u7684 \uff0c\n"
                },
                "24": {
                    "verse_nr": 24,
                    "verse": "\u56e0 \u4f60 \u5011 \u77e5 \u9053 \u5f9e \u4e3b \u90a3 \u88e1 \u5fc5 \u5f97 \u8457 \u57fa \u696d \u70ba \u8cde \u8cdc \uff1b \u4f60 \u5011 \u6240 \u4e8b \u5949 \u7684 \u4e43 \u662f \u4e3b \u57fa \u7763 \u3002\n"
                },
                "25": {
                    "verse_nr": 25,
                    "verse": "\u90a3 \u884c \u4e0d \u7fa9 \u7684 \u5fc5 \u53d7 \u4e0d \u7fa9 \u7684 \u5831 \u61c9 \uff1b \u4e3b \u4e26 \u4e0d \u504f \u5f85 \u4eba \u3002\n"
                }
            }
        },
        "4": {
            "chapter_nr": 4,
            "chapter": {
                "1": {
                    "verse_nr": 1,
                    "verse": "\u4f60 \u5011 \u4f5c \u4e3b \u4eba \u7684 \uff0c \u8981 \u516c \u516c \u5e73 \u5e73 \u7684 \u5f85 \u50d5 \u4eba \uff0c \u56e0 \u70ba \u77e5 \u9053 \u4f60 \u5011 \u4e5f \u6709 \u4e00 \u4f4d \u4e3b \u5728 \u5929 \u4e0a \u3002\n"
                },
                "2": {
                    "verse_nr": 2,
                    "verse": "\u4f60 \u5011 \u8981 \u6046 \u5207 \u79b1 \u544a \uff0c \u5728 \u6b64 \u5106 \u9192 \u611f \u6069 \u3002\n"
                },
                "3": {
                    "verse_nr": 3,
                    "verse": "\u4e5f \u8981 \u70ba \u6211 \u5011 \u79b1 \u544a \uff0c \u6c42 \u795e \u7d66 \u6211 \u5011 \u958b \u50b3 \u9053 \u7684 \u9580 \uff0c \u80fd \u4ee5 \u8b1b \u57fa \u7763 \u7684 \u5967 \u7955 \uff08 \u6211 \u70ba \u6b64 \u88ab \u6346 \u9396 \uff09 \uff0c\n"
                },
                "4": {
                    "verse_nr": 4,
                    "verse": "\u53eb \u6211 \u6309 \u8457 \u6240 \u8a72 \u8aaa \u7684 \u8a71 \u5c07 \u9019 \u5967 \u7955 \u767c \u660e \u51fa \u4f86 \u3002\n"
                },
                "5": {
                    "verse_nr": 5,
                    "verse": "\u4f60 \u5011 \u8981 \u611b \u60dc \u5149 \u9670 \uff0c \u7528 \u667a \u6167 \u8207 \u5916 \u4eba \u4ea4 \u5f80 \u3002\n"
                },
                "6": {
                    "verse_nr": 6,
                    "verse": "\u4f60 \u5011 \u7684 \u8a00 \u8a9e \u8981 \u5e38 \u5e38 \u5e36 \u8457 \u548c \u6c23 \uff0c \u597d \u50cf \u7528 \u9e7d \u8abf \u548c \uff0c \u5c31 \u53ef \u77e5 \u9053 \u8a72 \u600e \u6a23 \u56de \u7b54 \u5404 \u4eba \u3002\n"
                },
                "7": {
                    "verse_nr": 7,
                    "verse": "\u6709 \u6211 \u89aa \u611b \u7684 \u5144 \u5f1f \u63a8 \u57fa \u53e4 \u8981 \u5c07 \u6211 \u4e00 \u5207 \u7684 \u4e8b \u90fd \u544a \u8a34 \u4f60 \u5011 \u3002 \u4ed6 \u662f \u5fe0 \u5fc3 \u7684 \u57f7 \u4e8b \uff0c \u548c \u6211 \u4e00 \u540c \u4f5c \u4e3b \u7684 \u50d5 \u4eba \uff0c\n"
                },
                "8": {
                    "verse_nr": 8,
                    "verse": "\u6211 \u7279 \u610f \u6253 \u767c \u4ed6 \u5230 \u4f60 \u5011 \u90a3 \u88e1 \u53bb \uff0c \u597d \u53eb \u4f60 \u5011 \u77e5 \u9053 \u6211 \u5011 \u7684 \u5149 \u666f \uff0c \u53c8 \u53eb \u4ed6 \u5b89 \u6170 \u4f60 \u5011 \u7684 \u5fc3 \u3002\n"
                },
                "9": {
                    "verse_nr": 9,
                    "verse": "\u6211 \u53c8 \u6253 \u767c \u4e00 \u4f4d \u89aa \u611b \u5fe0 \u5fc3 \u7684 \u5144 \u5f1f \u963f \u5c3c \u897f \u6bcd \u540c \u53bb \uff1b \u4ed6 \u4e5f \u662f \u4f60 \u5011 \u90a3 \u88e1 \u7684 \u4eba \u3002 \u4ed6 \u5011 \u8981 \u628a \u9019 \u88e1 \u4e00 \u5207 \u7684 \u4e8b \u90fd \u544a \u8a34 \u4f60 \u5011 \u3002\n"
                },
                "10": {
                    "verse_nr": 10,
                    "verse": "\u8207 \u6211 \u4e00 \u540c \u5750 \u76e3 \u7684 \u4e9e \u91cc \u9054 \u53e4 \u554f \u4f60 \u5011 \u5b89 \u3002 \u5df4 \u62ff \u5df4 \u7684 \u8868 \u5f1f \u99ac \u53ef \u4e5f \u554f \u4f60 \u5011 \u5b89 \u3002 \uff08 \u8aaa \u5230 \u9019 \u99ac \u53ef \uff0c \u4f60 \u5011 \u5df2 \u7d93 \u53d7 \u4e86 \u5429 \u5490 \uff1b \u4ed6 \u82e5 \u5230 \u4e86 \u4f60 \u5011 \u90a3 \u88e1 \uff0c \u4f60 \u5011 \u5c31 \u63a5 \u5f85 \u4ed6 \u3002 \uff09\n"
                },
                "11": {
                    "verse_nr": 11,
                    "verse": "\u8036 \u6578 \u53c8 \u7a31 \u70ba \u7336 \u58eb \u90fd \uff0c \u4e5f \u554f \u4f60 \u5011 \u5b89 \u3002 \u5949 \u5272 \u79ae \u7684 \u4eba \u4e2d \uff0c \u53ea \u6709 \u9019 \u4e09 \u500b \u4eba \u662f \u70ba \u795e \u7684 \u570b \u8207 \u6211 \u4e00 \u540c \u505a \u5de5 \u7684 \uff0c \u4e5f \u662f \u53eb \u6211 \u5fc3 \u88e1 \u5f97 \u5b89 \u6170 \u7684 \u3002\n"
                },
                "12": {
                    "verse_nr": 12,
                    "verse": "\u6709 \u4f60 \u5011 \u90a3 \u88e1 \u7684 \u4eba \uff0c \u4f5c \u57fa \u7763 \u8036 \u7a4c \u50d5 \u4eba \u7684 \u4ee5 \u5df4 \u5f17 \u554f \u4f60 \u5011 \u5b89 \u3002 \u4ed6 \u5728 \u79b1 \u544a \u4e4b \u9593 \uff0c \u5e38 \u70ba \u4f60 \u5011 \u7aed \u529b \u7684 \u7948 \u6c42 \uff0c \u9858 \u4f60 \u5011 \u5728 \u795e \u4e00 \u5207 \u7684 \u65e8 \u610f \u4e0a \u5f97 \u4ee5 \u5b8c \u5168 \uff0c \u4fe1 \u5fc3 \u5145 \u8db3 \uff0c \u80fd \u7ad9 \u7acb \u5f97 \u7a69 \u3002\n"
                },
                "13": {
                    "verse_nr": 13,
                    "verse": "\u4ed6 \u70ba \u4f60 \u5011 \u548c \u8001 \u5e95 \u5609 \u4e26 \u5e0c \u62c9 \u6ce2 \u7acb \u7684 \u5f1f \u5144 \u591a \u591a \u7684 \u52de \u82e6 \uff0c \u9019 \u662f \u6211 \u53ef \u4ee5 \u7d66 \u4ed6 \u4f5c \u898b \u8b49 \u7684 \u3002\n"
                },
                "14": {
                    "verse_nr": 14,
                    "verse": "\u6240 \u89aa \u611b \u7684 \u91ab \u751f \u8def \u52a0 \u548c \u5e95 \u99ac \u554f \u4f60 \u5011 \u5b89 \u3002\n"
                },
                "15": {
                    "verse_nr": 15,
                    "verse": "\u8acb \u554f \u8001 \u5e95 \u5609 \u7684 \u5f1f \u5144 \u548c \u5be7 \u6cd5 \uff0c \u4e26 \u4ed6 \u5bb6 \u88e1 \u7684 \u6559 \u6703 \u5b89 \u3002\n"
                },
                "16": {
                    "verse_nr": 16,
                    "verse": "\u4f60 \u5011 \u5ff5 \u4e86 \u9019 \u66f8 \u4fe1 \uff0c \u4fbf \u4ea4 \u7d66 \u8001 \u5e95 \u5609 \u7684 \u6559 \u6703 \uff0c \u53eb \u4ed6 \u5011 \u4e5f \u5ff5 \uff1b \u4f60 \u5011 \u4e5f \u8981 \u5ff5 \u5f9e \u8001 \u5e95 \u5609 \u4f86 \u7684 \u66f8 \u4fe1 \u3002\n"
                },
                "17": {
                    "verse_nr": 17,
                    "verse": "\u8981 \u5c0d \u4e9e \u57fa \u5e03 \u8aaa \uff1a \u52d9 \u8981 \u8b39 \u614e \uff0c \u76e1 \u4f60 \u5f9e \u4e3b \u6240 \u53d7 \u7684 \u8077 \u5206 \u3002\n"
                },
                "18": {
                    "verse_nr": 18,
                    "verse": "\u6211 \u4fdd \u7f85 \u89aa \u7b46 \u554f \u4f60 \u5011 \u5b89 \u3002 \u4f60 \u5011 \u8981 \u8a18 \u5ff5 \u6211 \u7684 \u6346 \u9396 \u3002 \u9858 \u6069 \u60e0 \u5e38 \u8207 \u4f60 \u5011 \u540c \u5728 \uff01\n"
                }
            }
        }
    }
}