{
    "version": "ls1910",
    "book_name": "2 Thessalonians",
    "book_nr": "53",
    "book": {
        "1": {
            "chapter_nr": 1,
            "chapter": {
                "1": {
                    "verse_nr": 1,
                    "verse": "Paul, et Silvain, et Timoth\u00e9e, \u00e0 l'Eglise des Thessaloniciens, qui est en Dieu notre P\u00e8re et en J\u00e9sus-Christ le Seigneur:\n"
                },
                "2": {
                    "verse_nr": 2,
                    "verse": "que la gr\u00e2ce et la paix vous soient donn\u00e9es de la part de Dieu notre P\u00e8re et du Seigneur J\u00e9sus-Christ!\n"
                },
                "3": {
                    "verse_nr": 3,
                    "verse": "Nous devons \u00e0 votre sujet, fr\u00e8res, rendre continuellement gr\u00e2ces \u00e0 Dieu, comme cela est juste, parce que votre foi fait de grands progr\u00e8s, et que la charit\u00e9 de chacun de vous tous \u00e0 l'\u00e9gard des autres augmente de plus en plus.\n"
                },
                "4": {
                    "verse_nr": 4,
                    "verse": "Aussi nous glorifions-nous de vous dans les Eglises de Dieu, \u00e0 cause de votre pers\u00e9v\u00e9rance et de votre foi au milieu de toutes vos pers\u00e9cutions et des tribulations que vous avez \u00e0 supporter.\n"
                },
                "5": {
                    "verse_nr": 5,
                    "verse": "C'est une preuve du juste jugement de Dieu, pour que vous soyez jug\u00e9s dignes du royaume de Dieu, pour lequel vous souffrez.\n"
                },
                "6": {
                    "verse_nr": 6,
                    "verse": "Car il est de la justice de Dieu de rendre l'affliction \u00e0 ceux qui vous affligent,\n"
                },
                "7": {
                    "verse_nr": 7,
                    "verse": "et de vous donner, \u00e0 vous qui \u00eates afflig\u00e9s, du repos avec nous, lorsque le Seigneur J\u00e9sus appara\u00eetra du ciel avec les anges de sa puissance,\n"
                },
                "8": {
                    "verse_nr": 8,
                    "verse": "au milieu d'une flamme de feu, pour punir ceux qui ne connaissent pas Dieu et ceux qui n'ob\u00e9issent pas \u00e0 l'Evangile de notre Seigneur J\u00e9sus.\n"
                },
                "9": {
                    "verse_nr": 9,
                    "verse": "Ils auront pour ch\u00e2timent une ruine \u00e9ternelle, loin de la face du Seigneur et de la gloire de sa force,\n"
                },
                "10": {
                    "verse_nr": 10,
                    "verse": "lorsqu'il viendra pour \u00eatre, en ce jour-l\u00e0, glorifi\u00e9 dans ses saints et admir\u00e9 dans tous ceux qui auront cru, car notre t\u00e9moignage aupr\u00e8s de vous a \u00e9t\u00e9 cru.\n"
                },
                "11": {
                    "verse_nr": 11,
                    "verse": "C'est pourquoi aussi nous prions continuellement pour vous, afin que notre Dieu vous juge dignes de la vocation, et qu'il accomplisse par sa puissance tous les desseins bienveillants de sa bont\u00e9, et l'oeuvre de votre foi,\n"
                },
                "12": {
                    "verse_nr": 12,
                    "verse": "pour que le nom de notre Seigneur J\u00e9sus soit glorifi\u00e9 en vous, et que vous soyez glorifi\u00e9s en lui, selon la gr\u00e2ce de notre Dieu et du Seigneur J\u00e9sus-Christ.\n"
                }
            }
        },
        "2": {
            "chapter_nr": 2,
            "chapter": {
                "1": {
                    "verse_nr": 1,
                    "verse": "Pour ce qui concerne l'av\u00e8nement de notre Seigneur J\u00e9sus-Christ et notre r\u00e9union avec lui, nous vous prions, fr\u00e8res,\n"
                },
                "2": {
                    "verse_nr": 2,
                    "verse": "de ne pas vous laisser facilement \u00e9branler dans votre bon sens, et de ne pas vous laisser troubler, soit par quelque inspiration, soit par quelque parole, ou par quelque lettre qu'on dirait venir de nous, comme si le jour du Seigneur \u00e9tait d\u00e9j\u00e0 l\u00e0.\n"
                },
                "3": {
                    "verse_nr": 3,
                    "verse": "Que personne ne vous s\u00e9duise d'aucune mani\u00e8re; car il faut que l'apostasie soit arriv\u00e9e auparavant, et qu'on ait vu para\u00eetre l'homme du p\u00e9ch\u00e9, le fils de la perdition,\n"
                },
                "4": {
                    "verse_nr": 4,
                    "verse": "l'adversaire qui s'\u00e9l\u00e8ve au-dessus de tout ce qu'on appelle Dieu ou de ce qu'on adore, jusqu'\u00e0 s'asseoir dans le temple de Dieu, se proclamant lui-m\u00eame Dieu.\n"
                },
                "5": {
                    "verse_nr": 5,
                    "verse": "Ne vous souvenez-vous pas que je vous disais ces choses, lorsque j'\u00e9tais encore chez vous?\n"
                },
                "6": {
                    "verse_nr": 6,
                    "verse": "Et maintenant vous savez ce qui le retient, afin qu'il ne paraisse qu'en son temps.\n"
                },
                "7": {
                    "verse_nr": 7,
                    "verse": "Car le myst\u00e8re de l'iniquit\u00e9 agit d\u00e9j\u00e0; il faut seulement que celui qui le retient encore ait disparu.\n"
                },
                "8": {
                    "verse_nr": 8,
                    "verse": "Et alors para\u00eetra l'impie, que le Seigneur J\u00e9sus d\u00e9truira par le souffle de sa bouche, et qu'il an\u00e9antira par l'\u00e9clat de son av\u00e8nement.\n"
                },
                "9": {
                    "verse_nr": 9,
                    "verse": "L'apparition de cet impie se fera, par la puissance de Satan, avec toutes sortes de miracles, de signes et de prodiges mensongers,\n"
                },
                "10": {
                    "verse_nr": 10,
                    "verse": "et avec toutes les s\u00e9ductions de l'iniquit\u00e9 pour ceux qui p\u00e9rissent parce qu'ils n'ont pas re\u00e7u l'amour de la v\u00e9rit\u00e9 pour \u00eatre sauv\u00e9s.\n"
                },
                "11": {
                    "verse_nr": 11,
                    "verse": "Aussi Dieu leur envoie une puissance d'\u00e9garement, pour qu'ils croient au mensonge,\n"
                },
                "12": {
                    "verse_nr": 12,
                    "verse": "afin que tous ceux qui n'ont pas cru \u00e0 la v\u00e9rit\u00e9, mais qui ont pris plaisir \u00e0 l'injustice, soient condamn\u00e9s.\n"
                },
                "13": {
                    "verse_nr": 13,
                    "verse": "Pour nous, fr\u00e8res bien-aim\u00e9s du Seigneur, nous devons \u00e0 votre sujet rendre continuellement gr\u00e2ces \u00e0 Dieu, parce que Dieu vous a choisis d\u00e8s le commencement pour le salut, par la sanctification de l'Esprit et par la foi en la v\u00e9rit\u00e9.\n"
                },
                "14": {
                    "verse_nr": 14,
                    "verse": "C'est \u00e0 quoi il vous a appel\u00e9s par notre Evangile, pour que vous poss\u00e9diez la gloire de notre Seigneur J\u00e9sus-Christ.\n"
                },
                "15": {
                    "verse_nr": 15,
                    "verse": "Ainsi donc, fr\u00e8res, demeurez fermes, et retenez les instructions que vous avez re\u00e7ues, soit par notre parole, soit par notre lettre.\n"
                },
                "16": {
                    "verse_nr": 16,
                    "verse": "Que notre Seigneur J\u00e9sus-Christ lui-m\u00eame, et Dieu notre P\u00e8re, qui nous a aim\u00e9s, et qui nous a donn\u00e9 par sa gr\u00e2ce une consolation \u00e9ternelle et une bonne esp\u00e9rance,\n"
                },
                "17": {
                    "verse_nr": 17,
                    "verse": "consolent vos coeurs, et vous affermissent en toute bonne oeuvre et en toute bonne parole!\n"
                }
            }
        },
        "3": {
            "chapter_nr": 3,
            "chapter": {
                "1": {
                    "verse_nr": 1,
                    "verse": "Au reste, fr\u00e8res, priez pour nous, afin que la parole du Seigneur se r\u00e9pande et soit glorifi\u00e9e comme elle l'est chez-vous,\n"
                },
                "2": {
                    "verse_nr": 2,
                    "verse": "et afin que nous soyons d\u00e9livr\u00e9s des hommes m\u00e9chants et pervers; car tous n'ont pas la foi.\n"
                },
                "3": {
                    "verse_nr": 3,
                    "verse": "Le Seigneur est fid\u00e8le, il vous affermira et vous pr\u00e9servera du malin.\n"
                },
                "4": {
                    "verse_nr": 4,
                    "verse": "Nous avons \u00e0 votre \u00e9gard cette confiance dans le Seigneur que vous faites et que vous ferez les choses que nous recommandons.\n"
                },
                "5": {
                    "verse_nr": 5,
                    "verse": "Que le Seigneur dirige vos coeurs vers l'amour de Dieu et vers la patience de Christ!\n"
                },
                "6": {
                    "verse_nr": 6,
                    "verse": "nous vous recommandons, fr\u00e8res, au nom de notre Seigneur J\u00e9sus-Christ, de vous \u00e9loigner de tout fr\u00e8re qui vit dans le d\u00e9sordre, et non selon les instructions que vous avez re\u00e7ues de nous.\n"
                },
                "7": {
                    "verse_nr": 7,
                    "verse": "Vous savez vous-m\u00eames comment il faut nous imiter, car nous n'avons pas v\u00e9cu parmi vous dans le d\u00e9sordre.\n"
                },
                "8": {
                    "verse_nr": 8,
                    "verse": "Nous n'avons mang\u00e9 gratuitement le pain de personne; mais, dans le travail et dans la peine, nous avons \u00e9t\u00e9 nuit et jour \u00e0 l'oeuvre, pour n'\u00eatre \u00e0 charge \u00e0 aucun de vous.\n"
                },
                "9": {
                    "verse_nr": 9,
                    "verse": "Ce n'est pas que nous n'en eussions le droit, mais nous avons voulu vous donner en nous-m\u00eames un mod\u00e8le \u00e0 imiter.\n"
                },
                "10": {
                    "verse_nr": 10,
                    "verse": "Car, lorsque nous \u00e9tions chez vous, nous vous disions express\u00e9ment: Si quelqu'un ne veut pas travailler, qu'il ne mange pas non plus.\n"
                },
                "11": {
                    "verse_nr": 11,
                    "verse": "Nous apprenons, cependant, qu'il y en a parmi vous quelques-uns qui vivent dans le d\u00e9sordre, qui ne travaillent pas, mais qui s'occupent de futilit\u00e9s.\n"
                },
                "12": {
                    "verse_nr": 12,
                    "verse": "Nous invitons ces gens-l\u00e0, et nous les exhortons par le Seigneur J\u00e9sus-Christ, \u00e0 manger leur propre pain, en travaillant paisiblement.\n"
                },
                "13": {
                    "verse_nr": 13,
                    "verse": "Pour vous, fr\u00e8res, ne vous lassez pas de faire le bien.\n"
                },
                "14": {
                    "verse_nr": 14,
                    "verse": "Et si quelqu'un n'ob\u00e9it pas \u00e0 ce que nous disons par cette lettre, notez-le, et n'ayez point de communication avec lui, afin qu'il \u00e9prouve de la honte.\n"
                },
                "15": {
                    "verse_nr": 15,
                    "verse": "Ne le regardez pas comme un ennemi, mais avertissez-le comme un fr\u00e8re.\n"
                },
                "16": {
                    "verse_nr": 16,
                    "verse": "Que le Seigneur de la paix vous donne lui-m\u00eame la paix en tout temps, de toute mani\u00e8re! Que le Seigneur soit avec vous tous!\n"
                },
                "17": {
                    "verse_nr": 17,
                    "verse": "Je vous salue, moi Paul, de ma propre main. C'est l\u00e0 ma signature dans toutes mes lettres; c'est ainsi que j'\u00e9cris.\n"
                },
                "18": {
                    "verse_nr": 18,
                    "verse": "Que la gr\u00e2ce de notre Seigneur J\u00e9sus-Christ soit avec vous tous!\n"
                }
            }
        }
    }
}