{
    "version": "ABA",
    "book_name": "Esther",
    "book_nr": "17",
    "book": {
        "1": {
            "chapter_nr": "1",
            "chapter": {
                "1": {
                    "verse_nr": "1",
                    "verse": "Dit was in die tyd toe Ahasveros koning was. Hierdie koning Ahasveros was koning van 127 provinsies, van die land Indi\u00eb tot by die land Kus."
                },
                "2": {
                    "verse_nr": "2",
                    "verse": "In die tyd toe koning Ahasveros regeer het, het hy gewoon in Susan, 'n stad wat sterk mure gehad het."
                },
                "3": {
                    "verse_nr": "3",
                    "verse": "In die derde jaar nadat hy koning geword het, het hy 'n fees gehou vir al sy amptenare en ministers. Die belangrike manne van die lande Persi\u00eb en Medi\u00eb was daar, en al die belangrikste amptenare van die provinsies."
                },
                "4": {
                    "verse_nr": "4",
                    "verse": "Die koning wou vir hulle wys dat hy 'n ryk en belangrike koning is. Die fees het 180 dae lank aangehou."
                },
                "5": {
                    "verse_nr": "5",
                    "verse": "N\u00e1 daardie fees het die koning almal wat in die stad Susan gewoon het, genooi om saam met hom fees te vier op die oop stuk grond in die tuin van sy paleis. Hierdie fees het sewe dae lank aangehou."
                },
                "6": {
                    "verse_nr": "6",
                    "verse": "Hulle het wit en blou lappe vasgemaak aan ringe aan marmer pilare. Hulle het die lappe vasgemaak met toue van linne en pers wol. Daar was banke van goud en silwer op 'n vloer van baie kosbare klip."
                },
                "7": {
                    "verse_nr": "7",
                    "verse": "Die mense het gedrink uit goue bekers, die bekers was nie almal dieselfde nie, en daar was baie wyn, die koning het so besluit."
                },
                "8": {
                    "verse_nr": "8",
                    "verse": "Elkeen kon drink so baie of so min soos hy wou drink. Die koning het ges\u00ea die paleis-amptenare moet vir die gaste s\u00ea hulle mag self besluit."
                },
                "9": {
                    "verse_nr": "9",
                    "verse": "Koningin Vasti het ook vir die vroue genooi om te kom eet in die paleis van koning Ahasveros."
                },
                "10": {
                    "verse_nr": "10",
                    "verse": "Op die sewende dag van sy fees het die koning vrolik gevoel van die wyn. Hy het die sewe manne geroep wat in die paleis vir hom gewerk het. Hulle was Mehuman, Bisseta, Garbona, Bigta, Abagta, Setar en Karkas."
                },
                "11": {
                    "verse_nr": "11",
                    "verse": "Die koning het ges\u00ea hulle moet vir koningin Vasti na hom toe bring, en sy moet haar kroon op haar kop dra. Hy wou vir al die amptenare en vir al die mense wys hoe mooi sy is. Sy was 'n baie mooi vrou."
                },
                "12": {
                    "verse_nr": "12",
                    "verse": "Maar koningin Vasti wou nie kom toe die koning haar laat roep het nie, en die koning het kwaad geword, baie kwaad."
                },
                "13": {
                    "verse_nr": "13",
                    "verse": "Hy het gepraat met die slim mense wat vir hom gehelp het om te besluit, want die koning het altyd vir die mense wat die wette geken het, gevra wat hy moet doen."
                },
                "14": {
                    "verse_nr": "14",
                    "verse": "Die sewe amptenare van Persi\u00eb en Medi\u00eb was naby die koning. Hulle was Karsena, Setar, Admata, Tarsis, Meres, Marsena en Memukan. Hulle was die belangrikste amptenare in die land en hulle kon self met die koning praat."
                },
                "15": {
                    "verse_nr": "15",
                    "verse": "Die koning het vir hulle gevra: \u201cWat s\u00ea die wette, wat moet ek doen met koningin Vasti? Sy het nie geluister toe ek die manne gestuur het om haar te roep nie.\u201d"
                },
                "16": {
                    "verse_nr": "16",
                    "verse": "Memukan het vir die koning en die amptenare ges\u00ea: \u201cKoningin Vasti het verkeerd gedoen teen die koning, en sy het ook verkeerd gedoen teen al die amptenare en teen al die mense in die provinsies van die koning."
                },
                "17": {
                    "verse_nr": "17",
                    "verse": "Al die vroue sal hoor wat die koningin gedoen het en hulle sal dink hulle mans is nie belangrik nie. Hulle sal s\u00ea: \u2018Koning Ahasveros het vir koningin Vasti laat roep, en sy het nie gekom nie.\u2019"
                },
                "18": {
                    "verse_nr": "18",
                    "verse": "Die vroue van die leiers van Persi\u00eb en Medi\u00eb wat hoor wat die koningin gedoen het, sal vandag dieselfde s\u00ea vir hulle mans, daardie vroue sal dink hulle mans is nie belangrik nie, en dan sal hulle mans baie kwaad word."
                },
                "19": {
                    "verse_nr": "19",
                    "verse": "As die koning dink dit is reg, dan moet jy dit vandag s\u00ea, en jy moet 'n wet laat skryf in die wette van Persi\u00eb en Medi\u00eb. Die wet moet s\u00ea dat Vasti nie weer by jou mag kom nie. En jy moet 'n ander vrou kies en jy moet haar koningin maak, 'n vrou wat beter is as Vasti."
                },
                "20": {
                    "verse_nr": "20",
                    "verse": "As die mense in al die lande waaroor die koning regeer, hoor wat die koning ges\u00ea het, dan sal elke vrou haar man respekteer, dit maak nie saak of die man belangrik of onbelangrik is nie.\u201d"
                },
                "21": {
                    "verse_nr": "21",
                    "verse": "Die koning en die amptenare het ges\u00ea dit is goed, en die koning het gedoen wat Memukan ges\u00ea het."
                },
                "22": {
                    "verse_nr": "22",
                    "verse": "Die koning het ges\u00ea hulle moet briewe stuur na elke provinsie, en hulle moet die skrif en die taal gebruik van die mense van daardie provinsie. Die koning het ges\u00ea dat elke man die hoof moet wees in sy huis en dat hy moet doen wat die mense van sy volk gewoonlik doen."
                }
            }
        },
        "2": {
            "chapter_nr": "2",
            "chapter": {
                "1": {
                    "verse_nr": "1",
                    "verse": "Later was die koning nie meer kwaad nie, maar hy het gedink aan Vasti en wat sy gedoen het en wat hy oor haar besluit het."
                },
                "2": {
                    "verse_nr": "2",
                    "verse": "Die jongmanne wat vir die koning gewerk het, het ges\u00ea die koning moet s\u00ea hulle moet vir hom mooi jongmeisies soek."
                },
                "3": {
                    "verse_nr": "3",
                    "verse": "Hy moet in al die provinsies waaroor hy regeer, mense kies en aanstel om al die mooi jongmeisies te soek, en hulle moet die meisies na die stad Susan bring. Die meisies moet bymekaarkom in die kamers vir die vroue, en Hegai, die amptenaar van die koning, sal die vroue daar oppas. Dan moet hulle al die meisies mooi maak"
                },
                "4": {
                    "verse_nr": "4",
                    "verse": "en die meisie van wie die koning die meeste hou, moet koningin word n\u00e1 Vasti. Die koning het gedink dit is 'n goeie plan, en hy het dit gedoen."
                },
                "5": {
                    "verse_nr": "5",
                    "verse": "In die stad Susan was daar 'n man wat uit die land Juda gekom het. Sy naam was Mordegai. Hy was van die Benjamin-stam en hy was die seun van Ja\u00efr seun van Simi seun van Kis."
                },
                "6": {
                    "verse_nr": "6",
                    "verse": "Toe koning Nebukadnesar van Babel vir koning Jojagin gevang en weggevat het na Babel, het hy vir Mordegai en sy familie ook saamgevat."
                },
                "7": {
                    "verse_nr": "7",
                    "verse": "Mordegai het 'n niggie gehad, sy was 'n weeskind. Mordegai het vir haar gesorg en haar grootgemaak. Haar naam was Hadassa, en hulle het haar ook Ester genoem. Sy was baie mooi. Mordegai het haar aangeneem toe haar ouers dood is en sy het Mordegai se dogter geword."
                },
                "8": {
                    "verse_nr": "8",
                    "verse": "Toe die amptenare hoor wat die koning besluit het, het hulle baie jongmeisies bymekaargemaak. Hulle het die meisies na die stad Susan geneem. Daar het Hegai vir die meisies gesorg. Ester was een van hierdie meisies. Hegai was die opsigter wat gekyk het dat alles reg is in die kamers waar die koning se vroue gewoon het."
                },
                "9": {
                    "verse_nr": "9",
                    "verse": "Hegai het gesien dat Ester baie mooi is, en hy het gehou van haar. Hy het dadelik gesorg dat sy die regte kos kry en dat hulle vir haar baie mooi maak. Hy het sewe meisies uit die paleis gekies om haar te help, en hy het vir haar en die meisies die beste kamers gegee om in te woon."
                },
                "10": {
                    "verse_nr": "10",
                    "verse": "Ester het nie ges\u00ea van watter volk sy is en wie haar familie is nie. Mordegai het ges\u00ea sy moet stilbly daaroor."
                },
                "11": {
                    "verse_nr": "11",
                    "verse": "Mordegai het elke dag by die kamers van die koning se vroue verbygeloop om uit te vind hoe dit met Ester gaan en wat hulle doen met haar."
                },
                "12": {
                    "verse_nr": "12",
                    "verse": "Hulle het elke meisie twaalf maande lank mooi gemaak, ses maande met mirre-olie en ses maande met balsem en ander mooimaakgoed. Wanneer dit 'n meisie se beurt was om by koning Ahasveros te kom"
                },
                "13": {
                    "verse_nr": "13",
                    "verse": "dan kon sy enige iets kry wat sy na die paleis wou saamneem, enige iets uit die kamers van die vroue."
                },
                "14": {
                    "verse_nr": "14",
                    "verse": "Die meisie het in die aand ingegaan in die paleis. Wanneer sy in die oggend terugkom, moes sy na ander kamers gaan waar die byvroue van die koning gewoon het. Die amptenaar Sa\u00e4sgas het vir hierdie vroue gesorg. 'n Byvrou het net weer by die koning gekom as hy ges\u00ea het sy moet kom."
                },
                "15": {
                    "verse_nr": "15",
                    "verse": "Ester was die dogter van Abigajil, Mordegai se oom. Mordegai het haar aangeneem, sy was soos Mordegai se eie dogter. Toe dit Ester se beurt was om na die koning toe te gaan, het sy niks gevra wat sy wou saamneem nie. Sy het net die klere saamgeneem wat die amptenaar Hegai ges\u00ea het. Hegai was die opsigter wat die vroue van die koning opgepas het. Almal wat vir Ester gesien het, het gehou van haar."
                },
                "16": {
                    "verse_nr": "16",
                    "verse": "Ester het by koning Ahasveros in sy paleis gekom in die tiende maand, die maand Tebet, in die sewende jaar nadat hy koning geword het."
                },
                "17": {
                    "verse_nr": "17",
                    "verse": "Die koning het baie lief geword vir Ester, meer lief as vir al die ander vroue. Hy het meer van haar gehou as van die ander meisies. Hy het 'n kroon op haar kop gesit en hy het haar die koningin gemaak. Voorheen was Vasti die koningin."
                },
                "18": {
                    "verse_nr": "18",
                    "verse": "Die koning het 'n groot fees gehou vir al sy amptenare en ministers. Dit was 'n fees vir Ester. Die koning het ges\u00ea die mense van die provinsies moet 'n tyd lank nie belasting betaal nie en hy het vir baie mense presente gegee."
                },
                "19": {
                    "verse_nr": "19",
                    "verse": "Toe die amptenare die meisies bymekaargebring het, was Mordegai 'n amptenaar by die paleis."
                },
                "20": {
                    "verse_nr": "20",
                    "verse": "Ester het nie ges\u00ea wie haar familie is en van watter volk sy is nie. Mordegai het ges\u00ea sy moenie vir hulle s\u00ea nie, en Ester was nou ook so gehoorsaam soos toe sy grootgeword het by hom."
                },
                "21": {
                    "verse_nr": "21",
                    "verse": "In die tyd toe Mordegai 'n amptenaar was by die paleis van die koning, het twee amptenare van die koning kwaad geword vir koning Ahasveros en hulle het besluit om die koning te vermoor. Hulle was wagte wat die koning moes oppas."
                },
                "22": {
                    "verse_nr": "22",
                    "verse": "Mordegai het gehoor wat hulle wil doen, en hy het dit vir koningin Ester ges\u00ea. Sy het vir die koning gaan s\u00ea wat Mordegai ges\u00ea het."
                },
                "23": {
                    "verse_nr": "23",
                    "verse": "Die koning het ges\u00ea sy amptenare moet kyk of dit waar is, en hy het die twee mans laat ophang aan 'n paal. Hy het ges\u00ea sy amptenare moet dit in sy dagboek skryf."
                }
            }
        },
        "3": {
            "chapter_nr": "3",
            "chapter": {
                "1": {
                    "verse_nr": "1",
                    "verse": "Later het koning Ahasveros vir Haman seun van Hammedata 'n belangrike man gemaak. Haman was van die nageslag van Agag. Die koning het vir Haman 'n belangrike amptenaar gemaak, sy stoel het ho\u00ebr gestaan as die ander amptenare se stoele."
                },
                "2": {
                    "verse_nr": "2",
                    "verse": "Die koning het ges\u00ea al die amptenare in die paleis moet voor Haman buig en hulle moet op die grond gaan l\u00ea voor hom. Maar Mordegai het dit nie gedoen nie."
                },
                "3": {
                    "verse_nr": "3",
                    "verse": "Die ander amptenare in die paleis het vir Mordegai gevra: \u201cHoekom doen jy nie wat die koning ges\u00ea het nie?\u201d"
                },
                "4": {
                    "verse_nr": "4",
                    "verse": "Hulle het elke dag met Mordegai daaroor gepraat. Mordegai het vir hulle ges\u00ea dat hy nie wil buig nie omdat hy 'n Jude\u00ebr is. Toe Mordegai nie wou luister nie, het hulle dit vir Haman vertel, hulle wou sien of Mordegai sal aanhou om nie te buig nie."
                },
                "5": {
                    "verse_nr": "5",
                    "verse": "Haman het baie kwaad geword toe hy hoor dat Mordegai nie voor hom wil buig nie en dat hy nie op die grond wil gaan l\u00ea nie."
                },
                "6": {
                    "verse_nr": "6",
                    "verse": "Maar Haman het gedink dit is nie genoeg om net vir Mordegai te straf nie. Haman het gehoor aan watter volk Mordegai behoort, hy het gehoor dat Mordegai 'n Jude\u00ebr is. Toe het Haman planne gemaak om al die Jude\u00ebrs dood te maak in al die lande waaroor Ahasveros regeer het."
                },
                "7": {
                    "verse_nr": "7",
                    "verse": "Haman het ges\u00ea sy mense moet die \u201cpur\u201d gooi, dit beteken hulle het lootjies getrek. Hy het dit gedoen in die eerste maand, die maand Nisan, in die twaalfde jaar nadat Ahasveros koning geword het. Hy wou weet op watter dag en in watter maand hy die Jude\u00ebrs moet laat doodmaak. Die lootjies het gewys die twaalfde maand, die maand Adar."
                },
                "8": {
                    "verse_nr": "8",
                    "verse": "Toe het Haman vir koning Ahasveros ges\u00ea: \u201cDaar is 'n volk wat oral tussen ander volke woon in al die provinsies waaroor jy regeer. Daardie volk het ander wette as die ander volke en hulle is nie gehoorsaam aan die wette van die koning nie. Die koning mag hulle nie los nie, hulle mag nie aanhou doen wat hulle doen nie."
                },
                "9": {
                    "verse_nr": "9",
                    "verse": "Koning, as jy dink dit is reg, dan moet jy 'n wet maak om die Jude\u00ebrs almal dood te maak. Dan sal ek 10 000 talente silwer gee wat jou amptenare by jou ander geld kan b\u00eare.\u201d"
                },
                "10": {
                    "verse_nr": "10",
                    "verse": "Die koning het sy se\u00ebl afgehaal en hy het dit vir Haman seun van Hammedata gegee. Haman was van die nageslag van Agag en hy was die vyand van die Jude\u00ebrs."
                },
                "11": {
                    "verse_nr": "11",
                    "verse": "Die koning het vir Haman ges\u00ea: \u201cJy mag die silwer hou, en jy mag met daardie volk doen wat jy wil.\u201d"
                },
                "12": {
                    "verse_nr": "12",
                    "verse": "Haman het die koning se sekretarisse laat roep op die dertiende dag van die eerste maand. Hy het ges\u00ea hulle moet briewe skryf vir die hoof-amptenare van die koning en vir die goewerneurs van elke provinsie en vir die amptenare van elke volk. Hulle het die briewe geskryf en hulle het die skrif van elke provinsie en die taal van elke volk gebruik. Hulle het geskryf wat Haman ges\u00ea het. Hulle het geskryf dat die briewe van koning Ahasveros kom en hulle het die se\u00ebl van die koning op die briewe gesit."
                },
                "13": {
                    "verse_nr": "13",
                    "verse": "Vinnige boodskappers het die briewe geneem na elke provinsie van die koning. In die briewe was geskryf dat die mense al die Jude\u00ebrs moet doodmaak, al die jongmense en die oumense, al die kinders en die vroue. Die koning het ook ges\u00ea dat die mense al die Jude\u00ebrs se goed moet vat. Dit moes gebeur op een dag, op die dertiende dag van die twaalfde maand, dit is die maand Adar."
                },
                "14": {
                    "verse_nr": "14",
                    "verse": "Die koning het dit besluit en dit moes 'n wet word in elke provinsie. Al die mense moes daarvan weet, sodat hulle gereed kon wees op daardie dag."
                },
                "15": {
                    "verse_nr": "15",
                    "verse": "Die koning het ges\u00ea die boodskappers moet gou maak, en hulle het dit gedoen. Toe die mense in die stad Susan hoor wat die koning besluit het, was hulle baie geskok en ontsteld. Maar die koning en Haman het gaan sit en hulle het wyn gedrink."
                }
            }
        },
        "4": {
            "chapter_nr": "4",
            "chapter": {
                "1": {
                    "verse_nr": "1",
                    "verse": "Mordegai het uitgevind wat gebeur het. Hy het sy klere geskeur, hy het rouklere aangetrek en as op sy kop gegooi. Hy het deur die stad geloop en hy het baie hard gehuil."
                },
                "2": {
                    "verse_nr": "2",
                    "verse": "Hy het gegaan tot voor die paleis van die koning, want mense mag nie in die paleis ingegaan het wanneer hulle rouklere gedra het nie."
                },
                "3": {
                    "verse_nr": "3",
                    "verse": "Die Jude\u00ebrs het begin rou, in elke provinsie, op elke plek waar hulle gelees het oor die besluit van die koning en die wet. Hulle het gevas en hulle het hard gehuil en gekla, en baie Jude\u00ebrs het rouklere aangetrek en as op hulle koppe gegooi."
                },
                "4": {
                    "verse_nr": "4",
                    "verse": "Die jongmeisies en die amptenare by Ester het vir haar vertel wat Mordegai doen. Die koningin het groot geskrik en sy het vir Mordegai klere gestuur sodat hy sy rouklere kon uittrek. Maar Mordegai wou nie die klere neem nie."
                },
                "5": {
                    "verse_nr": "5",
                    "verse": "Toe roep Ester vir Hatak. Hatak was 'n amptenaar van die koning, en die koning het ges\u00ea hy moet vir Ester werk. Ester het vir Hatak ges\u00ea hy moet na Mordegai toe gaan en hy moet uitvind wat Mordegai doen en hoekom hy dit doen."
                },
                "6": {
                    "verse_nr": "6",
                    "verse": "Hatak het na Mordegai toe gegaan op die oop stuk grond voor die paleis van die koning"
                },
                "7": {
                    "verse_nr": "7",
                    "verse": "en Mordegai het vir hom vertel wat alles met hom gebeur het. Hy het ook ges\u00ea presies hoeveel silwer Haman belowe het om vir die koning se amptenare te gee. Hulle moes dit vir die koning b\u00eare as hy al die Jude\u00ebrs sal laat doodmaak."
                },
                "8": {
                    "verse_nr": "8",
                    "verse": "Mordegai het vir Hatak een van die briewe gegee wat die koning oral in die stad Susan vir die mense gestuur het. In die briewe het die koning geskryf wat hy besluit het. Mordegai het ges\u00ea Hatak moet die brief vir Ester wys en vir haar alles vertel. Hy moet ook vir haar s\u00ea sy moet na die koning toe gaan en sy moet vir hom vra dat hy jammer moet wees vir haar mense en dat hy hulle nie moet laat doodmaak nie."
                },
                "9": {
                    "verse_nr": "9",
                    "verse": "Hatak het vir Ester gaan s\u00ea wat Mordegai ges\u00ea het"
                },
                "10": {
                    "verse_nr": "10",
                    "verse": "en Ester het vir Hatak ges\u00ea hy moet vir Mordegai gaan s\u00ea"
                },
                "11": {
                    "verse_nr": "11",
                    "verse": "\u201cAl die koning se mense en almal in die provinsies van die koning weet dat enige iemand, 'n man of 'n vrou, net na die koning toe mag gaan op die oop stuk grond binne-in die paleis wanneer die koning hom laat roep. As iemand na die koning toe gaan maar die koning het hom nie geroep nie, dan is daar een wet vir almal: Daardie persoon moet sterf. Hy sal net aanhou lewe as die koning sy goue septer na hom toe uitsteek. Die koning het my nog nie laat roep nie, en vandag is 30 dae klaar verby.\u201d"
                },
                "12": {
                    "verse_nr": "12",
                    "verse": "Hulle het vir Mordegai vertel wat Ester ges\u00ea het"
                },
                "13": {
                    "verse_nr": "13",
                    "verse": "en toe het Mordegai ges\u00ea hulle moet vir Ester antwoord en s\u00ea: \u201cJy moenie dink dat jy vry sal wegkom omdat jy in die koning se huisgesin is nie, jy sal saam met die ander Jude\u00ebrs sterf."
                },
                "14": {
                    "verse_nr": "14",
                    "verse": "Want as jy regtig wil stilbly in hierdie tyd, dan sal Iemand anders vir die Jude\u00ebrs help. Hulle sal vry wegkom, maar jy en jou familie sal sterf. Hoekom dink jy het jy koningin geword? Miskien het dit gebeur sodat jy jou volk kan help in so 'n moeilike tyd.\u201d"
                },
                "15": {
                    "verse_nr": "15",
                    "verse": "Ester het toe ges\u00ea hulle moet vir Mordegai gaan s\u00ea"
                },
                "16": {
                    "verse_nr": "16",
                    "verse": "\u201cJy moet al die Jude\u00ebrs in die stad Susan laat bymekaarkom en julle moet vas en dink aan my. Julle moet drie dae lank niks eet of drink nie, elke dag en nag. Ek en my jongmeisies sal ook vas, en daarna sal ek na die koning toe gaan. Dit is teen die wet, ek mag dit nie doen nie, maar as ek moet sterf, dan is dit goed.\u201d"
                },
                "17": {
                    "verse_nr": "17",
                    "verse": "Mordegai het gegaan en hy het alles gedoen wat Ester ges\u00ea het."
                }
            }
        },
        "5": {
            "chapter_nr": "5",
            "chapter": {
                "1": {
                    "verse_nr": "1",
                    "verse": "Drie dae later het Ester haar koningin-klere aangetrek en sy het op die oop stuk grond binne-in die paleis gaan staan. Dit was oorkant die kamer van die koning. Die koning het op sy troon gesit oorkant die deur van die kamer."
                },
                "2": {
                    "verse_nr": "2",
                    "verse": "Toe die koning vir koningin Ester daar op die oop stuk grond sien staan, was hy dadelik vriendelik met haar. Hy het 'n goue septer in sy hand gehad, en hy het dit na haar toe uitgesteek. Sy het nader gekom en aan die punt van die septer geraak."
                },
                "3": {
                    "verse_nr": "3",
                    "verse": "Die koning vra toe vir haar: \u201cKoningin Ester, wat is dit, wat wil jy vir my vra? Jy mag enige iets vir my vra. As jy die helfte van die lande vra waaroor ek regeer, dan sal ek dit ook vir jou gee.\u201d"
                },
                "4": {
                    "verse_nr": "4",
                    "verse": "Ester het ges\u00ea: \u201cAs die koning dink dit is reg, dan moet die koning en Haman vandag saam met my kom eet.\u201d"
                },
                "5": {
                    "verse_nr": "5",
                    "verse": "Die koning het dadelik vir Haman laat roep, sodat hulle kon doen wat Ester gevra het. Hulle het saam gegaan om die kos te gaan eet wat Ester gereedgemaak het."
                },
                "6": {
                    "verse_nr": "6",
                    "verse": "Terwyl hulle wyn gedrink het, het die koning weer vir Ester ges\u00ea: \u201cEk sal vir jou alles gee wat jy wil vra, ek sal doen wat jy wil h\u00ea, ook as jy die helfte van die lande vra waaroor ek regeer.\u201d"
                },
                "7": {
                    "verse_nr": "7",
                    "verse": "Ester het geantwoord: \u201cAs die koning van my hou en as die koning wil doen wat ek wil h\u00ea, dan moet die koning en Haman m\u00f4re weer saam met my kom eet. Ek sal dan vir die koning s\u00ea wat ek wil h\u00ea.\u201d"
                },
                "8": {
                    "verse_nr": "8",
                    "verse": "Ester het geantwoord: \u201cAs die koning van my hou en as die koning wil doen wat ek wil h\u00ea, dan moet die koning en Haman m\u00f4re weer saam met my kom eet. Ek sal dan vir die koning s\u00ea wat ek wil h\u00ea.\u201d"
                },
                "9": {
                    "verse_nr": "9",
                    "verse": "Haman was bly en gelukkig toe hy daardie dag uit die paleis gaan. Maar toe sien hy dat Mordegai voor die paleis sit, en Mordegai het nie opgestaan en gewys dat hy vir Haman respekteer nie. Haman was baie kwaad vir Mordegai"
                },
                "10": {
                    "verse_nr": "10",
                    "verse": "maar hy het nie gewys dat hy kwaad is nie. Haman het huis toe gegaan en hy het sy vrou Seres en sy vriende laat roep."
                },
                "11": {
                    "verse_nr": "11",
                    "verse": "Hy het gespog en ges\u00ea dat hy baie ryk is en baie seuns het en dat die koning hom 'n belangrike man gemaak het, belangriker as al die ander amptenare en die ministers van die koning."
                },
                "12": {
                    "verse_nr": "12",
                    "verse": "Haman het ook ges\u00ea: \u201cKoningin Ester het net vir my gevra om saam met die koning by haar te kom eet, sy het vir niemand anders gevra nie. En sy het gevra dat ek m\u00f4re weer saam met die koning by haar moet kom eet."
                },
                "13": {
                    "verse_nr": "13",
                    "verse": "Maar ek sal nie regtig gelukkig voel as ek nog sien dat Mordegai, die Jude\u00ebr, voor die paleis sit nie.\u201d"
                },
                "14": {
                    "verse_nr": "14",
                    "verse": "Haman se vrou Seres en al sy vriende s\u00ea toe: \u201cJy moet s\u00ea hulle moet 'n paal in die grond plant. Die paal moet 50 el hoog wees, en dan moet jy m\u00f4re vir die koning vra dat hulle vir Mordegai moet ophang aan die paal. Dan sal jy gelukkig voel wanneer jy saam met die koning na koningin Ester gaan.\u201d\nHaman het gedink dit is 'n goeie plan, en hy het ges\u00ea hulle moet die paal in die grond plant."
                }
            }
        },
        "6": {
            "chapter_nr": "6",
            "chapter": {
                "1": {
                    "verse_nr": "1",
                    "verse": "Daardie nag kon die koning nie slaap nie. Hy het ges\u00ea hulle moet die dagboek bring, die boek waarin hulle die geskiedenis geskryf het, alles wat gebeur het. Hulle het vir die koning gelees uit die boek."
                },
                "2": {
                    "verse_nr": "2",
                    "verse": "Hulle lees toe dat Mordegai vertel het dat Bigtana en Teres vir koning Ahasveros wou vermoor. Bigtana en Teres was amptenare van die koning, hulle was poortwagte."
                },
                "3": {
                    "verse_nr": "3",
                    "verse": "Die koning vra toe: \u201cWat het ons gedoen om vir Mordegai te wys dat hy belangrik is?\u201d\nDie jongmanne wat vir die koning bedien het, s\u00ea toe: \u201cOns het niks vir hom gedoen nie.\u201d"
                },
                "4": {
                    "verse_nr": "4",
                    "verse": "Die koning vra toe: \u201cIs daar iemand op die oop stuk grond?\u201d\nHaman het daardie tyd op die oop stuk grond van die paleis gekom. Hy wou vir die koning vra om vir Mordegai op te hang aan die paal wat hy laat plant het."
                },
                "5": {
                    "verse_nr": "5",
                    "verse": "Die koning se jongmanne s\u00ea toe vir die koning: \u201cHaman staan daar op die oop stuk grond.\u201d\nEn die koning s\u00ea: \u201cS\u00ea vir hom hy moet inkom.\u201d"
                },
                "6": {
                    "verse_nr": "6",
                    "verse": "Toe Haman inkom, vra die koning vir hom: \u201cHaman, wat dink jy moet ons doen vir iemand wanneer die koning vir hom wil wys dat hy belangrik is?\u201d\nHaman het gedink: Vir wie wil die koning wys dat hy belangrik is? Ek is seker dit is ek."
                },
                "7": {
                    "verse_nr": "7",
                    "verse": "Hy s\u00ea toe vir die koning: \u201cWanneer die koning vir iemand wil wys dat hy belangrik is"
                },
                "8": {
                    "verse_nr": "8",
                    "verse": "dan moet hulle koningsklere bring wat die koning self gedra het. Hulle moet ook 'n perd bring waarop die koning gery het, 'n perd wat 'n kroon op sy kop het."
                },
                "9": {
                    "verse_nr": "9",
                    "verse": "Hulle moet die klere en die perd gee vir een van die belangrikste amptenare van die koning. Hy moet dan die klere vir daardie persoon aantrek, die persoon vir wie die koning wil wys dat hy belangrik is. Die amptenaar moet daardie belangrike persoon op die perd laat ry oor die oop stuk grond in die stad en hy moet skree: \u2018Dit is wat ons doen met iemand wanneer die koning wil wys dat hy belangrik is.\u2019 \u201d"
                },
                "10": {
                    "verse_nr": "10",
                    "verse": "Die koning s\u00ea toe vir Haman: \u201cMaak gou! Neem die klere en die perd en doen soos jy ges\u00ea het met die Jude\u00ebr Mordegai wat voor die paleis sit. Jy moet alles doen wat jy ges\u00ea het.\u201d"
                },
                "11": {
                    "verse_nr": "11",
                    "verse": "Haman het die klere en die perd geneem en hy het die klere vir Mordegai aangetrek. Hy het vir Mordegai oor die oop stuk grond in die stad laat ry en hy het geskree: \u201cDit is wat ons doen met iemand wanneer die koning wil wys dat hy belangrik is.\u201d"
                },
                "12": {
                    "verse_nr": "12",
                    "verse": "Daarna het Mordegai teruggegaan na die paleis, en Haman het vinnig huis toe gegaan. Hy het gerou en hy het sy kop toegemaak met 'n doek."
                },
                "13": {
                    "verse_nr": "13",
                    "verse": "Hy het vir sy vrou Seres en al sy vriende vertel wat met hom gebeur het. Sy slim manne en sy vrou Seres het toe vir hom ges\u00ea: \u201cDie koning het jou verneder voor Mordegai. Mordegai is 'n Jude\u00ebr, en daarom sal jy niks teen hom kan doen nie. Hulle sal jou nog meer verneder, dit is seker.\u201d"
                },
                "14": {
                    "verse_nr": "14",
                    "verse": "Terwyl hulle besig was om te praat, het die amptenare van die koning daar gekom. Hulle het Haman vinnig geneem om die kos te gaan eet wat Ester gereedgemaak het."
                }
            }
        },
        "7": {
            "chapter_nr": "7",
            "chapter": {
                "1": {
                    "verse_nr": "1",
                    "verse": "Die koning en Haman het by koningin Ester kom eet."
                },
                "2": {
                    "verse_nr": "2",
                    "verse": "Terwyl hulle op die tweede dag wyn gedrink het, het die koning weer vir Ester gevra: \u201cKoningin Ester, ek sal vir jou enige iets gee wat jy vra, ek sal doen wat jy wil h\u00ea, ook as jy die helfte van die lande vra waaroor ek regeer.\u201d"
                },
                "3": {
                    "verse_nr": "3",
                    "verse": "Koningin Ester het geantwoord: \u201cKoning, dit is wat ek vra en wat ek wil h\u00ea: As jy van my hou en as jy dit wil doen, dan vra ek dat ek en my volk mag aanhou lewe."
                },
                "4": {
                    "verse_nr": "4",
                    "verse": "Want iemand het ons verkoop, hy het my en my volk verkoop. Hy wil ons vermoor, hy wil h\u00ea dat niemand van ons moet oorbly nie. As hy ons verkoop het om slawe en slavinne te word, dan sou ek stilgebly het en dan sou ek nie die koning daaroor gepla het nie.\u201d"
                },
                "5": {
                    "verse_nr": "5",
                    "verse": "Toe s\u00ea koning Ahasveros vir koningin Ester: \u201cWie is dit? Waar is die persoon wat hierdie planne gemaak het?\u201d"
                },
                "6": {
                    "verse_nr": "6",
                    "verse": "En Ester s\u00ea: \u201cDit is hierdie slegte man Haman. Hy is ons vyand!\u201d"
                },
                "7": {
                    "verse_nr": "7",
                    "verse": "Die koning was baie kwaad. Hy het opgestaan van die tafel en hy het na die tuin van die paleis gegaan. Haman het daar gebly staan en hy het gesoebat dat koningin Ester moet help om sy lewe te spaar, want hy het gesien dat die koning klaar besluit het dat daar niks goed met hom sal gebeur nie."
                },
                "8": {
                    "verse_nr": "8",
                    "verse": "Toe die koning uit die tuin terugkom na die eetkamer, sien hy dat Haman teen die bank l\u00ea waarop Ester sit, en die koning s\u00ea: \u201cWil jy nou ook die koningin verkrag? Wil jy dit doen hier by my in my paleis?\u201d\nToe die koning dit ges\u00ea het, het hulle Haman se gesig toegemaak."
                },
                "9": {
                    "verse_nr": "9",
                    "verse": "Garbona, een van die amptenare, s\u00ea toe: \u201cDaar staan die paal by Haman se huis, hy het die paal vir Mordegai laat inplant. Die paal is 50 el hoog. Maar Mordegai is die man wat vir die koning gered het toe hy vertel het dat die amptenare die koning wil vermoor.\u201d\nDie koning het ges\u00ea: \u201cJulle moet vir Haman ophang aan die paal.\u201d"
                },
                "10": {
                    "verse_nr": "10",
                    "verse": "Hulle het vir Haman opgehang aan die paal wat hy laat inplant het om vir Mordegai op te hang. Die koning was toe tevrede."
                }
            }
        },
        "8": {
            "chapter_nr": "8",
            "chapter": {
                "1": {
                    "verse_nr": "1",
                    "verse": "Koning Ahasveros het dieselfde dag Haman se huis vir koningin Ester gegee, Haman was die vyand van die Jude\u00ebrs. Mordegai het die belangrikste amptenaar van die koning geword, want Ester het vir die koning ges\u00ea dat Mordegai haar neef is."
                },
                "2": {
                    "verse_nr": "2",
                    "verse": "Die koning het sy se\u00ebl afgehaal en hy het dit vir Mordegai gegee, dit was die se\u00ebl wat hy voorheen weggeneem het van Haman. Ester het vir Mordegai ges\u00ea hy moet die bestuurder van Haman se huis wees."
                },
                "3": {
                    "verse_nr": "3",
                    "verse": "Daarna het Ester weer met die koning gaan praat. Sy het voor hom gaan l\u00ea en sy het gehuil. Sy het vir hom gevra dat hy moet keer dat die planne van Haman, die man van die nageslag van Agag, nie slaag nie, want Haman het slegte planne teen die Jude\u00ebrs gemaak."
                },
                "4": {
                    "verse_nr": "4",
                    "verse": "Die koning het die goue septer na Ester toe uitgesteek, en Ester het opgestaan en voor die koning gaan staan."
                },
                "5": {
                    "verse_nr": "5",
                    "verse": "Sy het ges\u00ea: \u201cAs die koning dink dit is goed, en as jy dink dit is reg, dan moet jy asseblief iets doen vir my. As jy lief is vir my, dan moet jy s\u00ea dat jy die briewe van Haman stop. Haman, die man van die nageslag van Agag, het die briewe geskryf, want hy wou die Jude\u00ebrs in al die provinsies van die koning laat doodmaak."
                },
                "6": {
                    "verse_nr": "6",
                    "verse": "Ek wil nie h\u00ea dat so 'n slegte ding met my volk gebeur nie. Ek wil nie h\u00ea dat hulle my familie doodmaak nie.\u201d"
                },
                "7": {
                    "verse_nr": "7",
                    "verse": "Koning Ahasveros het vir koningin Ester en vir die Jude\u00ebr Mordegai ges\u00ea: \u201cJulle weet dat ek Haman se huis vir Ester gegee het en dat hulle vir Haman aan die paal opgehang het omdat hy ges\u00ea het dat hulle die Jude\u00ebrs moet doodmaak."
                },
                "8": {
                    "verse_nr": "8",
                    "verse": "Niemand kan 'n brief terugtrek as dit van die koning kom en as sy se\u00ebl daarop is nie. Daarom moet julle nou self briewe skryf oor die Jude\u00ebrs, julle moet skryf soos julle dink is goed. Julle mag s\u00ea die briewe kom van die koning en julle mag die se\u00ebl van die koning op die briewe sit.\u201d"
                },
                "9": {
                    "verse_nr": "9",
                    "verse": "In daardie tyd, in die derde maand, die maand Siwan, op die 23ste dag van die maand, het Mordegai die sekretarisse van die koning laat roep. Hulle moes skryf wat Mordegai s\u00ea, hulle moes skryf aan die Jode, aan die hoof-amptenare, die goewerneurs en die amptenare in die 127 provinsies van die land Indi\u00eb, tot by die land Kus. Hulle moes skryf aan elke provinsie en aan elke volk. Hulle moes elke volk se eie skrif en sy eie taal gebruik. Hulle moes ook die Jude\u00ebrs se eie skrif en taal gebruik."
                },
                "10": {
                    "verse_nr": "10",
                    "verse": "Mordegai het geskryf dat die briewe van die koning kom en hy het die se\u00ebl van die koning op die briewe gesit. Boodskappers het op vinnige perde van die koning gery om die briewe weg te neem na al die provinsies."
                },
                "11": {
                    "verse_nr": "11",
                    "verse": "In die briewe was geskryf dat die koning vir die Jude\u00ebrs in elke stad s\u00ea dat hulle bymekaar mag kom om te veg om hulle lewe te beskerm. Daar was ook geskryf dat hulle al die manne mag doodmaak wat vir hulle aanval, dit maak nie saak van watter volk of provinsie die manne kom nie. Hulle mag ook die manne se vroue en kinders doodmaak, en hulle mag daardie manne se goed vat."
                },
                "12": {
                    "verse_nr": "12",
                    "verse": "Dit moes gebeur in al die provinsies van koning Ahasveros, op \u00e9\u00e9n dag, op die 13de dag van die twaalfde maand, die maand Adar."
                },
                "13": {
                    "verse_nr": "13",
                    "verse": "Die boodskappers moes briewe na elke provinsie neem en al die mense moes weet dat dit 'n wet van die koning is. Die Jude\u00ebrs moes op daardie dag gereed wees om hulle vyande te straf."
                },
                "14": {
                    "verse_nr": "14",
                    "verse": "Die boodskappers het gery op vinnige perde van die koning. Die koning het ges\u00ea hulle moet gou maak. Die mense in die stad Susan het gehoor wat die koning ges\u00ea het"
                },
                "15": {
                    "verse_nr": "15",
                    "verse": "en hulle het gejuig en feesgevier. Toe Mordegai weggaan van die koning, het hy koningsklere en 'n groot goue kroon gedra, die koningsklere was van blou wol-materiaal en linne. Sy bo-kleed was van pers wol-materiaal en fyn linne."
                },
                "16": {
                    "verse_nr": "16",
                    "verse": "Die Jude\u00ebrs kon weer hoop. Hulle was bly en vrolik, hulle het geweet dat hulle belangrik is vir die koning."
                },
                "17": {
                    "verse_nr": "17",
                    "verse": "In elke provinsie en elke stad waar hulle gehoor het wat die koning besluit het, was die Jude\u00ebrs bly en vrolik. Hulle het feesgevier, dit was vir hulle 'n goeie dag. Baie van die ander mense het ges\u00ea dat hulle ook Jude\u00ebrs is, want hulle was baie bang vir die Jude\u00ebrs."
                }
            }
        },
        "9": {
            "chapter_nr": "9",
            "chapter": {
                "1": {
                    "verse_nr": "1",
                    "verse": "Dit was in die twaalfde maand, die maand Adar, op die 13de dag van die maand. Die mense het gehoor wat die koning besluit het. Die vyande van die Jude\u00ebrs het gehoop dat hulle op daardie dag die Jude\u00ebrs sal oorwin, maar dit het nie gebeur nie, die Jude\u00ebrs het toe die mense aangeval, hulle het die mense oorwin wat vir hulle gehaat het."
                },
                "2": {
                    "verse_nr": "2",
                    "verse": "Die Jude\u00ebrs het bymekaargekom in al hulle stede in die provinsies van koning Ahasveros. Hulle het die mense aangeval wat wou h\u00ea dat dit sleg moet gaan met die Jude\u00ebrs, en niemand kon hulle keer nie, want al die mense was bang vir hulle."
                },
                "3": {
                    "verse_nr": "3",
                    "verse": "Al die amptenare in die provinsies en die hoof-amptenare en die goewerneurs, almal wat vir die koning gewerk het, het vir die Jude\u00ebrs gehelp, want hulle was bang vir Mordegai."
                },
                "4": {
                    "verse_nr": "4",
                    "verse": "Dit was omdat Mordegai die belangrikste amptenaar in die paleis geword het. Die mense in al die provinsies het geweet van hom. Mordegai het meer en meer belangrik geword."
                },
                "5": {
                    "verse_nr": "5",
                    "verse": "Die Jode het hulle vyande aangeval en hulle het almal doodgemaak, hulle het gedoen wat hulle wil met die mense wat vir hulle gehaat het."
                },
                "6": {
                    "verse_nr": "6",
                    "verse": "Die Jude\u00ebrs het 500 mense in die stad Susan doodgemaak."
                },
                "7": {
                    "verse_nr": "7",
                    "verse": "Hulle het ook die tien seuns van Haman doodgemaak. Die seuns was Parsandata, Dalfon, Aspata, Porata, Adalja, Aridata, Parmasta, Arisai, Aridai en Wajesata. Haman was die seun van Hammedata, hy was die vyand van die Jude\u00ebrs. Maar die Jude\u00ebrs het nie hulle vyande se goed vir hulleself gevat nie."
                },
                "8": {
                    "verse_nr": "8",
                    "verse": "Hulle het ook die tien seuns van Haman doodgemaak. Die seuns was Parsandata, Dalfon, Aspata, Porata, Adalja, Aridata, Parmasta, Arisai, Aridai en Wajesata. Haman was die seun van Hammedata, hy was die vyand van die Jude\u00ebrs. Maar die Jude\u00ebrs het nie hulle vyande se goed vir hulleself gevat nie."
                },
                "9": {
                    "verse_nr": "9",
                    "verse": "Hulle het ook die tien seuns van Haman doodgemaak. Die seuns was Parsandata, Dalfon, Aspata, Porata, Adalja, Aridata, Parmasta, Arisai, Aridai en Wajesata. Haman was die seun van Hammedata, hy was die vyand van die Jude\u00ebrs. Maar die Jude\u00ebrs het nie hulle vyande se goed vir hulleself gevat nie."
                },
                "10": {
                    "verse_nr": "10",
                    "verse": "Hulle het ook die tien seuns van Haman doodgemaak. Die seuns was Parsandata, Dalfon, Aspata, Porata, Adalja, Aridata, Parmasta, Arisai, Aridai en Wajesata. Haman was die seun van Hammedata, hy was die vyand van die Jude\u00ebrs. Maar die Jude\u00ebrs het nie hulle vyande se goed vir hulleself gevat nie."
                },
                "11": {
                    "verse_nr": "11",
                    "verse": "Toe die koning daardie dag hoor hoeveel mense in Susan dood is"
                },
                "12": {
                    "verse_nr": "12",
                    "verse": "het hy vir koningin Ester ges\u00ea: \u201cDie Jude\u00ebrs het hier in die stad Susan 500 persone doodgemaak, en ook die tien seuns van Haman. Ek wonder hoeveel mense hulle in die ander provinsies doodgemaak het. Wat wil jy nog vir my vra? Ek sal dit vir jou gee. Jy moet s\u00ea wat jy nog wil h\u00ea, en ek sal dit doen.\u201d"
                },
                "13": {
                    "verse_nr": "13",
                    "verse": "Ester het geantwoord: \u201cAs die koning dink dit is reg, dan moet jy vir die Jude\u00ebrs in Susan s\u00ea dat hulle m\u00f4re dieselfde mag doen wat hulle vandag gedoen het. En jy moet die tien seuns van Haman laat ophang aan die paal.\u201d"
                },
                "14": {
                    "verse_nr": "14",
                    "verse": "Die koning het ges\u00ea dit is goed, en die mense in Susan het gehoor wat hy besluit het. Hulle het die tien seuns van Haman opgehang."
                },
                "15": {
                    "verse_nr": "15",
                    "verse": "Die Jude\u00ebrs in Susan het ook op die 14de dag van die maand Adar bymekaargekom en hulle het nog 300 mense in Susan doodgemaak. Maar hulle het nie hulle vyande se goed vir hulleself gevat nie."
                },
                "16": {
                    "verse_nr": "16",
                    "verse": "Die Jude\u00ebrs in die ander provinsies van die koning het ook bymekaargekom om hulleself te verdedig. Hulle het gewen teen al hulle vyande en hulle het 75 000 mense doodgemaak wat vir hulle gehaat het. Maar hulle het nie hulle vyande se goed vir hulleself gevat nie."
                },
                "17": {
                    "verse_nr": "17",
                    "verse": "Dit was op die 13de dag van die maand Adar. Op die 14de dag het hulle gerus, en hulle het besluit dat daardie dag 'n feesdag moet wees. Hulle was vrolik op daardie dag."
                },
                "18": {
                    "verse_nr": "18",
                    "verse": "Maar die Jude\u00ebrs in die stad Susan het op die 13de \u00e9n op die 14de dag bymekaargekom en hulle het op die 15de dag gerus. Daarom het hulle besluit dat die 15de dag 'n feesdag moet wees. Hulle was vrolik op daardie dag."
                },
                "19": {
                    "verse_nr": "19",
                    "verse": "Daarom het die Jude\u00ebrs wat woon in die stede wat nie mure het nie, die 14de dag 'n feesdag gemaak. Dit is 'n vakansiedag en hulle stuur dan kospakkies vir mekaar."
                },
                "20": {
                    "verse_nr": "20",
                    "verse": "Mordegai het al hierdie dinge opgeskryf, en hy het briewe geskryf vir die Jode in al die provinsies van koning Ahasveros. Hy het geskryf vir die Jode wat naby was en ook vir die Jode wat ver was."
                },
                "21": {
                    "verse_nr": "21",
                    "verse": "Mordegai het ges\u00ea hulle moet elke jaar op die 14de en die 15de dag van die maand Adar feesvier."
                },
                "22": {
                    "verse_nr": "22",
                    "verse": "Die Jude\u00ebrs moet op daardie dae onthou dat hulle al hulle vyande oorwin het. Hulle moet ook onthou dat dit die maand is wanneer hulle hartseer sou gewees het en sou gerou het, maar dit het s\u00f3 verander dat hulle bly kon wees en kon feesvier. Dit was nou dae wanneer hulle vir mekaar kospakkies stuur en vir arm mense presente gee."
                },
                "23": {
                    "verse_nr": "23",
                    "verse": "Die Jude\u00ebrs het aangehou om te doen wat hulle begin doen het, soos Mordegai vir hulle geskryf het."
                },
                "24": {
                    "verse_nr": "24",
                    "verse": "Haman seun van Hammedata, van die nageslag van Agag, was die vyand van die Jude\u00ebrs. Hy wou die Jude\u00ebrs almal doodmaak. Hy het die \u201cpur\u201d gegooi, dit beteken hy het lootjies getrek om te weet op watter dag hy hulle almal moet laat doodmaak."
                },
                "25": {
                    "verse_nr": "25",
                    "verse": "Maar toe het Ester by die koning gekom, en die koning het anders besluit. Hy het ges\u00ea hulle moet skryf dat die slegte plan wat Haman teen die Jude\u00ebrs gemaak het, met homself moet gebeur. Hulle het toe vir Haman en sy seuns aan die paal opgehang."
                },
                "26": {
                    "verse_nr": "26",
                    "verse": "Daarom noem hulle hierdie feesdae Purim, want hulle het die \u201cpur\u201d gegooi, dit beteken hulle het lootjies getrek. Die Jude\u00ebrs vier fees op hierdie dae omdat Mordegai dit so geskryf het in sy brief en omdat dit alles so met hulle gebeur het."
                },
                "27": {
                    "verse_nr": "27",
                    "verse": "Die Jude\u00ebrs het besluit dat hulle en hulle nageslag en almal wat Jude\u00ebrs word, hierdie twee dae altyd sal vier op die regte tyd."
                },
                "28": {
                    "verse_nr": "28",
                    "verse": "Elke geslag, elke familie, elke provinsie, elke stad, sal op hierdie dae altyd feesvier. Die Jude\u00ebrs en hulle nageslag sal hierdie dae van Purim nie vergeet nie."
                },
                "29": {
                    "verse_nr": "29",
                    "verse": "Koningin Ester, dogter van Abigajil, en die Jude\u00ebr Mordegai het geskryf en ges\u00ea dat die Jude\u00ebrs alles moet doen wat in hierdie tweede brief oor die Purimfees geskryf is."
                },
                "30": {
                    "verse_nr": "30",
                    "verse": "Mordegai het die briewe gestuur na al die Jude\u00ebrs in die 127 provinsies van koning Ahasveros. Hy het geskryf dat hy wil h\u00ea hulle moet veilig wees en vrede h\u00ea."
                },
                "31": {
                    "verse_nr": "31",
                    "verse": "Hy het ook ges\u00ea dat die Jude\u00ebrs hierdie twee dae van die Purimfees op die regte tyd moet vier soos hy en koningin Ester besluit het en soos die Jude\u00ebrs self besluit het. Hy het ges\u00ea dat hulle nageslag dit ook moet doen. Mordegai het ook geskryf hoe die Jude\u00ebrs moet vas en rou."
                },
                "32": {
                    "verse_nr": "32",
                    "verse": "Ester het besluit hoe hulle die Purimfees moet vier, en hulle het dit geskryf in 'n boek."
                }
            }
        },
        "10": {
            "chapter_nr": "10",
            "chapter": {
                "1": {
                    "verse_nr": "1",
                    "verse": "Koning Ahasveros het die mense in die land en op die eilande vir hom laat werk."
                },
                "2": {
                    "verse_nr": "2",
                    "verse": "Al die groot en belangrike dinge wat hy gedoen het, is geskryf in die dagboeke van die konings van Medi\u00eb en Persi\u00eb. Die verhaal van die belangrike werk wat die koning vir Mordegai gegee het, is ook in die dagboeke geskryf."
                },
                "3": {
                    "verse_nr": "3",
                    "verse": "Want die Jude\u00ebr Mordegai was die tweede belangrikste persoon n\u00e1 koning Ahasveros. Die Jude\u00ebrs het hom gerespekteer, en amper al sy mense was lief vir hom. Mordegai het hard gewerk vir sy volk en hy het gebid en gevra dat dit goed moet gaan met sy hele nageslag."
                }
            }
        }
    }
}