{
    "version": "AFR83",
    "book_name": "2 John",
    "book_nr": "63",
    "book": {
        "1": {
            "chapter_nr": "1",
            "chapter": {
                "1": {
                    "verse_nr": "1",
                    "verse": "Van die oudste.\nAan die uitverkore vrou en aan haar kinders. Ek het julle waarlik lief, en nie ek alleen nie, maar ook almal wat die waarheid ken"
                },
                "2": {
                    "verse_nr": "2",
                    "verse": "omdat die waarheid in ons bly en ewig by ons sal wees."
                },
                "3": {
                    "verse_nr": "3",
                    "verse": "Die genade, barmhartigheid en vrede wat van God die Vader kom en van Jesus Christus, die Seun van die Vader, sal by ons wees wat in die waarheid en die liefde is."
                },
                "4": {
                    "verse_nr": "4",
                    "verse": "Ek was baie bly toe ek van jou kinders te\u00ebgekom het wat in ooreenstemming met die waarheid lewe, volgens die gebod wat ons van die Vader ontvang het."
                },
                "5": {
                    "verse_nr": "5",
                    "verse": "En nou het ek 'n versoek, geagte vrou. Dit is nie iets nuuts wat ek vir julle voorskrywe nie, maar 'n gebod wat ons van die begin af gehad het: Ons moet mekaar liefh\u00ea."
                },
                "6": {
                    "verse_nr": "6",
                    "verse": "En liefde beteken dat ons volgens die gebooie van God lewe. Soos julle van die begin af gehoor het, is dit sy gebod dat julle in die liefde moet lewe."
                },
                "7": {
                    "verse_nr": "7",
                    "verse": "Daar het baie misleiers te voorskyn gekom in die w\u00eareld. Hulle erken nie dat Jesus die Christus is wat mens geword het nie. Dit is wat ek met \u201cdie misleier\u201d, \u201cdie antichris\u201d, bedoel."
                },
                "8": {
                    "verse_nr": "8",
                    "verse": "Julle moet toesien dat julle nie verloor wat ons voor gewerk het nie, maar dat julle die volle loon ontvang."
                },
                "9": {
                    "verse_nr": "9",
                    "verse": "Elkeen wat nie by die leer oor Christus bly nie, maar daaraan verander, erken God nie. Wie in di\u00e9 leer bly, erken sowel die Vader as die Seun."
                },
                "10": {
                    "verse_nr": "10",
                    "verse": "As daar iemand na julle toe kom wat 'n ander leer bring, moet julle hom nie in julle huise ontvang nie en hom selfs nie groet nie"
                },
                "11": {
                    "verse_nr": "11",
                    "verse": "want wie hom groet, is saam skuldig aan die kwaad wat hy doen."
                },
                "12": {
                    "verse_nr": "12",
                    "verse": "Daar is nog baie dinge om vir julle te s\u00ea. Ek wil dit egter nie skriftelik doen nie, maar hoop om na julle toe te kom en persoonlik met julle te praat, sodat ons blydskap volkome kan wees."
                },
                "13": {
                    "verse_nr": "13",
                    "verse": "Die kinders van jou uitverkore suster stuur vir jou groete."
                }
            }
        }
    }
}