{
    "version": "LTB",
    "book_name": "Esther",
    "book_nr": "17",
    "book": {
        "1": {
            "chapter_nr": "1",
            "chapter": {
                "1": {
                    "verse_nr": "1",
                    "verse": "Ahasvero, kuris vald\u0117 \u0161imt\u0105 dvide\u0161imt septynis kra\u0161tus nuo Indijos iki Etiopijos"
                },
                "2": {
                    "verse_nr": "2",
                    "verse": "dienomis, kai Ahasveras atsis\u0117do karalyst\u0117s soste, kuris yra S\u016bzuose"
                },
                "3": {
                    "verse_nr": "3",
                    "verse": "tre\u010diais karaliavimo metais jis i\u0161k\u0117l\u0117 didel\u0119 puot\u0105 visiems savo kunigaik\u0161\u010diams ir tarnams, pers\u0173 ir med\u0173 kra\u0161t\u0173 kilmingiesiems ir sri\u010di\u0173 kunigaik\u0161\u010diams."
                },
                "4": {
                    "verse_nr": "4",
                    "verse": "Puota t\u0119s\u0117si \u0161imt\u0105 a\u0161tuoniasde\u0161imt dien\u0173; joje buvo i\u0161kelta karali\u0161koji didyb\u0117, garb\u0117 ir turtai."
                },
                "5": {
                    "verse_nr": "5",
                    "verse": "Po to karalius suruo\u0161\u0117 septyni\u0173 dien\u0173 puot\u0105 visiems sostin\u0117s gyventojams S\u016bzuose, karaliaus r\u016bm\u0173 sodo kieme."
                },
                "6": {
                    "verse_nr": "6",
                    "verse": "I\u0161 vis\u0173 pusi\u0173 kabojo baltos, \u017ealios ir m\u0117lynos u\u017euolaidos ant balt\u0173 drobini\u0173 ir violetini\u0173 juosteli\u0173, \u012fvert\u0173 \u012f sidabrinius \u017eiedus. Jos buvo pritvirtintos prie marmurini\u0173 kolon\u0173. Auksiniai ir sidabriniai gultai buvo sustatyti kieme, kuris buvo i\u0161klotas raudonu, m\u0117lynu, baltu ir juodu marmuru."
                },
                "7": {
                    "verse_nr": "7",
                    "verse": "G\u0117rimus patiek\u0117 auksin\u0117se taur\u0117se, kurios visos buvo skirtingos; karali\u0161ko vyno buvo gausu."
                },
                "8": {
                    "verse_nr": "8",
                    "verse": "Visi g\u0117r\u0117, kiek nor\u0117jo, n\u0117 vieno gerti nevert\u0117. Karalius buvo \u012fsak\u0119s savo nam\u0173 pri\u017ei\u016br\u0117tojams, kad jie daryt\u0173 tai, ko kuris \u017emogus panor\u0117s."
                },
                "9": {
                    "verse_nr": "9",
                    "verse": "Karalien\u0117 Va\u0161t\u0117 karaliaus Ahasvero namuose k\u0117l\u0117 puot\u0105 moterims."
                },
                "10": {
                    "verse_nr": "10",
                    "verse": "Septint\u0105 dien\u0105 karalius buvo linksmas nuo vyno. Jis \u012fsak\u0117 Mehumanui, Biztai, Harbonai, Bigtai, Abagtai, Zetarui ir Karkasui\u00adseptyniems eunuchams, kurie tarnavo karaliaus Ahasvero akivaizdoje"
                },
                "11": {
                    "verse_nr": "11",
                    "verse": "atvesti karalien\u0119 Va\u0161t\u0119 pas karali\u0173 su karali\u0161ka kar\u016bna, nor\u0117damas parodyti \u017emon\u0117ms ir kunigaik\u0161\u010diams jos gro\u017e\u012f, nes ji buvo labai gra\u017ei."
                },
                "12": {
                    "verse_nr": "12",
                    "verse": "Karalien\u0117 Va\u0161t\u0117 atmet\u0117 karaliaus \u012fsakym\u0105, perduot\u0105 eunuch\u0173, ir atsisak\u0117 eiti. Karalius labai supyko, ir r\u016bstyb\u0117 u\u017esideg\u0117 jame."
                },
                "13": {
                    "verse_nr": "13",
                    "verse": "Karalius klaus\u0117 patarimo i\u0161min\u010di\u0173, kurie pa\u017eindavo laikus ir \u017einojo karaliaus \u012fstatymus bei teis\u0119"
                },
                "14": {
                    "verse_nr": "14",
                    "verse": "taip pat Kar\u0161enos, \u0160etaro, Admatos, Tar\u0161i\u0161o, Mereso, Marsenos ir Memuchano, pers\u0173 ir med\u0173 septyni\u0173 kunigaik\u0161\u010di\u0173, kurie visada b\u016bdavo prie karaliaus, ir buvo pirmi karalyst\u0117je"
                },
                "15": {
                    "verse_nr": "15",
                    "verse": "\u201cK\u0105 mes turime daryti karalienei Va\u0161tei pagal \u012fstatym\u0105 u\u017e tai, kad ji nepaklaus\u0117 karaliaus \u012fsakymo, perduoto per eunuchus?\u201d"
                },
                "16": {
                    "verse_nr": "16",
                    "verse": "Memuchanas atsak\u0117 karaliui: \u201cKaralien\u0117 Va\u0161t\u0117 nusikalto ne tik karaliui, bet visiems kunigaik\u0161\u010diams ir \u017emon\u0117ms visose karaliaus Ahasvero \u017eem\u0117se."
                },
                "17": {
                    "verse_nr": "17",
                    "verse": "\u0160is karalien\u0117s poelgis taps \u017einomas visoms moterims. Jos, paniekindamos savo vyrus, sakys: \u2018Karalius Ahasveras \u012fsak\u0117 karalienei ateiti pas j\u012f, bet ji neat\u0117jo\u2019."
                },
                "18": {
                    "verse_nr": "18",
                    "verse": "Tuo karalien\u0117s pavyzd\u017eiu seks visos pers\u0173 ir med\u0173 kunigaik\u0161tien\u0117s. Kils daug nesusipratim\u0173 ir pyk\u010di\u0173."
                },
                "19": {
                    "verse_nr": "19",
                    "verse": "Jei karaliui patikt\u0173, teb\u016bna paskelbtas karali\u0161kas \u012fsakymas ir \u012fra\u0161ytas \u012f pers\u0173 ir med\u0173 \u012fstatym\u0105, kuris yra nepakei\u010diamas, kad karalien\u0117 Va\u0161t\u0117 nebeateis pas karali\u0173 Ahasver\u0105 ir karalius jos karali\u0161k\u0105 garb\u0119 atiduos kitai, geresnei u\u017e j\u0105."
                },
                "20": {
                    "verse_nr": "20",
                    "verse": "Kai karaliaus potvarkis bus paskelbtas visoje pla\u010dioje karalyst\u0117je, visos moterys gerbs savo vyrus, didelius ir ma\u017eus\u201d."
                },
                "21": {
                    "verse_nr": "21",
                    "verse": "\u0160is patarimas patiko karaliui ir kunigaik\u0161\u010diams. Karalius padar\u0117 pagal Memuchano \u017eod\u017eius."
                },
                "22": {
                    "verse_nr": "22",
                    "verse": "Jis i\u0161siuntin\u0117jo lai\u0161kus \u012f visus karaliaus kra\u0161tus, kiekvienai tautai jos kalba, kad vyras turi b\u016bti vie\u0161pats savo namuose. Tas \u012fstatymas buvo paskelbtas visomis kalbomis visose tautose."
                }
            }
        },
        "2": {
            "chapter_nr": "2",
            "chapter": {
                "1": {
                    "verse_nr": "1",
                    "verse": "Po \u0161i\u0173 \u012fvyki\u0173, karaliaus Ahasvero pyk\u010diui aprimus, jis atsimin\u0117, k\u0105 Va\u0161t\u0117 padar\u0117 ir kaip ji buvo nubausta."
                },
                "2": {
                    "verse_nr": "2",
                    "verse": "Karaliaus tarnai, kurie jam patarnaudavo, sak\u0117 jam: \u201cTepaie\u0161ko karaliui jaun\u0173 gra\u017ei\u0173 mergai\u010di\u0173"
                },
                "3": {
                    "verse_nr": "3",
                    "verse": "ir tepaskiria karalius visuose kra\u0161tuose vyr\u0173, kurie visoje karalyst\u0117je suie\u0161kot\u0173 gra\u017ei\u0173 mergai\u010di\u0173, atgabent\u0173 jas \u012f S\u016bz\u0173 miest\u0105, \u012f moter\u0173 namus, ir perduot\u0173 karaliaus eunuchui Hegajui, moter\u0173 pri\u017ei\u016br\u0117tojui. Ir tegu duoda joms visa, ko reikia joms pasipuo\u0161ti."
                },
                "4": {
                    "verse_nr": "4",
                    "verse": "Kuri mergait\u0117 patiks karaliui, taps karaliene Va\u0161t\u0117s vietoje\u201d. Tas pasi\u016blymas patiko karaliui. Jis taip ir padar\u0117."
                },
                "5": {
                    "verse_nr": "5",
                    "verse": "Sostin\u0117je S\u016bzuose gyveno vienas \u017eydas, vardu Mordechajas, s\u016bnus Jayro, s\u016bnaus \u0160imio, s\u016bnaus Ki\u0161o i\u0161 Benjamino gimin\u0117s."
                },
                "6": {
                    "verse_nr": "6",
                    "verse": "Mordechajas buvo i\u0161tremtas i\u0161 Jeruzal\u0117s kartu su Judo karaliumi Jechoniju, kur\u012f i\u0161tr\u0117m\u0117 Babilono karalius Nebukadnecaras."
                },
                "7": {
                    "verse_nr": "7",
                    "verse": "Jis u\u017eaugino Hadas\u0105, savo d\u0117d\u0117s dukter\u012f, kitaip vadinam\u0105 Estera. Ji netur\u0117jo t\u0117v\u0173, bet buvo labai gra\u017ei ir patraukli mergait\u0117. Jos t\u0117vams mirus, Mordechajas \u012fdukrino j\u0105."
                },
                "8": {
                    "verse_nr": "8",
                    "verse": "Karaliaus \u012fsakym\u0105 paskelbus, daug gra\u017ei\u0173 mergai\u010di\u0173 buvo atgabenta \u012f S\u016bzus ir pavesta Hegajo globai. Estera taip pat buvo paimta \u012f karaliaus namus Hegajo, moter\u0173 pri\u017ei\u016br\u0117tojo, globon."
                },
                "9": {
                    "verse_nr": "9",
                    "verse": "Mergait\u0117 jam patiko ir \u012fgavo jo palankum\u0105. Jis greitai par\u016bpino jai \u012fvairi\u0173 papuo\u0161al\u0173 ir tai, kas jai priklaus\u0117, bei septynias tarnaites i\u0161 karaliaus nam\u0173 ir apgyvendino j\u0105 ir jos tarnaites geriausioje moter\u0173 nam\u0173 dalyje."
                },
                "10": {
                    "verse_nr": "10",
                    "verse": "Estera nesak\u0117 apie savo kilm\u0119 ir savo taut\u0105, nes Mordechajas buvo liep\u0119s jai tyl\u0117ti."
                },
                "11": {
                    "verse_nr": "11",
                    "verse": "Mordechajas kiekvien\u0105 dien\u0105 ateidavo prie moter\u0173 nam\u0173 kiemo pasiteirauti apie Ester\u0105 ir jos pad\u0117t\u012f."
                },
                "12": {
                    "verse_nr": "12",
                    "verse": "Kiekviena mergait\u0117 tik po dvylikos m\u0117nesi\u0173 pasiruo\u0161imo gal\u0117jo \u012feiti pas karali\u0173 Ahasver\u0105. \u0160e\u0161is m\u0117nesius jos tep\u0117si miros aliejumi ir \u0161e\u0161is m\u0117nesius \u012fvairiais kitais tepalais ir kvepalais."
                },
                "13": {
                    "verse_nr": "13",
                    "verse": "Mergait\u0117, eidama pas karali\u0173, tur\u0117jo teis\u0119 pasiimti i\u0161 moter\u0173 nam\u0173 \u012f karaliaus namus k\u0105 tik nor\u0117jo."
                },
                "14": {
                    "verse_nr": "14",
                    "verse": "Ji ateidavo vakare, o ryt\u0105 eidavo \u012f kitus moter\u0173 namus, kurie buvo eunucho \u0160aa\u0161gazo \u017einioje. Jis buvo karaliaus sugulovi\u0173 pri\u017ei\u016br\u0117tojas. Ji daugiau nebe\u012feidavo pas karali\u0173, nebent karalius j\u0105 pam\u0117gdavo ir pakviesdavo vardu."
                },
                "15": {
                    "verse_nr": "15",
                    "verse": "Kai at\u0117jo eil\u0117 Esteros, Mordechajo d\u0117d\u0117s Abihailo dukters, kuri\u0105 jis buvo \u012fdukrin\u0119s, ji nieko nepra\u0161\u0117; pasi\u0117m\u0117 tik t\u0105, k\u0105 eunuchas Hegajas jai patar\u0117. Estera patiko kiekvienam, kas tik \u012f j\u0105 pa\u017ei\u016br\u0117davo."
                },
                "16": {
                    "verse_nr": "16",
                    "verse": "Ester\u0105 nuved\u0117 \u012f karaliaus Ahasvero r\u016bmus de\u0161imt\u0105 m\u0117nes\u012f, vadinam\u0105 tebetu, septintaisiais jo karaliavimo metais."
                },
                "17": {
                    "verse_nr": "17",
                    "verse": "Karalius pamilo Ester\u0105 labiau u\u017e visas kitas moteris, ir ji atrado jo akyse daugiau malon\u0117s ir palankumo negu kitos mergait\u0117s. Jis u\u017ed\u0117jo jai ant galvos karali\u0161k\u0105 kar\u016bn\u0105 ir paskelb\u0117 j\u0105 karaliene Va\u0161t\u0117s vietoje."
                },
                "18": {
                    "verse_nr": "18",
                    "verse": "Karalius i\u0161k\u0117l\u0117 didel\u0119 puot\u0105 savo kunigaik\u0161\u010diams ir tarnams; tai buvo Esteros puota. Jis suma\u017eino mokes\u010dius savo karalyst\u0117je ir dav\u0117 karali\u0161k\u0173 dovan\u0173."
                },
                "19": {
                    "verse_nr": "19",
                    "verse": "Kai mergait\u0117s buvo renkamos antr\u0105 kart\u0105, Mordechajas s\u0117d\u0117jo karaliaus vartuose."
                },
                "20": {
                    "verse_nr": "20",
                    "verse": "Estera dar nebuvo pasisakiusi karaliui nei savo tautyb\u0117s, nei kilm\u0117s, nes Mordechajas taip buvo jai liep\u0119s; Estera klaus\u0117 Mordechajaus kaip ir tada, kai jis j\u0105 augino."
                },
                "21": {
                    "verse_nr": "21",
                    "verse": "Mordechajui s\u0117dint prie karaliaus vart\u0173, du karaliaus eunuchai, Bigtanas ir Tere\u0161as, dur\u0173 sargai, supyko ant karaliaus ir tar\u0117si j\u012f nu\u017eudyti."
                },
                "22": {
                    "verse_nr": "22",
                    "verse": "Mordechajas, tai i\u0161gird\u0119s, prane\u0161\u0117 karalienei Esterai, o Estera\u00adkaraliui Mordechajo vardu."
                },
                "23": {
                    "verse_nr": "23",
                    "verse": "Buvo i\u0161tirta ir nustatyta, kad tai tiesa. Abu vyrus pakor\u0117, o \u012fvyk\u012f \u012fra\u0161\u0117 \u012f karaliaus metra\u0161\u010di\u0173 knyg\u0105."
                }
            }
        },
        "3": {
            "chapter_nr": "3",
            "chapter": {
                "1": {
                    "verse_nr": "1",
                    "verse": "Po \u0161it\u0173 \u012fvyki\u0173 karalius Ahasveras i\u0161auk\u0161tino agag\u0105 Haman\u0105, Hamedatos s\u016bn\u0173, ir padar\u0117 jo sost\u0105 auk\u0161tesn\u012f u\u017e kit\u0173 kunigaik\u0161\u010di\u0173."
                },
                "2": {
                    "verse_nr": "2",
                    "verse": "Visi karaliaus tarnai, kurie buvo prie karaliaus vart\u0173, nusilenkdavo prie\u0161 Haman\u0105 ir pagerbdavo j\u012f, nes taip buvo \u012fsak\u0119s karalius. Bet Mordechajas nenusilenkdavo prie\u0161 j\u012f ir nepagerbdavo."
                },
                "3": {
                    "verse_nr": "3",
                    "verse": "Karaliaus tarnai prie karaliaus vart\u0173 klausdavo Mordechajo: \u201cKod\u0117l nevykdai karaliaus \u012fsakymo?\u201d"
                },
                "4": {
                    "verse_nr": "4",
                    "verse": "Kai jie kasdien kartodavo tai, bet jis nekreip\u0117 d\u0117mesio, jie prane\u0161\u0117 Hamanui. Jie nor\u0117jo \u012fsitikinti, ar Mordechajas laikysis savo \u017eod\u017eio, nes jis buvo pasisak\u0119s es\u0105s \u017eydas."
                },
                "5": {
                    "verse_nr": "5",
                    "verse": "Hamanas, matydamas, kad Mordechajas nesilenkia prie\u0161 j\u012f ir nepagerbia jo, u\u017esideg\u0117 pyk\u010diu."
                },
                "6": {
                    "verse_nr": "6",
                    "verse": "Jis man\u0117, kad neverta kelti rankos prie\u0161 vien\u0105 Mordechaj\u0105, nes jie pasak\u0117 jam Mordechajo tautyb\u0119. Tod\u0117l Hamanas nusprend\u0117 i\u0161\u017eudyti visus \u017eydus visoje Ahasvero karalyst\u0117je."
                },
                "7": {
                    "verse_nr": "7",
                    "verse": "Dvyliktaisiais karaliaus Ahasvero metais, pirm\u0105 m\u0117nes\u012f, vadinam\u0105 nisanu, buvo metamas Pur, tai yra burtas, Hamano akivaizdoje kiekvienai dienai ir kiekvienam m\u0117nesiui iki dvylikto m\u0117nesio adaro."
                },
                "8": {
                    "verse_nr": "8",
                    "verse": "Hamanas sak\u0117 karaliui Ahasverui: \u201cTavo karalyst\u0117je gyvena i\u0161sklaidyta tauta; jos \u012fstatymai yra skirtingi nuo kit\u0173 taut\u0173 \u012fstatym\u0173, be to, jie nesilaiko karaliaus \u012fstatym\u0173. Karaliui n\u0117ra naudinga juos taip palikti."
                },
                "9": {
                    "verse_nr": "9",
                    "verse": "Jei karalius sutinka, teb\u016bna i\u0161leistas \u012fsakymas juos i\u0161naikinti, ir a\u0161 duosiu de\u0161imt t\u016bkstan\u010di\u0173 talent\u0173 sidabro karaliaus i\u017edui\u201d."
                },
                "10": {
                    "verse_nr": "10",
                    "verse": "Karalius numov\u0117 \u017eied\u0105 nuo savo pir\u0161to ir padav\u0117 agagui Hamanui, Hamedatos s\u016bnui, \u017eyd\u0173 prie\u0161ui"
                },
                "11": {
                    "verse_nr": "11",
                    "verse": "ir tar\u0117 Hamanui: \u201cSidabr\u0105 pasilaikyk sau, o su \u017eyd\u0173 tauta daryk, kaip tau patinka\u201d."
                },
                "12": {
                    "verse_nr": "12",
                    "verse": "Pirmo m\u0117nesio trylikt\u0105 dien\u0105 buvo su\u0161aukti karaliaus ra\u0161tininkai ir, Hamanui diktuojant, buvo para\u0161yti lai\u0161kai visiems vietininkams, kra\u0161t\u0173 valdytojams, kunigaik\u0161\u010diams ir tautoms j\u0173 kalba, karaliaus Ahasvero vardu ir u\u017eantspauduoti karaliaus \u017eiedu."
                },
                "13": {
                    "verse_nr": "13",
                    "verse": "Lai\u0161kai buvo i\u0161si\u0173sti per pasiuntinius \u012f visus karaliaus kra\u0161tus, kad per vien\u0105 dien\u0105, tai yra dvylikto m\u0117nesio, vadinamo Adaru, trylikt\u0105 dien\u0105, i\u0161\u017eudyt\u0173 ir i\u0161naikint\u0173 visus \u017eydus: jaunus, senus, moteris ir vaikus, o j\u0173 turt\u0105 paimt\u0173."
                },
                "14": {
                    "verse_nr": "14",
                    "verse": "T\u0173 lai\u0161k\u0173 nuora\u0161us \u012fsakyta paskelbti visoms tautoms, kad jie pasiruo\u0161t\u0173 skirtai dienai."
                },
                "15": {
                    "verse_nr": "15",
                    "verse": "Karaliaus \u012fsakymu pasiuntiniai i\u0161skub\u0117jo, ir \u0161is \u012fsakymas buvo paskelbtas sostin\u0117je S\u016bzuose. Karalius ir Hamanas s\u0117d\u0117jo ir g\u0117r\u0117, o S\u016bz\u0173 miestas buvo sujud\u0119s."
                }
            }
        },
        "4": {
            "chapter_nr": "4",
            "chapter": {
                "1": {
                    "verse_nr": "1",
                    "verse": "Mordechajas, i\u0161gird\u0119s, kas buvo padaryta, perpl\u0117\u0161\u0117 savo drabu\u017eius, apsivilko a\u0161utine, u\u017esibarst\u0117 ant galvos pelen\u0173, i\u0161\u0117jo \u012f miesto aik\u0161t\u0119 ir garsiai dejavo."
                },
                "2": {
                    "verse_nr": "2",
                    "verse": "Jis at\u0117jo prie karaliaus vart\u0173, nes su a\u0161utine nebuvo leid\u017eiama \u012feiti pro karaliaus vartus."
                },
                "3": {
                    "verse_nr": "3",
                    "verse": "Visur, kur karaliaus \u012fsakymas ir potvarkis buvo paskelbtas, tarp \u017eyd\u0173 kilo didelis gedulas. Jie pasninkavo, verk\u0117, aimanavo, daugelis, apsireng\u0119 a\u0161utin\u0117mis, gul\u0117jo pelenuose."
                },
                "4": {
                    "verse_nr": "4",
                    "verse": "Kai Esteros tarnait\u0117s ir eunuchai jai tai prane\u0161\u0117, karalien\u0117 labai nuli\u016bdo. Ji siunt\u0117 Mordechajui r\u016bb\u0173, kad jis nusimest\u0173 a\u0161utin\u0119 ir apsivilkt\u0173 jais, bet jis j\u0173 nepri\u0117m\u0117."
                },
                "5": {
                    "verse_nr": "5",
                    "verse": "Tada Estera pasi\u0161auk\u0117 karaliaus eunuch\u0105 Hatach\u0105, kuris buvo paskirtas jai pri\u017ei\u016br\u0117ti, ir \u012fsak\u0117 jam eiti pas Mordechaj\u0105 ir su\u017einoti, kod\u0117l jis taip elgiasi."
                },
                "6": {
                    "verse_nr": "6",
                    "verse": "Hatachas nu\u0117jo pas Mordechaj\u0105 \u012f miesto aik\u0161t\u0119 prie\u0161ais karaliaus vartus."
                },
                "7": {
                    "verse_nr": "7",
                    "verse": "Mordechajas papasakojo jam, kas atsitiko ir kiek Hamanas pa\u017ead\u0117jo duoti karaliaus i\u017edui u\u017e \u017eyd\u0173 i\u0161\u017eudym\u0105."
                },
                "8": {
                    "verse_nr": "8",
                    "verse": "Mordechajas dav\u0117 Hatachui nuora\u0161\u0105 \u012fsakymo i\u0161\u017eudyti \u017eydus, paskelbto S\u016bzuose, kad j\u012f parodyt\u0173 Esterai, paai\u0161kint\u0173 ir liept\u0173 jai eiti pas karali\u0173 ir maldauti pagalbos savo tautai."
                },
                "9": {
                    "verse_nr": "9",
                    "verse": "Hatachas sugr\u012f\u017eo ir prane\u0161\u0117 Esterai, k\u0105 Mordechajas jam kalb\u0117jo."
                },
                "10": {
                    "verse_nr": "10",
                    "verse": "Estera v\u0117l siunt\u0117 Hatach\u0105 pas Mordechaj\u0105"
                },
                "11": {
                    "verse_nr": "11",
                    "verse": "\u201cVisi karaliaus tarnai ir visi kra\u0161tai \u017eino, kad jei vyras ar moteris \u012feit\u0173 \u012f karaliaus vidin\u012f kiem\u0105 nekviestas, tai yra tik vienas \u012fstatymas\u00admirtis; paliekamas gyvas tik tas, \u012f kur\u012f karalius i\u0161tiesia savo auksin\u012f skeptr\u0105. Karalius nekviet\u0117 man\u0119s jau trisde\u0161imt dien\u0173\u201d."
                },
                "12": {
                    "verse_nr": "12",
                    "verse": "Mordechajas su\u017einoj\u0119s, k\u0105 Estera atsak\u0117"
                },
                "13": {
                    "verse_nr": "13",
                    "verse": "liep\u0117 prane\u0161ti Esterai: \u201cNegalvok, kad tu, b\u016bdama karaliaus namuose, i\u0161vengsi \u017eyd\u0173 likimo."
                },
                "14": {
                    "verse_nr": "14",
                    "verse": "Jei dabar tyl\u0117si, pagalba ir i\u0161gelb\u0117jimas ateis \u017eydams i\u0161 kitur, bet tu ir tavo t\u0117vo namai \u017e\u016bsite. Kas \u017eino, gal d\u0117l \u0161io laiko tu ir tapai karaliene?\u201d"
                },
                "15": {
                    "verse_nr": "15",
                    "verse": "Estera pasiunt\u0117 Mordechajui atsakym\u0105"
                },
                "16": {
                    "verse_nr": "16",
                    "verse": "\u201cEik ir su\u0161auk visus \u017eydus S\u016bzuose; pasninkaukite d\u0117l man\u0119s tris dienas ir tris naktis, nieko nevalgykite ir negerkite. A\u0161 taip pat pasninkausiu su savo tarnait\u0117mis. Po to eisiu pas karali\u0173, lau\u017eydama \u012fstatym\u0105; jei \u017e\u016bsiu, tai \u017e\u016bsiu\u201d."
                },
                "17": {
                    "verse_nr": "17",
                    "verse": "Mordechajas nu\u0117jo ir padar\u0117 visa, k\u0105 Estera jam buvo \u012fsakiusi."
                }
            }
        },
        "5": {
            "chapter_nr": "5",
            "chapter": {
                "1": {
                    "verse_nr": "1",
                    "verse": "Tre\u010di\u0105 dien\u0105 Estera apsireng\u0117 karali\u0161kais r\u016bbais ir atsistojo karaliaus nam\u0173 vidiniame kieme, prie\u0161ais karaliaus namus. Karalius s\u0117d\u0117jo savo soste, prie\u0161ais \u012f\u0117jim\u0105 \u012f namus."
                },
                "2": {
                    "verse_nr": "2",
                    "verse": "Karalius pamat\u0117 karalien\u0119 Ester\u0105, stovin\u010di\u0105 kieme, ir ji atrado malon\u0119 jo akyse. Jis i\u0161ties\u0117 \u012f Ester\u0105 auksin\u012f skeptr\u0105, kur\u012f laik\u0117 rankoje. Estera pri\u0117jusi paliet\u0117 skeptr\u0105."
                },
                "3": {
                    "verse_nr": "3",
                    "verse": "Karalius klaus\u0117: \u201cKaraliene Estera, ko nor\u0117tum? Duosiu tau, ko pra\u0161ysi, kad ir pus\u0119 savo karalyst\u0117s\u201d."
                },
                "4": {
                    "verse_nr": "4",
                    "verse": "Estera atsak\u0117: \u201cJei karaliui patikt\u0173, kvie\u010diu karali\u0173 ir Haman\u0105 \u0161iandien \u012f vai\u0161es, kurias jiems paruo\u0161iau\u201d."
                },
                "5": {
                    "verse_nr": "5",
                    "verse": "Karalius \u012fsak\u0117 skubiai pa\u0161aukti Haman\u0105, nor\u0117damas i\u0161pildyti Esteros pra\u0161ym\u0105. Karalius ir Hamanas at\u0117jo \u012f vai\u0161es pas Ester\u0105."
                },
                "6": {
                    "verse_nr": "6",
                    "verse": "Geriant vyn\u0105, karalius klaus\u0117 Esteros: \u201cPasakyk man savo pra\u0161ym\u0105. I\u0161pildysiu j\u012f, nors pra\u0161ytum ir pus\u0117s mano karalyst\u0117s\u201d."
                },
                "7": {
                    "verse_nr": "7",
                    "verse": "Estera atsak\u0117: \u201cMano pra\u0161ymas toks"
                },
                "8": {
                    "verse_nr": "8",
                    "verse": "jei radau malon\u0119 karaliaus akyse ir karalius nor\u0117t\u0173 patenkinti mano pra\u0161ym\u0105, kvie\u010diu karali\u0173 ir Haman\u0105 rytoj \u012f vai\u0161es, kurias jiems paruo\u0161iu, ir rytoj a\u0161 \u012fvykdysiu karaliaus \u017eod\u017eius\u201d."
                },
                "9": {
                    "verse_nr": "9",
                    "verse": "T\u0105 dien\u0105 Hamanas i\u0161\u0117jo linksmas ir gerai nusiteik\u0119s. Bet, pamat\u0119s prie karaliaus vart\u0173 s\u0117dint\u012f Mordechaj\u0105, kuris neatsistojo ir visai nekreip\u0117 d\u0117mesio \u012f j\u012f, labai supyko."
                },
                "10": {
                    "verse_nr": "10",
                    "verse": "Ta\u010diau Hamanas susivald\u0117. Par\u0117j\u0119s namo, jis pasi\u0161auk\u0117 draugus ir \u017emon\u0105 Zere\u0161\u0105"
                },
                "11": {
                    "verse_nr": "11",
                    "verse": "ir pasakojo jiems apie savo turt\u0173 daugyb\u0119, apie savo s\u016bnus, apie tai, kaip karalius pagerb\u0117 j\u012f ir suteik\u0117 pirmenyb\u0119 tarp vis\u0173 karaliaus tarn\u0173 ir kunigaik\u0161\u010di\u0173."
                },
                "12": {
                    "verse_nr": "12",
                    "verse": "Hamanas t\u0119s\u0117: \u201cIr karalien\u0117 Estera n\u0117 vieno nepakviet\u0117 \u012f vai\u0161es kartu su karaliumi, tik mane; ir rytoj ji v\u0117l pakviet\u0117 mane su karaliumi."
                },
                "13": {
                    "verse_nr": "13",
                    "verse": "Ta\u010diau tai man\u0119s nepatenkina, kol matau \u0161it\u0105 \u017eyd\u0105 Mordechaj\u0105, s\u0117dint\u012f prie karaliaus vart\u0173\u201d."
                },
                "14": {
                    "verse_nr": "14",
                    "verse": "Jo \u017emona ir draugai jam patar\u0117: \u201c\u012esakyk pastatyti penkiasde\u0161imties uolek\u010di\u0173 auk\u0161\u010dio kartuves ir rytoj kalb\u0117k su karaliumi, kad Mordechajas b\u016bt\u0173 pakartas. Po to eik linksmas \u012f vai\u0161es kartu su karaliumi\u201d. Patarimas patiko Hamanui, ir kartuv\u0117s buvo pastatytos."
                }
            }
        },
        "6": {
            "chapter_nr": "6",
            "chapter": {
                "1": {
                    "verse_nr": "1",
                    "verse": "T\u0105 nakt\u012f karalius negal\u0117jo miegoti. Jis \u012fsak\u0117 atne\u0161ti metra\u0161\u010di\u0173 knyg\u0105 ir jam skaityti i\u0161 jos."
                },
                "2": {
                    "verse_nr": "2",
                    "verse": "Rado para\u0161yta, kaip Mordechajas prane\u0161\u0117 apie eunuch\u0173 Bigtano ir Tere\u0161o, \u0117jusi\u0173 sargyb\u0105 prie vart\u0173, s\u0105moksl\u0105 nu\u017eudyti karali\u0173 Ahasver\u0105."
                },
                "3": {
                    "verse_nr": "3",
                    "verse": "Karalius paklaus\u0117: \u201cKoks pagerbimas ir atlyginimas buvo duotas Mordechajui u\u017e tai?\u201d Karaliaus tarnai, kurie jam patarnavo, atsak\u0117: \u201cJokio atlyginimo\u201d."
                },
                "4": {
                    "verse_nr": "4",
                    "verse": "Karalius klaus\u0117: \u201cKas yra kieme?\u201d Tuo laiku Hamanas buvo \u012f\u0117j\u0119s \u012f karaliaus nam\u0173 i\u0161orin\u012f kiem\u0105 kalb\u0117ti su karaliumi d\u0117l Mordekajo pakorimo ant kartuvi\u0173, kurios jau buvo pastatytos."
                },
                "5": {
                    "verse_nr": "5",
                    "verse": "Karaliaus tarnai jam atsak\u0117: \u201cHamanas stovi kieme\u201d. Karalius liep\u0117 pakviesti Haman\u0105."
                },
                "6": {
                    "verse_nr": "6",
                    "verse": "Jam \u012f\u0117jus, karalius klaus\u0117: \u201cK\u0105 reik\u0117t\u0173 padaryti vyrui, kur\u012f karalius nori pagerbti?\u201d Hamanas galvojo: \u201cK\u0105 gi kit\u0105 karalius nor\u0117t\u0173 pagerbti, jei ne mane?\u201d"
                },
                "7": {
                    "verse_nr": "7",
                    "verse": "Hamanas atsak\u0117: \u201cVyr\u0105, kur\u012f karalius nor\u0117t\u0173 pagerbti"
                },
                "8": {
                    "verse_nr": "8",
                    "verse": "reikia aprengti karaliaus r\u016bbais, u\u017esodinti ant karaliaus jojamojo \u017eirgo ir u\u017ed\u0117ti ant galvos karaliaus kar\u016bn\u0105."
                },
                "9": {
                    "verse_nr": "9",
                    "verse": "R\u016bbus ir \u017eirg\u0105 tegul jam paduoda vienas i\u0161 karaliaus kilmingiausi\u0173j\u0173 kunigaik\u0161\u010di\u0173; jis teatveda karaliaus pagerbt\u0105j\u012f, u\u017esodina j\u012f ant \u017eirgo ir, vesdamas \u017eirg\u0105 miesto aik\u0161te, tegul skelbia: \u2018Taip padaroma tam vyrui, kur\u012f karalius nori pagerbti!\u2019 \u201d"
                },
                "10": {
                    "verse_nr": "10",
                    "verse": "Tada karalius \u012fsak\u0117 Hamanui: \u201cSkub\u0117k, imk r\u016bbus, \u017eirg\u0105 ir padaryk visa, k\u0105 sakei, \u017eydui Mordechajui, kuris s\u0117di prie karaliaus vart\u0173. \u017di\u016br\u0117k, kad viskas b\u016bt\u0173 \u012fvykdyta\u201d."
                },
                "11": {
                    "verse_nr": "11",
                    "verse": "Hamanas pa\u0117m\u0117 r\u016bbus ir \u017eirg\u0105, apreng\u0117 Mordechaj\u0173, ved\u0117 j\u012f ant \u017eirgo miesto aik\u0161te ir skelb\u0117: \u201cTaip padaroma tam vyrui, kur\u012f karalius nori pagerbti!\u201d"
                },
                "12": {
                    "verse_nr": "12",
                    "verse": "Mordechajas gr\u012f\u017eo prie karaliaus vart\u0173, o Hamanas nuskub\u0117jo \u012f savo namus nuli\u016bd\u0119s ir u\u017esideng\u0119s galv\u0105."
                },
                "13": {
                    "verse_nr": "13",
                    "verse": "Hamanas papasakojo savo \u017emonai Zere\u0161ai ir draugams visa, kas \u012fvyko. Jo patar\u0117jai ir \u017emona kalb\u0117jo: \u201cJei Mordechajas, prie\u0161 kur\u012f tur\u0117jai nusi\u017eeminti, yra \u017eyd\u0173 tautyb\u0117s, tu nelaim\u0117si, bet tikrai krisi\u201d."
                },
                "14": {
                    "verse_nr": "14",
                    "verse": "Jiems dar tebekalbant, at\u0117jo karaliaus eunuchai ir skub\u0117jo nuvesti Haman\u0105 \u012f Esteros paruo\u0161tas vai\u0161es."
                }
            }
        },
        "7": {
            "chapter_nr": "7",
            "chapter": {
                "1": {
                    "verse_nr": "1",
                    "verse": "Karalius ir Hamanas at\u0117jo pas karalien\u0119 Ester\u0105 \u012f vai\u0161es."
                },
                "2": {
                    "verse_nr": "2",
                    "verse": "T\u0105 dien\u0105, gerdamas vyn\u0105, karalius v\u0117l klaus\u0117 karalien\u0119 Ester\u0105: \u201cPasakyk man savo pra\u0161ym\u0105, karaliene Estera. Suteiksiu tau, ko nor\u0117si, net jei pra\u0161ytum ir pus\u0117s mano karalyst\u0117s\u201d."
                },
                "3": {
                    "verse_nr": "3",
                    "verse": "Karalien\u0117 atsak\u0117: \u201cKaraliau, jei radau malon\u0119 tavo akyse ir sutinki mano pra\u0161ym\u0105 patenkinti, palik mane ir mano taut\u0105 gyvus."
                },
                "4": {
                    "verse_nr": "4",
                    "verse": "A\u0161 ir mano tauta esame atiduoti mir\u010diai ir sunaikinimui. Jei mes b\u016btume parduodami vergais, a\u0161 tyl\u0117\u010diau ir karaliaus nevargin\u010diau\u201d."
                },
                "5": {
                    "verse_nr": "5",
                    "verse": "Karalius Ahasveras klaus\u0117 karalien\u0117s Esteros: \u201cKas jis toks ir kur jis yra, kuris dr\u012fsta t\u0105 daryti?\u201d"
                },
                "6": {
                    "verse_nr": "6",
                    "verse": "Estera atsak\u0117: \u201cM\u016bs\u0173 prie\u0161as ir persekiotojas yra \u0161itas piktadarys Hamanas\u201d. Hamanas labai i\u0161sigando."
                },
                "7": {
                    "verse_nr": "7",
                    "verse": "Karalius u\u017esir\u016bstin\u0119s pakilo nuo stalo ir i\u0161\u0117jo \u012f r\u016bm\u0173 sod\u0105, o Hamanas suklupo prie\u0161 karalien\u0119 Ester\u0105, pra\u0161ydamas palikti j\u012f gyv\u0105, nes jis suprato, kad jo laukia karaliaus bausm\u0117."
                },
                "8": {
                    "verse_nr": "8",
                    "verse": "Sugr\u012f\u017e\u0119s i\u0161 r\u016bm\u0173 sodo, karalius rado Haman\u0105, sukniubus\u012f ant lovos prie Esteros, ir sak\u0117: \u201cJis nori karalien\u0119 i\u0161prievartauti mano namuose ir mano akivaizdoje!\u201d Karaliui i\u0161tarus \u0161iuos \u017eod\u017eius, Hamano veidas buvo u\u017edengtas."
                },
                "9": {
                    "verse_nr": "9",
                    "verse": "Karaliaus eunuchas Harbona tar\u0117: \u201cHamano kieme yra pastatytos penkiasde\u0161imties uolek\u010di\u0173 auk\u0161\u010dio kartuv\u0117s pakarti Mordechajui, kuris i\u0161gelb\u0117jo karaliaus gyvyb\u0119\u201d. Karalius \u012fsak\u0117: \u201cPakarkite jose Haman\u0105\u201d."
                },
                "10": {
                    "verse_nr": "10",
                    "verse": "Jie pakor\u0117 j\u012f Mordechajui skirtose kartuv\u0117se. Po to karaliaus pyktis atsl\u016bgo."
                }
            }
        },
        "8": {
            "chapter_nr": "8",
            "chapter": {
                "1": {
                    "verse_nr": "1",
                    "verse": "T\u0105 dien\u0105 karalius Ahasveras atidav\u0117 \u017eyd\u0173 prie\u0161o Hamano namus karalienei Esterai. Mordechajas buvo pakviestas pas karali\u0173, nes Estera pasisak\u0117, kad jis yra jos giminaitis."
                },
                "2": {
                    "verse_nr": "2",
                    "verse": "Savo \u017eied\u0105, kur\u012f pasi\u0117m\u0117 i\u0161 Hamano, karalius atidav\u0117 Mordechajui. Estera paved\u0117 Hamano nam\u0173 prie\u017ei\u016br\u0105 Mordechajui."
                },
                "3": {
                    "verse_nr": "3",
                    "verse": "Estera krito karaliui po kojomis ir su a\u0161aromis maldavo panaikinti agago Hamano i\u0161leist\u0105 \u012fsakym\u0105 prie\u0161 \u017eydus."
                },
                "4": {
                    "verse_nr": "4",
                    "verse": "Karalius i\u0161ties\u0117 aukso skeptr\u0105 \u012f Ester\u0105. Estera pakilo, atsistojo prie\u0161 karali\u0173"
                },
                "5": {
                    "verse_nr": "5",
                    "verse": "ir kalb\u0117jo: \u201cJei karaliui patikt\u0173 ir jei radau malon\u0119 jo akyse, maldauju ra\u0161tu at\u0161aukti agago Hamano, Hamedatos s\u016bnaus, lai\u0161kus, kuriais jis siek\u0117 i\u0161naikinti visus \u017eydus karaliaus kra\u0161tuose."
                },
                "6": {
                    "verse_nr": "6",
                    "verse": "Kaip a\u0161 gal\u0117siu i\u0161tverti, matydama savo tautos pa\u017eeminim\u0105 ir sunaikinim\u0105?\u201d"
                },
                "7": {
                    "verse_nr": "7",
                    "verse": "Karalius Ahasveras tar\u0117 karalienei Esterai ir \u017eydui Mordechajui: \u201cA\u0161 atidaviau Esterai Hamano namus; jis buvo pakartas, kadangi dr\u012fso pakelti rank\u0105 prie\u0161 \u017eydus."
                },
                "8": {
                    "verse_nr": "8",
                    "verse": "Para\u0161ykite \u017eydams karaliaus vardu, kaip jums patinka, ir u\u017eantspauduokite ra\u0161tus karaliaus \u017eiedu; nes \u012fsakymai, para\u0161yti karaliaus vardu ir u\u017eantspauduoti jo \u017eiedu, yra neat\u0161aukiami\u201d."
                },
                "9": {
                    "verse_nr": "9",
                    "verse": "Tre\u010dio m\u0117nesio, vadinamo sivanu, dvide\u0161imt tre\u010di\u0105 dien\u0105 buvo su\u0161aukti karaliaus ra\u0161tininkai ir para\u0161yta tai, k\u0105 Mordechajas \u012fsak\u0117 visiems \u017eydams, karaliaus vietininkams, valdytojams bei kunigaik\u0161\u010diams nuo Indijos iki Etiopijos, \u0161imtui dvide\u0161imt septyniems kra\u0161tams j\u0173 ra\u0161tu ir tautoms j\u0173 kalba, taip pat ir \u017eydams j\u0173 ra\u0161tu ir j\u0173 kalba."
                },
                "10": {
                    "verse_nr": "10",
                    "verse": "Ra\u0161tai buvo u\u017eantspauduoti karaliaus Ahasvero \u017eiedu ir i\u0161si\u0173sti per raitus karaliaus pasiuntinius."
                },
                "11": {
                    "verse_nr": "11",
                    "verse": "Karalius leido \u017eydams kiekviename mieste susirinkti ir ginti savo gyvybes, sunaikinti, u\u017emu\u0161ti ir pra\u017eudyti bet koki\u0105 \u017emoni\u0173 ar kra\u0161to galyb\u0119, kurie puola juos, kartu su j\u0173 vaikais bei moterimis, o j\u0173 turt\u0105 pasiimti."
                },
                "12": {
                    "verse_nr": "12",
                    "verse": "Dvylikto m\u0117nesio, vadinamo adaru, trylikt\u0105 dien\u0105 buvo \u012fsakyta gintis visuose karaliaus Ahasvero kra\u0161tuose."
                },
                "13": {
                    "verse_nr": "13",
                    "verse": "Ra\u0161to su \u012fsakymu nuora\u0161ai buvo pasi\u0173sti \u012f visus kra\u0161tus ir paskelbti visoms tautoms, kad \u017eydai pasiruo\u0161t\u0173 ir t\u0105 dien\u0105 atker\u0161yt\u0173 savo prie\u0161ams."
                },
                "14": {
                    "verse_nr": "14",
                    "verse": "Karaliaus pasiuntiniai ant kupranugari\u0173 ir mul\u0173 skub\u0117jo i\u0161ne\u0161ioti t\u0105 \u012fsakym\u0105. Jis buvo paskelbtas ir sostin\u0117je S\u016bzuose."
                },
                "15": {
                    "verse_nr": "15",
                    "verse": "T\u0105 dien\u0105 Mordechajas, pasipuo\u0161\u0119s karali\u0161kais m\u0117lynais ir baltais r\u016bbais, plonos drob\u0117s purpuro apsiaustu ir su aukso kar\u016bna ant galvos, i\u0161\u0117jo i\u0161 karaliaus akivaizdos. S\u016bz\u0173 miesto gyventojai d\u017ei\u016bgavo."
                },
                "16": {
                    "verse_nr": "16",
                    "verse": "\u017dydai buvo laimingi, patenkinti ir gerbiami."
                },
                "17": {
                    "verse_nr": "17",
                    "verse": "Kiekviename kra\u0161te ir mieste, kur tik karaliaus \u012fsakymas buvo paskelbtas, \u017eydai d\u017eiaug\u0117si, linksminosi, puotavo ir \u0161vent\u0117. Daugelis kit\u0173 taut\u0173 \u017emoni\u0173 prisid\u0117jo prie \u017eyd\u0173, nes juos buvo ap\u0117musi baim\u0117 d\u0117l \u017eyd\u0173."
                }
            }
        },
        "9": {
            "chapter_nr": "9",
            "chapter": {
                "1": {
                    "verse_nr": "1",
                    "verse": "Dvylikto m\u0117nesio, vadinamo adaru, trylikt\u0105 dien\u0105, kai at\u0117jo laikas \u012fvykdyti karaliaus \u012fsakym\u0105, t\u0105 dien\u0105, kai \u017eyd\u0173 prie\u0161ai tik\u0117josi juos nugal\u0117ti, \u012fvyko prie\u0161ingai\u00ad\u017eydai nugal\u0117jo savo prie\u0161us."
                },
                "2": {
                    "verse_nr": "2",
                    "verse": "Visuose karaliaus Ahasvero kra\u0161tuose susirink\u0119 \u012f miestus \u017eydai pasiprie\u0161ino tiems, kurie nor\u0117jo jiems pakenkti. Niekas negal\u0117jo \u017eydams prie\u0161intis, nes baim\u0117 ap\u0117m\u0117 juos."
                },
                "3": {
                    "verse_nr": "3",
                    "verse": "Karaliaus kra\u0161t\u0173 vietininkai, valdytojai, kunigaik\u0161\u010diai ir valdininkai pad\u0117jo \u017eydams, nes jie bijojo Mordechajo"
                },
                "4": {
                    "verse_nr": "4",
                    "verse": "kuris buvo galingas karaliaus namuose. Garsas apie j\u012f pasiek\u0117 visus kra\u0161tus, o jo galia augo ir augo."
                },
                "5": {
                    "verse_nr": "5",
                    "verse": "\u017dydai u\u017epuol\u0117 savo prie\u0161us, sunaikino juos ir dar\u0117, k\u0105 nor\u0117jo tiems, kurie j\u0173 nekent\u0117."
                },
                "6": {
                    "verse_nr": "6",
                    "verse": "Sostin\u0117je S\u016bzuose \u017eydai nu\u017eud\u0117 ir sunaikino penkis \u0161imtus \u017emoni\u0173"
                },
                "7": {
                    "verse_nr": "7",
                    "verse": "ir Par\u0161andat\u0105, Dalfon\u0105, Aspat\u0105"
                },
                "8": {
                    "verse_nr": "8",
                    "verse": "Porat\u0105, Adalij\u0105, Aridat\u0105"
                },
                "9": {
                    "verse_nr": "9",
                    "verse": "Parma\u0161t\u0105, Arisaj\u0105, Aridaj\u0105 ir Vaizat\u0105\u00ad"
                },
                "10": {
                    "verse_nr": "10",
                    "verse": "de\u0161imt \u017eyd\u0173 prie\u0161o Hamano, s\u016bnaus Hamedato, s\u016bn\u0173, bet j\u0173 turto neliet\u0117."
                },
                "11": {
                    "verse_nr": "11",
                    "verse": "T\u0105 pa\u010di\u0105 dien\u0105 S\u016bzuose nu\u017eudyt\u0173j\u0173 skai\u010dius buvo prane\u0161tas karaliui."
                },
                "12": {
                    "verse_nr": "12",
                    "verse": "Karalius sak\u0117 karalienei Esterai: \u201cSostin\u0117je S\u016bzuose \u017eydai nu\u017eud\u0117 penkis \u0161imtus \u017emoni\u0173 ir de\u0161imt Hamano s\u016bn\u0173. O kiek jie i\u0161\u017eud\u0117 visuose kra\u0161tuose? Ko dar pra\u0161ai? Pasakyk, ir tai bus \u012fvykdyta\u201d."
                },
                "13": {
                    "verse_nr": "13",
                    "verse": "Estera atsak\u0117: \u201cJei karaliui patikt\u0173, teb\u016bna \u017eydams leista S\u016bzuose ir rytoj elgtis pagal \u0161ios dienos \u012fsakym\u0105, o de\u0161imt Hamano s\u016bn\u0173 teb\u016bna pakabinti kartuv\u0117se\u201d."
                },
                "14": {
                    "verse_nr": "14",
                    "verse": "Karalius \u012fsak\u0117, kad tai b\u016bt\u0173 padaryta ir paskelbta S\u016bzuose; ir jie pakor\u0117 Hamano s\u016bnus."
                },
                "15": {
                    "verse_nr": "15",
                    "verse": "S\u016bz\u0173 \u017eydai susirinko adaro m\u0117nesio keturiolikt\u0105 dien\u0105 ir nu\u017eud\u0117 tris \u0161imtus \u017emoni\u0173, bet j\u0173 turto jie neliet\u0117."
                },
                "16": {
                    "verse_nr": "16",
                    "verse": "Kituose karaliaus kra\u0161tuose \u017eydai susirink\u0119 irgi gyn\u0117 savo gyvybes nuo prie\u0161\u0173. Jie nu\u017eud\u0117 septyniasde\u0161imt penkis t\u016bkstan\u010dius savo persekiotoj\u0173, bet neliet\u0117 j\u0173 turto."
                },
                "17": {
                    "verse_nr": "17",
                    "verse": "Tai \u012fvyko adaro m\u0117nesio trylikt\u0105 dien\u0105. Keturiolikt\u0105 dien\u0105 jie ils\u0117josi, puotavo ir \u0161vent\u0117 d\u017eiaugsmo \u0161vent\u0119."
                },
                "18": {
                    "verse_nr": "18",
                    "verse": "S\u016bz\u0173 \u017eydai buvo susirink\u0119 trylikt\u0105 ir keturiolikt\u0105 dien\u0105, o penkiolikt\u0105 dien\u0105 jie ils\u0117josi, puotavo ir \u0161vent\u0117 d\u017eiaugsmo \u0161vent\u0119"
                },
                "19": {
                    "verse_nr": "19",
                    "verse": "\u017eydai, gyvenantys neapm\u016brytuose miestuose bei kaimuose, d\u017eiaugsmo ir puotos \u0161ventei pasirinko keturiolikt\u0105 adaro m\u0117nesio dien\u0105; t\u0105 dien\u0105 jie siuntin\u0117jo vieni kitiems dovanas ir valgius."
                },
                "20": {
                    "verse_nr": "20",
                    "verse": "Mordechajas visa tai sura\u0161\u0117 ir lai\u0161kus \u017eydams i\u0161siuntin\u0117jo visoje karaliaus Ahasvero karalyst\u0117je, arti ir toli."
                },
                "21": {
                    "verse_nr": "21",
                    "verse": "Jis ragino \u017eydus kiekvienais metais \u0161v\u0119sti adaro m\u0117nesio keturiolikt\u0105 ir penkiolikt\u0105 dienas"
                },
                "22": {
                    "verse_nr": "22",
                    "verse": "kaip \u017eyd\u0173 i\u0161laisvinimo i\u0161 j\u0173 prie\u0161\u0173 dienas, nes j\u0173 li\u016bdesys virto d\u017eiaugsmu, dejon\u0117s\u00add\u017ei\u016bgavimu. Tomis dienomis jie tur\u0117t\u0173 d\u017eiaugtis, puotauti, dalintis maistu ir betur\u010diams si\u0173sti dovan\u0173."
                },
                "23": {
                    "verse_nr": "23",
                    "verse": "\u017dydai prad\u0117jo taip daryti, kaip Mordechajas buvo jiems nurod\u0119s."
                },
                "24": {
                    "verse_nr": "24",
                    "verse": "Nes agagas Hamanas, Hamedatos s\u016bnus, \u017eyd\u0173 prie\u0161as, buvo suman\u0119s sunaikinti \u017eydus ir met\u0117 Pur, tai yra burt\u0105, kad juos sunaikint\u0173 ir i\u0161\u017eudyt\u0173."
                },
                "25": {
                    "verse_nr": "25",
                    "verse": "Kai Estera at\u0117jo pas karali\u0173, jis \u012fsak\u0117 ra\u0161tu, kad Hamano piktas sumanymas krist\u0173 ant jo paties galvos\u00adjis ir jo s\u016bn\u016bs buvo pakarti."
                },
                "26": {
                    "verse_nr": "26",
                    "verse": "Tas dienas nuo \u017eod\u017eio Pur jie vadina Purimu. Tod\u0117l pagal visus \u0161io lai\u0161ko \u017eod\u017eius, pagal tai, k\u0105 jie patys mat\u0117 ir patyr\u0117"
                },
                "27": {
                    "verse_nr": "27",
                    "verse": "\u017eydai nusprend\u0117, kad kiekvienais metais tuo pa\u010diu laiku tas dvi dienas turi prisiminti visi \u017eydai, j\u0173 palikuonys ir visi, prisijung\u0119 prie j\u0173."
                },
                "28": {
                    "verse_nr": "28",
                    "verse": "Tos dienos turi b\u016bti \u0161ven\u010diamos visose \u0161eimose, visuose miestuose ir visose kartose. Purimo dienos neturi pranykti i\u0161 \u017eyd\u0173 papro\u010di\u0173 nei prisiminimas apie jas tarp j\u0173 palikuoni\u0173."
                },
                "29": {
                    "verse_nr": "29",
                    "verse": "Karalien\u0117 Estera, Abihailo dukt\u0117, ir \u017eydas Mordechajas ra\u0161\u0117 antr\u0105 lai\u0161k\u0105 d\u0117l Purimo."
                },
                "30": {
                    "verse_nr": "30",
                    "verse": "Jie i\u0161siuntin\u0117jo lai\u0161kus \u017eydams \u012f \u0161imt\u0105 dvide\u0161imt septynis karaliaus Ahasvero kra\u0161tus su taikos ir tiesos \u017eod\u017eiais"
                },
                "31": {
                    "verse_nr": "31",
                    "verse": "kad paragint\u0173 \u0161v\u0119sti Purimo dienas nustatytu laiku, kur\u012f nurod\u0117 \u017eydas Mordechajas ir karalien\u0117 Estera. Ir jie patys paskyr\u0117 sau pasninkus ir verksmo dienas."
                },
                "32": {
                    "verse_nr": "32",
                    "verse": "Karalien\u0117s Esteros \u012fsakymas patvirtino Purimo \u0161vent\u0119 ir yra u\u017era\u0161ytas knygoje."
                }
            }
        },
        "10": {
            "chapter_nr": "10",
            "chapter": {
                "1": {
                    "verse_nr": "1",
                    "verse": "Karalius Ahasveras u\u017ed\u0117jo duokl\u0119 visiems kra\u0161tams ir j\u016br\u0173 saloms."
                },
                "2": {
                    "verse_nr": "2",
                    "verse": "Visi jo vald\u017eios ir galyb\u0117s darbai, taip pat Mordechajo garb\u0117, kuri\u0105 karalius jam suteik\u0117, yra sura\u0161yta pers\u0173 ir med\u0173 metra\u0161\u010di\u0173 knygoje."
                },
                "3": {
                    "verse_nr": "3",
                    "verse": "\u017dydas Mordechajas buvo antras po karaliaus Ahasvero. Jis buvo galingas tarp \u017eyd\u0173 ir m\u0117gstamas tarp broli\u0173, nes jis siek\u0117 gerov\u0117s ir taikos savo tautai."
                }
            }
        }
    }
}