{
    "version": "SFB",
    "book_name": "2 John",
    "book_nr": "63",
    "book": {
        "1": {
            "chapter_nr": "1",
            "chapter": {
                "1": {
                    "verse_nr": "1",
                    "verse": "H\u00e4lsning - Fr\u00e5n den gamle till den utvalda frun och hennes barn, som jag \u00e4lskar i sanningen, och inte bara jag utan alla som har l\u00e4rt k\u00e4nna sanningen."
                },
                "2": {
                    "verse_nr": "2",
                    "verse": "Vi \u00e4lskar dem f\u00f6r sanningens skull, som f\u00f6rblir i oss och skall vara med oss i evighet."
                },
                "3": {
                    "verse_nr": "3",
                    "verse": "N\u00e5d, barmh\u00e4rtighet och frid fr\u00e5n Gud, Fadern, och fr\u00e5n Jesus Kristus, Faderns Son, vare med oss i sanning och k\u00e4rlek."
                },
                "4": {
                    "verse_nr": "4",
                    "verse": "F\u00f6rmaning till trohet mot Kristi budskap - Jag blev mycket glad n\u00e4r jag fann s\u00e5dana bland dina barn som lever i sanningen efter det bud som vi har tagit emot av Fadern."
                },
                "5": {
                    "verse_nr": "5",
                    "verse": "Och nu har jag en b\u00f6n till dig, min fru - det \u00e4r inte n\u00e5got nytt bud jag h\u00e4r ger dig utan det som vi har haft fr\u00e5n b\u00f6rjan - jag ber: l\u00e5t oss \u00e4lska varandra."
                },
                "6": {
                    "verse_nr": "6",
                    "verse": "Ja, detta \u00e4r k\u00e4rleken: att vi lever efter hans bud. Detta \u00e4r det bud ni har h\u00f6rt fr\u00e5n b\u00f6rjan, att ni skall leva i k\u00e4rleken."
                },
                "7": {
                    "verse_nr": "7",
                    "verse": "Ty m\u00e5nga bedragare har g\u00e5tt ut i v\u00e4rlden, och de bek\u00e4nner inte att Jesus \u00e4r Kristus, som har kommit i k\u00f6ttet. En s\u00e5dan \u00e4r Bedragaren, Antikrist."
                },
                "8": {
                    "verse_nr": "8",
                    "verse": "Se till att ni inte f\u00f6rlorar det vi har arbetat f\u00f6r utan f\u00e5r full l\u00f6n."
                },
                "9": {
                    "verse_nr": "9",
                    "verse": "Den som inte f\u00f6rblir i Kristi l\u00e4ra utan g\u00e5r ut\u00f6ver den, han har inte Gud. Den som f\u00f6rblir i hans l\u00e4ra har b\u00e5de Fadern och Sonen."
                },
                "10": {
                    "verse_nr": "10",
                    "verse": "Om d\u00e4rf\u00f6r n\u00e5gon kommer till er och inte f\u00f6r med sig denna l\u00e4ra, s\u00e5 skall ni inte ta emot honom i ert hem eller h\u00e4lsa honom v\u00e4lkommen."
                },
                "11": {
                    "verse_nr": "11",
                    "verse": "Den som v\u00e4lkomnar en s\u00e5dan g\u00f6r sig medskyldig till hans onda g\u00e4rningar."
                },
                "12": {
                    "verse_nr": "12",
                    "verse": "Slutord - Fast\u00e4n jag har mycket att s\u00e4ga er vill jag inte g\u00f6ra det med papper och bl\u00e4ck. Jag hoppas i st\u00e4llet kunna komma till er och tala direkt med er, s\u00e5 att v\u00e5r gl\u00e4dje kan bli fullkomlig."
                },
                "13": {
                    "verse_nr": "13",
                    "verse": "Din utvalda systers barn h\u00e4lsar till dig."
                }
            }
        }
    }
}