{
    "version": "DHH",
    "book_name": "Nahum",
    "book_nr": "34",
    "book": {
        "1": {
            "chapter_nr": "1",
            "chapter": {
                "1": {
                    "verse_nr": "1",
                    "verse": "Libro de la profec\u00eda que Nah\u00fam de Elc\u00f3s recibi\u00f3 por revelaci\u00f3n. \u00c9ste es el mensaje dirigido a la ciudad de N\u00ednive."
                },
                "2": {
                    "verse_nr": "2",
                    "verse": "El Se\u00f1or es Dios celoso y vengador: se venga de los que se le oponen, y se enoja con sus enemigos."
                },
                "3": {
                    "verse_nr": "3",
                    "verse": "El Se\u00f1or es paciente pero poderoso, y no dejar\u00e1 de castigar al culpable. El Se\u00f1or camina sobre la tormenta, y las nubes son el polvo de sus pies."
                },
                "4": {
                    "verse_nr": "4",
                    "verse": "Amenaza al mar, y lo seca. Hace que se sequen todos los r\u00edos. Los campos de Bas\u00e1n y el monte Carmelo se marchitan, y se marchitan tambi\u00e9n las flores del L\u00edbano."
                },
                "5": {
                    "verse_nr": "5",
                    "verse": "Ante \u00e9l tiemblan las monta\u00f1as; los cerros se derriten en su presencia. Toda la tierra se estremece al verlo; todo el mundo y los que en \u00e9l viven."
                },
                "6": {
                    "verse_nr": "6",
                    "verse": "\u00bfQui\u00e9n podr\u00e1 mantenerse de pie ante su ira? \u00bfQui\u00e9n podr\u00e1 resistir su enojo? Su furia se derrama como fuego, y ante \u00e9l se parten en dos las pe\u00f1as."
                },
                "7": {
                    "verse_nr": "7",
                    "verse": "El Se\u00f1or es bueno; es un refugio en horas de angustia: protege a los que en \u00e9l conf\u00edan."
                },
                "8": {
                    "verse_nr": "8",
                    "verse": "Pero, como inundaci\u00f3n que todo lo arrasa, destruye a los que se le oponen; la oscuridad alcanzar\u00e1 a sus enemigos."
                },
                "9": {
                    "verse_nr": "9",
                    "verse": "\u00bfQu\u00e9 est\u00e1n tramando ustedes en contra del Se\u00f1or? \u00a1\u00c9l los destruir\u00e1 por completo! \u00a1Nadie puede opon\u00e9rsele dos veces!"
                },
                "10": {
                    "verse_nr": "10",
                    "verse": "Pues como espinos enmara\u00f1ados, como paja seca, ser\u00e1n quemados por completo."
                },
                "11": {
                    "verse_nr": "11",
                    "verse": "De ti, N\u00ednive, sali\u00f3 el que trama lo malo en contra del Se\u00f1or: un malvado consejero."
                },
                "12": {
                    "verse_nr": "12",
                    "verse": "Por eso dice el Se\u00f1or a su pueblo: \u00abAunque los asirios sean fuertes y numerosos, ser\u00e1n destruidos y pasar\u00e1n. Yo te he hecho sufrir, pero no te har\u00e9 sufrir m\u00e1s."
                },
                "13": {
                    "verse_nr": "13",
                    "verse": "Har\u00e9 pedazos el yugo que tienes encima y romper\u00e9 tus cadenas.\u00bb"
                },
                "14": {
                    "verse_nr": "14",
                    "verse": "El Se\u00f1or orden\u00f3 respecto a ti, rey de N\u00ednive: \u00abNo tendr\u00e1s descendientes que contin\u00faen tu nombre; del templo de tu dios destruir\u00e9 los \u00eddolos y las estatuas, y all\u00ed te voy a enterrar porque eres despreciable.\u00bb"
                },
                "15": {
                    "verse_nr": "15",
                    "verse": "Anuncio de la ca\u00edda de N\u00ednive - \u00a1Miren! \u00a1Ya viene sobre los montes el mensajero que trae noticias de paz! Celebra tus fiestas, Jud\u00e1; cumple tus promesas. Nunca m\u00e1s te invadir\u00e1n los malvados; han sido destruidos por completo."
                }
            }
        },
        "2": {
            "chapter_nr": "2",
            "chapter": {
                "1": {
                    "verse_nr": "1",
                    "verse": "N\u00ednive, el destructor marcha contra ti. \u00a1Monta tu guardia en la fortaleza! \u00a1Vigila el camino! \u00a1C\u00ed\u00f1ete la espada! \u00a1Re\u00fane tus fuerzas!"
                },
                "2": {
                    "verse_nr": "2",
                    "verse": "Porque el Se\u00f1or va a restaurar el orgullo de Jacob, el orgullo de Israel, como era antes de que lo saquearan y lo dejaran como vid sin ramas."
                },
                "3": {
                    "verse_nr": "3",
                    "verse": "Rojo es el escudo de sus guerreros y rojo el uniforme de su ej\u00e9rcito. \u00a1Est\u00e1n listos para el ataque! Sus carros parecen de fuego; sus caballos se impacientan."
                },
                "4": {
                    "verse_nr": "4",
                    "verse": "Los carros corren con furia por las calles, van de un lado a otro de las plazas, son como antorchas encendidas, pasan como rel\u00e1mpagos."
                },
                "5": {
                    "verse_nr": "5",
                    "verse": "Llama el rey a sus oficiales, y ellos se atropellan al correr a la muralla, al parapeto ya preparado."
                },
                "6": {
                    "verse_nr": "6",
                    "verse": "Se abren las compuertas del r\u00edo, y el palacio se viene abajo."
                },
                "7": {
                    "verse_nr": "7",
                    "verse": "Al destierro llevan a la reina; la acompa\u00f1an sus criadas, que gimen como palomas y lloran golpe\u00e1ndose el pecho."
                },
                "8": {
                    "verse_nr": "8",
                    "verse": "Como el agua a trav\u00e9s de un dique roto, as\u00ed huyen los habitantes de N\u00ednive. \u00ab\u00a1Det\u00e9nganse! \u00a1Vuelvan!\u00bb les gritan, pero nadie vuelve."
                },
                "9": {
                    "verse_nr": "9",
                    "verse": "\u00a1Roben la plata! \u00a1Roben el oro! \u00a1Las riquezas de N\u00ednive no tienen fin!"
                },
                "10": {
                    "verse_nr": "10",
                    "verse": "Destruida, desierta, desolada, as\u00ed est\u00e1 N\u00ednive. Los corazones se deshacen de miedo, tiemblan las rodillas, a todos les faltan las fuerzas y los rostros pierden el color."
                },
                "11": {
                    "verse_nr": "11",
                    "verse": "\u00bfQu\u00e9 queda de la cueva de los leones, de la guarida de los cachorros de le\u00f3n? All\u00ed los leones y sus cachorros se sent\u00edan seguros; no hab\u00eda nadie que los espantara."
                },
                "12": {
                    "verse_nr": "12",
                    "verse": "Mataba el le\u00f3n a su presa, la repart\u00eda entre la leona y sus cachorros, y llenaba de rapi\u00f1a sus cuevas."
                },
                "13": {
                    "verse_nr": "13",
                    "verse": "Destrucci\u00f3n total de N\u00ednive - El Se\u00f1or todopoderoso afirma: \u00abAqu\u00ed estoy contra ti: voy a quemar tus carros de guerra y a convertirlos en humo; voy a matar tus cachorros; acabar\u00e9 con el robo que hay en tu tierra, y no se oir\u00e1 m\u00e1s la voz de tus mensajeros.\u00bb"
                }
            }
        },
        "3": {
            "chapter_nr": "3",
            "chapter": {
                "1": {
                    "verse_nr": "1",
                    "verse": "\u00a1Ay de ti, ciudad sanguinaria, llena de mentira y violencia; tu rapi\u00f1a no tiene fin!"
                },
                "2": {
                    "verse_nr": "2",
                    "verse": "\u00a1Chasquido de l\u00e1tigo, estruendo de ruedas! \u00a1Galopar de caballos, carros que saltan!"
                },
                "3": {
                    "verse_nr": "3",
                    "verse": "\u00a1Carga de caballer\u00eda! \u00a1Brillo de espada, resplandor de lanza! \u00a1Miles de heridos, montones de muertos! \u00a1Cad\u00e1veres sin fin! \u00a1La gente tropieza con ellos!"
                },
                "4": {
                    "verse_nr": "4",
                    "verse": "Y todo por culpa de las prostituciones de esa ramera llena de gracia y hermosura, maestra en brujer\u00edas, que con sus prostituciones y hechizos embaucaba a pueblos y naciones."
                },
                "5": {
                    "verse_nr": "5",
                    "verse": "El Se\u00f1or todopoderoso afirma: \u00abAqu\u00ed estoy contra ti: te voy a levantar el vestido hasta la cara, para que las naciones te vean desnuda y los reinos vean tu verg\u00fcenza."
                },
                "6": {
                    "verse_nr": "6",
                    "verse": "Y echar\u00e9 suciedad sobre ti; te cubrir\u00e9 de deshonra y har\u00e9 de ti un espect\u00e1culo."
                },
                "7": {
                    "verse_nr": "7",
                    "verse": "Todos los que te vean huir\u00e1n de ti diciendo: \u201c\u00a1N\u00ednive est\u00e1 destruida! \u00bfQui\u00e9n le tendr\u00e1 compasi\u00f3n? \u00bfD\u00f3nde hallar quien la consuele?\u201d"
                },
                "8": {
                    "verse_nr": "8",
                    "verse": "\u00bfAcaso eres t\u00fa mejor que Tebas, la ciudad junto al r\u00edo Nilo, rodeada de muchas aguas, con el r\u00edo por barrera y el agua por muralla?"
                },
                "9": {
                    "verse_nr": "9",
                    "verse": "Etiop\u00eda y Egipto eran su fortaleza sin l\u00edmite; los de Fut, los libios, eran sus aliados."
                },
                "10": {
                    "verse_nr": "10",
                    "verse": "Sin embargo, Tebas fue llevada al destierro; sus ni\u00f1os fueron estrellados en las esquinas de las calles; sobre sus nobles echaron suertes y sus caudillos fueron encadenados."
                },
                "11": {
                    "verse_nr": "11",
                    "verse": "Tambi\u00e9n a ti te van a emborrachar; aturdida, te esconder\u00e1s buscando refugio de tu enemigo."
                },
                "12": {
                    "verse_nr": "12",
                    "verse": "Todas tus fortalezas son como higueras cargadas de higos tiernos, que caen, si la sacuden, en la boca de quien los come."
                },
                "13": {
                    "verse_nr": "13",
                    "verse": "Tu ej\u00e9rcito parece formado de mujeres; las puertas del pa\u00eds est\u00e1n abiertas para el enemigo; el fuego ha destruido tus cerrojos."
                },
                "14": {
                    "verse_nr": "14",
                    "verse": "Prepara agua, para que puedas resistir el sitio; refuerza tus defensas. M\u00e9tete en el lodo, pisa el barro, toma el molde de tus ladrillos."
                },
                "15": {
                    "verse_nr": "15",
                    "verse": "All\u00ed te consumir\u00e1 el fuego, y la espada, como langosta, te exterminar\u00e1 por completo. \u00a1Multipl\u00edcate como las langostas! \u00a1Multipl\u00edcate como los saltamontes!"
                },
                "16": {
                    "verse_nr": "16",
                    "verse": "Tus comerciantes se hicieron m\u00e1s numerosos que las estrellas del cielo. (La langosta cambia de piel y vuela.)"
                },
                "17": {
                    "verse_nr": "17",
                    "verse": "Tus guardianes son como langostas; y los encargados de reclutar tus tropas son como nubes de insectos: cuando hace fr\u00edo, se posan en las paredes; cuando sale el sol, se van; nadie sabe d\u00f3nde."
                },
                "18": {
                    "verse_nr": "18",
                    "verse": "\u00bb\u00a1C\u00f3mo duermen tus pastores, oh rey de Asiria! Tus oficiales descansan, tus tropas andan dispersas por los montes y no hay quien las re\u00fana."
                },
                "19": {
                    "verse_nr": "19",
                    "verse": "\u00a1No hay remedio para tu herida; tu llaga es incurable! Todos los que oyen de tu desgracia aplauden de alegr\u00eda, pues, \u00bfqui\u00e9n no sufri\u00f3 tu maldad sin fin?\u00bb"
                }
            }
        }
    }
}