{
    "version": "SEB",
    "book_name": "Joel",
    "book_nr": "29",
    "book": {
        "1": {
            "chapter_nr": "1",
            "chapter": {
                "1": {
                    "verse_nr": "1",
                    "verse": "Slovo Hospodina, ktor\u00e9 zaznelo Joelovi, synovi Petuela."
                },
                "2": {
                    "verse_nr": "2",
                    "verse": "\u201eZbystrite sluch, v\u0161etci obyvatelia krajiny,\npo\u010dujte toto, star\u0161\u00ed:\nStalo sa nie\u010do podobn\u00e9 za va\u0161ich \u010dias\nalebo za \u010dias va\u0161ich otcov?"
                },
                "3": {
                    "verse_nr": "3",
                    "verse": "Rozpr\u00e1vajte o tom svojim synom\na va\u0161i synovia svojim synom\na ich synovia \u010fal\u0161iemu pokoleniu."
                },
                "4": {
                    "verse_nr": "4",
                    "verse": "\u010co ostalo po h\u00faseniciach, po\u017erali kobylky;\n\u010do ostalo po kobylk\u00e1ch, po\u017erali chr\u00fasty;\n\u010do ostalo po chr\u00fastoch, po\u017erali kon\u00edky."
                },
                "5": {
                    "verse_nr": "5",
                    "verse": "Prebu\u010fte sa, opilci, a pla\u010dte!\nKv\u00ed\u013ete, v\u0161etci pijani v\u00edna,\nnad mlad\u00fdm v\u00ednom,\nlebo v\u00e1m je od\u0148at\u00e9 od \u00fast."
                },
                "6": {
                    "verse_nr": "6",
                    "verse": "Ve\u010f k mojej krajine pritiahol n\u00e1rod,\nmocn\u00fd a bez po\u010dtu.\nM\u00e1 zuby ako lev a tes\u00e1ky ako levica."
                },
                "7": {
                    "verse_nr": "7",
                    "verse": "M\u00f4j vini\u010d zmenil na p\u00fa\u0161\u0165,\npol\u00e1mal moje figovn\u00edky,\nol\u00fapal ich a zahodil,\nich ratolesti zbeleli."
                },
                "8": {
                    "verse_nr": "8",
                    "verse": "Kv\u00ed\u013e ako vrecovinou op\u00e1san\u00e1 panna\nv sm\u00fatku nad sn\u00fabencom svojej mladosti."
                },
                "9": {
                    "verse_nr": "9",
                    "verse": "Vystane obetn\u00fd dar i n\u00e1pojov\u00e1 obeta v Hospodinovom dome.\nTr\u00fachlia k\u0148azi, ktor\u00ed sl\u00fa\u017eia Hospodinovi."
                },
                "10": {
                    "verse_nr": "10",
                    "verse": "Spusto\u0161en\u00e9 je pole, tr\u00fachli ro\u013ea,\nlebo je znivo\u010den\u00e9 obilie.\nVyschol mu\u0161t a vysu\u0161il sa olej."
                },
                "11": {
                    "verse_nr": "11",
                    "verse": "Or\u00e1\u010di, m\u00f4\u017eete sa hanbi\u0165!\nVinohradn\u00edci, kv\u00ed\u013ete\nkv\u00f4li p\u0161enici a ja\u010dme\u0148u,\nlebo \u017eatva na poli vy\u0161la navnivo\u010d."
                },
                "12": {
                    "verse_nr": "12",
                    "verse": "Vini\u010d vyschol, figovn\u00edk zv\u00e4dol,\ngran\u00e1tovn\u00edk, palma, jablo\u0148\na v\u0161etky stromy na poli povysychali.\nVe\u010f povysychalo to,\nz \u010doho \u013eudia m\u00e1vali rados\u0165."
                },
                "13": {
                    "verse_nr": "13",
                    "verse": "K\u0148azi, op\u00e1\u0161te sa a nariekajte!\nVy, ktor\u00ed obsluhujete olt\u00e1r, kv\u00ed\u013ete!\nVst\u00fapte a nocujte\nv sm\u00fato\u010dnej vrecovine,\nslu\u017eobn\u00edci m\u00f4jho Boha!\nVe\u010f domu v\u00e1\u0161ho Boha sa odopiera\npokrmov\u00e1 i n\u00e1pojov\u00e1 obeta."
                },
                "14": {
                    "verse_nr": "14",
                    "verse": "Vyhl\u00e1ste posv\u00e4tn\u00fd p\u00f4st!\nZvolajte sl\u00e1vnostn\u00e9 zhroma\u017edenie!\nZhroma\u017edite star\u0161\u00edch,\nv\u0161etk\u00fdch obyvate\u013eov krajiny\ndo domu Hospodina, v\u00e1\u0161ho Boha,\na volajte o pomoc k Hospodinovi!"
                },
                "15": {
                    "verse_nr": "15",
                    "verse": "Ach, ten de\u0148!\nBl\u00edzko je de\u0148 Hospodina!\nPr\u00edde ako skaza od V\u0161emoh\u00faceho."
                },
                "16": {
                    "verse_nr": "16",
                    "verse": "\u010ci nie je n\u00e1m priamo pred o\u010dami\nod\u0148at\u00fd pokrm, rados\u0165 a jasot z domu n\u00e1\u0161ho Boha?"
                },
                "17": {
                    "verse_nr": "17",
                    "verse": "Semeno sa scvrklo pod hrudami,\nstodoly spustli, s\u00fdpky sa zb\u00farali,\nlebo obilie uschlo."
                },
                "18": {
                    "verse_nr": "18",
                    "verse": "Ach, ako bu\u010d\u00ed dobytok,\ntr\u00e1pia sa st\u00e1da ro\u017en\u00e9ho statku,\nlebo nemaj\u00fa pa\u0161u;\naj st\u00e1da oviec hyn\u00fa."
                },
                "19": {
                    "verse_nr": "19",
                    "verse": "K tebe, Hospodin, vol\u00e1m,\nlebo ohe\u0148 str\u00e1vil stepn\u00e9 pastviny\na plame\u0148 sp\u00e1lil v\u0161etky stromy na poli."
                },
                "20": {
                    "verse_nr": "20",
                    "verse": "Aj po\u013en\u00e9 zvierat\u00e1 po tebe prahn\u00fa,\nlebo vyschli vodn\u00e9 toky\na ohe\u0148 str\u00e1vil stepn\u00e9 pastviny."
                }
            }
        },
        "2": {
            "chapter_nr": "2",
            "chapter": {
                "1": {
                    "verse_nr": "1",
                    "verse": "Zatr\u00fabte na roh na Sione,\nkri\u010dte na poplach na mojom sv\u00e4tom vrchu,\nnech sa tras\u00fa v\u0161etci obyvatelia krajiny,\nlebo prich\u00e1dza de\u0148 Hospodina.\n\u00c1no, bl\u00edzko je"
                },
                "2": {
                    "verse_nr": "2",
                    "verse": "de\u0148 tmy a temnoty,\nde\u0148 hust\u00fdch oblakov a mr\u00e1kavy.\nAko rann\u00fd \u00fasvit po vrchoch\nrozprestiera sa po\u010detn\u00fd a mocn\u00fd \u013eud,\njemu podobn\u00fd nebol od vekov\nani po \u0148om nebude\na\u017e do \u010dias najvzdialenej\u0161\u00edch pokolen\u00ed."
                },
                "3": {
                    "verse_nr": "3",
                    "verse": "Pred n\u00edm zo\u017eiera ohe\u0148,\nza n\u00edm spa\u013euje plame\u0148.\nAko z\u00e1hrada Eden je pred n\u00edm cel\u00e1 krajina\na za n\u00edm znivo\u010den\u00e1 p\u00fa\u0161\u0165.\nNi\u010d neute\u010die pred n\u00edm."
                },
                "4": {
                    "verse_nr": "4",
                    "verse": "Vzh\u013eadom sa podobaj\u00fa ko\u0148om\na be\u017eia ako t\u00e1to\u0161e."
                },
                "5": {
                    "verse_nr": "5",
                    "verse": "S\u00fa ako rachot vozov,\nke\u010f poskakuj\u00fa po kon\u010diaroch vrchov.\nS\u00fa ako praskot bl\u010diaceho oh\u0148a,\nktor\u00fd spa\u013euje slamu.\nS\u00fa ako mocn\u00fd \u013eud,\nktor\u00fd je pripraven\u00fd na boj."
                },
                "6": {
                    "verse_nr": "6",
                    "verse": "N\u00e1rody sa chvej\u00fa pred nimi\na tv\u00e1re v\u0161etk\u00fdch bledn\u00fa."
                },
                "7": {
                    "verse_nr": "7",
                    "verse": "Be\u017eia ako hrdinovia,\nvystupuj\u00fa na hradby ako bojovn\u00edci.\nKa\u017ed\u00fd ide svojou cestou,\nneodchy\u013euje sa od svojej dr\u00e1hy."
                },
                "8": {
                    "verse_nr": "8",
                    "verse": "Nikto nevr\u00e1\u017ea do druh\u00e9ho,\nka\u017ed\u00fd ide svoj\u00edm smerom,\ni cez strely sa neprestajne r\u00fatia."
                },
                "9": {
                    "verse_nr": "9",
                    "verse": "Vtrhn\u00fa do mesta,\nvybehn\u00fa na hradby,\nvyst\u00fapia na domy,\nvlez\u00fa ako zlodej cez okn\u00e1."
                },
                "10": {
                    "verse_nr": "10",
                    "verse": "Pred nimi sa zatrasie zem,\nnebes\u00e1 sa zachvej\u00fa,\nslnko a mesiac stemnej\u00fa\na hviezdy stratia svoj jas."
                },
                "11": {
                    "verse_nr": "11",
                    "verse": "Hospodin vyd\u00e1 povel svojmu vojsku,\nlebo jeho t\u00e1bor je ve\u013emi ve\u013ek\u00fd\na mocn\u00ed s\u00fa t\u00ed, \u010do splnia jeho rozkaz.\nPreto je de\u0148 Hospodina ve\u013ek\u00fd a ve\u013emi hrozn\u00fd.\nKto ho m\u00f4\u017ee znies\u0165?\u201c"
                },
                "12": {
                    "verse_nr": "12",
                    "verse": "\u201eTeraz v\u0161ak,\u201c\nznie v\u00fdrok Hospodina,\n\u201evr\u00e1\u0165te sa ku mne\ncel\u00fdm srdcom, v p\u00f4ste,\npla\u010di a n\u00e1reku!"
                },
                "13": {
                    "verse_nr": "13",
                    "verse": "Roztrhnite si srdcia, a nie r\u00facha,\nvr\u00e1\u0165te sa k Hospodinovi, svojmu Bohu!\nVe\u010f je milostiv\u00fd a milosrdn\u00fd,\ntrpezliv\u00fd a ve\u013emi \u013e\u00fatostiv\u00fd,\nlebo mu je \u013e\u00fato sp\u00f4sobi\u0165 pohromu."
                },
                "14": {
                    "verse_nr": "14",
                    "verse": "Ktovie, \u010di sa op\u00e4\u0165 nez\u013eutuje\na nezanech\u00e1 za sebou po\u017eehnanie,\ntak\u017ee bude pokrmov\u00e1 i n\u00e1pojov\u00e1 obeta\npre Hospodina, v\u00e1\u0161ho Boha."
                },
                "15": {
                    "verse_nr": "15",
                    "verse": "Zatr\u00fabte na roh na Sione!\nVyhl\u00e1ste posv\u00e4tn\u00fd p\u00f4st,\nzvolajte sl\u00e1vnostn\u00e9 zhroma\u017edenie!"
                },
                "16": {
                    "verse_nr": "16",
                    "verse": "Zhroma\u017edite \u013eud, posv\u00e4\u0165te zbor,\nzvolajte star\u0161\u00edch, zhroma\u017edite mal\u00e9 deti i doj\u010dat\u00e1!\nNech vyjde \u017een\u00edch zo svojej izby\ni nevesta zo svojej kom\u00f4rky."
                },
                "17": {
                    "verse_nr": "17",
                    "verse": "Medzi predsie\u0148ou a olt\u00e1rom nech pla\u010d\u00fa k\u0148azi,\nslu\u017eobn\u00edci Hospodina, a nech prosia:\n\u201aU\u0161etri, Hospodin, svoj \u013eud,\na nevydaj na potupu svoj dedi\u010dn\u00fd podiel,\naby sa pohania z neho nevysmievali.\u2018\nPre\u010do by mali vravie\u0165 medzi n\u00e1rodmi:\n\u201aKde\u017ee je ich Boh?\u2018"
                },
                "18": {
                    "verse_nr": "18",
                    "verse": "Vtedy sa Hospodin rozhorl\u00ed za svoju krajinu\na z\u013eutuje sa nad svoj\u00edm \u013eudom."
                },
                "19": {
                    "verse_nr": "19",
                    "verse": "Hospodin d\u00e1 odpove\u010f svojmu \u013eudu:\n\u201aH\u013ea, posielam v\u00e1m obilie, mu\u0161t i olej\na nas\u00fdtite sa t\u00fdm.\nViac v\u00e1s u\u017e nevyd\u00e1m na potupu medzi pohanmi."
                },
                "20": {
                    "verse_nr": "20",
                    "verse": "Vzdialim od v\u00e1s nepriate\u013ea zo severu\na za\u017eeniem ho do vyprahnutej a pustej krajiny:\njeho predn\u00fd z\u00e1stup do V\u00fdchodn\u00e9ho mora\na jeho zadn\u00fd z\u00e1stup do Z\u00e1padn\u00e9ho mora.\nJeho z\u00e1pach sa bude rozn\u00e1\u0161a\u0165\na hnilobn\u00fd pach bude vystupova\u0165,\nlebo si po\u010d\u00ednal velik\u00e1\u0161sky.\u2018"
                },
                "21": {
                    "verse_nr": "21",
                    "verse": "Neboj sa, zem, plesaj a raduj sa,\nlebo Hospodin vykon\u00e1 ve\u013ek\u00e9 veci."
                },
                "22": {
                    "verse_nr": "22",
                    "verse": "Neboj sa, po\u013en\u00e1 zver,\nlebo stepn\u00e9 pastviny sa rozzelenej\u00fa,\nlebo stromy prines\u00fa ovocie.\nFigovn\u00edk a vini\u010d vydaj\u00fa bohat\u00fa \u00farodu."
                },
                "23": {
                    "verse_nr": "23",
                    "verse": "Synovia Siona, jasajte a te\u0161te sa\nz Hospodina, svojho Boha,\nve\u010f v\u00e1m d\u00e1 sp\u00e1sonosn\u00fd d\u00e1\u017e\u010f,\nzo\u0161le v\u00e1m jesenn\u00fd i jarn\u00fd d\u00e1\u017e\u010f ako prv"
                },
                "24": {
                    "verse_nr": "24",
                    "verse": "tak\u017ee humn\u00e1 bud\u00fa pln\u00e9 obilia,\nlisy bud\u00fa preteka\u0165 mu\u0161tom a olejom."
                },
                "25": {
                    "verse_nr": "25",
                    "verse": "Vynahrad\u00edm v\u00e1m roky,\nv ktor\u00fdch \u017erali kobylky a chr\u00fasty,\nkon\u00edky i h\u00fasenice, moje ve\u013ek\u00e9 vojsko,\nktor\u00e9 som poslal na v\u00e1s."
                },
                "26": {
                    "verse_nr": "26",
                    "verse": "Jed\u00e1va\u0165 budete dos\u00fdta\na chv\u00e1li\u0165 meno Hospodina, svojho Boha,\nktor\u00fd sa k n\u00e1m tak obdivuhodne spr\u00e1val.\nM\u00f4j \u013eud nebude nav\u017edy zahanben\u00fd."
                },
                "27": {
                    "verse_nr": "27",
                    "verse": "Spozn\u00e1te, \u017ee ja som uprostred Izraela,\n\u017ee ja som Hospodin, v\u00e1\u0161 Boh, a niet in\u00e9ho;\na m\u00f4j \u013eud nebude nav\u017edy zahanben\u00fd."
                },
                "28": {
                    "verse_nr": "28",
                    "verse": ""
                },
                "29": {
                    "verse_nr": "29",
                    "verse": ""
                },
                "30": {
                    "verse_nr": "30",
                    "verse": ""
                },
                "31": {
                    "verse_nr": "31",
                    "verse": ""
                },
                "32": {
                    "verse_nr": "32",
                    "verse": ""
                }
            }
        },
        "3": {
            "chapter_nr": "3",
            "chapter": {
                "1": {
                    "verse_nr": "1",
                    "verse": "Potom vylejem svojho ducha na ka\u017ed\u00e9ho \u010dloveka.\nVa\u0161i synovia a va\u0161e dc\u00e9ry bud\u00fa prorokova\u0165.\nVa\u0161i starci bud\u00fa m\u00e1va\u0165 sny,\nva\u0161i ml\u00e1denci bud\u00fa m\u00e1va\u0165 videnia."
                },
                "2": {
                    "verse_nr": "2",
                    "verse": "Aj na otrokov a otrokyne\nvylejem v t\u00fdch d\u0148och svojho ducha."
                },
                "3": {
                    "verse_nr": "3",
                    "verse": "D\u00e1m znamenia na nebi i na zemi,\nkrv, ohe\u0148 a st\u013apy dymu."
                },
                "4": {
                    "verse_nr": "4",
                    "verse": "Slnko sa zmen\u00ed na tmu a mesiac na krv,\nsk\u00f4r ne\u017e pr\u00edde ve\u013ek\u00fd a hrozn\u00fd de\u0148 Hospodina."
                },
                "5": {
                    "verse_nr": "5",
                    "verse": "Ka\u017ed\u00fd, kto bude vz\u00fdva\u0165 jeho meno, bude zachr\u00e1nen\u00fd,\nlebo na vrchu Sion a v Jeruzaleme bude z\u00e1chrana,\nako pris\u013e\u00fabil Hospodin.\nMedzi vysloboden\u00fdmi bud\u00fa t\u00ed,\nktor\u00fdch Hospodin povol\u00e1."
                },
                "6": {
                    "verse_nr": "6",
                    "verse": ""
                },
                "7": {
                    "verse_nr": "7",
                    "verse": ""
                },
                "8": {
                    "verse_nr": "8",
                    "verse": ""
                },
                "9": {
                    "verse_nr": "9",
                    "verse": ""
                },
                "10": {
                    "verse_nr": "10",
                    "verse": ""
                },
                "11": {
                    "verse_nr": "11",
                    "verse": ""
                },
                "12": {
                    "verse_nr": "12",
                    "verse": ""
                },
                "13": {
                    "verse_nr": "13",
                    "verse": ""
                },
                "14": {
                    "verse_nr": "14",
                    "verse": ""
                },
                "15": {
                    "verse_nr": "15",
                    "verse": ""
                },
                "16": {
                    "verse_nr": "16",
                    "verse": ""
                },
                "17": {
                    "verse_nr": "17",
                    "verse": ""
                },
                "18": {
                    "verse_nr": "18",
                    "verse": ""
                },
                "19": {
                    "verse_nr": "19",
                    "verse": ""
                },
                "20": {
                    "verse_nr": "20",
                    "verse": ""
                },
                "21": {
                    "verse_nr": "21",
                    "verse": ""
                }
            }
        }
    }
}