{
    "version": "SEB",
    "book_name": "Nahum",
    "book_nr": "34",
    "book": {
        "1": {
            "chapter_nr": "1",
            "chapter": {
                "1": {
                    "verse_nr": "1",
                    "verse": "V\u00fdrok o Ninive. Kniha videnia Nahuma z Elk\u00f3\u0161u."
                },
                "2": {
                    "verse_nr": "2",
                    "verse": "Hospodin je horliv\u00fd a trestaj\u00faci Boh.\nPomstite\u013eom je Hospodin, vl\u00e1dca rozhor\u010den\u00fd.\nHospodin odpl\u00e1ca svojim protivn\u00edkom\na s hnevom prenasleduje svojich nepriate\u013eov."
                },
                "3": {
                    "verse_nr": "3",
                    "verse": "Hospodin je zhovievav\u00fd a ve\u013ekodu\u0161n\u00fd,\nale vinn\u00edka nenech\u00e1 bez trestu.\nVo v\u00edchre a b\u00farke je jeho cesta\na oblak je prachom pod jeho nohami."
                },
                "4": {
                    "verse_nr": "4",
                    "verse": "Pohroz\u00ed moru a vysu\u0161\u00ed ho,\naj v\u0161etky rieky vysu\u0161\u00ed.\nB\u00e1\u0161an a Karmel upadaj\u00fa,\naj kvet Libanonu v\u00e4dne."
                },
                "5": {
                    "verse_nr": "5",
                    "verse": "Vrchy sa pred n\u00edm tras\u00fa a pahorky vlnia,\ndv\u00edha sa pred n\u00edm zem, svet\na v\u0161etci, ktor\u00ed v \u0148om b\u00fdvaj\u00fa."
                },
                "6": {
                    "verse_nr": "6",
                    "verse": "Kto odol\u00e1 jeho zlosti?\nKto obstoj\u00ed pred p\u00e1\u013eavou jeho hnevu?\nJeho prchkos\u0165 s\u00e1la ako ohe\u0148,\na\u017e skaly pred n\u00edm pukaj\u00fa."
                },
                "7": {
                    "verse_nr": "7",
                    "verse": "Hospodin je dobr\u00fd,\nje pevnos\u0165ou v de\u0148 s\u00fa\u017eenia.\nPrizn\u00e1va sa k t\u00fdm,\nktor\u00ed v \u0148om maj\u00fa \u00fato\u010disko."
                },
                "8": {
                    "verse_nr": "8",
                    "verse": "Prudkou povod\u0148ou urob\u00ed koniec tomu miestu\na jeho nepriate\u013eov bude st\u00edha\u0165 tmou."
                },
                "9": {
                    "verse_nr": "9",
                    "verse": "\u010co zam\u00fd\u0161\u013eate proti Hospodinovi?\nOn sp\u00f4sob\u00ed koniec;\ns\u00fa\u017eenie druh\u00fdkr\u00e1t nenastane."
                },
                "10": {
                    "verse_nr": "10",
                    "verse": "Ako natrvalo posplietan\u00e9 t\u0155nie\na ako opilci spit\u00ed do nemoty\nbud\u00fa celkom sp\u00e1len\u00ed ako such\u00e9 plevy."
                },
                "11": {
                    "verse_nr": "11",
                    "verse": "Ve\u010f z teba vy\u0161iel ten,\nktor\u00fd zam\u00fd\u0161\u013eal zl\u00e9 proti Hospodinovi,\nni\u010domn\u00fd radca."
                },
                "12": {
                    "verse_nr": "12",
                    "verse": "Takto vrav\u00ed Hospodin:\n\u201eAj ke\u010f s\u00fa pri sile a po\u010detn\u00ed,\nbud\u00fa skosen\u00ed a zanikn\u00fa.\nAk som \u0165a poni\u017eoval,\nu\u017e \u0165a viac nepon\u00ed\u017eim."
                },
                "13": {
                    "verse_nr": "13",
                    "verse": "Teraz pol\u00e1mem jeho jarmo, ktor\u00e9 je na tebe,\na spret\u0155ham tvoje put\u00e1.\u201c"
                },
                "14": {
                    "verse_nr": "14",
                    "verse": "Hospodin vydal rozkaz proti tebe:\n\u201eNebude viac potomstva z tvojho mena!\nZ domu tvojich bohov odstr\u00e1nim\nvyrez\u00e1van\u00e9 a liate modly;\npriprav\u00edm ti hrob, lebo si nani\u010dhodn\u00fd.\u201c"
                },
                "15": {
                    "verse_nr": "15",
                    "verse": ""
                }
            }
        },
        "2": {
            "chapter_nr": "2",
            "chapter": {
                "1": {
                    "verse_nr": "1",
                    "verse": "H\u013ea, na vrchoch nohy posla blaha, ktor\u00fd ohlasuje pokoj.\nSv\u00e4\u0165, J\u00fada, svoje sviatky a pl\u0148 svoje s\u013euby.\nNepr\u00edde u\u017e viac na teba ni\u010domn\u00edk;\nje \u00faplne vyhladen\u00fd."
                },
                "2": {
                    "verse_nr": "2",
                    "verse": "Zhubca tiahne proti tebe.\nLen str\u00e1\u017e pevnos\u0165 a sleduj cestu!\nPriprav sa a pozbieraj sily!"
                },
                "3": {
                    "verse_nr": "3",
                    "verse": "Ve\u010f Hospodin obnov\u00ed J\u00e1kobovu d\u00f4stojnos\u0165\nako vinicu Izraela,\nke\u010f\u017ee ich votrelci vyplienili\na zni\u010dili ich v\u00fdhonok."
                },
                "4": {
                    "verse_nr": "4",
                    "verse": "\u0160t\u00edt jeho hrdinov sa \u010dervenie,\nbojovn\u00edci s\u00fa odet\u00ed do \u0161arl\u00e1tu.\n\u017delezn\u00e9 vozy iskria v de\u0148 n\u00edm ur\u010den\u00fd\na cyprusy sa otriasaj\u00fa."
                },
                "5": {
                    "verse_nr": "5",
                    "verse": "Vozy sa \u0161ialene r\u00fatia ulicami\na uh\u00e1\u0148aj\u00fa n\u00e1mestiami.\nVyzeraj\u00fa ako fakle\na mihaj\u00fa sa ako blesky."
                },
                "6": {
                    "verse_nr": "6",
                    "verse": "Spomenie si na svojich mocn\u00fdch.\nKe\u010f sa neistou ch\u00f4dzou\nbud\u00fa n\u00e1hli\u0165 k hradb\u00e1m,\nu\u017e tam postavili ochrann\u00fd kryt."
                },
                "7": {
                    "verse_nr": "7",
                    "verse": "Stavidl\u00e1 riek s\u00fa otvoren\u00e9\na chr\u00e1m sa r\u00faca."
                },
                "8": {
                    "verse_nr": "8",
                    "verse": "Je ur\u010den\u00e9: Obna\u017een\u00e1 bude odvle\u010den\u00e1 do zajatia.\nJej sl\u00fa\u017eky nariekaj\u00fa ako holubice a bij\u00fa sa v prsia."
                },
                "9": {
                    "verse_nr": "9",
                    "verse": "Niniv\u010dania boli odd\u00e1vna ako jazero pln\u00e9 vody,\nteraz v\u0161ak unikaj\u00fa.\n\u201eZastavte sa, stojte!\u201c\nNik sa v\u0161ak neohliadne."
                },
                "10": {
                    "verse_nr": "10",
                    "verse": "\u201eDrancujte striebro, rabujte zlato!\nZ\u00e1sob\u00e1m niet konca.\nVz\u00e1cnej\u0161ie s\u00fa ne\u017e v\u0161etky poklady.\u201c"
                },
                "11": {
                    "verse_nr": "11",
                    "verse": "Pustatina, pustina,\nv\u0161etko je spusto\u0161en\u00e9!\nZronen\u00e9 srdcia a podlomen\u00e9 kolen\u00e1.\nV\u0161etci sa tras\u00fa a v\u0161etky tv\u00e1re zbledli."
                },
                "12": {
                    "verse_nr": "12",
                    "verse": "Kde je lev\u00ed brloh a t\u00e1 obecn\u00e1 pastva,\nkam prich\u00e1dzal lev, levica a lev\u00ed\u010da?\nU\u017e sa ich nik neboj\u00ed."
                },
                "13": {
                    "verse_nr": "13",
                    "verse": "\u201eTy, lev, ktor\u00fd si vo ve\u013ekom trh\u00e1val\npre svoje ml\u00e1\u010fat\u00e1\na hrd\u00fasil pre svoje levice,\n\u00falovkom zap\u013a\u0148al svoje brlohy\na koris\u0165ou svoje pelechy"
                }
            }
        },
        "3": {
            "chapter_nr": "3",
            "chapter": {
                "1": {
                    "verse_nr": "1",
                    "verse": "Beda mestu krviprelievania! Je sam\u00e1 lo\u017e,\npln\u00e9 koristi, rabovaniu niet konca."
                },
                "2": {
                    "verse_nr": "2",
                    "verse": "Praskot bi\u010da a hrkot kolesa,\ncval kon\u00ed a hrmot vozov."
                },
                "3": {
                    "verse_nr": "3",
                    "verse": "Jazdci sa pohli.\nMe\u010de sa bl\u00fdskaj\u00fa a kopije sa leskn\u00fa.\nMnoho je pobit\u00fdch. Hromada m\u0155tvol.\nM\u0155tvych tiel bez po\u010dtu,\na\u017e sa o ne potk\u00fdnaj\u00fa."
                },
                "4": {
                    "verse_nr": "4",
                    "verse": "\u201ePre mnoh\u00e9 smilstvo, neviestka,\no\u010daruj\u00faca majsterka k\u00fazel,\nktor\u00e1 ok\u00fazlila n\u00e1rody smilnen\u00edm\na pokolenia \u010darami"
                },
                "5": {
                    "verse_nr": "5",
                    "verse": "som proti tebe,\u201c\nznie v\u00fdrok Hospodina z\u00e1stupov.\n\u201eVyhrniem ti suk\u0148u a\u017e po tv\u00e1r.\nUk\u00e1\u017eem n\u00e1rodom tvoju nahotu\na kr\u00e1\u013eovstv\u00e1m tvoju hanbu."
                },
                "6": {
                    "verse_nr": "6",
                    "verse": "Nakyd\u00e1m na teba odporn\u00fa \u0161pinu, potup\u00edm \u0165a\na vystav\u00edm \u0165a na pranier."
                },
                "7": {
                    "verse_nr": "7",
                    "verse": "Ktoko\u013evek \u0165a uvid\u00ed,\nute\u010die od teba a povie:\n\u201aNinive je spusto\u0161en\u00e9! Kto ho opla\u010de?\u2018\nKde ti m\u00e1m h\u013eada\u0165 te\u0161ite\u013eov?"
                },
                "8": {
                    "verse_nr": "8",
                    "verse": "Si vari lep\u0161ie ne\u017e T\u00e9by na N\u00edle obklopen\u00e9 vodami,\nktor\u00e9ho hradbou bolo more a m\u00farom voda?"
                },
                "9": {
                    "verse_nr": "9",
                    "verse": "Mocn\u00fd K\u00fa\u0161 i nekone\u010dn\u00fd Egypt,\nP\u00fat aj L\u00edbyj\u010dania mu boli na pomoci."
                },
                "10": {
                    "verse_nr": "10",
                    "verse": "Jeho tie\u017e stihlo vyhnanstvo, odi\u0161iel do zajatia.\nAj jeho deti boli rozdrven\u00e9 na rohoch v\u0161etk\u00fdch ul\u00edc.\nO jeho \u0161\u013eachticoch sa tie\u017e losovalo\na v\u0161etci jeho hodnost\u00e1ri boli sp\u00fatan\u00ed re\u0165azami."
                },
                "11": {
                    "verse_nr": "11",
                    "verse": "Aj ty sa opije\u0161 a bude\u0161 na nepoznanie.\nAj ty bude\u0161 h\u013eada\u0165 z\u00e1\u0161titu pred nepriate\u013eom."
                },
                "12": {
                    "verse_nr": "12",
                    "verse": "V\u0161etky tvoje pevnosti s\u00fa ako figovn\u00edky s v\u010dasn\u00fdmi plodmi.\nAk sa nimi potrasie, spadn\u00fa do \u00fast toho, kto chce jes\u0165."
                },
                "13": {
                    "verse_nr": "13",
                    "verse": "Tvoj\u00edm \u013eudom s\u00fa \u017eeny uprostred teba.\nNepriate\u013eom sa br\u00e1ny tvojej krajiny otvoria dokor\u00e1n.\nOhe\u0148 str\u00e1vi tvoje z\u00e1vory."
                },
                "14": {
                    "verse_nr": "14",
                    "verse": "Na\u010derpaj si vodu na \u010das obliehania.\nUpevni si svoje pevnosti.\n\u0160liap blato, mies maltu\na spevni to formou na tehly."
                },
                "15": {
                    "verse_nr": "15",
                    "verse": "Tam \u0165a str\u00e1vi ohe\u0148, zotne me\u010d,\nzo\u017eerie \u0165a ako \u010drvo\u010d;\nnech sa vyroj\u00ed\u0161 ako chroba\u010d, hm\u00fdri\u0161 sa ako kobylky"
                },
                "16": {
                    "verse_nr": "16",
                    "verse": "hoci by tvojich priekupn\u00edkov bolo viac ne\u017e hviezd na nebi.\nKobylky za\u00fato\u010dia a odletia."
                },
                "17": {
                    "verse_nr": "17",
                    "verse": "Tvoje knie\u017eat\u00e1 s\u00fa ako kobylky\na tvoji \u00faradn\u00edci ako roje,\nktor\u00e9 v nepriazniv\u00fd \u010das zaliezaj\u00fa do ohr\u00e1d;\nke\u010f slnko vyjde, uletia.\nKam? Na nezn\u00e1me miesto."
                },
                "18": {
                    "verse_nr": "18",
                    "verse": "Kr\u00e1\u013e As\u00fdrie, tvoji pastieri zaspali\na tvoji mocn\u00ed si pol\u00edhali.\nTvoj \u013eud je rozohnan\u00fd po vrchoch\na nik ho nezhroma\u017ed\u00ed."
                },
                "19": {
                    "verse_nr": "19",
                    "verse": "Nezahoj\u00ed sa tvoja bieda,\ntvoja bolestiv\u00e1 rana.\nKa\u017ed\u00fd, kto bude po\u010d\u00fava\u0165 spr\u00e1vu o tebe,\n\u0161kodoradostne zatlieska.\nVe\u010f koho neminula\ntvoja ustavi\u010dn\u00e1 zloba?\u201c"
                }
            }
        }
    }
}