{
    "version": "SEB",
    "book_name": "Song of Solomon",
    "book_nr": "22",
    "book": {
        "1": {
            "chapter_nr": "1",
            "chapter": {
                "1": {
                    "verse_nr": "1",
                    "verse": "Ve\u013epiese\u0148 \u0160alam\u00fana."
                },
                "2": {
                    "verse_nr": "2",
                    "verse": "Kie\u017eby ma vybozk\u00e1val\nbozkami svojich \u00fast!\nVe\u010f tvoje ne\u017enosti\nlep\u0161ie s\u00fa ako v\u00edno."
                },
                "3": {
                    "verse_nr": "3",
                    "verse": "Pre v\u00f4\u0148u tvojich v\u00fdborn\u00fdch olejov\n\u2014 tvoje meno je ako vz\u00e1cny olej \u2014\npreto \u0165a devy miluj\u00fa."
                },
                "4": {
                    "verse_nr": "4",
                    "verse": "Tiahni ma za sebou, pobe\u017eme!\nDo svojich komn\u00e1t ma voviedol kr\u00e1\u013e.\nBudeme plesa\u0165 a te\u0161i\u0165 sa z teba,\nbudeme spom\u00edna\u0165 na tvoje ne\u017enosti\nviac ako na v\u00edno.\nVskutku \u0165a miluj\u00fa!"
                },
                "5": {
                    "verse_nr": "5",
                    "verse": "\u010cierna som, no predsa p\u00f4vabn\u00e1,\ndc\u00e9ry jeruzalemsk\u00e9,\nako stany Ked\u00e1ru,\nako stanov\u00e9 z\u00e1vesy kme\u0148a \u0160alma."
                },
                "6": {
                    "verse_nr": "6",
                    "verse": "Neobzerajte si ma, \u017ee som po\u010dern\u00e1,\n\u017ee ma slnko op\u00e1lilo.\nSynovia mojej matky sa na m\u0148a nahnevali\na urobili ma str\u00e1\u017eky\u0148ou vinice.\nSvoju vinicu som si v\u0161ak neustr\u00e1\u017eila."
                },
                "7": {
                    "verse_nr": "7",
                    "verse": "Prezra\u010f mi, ty, \u010do \u0165a z tej du\u0161e milujem,\nkde bude\u0161 p\u00e1s\u0165, kde bude\u0161 cez obed odpo\u010d\u00edva\u0165?\nVe\u010f pre\u010do m\u00e1m prech\u00e1dza\u0165\npri st\u00e1dach tvojich druhov?"
                },
                "8": {
                    "verse_nr": "8",
                    "verse": "Ak to azda nevie\u0161,\nty, najkraj\u0161ia zo \u017eien,\nvydaj sa po stop\u00e1ch oviec,\npas svoje kozliatka\npri pastierskych kolib\u00e1ch."
                },
                "9": {
                    "verse_nr": "9",
                    "verse": "K svojej kobyle v z\u00e1prahu fara\u00f3novom\nprirovn\u00e1vam \u0165a, priate\u013eka moja."
                },
                "10": {
                    "verse_nr": "10",
                    "verse": "P\u00f4vabn\u00e9 s\u00fa tvoje l\u00edca s ozdobami\ni tvoja \u0161ija s perlov\u00fdm n\u00e1hrdeln\u00edkom."
                },
                "11": {
                    "verse_nr": "11",
                    "verse": "Zhotov\u00edme ti zlat\u00e9 retiazky\nso strieborn\u00fdmi gu\u013e\u00f4\u010dkami."
                },
                "12": {
                    "verse_nr": "12",
                    "verse": "K\u00fdm je kr\u00e1\u013e na svojom le\u017eadle,\nm\u00f4j nard svoju v\u00f4\u0148u vyd\u00e1va."
                },
                "13": {
                    "verse_nr": "13",
                    "verse": "Mil\u00fd m\u00f4j je pre m\u0148a myrhov\u00fdm vrec\u00fa\u0161kom,\n\u010do mi le\u017e\u00ed medzi \u0148adrami."
                },
                "14": {
                    "verse_nr": "14",
                    "verse": "Mil\u00fd m\u00f4j je pre m\u0148a hennov\u00fdm strapcom\nv \u00e9n-gedsk\u00fdch viniciach."
                },
                "15": {
                    "verse_nr": "15",
                    "verse": "Ach, kr\u00e1sna si, priate\u013eka moja, ak\u00e1 si kr\u00e1sna,\ntvoje o\u010di s\u00fa ako holubice."
                },
                "16": {
                    "verse_nr": "16",
                    "verse": "Ach, kr\u00e1sny si, mil\u00fd m\u00f4j, a \u013e\u00fabezn\u00fd,\naj na\u0161e l\u00f4\u017eko je sam\u00e1 zele\u0148."
                },
                "17": {
                    "verse_nr": "17",
                    "verse": "N\u00e1\u0161 dom m\u00e1 krovy z c\u00e9drov,\nna\u0161e stropy s\u00fa z cyprusov."
                }
            }
        },
        "2": {
            "chapter_nr": "2",
            "chapter": {
                "1": {
                    "verse_nr": "1",
                    "verse": "Som ru\u017ea \u0161ar\u00f3nska, \u013ealia \u00fadol\u00ed."
                },
                "2": {
                    "verse_nr": "2",
                    "verse": "Ako \u013ealia medzi bodliakmi\nje moja priate\u013eka medzi devami."
                },
                "3": {
                    "verse_nr": "3",
                    "verse": "Ako jablo\u0148 v lesnom poraste\nje m\u00f4j mil\u00fd medzi ml\u00e1dencami.\nPo jeho t\u00f4ni som ve\u013emi t\u00fa\u017eila, sadla som si\na jeho ovocie je sladk\u00e9 pre moje podnebie."
                },
                "4": {
                    "verse_nr": "4",
                    "verse": "Zaviedol ma do v\u00ednnej pivnice,\njeho vlajkou nado mnou bola l\u00e1ska."
                },
                "5": {
                    "verse_nr": "5",
                    "verse": "Posilnite ma hrozienkov\u00fdmi kol\u00e1\u010dmi,\nosvie\u017ete ma jablkami,\nlebo som chor\u00e1 od l\u00e1sky."
                },
                "6": {
                    "verse_nr": "6",
                    "verse": "\u013davicu svoju m\u00e1 pod mojou hlavou\na pravicou ma obj\u00edma."
                },
                "7": {
                    "verse_nr": "7",
                    "verse": "Zaprisah\u00e1vam v\u00e1s,\ndc\u00e9ry jeruzalemsk\u00e9,\npri gazel\u00e1ch alebo laniach,\nnepreb\u00fadzajte a neroznecujte l\u00e1sku,\nk\u00fdm sa jej samej nebude chcie\u0165!"
                },
                "8": {
                    "verse_nr": "8",
                    "verse": "\u010cu\u0165 m\u00f4jho mil\u00e9ho, h\u013ea, to on prich\u00e1dza.\nPo vrchoch sk\u00e1\u010de, po kopcoch poskakuje."
                },
                "9": {
                    "verse_nr": "9",
                    "verse": "M\u00f4j mil\u00fd je podobn\u00fd gazele alebo jelen\u010da\u0165u.\nH\u013ea, on stoj\u00ed za na\u0161\u00edm m\u00farom,\nnazer\u00e1 cez okno, d\u00edva sa cez mre\u017ee."
                },
                "10": {
                    "verse_nr": "10",
                    "verse": "Ozval sa m\u00f4j mil\u00fd a povedal mi:\n\u201eVsta\u0148, moja priate\u013eka, kr\u00e1ska moja, a po\u010f!"
                },
                "11": {
                    "verse_nr": "11",
                    "verse": "Pozri, ve\u010f zima pre\u0161la,\nd\u00e1\u017e\u010f ustal, odtiahol pre\u010d."
                },
                "12": {
                    "verse_nr": "12",
                    "verse": "Kvety sa zjavuj\u00fa na zemi,\n\u010das spevu sa pribl\u00ed\u017eil,\naj hlas hrdli\u010dky po\u010du\u0165 v na\u0161om kraji."
                },
                "13": {
                    "verse_nr": "13",
                    "verse": "Na figovn\u00edku rast\u00fa mlad\u00e9 plody\na kvety vini\u010da rozd\u00e1vaj\u00fa v\u00f4\u0148u.\nVsta\u0148, moja priate\u013eka,\nkr\u00e1ska moja, a po\u010f!"
                },
                "14": {
                    "verse_nr": "14",
                    "verse": "Holubica moja v trhlin\u00e1ch sk\u00e1l,\nskryt\u00e1 v skaln\u00fdch previsoch,\nuk\u00e1\u017e mi svoju tv\u00e1r,\ndo\u017ei\u010d mi \u010du\u0165 tvoj hlas,\nve\u010f tvoj hlas je pr\u00edjemn\u00fd\na tvoja tv\u00e1r \u013e\u00fabezn\u00e1.\u201c"
                },
                "15": {
                    "verse_nr": "15",
                    "verse": "Pochytajte n\u00e1m l\u00ed\u0161ky, l\u00ed\u0161ti\u010dky mali\u010dk\u00e9,\n\u010do ni\u010dia vinice. Ve\u010f na\u0161e vinice u\u017e kvitn\u00fa."
                },
                "16": {
                    "verse_nr": "16",
                    "verse": "Mil\u00fd m\u00f4j patr\u00ed mne a ja jemu,\ntomu, \u010do pasie medzi \u013ealiami."
                },
                "17": {
                    "verse_nr": "17",
                    "verse": "Prv ako zavanie de\u0148\na stratia sa tiene,\nobr\u00e1\u0165 sa, mil\u00fd m\u00f4j, bu\u010f podobn\u00fd gazele\nalebo jelen\u010da\u0165u na b\u00e9tersk\u00fdch vrchoch!"
                }
            }
        },
        "3": {
            "chapter_nr": "3",
            "chapter": {
                "1": {
                    "verse_nr": "1",
                    "verse": "Na svojom l\u00f4\u017eku som po nociach h\u013eadala toho,\nktor\u00e9ho \u013e\u00fabi moja du\u0161a.\nH\u013eadala som ho, ale som ho nena\u0161la."
                },
                "2": {
                    "verse_nr": "2",
                    "verse": "Vstanem teda a ob\u00eddem mesto.\nNa uliciach a n\u00e1mestiach\npoh\u013ead\u00e1m toho, ktor\u00e9ho \u013e\u00fabi moja du\u0161a.\nH\u013eadala som ho, ale som ho nena\u0161la."
                },
                "3": {
                    "verse_nr": "3",
                    "verse": "Na\u0161li ma str\u00e1\u017ecovia, \u010do obch\u00e1dzaj\u00fa mesto:\n\u201eNevideli ste toho, ktor\u00e9ho \u013e\u00fabi moja du\u0161a?\u201c"
                },
                "4": {
                    "verse_nr": "4",
                    "verse": "Len k\u00fasok som odi\u0161la od nich\na na\u0161la som toho, ktor\u00e9ho \u013e\u00fabi moja du\u0161a.\nChytila som ho a nepust\u00edm,\nk\u00fdm ho neprivediem do domu svojej matky,\ndo izby tej, ktor\u00e1 ma po\u010dala."
                },
                "5": {
                    "verse_nr": "5",
                    "verse": "Zaprisah\u00e1vam v\u00e1s,\ndc\u00e9ry jeruzalemsk\u00e9,\npri gazel\u00e1ch alebo laniach,\nnepreb\u00fadzajte a neroznecujte l\u00e1sku,\nk\u00fdm sa jej samej nebude chcie\u0165!"
                },
                "6": {
                    "verse_nr": "6",
                    "verse": "Kto\u017ee je t\u00e1, \u010do vystupuje z p\u00fa\u0161te ako st\u013apy dymu,\novanut\u00e1 v\u00f4\u0148ou myrhy a kadidla,\nv\u00e4\u010d\u0161mi ako v\u0161etko korenie obchodn\u00edka?"
                },
                "7": {
                    "verse_nr": "7",
                    "verse": "H\u013ea, l\u00f4\u017eko \u0160alam\u00fana!\nV\u00f4kol neho \u0161es\u0165desiat hrdinov\nz hrdinov Izraela."
                },
                "8": {
                    "verse_nr": "8",
                    "verse": "V\u0161etci ovl\u00e1daj\u00fa me\u010d, s\u00fa vycvi\u010den\u00ed na boj,\nka\u017ed\u00fd m\u00e1 me\u010d po boku pre no\u010dn\u00fd postrach."
                },
                "9": {
                    "verse_nr": "9",
                    "verse": "Kr\u00e1\u013e \u0160alam\u00fan si zhotovil\nprenosn\u00fd tr\u00f3n z libanonsk\u00e9ho dreva."
                },
                "10": {
                    "verse_nr": "10",
                    "verse": "St\u013apiky urobil strieborn\u00e9, operadlo zlat\u00e9,\nsedadlo purpurov\u00e9,\njeho vn\u00fatro vykladan\u00e9\nl\u00e1skou jeruzalemsk\u00fdch dc\u00e9r."
                },
                "11": {
                    "verse_nr": "11",
                    "verse": "Vyjdite a pozrite, sionsk\u00e9 dc\u00e9ry,\nna kr\u00e1\u013ea \u0160alam\u00fana,\nna korunu, ktorou ho matka korunovala\nv de\u0148 jeho svadby,\nv de\u0148, ke\u010f mu plesalo srdce."
                }
            }
        },
        "4": {
            "chapter_nr": "4",
            "chapter": {
                "1": {
                    "verse_nr": "1",
                    "verse": "Ach, kr\u00e1sna si, priate\u013eka moja, ak\u00e1 si kr\u00e1sna,\ntvoje o\u010di s\u00fa holubice skryt\u00e9 pod z\u00e1vojom,\ntvoje vlasy s\u00fa ako st\u00e1do k\u00f4z,\nktor\u00e9 sa \u017eenie z gile\u00e1dskych vrchov"
                },
                "2": {
                    "verse_nr": "2",
                    "verse": "tvoje zuby s\u00fa ako st\u00e1do ostrihan\u00fdch oviec,\nktor\u00e9 vych\u00e1dzaj\u00fa z k\u00fape\u013ea,\nka\u017ed\u00e1 z nich m\u00e1 po dvoje jahniatok,\n\u017eiadnej ml\u00e1\u010fa nech\u00fdba."
                },
                "3": {
                    "verse_nr": "3",
                    "verse": "Pery m\u00e1\u0161 ako \u0161arl\u00e1tov\u00fa ni\u0165\na tvoja re\u010d je pr\u00edjemn\u00e1.\nTvoje sluchy za z\u00e1vojom\ns\u00fa ako kr\u00ed\u017ealky gran\u00e1tov\u00e9ho jablka."
                },
                "4": {
                    "verse_nr": "4",
                    "verse": "Tvoj krk je ako D\u00e1vidova ve\u017ea,\nvystavan\u00e1 po vrstv\u00e1ch z kame\u0148ov,\ntis\u00edc \u0161t\u00edtov na nej vis\u00ed,\nv\u0161etko \u0161t\u00edty hrdinov."
                },
                "5": {
                    "verse_nr": "5",
                    "verse": "Tvoje dve \u0148adr\u00e1 s\u00fa ako dve ml\u00e1\u010fat\u00e1,\ngazelie dvoji\u010dky,\n\u010do sa pas\u00fa medzi \u013ealiami."
                },
                "6": {
                    "verse_nr": "6",
                    "verse": "Prv ako zavanie de\u0148\na stratia sa tiene,\nvyjdem si na myrhov\u00fd vrch\na na kadidlov\u00fd pahorok."
                },
                "7": {
                    "verse_nr": "7",
                    "verse": "Cel\u00e1 si kr\u00e1sna, priate\u013eka moja,\na \u0161kvrny na tebe niet."
                },
                "8": {
                    "verse_nr": "8",
                    "verse": "Pr\u00ed\u010f z Libanonu, sn\u00fabenica,\npr\u00ed\u010f, z Libanonu zost\u00fap!\nOpusti kon\u010diar Amany,\n\u0161t\u00edt Sen\u00edru a Cherm\u00f3nu,\nd\u00fap\u00e4t\u00e1 levov a vrchy leopardov."
                },
                "9": {
                    "verse_nr": "9",
                    "verse": "Uchv\u00e1tila si mi srdce,\nsestra moja, sn\u00fabenica,\no\u010darila si ma jedin\u00fdm poh\u013eadom,\njedinou retiazkou svojho n\u00e1hrdeln\u00edka."
                },
                "10": {
                    "verse_nr": "10",
                    "verse": "Ak\u00e9 len kr\u00e1sne\ns\u00fa tvoje ne\u017enosti,\nsestra moja, sn\u00fabenica!\nTvoje ne\u017enosti\ns\u00fa lep\u0161ie ako v\u00edno\na v\u00f4\u0148a tvojich olejov\nje nad v\u0161etky balzamy."
                },
                "11": {
                    "verse_nr": "11",
                    "verse": "Na tvojich per\u00e1ch medov\u00e1 sladkos\u0165, sn\u00fabenica,\nmed a mlieko s\u00fa pod tvoj\u00edm jazykom\na v\u00f4\u0148a tvojich \u0161iat je ako v\u00f4\u0148a Libanonu."
                },
                "12": {
                    "verse_nr": "12",
                    "verse": "Si zavret\u00e1 z\u00e1hrada, sestra moja, sn\u00fabenica,\nz\u00e1hrada zavret\u00e1, prame\u0148 zape\u010daten\u00fd."
                },
                "13": {
                    "verse_nr": "13",
                    "verse": "V\u00fdhonky tvoje s\u00fa gran\u00e1tovn\u00edkov\u00fdm sadom\ns v\u00fdborn\u00fdm ovoc\u00edm,\ns hennou a nardom"
                },
                "14": {
                    "verse_nr": "14",
                    "verse": "nardom a \u0161afranom,\npu\u0161kvorcom a \u0161koricou,\nso v\u0161etk\u00fdmi kadidlov\u00fdmi drevinami,\nmyrhou a aloou,\nnajlep\u0161\u00edmi z balzamov\u00fdch kr\u00edkov."
                },
                "15": {
                    "verse_nr": "15",
                    "verse": "Si z\u00e1hradn\u00fd prame\u0148,\nstud\u0148a \u017eivej vody\nzur\u010diacej z Libanonu."
                },
                "16": {
                    "verse_nr": "16",
                    "verse": "Prebu\u010f sa, sever, a pr\u00ed\u010f, juh,\nprevej moju z\u00e1hradu,\nrozvo\u0148aj jej balzamov\u00e9 kr\u00edky.\nNech vojde m\u00f4j mil\u00fd do svojej z\u00e1hrady\na ok\u00fasi jej v\u00fdborn\u00e9 plody."
                }
            }
        },
        "5": {
            "chapter_nr": "5",
            "chapter": {
                "1": {
                    "verse_nr": "1",
                    "verse": "Vo\u0161iel som do svojej z\u00e1hrady,\nsestra moja, sn\u00fabenica,\nober\u00e1m svoju myrhu i s balzamom,\nochutn\u00e1vam svoj medov\u00fd pl\u00e1st,\npijem svoje v\u00edno a mlieko.\nJedzte, priatelia, pite,\nop\u00e1jajte sa ne\u017enos\u0165ami!"
                },
                "2": {
                    "verse_nr": "2",
                    "verse": "Sp\u00edm, ale srdce mi bdie.\nM\u00f4j mil\u00fd klope: \u201eOtvor mi,\nsestra moja, priate\u013eka moja,\nholubica moja, moja dokonal\u00e1,\nlebo hlavu m\u00e1m cel\u00fa od rosy,\nkadere svoje od no\u010dn\u00fdch kropaj\u00ed.\u201c"
                },
                "3": {
                    "verse_nr": "3",
                    "verse": "\u201eSuk\u0148u som si vyzliekla,\nm\u00e1m si ju azda znova obliec\u0165?\nNohy som si umyla,\nm\u00e1m si ich azda znova za\u0161pini\u0165?\u201c"
                },
                "4": {
                    "verse_nr": "4",
                    "verse": "Mil\u00fd m\u00f4j cez okno natiahol ruku\na moje vn\u00fatro zat\u00fa\u017eilo po \u0148om."
                },
                "5": {
                    "verse_nr": "5",
                    "verse": "Vstala som otvori\u0165 m\u00f4jmu mil\u00e9mu,\nz mojich r\u00fak kvapkala myrha,\ncez prsty myrha mi pretekala\nna rukov\u00e4\u0165 z\u00e1vory."
                },
                "6": {
                    "verse_nr": "6",
                    "verse": "Otvorila som m\u00f4jmu mil\u00e9mu,\nale m\u00f4j mil\u00fd u\u017e odbehol, odi\u0161iel.\nKe\u010f hovoril, bola som ako bez seba.\nH\u013eadala som ho, ale nena\u0161la,\nvolala som ho, ale neodpovedal mi."
                },
                "7": {
                    "verse_nr": "7",
                    "verse": "Na\u0161li ma v\u0161ak str\u00e1\u017ecovia,\nktor\u00ed obch\u00e1dzaj\u00fa mesto.\nStr\u00e1\u017ecovia hradieb\nma zbili, dor\u00e1\u0148ali,\naj pl\u00e1\u0161\u0165 zo m\u0148a strhli."
                },
                "8": {
                    "verse_nr": "8",
                    "verse": "Zaprisah\u00e1vam v\u00e1s,\ndc\u00e9ry jeruzalemsk\u00e9:\nAk n\u00e1jdete m\u00f4jho mil\u00e9ho,\n\u010do mu ozn\u00e1mite?\nTo, \u017ee som chor\u00e1 od l\u00e1sky!"
                },
                "9": {
                    "verse_nr": "9",
                    "verse": "O \u010do je tvoj mil\u00fd lep\u0161\u00ed ne\u017e in\u00ed,\nty, najkraj\u0161ia zo \u017eien?\nO \u010do je tvoj mil\u00fd lep\u0161\u00ed ne\u017e in\u00ed,\nke\u010f n\u00e1s tak zaprisah\u00e1va\u0161?"
                },
                "10": {
                    "verse_nr": "10",
                    "verse": "M\u00f4j mil\u00fd je svie\u017ei a \u010dervenol\u00edci,\nnajlep\u0161\u00ed z tis\u00edcov."
                },
                "11": {
                    "verse_nr": "11",
                    "verse": "Jeho hlava je s\u0165a leskn\u00face sa r\u00fddze zlato.\nJeho kadere s\u00fa ako strapce dat\u013eovej palmy, \u010dierne ako havran."
                },
                "12": {
                    "verse_nr": "12",
                    "verse": "Jeho o\u010di s\u00fa ako holubice nad vodn\u00fdmi bystrinami,\nv mlieku vyk\u00fapan\u00e9,\ns\u0165a vsaden\u00e9 drahokamy."
                },
                "13": {
                    "verse_nr": "13",
                    "verse": "Jeho l\u00edca s\u00fa balzamov\u00e1 hriadka\nzarasten\u00e1 vo\u0148av\u00fdmi bylinkami.\nJeho pery s\u00fa \u013ealie,\nrosia myrhu, ktor\u00e1 pretek\u00e1."
                },
                "14": {
                    "verse_nr": "14",
                    "verse": "Jeho ruky s\u00fa ako zlat\u00e9 pr\u00faty\nvykladan\u00e9 drahokamom.\nJeho brucho je slonovinov\u00fd skvost\noblo\u017een\u00fd zaf\u00edrmi."
                },
                "15": {
                    "verse_nr": "15",
                    "verse": "Jeho stehn\u00e1 s\u00fa st\u013apy z bieleho mramoru\npolo\u017een\u00e9 na zlat\u00fdch podstavcoch.\nJeho v\u00fdzor je ako Libanon,\nvz\u00e1cny je s\u0165a c\u00e9dre."
                },
                "16": {
                    "verse_nr": "16",
                    "verse": "Jeho podnebie je presladk\u00e9,\ncel\u00fd je pr\u00ed\u0165a\u017eliv\u00fd.\nTak\u00fd je m\u00f4j mil\u00fd, tak\u00fd je m\u00f4j priate\u013e,\ndc\u00e9ry jeruzalemsk\u00e9!"
                }
            }
        },
        "6": {
            "chapter_nr": "6",
            "chapter": {
                "1": {
                    "verse_nr": "1",
                    "verse": "Kam \u0161iel tvoj mil\u00fd,\nty, najkraj\u0161ia zo \u017eien,\nkam sa tvoj mil\u00fd obr\u00e1til?\nS tebou ho poh\u013ead\u00e1me."
                },
                "2": {
                    "verse_nr": "2",
                    "verse": "M\u00f4j mil\u00fd zost\u00fapil do svojej z\u00e1hrady,\nk balzamov\u00fdm z\u00e1honom,\naby p\u00e1sol medzi z\u00e1hradami\na natrhal \u013ealie."
                },
                "3": {
                    "verse_nr": "3",
                    "verse": "Ja patr\u00edm svojmu mil\u00e9mu a m\u00f4j mil\u00fd zase mne,\non pasie uprostred \u013eali\u00ed."
                },
                "4": {
                    "verse_nr": "4",
                    "verse": "Kr\u00e1sna si, priate\u013eka moja, ako Tirca,\np\u00f4vabn\u00e1 ako Jeruzalem,\nhrozn\u00e1 ako vojsko so vzt\u00fd\u010den\u00fdmi z\u00e1stavami."
                },
                "5": {
                    "verse_nr": "5",
                    "verse": "Odvr\u00e1\u0165 odo m\u0148a svoje o\u010di, lebo ma vzru\u0161uj\u00fa.\nTvoje vlasy s\u00fa ako st\u00e1do k\u00f4z, \u010do zostupuj\u00fa z Gile\u00e1du."
                },
                "6": {
                    "verse_nr": "6",
                    "verse": "Tvoje zuby s\u00fa ako st\u00e1do oviec,\nktor\u00e9 vych\u00e1dzaj\u00fa z k\u00fape\u013ea.\nKa\u017ed\u00e1 z nich m\u00e1 po dvoje ml\u00e1\u010fat.\n\u017diadnej ml\u00e1\u010fa nech\u00fdba."
                },
                "7": {
                    "verse_nr": "7",
                    "verse": "Ako kr\u00ed\u017ealky gran\u00e1tov\u00e9ho jablka\ns\u00fa tvoje sluchy za z\u00e1vojom."
                },
                "8": {
                    "verse_nr": "8",
                    "verse": "\u0160es\u0165desiat je kr\u00e1\u013eovien,\nosemdesiat ved\u013eaj\u0161\u00edch \u017eien\na diev bez po\u010dtu"
                },
                "9": {
                    "verse_nr": "9",
                    "verse": "ale moja holubica je jedin\u00e1,\nmoja bezchybn\u00e1,\njedin\u00e1\u010dka svojej matky,\n\u010dist\u00e1 pre t\u00fa, \u010do ju porodila.\nVideli ju devy a nazvali ju \u0161\u0165astnou,\nkr\u00e1\u013eovn\u00e9 i ved\u013eaj\u0161ie \u017eeny ju oslavovali."
                },
                "10": {
                    "verse_nr": "10",
                    "verse": "\u201eKto je t\u00e1, \u010do sa d\u00edva nadol ako zora,\nkr\u00e1sna ako luna, jasn\u00e1 ako slnko,\nhrozn\u00e1 ako vojsko so vzt\u00fd\u010den\u00fdmi z\u00e1stavami?\u201c"
                },
                "11": {
                    "verse_nr": "11",
                    "verse": "Zi\u0161la som do orechov\u00fdch z\u00e1hrad,\nuvidie\u0165 p\u00fa\u010dky v \u00fadol\u00ed,\npozrie\u0165 sa, \u010di u\u017e vini\u010d vyh\u00e1\u0148a\na \u010di u\u017e kvitn\u00fa gran\u00e1tovn\u00edky."
                },
                "12": {
                    "verse_nr": "12",
                    "verse": "Ani som si neuvedomila,\nvzali ma do vozov Amminad\u00e1ba."
                },
                "13": {
                    "verse_nr": "13",
                    "verse": ""
                }
            }
        },
        "7": {
            "chapter_nr": "7",
            "chapter": {
                "1": {
                    "verse_nr": "1",
                    "verse": "Vr\u00e1\u0165 sa, vr\u00e1\u0165 sa, \u0160ulamitka,\nvr\u00e1\u0165 sa, vr\u00e1\u0165 sa, nech \u0165a vid\u00edme!\n\u010co chcete na \u0160ulamitke vidie\u0165?\nNu\u017e jej tanec v t\u00e1boroch!"
                },
                "2": {
                    "verse_nr": "2",
                    "verse": "Ak\u00e9 kr\u00e1sne s\u00fa tvoje kroky v sand\u00e1loch,\nknie\u017eacia dc\u00e9ra.\nKrivky tvojich bokov s\u00fa ako n\u00e1hrdeln\u00edk,\ndielo majstrovsk\u00fdch r\u00fak."
                },
                "3": {
                    "verse_nr": "3",
                    "verse": "Tvoje brucho je obl\u00e1 n\u00e1doba,\nnech nech\u00fdba korenen\u00e9 v\u00edno!\nTvoje lono je hromada p\u0161enice,\nlemovan\u00e1 \u013ealiami."
                },
                "4": {
                    "verse_nr": "4",
                    "verse": "Tvoje dve \u0148adr\u00e1 s\u00fa ako dve ml\u00e1\u010fat\u00e1,\ngazelie dvoji\u010dky."
                },
                "5": {
                    "verse_nr": "5",
                    "verse": "Tvoj krk je ako ve\u017ea zo slonoviny.\nTvoje o\u010di \u2014 rybn\u00edky v Che\u0161b\u00f3ne\npri br\u00e1ne Bat-Rabb\u00edm.\nTvoj nos je ako libanonsk\u00e1 ve\u017ea,\n\u010do h\u013ead\u00ed k Damasku."
                },
                "6": {
                    "verse_nr": "6",
                    "verse": "Tvoja hlava je na tebe ako Karmel\na vrko\u010de tvojej hlavy ako purpur.\nKr\u00e1\u013e je uv\u00e4znen\u00fd v tvojich ku\u010der\u00e1ch."
                },
                "7": {
                    "verse_nr": "7",
                    "verse": "Ak\u00e1 si kr\u00e1sna, ak\u00e1 \u013e\u00fabezn\u00e1,\nl\u00e1ska, pri rozko\u0161iach."
                },
                "8": {
                    "verse_nr": "8",
                    "verse": "Vzrastom sa podob\u00e1\u0161 palme\na \u0148adrami hroznov\u00fdm strapcom."
                },
                "9": {
                    "verse_nr": "9",
                    "verse": "Povedal som: \u201eVyleziem na palmu,\nchyt\u00edm sa jej kon\u00e1rov.\u201c\nNech s\u00fa tvoje \u0148adr\u00e1 ako hroznov\u00e9 strapce\na v\u00f4\u0148a tvojho dychu ako vo\u0148av\u00e9 jablk\u00e1."
                },
                "10": {
                    "verse_nr": "10",
                    "verse": "Tvoje podnebie je ako najlep\u0161ie v\u00edno,\nktor\u00e9 m\u00f4jmu mil\u00e9mu naozaj chut\u00ed\na sp\u00f4sob\u00ed, \u017ee aj pery spiacich prehovoria."
                },
                "11": {
                    "verse_nr": "11",
                    "verse": "Ja patr\u00edm m\u00f4jmu mil\u00e9mu\na on po mne t\u00fa\u017ei!"
                },
                "12": {
                    "verse_nr": "12",
                    "verse": "Po\u010f, mil\u00fd m\u00f4j, vyjdeme do po\u013ea,\nsp\u00e1va\u0165 budeme v dedin\u00e1ch"
                },
                "13": {
                    "verse_nr": "13",
                    "verse": "v\u010dasr\u00e1no vstaneme kv\u00f4li viniciam,\npozrieme, \u010di u\u017e vyh\u00e1\u0148a vini\u010d,\n\u010di sa u\u017e otv\u00e1raj\u00fa kvety,\n\u010di u\u017e kvitn\u00fa gran\u00e1tovn\u00edky.\nTam ti chcem da\u0165 svoju l\u00e1sku."
                }
            }
        },
        "8": {
            "chapter_nr": "8",
            "chapter": {
                "1": {
                    "verse_nr": "1",
                    "verse": "Kie\u017e by si bol moj\u00edm bratom,\nktor\u00fd sal z p\u0155s mojej matky!\nKeby som \u0165a na ulici stretla a vybozk\u00e1vala \u0165a,\nnik by mnou neopovrhoval."
                },
                "2": {
                    "verse_nr": "2",
                    "verse": "Vzala by som \u0165a a viedla do domu mojej matky.\nTy by si ma u\u010dil a ja by som \u0165a napojila\nkorenen\u00fdm v\u00ednom, mu\u0161tom z gran\u00e1tov\u00fdch jab\u013ak."
                },
                "3": {
                    "verse_nr": "3",
                    "verse": "\u013davicu svoju m\u00e1 pod mojou hlavou\na pravicou ma obj\u00edma."
                },
                "4": {
                    "verse_nr": "4",
                    "verse": "Zaprisah\u00e1vam v\u00e1s,\ndc\u00e9ry jeruzalemsk\u00e9,\nnepreb\u00fadzajte a neroznecujte l\u00e1sku,\nk\u00fdm sa jej samej nebude chcie\u0165!"
                },
                "5": {
                    "verse_nr": "5",
                    "verse": "Kto je t\u00e1, \u010do vystupuje z p\u00fa\u0161te, opieraj\u00fac sa o svojho mil\u00e9ho?\nPod jablo\u0148ou som \u0165a roznietila.\nTam tvoja matka dostala bolesti pri tvojom naroden\u00ed,\ntam z\u013eahla v p\u00f4rodn\u00fdch bolestiach t\u00e1, \u010do \u0165a zrodila."
                },
                "6": {
                    "verse_nr": "6",
                    "verse": "Polo\u017e si ma ako pe\u010datidlo na svoje srdce,\nako pe\u010datidlo na svoje rameno,\nlebo l\u00e1ska je mocn\u00e1 ako smr\u0165\na v\u00e1\u0161e\u0148 krut\u00e1 ako podsvetie.\nJej \u017eiara je ohniv\u00e1 ako najsilnej\u0161\u00ed plame\u0148."
                },
                "7": {
                    "verse_nr": "7",
                    "verse": "L\u00e1sku nem\u00f4\u017ee uhasi\u0165 mno\u017estvo vody,\nani rieky ju nem\u00f4\u017eu odplavi\u0165.\nAk by chcel niekto da\u0165 za l\u00e1sku\nv\u0161etko bohatstvo svojho domu,\nve\u013emi by n\u00edm pohrdli."
                },
                "8": {
                    "verse_nr": "8",
                    "verse": "M\u00e1me mal\u00fa sestru, e\u0161te nem\u00e1 prsn\u00edky.\n\u010co urob\u00edme s na\u0161ou sestrou v de\u0148, ke\u010f o \u0148u po\u017eiadaj\u00fa?"
                },
                "9": {
                    "verse_nr": "9",
                    "verse": "Ak je hradbou, vybudujeme na nej strieborn\u00e9 cimburie,\nak je br\u00e1nou, zataras\u00edme ju c\u00e9drovou doskou."
                },
                "10": {
                    "verse_nr": "10",
                    "verse": "Ja som hradba a moje prsia s\u00fa ve\u017ee!\nVtedy som sa pre neho stala tou,\nktor\u00e1 vych\u00e1dza s ponukou pokoja."
                },
                "11": {
                    "verse_nr": "11",
                    "verse": "\u0160alam\u00fan mal vinicu v Baal-Ham\u00f3ne,\nt\u00fa vinicu zveril str\u00e1\u017ecom.\nKa\u017ed\u00fd by dal za jej plody tis\u00edc strieborn\u00fdch."
                },
                "12": {
                    "verse_nr": "12",
                    "verse": "Moju vinicu, t\u00fa, \u010do mi patr\u00ed,\nm\u00e1m pred sebou.\n\u0160alam\u00fan, nechaj si svojich tis\u00edc\ni dvesto pre str\u00e1\u017ecov jej ovocia."
                },
                "13": {
                    "verse_nr": "13",
                    "verse": "Druhovia, ktor\u00ed sed\u00e1vaj\u00fa v z\u00e1hrad\u00e1ch,\npozorne vn\u00edmaj\u00fa tvoj hlas.\nDovo\u013e aj mne na\u010d\u00fava\u0165!"
                },
                "14": {
                    "verse_nr": "14",
                    "verse": "Mil\u00fd m\u00f4j, ute\u010d,\nbu\u010f podobn\u00fd gazele\nalebo mlad\u00e9mu jele\u0148ovi na balzamov\u00fdch vrchoch!"
                }
            }
        }
    }
}