{
    "version": "DRA",
    "book_name": "2 Corinthians",
    "book_nr": "47",
    "book": {
        "1": {
            "chapter_nr": "1",
            "chapter": {
                "1": {
                    "verse_nr": "1",
                    "verse": "Paul, an apostle of Jesus Christ by the will of God, and Timothy our brother: to the church of God that is at Corinth, with all the saints that are in all Achaia:"
                },
                "2": {
                    "verse_nr": "2",
                    "verse": "Grace unto you and peace from God our Father, and from the Lord Jesus Christ."
                },
                "3": {
                    "verse_nr": "3",
                    "verse": "Blessed be the God and Father of our Lord Jesus Christ, the Father of mercies, and the God of all comfort."
                },
                "4": {
                    "verse_nr": "4",
                    "verse": "Who comforteth us in all our tribulation; that we also may be able to comfort them who are in all distress, by the exhortation wherewith we also are exhorted by God."
                },
                "5": {
                    "verse_nr": "5",
                    "verse": "For as the sufferings of Christ abound in us: so also by Christ doth our comfort abound."
                },
                "6": {
                    "verse_nr": "6",
                    "verse": "Now whether we be in tribulation, it is for your exhortation and salvation: or whether we be comforted, it is for your consolation: or whether we be exhorted, it is for your exhortation and salvation, which worketh the enduring of the same sufferings which we also suffer."
                },
                "7": {
                    "verse_nr": "7",
                    "verse": "That our hope for you may be steadfast: knowing that as you are partakers of the sufferings, so shall you be also of the consolation."
                },
                "8": {
                    "verse_nr": "8",
                    "verse": "For we would not have you ignorant, brethren, of our tribulation, which came to us in Asia, that we were pressed out of measure above our strength, so that we were weary even of life."
                },
                "9": {
                    "verse_nr": "9",
                    "verse": "But we had in ourselves the answer of death, that we should not trust in ourselves, but in God who raiseth the dead."
                },
                "10": {
                    "verse_nr": "10",
                    "verse": "Who hath delivered and doth deliver us out of so great dangers: in whom we trust that he will yet also deliver us."
                },
                "11": {
                    "verse_nr": "11",
                    "verse": "You helping withal in prayer for us: that for this gift obtained for us, by the means of many persons, thanks may be given by many in our behalf."
                },
                "12": {
                    "verse_nr": "12",
                    "verse": "For our glory is this, the testimony of our conscience, that in simplicity of heart and sincerity of God, and not in carnal wisdom, but in the grace of God, we have conversed in this world: and more abundantly towards you."
                },
                "13": {
                    "verse_nr": "13",
                    "verse": "For we write no other things to you than what you have read and known. And I hope that you shall know unto the end:"
                },
                "14": {
                    "verse_nr": "14",
                    "verse": "As also you have known us in part, that we are your glory, as you also are ours, in the day of our Lord Jesus Christ."
                },
                "15": {
                    "verse_nr": "15",
                    "verse": "And in this confidence I had a mind to come to you before, that you might have a second grace:"
                },
                "16": {
                    "verse_nr": "16",
                    "verse": "And to pass by you into Macedonia, and again from Macedonia to come to you, and by you to be brought on my way towards Judea."
                },
                "17": {
                    "verse_nr": "17",
                    "verse": "Whereas then I was thus minded, did I use lightness? Or, the things that I purpose, do I purpose according to the flesh, that there should be with me, It is, and It is not?"
                },
                "18": {
                    "verse_nr": "18",
                    "verse": "But God is faithful, for our preaching which was to you, was not, It is, and It is not."
                },
                "19": {
                    "verse_nr": "19",
                    "verse": "For the Son of God, Jesus Christ who was preached among you by us, by me, and Sylvanus, and Timothy, was not, It is and It is not, but, It is, was in him."
                },
                "20": {
                    "verse_nr": "20",
                    "verse": "For all the promises of God are in him, It is; therefore also by him, amen to God, unto our glory."
                },
                "21": {
                    "verse_nr": "21",
                    "verse": "Now he that confirmeth us with you in Christ, and that hath anointed us, is God:"
                },
                "22": {
                    "verse_nr": "22",
                    "verse": "Who also hath sealed us, and given the pledge of the Spirit in our hearts."
                },
                "23": {
                    "verse_nr": "23",
                    "verse": "But I call God to witness upon my soul, that to spare you, I came not any more to Corinth: not because we exercise dominion over your faith: but we are helpers of your joy: for in faith you stand."
                },
                "24": {
                    "verse_nr": "24",
                    "verse": "verse doesn't exist in this bible version"
                }
            }
        },
        "2": {
            "chapter_nr": "2",
            "chapter": {
                "1": {
                    "verse_nr": "1",
                    "verse": "But I determined this with myself, not to come to you again in sorrow."
                },
                "2": {
                    "verse_nr": "2",
                    "verse": "For if I make you sorrowful, who is he then that can make me glad, but the same who is made sorrowful by me?"
                },
                "3": {
                    "verse_nr": "3",
                    "verse": "And I wrote this same to you; that I may not, when I come, have sorrow upon sorrow, from them of whom I ought to rejoice: having confidence in you all, that my joy is the joy of you all."
                },
                "4": {
                    "verse_nr": "4",
                    "verse": "For out of much affliction and anguish of heart, I wrote to you with many tears: not that you should be made sorrowful: but that you might know the charity I have more abundantly towards you."
                },
                "5": {
                    "verse_nr": "5",
                    "verse": "And if any one have caused grief, he hath not grieved me; but in part, that I may not burden you all."
                },
                "6": {
                    "verse_nr": "6",
                    "verse": "To him who is such a one, this rebuke is sufficient, which is given by many:"
                },
                "7": {
                    "verse_nr": "7",
                    "verse": "So that on the contrary, you should rather forgive him and comfort him, lest perhaps such a one be swallowed up with overmuch sorrow."
                },
                "8": {
                    "verse_nr": "8",
                    "verse": "Wherefore, I beseech you, that you would confirm your charity towards him."
                },
                "9": {
                    "verse_nr": "9",
                    "verse": "For to this end also did I write, that I may know the experiment of you, whether you be obedient in all things."
                },
                "10": {
                    "verse_nr": "10",
                    "verse": "And to whom you have pardoned any thing, I also. For, what I have pardoned, if I have pardoned any thing, for your sakes have I done it in the person of Christ."
                },
                "11": {
                    "verse_nr": "11",
                    "verse": "That we be not overreached by Satan. For we are not ignorant of his devices."
                },
                "12": {
                    "verse_nr": "12",
                    "verse": "And when I was come to Troas for the gospel of Christ, and a door was opened unto me in the Lord,"
                },
                "13": {
                    "verse_nr": "13",
                    "verse": "I had no rest in my spirit, because I found not Titus my brother; but bidding them farewell, I went into Macedonia."
                },
                "14": {
                    "verse_nr": "14",
                    "verse": "Now thanks be to God, who always maketh us to triumph in Christ Jesus, and manifesteth the odour of his knowledge by us in every place."
                },
                "15": {
                    "verse_nr": "15",
                    "verse": "For we are the good odour of Christ unto God, in them that are saved, and in them that perish."
                },
                "16": {
                    "verse_nr": "16",
                    "verse": "To the one indeed the odour of death unto death: but to the others the odour of life unto life. And for these things who is so sufficient?"
                },
                "17": {
                    "verse_nr": "17",
                    "verse": "For we are not as many, adulterating the word of God; but with sincerity, but as from God, before God, in Christ we speak."
                }
            }
        },
        "3": {
            "chapter_nr": "3",
            "chapter": {
                "1": {
                    "verse_nr": "1",
                    "verse": "Do we begin again to commend ourselves? Or do we need (as some do) epistles of commendation to you, or from you?"
                },
                "2": {
                    "verse_nr": "2",
                    "verse": "You are our epistle, written in our hearts, which is known and read by all men:"
                },
                "3": {
                    "verse_nr": "3",
                    "verse": "Being manifested, that you are the epistle of Christ, ministered by us, and written not with ink, but with the Spirit of the living God; not in tables of stone, but in the fleshly tables of the heart."
                },
                "4": {
                    "verse_nr": "4",
                    "verse": "And such confidence we have, through Christ, towards God."
                },
                "5": {
                    "verse_nr": "5",
                    "verse": "Not that we are sufficient to think any thing of ourselves, as of ourselves: but our sufficiency is from God."
                },
                "6": {
                    "verse_nr": "6",
                    "verse": "Who also hath made us fit ministers of the new testament, not in the letter, but in the spirit. For the letter killeth, but the spirit quickeneth."
                },
                "7": {
                    "verse_nr": "7",
                    "verse": "Now if the ministration of death, engraven with letters upon stones, was glorious; so that the children of Israel could not steadfastly behold the face of Moses, for the glory of his countenance, which is made void:"
                },
                "8": {
                    "verse_nr": "8",
                    "verse": "How shall not the ministration of the spirit be rather in glory?"
                },
                "9": {
                    "verse_nr": "9",
                    "verse": "For if the ministration of condemnation be glory, much more the ministration of justice aboundeth in glory."
                },
                "10": {
                    "verse_nr": "10",
                    "verse": "For even that which was glorious in this part was not glorified, by reason of the glory that excelleth."
                },
                "11": {
                    "verse_nr": "11",
                    "verse": "For if that which is done away was glorious, much more that which remaineth is in glory."
                },
                "12": {
                    "verse_nr": "12",
                    "verse": "Having therefore such hope, we use much confidence:"
                },
                "13": {
                    "verse_nr": "13",
                    "verse": "And not as Moses put a veil upon his face, that the children of Israel might not steadfastly look on the face of that which is made void."
                },
                "14": {
                    "verse_nr": "14",
                    "verse": "But their senses were made dull. For, until this present day, the selfsame veil, in the reading of the old testament, remaineth not taken away (because in Christ it is made void)."
                },
                "15": {
                    "verse_nr": "15",
                    "verse": "But even until this day, when Moses is read, the veil is upon their heart."
                },
                "16": {
                    "verse_nr": "16",
                    "verse": "But when they shall be converted to the Lord, the veil shall be taken away."
                },
                "17": {
                    "verse_nr": "17",
                    "verse": "Now the Lord is a Spirit. And where the Spirit of the Lord is, there is liberty."
                },
                "18": {
                    "verse_nr": "18",
                    "verse": "But we all beholding the glory of the Lord with open face, are transformed into the same image from glory to glory, as by the Spirit of the Lord."
                }
            }
        },
        "4": {
            "chapter_nr": "4",
            "chapter": {
                "1": {
                    "verse_nr": "1",
                    "verse": "Therefore, seeing we have this ministration, according as we have obtained mercy, we faint not;"
                },
                "2": {
                    "verse_nr": "2",
                    "verse": "But we renounce the hidden things of dishonesty, not walking in craftiness, nor adulterating the word of God; but by manifestation of the truth commending ourselves to every man&#39;s conscience, in the sight of God."
                },
                "3": {
                    "verse_nr": "3",
                    "verse": "And if our gospel be also hid, it is hid to them that are lost,"
                },
                "4": {
                    "verse_nr": "4",
                    "verse": "In whom the god of this world hath blinded the minds of unbelievers, that the light of the gospel of the glory of Christ, who is the image of God, should not shine unto them."
                },
                "5": {
                    "verse_nr": "5",
                    "verse": "For we preach not ourselves, but Jesus Christ our Lord; and ourselves your servants through Jesus."
                },
                "6": {
                    "verse_nr": "6",
                    "verse": "For God, who commanded the light to shine out of darkness, hath shined in our hearts, to give the light of the knowledge of the glory of God, in the face of Christ Jesus."
                },
                "7": {
                    "verse_nr": "7",
                    "verse": "But we have this treasure in earthen vessels, that the excellency may be of the power of God, and not of us."
                },
                "8": {
                    "verse_nr": "8",
                    "verse": "In all things we suffer tribulation, but are not distressed; we are straitened, but are not destitute;"
                },
                "9": {
                    "verse_nr": "9",
                    "verse": "We suffer persecution, but are not forsaken; we are cast down, but we perish not:"
                },
                "10": {
                    "verse_nr": "10",
                    "verse": "Always bearing about in our body the mortification of Jesus, that the life also of Jesus may be made manifest in our bodies."
                },
                "11": {
                    "verse_nr": "11",
                    "verse": "For we who live are always delivered unto death for Jesus&#39; sake; that the life also of Jesus may be made manifest in our mortal flesh."
                },
                "12": {
                    "verse_nr": "12",
                    "verse": "So then death worketh in us, but life in you."
                },
                "13": {
                    "verse_nr": "13",
                    "verse": "But having the same spirit of faith, as it is written: I believed, for which cause I have spoken; we also believe, for which cause we speak also:"
                },
                "14": {
                    "verse_nr": "14",
                    "verse": "Knowing that he who raised up Jesus, will raise us up also with Jesus, and place us with you."
                },
                "15": {
                    "verse_nr": "15",
                    "verse": "For all things are for your sakes; that the grace abounding through many, may abound in thanksgiving unto the glory of God."
                },
                "16": {
                    "verse_nr": "16",
                    "verse": "For which cause we faint not; but though our outward man is corrupted, yet the inward man is renewed day by day."
                },
                "17": {
                    "verse_nr": "17",
                    "verse": "For that which is at present momentary and light of our tribulation, worketh for us above measure exceedingly an eternal weight of glory."
                },
                "18": {
                    "verse_nr": "18",
                    "verse": "While we look not at the things which are seen, but at the things which are not seen. For the things which are seen, are temporal; but the things which are not seen, are eternal."
                }
            }
        },
        "5": {
            "chapter_nr": "5",
            "chapter": {
                "1": {
                    "verse_nr": "1",
                    "verse": "For we know, if our earthly house of this habitation be dissolved, that we have a building of God, a house not made with hands, eternal in heaven."
                },
                "2": {
                    "verse_nr": "2",
                    "verse": "For in this also we groan, desiring to be clothed upon with our habitation that is from heaven."
                },
                "3": {
                    "verse_nr": "3",
                    "verse": "Yet so that we be found clothed, not naked."
                },
                "4": {
                    "verse_nr": "4",
                    "verse": "For we also, who are in this tabernacle, do groan, being burthened; because we would not be unclothed, but clothed upon, that that which is mortal may be swallowed up by life."
                },
                "5": {
                    "verse_nr": "5",
                    "verse": "Now he that maketh us for this very thing, is God, who hath given us the pledge of the Spirit."
                },
                "6": {
                    "verse_nr": "6",
                    "verse": "Therefore having always confidence, knowing that, while we are in the body, we are absent from the Lord."
                },
                "7": {
                    "verse_nr": "7",
                    "verse": "(For we walk by faith, and not by sight.)"
                },
                "8": {
                    "verse_nr": "8",
                    "verse": "But we are confident, and have a good will to be absent rather from the body, and to be present with the Lord."
                },
                "9": {
                    "verse_nr": "9",
                    "verse": "And therefore we labour, whether absent or present, to please him."
                },
                "10": {
                    "verse_nr": "10",
                    "verse": "For we must all be manifested before the judgement seat of Christ, that every one may receive the proper things of the body, according as he hath done, whether it be good or evil."
                },
                "11": {
                    "verse_nr": "11",
                    "verse": "Knowing therefore the fear of the Lord, we use persuasion to men; but to God we are manifest. And I trust also that in your consciences we are manifest."
                },
                "12": {
                    "verse_nr": "12",
                    "verse": "We commend not ourselves again to you, but give you occasion to glory in our behalf; that you may have somewhat to answer them who glory in face, and not in heart."
                },
                "13": {
                    "verse_nr": "13",
                    "verse": "For whether we be transported in mind, it is to God; or whether we be sober, it is for you."
                },
                "14": {
                    "verse_nr": "14",
                    "verse": "For the charity of Christ presseth us: judging this, that if one died for all, then all were dead."
                },
                "15": {
                    "verse_nr": "15",
                    "verse": "And Christ died for all; that they also who live, may not now live to themselves, but unto him who died for them, and rose again."
                },
                "16": {
                    "verse_nr": "16",
                    "verse": "Wherefore henceforth, we know no man according to the flesh. And if we have known Christ according to the flesh; but now we know him so no longer."
                },
                "17": {
                    "verse_nr": "17",
                    "verse": "If then any be in Christ a new creature, the old things are passed away, behold all things are made new."
                },
                "18": {
                    "verse_nr": "18",
                    "verse": "But all things are of God, who hath reconciled us to himself by Christ; and hath given to us the ministry of reconciliation."
                },
                "19": {
                    "verse_nr": "19",
                    "verse": "For God indeed was in Christ, reconciling the world to himself, not imputing to them their sins; and he hath placed in us the word of reconciliation."
                },
                "20": {
                    "verse_nr": "20",
                    "verse": "For Christ therefore we are ambassadors, God as it were exhorting by us. For Christ, we beseech you, be reconciled to God."
                },
                "21": {
                    "verse_nr": "21",
                    "verse": "Him, who knew no sin, he hath made sin for us, that we might be made the justice of God in him."
                }
            }
        },
        "6": {
            "chapter_nr": "6",
            "chapter": {
                "1": {
                    "verse_nr": "1",
                    "verse": "And we helping do exhort you, that you receive not the grace of God in vain."
                },
                "2": {
                    "verse_nr": "2",
                    "verse": "For he saith: In an accepted time have I heard thee; and in the day of salvation have I helped thee. Behold, now is the acceptable time; behold, now is the day of salvation."
                },
                "3": {
                    "verse_nr": "3",
                    "verse": "Giving no offence to any man, that our ministry be not blamed:"
                },
                "4": {
                    "verse_nr": "4",
                    "verse": "But in all things let us exhibit ourselves as the ministers of God, in much patience, in tribulation, in necessities, in distresses,"
                },
                "5": {
                    "verse_nr": "5",
                    "verse": "In stripes, in prisons, in seditions, in labours, in watchings, in fastings,"
                },
                "6": {
                    "verse_nr": "6",
                    "verse": "In chastity, in knowledge, in longsuffering, in sweetness, in the Holy Ghost, in charity unfeigned,"
                },
                "7": {
                    "verse_nr": "7",
                    "verse": "In the word of truth, in the power of God; by the armour of justice on the right hand and on the left;"
                },
                "8": {
                    "verse_nr": "8",
                    "verse": "By honour and dishonour, by evil report and good report; as deceivers, and yet true; as unknown, and yet known;"
                },
                "9": {
                    "verse_nr": "9",
                    "verse": "As dying, and behold we live; as chastised, and not killed;"
                },
                "10": {
                    "verse_nr": "10",
                    "verse": "As sorrowful, yet always rejoicing; as needy, yet enriching many; as having nothing, and possessing all things."
                },
                "11": {
                    "verse_nr": "11",
                    "verse": "Our mouth is open to you, O ye Corinthians, our heart is enlarged."
                },
                "12": {
                    "verse_nr": "12",
                    "verse": "You are not straitened in us, but in your own bowels you are straitened."
                },
                "13": {
                    "verse_nr": "13",
                    "verse": "But having the same recompense, (I speak as to my children,) be you also enlarged."
                },
                "14": {
                    "verse_nr": "14",
                    "verse": "Bear not the yoke with unbelievers. For what participation hath justice with injustice? Or what fellowship hath light with darkness?"
                },
                "15": {
                    "verse_nr": "15",
                    "verse": "And what concord hath Christ with Belial? Or what part hath the faithful with the unbeliever?"
                },
                "16": {
                    "verse_nr": "16",
                    "verse": "And what agreement hath the temple of God with idols? For you are the temple of the living God; as God saith: I will dwell in them, and walk among them; and I will be their God, and they shall be my people."
                },
                "17": {
                    "verse_nr": "17",
                    "verse": "Wherefore, Go out from among them, and be ye separate, saith the Lord, and touch not the unclean thing:"
                },
                "18": {
                    "verse_nr": "18",
                    "verse": "And I will receive you; and I will be a Father to you; and you shall be my sons and daughters, saith the Lord Almighty."
                }
            }
        },
        "7": {
            "chapter_nr": "7",
            "chapter": {
                "1": {
                    "verse_nr": "1",
                    "verse": "Having therefore these promises, dearly beloved, let us cleanse ourselves from all defilement of the flesh and of the spirit, perfecting sanctification in the fear of God."
                },
                "2": {
                    "verse_nr": "2",
                    "verse": "Receive us. We have injured no man, we have corrupted no man, we have overreached no man."
                },
                "3": {
                    "verse_nr": "3",
                    "verse": "I speak not this to your condemnation. For we have said before, that you are in our hearts, to die together, and to live together."
                },
                "4": {
                    "verse_nr": "4",
                    "verse": "Great is my confidence for you, great is my glorying for you. I am filled with comfort: I exceedingly abound with joy in all our tribulation."
                },
                "5": {
                    "verse_nr": "5",
                    "verse": "For also when we were come into Macedonia, our flesh had no rest, but we suffered all tribulation; combats without, fears within."
                },
                "6": {
                    "verse_nr": "6",
                    "verse": "But God, who comforteth the humble, comforted us by the coming of Titus."
                },
                "7": {
                    "verse_nr": "7",
                    "verse": "And not by his coming only, but also by the consolation, wherewith he was comforted in you, relating to us your desire, your mourning, your zeal for me, so that I rejoiced the more."
                },
                "8": {
                    "verse_nr": "8",
                    "verse": "For although I made you sorrowful by my epistle, I do not repent; and if I did repent, seeing that the same epistle (although but for a time) did make you sorrowful;"
                },
                "9": {
                    "verse_nr": "9",
                    "verse": "Now I am glad: not because you were made sorrowful; but because you were made sorrowful unto penance. For you were made sorrowful according to God, that you might suffer damage by us in nothing."
                },
                "10": {
                    "verse_nr": "10",
                    "verse": "For the sorrow that is according to God worketh penance, steadfast unto salvation; but the sorrow of the world worketh death."
                },
                "11": {
                    "verse_nr": "11",
                    "verse": "For behold this selfsame thing, that you were made sorrowful according to God, how great carefulness it worketh in you; yea defence, yea indignation, yea fear, yea desire, yea zeal, yea revenge: in all things you have shewed yourselves to be undefiled in the matter."
                },
                "12": {
                    "verse_nr": "12",
                    "verse": "Wherefore although I wrote to you, it was not for his sake that I did the wrong, nor for him that suffered it; but to manifest our carefulness that we have for you"
                },
                "13": {
                    "verse_nr": "13",
                    "verse": "Before God: therefore we were comforted. But in our consolation, we did the more abundantly rejoice for the joy of Titus, because his spirit was refreshed by you all."
                },
                "14": {
                    "verse_nr": "14",
                    "verse": "And if I have boasted any thing to him of you, I have not been put to shame; but as we have spoken all things to you in truth, so also our boasting that was made to Titus is found a truth."
                },
                "15": {
                    "verse_nr": "15",
                    "verse": "And his bowels are more abundantly towards you; remembering the obedience of you all, how with fear and trembling you have received him."
                },
                "16": {
                    "verse_nr": "16",
                    "verse": "I rejoice that in all things I have confidence in you."
                }
            }
        },
        "8": {
            "chapter_nr": "8",
            "chapter": {
                "1": {
                    "verse_nr": "1",
                    "verse": "Now we make known unto you, brethren, the grace of God, that hath been given in the churches of Macedonia."
                },
                "2": {
                    "verse_nr": "2",
                    "verse": "That in much experience of tribulation, they have had abundance of joy; and their very deep poverty hath abounded unto the riches of their simplicity."
                },
                "3": {
                    "verse_nr": "3",
                    "verse": "For according to their power (I bear them witness), and beyond their power, they were willing."
                },
                "4": {
                    "verse_nr": "4",
                    "verse": "With much entreaty begging of us the grace and communication of the ministry that is done toward the saints."
                },
                "5": {
                    "verse_nr": "5",
                    "verse": "And not as we hoped, but they gave their own selves first to the Lord, then to us by the will of God:"
                },
                "6": {
                    "verse_nr": "6",
                    "verse": "Insomuch, that we desired Titus, that as he had begun, so also he would finish among you this same grace."
                },
                "7": {
                    "verse_nr": "7",
                    "verse": "That as in all things you abound in faith, and word, and knowledge, and all carefulness; moreover also in your charity towards us, so in this grace also you may abound."
                },
                "8": {
                    "verse_nr": "8",
                    "verse": "I speak not as commanding; but by the carefulness of others, approving also the good disposition of your charity."
                },
                "9": {
                    "verse_nr": "9",
                    "verse": "For you know the grace of our Lord Jesus Christ, that being rich he became poor, for your sakes; that through his poverty you might be rich."
                },
                "10": {
                    "verse_nr": "10",
                    "verse": "And herein I give my advice; for this is profitable for you, who have begun not only to do, but also to be willing, a year ago."
                },
                "11": {
                    "verse_nr": "11",
                    "verse": "Now therefore perform ye it also in deed; that as your mind is forward to be willing, so it may be also to perform, out of that which you have."
                },
                "12": {
                    "verse_nr": "12",
                    "verse": "For if the will be forward, it is accepted according to that which a man hath, not according to that which he hath not."
                },
                "13": {
                    "verse_nr": "13",
                    "verse": "For I mean not that others should be eased, and you burthened, but by an equality."
                },
                "14": {
                    "verse_nr": "14",
                    "verse": "In this present time let your abundance supply their want, that their abundance also may supply your want, that there may be an equality,"
                },
                "15": {
                    "verse_nr": "15",
                    "verse": "As it is written: He that had much, had nothing over; and he that had little, had no want."
                },
                "16": {
                    "verse_nr": "16",
                    "verse": "And thanks be to God, who hath given the same carefulness for you in the heart of Titus."
                },
                "17": {
                    "verse_nr": "17",
                    "verse": "For indeed he accepted the exhortation; but being more careful, of his own will he went unto you."
                },
                "18": {
                    "verse_nr": "18",
                    "verse": "We have sent also with him the brother, whose praise is in the gospel through all the churches."
                },
                "19": {
                    "verse_nr": "19",
                    "verse": "And not that only, but he was also ordained by the churches companion of our travels, for this grace, which is administered by us, to the glory of the Lord, and our determined will:"
                },
                "20": {
                    "verse_nr": "20",
                    "verse": "Avoiding this, lest any man should blame us in this abundance which is administered by us."
                },
                "21": {
                    "verse_nr": "21",
                    "verse": "For we forecast what may be good not only before God, but also before men."
                },
                "22": {
                    "verse_nr": "22",
                    "verse": "And we have sent with them our brother also, whom we have often proved diligent in many things; but now much more diligent, with much confidence in you,"
                },
                "23": {
                    "verse_nr": "23",
                    "verse": "Either for Titus, who is my companion and fellow labourer towards you, or our brethren, the apostles of the churches, the glory of Christ."
                },
                "24": {
                    "verse_nr": "24",
                    "verse": "Wherefore shew ye to them, in the sight of the churches, the evidence of your charity, and of our boasting on your behalf."
                }
            }
        },
        "9": {
            "chapter_nr": "9",
            "chapter": {
                "1": {
                    "verse_nr": "1",
                    "verse": "For concerning the ministry that is done towards the saints, it is superfluous for me to write unto you."
                },
                "2": {
                    "verse_nr": "2",
                    "verse": "For I know your forward mind: for which I boast of you to the Macedonians. That Achaia also is ready from the year past, and your emulation hath provoked very many."
                },
                "3": {
                    "verse_nr": "3",
                    "verse": "Now I have sent the brethren, that the thing which we boast of concerning you, be not made void in this behalf, that (as I have said) you may be ready:"
                },
                "4": {
                    "verse_nr": "4",
                    "verse": "Lest, when the Macedonians shall come with me, and find you unprepared, we (not to say ye) should be ashamed in this matter."
                },
                "5": {
                    "verse_nr": "5",
                    "verse": "Therefore I thought it necessary to desire the brethren that they would go to you before, and prepare this blessing before promised, to be ready, so as a blessing, not as covetousness."
                },
                "6": {
                    "verse_nr": "6",
                    "verse": "Now this I say: He who soweth sparingly, shall also reap sparingly: and he who soweth in blessings, shall also reap blessings."
                },
                "7": {
                    "verse_nr": "7",
                    "verse": "Every one as he hath determined in his heart, not with sadness, or of necessity: for God loveth a cheerful giver."
                },
                "8": {
                    "verse_nr": "8",
                    "verse": "And God is able to make all grace abound in you; that ye always, having all sufficiency in all things, may abound to every good work,"
                },
                "9": {
                    "verse_nr": "9",
                    "verse": "As it is written: He hath dispersed abroad, he hath given to the poor: his justice remaineth for ever."
                },
                "10": {
                    "verse_nr": "10",
                    "verse": "And he that ministereth seed to the sower, will both give you bread to eat, and will multiply your seed, and increase the growth of the fruits of your justice:"
                },
                "11": {
                    "verse_nr": "11",
                    "verse": "That being enriched in all things, you may abound unto all simplicity, which worketh through us thanksgiving to God."
                },
                "12": {
                    "verse_nr": "12",
                    "verse": "Because the administration of this office doth not only supply the want of the saints, but aboundeth also by many thanksgivings in the Lord,"
                },
                "13": {
                    "verse_nr": "13",
                    "verse": "By the proof of this ministry, glorifying God for the obedience of your confession unto the gospel of Christ, and for the simplicity of your communicating unto them, and unto all."
                },
                "14": {
                    "verse_nr": "14",
                    "verse": "And in their praying for you, being desirous of you, because of the excellent grace of God in you."
                },
                "15": {
                    "verse_nr": "15",
                    "verse": "Thanks be to God for his unspeakable gift."
                }
            }
        },
        "10": {
            "chapter_nr": "10",
            "chapter": {
                "1": {
                    "verse_nr": "1",
                    "verse": "Now I Paul myself beseech you, by the mildness and modesty of Christ, who in presence indeed am lowly among you, but being absent, am bold toward you."
                },
                "2": {
                    "verse_nr": "2",
                    "verse": "But I beseech you, that I may not be bold when I am present, with that confidence wherewith I am thought to be bold, against some, who reckon us as if we walked according to the flesh."
                },
                "3": {
                    "verse_nr": "3",
                    "verse": "For though we walk in the flesh, we do not war according to the flesh."
                },
                "4": {
                    "verse_nr": "4",
                    "verse": "For the weapons of our warfare are not carnal, but mighty to God unto the pulling down of fortifications, destroying counsels,"
                },
                "5": {
                    "verse_nr": "5",
                    "verse": "And every height that exhalteth itself against the knowledge of God, and bringing into captivity every understanding unto the obedience of Christ;"
                },
                "6": {
                    "verse_nr": "6",
                    "verse": "And having in readiness to revenge all disobedience, when your obedience shall be fulfilled."
                },
                "7": {
                    "verse_nr": "7",
                    "verse": "See the things that are according to outward appearance. If any man trust to himself, that he is Christ&#39;s, let him think this again with himself, that as he is Christ&#39;s, so are we also."
                },
                "8": {
                    "verse_nr": "8",
                    "verse": "For if also I should boast somewhat more of our power, which the Lord hath given us unto edification, and not for your destruction, I should not be ashamed."
                },
                "9": {
                    "verse_nr": "9",
                    "verse": "But that I may not be thought as it were to terrify you by epistles,"
                },
                "10": {
                    "verse_nr": "10",
                    "verse": "(For his epistles indeed, say they, are weighty and strong; but his bodily presence is weak, and his speech contemptible,)"
                },
                "11": {
                    "verse_nr": "11",
                    "verse": "Let such a one think this, that such as we are in word by epistles, when absent, such also we will be indeed when present."
                },
                "12": {
                    "verse_nr": "12",
                    "verse": "For we dare not match, or compare ourselves with some, that commend themselves; but we measure ourselves by ourselves, and compare ourselves with ourselves."
                },
                "13": {
                    "verse_nr": "13",
                    "verse": "But we will not glory beyond our measure; but according to the measure of the rule, which God hath measured to us, a measure to reach even unto you."
                },
                "14": {
                    "verse_nr": "14",
                    "verse": "For we stretch not ourselves beyond our measure, as if we reached not unto you. For we are come as far as to you in the gospel of Christ."
                },
                "15": {
                    "verse_nr": "15",
                    "verse": "Not glorying beyond measure in other men&#39;s labours; but having hope of your increasing faith, to be magnified in you according to our rule abundantly;"
                },
                "16": {
                    "verse_nr": "16",
                    "verse": "Yea, unto those places that are beyond you, to preach the gospel, not to glory in another man&#39;s rule, in those things that are made ready to our hand."
                },
                "17": {
                    "verse_nr": "17",
                    "verse": "But he that glorieth, let him glory in the Lord."
                },
                "18": {
                    "verse_nr": "18",
                    "verse": "For not he who commendeth himself, is approved, but he, whom God commendeth."
                }
            }
        },
        "11": {
            "chapter_nr": "11",
            "chapter": {
                "1": {
                    "verse_nr": "1",
                    "verse": "Would to God you could bear with some little of my folly: but do bear with me."
                },
                "2": {
                    "verse_nr": "2",
                    "verse": "For I am jealous of you with the jealousy of God. For I have espoused you to one husband that I may present you as a chaste virgin to Christ."
                },
                "3": {
                    "verse_nr": "3",
                    "verse": "But I fear lest, as the serpent seduced Eve by his subtilty, so your minds should be corrupted, and fall from the simplicity that is in Christ."
                },
                "4": {
                    "verse_nr": "4",
                    "verse": "For if he that cometh preacheth another Christ, whom we have not preached; or if you receive another Spirit, whom you have not received; or another gospel which you have not received; you might well bear with him."
                },
                "5": {
                    "verse_nr": "5",
                    "verse": "For I suppose that I have done nothing less than the great apostles."
                },
                "6": {
                    "verse_nr": "6",
                    "verse": "For although I be rude in speech, yet not in knowledge; but in all things we have been made manifest to you."
                },
                "7": {
                    "verse_nr": "7",
                    "verse": "Or did I commit a fault, humbling myself, that you might be exalted? Because I preached unto you the gospel of God freely?"
                },
                "8": {
                    "verse_nr": "8",
                    "verse": "I have taken from other churches, receiving wages of them for your ministry."
                },
                "9": {
                    "verse_nr": "9",
                    "verse": "And, when I was present with you, and wanted, I was chargeable to no man: for that which was wanting to me, the brethren supplied who came from Macedonia; and in all things I have kept myself from being burthensome to you, and so I will keep myself."
                },
                "10": {
                    "verse_nr": "10",
                    "verse": "The truth of Christ is in me, that this glorying shall not be broken off in me in the regions of Achaia."
                },
                "11": {
                    "verse_nr": "11",
                    "verse": "Wherefore? Because I love you not? God knoweth it."
                },
                "12": {
                    "verse_nr": "12",
                    "verse": "But what I do, that I will do, that I may cut off the occasion from them that desire occasion, that wherein they glory, they may be found even as we."
                },
                "13": {
                    "verse_nr": "13",
                    "verse": "For such false apostles are deceitful workmen, transforming themselves into the apostles of Christ."
                },
                "14": {
                    "verse_nr": "14",
                    "verse": "And no wonder: for Satan himself transformeth himself into an angel of light."
                },
                "15": {
                    "verse_nr": "15",
                    "verse": "Therefore it is no great thing if his ministers be transformed as the ministers of justice, whose end shall be according to their works."
                },
                "16": {
                    "verse_nr": "16",
                    "verse": "I say again, (let no man think me to be foolish, otherwise take me as one foolish, that I also may glory a little.)"
                },
                "17": {
                    "verse_nr": "17",
                    "verse": "That which I speak, I speak not according to God, but as it were in foolishness, in this matter of glorying."
                },
                "18": {
                    "verse_nr": "18",
                    "verse": "Seeing that many glory according to the flesh, I will glory also."
                },
                "19": {
                    "verse_nr": "19",
                    "verse": "For you gladly suffer the foolish; whereas yourselves are wise."
                },
                "20": {
                    "verse_nr": "20",
                    "verse": "For you suffer if a man bring you into bondage, if a man devour you, if a man take from you, if a man be lifted up, if a man strike you on the face."
                },
                "21": {
                    "verse_nr": "21",
                    "verse": "I speak according to dishonour, as if we had been weak in this part. Wherein if any man dare (I speak foolishly), I dare also."
                },
                "22": {
                    "verse_nr": "22",
                    "verse": "They are Hebrews: so am I. They are Israelites: so am I. They are the seed of Abraham: so am I."
                },
                "23": {
                    "verse_nr": "23",
                    "verse": "They are the ministers of Christ (I speak as one less wise): I am more; in many more labours, in prisons more frequently, in stripes above measure, in deaths often."
                },
                "24": {
                    "verse_nr": "24",
                    "verse": "Of the Jews five times did I receive forty stripes, save one."
                },
                "25": {
                    "verse_nr": "25",
                    "verse": "Thrice was I beaten with rods, once I was stoned, thrice I suffered shipwreck, a night and a day I was in the depth of the sea."
                },
                "26": {
                    "verse_nr": "26",
                    "verse": "In journeying often, in perils of waters, in perils of robbers, in perils from my own nation, in perils from the Gentiles, in perils in the city, in perils in the wilderness, in perils in the sea, in perils from false brethren."
                },
                "27": {
                    "verse_nr": "27",
                    "verse": "In labour and painfulness, in much watchings, in hunger and thirst, in fastings often, in cold and nakedness."
                },
                "28": {
                    "verse_nr": "28",
                    "verse": "Besides those things which are without: my daily instance, the solicitude for all the churches."
                },
                "29": {
                    "verse_nr": "29",
                    "verse": "Who is weak, and I am not weak? Who is scandalized, and I am not on fire?"
                },
                "30": {
                    "verse_nr": "30",
                    "verse": "If I must needs glory, I will glory of the things that concern my infirmity."
                },
                "31": {
                    "verse_nr": "31",
                    "verse": "The God and Father of our Lord Jesus Christ, who is blessed for ever, knoweth that I lie not."
                },
                "32": {
                    "verse_nr": "32",
                    "verse": "At Damascus, the governor of the nation under Aretas the king, guarded the city of the Damascenes, to apprehend me."
                },
                "33": {
                    "verse_nr": "33",
                    "verse": "And through a window in a basket was I let down by the wall, and so escaped his hands."
                }
            }
        },
        "12": {
            "chapter_nr": "12",
            "chapter": {
                "1": {
                    "verse_nr": "1",
                    "verse": "If I must glory (it is not expedient indeed), but I will come to visions and revelations of the Lord."
                },
                "2": {
                    "verse_nr": "2",
                    "verse": "I know a man in Christ above fourteen years ago (whether in the body, I know not, or out of the body, I know not; God knoweth), such a one caught up to the third heaven."
                },
                "3": {
                    "verse_nr": "3",
                    "verse": "And I know such a man (whether in the body, or out of the body, I know not: God knoweth),"
                },
                "4": {
                    "verse_nr": "4",
                    "verse": "That he was caught up into paradise, and heard secret words, which it is not granted to man to utter."
                },
                "5": {
                    "verse_nr": "5",
                    "verse": "For such an one I will glory; but for myself I will glory nothing, but in my infirmities."
                },
                "6": {
                    "verse_nr": "6",
                    "verse": "For though I should have a mind to glory, I shall not be foolish; for I will say the truth. But I forbear, lest any man should think of me above that which he seeth in me, or any thing he heareth from me."
                },
                "7": {
                    "verse_nr": "7",
                    "verse": "And lest the greatness of the revelations should exalt me, there was given me a sting of my flesh, an angel of Satan, to buffet me."
                },
                "8": {
                    "verse_nr": "8",
                    "verse": "For which thing thrice I besought the Lord, that it might depart from me."
                },
                "9": {
                    "verse_nr": "9",
                    "verse": "And he said to me: My grace is sufficient for thee; for power is made perfect in infirmity. Gladly therefore will I glory in my infirmities, that the power of Christ may dwell in me."
                },
                "10": {
                    "verse_nr": "10",
                    "verse": "For which cause I please myself in my infirmities, in reproaches, in necessities, in persecutions, in distresses, for Christ. For when I am weak, then am I powerful."
                },
                "11": {
                    "verse_nr": "11",
                    "verse": "I am become foolish: you have compelled me. For I ought to have been commended by you: for I have no way come short of them that are above measure apostles, although I be nothing."
                },
                "12": {
                    "verse_nr": "12",
                    "verse": "Yet the signs of my apostleship have been wrought on you, in all patience, in signs, and wonders, and mighty deeds."
                },
                "13": {
                    "verse_nr": "13",
                    "verse": "For what is there that you have had less than the other churches, but that I myself was not burthensome to you? Pardon me this injury."
                },
                "14": {
                    "verse_nr": "14",
                    "verse": "Behold now the third time I am ready to come to you; and I will not be burthensome unto you. For I seek not the things that are yours, but you. For neither ought the children to lay up for the parents, but the parents for the children."
                },
                "15": {
                    "verse_nr": "15",
                    "verse": "But I most gladly will spend and be spent myself for your souls; although loving you more, I be loved less."
                },
                "16": {
                    "verse_nr": "16",
                    "verse": "But be it so: I did not burthen you: but being crafty, I caught you by guile."
                },
                "17": {
                    "verse_nr": "17",
                    "verse": "Did I overreach you by any of them whom I sent to you?"
                },
                "18": {
                    "verse_nr": "18",
                    "verse": "I desired Titus, and I sent with him a brother. Did Titus overreach you? Did we not walk with the same spirit? did we not in the same steps?"
                },
                "19": {
                    "verse_nr": "19",
                    "verse": "Of old, think you that we excuse ourselves to you? We speak before God in Christ; but all things, my dearly beloved, for your edification."
                },
                "20": {
                    "verse_nr": "20",
                    "verse": "For I fear lest perhaps when I come I shall not find you such as I would, and that I shall be found by you such as you would not. Lest perhaps contentions, envyings, animosities, dissensions, detractions, whisperings, swellings, seditions, be among you."
                },
                "21": {
                    "verse_nr": "21",
                    "verse": "Lest again, when I come, God humble me among you: and I mourn many of them that sinned before, and have not done penance for the uncleanness, and fornication, and lasciviousness, that they have committed."
                }
            }
        },
        "13": {
            "chapter_nr": "13",
            "chapter": {
                "1": {
                    "verse_nr": "1",
                    "verse": "Behold, this is the third time I am coming to you: In the mouth of two or three witnesses shall every word stand."
                },
                "2": {
                    "verse_nr": "2",
                    "verse": "I have told before, and foretell, as present, and now absent, to them that sinned before, and to all the rest, that if I come again, I will not spare."
                },
                "3": {
                    "verse_nr": "3",
                    "verse": "Do you seek a proof of Christ that speaketh in me, who towards you is not weak, but is mighty in you?"
                },
                "4": {
                    "verse_nr": "4",
                    "verse": "For although he was crucified through weakness, yet he liveth by the power of God. For we also are weak in him: but we shall live with him by the power of God towards you."
                },
                "5": {
                    "verse_nr": "5",
                    "verse": "Try your own selves if you be in the faith; prove ye yourselves. Know you not your own selves, that Christ Jesus is in you, unless perhaps you be reprobates?"
                },
                "6": {
                    "verse_nr": "6",
                    "verse": "But I trust that you shall know that we are not reprobates."
                },
                "7": {
                    "verse_nr": "7",
                    "verse": "Now we pray God, that you may do no evil, not that we may appear approved, but that you may do that which is good, and that we may be as reprobates."
                },
                "8": {
                    "verse_nr": "8",
                    "verse": "For we can do nothing against the truth; but for the truth."
                },
                "9": {
                    "verse_nr": "9",
                    "verse": "For we rejoice that we are weak, and you are strong. This also we pray for, your perfection."
                },
                "10": {
                    "verse_nr": "10",
                    "verse": "Therefore I write these things, being absent, that, being present, I may not deal more severely, according to the power which the Lord hath given me unto edification, and not unto destruction."
                },
                "11": {
                    "verse_nr": "11",
                    "verse": "For the rest, brethren, rejoice, be perfect, take exhortation, be of one mind, have peace; and the God of peace and of love shall be with you."
                },
                "12": {
                    "verse_nr": "12",
                    "verse": "Salute one another with a holy kiss. All the saints salute you."
                },
                "13": {
                    "verse_nr": "13",
                    "verse": "The grace of our Lord Jesus Christ, and the charity of God, and the communication of the Holy Ghost be with you all. Amen."
                },
                "14": {
                    "verse_nr": "14",
                    "verse": "verse doesn't exist in this bible version"
                }
            }
        }
    }
}