{
    "version": "SVRJ",
    "book_name": "Ruth",
    "book_nr": "8",
    "book": {
        "1": {
            "chapter_nr": "1",
            "chapter": {
                "1": {
                    "verse_nr": "1",
                    "verse": "In de dagen, als de richters richtten, zo geschiedde het, dat er honger in het land was; daarom toog een man van Bethlehem-Juda, om als vreemdeling te verkeren in de velden Moabs, hij, en zijn huisvrouw, en zijn twee zonen."
                },
                "2": {
                    "verse_nr": "2",
                    "verse": "De naam nu dezes mans was Elim\u00e9lech, en de naam zijner huisvrouw Na\u00f3mi, en de naam zijner twee zonen Machlon en Chiljon, Efrathers, van Bethlehem-Juda; en zij kwamen in de velden Moabs, en bleven aldaar."
                },
                "3": {
                    "verse_nr": "3",
                    "verse": "En Elim\u00e9lech, de man van Na\u00f3mi, stierf; maar zij werd overgelaten met haar twee zonen."
                },
                "4": {
                    "verse_nr": "4",
                    "verse": "Die namen zich Moabietische vrouwen; de naam der ene was Orpa, en de naam der andere Ruth; en zij bleven aldaar omtrent tien jaren."
                },
                "5": {
                    "verse_nr": "5",
                    "verse": "En die twee, Machlon en Chiljon, stierven ook; alzo werd deze vrouw overgelaten na haar twee zonen en na haar man."
                },
                "6": {
                    "verse_nr": "6",
                    "verse": "Toen maakte zij zich op met haar schoondochters, en keerde weder uit de velden van Moab; want zij had gehoord in het land van Moab, dat de HEERE Zijn volk bezocht had, gevende hun brood."
                },
                "7": {
                    "verse_nr": "7",
                    "verse": "Daarom ging zij uit van de plaats, waar zij geweest was en haar twee schoondochters met haar. Als zij nu gingen op den weg, om weder te keren naar het land van Juda"
                },
                "8": {
                    "verse_nr": "8",
                    "verse": "Zo zeide Na\u00f3mi tot haar twee schoondochters: Gaat heen, keert weder, een iegelijk tot het huis van haar moeder; de HEERE doe bij u weldadigheid, gelijk als gij gedaan hebt bij de doden, en bij mij."
                },
                "9": {
                    "verse_nr": "9",
                    "verse": "De HEERE geve u, dat gij ruste vindt, een iegelijk in het huis van haar man! En als zij haar kuste, hieven zij haar stem op en weenden"
                },
                "10": {
                    "verse_nr": "10",
                    "verse": "En zij zeiden tot haar: Wij zullen zekerlijk met u wederkeren tot uw volk."
                },
                "11": {
                    "verse_nr": "11",
                    "verse": "Maar Na\u00f3mi zeide: Keert weder, mijn dochters! Waarom zoudt gij met mij gaan? Heb ik nog zonen in mijn lichaam, dat zij u tot mannen zouden zijn?"
                },
                "12": {
                    "verse_nr": "12",
                    "verse": "Keert weder, mijn dochters! Gaat heen; want ik ben te oud om een man te hebben. Wanneer ik al zeide: Ik heb hoop, of ik ook in dezen nacht een man had, ja, ook zonen baarde"
                },
                "13": {
                    "verse_nr": "13",
                    "verse": "Zoudt gij daarnaar wachten, totdat zij zouden groot geworden zijn; zoudt gij daarnaar opgehouden worden, om geen man te nemen? Niet, mijn dochters! Want het is mij veel bitterder dan u; maar de hand des HEEREN is tegen mij uitgegaan."
                },
                "14": {
                    "verse_nr": "14",
                    "verse": "Toen hieven zij haar stem op, en weenden wederom; en Orpa kuste haar schoonmoeder, maar Ruth kleefde haar aan."
                },
                "15": {
                    "verse_nr": "15",
                    "verse": "Daarom zeide zij: Zie, uw zwagerin is wedergekeerd tot haar volk en tot haar goden; keer gij ook weder, uw zwagerin na."
                },
                "16": {
                    "verse_nr": "16",
                    "verse": "Maar Ruth zeide: Val mij niet tegen, dat ik u zou verlaten, om van achter u weder te keren; want waar gij zult heengaan, zal ik ook heengaan, en waar gij zult vernachten, zal ik vernachten; uw volk is mijn volk, en uw God mijn God."
                },
                "17": {
                    "verse_nr": "17",
                    "verse": "Waar gij zult sterven, zal ik sterven, en aldaar zal ik begraven worden; alzo doe mij de HEERE en alzo doe Hij daartoe, zo niet de dood alleen zal scheiding maken tussen mij en tussen u!"
                },
                "18": {
                    "verse_nr": "18",
                    "verse": "Als zij nu zag, dat zij vastelijk voorgenomen had met haar te gaan, zo hield zij op tot haar te spreken."
                },
                "19": {
                    "verse_nr": "19",
                    "verse": "Alzo gingen die beiden, totdat zij te Bethlehem kwamen; en het geschiedde, als zij te Bethlehem inkwamen, dat de ganse stad over haar beroerd werd, en zij zeiden: Is dit Na\u00f3mi?"
                },
                "20": {
                    "verse_nr": "20",
                    "verse": "Maar zij zeide tot henlieden: Noemt mij niet Na\u00f3mi, noemt mij Mara; want de Almachtige heeft mij grote bitterheid aangedaan."
                },
                "21": {
                    "verse_nr": "21",
                    "verse": "Vol toog ik weg, maar ledig heeft mij de HEERE doen wederkeren; waarom zoudt gij mij Na\u00f3mi noemen, daar de HEERE tegen mij getuigt, en de Almachtige mij kwaad aangedaan heeft?"
                },
                "22": {
                    "verse_nr": "22",
                    "verse": "Alzo kwam Na\u00f3mi weder, en Ruth, de Moabietische, haar schoondochter, met haar, die uit de velden Moabs wederkwam; en zij kwamen te Bethlehem in het begin van den gersteoogst."
                }
            }
        },
        "2": {
            "chapter_nr": "2",
            "chapter": {
                "1": {
                    "verse_nr": "1",
                    "verse": "Na\u00f3mi nu had een bloedvriend van haar man, een man, geweldig van vermogen, van het geslacht van Elim\u00e9lech; en zijn naam was Boaz."
                },
                "2": {
                    "verse_nr": "2",
                    "verse": "En Ruth, de Moabietische, zeide tot Na\u00f3mi: Laat mij toch in het veld gaan, en van de aren oplezen, achter dien, in wiens ogen ik genade zal vinden. En zij zeide tot haar: Ga heen, mijn dochter!"
                },
                "3": {
                    "verse_nr": "3",
                    "verse": "Zo ging zij heen, en kwam en las op in het veld, achter de maaiers; en haar viel bij geval voor, een deel van het veld van Boaz, die van het geslacht van Elim\u00e9lech was."
                },
                "4": {
                    "verse_nr": "4",
                    "verse": "En ziet, Boaz kwam van Bethlehem, en zeide tot de maaiers: De HEERE zij met ulieden! En zij zeiden tot hem: De HEERE zegene u!"
                },
                "5": {
                    "verse_nr": "5",
                    "verse": "Daarna zeide Boaz tot zijn jongen, die over de maaiers gezet was: Wiens is deze jonge vrouw?"
                },
                "6": {
                    "verse_nr": "6",
                    "verse": "En de jongen, die over de maaiers gezet was, antwoordde en zeide: Deze is de Moabietische jonge vrouw, die met Na\u00f3mi wedergekomen is uit de velden Moabs"
                },
                "7": {
                    "verse_nr": "7",
                    "verse": "En zij heeft gezegd: Laat mij toch oplezen en aren bij de garven verzamelen, achter de maaiers; zo is zij gekomen en heeft gestaan van des morgens af tot nu toe; nu is haar te huis blijven weinig."
                },
                "8": {
                    "verse_nr": "8",
                    "verse": "Toen zeide Boaz tot Ruth: Hoort gij niet, mijn dochter? Ga niet, om in een ander veld op te lezen; ook zult gij van hier niet weggaan, maar hier zult gij u houden bij mijn maagden."
                },
                "9": {
                    "verse_nr": "9",
                    "verse": "Uw ogen zullen zijn op dit veld, dat zij maaien zullen, en gij zult achter haarlieden gaan; heb ik den jongens niet geboden, dat men u niet aanroere? Als u dorst, zo ga tot de vaten, en drink van hetgeen de jongens zullen geschept hebben."
                },
                "10": {
                    "verse_nr": "10",
                    "verse": "Toen viel zij op haar aangezicht, en boog zich ter aarde, en zij zeide tot hem: Waarom heb ik genade gevonden in uw ogen, dat gij mij kent, daar ik een vreemde ben?"
                },
                "11": {
                    "verse_nr": "11",
                    "verse": "En Boaz antwoordde en zeide tot haar: Het is mij wel aangezegd alles, wat gij bij uw schoonmoeder gedaan hebt, na den dood uws mans, en hebt uw vader en uw moeder, en het land uwer geboorte verlaten, en zijt heengegaan tot een volk, dat gij van te voren niet kendet."
                },
                "12": {
                    "verse_nr": "12",
                    "verse": "De HEERE vergelde u uw daad en uw loon zij volkomen, van den HEERE, den God Isra\u00ebls, onder Wiens vleugelen gij gekomen zijt om toevlucht te nemen!"
                },
                "13": {
                    "verse_nr": "13",
                    "verse": "En zij zeide: Laat mij genade vinden in uw ogen, mijn heer, dewijl gij mij getroost hebt, en dewijl gij naar het hart uwer dienstmaagd gesproken hebt, hoewel ik niet ben, gelijk een uwer dienstmaagden."
                },
                "14": {
                    "verse_nr": "14",
                    "verse": "Als het nu etenstijd was, zeide Boaz tot haar: Kom hier bij, en eet van het brood, en doop uw bete in den azijn. Zo zat zij neder aan de zijde van de maaiers, en hij langde haar geroost koren, en zij at, en werd verzadigd, en hield over."
                },
                "15": {
                    "verse_nr": "15",
                    "verse": "Als zij nu opstond, om op te lezen, zo gebood Boaz zijn jongens, zeggende: Laat haar ook tussen de garven oplezen, en beschaamt haar niet."
                },
                "16": {
                    "verse_nr": "16",
                    "verse": "Ja, laat ook allengskens van de handvollen voor haar wat vallen, en laat het liggen, dat zij het opleze, en bestraft haar niet."
                },
                "17": {
                    "verse_nr": "17",
                    "verse": "Alzo las zij op in dat veld, tot aan den avond; en zij sloeg uit, wat zij opgelezen had, en het was omtrent een efa gerst."
                },
                "18": {
                    "verse_nr": "18",
                    "verse": "En zij nam het op, en kwam in de stad; en haar schoonmoeder zag, wat zij opgelezen had; ook bracht zij voort, en gaf haar, wat zij van haar verzadiging overgehouden had."
                },
                "19": {
                    "verse_nr": "19",
                    "verse": "Toen zeide haar schoonmoeder tot haar: Waar hebt gij heden opgelezen, en waar hebt gij gewrocht? Gezegend zij, die u gekend heeft! En zij verhaalde haar schoonmoeder, bij wien zij gewrocht had, en zeide: De naam des mans, bij welken ik heden gewrocht heb, is Boaz."
                },
                "20": {
                    "verse_nr": "20",
                    "verse": "Toen zeide Na\u00f3mi tot haar schoondochter: Gezegend zij hij den HEERE, Die zijn weldadigheid niet heeft nagelaten aan de levenden en aan de doden! Voorts zeide Na\u00f3mi tot haar: Die man is ons nabestaande; hij is een van onze lossers."
                },
                "21": {
                    "verse_nr": "21",
                    "verse": "En Ruth, de Moabietische, zeide: Ook, omdat hij tot mij gezegd heeft: Gij zult u houden bij de jongens, die ik heb, totdat zij den gansen oogst, dien ik heb, zullen hebben voleindigd."
                },
                "22": {
                    "verse_nr": "22",
                    "verse": "En Na\u00f3mi zeide tot haar schoondochter Ruth: Het is goed, mijn dochter, dat gij met zijn maagden uitgaat, opdat zij u niet tegenvallen in een ander veld."
                },
                "23": {
                    "verse_nr": "23",
                    "verse": "Alzo hield zij zich bij de maagden van Boaz, om op te lezen, totdat de gersteoogst en tarweoogst voleindigd waren; en zij bleef bij haar schoonmoeder."
                }
            }
        },
        "3": {
            "chapter_nr": "3",
            "chapter": {
                "1": {
                    "verse_nr": "1",
                    "verse": "En Na\u00f3mi, haar schoonmoeder, zeide tot haar: Mijn dochter! zoude ik u geen rust zoeken, dat het u welga?"
                },
                "2": {
                    "verse_nr": "2",
                    "verse": "Nu dan, is niet Boaz, met wiens maagden gij geweest zijt, van onze bloedvriendschap? Zie, hij zal dezen nacht gerst op den dorsvloer wannen."
                },
                "3": {
                    "verse_nr": "3",
                    "verse": "Zo baad u, en zalf u, en doe uw klederen aan, en ga af naar den dorsvloer; maar maak u den man niet bekend, totdat hij ge\u00ebindigd zal hebben te eten en te drinken."
                },
                "4": {
                    "verse_nr": "4",
                    "verse": "En het zal geschieden, als hij nederligt, dat gij de plaats zult merken, waar hij zal nedergelegen zijn; ga dan in, en sla zijn voetdeksel op, en leg u; zo zal hij u te kennen geven, wat gij doen zult."
                },
                "5": {
                    "verse_nr": "5",
                    "verse": "En zij zeide tot haar: Al wat gij tot mij zegt, zal ik doen."
                },
                "6": {
                    "verse_nr": "6",
                    "verse": "Alzo ging zij af naar den dorsvloer, en deed naar alles, wat haar schoonmoeder haar geboden had."
                },
                "7": {
                    "verse_nr": "7",
                    "verse": "Als nu Boaz gegeten en gedronken had, en zijn hart vrolijk was, zo kwam hij om neder te liggen aan het uiterste van een korenhoop. Daarna kwam zij stilletjes in, en sloeg zijn voetdeksel op, en legde zich."
                },
                "8": {
                    "verse_nr": "8",
                    "verse": "En het geschiedde te middernacht, dat die man verschrikte, en om zich greep; en ziet, een vrouw lag aan zijn voetdeksel."
                },
                "9": {
                    "verse_nr": "9",
                    "verse": "En hij zeide: Wie zijt gij? En zij zeide: Ik ben Ruth, uw dienstmaagd, breid dan uw vleugel uit over uw dienstmaagd, want gij zijt de losser."
                },
                "10": {
                    "verse_nr": "10",
                    "verse": "En hij zeide: Gezegend zijt gij den HEERE, mijn dochter! Gij hebt deze uw laatste weldadigheid beter gemaakt dan de eerste, dewijl gij geen jonge gezellen zijt nagegaan, hetzij arm of rijk."
                },
                "11": {
                    "verse_nr": "11",
                    "verse": "En nu, mijn dochter, vrees niet; al wat gij gezegd hebt, zal ik u doen; want de ganse stad mijns volks weet, dat gij een deugdelijke vrouw zijt."
                },
                "12": {
                    "verse_nr": "12",
                    "verse": "Nu dan, wel is waar, dat ik een losser ben; maar er is nog een losser, nader dan ik."
                },
                "13": {
                    "verse_nr": "13",
                    "verse": "Blijf dezen nacht over; voorts in den morgen zal het geschieden, indien hij u lost, goed, laat hem lossen; maar indien het hem niet lust u te lossen, zo zal ik u lossen, zo waarachtig als de HEERE leeft; leg u neder tot den morgen toe."
                },
                "14": {
                    "verse_nr": "14",
                    "verse": "Alzo lag zij neder aan zijn voetdeksel tot den morgen toe; en zij stond op, eer dat de een den ander kennen kon; want hij zeide: Het worde niet bekend, dat een vrouw op den dorsvloer gekomen is."
                },
                "15": {
                    "verse_nr": "15",
                    "verse": "Voorts zeide hij: Lang den sluier, die op u is, en houd dien; en zij hield hem; en hij mat zes maten gerst, en legde ze op haar; daarna ging hij in de stad."
                },
                "16": {
                    "verse_nr": "16",
                    "verse": "Zij nu kwam tot haar schoonmoeder, dewelke zeide: Wie zijt gij, mijn dochter? En zij verhaalde haar alles, wat die man haar gedaan had."
                },
                "17": {
                    "verse_nr": "17",
                    "verse": "Ook zeide zij: Deze zes maten gerst heeft hij mij gegeven; want hij zeide tot mij: Kom niet ledig tot uw schoonmoeder."
                },
                "18": {
                    "verse_nr": "18",
                    "verse": "Toen zeide zij: Zit stil, mijn dochter, totdat gij weet, hoe de zaak zal vallen; want die man zal niet rusten, tenzij dat hij heden deze zaak voleind hebbe."
                }
            }
        },
        "4": {
            "chapter_nr": "4",
            "chapter": {
                "1": {
                    "verse_nr": "1",
                    "verse": "En Boaz ging op in de poort, en zette zich aldaar en ziet, de losser, van welken Boaz gesproken had, ging voorbij; zo zeide hij: Wijk herwaarts, zet u hier, gij, zulk een! En hij week derwaarts, en zette zich."
                },
                "2": {
                    "verse_nr": "2",
                    "verse": "En hij nam tien mannen van de oudsten der stad, en zeide: Zet u hier; en zij zetten zich."
                },
                "3": {
                    "verse_nr": "3",
                    "verse": "Toen zeide hij tot dien losser: Het stuk lands, dat van onzen broeder Elim\u00e9lech was, heeft Na\u00f3mi, die uit der Moabieten land wedergekomen is, verkocht"
                },
                "4": {
                    "verse_nr": "4",
                    "verse": "En ik heb gezegd: Ik zal het voor uw oor openbaren, zeggende: Aanvaard het in tegenwoordigheid der inwoners, en in tegenwoordigheid der oudsten mijns volks; zo gij het zult lossen, los het; en zo men het ook niet zou lossen, verklaar het mij, dat ik het wete; want er is niemand, behalve gij, die het losse, en ik na u. Toen zeide hij: Ik zal het lossen."
                },
                "5": {
                    "verse_nr": "5",
                    "verse": "Maar Boaz zeide: Ten dage, als gij het land aanvaardt van de hand van Na\u00f3mi, zo zult gij het ook aanvaarden van Ruth, de Moabietische, de huisvrouw des verstorvenen, om den naam des verstorvenen te verwekken over zijn erfdeel."
                },
                "6": {
                    "verse_nr": "6",
                    "verse": "Toen zeide die losser: Ik zal het voor mij niet kunnen lossen, opdat ik mijn erfdeel niet misschien verderve; los gij mijn lossing voor u; want ik zal niet kunnen lossen."
                },
                "7": {
                    "verse_nr": "7",
                    "verse": "Nu was dit van ouds een gewoonheid in Isra\u00ebl, bij de lossing en bij de verwisseling, om de ganse zaak te bevestigen, zo trok de man zijn schoen uit en gaf dien aan zijn naaste; en dit was tot een getuigenis in Isra\u00ebl."
                },
                "8": {
                    "verse_nr": "8",
                    "verse": "Zo zeide deze losser tot Boaz: Aanvaard gij het voor u; en hij trok zijn schoen uit."
                },
                "9": {
                    "verse_nr": "9",
                    "verse": "Toen zeide Boaz tot de oudsten en al het volk: Gijlieden zijt heden getuigen, dat ik aanvaard heb alles, wat van Elim\u00e9lech geweest is, en alles, wat van Chiljon en Machlon geweest is, van de hand van Na\u00f3mi."
                },
                "10": {
                    "verse_nr": "10",
                    "verse": "Daartoe aanvaard ik mij ook Ruth, de Moabietische, de huisvrouw van Machlon, tot een vrouw, om den naam des verstorvenen over zijn erfdeel te verwekken, opdat de naam des verstorvenen niet worde uitgeroeid van zijn broederen, en van de poort zijner plaats; gijlieden zijt heden getuigen."
                },
                "11": {
                    "verse_nr": "11",
                    "verse": "En al het volk, dat in de poort was, mitsgaders de oudsten, zeiden: Wij zijn getuigen; de HEERE make deze vrouw, die in uw huis komt, als Rachel en als Lea, die beiden het huis van Isra\u00ebl gebouwd hebben; en handel kloekelijk in Efratha, en maak uw naam vermaard in Bethlehem!"
                },
                "12": {
                    "verse_nr": "12",
                    "verse": "En uw huis zij, als het huis van Perez (dien Thamar aan Juda baarde), van het zaad, dat de HEERE u geven zal uit deze jonge vrouw."
                },
                "13": {
                    "verse_nr": "13",
                    "verse": "Alzo nam Boaz Ruth, en zij werd hem ter vrouwe, en hij ging tot haar in; en de HEERE gaf haar, dat zij zwanger werd en een zoon baarde."
                },
                "14": {
                    "verse_nr": "14",
                    "verse": "Toen zeiden de vrouwen tot Na\u00f3mi: Geloofd zij de HEERE, Die niet heeft nagelaten u heden een losser te geven; en zijn naam worde vermaard in Isra\u00ebl!"
                },
                "15": {
                    "verse_nr": "15",
                    "verse": "Die zal u zijn tot een verkwikker der ziel, en om uw ouderdom te onderhouden; want uw schoondochter, die u liefheeft, heeft hem gebaard, dewelke u beter is dan zeven zonen."
                },
                "16": {
                    "verse_nr": "16",
                    "verse": "En Na\u00f3mi nam dat kind, en zette het op haar schoot, en werd zijn voedster."
                },
                "17": {
                    "verse_nr": "17",
                    "verse": "En de naburinnen gaven hem een naam, zeggende: Aan Na\u00f3mi is een zoon geboren; en zij noemden zijn naam Obed; deze is de vader van Isa\u00ef, Davids vader."
                },
                "18": {
                    "verse_nr": "18",
                    "verse": "Dit nu zijn de geboorten van Perez: Perez gewon Hezron"
                },
                "19": {
                    "verse_nr": "19",
                    "verse": "En Hezron gewon Ram; en Ram gewon Ammin\u00e1dab"
                },
                "20": {
                    "verse_nr": "20",
                    "verse": "En Ammin\u00e1dab gewon Nahesson; en Nahesson gewon Salma"
                },
                "21": {
                    "verse_nr": "21",
                    "verse": "En Salmon gewon Boaz, en Boaz gewon Obed"
                },
                "22": {
                    "verse_nr": "22",
                    "verse": "En Obed gewon Isa\u00ef; en Isa\u00ef gewon David."
                }
            }
        }
    }
}