{
    "version": "GERV",
    "book_name": "Zephaniah",
    "book_nr": "36",
    "book": {
        "1": {
            "chapter_nr": "1",
            "chapter": {
                "1": {
                    "verse_nr": "1",
                    "verse": "\u0aaf\u0ab9\u0ac2\u0aa6\u0abe\u0aa8\u0abe \u0ab0\u0abe\u0a9c\u0abe\u0aa8\u0ac0, \u0a8f\u0a9f\u0ab2\u0ac7 \u0a86\u0aae\u0acb\u0aa8\u0aa8\u0abe \u0aaa\u0ac1\u0aa4\u0acd\u0ab0 \u0aaf\u0acb\u0ab6\u0abf\u0aaf\u0abe\u0aa8\u0ac0 \u0a95\u0abe\u0ab0\u0a95\u0abf\u0aa6\u0ac0\u0ab0\u0acd \u0aa6\u0ab0\u0aae\u0acd\u0aaf\u0abe\u0aa8, \u0ab9\u0abf\u0a9d\u0abf\u0a95\u0acd\u0aaf\u0abe\u0aa8\u0abe \u0aaa\u0ac1\u0aa4\u0acd\u0ab0 \u0a85\u0aae\u0abe\u0ab0\u0acd\u0aaf\u0abe\u0aa8\u0abe \u0aaa\u0ac1\u0aa4\u0acd\u0ab0 \u0a97\u0aa6\u0abe\u0ab2\u0acd\u0aaf\u0abe\u0aa8\u0abe \u0aaa\u0ac1\u0aa4\u0acd\u0ab0 \u0a95\u0ac2\u0ab6\u0ac0\u0aa8\u0abe \u0aaa\u0ac1\u0aa4\u0acd\u0ab0 \u0ab8\u0aab\u0abe\u0aa8\u0acd\u0aaf\u0abe\u0aa8\u0ac7 \u0ab8\u0a82\u0aad\u0ab3\u0abe\u0aaf\u0ac7\u0ab2\u0ac0 \u0aaf\u0ab9\u0acb\u0ab5\u0abe\u0aa8\u0ac0 \u0ab5\u0abe\u0aa3\u0ac0."
                },
                "2": {
                    "verse_nr": "2",
                    "verse": "\u0ab2\u0acb\u0a95\u0acb\u0aa8\u0acb \u0aa8\u0acd\u0aaf\u0abe\u0aaf \u0a95\u0ab0\u0ab5\u0abe\u0aa8\u0acb \u0aaf\u0ab9\u0acb\u0ab5\u0abe\u0aa8\u0acb \u0aa6\u0abf\u0ab5\u0ab8 - \u0aaf\u0ab9\u0acb\u0ab5\u0abe \u0a95\u0ab9\u0ac7 \u0a9b\u0ac7 \u0a95\u0ac7, \u201c\u0ab9\u0ac1\u0a82 \u0a86 \u0aaa\u0ac3\u0aa5\u0acd\u0ab5\u0ac0\u0aa8\u0ac0 \u0ab8\u0aaa\u0abe\u0a9f\u0ac0 \u0aaa\u0ab0\u0aa5\u0ac0 \u0a8f\u0a95\u0ac7\u0a8f\u0a95 \u0ab5\u0ab8\u0acd\u0aa4\u0ac1\u0aa8\u0acb \u0ab8\u0a82\u0aaa\u0ac2\u0ab0\u0acd\u0aa3 \u0ab5\u0abf\u0aa8\u0abe\u0ab6 \u0a95\u0ab0\u0ab5\u0abe \u0aae\u0abe\u0a82\u0a97\u0ac1\u0a82 \u0a9b\u0ac1\u0a82."
                },
                "3": {
                    "verse_nr": "3",
                    "verse": "\u0ab9\u0ac1\u0a82 \u0aae\u0aa8\u0ac1\u0ab7\u0acd\u0aaf\u0aa8\u0ac0 \u0ab8\u0abe\u0aa5\u0ac7 \u0aaa\u0ab6\u0ac1\u0a93\u0aa8\u0acb \u0aaa\u0aa3 \u0ab8\u0a82\u0ab9\u0abe\u0ab0 \u0a95\u0ab0\u0ac0\u0ab6. \u0a86\u0a95\u0abe\u0ab6\u0aa8\u0abe \u0aaa\u0a95\u0acd\u0ab7\u0ac0\u0a93 \u0a85\u0aa8\u0ac7 \u0ab8\u0aae\u0ac1\u0aa6\u0acd\u0ab0\u0aa8\u0abe \u0aae\u0abe\u0a9b\u0ab2\u0abe\u0a82 \u0aaa\u0aa3 \u0aa8\u0abe\u0ab6 \u0aaa\u0abe\u0aae\u0ab6\u0ac7. \u0a85\u0aa8\u0ac7 \u0aa6\u0ac1\u0ab7\u0acd\u0a9f \u0ab5\u0ab8\u0acd\u0aa4\u0ac1\u0a93 \u0a9c\u0ac7 \u0aa4\u0ac7\u0aae\u0aa8\u0ac7 \u0ab2\u0aa5\u0aa1\u0abe\u0ab5\u0ac7 \u0a9b\u0ac7 \u0aa4\u0ac7 \u0aaa\u0aa3 \u0aa8\u0abe\u0ab6 \u0aaa\u0abe\u0aae\u0ab6\u0ac7. \u0a85\u0aa8\u0ac7 \u0ab9\u0ac1\u0a82 \u0aae\u0abe\u0aa3\u0ab8\u0aa8\u0ac7 \u0aa7\u0ab0\u0aa4\u0ac0\u0aa8\u0ac0 \u0ab8\u0aaa\u0abe\u0a9f\u0ac0 \u0aaa\u0ab0\u0aa5\u0ac0 \u0aa6\u0ac2\u0ab0 \u0a95\u0ab0\u0ac0\u0ab6,\u201d \u0a8f\u0aae \u0aaf\u0ab9\u0acb\u0ab5\u0abe \u0a95\u0ab9\u0ac7 \u0a9b\u0ac7."
                },
                "4": {
                    "verse_nr": "4",
                    "verse": "\u201c\u0ab9\u0ac1\u0a82 \u0aaf\u0ab9\u0ac2\u0aa6\u0abe \u0a85\u0aa8\u0ac7 \u0aaf\u0ab0\u0ac2\u0ab6\u0abe\u0ab2\u0ac7\u0aae\u0aa8\u0abe \u0aac\u0aa7\u0abe \u0ab5\u0aa4\u0aa8\u0ac0\u0a93 \u0ab8\u0abe\u0aae\u0ac7 \u0aae\u0abe\u0ab0\u0acb \u0ab9\u0abe\u0aa5 \u0a89\u0a97\u0abe\u0aae\u0ac0\u0ab6, \u0a85\u0aa8\u0ac7 \u0ab9\u0ac1\u0a82 \u0a86 \u0a9c\u0a97\u0acd\u0aaf\u0abe\u0a8f\u0aa5\u0ac0 \u0aac\u0a86\u0ab2\u0aa8\u0ac1\u0a82 \u0aa8\u0abe\u0aae\u0acb\u0aa8\u0abf\u0ab6\u0abe\u0aa8 \u0aae\u0abf\u0a9f\u0abe\u0ab5\u0ac0 \u0aa6\u0a87\u0ab6, \u0ab9\u0ac1\u0a82 \u0a87\u0ab8\u0acd\u0ab0\u0abe\u0a8f\u0ab2\u0aa8\u0abe \u0aaf\u0abe\u0a9c\u0a95\u0acb \u0ab8\u0abe\u0aa5\u0ac7 \u0aaa\u0aa3 \u0a95\u0acd\u0ab0\u0aae\u0abe\u0ab0\u0ac0\u0aae\u0aa8\u0abe \u0aaf\u0abe\u0a9c\u0a95\u0acb\u0aa8\u0abe \u0aa8\u0abe\u0aae\u0aa8\u0acb \u0a85\u0a82\u0aa4 \u0ab2\u0abe\u0ab5\u0ac0\u0ab6."
                },
                "5": {
                    "verse_nr": "5",
                    "verse": "\u0aa4\u0ac7\u0a93 \u0a98\u0ab0\u0aa8\u0ac0 \u0a85\u0a97\u0abe\u0ab6\u0ac0 \u0aaa\u0ab0 \u0a9c\u0a87\u0aa8\u0ac7 \u0a86\u0a95\u0abe\u0ab6\u0aa8\u0abe \u0ab8\u0ac8\u0aa8\u0acd\u0aaf\u0aa8\u0ac0 \u0aad\u0a95\u0abf\u0aa4 \u0a95\u0ab0\u0ac7 \u0a9b\u0ac7, \u0a85\u0aa8\u0ac7 \u0aa4\u0ac7\u0a93 \u0aaf\u0ab9\u0acb\u0ab5\u0abe\u0aa8\u0ac7 \u0a85\u0aa8\u0ac1\u0ab8\u0ab0\u0ac7 \u0a9b\u0ac7 \u0aaa\u0aa3 \u0ab8\u0abe\u0aa5\u0ac7 \u0ab8\u0abe\u0aa5\u0ac7 \u0aae\u0abe\u0ab2\u0acd\u0a95\u0abe\u0aae\u0aa8\u0ac1\u0a82 \u0aaa\u0aa3 \u0aad\u0a9c\u0aa8 \u0a95\u0ab0\u0ac7 \u0a9b\u0ac7! \u0aa8\u0ac7 \u0aa4\u0ac7\u0aae\u0aa8\u0abe \u0aa8\u0abe\u0aae\u0ac7 \u0ab8\u0aae \u0a96\u0abe\u0aaf \u0a9b\u0ac7. \u0aa4\u0ac7\u0aae\u0aa8\u0acb \u0aaa\u0aa3 \u0ab9\u0ac1\u0a82 \u0ab8\u0a82\u0ab9\u0abe\u0ab0 \u0a95\u0ab0\u0ac0\u0ab6."
                },
                "6": {
                    "verse_nr": "6",
                    "verse": "\u0a9c\u0ac7 \u0ab2\u0acb\u0a95\u0acb \u0aae\u0abe\u0ab0\u0abe\u0aa5\u0ac0 \u0ab5\u0abf\u0aae\u0ac1\u0a96 \u0aa5\u0a87 \u0a97\u0aaf\u0abe \u0a9b\u0ac7, \u0aa4\u0ac7\u0aae\u0aa8\u0acb \u0ab9\u0ac1\u0a82 \u0aa8\u0abe\u0ab6 \u0a95\u0ab0\u0ac0\u0ab6. \u0a9c\u0ac7\u0a93 \u0aae\u0aa8\u0ac7 \u0ab6\u0acb\u0aa7\u0ab5\u0abe\u0aa8\u0ac0 \u0a95\u0ac7 \u0aae\u0abe\u0ab0\u0ac0 \u0ab8\u0ab2\u0abe\u0ab9 \u0ab2\u0ac7\u0ab5\u0abe\u0aa8\u0ac0 \u0a95\u0acb\u0ab6\u0abf\u0ab6 \u0a95\u0ab0\u0aa4\u0abe\u0a82 \u0aa8\u0aa5\u0ac0.\u201d"
                },
                "7": {
                    "verse_nr": "7",
                    "verse": "\u0aaf\u0ab9\u0acb\u0ab5\u0abe \u0aae\u0abe\u0ab0\u0abe \u0aaa\u0acd\u0ab0\u0aad\u0ac1\u0aa8\u0ac0 \u0ab8\u0a82\u0aae\u0ac1\u0a96 \u0ab6\u0abe\u0a82\u0aa4 \u0ab0\u0ab9\u0ac7\u0a9c\u0acb; \u0a95\u0abe\u0ab0\u0aa3 \u0a95\u0ac7 \u0aaf\u0ab9\u0acb\u0ab5\u0abe\u0aa8\u0acb \u0aa6\u0abf\u0ab5\u0ab8 \u0a86\u0ab5\u0ac0 \u0aaa\u0ab9\u0acb\u0a82\u0a9a\u0acd\u0aaf\u0acb \u0a9b\u0ac7. \u0aaf\u0ab9\u0acb\u0ab5\u0abe\u0a8f \u0aaf\u0a9c\u0acd\u0a9e\u0aa8\u0ac0 \u0aa4\u0ac8\u0aaf\u0abe\u0ab0\u0ac0 \u0a95\u0ab0\u0ac0 \u0a9b\u0ac7 \u0a85\u0aa8\u0ac7 \u0a85\u0aa4\u0abf\u0aa5\u0abf\u0a93\u0aa8\u0ac7 \u0aaa\u0ab5\u0abf\u0aa4\u0acd\u0ab0 \u0a95\u0ab0\u0acd\u0aaf\u0abe \u0a9b\u0ac7."
                },
                "8": {
                    "verse_nr": "8",
                    "verse": "\u0aaf\u0ab9\u0acb\u0ab5\u0abe \u0a95\u0ab9\u0ac7 \u0a9b\u0ac7, \u201c\u0ab9\u0ac1\u0a82 \u0aae\u0abe\u0ab0\u0abe \u0aaf\u0a9c\u0acd\u0a9e\u0aa8\u0ac7 \u0aa6\u0abf\u0ab5\u0ab8\u0ac7 \u0ab0\u0abe\u0a9c\u0acd\u0aaf\u0aa8\u0abe \u0a85\u0aae\u0ab2\u0aa6\u0abe\u0ab0\u0acb\u0aa8\u0ac7, \u0ab0\u0abe\u0a9c\u0ab5\u0a82\u0ab6\u0ac0\u0a93\u0aa8\u0ac7, \u0aa4\u0ac7\u0aae\u0a9c \u0ab5\u0abf\u0aa6\u0ac7\u0ab6\u0ac0 \u0ab0\u0ac0\u0ab5\u0abe\u0a9c\u0acb \u0aaa\u0abe\u0ab3\u0aa8\u0abe\u0ab0\u0abe\u0a93\u0aa8\u0ac7 \u0ab6\u0abf\u0a95\u0acd\u0ab7\u0abe \u0a95\u0ab0\u0ac0\u0ab6."
                },
                "9": {
                    "verse_nr": "9",
                    "verse": "\u0a9c\u0ac7\u0a93 \u0a89\u0a82\u0aac\u0ab0\u0acb \u0a93\u0ab3\u0a82\u0a97\u0ac0 \u0a85\u0aa8\u0ac7 \u0aaa\u0acb\u0aa4\u0abe\u0aa8\u0abe \u0aa6\u0ac7\u0ab5\u0acb\u0aa8\u0abe \u0aae\u0a82\u0aa6\u0abf\u0ab0\u0acb \u0aad\u0ab0\u0ab5\u0abe \u0aae\u0abe\u0a9f\u0ac7 \u0a9c\u0ac1\u0ab2\u0aae \u0a85\u0aa8\u0ac7 \u0a9b\u0ac7\u0aa4\u0ab0\u0aaa\u0abf\u0a82\u0aa1\u0ac0 \u0a95\u0ab0\u0ac7 \u0a9b\u0ac7 \u0aa4\u0ac7 \u0ab8\u0ab0\u0acd\u0ab5\u0aa8\u0ac7 \u0ab9\u0ac1\u0a82 \u0ab6\u0abf\u0a95\u0acd\u0ab7\u0abe \u0a95\u0ab0\u0ac0\u0ab6."
                },
                "10": {
                    "verse_nr": "10",
                    "verse": "\u201c\u0aa4\u0ac7 \u0aa6\u0abf\u0ab5\u0ab8\u0ac7 \u0aae\u0a9a\u0acd\u0a9b\u0ac0 \u0aa6\u0ab0\u0ab5\u0abe\u0a9c\u0ac7\u0aa5\u0ac0 \u0aaa\u0acb\u0a95\u0abe\u0ab0 \u0a8a\u0aa0\u0ab6\u0ac7, \u0aa8\u0ab5\u0abe \u0aac\u0a82\u0aa7\u0abe\u0aaf\u0ac7\u0ab2\u0abe \u0aad\u0abe\u0a97\u0aae\u0abe\u0a82\u0aa5\u0ac0 \u0aaa\u0acb\u0a95 \u0aae\u0ac1\u0a95\u0abe\u0ab6\u0ac7 \u0a85\u0aa8\u0ac7 \u0aa1\u0ac1\u0a82\u0a97\u0ab0\u0acb\u0aae\u0abe\u0a82\u0aa5\u0ac0 \u0aad\u0abe\u0ab0\u0ac7 \u0aae\u0acb\u0a9f\u0abe \u0a85\u0ab5\u0abe\u0a9c \u0ab8\u0a82\u0aad\u0ab3\u0abe\u0ab6\u0ac7."
                },
                "11": {
                    "verse_nr": "11",
                    "verse": "\u0ab9\u0ac7 \u0ab6\u0ab9\u0ac7\u0ab0\u0aa8\u0abe \u0aa8\u0ac0\u0a9a\u0abe\u0aa3\u0ab5\u0abe\u0ab3\u0abe \u0aad\u0abe\u0a97\u0aa8\u0abe \u0ab0\u0ab9\u0ac7\u0ab5\u0abe\u0ab8\u0ac0\u0a93, \u0ab5\u0abf\u0ab2\u0abe\u0aaa \u0a95\u0ab0\u0acb, \u0a95\u0abe\u0ab0\u0aa3 \u0a95\u0ac7 \u0ab9\u0ab5\u0ac7 \u0a95\u0acb\u0a87 \u0ab5\u0ac7\u0aaa\u0abe\u0ab0\u0ac0\u0a93 \u0ab0\u0ab9\u0acd\u0aaf\u0abe\u0a82 \u0aa8\u0aa5\u0ac0, \u0a9c\u0ac7\u0a93 \u0aaa\u0abe\u0ab8\u0ac7 \u0a9a\u0abe\u0a82\u0aa6\u0ac0 \u0a9b\u0ac7 \u0aa4\u0ac7 \u0ab8\u0ab0\u0acd\u0ab5\u0aa8\u0acb \u0aa8\u0abe\u0ab6 \u0aa5\u0ab6\u0ac7."
                },
                "12": {
                    "verse_nr": "12",
                    "verse": "\u201c\u0a9c\u0ac7\u0a93 \u0aaa\u0acb\u0aa4\u0abe\u0aa8\u0abe \u0ab5\u0acd\u0aaf\u0ab5\u0ab8\u0abe\u0aaf\u0aae\u0abe\u0a82 \u0a85\u0aa7\u0ab0\u0acd\u0aae\u0aa8\u0abe \u0aae\u0abe\u0ab0\u0acd\u0a97\u0aa5\u0ac0 \u0ab8\u0acd\u0aa5\u0abf\u0ab0 \u0aa5\u0aaf\u0abe \u0ab9\u0acb\u0aaf, \u0a85\u0aa8\u0ac7 \u2018\u0aaf\u0ab9\u0acb\u0ab5\u0abe \u0a85\u0aae\u0abe\u0ab0\u0ac1\u0a82 \u0a95\u0ab6\u0ac1\u0a82 \u0a96\u0ab0\u0abe\u0aac \u0aa8\u0ab9\u0abf \u0a95\u0ab0\u0ac7 \u0a95\u0ac7 \u0aad\u0ab2\u0ac1\u0a82 \u0aa8\u0ab9\u0abf \u0a95\u0ab0\u0ac7\u2019 \u0a8f\u0ab5\u0ac1\u0a82 \u0aae\u0abe\u0aa8\u0aa8\u0abe\u0ab0\u0abe\u0a93\u0aa8\u0ac7 \u0aa4\u0ac7 \u0ab5\u0a96\u0aa4\u0ac7 \u0ab9\u0ac1\u0a82 \u0aa6\u0ac0\u0ab5\u0acb \u0ab2\u0a87\u0aa8\u0ac7 \u0aaf\u0ab0\u0ac2\u0ab6\u0abe\u0ab2\u0ac7\u0aae\u0aa8\u0abe \u0ab5\u0abf\u0ab8\u0acd\u0aa4\u0abe\u0ab0\u0acb\u0aae\u0abe\u0a82\u0aa5\u0ac0 \u0ab6\u0acb\u0aa7\u0ac0 \u0a95\u0abe\u0aa2\u0ac0\u0ab6 \u0a85\u0aa8\u0ac7 \u0ab6\u0abf\u0a95\u0acd\u0ab7\u0abe \u0a95\u0ab0\u0ac0\u0ab6."
                },
                "13": {
                    "verse_nr": "13",
                    "verse": "\u0aa4\u0ac7\u0a93\u0aa8\u0ac0 \u0ab8\u0a82\u0aaa\u0aa4\u0acd\u0aa4\u0abf \u0aa4\u0ac7\u0a93\u0aa8\u0abe \u0aa6\u0acd\u0ab5\u0abe\u0ab0\u0abe \u0ab2\u0ac2\u0a82\u0a9f\u0abe\u0a87 \u0a9c\u0ab6\u0ac7, \u0aa6\u0ac1\u0ab6\u0acd\u0aae\u0aa8\u0acb \u0aa4\u0ac7\u0a93\u0aa8\u0abe\u0a82 \u0a98\u0ab0\u0acb\u0aa8\u0acb \u0aa8\u0abe\u0ab6 \u0a95\u0ab0\u0ab6\u0ac7. \u0aaa\u0acb\u0aa4\u0ac7 \u0aac\u0abe\u0a82\u0aa7\u0ac7\u0ab2\u0abe \u0a98\u0ab0\u0acb\u0aae\u0abe\u0a82 \u0aa4\u0ac7\u0a93 \u0ab0\u0ab9\u0ac7\u0ab5\u0abe \u0aaa\u0abe\u0aae\u0ab6\u0ac7 \u0aa8\u0ab9\u0abf, \u0a85\u0aa8\u0ac7 \u0aaa\u0acb\u0aa4\u0ac7 \u0ab0\u0acb\u0aaa\u0ac7\u0ab2\u0ac0 \u0aa6\u0acd\u0ab0\u0abe\u0a95\u0acd\u0ab7\u0abe\u0ab5\u0abe\u0aa1\u0ac0\u0a93\u0aa8\u0acb \u0aa6\u0acd\u0ab0\u0abe\u0a95\u0acd\u0ab7\u0abe\u0ab0\u0ab8 \u0aa4\u0ac7\u0a93 \u0aaa\u0ac0\u0ab5\u0abe \u0aaa\u0abe\u0aae\u0ab6\u0ac7 \u0aa8\u0ab9\u0abf.\u201d"
                },
                "14": {
                    "verse_nr": "14",
                    "verse": "\u0ab9\u0ab5\u0ac7 \u0aaf\u0ab9\u0acb\u0ab5\u0abe\u0aa8\u0acb \u0aae\u0ab9\u0abe\u0aa8 \u0aa6\u0abf\u0ab5\u0ab8 \u0aa8\u0a9c\u0ac0\u0a95 \u0a9b\u0ac7, \u0aa4\u0ac7 \u0aa8\u0a9c\u0ac0\u0a95 \u0a9b\u0ac7, \u0aa8\u0ac7 \u0aac\u0ab9\u0ac1 \u0a9d\u0aa1\u0aaa\u0aa5\u0ac0 \u0a86\u0ab5\u0ac7 \u0a9b\u0ac7, \u0aaf\u0ab9\u0acb\u0ab5\u0abe\u0aa8\u0abe \u0aa6\u0abf\u0ab5\u0ab8\u0aa8\u0acb \u0ab8\u0abe\u0aa6 \u0ab8\u0a82\u0aad\u0ab3\u0abe\u0aaf \u0a9b\u0ac7, \u0aa4\u0ac7 \u0ab5\u0a96\u0aa4\u0ac7 \u0aac\u0ab3\u0ab5\u0abe\u0aa8 \u0aae\u0abe\u0aa3\u0ab8 \u0aaa\u0acb\u0a95 \u0aae\u0ac2\u0a95\u0ac0\u0aa8\u0ac7 \u0ab0\u0aa1\u0ac7 \u0a9b\u0ac7."
                },
                "15": {
                    "verse_nr": "15",
                    "verse": "\u0aa4\u0ac7 \u0aa6\u0abf\u0ab5\u0ab8 \u0a95\u0acb\u0aaa\u0aa8\u0acb \u0aa6\u0abf\u0ab5\u0ab8, \u0aa6\u0ac1:\u0a96 \u0aa4\u0aa5\u0abe \u0ab8\u0a82\u0a95\u0a9f\u0aa8\u0acb \u0aa6\u0abf\u0ab5\u0ab8, \u0ab5\u0abf\u0aa8\u0abe\u0ab6\u0aa8\u0acb \u0aa4\u0aa5\u0abe \u0a89\u0aa6\u0abe\u0ab8\u0ac0\u0aa8\u0aa4\u0abe\u0aa8\u0acb \u0aa6\u0abf\u0ab5\u0ab8 \u0a9b\u0ac7. \u0a85\u0a82\u0aa7\u0a95\u0abe\u0ab0 \u0aa4\u0aa5\u0abe \u0a85\u0a95\u0ab3\u0abe\u0aae\u0aa3\u0aa8\u0acb \u0aa6\u0abf\u0ab5\u0ab8 \u0a9b\u0ac7. \u0ab5\u0abe\u0aa6\u0ab3\u0acb\u0aa5\u0ac0 \u0a98\u0ac7\u0ab0\u0abe\u0aaf\u0ac7\u0ab2\u0acb \u0a85\u0a82\u0aa7\u0a95\u0abe\u0ab0\u0aa5\u0ac0 \u0aad\u0ab0\u0ac7\u0ab2\u0acb \u0aa6\u0abf\u0ab5\u0ab8 \u0a9b\u0ac7."
                },
                "16": {
                    "verse_nr": "16",
                    "verse": "\u0a95\u0acb\u0a9f\u0ab5\u0abe\u0ab3\u0abe\u0a82 \u0aa8\u0a97\u0ab0\u0acb \u0ab5\u0abf\u0ab0\u0ac2\u0aa6\u0acd\u0aa7 \u0aa4\u0aa5\u0abe \u0a8a\u0a82\u0a9a\u0abe \u0aac\u0ac1\u0ab0\u0a9c\u0acb \u0ab5\u0abf\u0ab0\u0ac2\u0aa6\u0acd\u0aa7 \u0ab0\u0aa3\u0ab6\u0abf\u0a82\u0a97\u0aa1\u0abe\u0aa8\u0acb \u0aa4\u0aa5\u0abe \u0aad\u0aaf\u0ab8\u0ac2\u0a9a\u0a95 \u0aa8\u0abe\u0aa6\u0aa8\u0acb \u0aa6\u0abf\u0ab5\u0ab8 \u0a9b\u0ac7."
                },
                "17": {
                    "verse_nr": "17",
                    "verse": "\u0aaf\u0ab9\u0acb\u0ab5\u0abe \u0a95\u0ab9\u0ac7 \u0a9b\u0ac7, \u201c\u0ab9\u0ac1\u0a82 \u0aae\u0abe\u0aa3\u0ab8\u0acb\u0aa8\u0ac7 \u0a8f\u0ab5\u0ac0 \u0aae\u0ac1\u0ab6\u0acd\u0a95\u0ac7\u0ab2 \u0aaa\u0ab0\u0abf\u0ab8\u0acd\u0aa5\u0abf\u0aa4\u0abf\u0aae\u0abe\u0a82 \u0aae\u0ac2\u0a95\u0ac0 \u0aa6\u0a87\u0ab6 \u0a95\u0ac7 \u0aa4\u0ac7\u0a93 \u0a86\u0a82\u0aa7\u0ab3\u0abe \u0aae\u0abe\u0aa3\u0ab8\u0aa8\u0ac0 \u0a9c\u0ac7\u0aae \u0a9a\u0abe\u0ab2\u0ab6\u0ac7, \u0aa4\u0ac7\u0aae\u0aa8\u0ac1\u0a82 \u0ab2\u0acb\u0ab9\u0ac0 \u0a9c\u0aae\u0ac0\u0aa8 \u0aaa\u0ab0 \u0ab5\u0ab9\u0ac7\u0ab6\u0ac7 \u0a85\u0aa8\u0ac7 \u0aa4\u0ac7\u0a93\u0aa8\u0abe \u0ab6\u0ab0\u0ac0\u0ab0 \u0ab2\u0abe\u0aa6\u0aa8\u0ac0 \u0a9c\u0ac7\u0aae \u0ab0\u0a9d\u0ab3\u0ab6\u0ac7. \u0a95\u0ac7\u0aae \u0a95\u0ac7 \u0aa4\u0ac7\u0a93\u0a8f \u0aaf\u0ab9\u0acb\u0ab5\u0abe\u0aa8\u0ac0 \u0ab5\u0abf\u0ab0\u0ac1\u0aa6\u0acd\u0aa7 \u0aaa\u0abe\u0aaa \u0a95\u0ab0\u0acd\u0aaf\u0ac1 \u0a9b\u0ac7."
                },
                "18": {
                    "verse_nr": "18",
                    "verse": "\u0aaf\u0ab9\u0acb\u0ab5\u0abe\u0aa8\u0abe \u0a95\u0acb\u0aaa\u0aa8\u0ac7 \u0aa6\u0abf\u0ab5\u0ab8\u0ac7 \u0aa4\u0ac7\u0aae\u0aa8\u0ac1\u0a82 \u0ab8\u0acb\u0aa8\u0ac1\u0a82 \u0a9a\u0abe\u0a82\u0aa6\u0ac0 \u0aa4\u0ac7\u0aae\u0aa8\u0ac7 \u0a89\u0a97\u0abe\u0ab0\u0ac0 \u0ab6\u0a95\u0ab6\u0ac7 \u0aa8\u0ab9\u0abf, \u0aaa\u0aa3 \u0ab8\u0aae\u0a97\u0acd\u0ab0 \u0aad\u0ac2\u0aae\u0abf \u0aaf\u0ab9\u0acb\u0ab5\u0abe\u0aa8\u0abe \u0aaa\u0acd\u0ab0\u0a9a\u0a82\u0aa1 \u0a95\u0acd\u0ab0\u0acb\u0aa7\u0abe\u0a9c\u0acd\u0a9e\u0abf\u0aae\u0abe\u0a82 \u0aad\u0ab8\u0acd\u0aae\u0ac0\u0aad\u0ac2\u0aa4 \u0aa5\u0a87 \u0a9c\u0ab6\u0ac7. \u0a95\u0abe\u0ab0\u0aa3\u0a95\u0ac7 \u0aad\u0ac2\u0aae\u0abf \u0a89\u0aaa\u0ab0 \u0ab5\u0ab8\u0aa8\u0abe\u0ab0\u0abe \u0ab8\u0acc \u0a95\u0acb\u0a87\u0aa8\u0acb \u0aa4\u0ac7 \u0a85\u0ab5\u0ab6\u0acd\u0aaf \u0a85\u0a82\u0aa4 \u0ab2\u0abe\u0ab5\u0aa8\u0abe\u0ab0 \u0a9b\u0ac7.\u201d"
                }
            }
        },
        "2": {
            "chapter_nr": "2",
            "chapter": {
                "1": {
                    "verse_nr": "1",
                    "verse": "\u0aaf\u0ab9\u0acb\u0ab5\u0abe \u0aa4\u0ab0\u0aab \u0ab5\u0ab3\u0ab5\u0abe \u0aae\u0abe\u0a9f\u0ac7 \u0ab9\u0abe\u0a95\u0ab2 - \u0a93 \u0ab6\u0ab0\u0aae \u0ab5\u0a97\u0ab0\u0aa8\u0abe \u0ab2\u0acb\u0a95\u0acb! \u0aa4\u0aae\u0ac7 \u0ab8\u0abe\u0aa5\u0ac7 \u0aae\u0ab3\u0ac0 \u0aad\u0ac7\u0a97\u0abe \u0aa5\u0abe\u0a93."
                },
                "2": {
                    "verse_nr": "2",
                    "verse": "\u0a9a\u0ac1\u0a95\u0abe\u0aa6\u0abe\u0aa8\u0acb \u0ab8\u0aae\u0aaf \u0a86\u0ab5\u0ac7 \u0a85\u0aa8\u0ac7 \u0a8a\u0aa1\u0ac0 \u0a9c\u0aa4\u0abe\u0a82 \u0aab\u0acb\u0aa4\u0ab0\u0abe\u0aa8\u0ac0 \u0a9c\u0ac7\u0aae \u0aa6\u0abf\u0ab5\u0ab8 \u0aaa\u0ab8\u0abe\u0ab0 \u0aa5\u0a87 \u0a9c\u0abe\u0aaf \u0aa4\u0ac7 \u0aaa\u0ab9\u0ac7\u0ab2\u0abe \u0aa4\u0aae\u0aa8\u0ac7 \u0aaf\u0ab9\u0acb\u0ab5\u0abe\u0aa8\u0acb \u0ab0\u0acb\u0ab7 \u0ab8\u0a96\u0aa4 \u0ab0\u0ac0\u0aa4\u0ac7 \u0a87\u0a9c\u0abe \u0aaa\u0ab9\u0acb\u0a82\u0a9a\u0abe\u0aa1\u0ac7 \u0aa4\u0ac7 \u0aaa\u0ab9\u0ac7\u0ab2\u0abe, \u0aaf\u0ab9\u0acb\u0ab5\u0abe\u0aa8\u0abe \u0ab0\u0acb\u0ab7\u0aa8\u0acb \u0aa6\u0abf\u0ab5\u0ab8 \u0aa4\u0aae\u0aa8\u0ac7 \u0aaa\u0a95\u0aa1\u0ac0 \u0aaa\u0abe\u0aa1\u0ac7 \u0aa4\u0ac7 \u0aaa\u0ab9\u0ac7\u0ab2\u0abe\u0a82 \u0aa4\u0aae\u0ac7 \u0a8f\u0a95\u0aa4\u0acd\u0ab0 \u0a9c\u0abe\u0a93!"
                },
                "3": {
                    "verse_nr": "3",
                    "verse": "\u0aa6\u0ac7\u0ab6\u0aa8\u0abe \u0ab8\u0ab0\u0acd\u0ab5 \u0aa8\u0aae\u0acd\u0ab0 \u0ab2\u0acb\u0a95\u0acb \u0aaf\u0ab9\u0acb\u0ab5\u0abe\u0aa8\u0ac7 \u0ab6\u0acb\u0aa7\u0ab5\u0abe\u0aa8\u0acb \u0aaa\u0acd\u0ab0\u0aaf\u0aa4\u0acd\u0aa8 \u0a95\u0ab0\u0ac7 \u0a9b\u0ac7, \u0aa4\u0aae\u0abe\u0ab0\u0abe\u0aae\u0abe\u0a82\u0aa5\u0ac0 \u0a9c\u0ac7\u0a93 \u0aa4\u0ac7\u0aa8\u0ac0 \u0a86\u0a9c\u0acd\u0a9e\u0abe \u0aaa\u0acd\u0ab0\u0aae\u0abe\u0aa3\u0ac7 \u0a95\u0ab0\u0ac7 \u0a9b\u0ac7, \u0a9c\u0ac7 \u0ab8\u0abe\u0a9a\u0ac1\u0a82 \u0ab9\u0acb\u0aaf \u0aa4\u0ac7 \u0a95\u0ab0\u0acb, \u0aa8\u0aae\u0acd\u0ab0\u0aa4\u0abe \u0aaa\u0acd\u0ab0\u0abe\u0aaa\u0acd\u0aa4 \u0a95\u0ab0\u0ab5\u0abe \u0aae\u0aa5\u0acb: \u0aa4\u0acb \u0a95\u0aa6\u0abe\u0a9a \u0aaf\u0ab9\u0acb\u0ab5\u0abe\u0aa8\u0abe \u0ab0\u0acb\u0ab7\u0aa8\u0ac7 \u0aa6\u0abf\u0ab5\u0ab8\u0ac7 \u0aa4\u0aae\u0aa8\u0ac7 \u0a86\u0ab6\u0acd\u0ab0\u0aaf \u0aae\u0ab3\u0ab6\u0ac7."
                },
                "4": {
                    "verse_nr": "4",
                    "verse": "\u0aaf\u0ab9\u0acb\u0ab5\u0abe \u0a87\u0ab8\u0acd\u0ab0\u0abe\u0a8f\u0ab2\u0aa8\u0abe \u0aaa\u0aa1\u0acb\u0ab6\u0ac0\u0a93\u0aa8\u0ac7 \u0ab8\u0a9c\u0abe \u0a95\u0ab0\u0ab6\u0ac7 - \u0a95\u0abe\u0ab0\u0aa3 \u0a95\u0ac7 \u0a97\u0abe\u0a9d\u0abe\u0aa8\u0ac7 \u0aa4\u0a9c\u0ac0 \u0aa6\u0ac7\u0ab5\u0abe\u0aae\u0abe\u0a82 \u0a86\u0ab5\u0ab6\u0ac7, \u0aa8\u0ac7 \u0a86\u0ab6\u0acd\u0a95\u0ab2\u0acb\u0aa8 \u0ab5\u0ac7\u0ab0\u0abe\u0aa8 \u0aa5\u0a87 \u0a9c\u0ab6\u0ac7. \u0a86\u0ab6\u0acd\u0aa6\u0acb\u0aa6\u0aa8\u0abe \u0ab2\u0acb\u0a95\u0acb\u0aa8\u0ac7 \u0a96\u0ab0\u0ac7 \u0aac\u0aaa\u0acb\u0ab0\u0ac7 \u0ab9\u0abe\u0a82\u0a95\u0ac0 \u0a95\u0abe\u0aa2\u0ab5\u0abe\u0aae\u0abe\u0a82 \u0a86\u0ab5\u0ab6\u0ac7, \u0a85\u0aa8\u0ac7 \u0a8f\u0a95\u0acd\u0ab0\u0acb\u0aa8\u0aa8\u0acb \u0a89\u0a9a\u0acd\u0a9b\u0ac7\u0aa6 \u0a95\u0ab0\u0ab5\u0abe\u0aae\u0abe\u0a82 \u0a86\u0ab5\u0ab6\u0ac7."
                },
                "5": {
                    "verse_nr": "5",
                    "verse": "\u0ab8\u0aae\u0ac1\u0aa6\u0acd\u0ab0\u0a95\u0abe\u0a82\u0aa0\u0ac7 \u0ab0\u0ab9\u0ac7\u0aa8\u0abe\u0ab0\u0abe \u0aaa\u0ab2\u0abf\u0ab8\u0acd\u0aa4\u0ac0\u0a93\u0aa8\u0ac7 \u0a85\u0aab\u0ab8\u0acb\u0ab8! \u0ab9\u0ac7 \u0aaa\u0ab2\u0abf\u0ab8\u0acd\u0aa4\u0ac0\u0a93\u0aa8\u0abe \u0aa6\u0ac7\u0ab6 \u0a95\u0aa8\u0abe\u0aa8, \u0aaf\u0ab9\u0acb\u0ab5\u0abe\u0aa8\u0ac1\u0a82 \u0ab5\u0a9a\u0aa8 \u0aa4\u0aae\u0abe\u0ab0\u0ac0 \u0ab5\u0abf\u0ab0\u0ac2\u0aa6\u0acd\u0aa7 \u0a9b\u0ac7; \u0ab9\u0ac1\u0a82 \u0aa4\u0aae\u0abe\u0ab0\u0acb \u0a8f\u0ab5\u0ac0 \u0ab0\u0ac0\u0aa4\u0ac7 \u0aa8\u0abe\u0ab6 \u0a95\u0ab0\u0ac0\u0ab6 \u0a95\u0ac7 \u0aa4\u0aae\u0abe\u0ab0\u0abe\u0aae\u0abe\u0a82\u0aa8\u0ac0 \u0a8f\u0a95 \u0aaa\u0aa3 \u0ab5\u0acd\u0aaf\u0a95\u0abf\u0aa4 \u0aa4\u0aae\u0abe\u0ab0\u0abe \u0aa6\u0ac7\u0ab6\u0aae\u0abe\u0a82 \u0ab0\u0ab9\u0ac7\u0ab6\u0ac7 \u0aa8\u0ab9\u0abf."
                },
                "6": {
                    "verse_nr": "6",
                    "verse": "\u0aa6\u0ab0\u0abf\u0aaf\u0abe\u0a95\u0abe\u0a82\u0aa0\u0acb \u0aa2\u0acb\u0ab0 \u0a9a\u0ab0\u0abe\u0ab5\u0ab5\u0abe\u0aa8\u0ac1\u0a82 \u0a9a\u0ab0\u0abe\u0aa3 \u0aac\u0aa8\u0ac0 \u0a9c\u0ab6\u0ac7. \u0aab\u0a95\u0aa4 \u0aad\u0ab0\u0ab5\u0abe\u0aa1\u0aa8\u0abe \u0a9d\u0ac2\u0a82\u0aaa\u0aa1\u0abe \u0a85\u0aa8\u0ac7 \u0a98\u0ac7\u0a9f\u0abe\u0a81\u0aac\u0a95\u0ab0\u0abe\u0a81 \u0ab0\u0abe\u0a96\u0ab5\u0abe\u0aa8\u0ac0 \u0a9b\u0abe\u0aaa\u0ab0\u0ac0 \u0a9c \u0ab0\u0ab9\u0ac7\u0ab6\u0ac7."
                },
                "7": {
                    "verse_nr": "7",
                    "verse": "\u0a95\u0abe\u0a82\u0aa0\u0abe\u0aa8\u0acb \u0aaa\u0acd\u0ab0\u0aa6\u0ac7\u0ab6 \u0aaf\u0ab9\u0ac2\u0aa6\u0abe\u0aa8\u0abe \u0ab0\u0ab9\u0acd\u0aaf\u0abe\u0a82\u0ab8\u0ab9\u0acd\u0aaf\u0abe\u0a82 \u0ab2\u0acb\u0a95\u0acb\u0aa8\u0abe \u0ab9\u0abe\u0aa5\u0aae\u0abe\u0a82 \u0a9c\u0ab6\u0ac7. \u0aa4\u0ac7 \u0ab2\u0acb\u0a95\u0acb \u0aa4\u0acd\u0aaf\u0abe\u0a82 \u0a98\u0ac7\u0a9f\u0abe\u0a81\u0aac\u0a95\u0ab0\u0abe\u0a81 \u0a9a\u0ab0\u0abe\u0ab5\u0ab6\u0ac7 \u0a85\u0aa8\u0ac7 \u0ab8\u0abe\u0a82\u0a9c\u0ac7 \u0a86\u0ab6\u0acd\u0a95\u0ab2\u0acb\u0aa8\u0aa8\u0abe \u0a98\u0ab0\u0acb\u0aae\u0abe\u0a82 \u0ab8\u0ac2\u0a87 \u0a9c\u0ab6\u0ac7, \u0a95\u0abe\u0ab0\u0aa3, \u0aa4\u0ac7\u0aae\u0aa8\u0abe \u0aa6\u0ac7\u0ab5 \u0aaf\u0ab9\u0acb\u0ab5\u0abe \u0aab\u0ab0\u0ac0\u0aa5\u0ac0 \u0aa4\u0ac7\u0aae\u0aa8\u0ac1\u0a82 \u0aad\u0abe\u0a97\u0acd\u0aaf \u0aab\u0ac7\u0ab0\u0ab5\u0ac0 \u0aa8\u0abe\u0a96\u0aa8\u0abe\u0ab0 \u0a9b\u0ac7."
                },
                "8": {
                    "verse_nr": "8",
                    "verse": "\u0aaf\u0ab9\u0acb\u0ab5\u0abe \u0a95\u0ab9\u0ac7 \u0a9b\u0ac7, \u201c\u0aae\u0acb\u0a86\u0aac\u0ac7 \u0a95\u0ab0\u0ac7\u0ab2\u0ac0 \u0aa8\u0abf\u0a82\u0aa6\u0abe \u0a85\u0aa8\u0ac7 \u0a86\u0aae\u0acd\u0aae\u0acb\u0aa8\u0ac0\u0a93\u0a8f \u0aae\u0abe\u0ab0\u0ac0 \u0aaa\u0acd\u0ab0\u0a9c\u0abe\u0aa8\u0abe \u0a95\u0ab0\u0ac7\u0ab2\u0abe \u0a85\u0aaa\u0aae\u0abe\u0aa8 \u0aae\u0ac7\u0a82 \u0ab8\u0abe\u0a82\u0aad\u0ab3\u0acd\u0aaf\u0abe\u0a82 \u0a9b\u0ac7. \u0aa4\u0aa5\u0abe \u0aa4\u0ac7\u0aa8\u0ac0 \u0aad\u0ac2\u0aae\u0abf \u0aa4\u0ac7\u0a93\u0a8f \u0aaa\u0a9a\u0abe\u0ab5\u0ac0 \u0aaa\u0abe\u0aa1\u0ab5\u0abe\u0aa8\u0ac0 \u0a95\u0acb\u0ab6\u0abf\u0ab7 \u0a95\u0ab0\u0ac0 \u0a9b\u0ac7."
                },
                "9": {
                    "verse_nr": "9",
                    "verse": "\u0aa4\u0ac7\u0aa5\u0ac0 \u0a87\u0ab8\u0acd\u0ab0\u0abe\u0a8f\u0ab2\u0aa8\u0abe \u0aa6\u0ac7\u0ab5, \u0ab8\u0ac8\u0aa8\u0acd\u0aaf\u0acb\u0aa8\u0acb \u0aa6\u0ac7\u0ab5 \u0aaf\u0ab9\u0acb\u0ab5\u0abe \u0a95\u0ab9\u0ac7 \u0a9b\u0ac7 \u0a95\u0ac7, \u0aae\u0abe\u0ab0\u0abe \u0a9c\u0ac0\u0ab5\u0aa8\u0abe \u0ab8\u0aae, \u0ab9\u0ab5\u0ac7 \u0aae\u0acb\u0a86\u0aac \u0a85\u0aa8\u0ac7 \u0a86\u0aae\u0acd\u0aae\u0acb\u0aa8\u0aa8\u0abe \u0ab9\u0abe\u0ab2 \u0ab8\u0aa6\u0acb\u0aae \u0a85\u0aa8\u0ac7 \u0a97\u0aae\u0acb\u0ab0\u0abe\u0aa8\u0abe \u0a9c\u0ac7\u0ab5\u0abe \u0aa5\u0ab6\u0ac7; \u0a8f \u0ab8\u0aa6\u0abe\u0aa8\u0ac7 \u0aae\u0abe\u0a9f\u0ac7 \u0aae\u0ac0\u0aa0\u0abe\u0aa8\u0ac0 \u0a96\u0abe\u0aa3 \u0a85\u0aa8\u0ac7 \u0a9d\u0abe\u0a82\u0a96\u0ab0\u0abe\u0ab5\u0abe\u0ab3\u0acb \u0a89\u0a9c\u0acd\u0a9c\u0aa1 \u0aaa\u0acd\u0ab0\u0aa6\u0ac7\u0ab6 \u0aac\u0aa8\u0ac0 \u0a9c\u0ab6\u0ac7, \u0aae\u0abe\u0ab0\u0abe \u0a85\u0aa4\u0abf\u0a9c\u0ac0\u0ab5\u0ac0\u0a93 \u0aa4\u0ac7 \u0aad\u0ac2\u0aae\u0abf\u0aa8\u0acb \u0a95\u0aac\u0a9c\u0acb \u0ab2\u0ac7\u0ab6\u0ac7 \u0a85\u0aa8\u0ac7 \u0aa4\u0ac7\u0aae\u0abe\u0aa5\u0ac0 \u0ab2\u0ac2\u0a82\u0a9f\u0aa8\u0acb \u0aae\u0abe\u0ab2 \u0ab2\u0ac7\u0ab6\u0ac7.\u201d"
                },
                "10": {
                    "verse_nr": "10",
                    "verse": "\u0aa4\u0ac7\u0a93\u0aa8\u0abe \u0a85\u0aad\u0abf\u0aae\u0abe\u0aa8\u0aa8\u0acb \u0aac\u0aa6\u0ab2\u0acb \u0aa4\u0ac7\u0a93\u0aa8\u0ac7 \u0aae\u0ab3\u0ab6\u0ac7, \u0a95\u0abe\u0ab0\u0aa3\u0a95\u0ac7 \u0aa4\u0ac7\u0a93\u0a8f \u0ab8\u0ac8\u0aa8\u0acd\u0aaf\u0acb\u0aa8\u0acb \u0aa6\u0ac7\u0ab5 \u0aaf\u0ab9\u0acb\u0ab5\u0abe\u0aa8\u0abe \u0ab2\u0acb\u0a95\u0acb\u0aa8\u0ac1\u0a82 \u0a85\u0aaa\u0aae\u0abe\u0aa8 \u0a95\u0ab0\u0acd\u0aaf\u0ac1 \u0ab9\u0aa4\u0ac1\u0a82 \u0a85\u0aa8\u0ac7 \u0aa4\u0ac7\u0a93 \u0ab8\u0abe\u0aae\u0ac7 \u0a89\u0aa6\u0acd\u0aa7\u0aa4\u0abe\u0a87 \u0a95\u0ab0\u0ac0 \u0ab9\u0aa4\u0ac0."
                },
                "11": {
                    "verse_nr": "11",
                    "verse": "\u0aaf\u0ab9\u0acb\u0ab5\u0abe \u0aa4\u0ac7\u0aae\u0aa8\u0abe \u0aae\u0abe\u0a9f\u0ac7 \u0aa1\u0ab0\u0abe\u0aae\u0aa3\u0abe \u0aac\u0aa8\u0ac0 \u0a9c\u0ab6\u0ac7. \u0aa4\u0ac7 \u0aaa\u0ac3\u0aa5\u0acd\u0ab5\u0ac0\u0aa8\u0abe \u0aac\u0aa7\u0abe \u0aa6\u0ac7\u0ab5\u0acb\u0aa8\u0ac7 \u0ab9\u0aa4\u0abe \u0aa8 \u0ab9\u0aa4\u0abe \u0a95\u0ab0\u0ac0 \u0aa8\u0abe\u0a96\u0ab6\u0ac7, \u0a85\u0aa8\u0ac7 \u0aaa\u0a9b\u0ac0 \u0a9c \u0aa6\u0ac2\u0ab0\u0aa8\u0abe \u0aa6\u0ab0\u0abf\u0aaf\u0abe\u0a95\u0abe\u0a82\u0aa0\u0abe\u0aa8\u0abe \u0aaa\u0acd\u0ab0\u0aa6\u0ac7\u0ab6\u0aa8\u0abe \u0ab2\u0acb\u0a95\u0acb \u0aaa\u0acb\u0aa4\u0aaa\u0acb\u0aa4\u0abe\u0aa8\u0abe \u0aa6\u0ac7\u0ab6\u0aae\u0abe\u0a82 \u0aa4\u0ac7\u0aae\u0aa8\u0ac0 \u0a86\u0ab0\u0abe\u0aa7\u0aa8\u0abe \u0a95\u0ab0\u0ab6\u0ac7."
                },
                "12": {
                    "verse_nr": "12",
                    "verse": "\u0a8f\u0a9c \u0ab0\u0ac0\u0aa4\u0ac7 \u0a95\u0ac2\u0ab6\u0ac0\u0a93 \u0aaa\u0aa3 \u0aa4\u0ac7\u0aae\u0aa8\u0ac0 \u0aa4\u0ab0\u0ab5\u0abe\u0ab0\u0aa5\u0ac0 \u0aae\u0abe\u0ab0\u0acd\u0aaf\u0abe \u0a9c\u0ab6\u0ac7."
                },
                "13": {
                    "verse_nr": "13",
                    "verse": "\u0aa4\u0ac7 \u0a89\u0aa4\u0acd\u0aa4\u0ab0\u0aae\u0abe\u0a82 \u0aaa\u0acb\u0aa4\u0abe\u0aa8\u0acb \u0aac\u0abe\u0ab9\u0ac1 \u0ab2\u0a82\u0aac\u0abe\u0ab5\u0ac0 \u0a86\u0ab6\u0acd\u0ab6\u0ac2\u0ab0\u0aa8\u0acb \u0aa8\u0abe\u0ab6 \u0a95\u0ab0\u0ab6\u0ac7. \u0aa8\u0abf\u0aa8\u0ab5\u0ac7\u0ab9\u0aa8\u0ac7 \u0a89\u0a9c\u0acd\u0a9c\u0aa1 \u0a85\u0aa8\u0ac7 \u0ab0\u0aa3 \u0a9c\u0ac7\u0ab5\u0ac1\u0a82 \u0ab8\u0ac2\u0a95\u0ac1\u0a82\u0aad\u0aa0\u0acd\u0aa0 \u0aac\u0aa8\u0abe\u0ab5\u0ac0 \u0aa6\u0ac7\u0ab6\u0ac7."
                },
                "14": {
                    "verse_nr": "14",
                    "verse": "\u0a85\u0aa8\u0ac7 \u0aa6\u0ab0\u0ac7\u0a95 \u0a9c\u0abe\u0aa4\u0aa8\u0abe\u0a82 \u0a9c\u0a82\u0a97\u0ab2\u0ac0 \u0aaa\u0acd\u0ab0\u0abe\u0aa3\u0ac0\u0a93\u0aa8\u0abe \u0a9f\u0acb\u0ab3\u0abe\u0a82 \u0aa4\u0acd\u0aaf\u0abe\u0a82 \u0ab5\u0abe\u0ab8\u0acb \u0a95\u0ab0\u0ab6\u0ac7. \u0aa4\u0ac7\u0aa8\u0abe \u0aa5\u0abe\u0a82\u0aad\u0ab2\u0abe \u0aaa\u0ab0 \u0ab5\u0abf\u0ab8\u0abe\u0aae\u0acb \u0a95\u0ab0\u0ab6\u0ac7, \u0aa4\u0ac7\u0aae\u0aa8\u0abe \u0a85\u0ab5\u0abe\u0a9c\u0acb \u0aac\u0abe\u0ab0\u0ac0\u0aae\u0abe\u0a82\u0aa5\u0ac0 \u0a86\u0ab5\u0ab6\u0ac7, \u0ab5\u0abf\u0aa8\u0abe\u0ab6 \u0aa6\u0ab0\u0ab5\u0abe\u0a9c\u0ac7 \u0a86\u0ab5\u0ac0 \u0a97\u0aaf\u0acb \u0a9b\u0ac7. \u0aa6\u0ac7\u0ab5\u0aa6\u0abe\u0ab0\u0aa8\u0abe \u0aa5\u0abe\u0a82\u0aad\u0ab2\u0abe\u0a93 \u0a8a\u0a98\u0abe\u0aa1\u0abe \u0aaa\u0aa1\u0ac0 \u0a97\u0aaf\u0abe\u0a82 \u0a9b\u0ac7."
                },
                "15": {
                    "verse_nr": "15",
                    "verse": "\u0ab8\u0aae\u0ac3\u0aa6\u0acd\u0aa7 \u0a97\u0aa3\u0abe\u0aa4\u0ac1\u0a82 \u0a85\u0aa8\u0ac7 \u0ab8\u0ac1\u0ab0\u0a95\u0acd\u0ab7\u0abf\u0aa4 \u0aa8\u0a97\u0ab0 \u0aaa\u0acb\u0aa4\u0abe\u0aa8\u0abe \u0aae\u0abe\u0a9f\u0ac7 \u0a97\u0ab0\u0acd\u0ab5\u0aa5\u0ac0 \u0a95\u0ab9\u0ac7\u0aa4\u0ac1\u0a82 \u0ab9\u0aa4\u0ac1\u0a82, \u201c\u0aae\u0abe\u0ab0\u0abe \u0a9c\u0ac7\u0ab5\u0ac1\u0a82 \u0aae\u0ab9\u0abe\u0aa8\u0a97\u0ab0 \u0aac\u0ac0\u0a9c\u0ac1\u0a82 \u0a8f\u0a95 \u0aaa\u0aa3 \u0aa8\u0aa5\u0ac0.\u201d \u0ab9\u0ab5\u0ac7 \u0aa4\u0ac7 \u0aa8\u0a97\u0ab0\u0aa8\u0ac0 \u0ab8\u0abe\u0aae\u0ac7 \u0a9c\u0ac1\u0a93, \u0aa4\u0ac7 \u0a95\u0ac7\u0ab5\u0ac1\u0a82 \u0ab5\u0ac7\u0ab0\u0abe\u0aa8 \u0aa5\u0a87 \u0a97\u0aaf\u0ac1\u0a82 \u0a9b\u0ac7! \u0ab5\u0ab3\u0ac0 \u0aa4\u0ac7 \u0aaa\u0ab6\u0ac1\u0a93\u0aa8\u0abe \u0ab0\u0ab9\u0ac7\u0ab5\u0abe\u0aa8\u0ac1\u0a82 \u0ab8\u0acd\u0aa5\u0abe\u0aa8 \u0aa5\u0a87 \u0a97\u0aaf\u0ac1\u0a82 \u0a9b\u0ac7! \u0aa4\u0ac7\u0aa8\u0ac0 \u0aaa\u0abe\u0ab8\u0ac7 \u0aa5\u0a87\u0aa8\u0ac7 \u0a9c\u0aa8\u0abe\u0ab0 \u0aa6\u0ab0\u0ac7\u0a95 \u0aae\u0abe\u0aa3\u0ab8 \u0aae\u0ab6\u0acd\u0a95\u0ab0\u0ac0 \u0a95\u0ab0\u0ab6\u0ac7, \u0a85\u0aa8\u0ac7 \u0aaa\u0acb\u0aa4\u0abe\u0aa8\u0ac0 \u0aae\u0ac1\u0aa0\u0acd\u0aa0\u0ac0 \u0ab9\u0ab2\u0abe\u0ab5\u0ab6\u0ac7."
                }
            }
        },
        "3": {
            "chapter_nr": "3",
            "chapter": {
                "1": {
                    "verse_nr": "1",
                    "verse": "\u0a85\u0aaa\u0ab0\u0abe\u0aa7 \u0a85\u0aa8\u0ac7 \u0a89\u0aa6\u0acd\u0aa7\u0abe\u0ab0 - \u0a89\u0aa6\u0ac3\u0a82\u0aa1, \u0aac\u0a82\u0aa1\u0a96\u0acb\u0ab0 \u0aa4\u0aa5\u0abe \u0ab7\u0acd\u0a9f \u0aa5\u0aaf\u0ac7\u0ab2\u0ac0 \u0a9c\u0ac1\u0ab2\u0aae\u0ac0 \u0aa8\u0a97\u0ab0\u0ac0\u0aa8\u0ac7 \u0a85\u0aab\u0ab8\u0acb\u0ab8!"
                },
                "2": {
                    "verse_nr": "2",
                    "verse": "\u0aa4\u0ac7\u0aa3\u0ac7 \u0aa8 \u0aa4\u0acb \u0aaf\u0ab9\u0acb\u0ab5\u0abe\u0aa8\u0ac0 \u0a86\u0a9c\u0acd\u0a9e\u0abe\u0aa8\u0acb \u0ab8\u0abe\u0aa6 \u0ab8\u0abe\u0a82\u0aad\u0ab3\u0acd\u0aaf\u0acb \u0a95\u0ac7 \u0aa8\u0abe \u0a95\u0acb\u0a87 \u0ab6\u0abf\u0ab8\u0acd\u0aa4 \u0ab6\u0ac0\u0a96\u0acd\u0aaf\u0abe. \u0aa4\u0ac7\u0aae\u0aa8\u0ac7 \u0aaf\u0ab9\u0acb\u0ab5\u0abe \u0a89\u0aaa\u0ab0 \u0a9c\u0ab0\u0abe\u0aaf \u0ab5\u0abf\u0ab6\u0acd\u0ab5\u0abe\u0ab8 \u0aa8 \u0ab9\u0aa4\u0acb. \u0aa4\u0ac7\u0a93 \u0aa6\u0ac7\u0ab5\u0aa8\u0ac0 \u0ab8\u0aae\u0ac0\u0aaa \u0a86\u0ab5\u0acd\u0aaf\u0abe \u0aa8\u0ab9\u0abf."
                },
                "3": {
                    "verse_nr": "3",
                    "verse": "\u0aa4\u0ac7\u0aae\u0abe\u0a82 \u0ab5\u0ab8\u0aa4\u0abe \u0a85\u0aae\u0ab2\u0aa6\u0abe\u0ab0\u0acb \u0a9c\u0abe\u0aa3\u0ac7 \u0a97\u0ab0\u0acd\u0a9c\u0aa8\u0abe \u0a95\u0ab0\u0aa4\u0abe \u0ab8\u0abf\u0a82\u0ab9 \u0a9c\u0ac7\u0ab5\u0abe \u0a9b\u0ac7; \u0aa4\u0ac7\u0aa8\u0abe \u0aa8\u0acd\u0aaf\u0abe\u0aaf\u0abe\u0aa7\u0ac0\u0ab6\u0acb \u0aad\u0ac2\u0a96\u0acd\u0aaf\u0abe\u0a82 \u0ab5\u0ab0\u0ac1\u0a93 \u0a9c\u0ac7\u0ab5\u0abe \u0a9b\u0ac7, \u0a9c\u0ac7 \u0ab8\u0abe\u0a82\u0a9c\u0aa8\u0ac1\u0a82 \u0ab8\u0ab5\u0abe\u0ab0 \u0ab8\u0ac1\u0aa7\u0ac0 \u0ab0\u0ab9\u0ac7\u0ab5\u0abe \u0aa6\u0ac7\u0ab6\u0ac7 \u0aa8\u0ab9\u0abf."
                },
                "4": {
                    "verse_nr": "4",
                    "verse": "\u0aa4\u0ac7\u0aa8\u0abe \u0aaa\u0acd\u0ab0\u0aac\u0acb\u0aa7\u0a95\u0acb \u0a98\u0aae\u0a82\u0aa1\u0ac0 \u0aae\u0abe\u0aa3\u0ab8\u0acb \u0a9b\u0ac7; \u0aa4\u0ac7\u0aa8\u0abe \u0aaf\u0abe\u0a9c\u0a95\u0acb \u0aaa\u0ab5\u0abf\u0aa4\u0acd\u0ab0 \u0ab8\u0acd\u0aa5\u0abe\u0aa8\u0aa8\u0ac7 \u0aa6\u0ac1\u0ab7\u0abf\u0aa4 \u0a95\u0ab0\u0ac7 \u0a9b\u0ac7. \u0a85\u0aa8\u0ac7 \u0aa6\u0ac7\u0ab5\u0aa8\u0abe \u0aa8\u0abf\u0aaf\u0aae\u0ab6\u0abe\u0ab8\u0acd\u0aa4\u0acd\u0ab0\u0aa8\u0ac1\u0a82 \u0aa8\u0abf\u0a95\u0a82\u0aa6\u0aa8 \u0a95\u0abe\u0aa2\u0ac7 \u0a9b\u0ac7."
                },
                "5": {
                    "verse_nr": "5",
                    "verse": "\u0aaa\u0aa3 \u0aa4\u0ac7\u0aae\u0abe\u0a82 \u0ab5\u0ab8\u0aa4\u0abe \u0aaf\u0ab9\u0acb\u0ab5\u0abe \u0aa8\u0acd\u0aaf\u0abe\u0aaf\u0ac0 \u0a9b\u0ac7, \u0aa4\u0ac7 \u0a85\u0aa7\u0aae \u0a95\u0abe\u0ab0\u0acd\u0aaf \u0a95\u0ab0\u0aa4\u0abe \u0aa8\u0aa5\u0ac0. \u0aa4\u0ac7 \u0aa8\u0abf\u0aaf\u0aae\u0abf\u0aa4 \u0ab0\u0ac0\u0aa4\u0ac7 \u0aa6\u0ab0\u0ab0\u0acb\u0a9c \u0ab8\u0ab5\u0abe\u0ab0\u0aae\u0abe\u0a82 \u0a9a\u0ac1\u0a95\u0abe\u0aa6\u0acb \u0a86\u0aaa\u0ac7 \u0a9b\u0ac7. \u0aa4\u0aa5\u0abe \u0aa4\u0ac7 \u0aaa\u0acd\u0ab0\u0aad\u0abe\u0aa4\u0aae\u0abe\u0a82 \u0a9a\u0ac2\u0a95\u0aa4\u0abe \u0aa8\u0aa5\u0ac0 \u0a9b\u0aa4\u0abe\u0a82 \u0a85\u0aa8\u0ac0\u0aa4\u0abf\u0aae\u0abe\u0aa8 \u0ab2\u0acb\u0a95\u0acb\u0aa8\u0ac7 \u0ab6\u0ab0\u0aae \u0a86\u0ab5\u0aa4\u0ac0 \u0aa8\u0aa5\u0ac0."
                },
                "6": {
                    "verse_nr": "6",
                    "verse": "\u0aa6\u0ac7\u0ab5 \u0a95\u0ab9\u0ac7 \u0a9b\u0ac7, \u201c\u0aae\u0ac7\u0a82 \u0aaa\u0acd\u0ab0\u0a9c\u0abe\u0a93\u0aa8\u0acb \u0aa8\u0abe\u0ab6 \u0a95\u0ab0\u0acd\u0aaf\u0acb \u0a9b\u0ac7. \u0aa4\u0ac7\u0a93\u0aa8\u0ac0 \u0aa6\u0ac2\u0ab0\u0aa8\u0ac0 \u0a8a\u0a82\u0a9a\u0ac0 \u0aae\u0a9c\u0aac\u0ac2\u0aa4 \u0a87\u0aae\u0abe\u0ab0\u0aa4\u0acb\u0aa8\u0acb \u0aa8\u0abe\u0ab6 \u0a95\u0ab0\u0acd\u0aaf\u0acb \u0a9b\u0ac7. \u0aa4\u0ac7\u0a93\u0aa8\u0ac0 \u0ab6\u0ac7\u0ab0\u0ac0\u0a93 \u0a85\u0aa8\u0ac7 \u0aa8\u0a97\u0ab0\u0acb\u0aa8\u0ac7 \u0ab5\u0ab8\u0acd\u0aa4\u0ac0 \u0ab5\u0a97\u0ab0\u0aa8\u0abe \u0a95\u0ab0\u0ac0 \u0aa6\u0ac0\u0aa7\u0abe\u0a82 \u0a9b\u0ac7. \u0aa4\u0acd\u0aaf\u0abe\u0a82 \u0a95\u0acb\u0a87 \u0a9c\u0ab0\u0abe \u0aaa\u0aa3 \u0a9c\u0aa4\u0ac1\u0a82 \u0a95\u0ac7 \u0ab0\u0ab9\u0ac7\u0aa4\u0ac1\u0a82 \u0aa8\u0aa5\u0ac0."
                },
                "7": {
                    "verse_nr": "7",
                    "verse": "\u0aae\u0aa8\u0ac7 \u0aa5\u0aaf\u0ac1\u0a82 \u0a95\u0ac7 \u0aae\u0abe\u0ab0\u0abe \u0ab2\u0acb\u0a95\u0acb \u0ab9\u0ab5\u0ac7 \u0aae\u0abe\u0ab0\u0abe\u0aa5\u0ac0 \u0ab6\u0abf\u0ab8\u0acd\u0aa4\u0aaa\u0abe\u0ab2\u0aa8 \u0a95\u0ab0\u0aa4\u0abe \u0ab6\u0ac0\u0a96\u0ab6\u0ac7. \u0aa4\u0acb \u0aa4\u0ac7\u0a93\u0aa8\u0abe \u0a98\u0ab0\u0aa8\u0acb \u0aa8\u0abe\u0ab6 \u0aa5\u0ab6\u0ac7 \u0aa8\u0ab9\u0abf. \u0aae\u0ac7\u0a82 \u0aa4\u0ac7\u0a93 \u0aae\u0abe\u0a9f\u0ac7 \u0aa8\u0a95\u0acd\u0a95\u0ac0 \u0a95\u0ab0\u0ac7\u0ab2 \u0ab8\u0a9c\u0abe \u0aa5\u0ab6\u0ac7 \u0aa8\u0ab9\u0abf.\u201d \u0aaa\u0aa3 \u0aa4\u0ac7\u0a93 \u0aa4\u0acb \u0ab5\u0aa7\u0ac1 \u0a85\u0aa7\u0aae \u0a95\u0abe\u0aae \u0a95\u0ab0\u0ab5\u0abe \u0ab5\u0ab9\u0ac7\u0ab2\u0abe \u0a89\u0aa0\u0ac7 \u0a9b\u0ac7."
                },
                "8": {
                    "verse_nr": "8",
                    "verse": "\u0aaf\u0ab9\u0acb\u0ab5\u0abe \u0a95\u0ab9\u0ac7 \u0a9b\u0ac7, \u201c\u0aae\u0abe\u0ab0\u0ac0 \u0aaa\u0acd\u0ab0\u0aa4\u0abf\u0a95\u0acd\u0ab7\u0abe \u0a95\u0ab0\u0acb, \u0ab9\u0ac1\u0a82 \u0aaa\u0acd\u0ab0\u0a9c\u0abe\u0a93 \u0aaa\u0ab0 \u0a86\u0ab0\u0acb\u0aaa \u0aae\u0ac2\u0a95\u0ab5\u0abe \u0a8a\u0aad\u0acb \u0aa5\u0abe\u0a89\u0a82 \u0aa4\u0ac7 \u0aa6\u0abf\u0ab5\u0ab8\u0aa8\u0ac0 \u0ab0\u0abe\u0ab9 \u0a9c\u0ac1\u0a93, \u0a95\u0abe\u0ab0\u0aa3 \u0a95\u0ac7 \u0aaa\u0acd\u0ab0\u0a9c\u0abe\u0a93\u0aa8\u0ac7 \u0a85\u0aa8\u0ac7 \u0ab0\u0abe\u0a9c\u0acd\u0aaf\u0acb\u0aa8\u0ac7 \u0a8f\u0a95\u0aa0\u0abe\u0a82 \u0a95\u0ab0\u0ac0\u0aa8\u0ac7 \u0aa4\u0ac7\u0aae\u0aa8\u0abe \u0aaa\u0ab0 \u0aae\u0abe\u0ab0\u0acb \u0aac\u0aa7\u0acb \u0a97\u0ac1\u0ab8\u0acd\u0ab8\u0acb \u0a85\u0aa8\u0ac7 \u0ab8\u0a82\u0aa4\u0abe\u0aaa \u0ab5\u0ab0\u0ab8\u0abe\u0ab5\u0ab5\u0abe\u0aa8\u0acb \u0aae\u0ac7\u0a82 \u0aa8\u0abf\u0ab0\u0acd\u0aa7\u0abe\u0ab0 \u0a95\u0ab0\u0acd\u0aaf\u0acb \u0a9b\u0ac7. \u0aae\u0abe\u0ab0\u0abe \u0aae\u0abe\u0aa4\u0acd\u0ab0 \u0a95\u0acd\u0ab0\u0acb\u0aa7\u0aa8\u0ac7 \u0ab2\u0ac0\u0aa7\u0ac7 \u0aaa\u0ac3\u0aa5\u0acd\u0ab5\u0ac0 \u0a96\u0abe\u0a96 \u0aa5\u0a87 \u0a9c\u0ab6\u0ac7."
                },
                "9": {
                    "verse_nr": "9",
                    "verse": "\u0aa4\u0acd\u0aaf\u0abe\u0ab0\u0aac\u0abe\u0aa6 \u0ab9\u0ac1\u0a82 \u0aac\u0aa7\u0abe \u0ab2\u0acb\u0a95\u0acb\u0aa8\u0ac7 \u0aaa\u0ab5\u0abf\u0aa4\u0acd\u0ab0 \u0ab9\u0acb\u0aa0 \u0a86\u0aaa\u0ac0\u0ab6, \u0a9c\u0ac7\u0aa5\u0ac0 \u0aa4\u0ac7\u0a93 \u0aae\u0abe\u0ab0\u0ac1\u0a82 \u0aa8\u0abe\u0aae \u0ab2\u0a87 \u0ab6\u0a95\u0ac7 \u0a85\u0aa8\u0ac7 \u0a96\u0aad\u0ac7\u0a96\u0aad\u0abe \u0aae\u0abf\u0ab2\u0abe\u0ab5\u0ac0\u0aa8\u0ac7 \u0aae\u0abe\u0ab0\u0ac0 \u0ab8\u0ac7\u0ab5\u0abe \u0a95\u0ab0\u0ac7."
                },
                "10": {
                    "verse_nr": "10",
                    "verse": "\u0ab5\u0ac7\u0ab0\u0ab5\u0abf\u0a96\u0ac7\u0ab0 \u0aa5\u0a87 \u0a97\u0aaf\u0ac7\u0ab2\u0abe \u0aae\u0abe\u0ab0\u0abe \u0aad\u0a95\u0aa4\u0acb \u0aa0\u0ac7\u0aa0 \u0a95\u0ac2\u0ab6\u0aa8\u0ac0 \u0aa8\u0aa6\u0ac0\u0a93\u0aa8\u0ac0 \u0ab8\u0abe\u0aae\u0ac7 \u0aaa\u0abe\u0ab0\u0aa5\u0ac0 \u0aaa\u0aa3 \u0aae\u0abe\u0ab0\u0ac7 \u0aae\u0abe\u0a9f\u0ac7 \u0a85\u0ab0\u0acd\u0aaa\u0aa3 \u0ab2\u0a87 \u0a86\u0ab5\u0ab6\u0ac7."
                },
                "11": {
                    "verse_nr": "11",
                    "verse": "\u201c\u0ab9\u0ac7 \u0aaf\u0ab0\u0ac2\u0ab6\u0abe\u0ab2\u0ac7\u0aae, \u0aa4\u0ac7 \u0aa6\u0abf\u0ab5\u0ab8\u0ac7 \u0aa4\u0aae\u0ac7 \u0aae\u0abe\u0ab0\u0ac0 \u0ab8\u0abe\u0aae\u0ac7 \u0aac\u0ab3\u0ab5\u0acb \u0aaa\u0acb\u0a95\u0abe\u0ab0\u0ac0\u0aa8\u0ac7 \u0a9c\u0ac7 \u0a9c\u0ac7 \u0aa6\u0ac1\u0ab7\u0acd\u0a95\u0ac3\u0aa4\u0acd\u0aaf\u0acb \u0a95\u0ab0\u0acd\u0aaf\u0abe\u0a82 \u0a9b\u0ac7, \u0aa4\u0ac7\u0aa8\u0ac7 \u0aae\u0abe\u0a9f\u0ac7 \u0aa4\u0aae\u0abe\u0ab0\u0ac7 \u0ab6\u0ab0\u0aae\u0abe\u0ab5\u0ac1\u0a82 \u0aa8\u0ab9\u0abf \u0aaa\u0aa1\u0ac7. \u0a95\u0abe\u0ab0\u0aa3 \u0a95\u0ac7 \u0aa4\u0ac7 \u0ab5\u0a96\u0aa4\u0ac7 \u0ab9\u0ac1\u0a82 \u0aa4\u0aae\u0abe\u0ab0\u0abe \u0a85\u0aad\u0abf\u0aae\u0abe\u0aa8\u0ac0 \u0a85\u0aa8\u0ac7 \u0a89\u0aa6\u0acd\u0aa7\u0aa4 \u0aa8\u0abe\u0a97\u0ab0\u0abf\u0a95\u0acb\u0aa8\u0ac7 \u0ab9\u0abe\u0a82\u0a95\u0ac0 \u0a95\u0abe\u0aa2\u0ac0\u0ab6; \u0aaa\u0a9b\u0ac0 \u0aa4\u0abe\u0ab0\u0abe \u0ab2\u0acb\u0a95\u0acb \u0aae\u0abe\u0ab0\u0abe \u0aaa\u0ab5\u0abf\u0aa4\u0acd\u0ab0\u0aaa\u0ab0\u0acd\u0ab5\u0aa4 \u0aaa\u0ab0 \u0a89\u0aa6\u0acd\u0aa7\u0aa4\u0abe\u0a87\u0aad\u0ab0\u0acd\u0aaf\u0ac1 \u0ab5\u0ab0\u0acd\u0aa4\u0aa8 \u0a95\u0ab0\u0ac0 \u0ab8\u0a95\u0ab6\u0ac7 \u0aa8\u0ab9\u0abf."
                },
                "12": {
                    "verse_nr": "12",
                    "verse": "\u0aaa\u0ab0\u0a82\u0aa4\u0ac1 \u0ab9\u0ac1\u0a82 \u0aa4\u0aae\u0abe\u0ab0\u0abe\u0aae\u0abe\u0a82 \u0a8f\u0ab5\u0abe \u0a9c \u0ab2\u0acb\u0a95\u0acb\u0aa8\u0ac7 \u0ab0\u0ab9\u0ac7\u0ab5\u0abe \u0aa6\u0a87\u0ab6 \u0a9c\u0ac7 \u0aa8\u0aae\u0acd\u0ab0 \u0a85\u0aa8\u0ac7 \u0aa6\u0ac0\u0aa8 \u0ab9\u0acb\u0aaf; \u0a85\u0aa8\u0ac7 \u0aa4\u0ac7\u0a93 \u0aae\u0abe\u0ab0\u0abe \u0aa8\u0abe\u0aae \u0aaa\u0ab0 \u0ab5\u0abf\u0ab6\u0acd\u0ab5\u0abe\u0ab8 \u0ab0\u0abe\u0a96\u0ab6\u0ac7."
                },
                "13": {
                    "verse_nr": "13",
                    "verse": "\u0a87\u0ab8\u0acd\u0ab0\u0abe\u0a8f\u0ab2\u0aa8\u0abe \u0aac\u0abe\u0a95\u0ac0 \u0ab0\u0ab9\u0ac7\u0ab2\u0abe \u0ab2\u0acb\u0a95\u0acb \u0aa4\u0ac7 \u0aaa\u0a9b\u0ac0 \u0aa6\u0ac1\u0ab7\u0acd\u0a9f \u0a95\u0abe\u0aae \u0a95\u0ab0\u0ab6\u0ac7 \u0aa8\u0ab9\u0abf, \u0a85\u0ab8\u0aa4\u0acd\u0aaf \u0aac\u0acb\u0ab2\u0ab6\u0ac7 \u0aa8\u0ab9\u0abf, \u0a85\u0aa8\u0ac7 \u0a85\u0aaa\u0acd\u0ab0\u0abe\u0aae\u0abe\u0aa3\u0abf\u0a95\u0aa4\u0abe\u0aa5\u0ac0 \u0a95\u0abe\u0ab0\u0acd\u0aaf \u0a95\u0ab0\u0ab6\u0ac7 \u0aa8\u0ab9\u0abf. \u0aa4\u0ac7\u0a93 \u0ab8\u0aa6\u0abe \u0ab6\u0abe\u0a82\u0aa4\u0abf \u0a85\u0aa8\u0ac7 \u0a86\u0ab0\u0abe\u0aae\u0aa6\u0abe\u0aaf\u0a95 \u0ab0\u0ac0\u0aa4\u0ac7 \u0ab0\u0ab9\u0ac7\u0ab6\u0ac7 \u0a85\u0aa8\u0ac7 \u0aa4\u0ac7\u0aae\u0aa8\u0ac7 \u0a95\u0acb\u0a87\u0aa8\u0acb\u0aaf \u0aad\u0aaf \u0ab0\u0ab9\u0ac7\u0ab6\u0ac7 \u0aa8\u0ab9\u0abf.\u201d"
                },
                "14": {
                    "verse_nr": "14",
                    "verse": "\u0a86\u0aa8\u0a82\u0aa6\u0aa8\u0abe \u0ab8\u0aae\u0abe\u0a9a\u0abe\u0ab0 - \u0a93 \u0ab8\u0abf\u0aaf\u0acb\u0aa8\u0aa8\u0ac0 \u0aaa\u0ac1\u0aa4\u0acd\u0ab0\u0ac0 \u0ab9\u0ab0\u0acd\u0ab7\u0aa8\u0abe\u0aa6 \u0a95\u0ab0! \u0a93 \u0a87\u0ab8\u0acd\u0ab0\u0abe\u0a8f\u0ab2 \u0a86\u0aa8\u0a82\u0aa6\u0aa8\u0abe \u0aaa\u0acb\u0a95\u0abe\u0ab0 \u0a95\u0ab0! \u0aaf\u0ab0\u0ac2\u0ab6\u0abe\u0ab2\u0ac7\u0aae\u0aa8\u0abe \u0ab2\u0acb\u0a95\u0acb, \u0a89\u0ab2\u0acd\u0ab2\u0abe\u0ab8\u0aae\u0abe\u0a82 \u0a86\u0ab5\u0ac0\u0aa8\u0ac7 \u0a86\u0aa8\u0a82\u0aa6\u0acb\u0aa4\u0acd\u0ab8\u0ab5 \u0a95\u0ab0\u0acb!"
                },
                "15": {
                    "verse_nr": "15",
                    "verse": "\u0aaf\u0ab9\u0acb\u0ab5\u0abe\u0a8f \u0aa8\u0acd\u0aaf\u0abe\u0aaf \u0a85\u0aa8\u0ac1\u0ab8\u0abe\u0ab0 \u0aa4\u0aae\u0aa8\u0ac7 \u0a95\u0ab0\u0ac7\u0ab2\u0ac0 \u0ab6\u0abf\u0a95\u0acd\u0ab7\u0abe\u0aa8\u0acb \u0a85\u0a82\u0aa4 \u0a95\u0ab0\u0acd\u0aaf\u0acb \u0a9b\u0ac7. \u0aa4\u0ac7\u0aae\u0aa3\u0ac7 \u0aa4\u0aae\u0abe\u0ab0\u0abe \u0ab6\u0aa4\u0acd\u0ab0\u0ac1\u0aa8\u0ac7 \u0ab9\u0abe\u0a82\u0a95\u0ac0 \u0a95\u0abe\u0aa2\u0aaf\u0abe \u0a9b\u0ac7; \u0a87\u0ab8\u0acd\u0ab0\u0abe\u0a8f\u0ab2\u0aa8\u0abe \u0ab0\u0abe\u0a9c\u0abe, \u0a8f\u0a9f\u0ab2\u0ac7 \u0aaf\u0ab9\u0acb\u0ab5\u0abe, \u0aa4\u0aae\u0abe\u0ab0\u0abe\u0aae\u0abe\u0a82 \u0a9b\u0ac7; \u0ab9\u0ab5\u0ac7 \u0aaa\u0a9b\u0ac0 \u0aa4\u0aae\u0aa8\u0ac7 \u0a95\u0acb\u0a87 \u0aaa\u0aa3 \u0aaa\u0acd\u0ab0\u0a95\u0abe\u0ab0\u0aa8\u0ac0 \u0a86\u0aaa\u0aa4\u0acd\u0aa4\u0abf\u0aa8\u0acb \u0aa1\u0ab0 \u0ab2\u0abe\u0a97\u0ab6\u0ac7 \u0aa8\u0ab9\u0abf."
                },
                "16": {
                    "verse_nr": "16",
                    "verse": "\u0ab9\u0ab5\u0ac7 \u0a8f\u0ab5\u0acb \u0ab8\u0aae\u0aaf \u0a86\u0ab5\u0ac0 \u0ab0\u0ab9\u0acd\u0aaf\u0acb \u0a9b\u0ac7 \u0a9c\u0acd\u0aaf\u0abe\u0ab0\u0ac7 \u0aaf\u0ab0\u0ac2\u0ab6\u0abe\u0ab2\u0ac7\u0aae\u0aa8\u0abe \u0ab2\u0acb\u0a95\u0acb\u0aa8\u0ac7 \u0a86 \u0ab8\u0a82\u0aa6\u0ac7\u0ab6\u0acb \u0aae\u0ab3\u0ab6\u0ac7, \u201c\u0a93 \u0ab8\u0abf\u0aaf\u0acb\u0aa8, \u0aa1\u0ab0\u0ac0\u0ab6 \u0aa8\u0ab9\u0abf, \u0aa4\u0abe\u0ab0\u0abe \u0ab9\u0abe\u0aa5 \u0aa2\u0ac0\u0ab2\u0abe \u0aa5\u0ab5\u0abe \u0aa6\u0a87\u0ab6 \u0aa8\u0ab9\u0abf."
                },
                "17": {
                    "verse_nr": "17",
                    "verse": "\u0aaf\u0ab9\u0acb\u0ab5\u0abe \u0aa4\u0aae\u0abe\u0ab0\u0abe \u0aa6\u0ac7\u0ab5 \u0ab6\u0ac2\u0ab0\u0ab5\u0ac0\u0ab0 \u0aae\u0abe\u0aa3\u0ab8\u0aa8\u0ac0 \u0a9c\u0ac7\u0aae \u0aa4\u0aae\u0abe\u0ab0\u0ac1\u0a82 \u0ab0\u0a95\u0acd\u0ab7\u0aa3 \u0a95\u0ab0\u0ab5\u0abe \u0aa4\u0aae\u0abe\u0ab0\u0ac0 \u0ab5\u0a9a\u0acd\u0a9a\u0ac7 \u0a9b\u0ac7. \u0aa4\u0ac7 \u0aa4\u0aae\u0abe\u0ab0\u0abe \u0aaa\u0ab0 \u0a95\u0ac3\u0aaa\u0abe\u0ab3\u0ac1\u0a82 \u0aa5\u0a87 \u0a96\u0ac1\u0ab6 \u0aa5\u0abe\u0aaf \u0a9b\u0ac7. \u0aa4\u0ac7 \u0aa4\u0abe\u0ab0\u0abe \u0aaa\u0ab0 \u0aab\u0ab0\u0ac0 \u0aaa\u0acb\u0aa4\u0abe\u0aa8\u0acb \u0aaa\u0acd\u0ab0\u0ac7\u0aae \u0aaa\u0acd\u0ab0\u0a97\u0a9f \u0a95\u0ab0\u0ac7 \u0a9b\u0ac7, \u0a85\u0aa8\u0ac7 \u0a8f\u0a95 \u0a89\u0aa4\u0acd\u0ab8\u0ab5\u0aa8\u0abe \u0aa6\u0abf\u0ab5\u0ab8\u0aa8\u0ac0 \u0a9c\u0ac7\u0aae \u0aa4\u0ac7 \u0a96\u0ac2\u0aac \u0a86\u0aa8\u0a82\u0aa6\u0aa5\u0ac0 \u0aaa\u0acb\u0a95\u0abe\u0ab0 \u0a95\u0ab0\u0ac7 \u0a9b\u0ac7."
                },
                "18": {
                    "verse_nr": "18",
                    "verse": "\u0aae\u0ac7\u0a82 \u0aa8\u0abf\u0ab6\u0acd\u0a9a\u0abf\u0aa4 \u0a95\u0ab0\u0ac7\u0ab2\u0abe \u0aa7\u0abe\u0aae\u0abf\u0ab0\u0acd\u0a95 \u0a89\u0aa4\u0acd\u0ab8\u0ab5 \u0aaa\u0ab0 \u0ab6\u0acb\u0a95 \u0a95\u0ab0\u0aa8\u0abe\u0ab0\u0abe\u0a93\u0aa8\u0ac7 \u0a8f\u0a95\u0aa4\u0acd\u0ab0 \u0a95\u0ab0\u0acd\u0aaf\u0abe \u0a9b\u0ac7. \u0a85\u0aa8\u0ac7 \u0aa4\u0aae\u0aa8\u0ac7 \u0a86\u0aaa\u0ac7\u0ab2\u0abe\u0a82 \u0a85\u0aaa\u0aae\u0abe\u0aa8 \u0aaa\u0abe\u0a9b\u0abe \u0ab2\u0a87 \u0ab2\u0a87\u0ab6."
                },
                "19": {
                    "verse_nr": "19",
                    "verse": "\u0aa4\u0ac7 \u0ab8\u0aae\u0aaf\u0ac7 \u0a9c\u0ac7\u0a93\u0a8f \u0aa4\u0aae\u0abe\u0ab0\u0abe \u0a89\u0aaa\u0ab0 \u0a9c\u0ac1\u0ab2\u0aae \u0a95\u0ab0\u0acd\u0aaf\u0acb \u0a9b\u0ac7, \u0aa4\u0ac7\u0a93 \u0ab8\u0abe\u0aa5\u0ac7 \u0ab9\u0ac1\u0a82 \u0ab8\u0a96\u0aa4\u0abe\u0a87\u0aa5\u0ac0 \u0ab5\u0ab0\u0acd\u0aa4\u0ac0\u0ab6. \u0ab9\u0ac1\u0a82 \u0aa8\u0aac\u0ab3\u0abe\u0a82 \u0a85\u0aa8\u0ac7 \u0ab2\u0abe\u0a9a\u0abe\u0ab0 \u0ab2\u0acb\u0a95\u0acb\u0aa8\u0ac1\u0a82 \u0ab0\u0a95\u0acd\u0ab7\u0aa3 \u0a95\u0ab0\u0ac0\u0ab6. \u0ab9\u0ac1\u0a82 \u0a9c\u0ac7\u0a93\u0aa8\u0ac7 \u0ab9\u0abe\u0a82\u0a95\u0ac0 \u0a95\u0abe\u0aa2\u0ab5\u0abe\u0aae\u0abe\u0a82 \u0a86\u0ab5\u0acd\u0aaf\u0abe\u0a82 \u0ab9\u0aa4\u0abe\u0a82 \u0aa4\u0ac7\u0a93\u0aa8\u0ac7 \u0aaa\u0abe\u0a9b\u0abe \u0ab2\u0abe\u0ab5\u0ac0\u0ab6. \u0a9c\u0ac7\u0a93\u0aa8\u0ac0 \u0aae\u0ab6\u0acd\u0a95\u0ab0\u0ac0\u0a93 \u0a85\u0aa8\u0ac7 \u0aa4\u0abf\u0ab0\u0ab8\u0acd\u0a95\u0abe\u0ab0 \u0aa5\u0aaf\u0acb \u0ab9\u0aa4\u0acb \u0aa4\u0ac7\u0a93\u0aa8\u0ac7 \u0ab9\u0ac1\u0a82 \u0a86\u0a96\u0ac0 \u0aa6\u0ac1\u0aa8\u0abf\u0aaf\u0abe\u0aae\u0abe\u0a82 \u0aaf\u0ab6 \u0a85\u0aa8\u0ac7 \u0a95\u0ac0\u0ab0\u0acd\u0aa4\u0abf \u0aae\u0ac7\u0ab3\u0ab5\u0ac0 \u0a86\u0aaa\u0ac0\u0ab6."
                },
                "20": {
                    "verse_nr": "20",
                    "verse": "\u0a8f \u0ab8\u0aae\u0aaf\u0ac7 \u0ab9\u0ac1\u0a82 \u0aa4\u0aae\u0aa8\u0ac7 \u0aaa\u0abe\u0a9b\u0abe \u0ab2\u0abe\u0ab5\u0ac0\u0ab6. \u0aa4\u0aae\u0abe\u0ab0\u0ac0 \u0aa8\u0a9c\u0ab0 \u0ab8\u0aae\u0a95\u0acd\u0ab7; \u0aa4\u0aae\u0abe\u0ab0\u0ac1\u0a82 \u0aad\u0abe\u0a97\u0acd\u0aaf \u0aab\u0ac7\u0ab0\u0ab5\u0ac0\u0aa8\u0ac7 \u0aa4\u0aae\u0aa8\u0ac7 \u0aaa\u0ac3\u0aa5\u0acd\u0ab5\u0ac0 \u0aaa\u0ab0\u0aa8\u0abe \u0ab8\u0ab0\u0acd\u0ab5 \u0ab2\u0acb\u0a95\u0acb \u0a95\u0ab0\u0aa4\u0abe\u0a82 \u0a85\u0ab2\u0a97 \u0a8f\u0ab5\u0ac1\u0a82 \u0a85\u0aa4\u0abf \u0a89\u0aa4\u0acd\u0aa4\u0aae \u0aa8\u0abe\u0aae \u0a86\u0aaa\u0ac0\u0ab6. \u0aa4\u0acd\u0aaf\u0abe\u0ab0\u0ac7 \u0aa4\u0ac7\u0a93 \u0aa4\u0aae\u0abe\u0ab0\u0ac0 \u0aaa\u0acd\u0ab0\u0ab8\u0a82\u0ab6\u0abe \u0a95\u0ab0\u0ab6\u0ac7.\u201d \u0a86 \u0aaf\u0ab9\u0acb\u0ab5\u0abe\u0aa8\u0abe \u0ab5\u0a9a\u0aa8 \u0a9b\u0ac7."
                }
            }
        }
    }
}