{
    "version": "PHILLIPS",
    "book_name": "Titus",
    "book_nr": "56",
    "book": {
        "1": {
            "chapter_nr": "1",
            "chapter": {
                "1": {
                    "verse_nr": "1",
                    "verse": "Paul, servant of God and messenger of Jesus Christ in the faith God gives to his chosen, in the knowledge of the truth that comes from a God-fearing life, and in the hope of the everlasting life which God, who cannot lie, promised before the beginning of time\u2014(at the right moment he made his Word known in the declaration which has been entrusted to me by his command) to Titus, my true son in our common faith, be grace, mercy and peace from God the Father and the Lord Jesus Christ our saviour."
                },
                "2": {
                    "verse_nr": "2",
                    "verse": "Paul, servant of God and messenger of Jesus Christ in the faith God gives to his chosen, in the knowledge of the truth that comes from a God-fearing life, and in the hope of the everlasting life which God, who cannot lie, promised before the beginning of time\u2014(at the right moment he made his Word known in the declaration which has been entrusted to me by his command) to Titus, my true son in our common faith, be grace, mercy and peace from God the Father and the Lord Jesus Christ our saviour."
                },
                "3": {
                    "verse_nr": "3",
                    "verse": "Paul, servant of God and messenger of Jesus Christ in the faith God gives to his chosen, in the knowledge of the truth that comes from a God-fearing life, and in the hope of the everlasting life which God, who cannot lie, promised before the beginning of time\u2014(at the right moment he made his Word known in the declaration which has been entrusted to me by his command) to Titus, my true son in our common faith, be grace, mercy and peace from God the Father and the Lord Jesus Christ our saviour."
                },
                "4": {
                    "verse_nr": "4",
                    "verse": "Paul, servant of God and messenger of Jesus Christ in the faith God gives to his chosen, in the knowledge of the truth that comes from a God-fearing life, and in the hope of the everlasting life which God, who cannot lie, promised before the beginning of time\u2014(at the right moment he made his Word known in the declaration which has been entrusted to me by his command) to Titus, my true son in our common faith, be grace, mercy and peace from God the Father and the Lord Jesus Christ our saviour."
                },
                "5": {
                    "verse_nr": "5",
                    "verse": "Men who are appointed to the ministry must be of the highest character - I left you in Crete to set right matters which needed attention, and gave you instructions to appoint elders in every city. They were to be men of unquestioned integrity with only one wife, and with children brought up as Christians and not likely to be accused of loose living or law-breaking. To exercise spiritual oversight a man must be of unimpeachable virtue, for he is God\u2019s agent in the affairs of his household. He must not be aggressive or hot-tempered or over-fond of wine; nor must he be violent or greedy for financial gain. On the contrary, he must be hospitable, a genuine lover of what is good, a man who is discreet, fair-minded, holy and self-controlled: a man who takes his stand on the orthodox faith, so that he can by sound teaching both stimulate faith and confute opposition."
                },
                "6": {
                    "verse_nr": "6",
                    "verse": "Men who are appointed to the ministry must be of the highest character - I left you in Crete to set right matters which needed attention, and gave you instructions to appoint elders in every city. They were to be men of unquestioned integrity with only one wife, and with children brought up as Christians and not likely to be accused of loose living or law-breaking. To exercise spiritual oversight a man must be of unimpeachable virtue, for he is God\u2019s agent in the affairs of his household. He must not be aggressive or hot-tempered or over-fond of wine; nor must he be violent or greedy for financial gain. On the contrary, he must be hospitable, a genuine lover of what is good, a man who is discreet, fair-minded, holy and self-controlled: a man who takes his stand on the orthodox faith, so that he can by sound teaching both stimulate faith and confute opposition."
                },
                "7": {
                    "verse_nr": "7",
                    "verse": "Men who are appointed to the ministry must be of the highest character - I left you in Crete to set right matters which needed attention, and gave you instructions to appoint elders in every city. They were to be men of unquestioned integrity with only one wife, and with children brought up as Christians and not likely to be accused of loose living or law-breaking. To exercise spiritual oversight a man must be of unimpeachable virtue, for he is God\u2019s agent in the affairs of his household. He must not be aggressive or hot-tempered or over-fond of wine; nor must he be violent or greedy for financial gain. On the contrary, he must be hospitable, a genuine lover of what is good, a man who is discreet, fair-minded, holy and self-controlled: a man who takes his stand on the orthodox faith, so that he can by sound teaching both stimulate faith and confute opposition."
                },
                "8": {
                    "verse_nr": "8",
                    "verse": "Men who are appointed to the ministry must be of the highest character - I left you in Crete to set right matters which needed attention, and gave you instructions to appoint elders in every city. They were to be men of unquestioned integrity with only one wife, and with children brought up as Christians and not likely to be accused of loose living or law-breaking. To exercise spiritual oversight a man must be of unimpeachable virtue, for he is God\u2019s agent in the affairs of his household. He must not be aggressive or hot-tempered or over-fond of wine; nor must he be violent or greedy for financial gain. On the contrary, he must be hospitable, a genuine lover of what is good, a man who is discreet, fair-minded, holy and self-controlled: a man who takes his stand on the orthodox faith, so that he can by sound teaching both stimulate faith and confute opposition."
                },
                "9": {
                    "verse_nr": "9",
                    "verse": "Men who are appointed to the ministry must be of the highest character - I left you in Crete to set right matters which needed attention, and gave you instructions to appoint elders in every city. They were to be men of unquestioned integrity with only one wife, and with children brought up as Christians and not likely to be accused of loose living or law-breaking. To exercise spiritual oversight a man must be of unimpeachable virtue, for he is God\u2019s agent in the affairs of his household. He must not be aggressive or hot-tempered or over-fond of wine; nor must he be violent or greedy for financial gain. On the contrary, he must be hospitable, a genuine lover of what is good, a man who is discreet, fair-minded, holy and self-controlled: a man who takes his stand on the orthodox faith, so that he can by sound teaching both stimulate faith and confute opposition."
                },
                "10": {
                    "verse_nr": "10",
                    "verse": "Be on your guard against counterfeit Christians - But there are many, especially among the Jews, who will not recognise authority, who talk nonsense and yet in so doing have managed to deceive men\u2019s minds. They must be silenced, for they upset the faith of whole households, teaching what they have no business to teach for the sake of what they can get. One of them, yes, one of their prophets, has said: \u201cMen of Crete are always liars, evil and beastly, lazy and greedy.\u201d There is truth in this testimonial of theirs! Don\u2019t hesitate to reprimand them sharply for you want them to be sound and healthy Christians, with a proper contempt for Jewish fairy tales and orders issued by men who have forsaken the path of truth. Everything is wholesome to those who are themselves wholesome. But nothing is wholesome to those who are themselves unwholesome and who have no faith in God\u2014their very minds and consciences are diseased. They profess to know God, but their actual behaviour denies their profession, for they are obviously vile and rebellious and when it comes to doing any real good they are palpable frauds."
                },
                "11": {
                    "verse_nr": "11",
                    "verse": "Be on your guard against counterfeit Christians - But there are many, especially among the Jews, who will not recognise authority, who talk nonsense and yet in so doing have managed to deceive men\u2019s minds. They must be silenced, for they upset the faith of whole households, teaching what they have no business to teach for the sake of what they can get. One of them, yes, one of their prophets, has said: \u201cMen of Crete are always liars, evil and beastly, lazy and greedy.\u201d There is truth in this testimonial of theirs! Don\u2019t hesitate to reprimand them sharply for you want them to be sound and healthy Christians, with a proper contempt for Jewish fairy tales and orders issued by men who have forsaken the path of truth. Everything is wholesome to those who are themselves wholesome. But nothing is wholesome to those who are themselves unwholesome and who have no faith in God\u2014their very minds and consciences are diseased. They profess to know God, but their actual behaviour denies their profession, for they are obviously vile and rebellious and when it comes to doing any real good they are palpable frauds."
                },
                "12": {
                    "verse_nr": "12",
                    "verse": "Be on your guard against counterfeit Christians - But there are many, especially among the Jews, who will not recognise authority, who talk nonsense and yet in so doing have managed to deceive men\u2019s minds. They must be silenced, for they upset the faith of whole households, teaching what they have no business to teach for the sake of what they can get. One of them, yes, one of their prophets, has said: \u201cMen of Crete are always liars, evil and beastly, lazy and greedy.\u201d There is truth in this testimonial of theirs! Don\u2019t hesitate to reprimand them sharply for you want them to be sound and healthy Christians, with a proper contempt for Jewish fairy tales and orders issued by men who have forsaken the path of truth. Everything is wholesome to those who are themselves wholesome. But nothing is wholesome to those who are themselves unwholesome and who have no faith in God\u2014their very minds and consciences are diseased. They profess to know God, but their actual behaviour denies their profession, for they are obviously vile and rebellious and when it comes to doing any real good they are palpable frauds."
                },
                "13": {
                    "verse_nr": "13",
                    "verse": "Be on your guard against counterfeit Christians - But there are many, especially among the Jews, who will not recognise authority, who talk nonsense and yet in so doing have managed to deceive men\u2019s minds. They must be silenced, for they upset the faith of whole households, teaching what they have no business to teach for the sake of what they can get. One of them, yes, one of their prophets, has said: \u201cMen of Crete are always liars, evil and beastly, lazy and greedy.\u201d There is truth in this testimonial of theirs! Don\u2019t hesitate to reprimand them sharply for you want them to be sound and healthy Christians, with a proper contempt for Jewish fairy tales and orders issued by men who have forsaken the path of truth. Everything is wholesome to those who are themselves wholesome. But nothing is wholesome to those who are themselves unwholesome and who have no faith in God\u2014their very minds and consciences are diseased. They profess to know God, but their actual behaviour denies their profession, for they are obviously vile and rebellious and when it comes to doing any real good they are palpable frauds."
                },
                "14": {
                    "verse_nr": "14",
                    "verse": "Be on your guard against counterfeit Christians - But there are many, especially among the Jews, who will not recognise authority, who talk nonsense and yet in so doing have managed to deceive men\u2019s minds. They must be silenced, for they upset the faith of whole households, teaching what they have no business to teach for the sake of what they can get. One of them, yes, one of their prophets, has said: \u201cMen of Crete are always liars, evil and beastly, lazy and greedy.\u201d There is truth in this testimonial of theirs! Don\u2019t hesitate to reprimand them sharply for you want them to be sound and healthy Christians, with a proper contempt for Jewish fairy tales and orders issued by men who have forsaken the path of truth. Everything is wholesome to those who are themselves wholesome. But nothing is wholesome to those who are themselves unwholesome and who have no faith in God\u2014their very minds and consciences are diseased. They profess to know God, but their actual behaviour denies their profession, for they are obviously vile and rebellious and when it comes to doing any real good they are palpable frauds."
                },
                "15": {
                    "verse_nr": "15",
                    "verse": "Be on your guard against counterfeit Christians - But there are many, especially among the Jews, who will not recognise authority, who talk nonsense and yet in so doing have managed to deceive men\u2019s minds. They must be silenced, for they upset the faith of whole households, teaching what they have no business to teach for the sake of what they can get. One of them, yes, one of their prophets, has said: \u201cMen of Crete are always liars, evil and beastly, lazy and greedy.\u201d There is truth in this testimonial of theirs! Don\u2019t hesitate to reprimand them sharply for you want them to be sound and healthy Christians, with a proper contempt for Jewish fairy tales and orders issued by men who have forsaken the path of truth. Everything is wholesome to those who are themselves wholesome. But nothing is wholesome to those who are themselves unwholesome and who have no faith in God\u2014their very minds and consciences are diseased. They profess to know God, but their actual behaviour denies their profession, for they are obviously vile and rebellious and when it comes to doing any real good they are palpable frauds."
                },
                "16": {
                    "verse_nr": "16",
                    "verse": "Be on your guard against counterfeit Christians - But there are many, especially among the Jews, who will not recognise authority, who talk nonsense and yet in so doing have managed to deceive men\u2019s minds. They must be silenced, for they upset the faith of whole households, teaching what they have no business to teach for the sake of what they can get. One of them, yes, one of their prophets, has said: \u201cMen of Crete are always liars, evil and beastly, lazy and greedy.\u201d There is truth in this testimonial of theirs! Don\u2019t hesitate to reprimand them sharply for you want them to be sound and healthy Christians, with a proper contempt for Jewish fairy tales and orders issued by men who have forsaken the path of truth. Everything is wholesome to those who are themselves wholesome. But nothing is wholesome to those who are themselves unwholesome and who have no faith in God\u2014their very minds and consciences are diseased. They profess to know God, but their actual behaviour denies their profession, for they are obviously vile and rebellious and when it comes to doing any real good they are palpable frauds."
                }
            }
        },
        "2": {
            "chapter_nr": "2",
            "chapter": {
                "1": {
                    "verse_nr": "1",
                    "verse": "Good character should follow good teaching - Now you must tell them the sort of character which should spring from sound teaching. The old men should be temperate, serious, wise\u2014spiritually healthy through their faith and love and patience. Similarly the old women should be reverent in their behaviour, should not make unfounded complaints and should not be over-fond of wine. They should be examples of the good life, so that the younger women may learn to love their husbands and their children, to be sensible and chaste, home-lovers, kind-hearted and willing to adapt themselves to their husbands\u2014a good advertisement for the Christian faith. The young men, too, you should urge to take life seriously, letting your own life stand as a pattern of good living. In all your teaching show the strictest regard for truth, and show that you appreciate the seriousness of the matters you are dealing with. Your speech should be unaffected and logical, so that your opponent may feel ashamed at finding nothing in which to pick holes."
                },
                "2": {
                    "verse_nr": "2",
                    "verse": "Good character should follow good teaching - Now you must tell them the sort of character which should spring from sound teaching. The old men should be temperate, serious, wise\u2014spiritually healthy through their faith and love and patience. Similarly the old women should be reverent in their behaviour, should not make unfounded complaints and should not be over-fond of wine. They should be examples of the good life, so that the younger women may learn to love their husbands and their children, to be sensible and chaste, home-lovers, kind-hearted and willing to adapt themselves to their husbands\u2014a good advertisement for the Christian faith. The young men, too, you should urge to take life seriously, letting your own life stand as a pattern of good living. In all your teaching show the strictest regard for truth, and show that you appreciate the seriousness of the matters you are dealing with. Your speech should be unaffected and logical, so that your opponent may feel ashamed at finding nothing in which to pick holes."
                },
                "3": {
                    "verse_nr": "3",
                    "verse": "Good character should follow good teaching - Now you must tell them the sort of character which should spring from sound teaching. The old men should be temperate, serious, wise\u2014spiritually healthy through their faith and love and patience. Similarly the old women should be reverent in their behaviour, should not make unfounded complaints and should not be over-fond of wine. They should be examples of the good life, so that the younger women may learn to love their husbands and their children, to be sensible and chaste, home-lovers, kind-hearted and willing to adapt themselves to their husbands\u2014a good advertisement for the Christian faith. The young men, too, you should urge to take life seriously, letting your own life stand as a pattern of good living. In all your teaching show the strictest regard for truth, and show that you appreciate the seriousness of the matters you are dealing with. Your speech should be unaffected and logical, so that your opponent may feel ashamed at finding nothing in which to pick holes."
                },
                "4": {
                    "verse_nr": "4",
                    "verse": "Good character should follow good teaching - Now you must tell them the sort of character which should spring from sound teaching. The old men should be temperate, serious, wise\u2014spiritually healthy through their faith and love and patience. Similarly the old women should be reverent in their behaviour, should not make unfounded complaints and should not be over-fond of wine. They should be examples of the good life, so that the younger women may learn to love their husbands and their children, to be sensible and chaste, home-lovers, kind-hearted and willing to adapt themselves to their husbands\u2014a good advertisement for the Christian faith. The young men, too, you should urge to take life seriously, letting your own life stand as a pattern of good living. In all your teaching show the strictest regard for truth, and show that you appreciate the seriousness of the matters you are dealing with. Your speech should be unaffected and logical, so that your opponent may feel ashamed at finding nothing in which to pick holes."
                },
                "5": {
                    "verse_nr": "5",
                    "verse": "Good character should follow good teaching - Now you must tell them the sort of character which should spring from sound teaching. The old men should be temperate, serious, wise\u2014spiritually healthy through their faith and love and patience. Similarly the old women should be reverent in their behaviour, should not make unfounded complaints and should not be over-fond of wine. They should be examples of the good life, so that the younger women may learn to love their husbands and their children, to be sensible and chaste, home-lovers, kind-hearted and willing to adapt themselves to their husbands\u2014a good advertisement for the Christian faith. The young men, too, you should urge to take life seriously, letting your own life stand as a pattern of good living. In all your teaching show the strictest regard for truth, and show that you appreciate the seriousness of the matters you are dealing with. Your speech should be unaffected and logical, so that your opponent may feel ashamed at finding nothing in which to pick holes."
                },
                "6": {
                    "verse_nr": "6",
                    "verse": "Good character should follow good teaching - Now you must tell them the sort of character which should spring from sound teaching. The old men should be temperate, serious, wise\u2014spiritually healthy through their faith and love and patience. Similarly the old women should be reverent in their behaviour, should not make unfounded complaints and should not be over-fond of wine. They should be examples of the good life, so that the younger women may learn to love their husbands and their children, to be sensible and chaste, home-lovers, kind-hearted and willing to adapt themselves to their husbands\u2014a good advertisement for the Christian faith. The young men, too, you should urge to take life seriously, letting your own life stand as a pattern of good living. In all your teaching show the strictest regard for truth, and show that you appreciate the seriousness of the matters you are dealing with. Your speech should be unaffected and logical, so that your opponent may feel ashamed at finding nothing in which to pick holes."
                },
                "7": {
                    "verse_nr": "7",
                    "verse": "Good character should follow good teaching - Now you must tell them the sort of character which should spring from sound teaching. The old men should be temperate, serious, wise\u2014spiritually healthy through their faith and love and patience. Similarly the old women should be reverent in their behaviour, should not make unfounded complaints and should not be over-fond of wine. They should be examples of the good life, so that the younger women may learn to love their husbands and their children, to be sensible and chaste, home-lovers, kind-hearted and willing to adapt themselves to their husbands\u2014a good advertisement for the Christian faith. The young men, too, you should urge to take life seriously, letting your own life stand as a pattern of good living. In all your teaching show the strictest regard for truth, and show that you appreciate the seriousness of the matters you are dealing with. Your speech should be unaffected and logical, so that your opponent may feel ashamed at finding nothing in which to pick holes."
                },
                "8": {
                    "verse_nr": "8",
                    "verse": "Good character should follow good teaching - Now you must tell them the sort of character which should spring from sound teaching. The old men should be temperate, serious, wise\u2014spiritually healthy through their faith and love and patience. Similarly the old women should be reverent in their behaviour, should not make unfounded complaints and should not be over-fond of wine. They should be examples of the good life, so that the younger women may learn to love their husbands and their children, to be sensible and chaste, home-lovers, kind-hearted and willing to adapt themselves to their husbands\u2014a good advertisement for the Christian faith. The young men, too, you should urge to take life seriously, letting your own life stand as a pattern of good living. In all your teaching show the strictest regard for truth, and show that you appreciate the seriousness of the matters you are dealing with. Your speech should be unaffected and logical, so that your opponent may feel ashamed at finding nothing in which to pick holes."
                },
                "9": {
                    "verse_nr": "9",
                    "verse": "The duty of slaves\u2014and of us all - Slaves should be told that it is their duty as Christians to obey their masters and to give them satisfactory service in every way. They are not to \u201canswer back\u201d or to be light-fingered, but they are to show themselves utterly trustworthy, a living testimonial to the teaching of God our saviour."
                },
                "10": {
                    "verse_nr": "10",
                    "verse": "The duty of slaves\u2014and of us all - Slaves should be told that it is their duty as Christians to obey their masters and to give them satisfactory service in every way. They are not to \u201canswer back\u201d or to be light-fingered, but they are to show themselves utterly trustworthy, a living testimonial to the teaching of God our saviour."
                },
                "11": {
                    "verse_nr": "11",
                    "verse": "For the grace of God, which can save every man, has now become known, and it teaches us to have no more to do with godlessness or the desires of this world but to live, here and now, responsible, honourable and God-fearing lives. And while we live this life we hope and wait for the glorious d?nouement of the Great God and of Jesus Christ our saviour. For he gave himself for us all, that he might rescue us from all our evil ways and make for himself a people of his own, clean and pure, with our hearts set upon living a life that is good."
                },
                "12": {
                    "verse_nr": "12",
                    "verse": "For the grace of God, which can save every man, has now become known, and it teaches us to have no more to do with godlessness or the desires of this world but to live, here and now, responsible, honourable and God-fearing lives. And while we live this life we hope and wait for the glorious d?nouement of the Great God and of Jesus Christ our saviour. For he gave himself for us all, that he might rescue us from all our evil ways and make for himself a people of his own, clean and pure, with our hearts set upon living a life that is good."
                },
                "13": {
                    "verse_nr": "13",
                    "verse": "For the grace of God, which can save every man, has now become known, and it teaches us to have no more to do with godlessness or the desires of this world but to live, here and now, responsible, honourable and God-fearing lives. And while we live this life we hope and wait for the glorious d?nouement of the Great God and of Jesus Christ our saviour. For he gave himself for us all, that he might rescue us from all our evil ways and make for himself a people of his own, clean and pure, with our hearts set upon living a life that is good."
                },
                "14": {
                    "verse_nr": "14",
                    "verse": "For the grace of God, which can save every man, has now become known, and it teaches us to have no more to do with godlessness or the desires of this world but to live, here and now, responsible, honourable and God-fearing lives. And while we live this life we hope and wait for the glorious d?nouement of the Great God and of Jesus Christ our saviour. For he gave himself for us all, that he might rescue us from all our evil ways and make for himself a people of his own, clean and pure, with our hearts set upon living a life that is good."
                },
                "15": {
                    "verse_nr": "15",
                    "verse": "Tell men of these things, Titus. Urge them to action, using a reprimand where necessary with all the authority of God\u2019s minister\u2014and as such let no one treat you with contempt."
                }
            }
        },
        "3": {
            "chapter_nr": "3",
            "chapter": {
                "1": {
                    "verse_nr": "1",
                    "verse": "Instructions for the Christians of Crete - Remind your people to recognise the power of those who rule and bear authority. They must obey the laws of the state and be prepared to render whatever good service they can. They are not to speak evil of any man, they must not be argumentative but gentle, showing themselves agreeable to everybody."
                },
                "2": {
                    "verse_nr": "2",
                    "verse": "Instructions for the Christians of Crete - Remind your people to recognise the power of those who rule and bear authority. They must obey the laws of the state and be prepared to render whatever good service they can. They are not to speak evil of any man, they must not be argumentative but gentle, showing themselves agreeable to everybody."
                },
                "3": {
                    "verse_nr": "3",
                    "verse": "For we ourselves have known what it is to be ignorant, disobedient and deceived, the slaves of various desires and pleasant feelings, while our lives were spent in malice and jealousy\u2014we were hateful and we hated each other. But when the kindness of God our saviour and his love towards man appeared, he saved us\u2014not by virtue of any moral achievements of ours, but by the cleansing power of a new birth and the moral renewal of the Holy Spirit, which he gave us so generously through Jesus Christ our Saviour. The result is that we are acquitted by his grace, and can look forward to inheriting life for evermore. This is solid truth. Subjects like this are always good and useful but mind you steer clear of stupid arguments, genealogies, controversies and quarrels over the Law. They settle nothing and lead nowhere. If a man is still argumentative after the second warning you should reject him. You can be sure that he has a moral twist, and he knows it."
                },
                "4": {
                    "verse_nr": "4",
                    "verse": "For we ourselves have known what it is to be ignorant, disobedient and deceived, the slaves of various desires and pleasant feelings, while our lives were spent in malice and jealousy\u2014we were hateful and we hated each other. But when the kindness of God our saviour and his love towards man appeared, he saved us\u2014not by virtue of any moral achievements of ours, but by the cleansing power of a new birth and the moral renewal of the Holy Spirit, which he gave us so generously through Jesus Christ our Saviour. The result is that we are acquitted by his grace, and can look forward to inheriting life for evermore. This is solid truth. Subjects like this are always good and useful but mind you steer clear of stupid arguments, genealogies, controversies and quarrels over the Law. They settle nothing and lead nowhere. If a man is still argumentative after the second warning you should reject him. You can be sure that he has a moral twist, and he knows it."
                },
                "5": {
                    "verse_nr": "5",
                    "verse": "For we ourselves have known what it is to be ignorant, disobedient and deceived, the slaves of various desires and pleasant feelings, while our lives were spent in malice and jealousy\u2014we were hateful and we hated each other. But when the kindness of God our saviour and his love towards man appeared, he saved us\u2014not by virtue of any moral achievements of ours, but by the cleansing power of a new birth and the moral renewal of the Holy Spirit, which he gave us so generously through Jesus Christ our Saviour. The result is that we are acquitted by his grace, and can look forward to inheriting life for evermore. This is solid truth. Subjects like this are always good and useful but mind you steer clear of stupid arguments, genealogies, controversies and quarrels over the Law. They settle nothing and lead nowhere. If a man is still argumentative after the second warning you should reject him. You can be sure that he has a moral twist, and he knows it."
                },
                "6": {
                    "verse_nr": "6",
                    "verse": "For we ourselves have known what it is to be ignorant, disobedient and deceived, the slaves of various desires and pleasant feelings, while our lives were spent in malice and jealousy\u2014we were hateful and we hated each other. But when the kindness of God our saviour and his love towards man appeared, he saved us\u2014not by virtue of any moral achievements of ours, but by the cleansing power of a new birth and the moral renewal of the Holy Spirit, which he gave us so generously through Jesus Christ our Saviour. The result is that we are acquitted by his grace, and can look forward to inheriting life for evermore. This is solid truth. Subjects like this are always good and useful but mind you steer clear of stupid arguments, genealogies, controversies and quarrels over the Law. They settle nothing and lead nowhere. If a man is still argumentative after the second warning you should reject him. You can be sure that he has a moral twist, and he knows it."
                },
                "7": {
                    "verse_nr": "7",
                    "verse": "For we ourselves have known what it is to be ignorant, disobedient and deceived, the slaves of various desires and pleasant feelings, while our lives were spent in malice and jealousy\u2014we were hateful and we hated each other. But when the kindness of God our saviour and his love towards man appeared, he saved us\u2014not by virtue of any moral achievements of ours, but by the cleansing power of a new birth and the moral renewal of the Holy Spirit, which he gave us so generously through Jesus Christ our Saviour. The result is that we are acquitted by his grace, and can look forward to inheriting life for evermore. This is solid truth. Subjects like this are always good and useful but mind you steer clear of stupid arguments, genealogies, controversies and quarrels over the Law. They settle nothing and lead nowhere. If a man is still argumentative after the second warning you should reject him. You can be sure that he has a moral twist, and he knows it."
                },
                "8": {
                    "verse_nr": "8",
                    "verse": "For we ourselves have known what it is to be ignorant, disobedient and deceived, the slaves of various desires and pleasant feelings, while our lives were spent in malice and jealousy\u2014we were hateful and we hated each other. But when the kindness of God our saviour and his love towards man appeared, he saved us\u2014not by virtue of any moral achievements of ours, but by the cleansing power of a new birth and the moral renewal of the Holy Spirit, which he gave us so generously through Jesus Christ our Saviour. The result is that we are acquitted by his grace, and can look forward to inheriting life for evermore. This is solid truth. Subjects like this are always good and useful but mind you steer clear of stupid arguments, genealogies, controversies and quarrels over the Law. They settle nothing and lead nowhere. If a man is still argumentative after the second warning you should reject him. You can be sure that he has a moral twist, and he knows it."
                },
                "9": {
                    "verse_nr": "9",
                    "verse": "For we ourselves have known what it is to be ignorant, disobedient and deceived, the slaves of various desires and pleasant feelings, while our lives were spent in malice and jealousy\u2014we were hateful and we hated each other. But when the kindness of God our saviour and his love towards man appeared, he saved us\u2014not by virtue of any moral achievements of ours, but by the cleansing power of a new birth and the moral renewal of the Holy Spirit, which he gave us so generously through Jesus Christ our Saviour. The result is that we are acquitted by his grace, and can look forward to inheriting life for evermore. This is solid truth. Subjects like this are always good and useful but mind you steer clear of stupid arguments, genealogies, controversies and quarrels over the Law. They settle nothing and lead nowhere. If a man is still argumentative after the second warning you should reject him. You can be sure that he has a moral twist, and he knows it."
                },
                "10": {
                    "verse_nr": "10",
                    "verse": "For we ourselves have known what it is to be ignorant, disobedient and deceived, the slaves of various desires and pleasant feelings, while our lives were spent in malice and jealousy\u2014we were hateful and we hated each other. But when the kindness of God our saviour and his love towards man appeared, he saved us\u2014not by virtue of any moral achievements of ours, but by the cleansing power of a new birth and the moral renewal of the Holy Spirit, which he gave us so generously through Jesus Christ our Saviour. The result is that we are acquitted by his grace, and can look forward to inheriting life for evermore. This is solid truth. Subjects like this are always good and useful but mind you steer clear of stupid arguments, genealogies, controversies and quarrels over the Law. They settle nothing and lead nowhere. If a man is still argumentative after the second warning you should reject him. You can be sure that he has a moral twist, and he knows it."
                },
                "11": {
                    "verse_nr": "11",
                    "verse": "For we ourselves have known what it is to be ignorant, disobedient and deceived, the slaves of various desires and pleasant feelings, while our lives were spent in malice and jealousy\u2014we were hateful and we hated each other. But when the kindness of God our saviour and his love towards man appeared, he saved us\u2014not by virtue of any moral achievements of ours, but by the cleansing power of a new birth and the moral renewal of the Holy Spirit, which he gave us so generously through Jesus Christ our Saviour. The result is that we are acquitted by his grace, and can look forward to inheriting life for evermore. This is solid truth. Subjects like this are always good and useful but mind you steer clear of stupid arguments, genealogies, controversies and quarrels over the Law. They settle nothing and lead nowhere. If a man is still argumentative after the second warning you should reject him. You can be sure that he has a moral twist, and he knows it."
                },
                "12": {
                    "verse_nr": "12",
                    "verse": "Final messages - As soon as I send Artemas to you (or perhaps it will be Tychicus), do your best to come to me at Nicopolis, for I have made up my mind to spend the winter there. See that Zenas the lawyer and Apollos have what they require and give them a good send-off."
                },
                "13": {
                    "verse_nr": "13",
                    "verse": "Final messages - As soon as I send Artemas to you (or perhaps it will be Tychicus), do your best to come to me at Nicopolis, for I have made up my mind to spend the winter there. See that Zenas the lawyer and Apollos have what they require and give them a good send-off."
                },
                "14": {
                    "verse_nr": "14",
                    "verse": "And our people should learn to earn what they require by leading an honest life and so be self-supporting."
                },
                "15": {
                    "verse_nr": "15",
                    "verse": "All those here with me send you greetings, Please give our greetings to all who love us in the faith. Grace be with you all. PAUL"
                }
            }
        }
    }
}