{
    "version": "NR1994",
    "book_name": "Malachi",
    "book_nr": "39",
    "book": {
        "1": {
            "chapter_nr": "1",
            "chapter": {
                "1": {
                    "verse_nr": "1",
                    "verse": "L&#39;ingratitudine del popolo - Oracolo, parola del Signore, rivolta a *Israele per mezzo di *Malachia."
                },
                "2": {
                    "verse_nr": "2",
                    "verse": "\u00abIo vi ho amati\u00bb, dice il Signore;\u00abe voi dite: \u201cIn che modo ci hai amati?\u201d*Esa\u00fa non era forse fratello di *Giacobbe?\u00bb dice il Signore;\u00abeppure io ho amato Giacobbe"
                },
                "3": {
                    "verse_nr": "3",
                    "verse": "e ho odiato Esa\u00fa;ho fatto dei suoi monti una desolazionee ho dato la sua eredit\u00e0 agli sciacalli del deserto\u00bb."
                },
                "4": {
                    "verse_nr": "4",
                    "verse": "Se *Edom dice: \u00abNoi siamo stati annientati,ma torneremo e ricostruiremo i luoghi ridotti in rovine\u00bb,cos\u00ed parla il Signore degli eserciti:\u00abEssi costruiranno, ma io distrugger\u00f2.Saranno chiamati Territorio dell&#39;empiet\u00e0,Popolo contro il quale il Signore \u00e8 sdegnato per sempre."
                },
                "5": {
                    "verse_nr": "5",
                    "verse": "I vostri occhi lo vedrannoe voi direte: \u201cIl Signore \u00e8 grandeanche oltre i confini d&#39;Israele\u201d."
                },
                "6": {
                    "verse_nr": "6",
                    "verse": "Le colpe dei sacerdoti - \u00abUn figlio onora suo padre e un servo il suo padrone;se dunque io sono padre, dov&#39;\u00e8 l&#39;onore che m&#39;\u00e8 dovuto?Se sono padrone, dov&#39;\u00e8 il timore che mi \u00e8 dovuto?Il Signore degli eserciti parla a voi, o *sacerdoti,che disprezzate il mio nome!Ma voi dite: \u201cIn che modo abbiamo disprezzato il tuo nome?\u201d"
                },
                "7": {
                    "verse_nr": "7",
                    "verse": "Voi offrite sul mio altare cibo contaminato,ma dite: \u201cIn che modo ti abbiamo contaminato?\u201dL&#39;avete fatto dicendo: \u201cLa tavola del Signore \u00e8 spregevole\u201d."
                },
                "8": {
                    "verse_nr": "8",
                    "verse": "Quando offrite in sacrificio una bestia cieca, non \u00e8 forse male?Quando ne offrite una zoppa o malata, non \u00e8 forse male?Presentala dunque al tuo governatore!Te ne sar\u00e0 egli grato? Ti accoglier\u00e0 forse con favore?\u00bbdice il Signore degli eserciti."
                },
                "9": {
                    "verse_nr": "9",
                    "verse": "\u00abOra, implorate pure il favore di Dio, perch\u00e9 egli abbia piet\u00e0 di noi!\u00c8 con le vostre mani che avete fatto questo!Egli dovrebbe aver riguardo alla persona di qualcuno di voi?\u00bbdice il Signore degli eserciti."
                },
                "10": {
                    "verse_nr": "10",
                    "verse": "\u00abCi fosse almeno qualcuno di voi che chiudesse le porte!Cos\u00ed non accendereste invano il fuoco sul mio altare!Io non prendo alcun piacere in voi\u00bb, dice il Signore degli eserciti,\u00abe non gradisco le offerte delle vostre mani."
                },
                "11": {
                    "verse_nr": "11",
                    "verse": "Ma dall&#39;oriente all&#39;occidenteil mio nome \u00e8 grande fra le nazioni;in ogni luogo si brucia incenso al mio nomee si fanno offerte pure;perch\u00e9 grande \u00e8 il mio nome fra le nazioni\u00bb,dice il Signore degli eserciti."
                },
                "12": {
                    "verse_nr": "12",
                    "verse": "\u00abVoi per\u00f2 lo profanatequando dite: \u201cLa tavola del Signore \u00e8 contaminata,e ci\u00f2 che d\u00e0 come cibo \u00e8 spregevole\u201d."
                },
                "13": {
                    "verse_nr": "13",
                    "verse": "Voi dite anche: \u201cAh, che fatica!\u201d e mi trattate con disprezzo\u00bb,dice il Signore degli eserciti.\u00abOffrite animali rubati, zoppi o malati,e queste sono le offerte che fate!Dovrei io gradirle dalle vostre mani?\u00bb dice il Signore."
                },
                "14": {
                    "verse_nr": "14",
                    "verse": "\u00abMaledetto il disonesto che ha nel suo gregge un maschio,e offre in sacrificio al Signore una bestia difettosa!Poich\u00e9 io sono un Re grande, dice il Signore degli eserciti,e il mio nome \u00e8 tremendo fra le nazioni."
                }
            }
        },
        "2": {
            "chapter_nr": "2",
            "chapter": {
                "1": {
                    "verse_nr": "1",
                    "verse": "Condanna dei sacerdoti; rimproveri al popolo - \u00abOra, quest&#39;ordine \u00e8 per voi, o *sacerdoti!"
                },
                "2": {
                    "verse_nr": "2",
                    "verse": "Se non ascoltate e se non prendete a cuoredi dar gloria al mio nome\u00bb, dice il Signore degli eserciti,\u00abio mander\u00f2 su di voi la maledizione e maledir\u00f2 le vostre benedizioni;anzi le ho gi\u00e0 maledette, perch\u00e9 non prendete la cosa a cuore."
                },
                "3": {
                    "verse_nr": "3",
                    "verse": "Ecco, io sgrider\u00f2 le vostre sementi perch\u00e9 non producano,vi getter\u00f2 degli escrementi in faccia,gli escrementi delle vittime offerte nelle vostre feste,e voi sarete portati fuori con essi."
                },
                "4": {
                    "verse_nr": "4",
                    "verse": "Allora saprete che io vi ho dato quest&#39;ordineperch\u00e9 sussista il mio patto con *Levi\u00bb,dice il Signore degli eserciti."
                },
                "5": {
                    "verse_nr": "5",
                    "verse": "\u00abIl mio patto con lui era un patto di vita e di pace,cose che io gli diedi, perch\u00e9 mi temesse;egli mi temettee trem\u00f2 davanti al mio nome."
                },
                "6": {
                    "verse_nr": "6",
                    "verse": "La legge di verit\u00e0 era nella sua bocca,non si trovava perversit\u00e0 sulle sue labbra;camminava con me nella pace e nella rettitudinee molti ne allontan\u00f2 dal male."
                },
                "7": {
                    "verse_nr": "7",
                    "verse": "Infatti le labbra del sacerdote sono le custodi della scienzae dalla sua bocca si ricerca la legge,perch\u00e9 egli \u00e8 il messaggero del Signore degli eserciti."
                },
                "8": {
                    "verse_nr": "8",
                    "verse": "Ma voi vi siete sviati,avete fatto inciampare molti nella legge,avete violato il patto di Levi\u00bb,dice il Signore degli eserciti."
                },
                "9": {
                    "verse_nr": "9",
                    "verse": "\u00abAnch&#39;io vi render\u00f2 spregevoli e abiettiagli occhi di tutto il popolo,perch\u00e9 non osservate i miei insegnamentie avete dei riguardi personaliquando applicate la legge\u00bb."
                },
                "10": {
                    "verse_nr": "10",
                    "verse": "Non abbiamo forse tutti un solo padre?Non ci ha creati uno stesso Dio?Perch\u00e9 dunque siamo perfidi l&#39;uno verso l&#39;altrocos\u00ed che profaniamo il patto dei nostri padri?"
                },
                "11": {
                    "verse_nr": "11",
                    "verse": "*Giuda si \u00e8 dimostrato infedelee l&#39;abominazione \u00e8 stata commessa in *Israele e a *Gerusalemme;perch\u00e9 Giuda ha profanato ci\u00f2 che \u00e8 santo al Signore, ci\u00f2 che egli ama,e ha sposato figlie di d\u00e8i stranieri."
                },
                "12": {
                    "verse_nr": "12",
                    "verse": "A colui che fa questo, il Signore sterminer\u00e0dalle tende di *Giacobbe chi veglia e chi risponde,e chi offre l&#39;oblazioneal Signore degli eserciti!"
                },
                "13": {
                    "verse_nr": "13",
                    "verse": "C&#39;\u00e8 un&#39;altra cosa che voi fate:coprite l&#39;altare del Signore di lacrime,di pianto e di gemiti,in modo che egli non badi pi\u00fa alle offertee non le accetti con gradimento dalle vostre mani."
                },
                "14": {
                    "verse_nr": "14",
                    "verse": "Eppure dite: \u00abPerch\u00e9?\u00bbPerch\u00e9 il Signore \u00e8 testimone fra te e la moglie della tua giovinezza,verso la quale agisci slealmente,sebbene essa sia la tua compagna, la moglie alla quale sei legato da un patto."
                },
                "15": {
                    "verse_nr": "15",
                    "verse": "Ma, direte voi, non ce n&#39;\u00e8 uno che fece cos\u00ed? E tuttavia, lo Spirito rimase in lui.Ma perch\u00e9 quell&#39;uno lo fece?Perch\u00e9 cercava la discendenza promessagli da Dio.Badate dunque al vostro spiritoe nessuno agisca slealmente verso la moglie della sua giovinezza."
                },
                "16": {
                    "verse_nr": "16",
                    "verse": "\u00abPoich\u00e9 io odio il ripudio\u00bb,dice il Signore, Dio d&#39;Israele;\u00abchi ripudia copre di violenza la sua veste\u00bb,dice il Signore degli eserciti.Badate dunque al vostro spiritoe non siate sleali."
                },
                "17": {
                    "verse_nr": "17",
                    "verse": "Purificazione di Giuda nel giorno del giudizio - Voi stancate il Signore con le vostre parole,eppure dite: \u00abIn che modo lo stanchiamo?\u00bbQuando dite: \u00abChiunque fa il male \u00e8 gradito al Signore,il quale si compiace di lui!\u00bbo quando dite: \u00abDov&#39;\u00e8 il Dio di giustizia?\u00bb"
                }
            }
        },
        "3": {
            "chapter_nr": "3",
            "chapter": {
                "1": {
                    "verse_nr": "1",
                    "verse": "\u00abEcco, io vi mando il mio messaggero,che spianer\u00e0 la via davanti a mee subito il Signore, che voi cercate,l&#39;Angelo del patto, che voi desiderate,entrer\u00e0 nel suo *tempio. Ecco egli viene\u00bb,dice il Signore degli eserciti."
                },
                "2": {
                    "verse_nr": "2",
                    "verse": "Chi potr\u00e0 resistere nel giorno della sua venuta?Chi potr\u00e0 rimanere in piedi quando egli apparir\u00e0?Egli infatti \u00e8 come il fuoco del fonditore,come la potassa dei lavatori di panni."
                },
                "3": {
                    "verse_nr": "3",
                    "verse": "Egli si metter\u00e0 seduto, come chi raffina e purifica l&#39;argento,e purificher\u00e0 i figli di *Levie li raffiner\u00e0 come si fa dell&#39;oro e dell&#39;argento;ed essi offriranno al Signore offerte giuste."
                },
                "4": {
                    "verse_nr": "4",
                    "verse": "Allora l&#39;offerta di *Giuda e di *Gerusalemme sar\u00e0 gradita al Signore,come nei giorni antichi, come negli anni passati."
                },
                "5": {
                    "verse_nr": "5",
                    "verse": "\u00abIo mi accoster\u00f2 a voi per giudicaree sar\u00f2 un testimone pronto contro gli *incantatori, contro gli ad\u00falteri,contro quelli che giurano il falso,contro quelli che derubano l&#39;operaio del suo salario,che opprimono la vedova e l&#39;orfano,che fanno torto allo straniero e non hanno timore di me\u00bb,dice il Signore degli eserciti."
                },
                "6": {
                    "verse_nr": "6",
                    "verse": "\u00abPoich\u00e9 io, il Signore, non cambio;perci\u00f2 voi, o figli di *Giacobbe, non siete ancora consumati."
                },
                "7": {
                    "verse_nr": "7",
                    "verse": "Offerte e benedizioni - Fin dal tempo dei vostri padri voi vi siete allontanati dai miei precettie non li avete osservati.Tornate a me e io torner\u00f2 a voi\u00bb,dice il Signore degli eserciti.\u00abMa voi dite: \u201cIn che modo dobbiamo tornare?\u201d"
                },
                "8": {
                    "verse_nr": "8",
                    "verse": "L&#39;uomo pu\u00f2 forse derubare Dio? Eppure voi mi derubate.Ma voi dite: \u201cIn che cosa ti abbiamo derubato?\u201dNelle decime e nelle offerte."
                },
                "9": {
                    "verse_nr": "9",
                    "verse": "Voi siete colpiti da maledizione,perch\u00e9 mi derubate, voi,tutta quanta la nazione!"
                },
                "10": {
                    "verse_nr": "10",
                    "verse": "Portate tutte le decime alla casa del tesoro,perch\u00e9 ci sia cibo nella mia casa;poi mettetemi alla prova in questo\u00bb,dice il Signore degli eserciti;\u00abvedrete se io non vi aprir\u00f2 le cateratte del cieloe non riverser\u00f2 su di voi tanta benedizione che non vi sia pi\u00fa dove riporla."
                },
                "11": {
                    "verse_nr": "11",
                    "verse": "Per amor vostro, io minaccer\u00f2 l&#39;insetto divoratoreaffinch\u00e9 esso non distrugga pi\u00fa i frutti del vostro suolo,la vostra vigna non sar\u00e0 pi\u00fa infruttuosa nella campagna\u00bb,dice il Signore degli eserciti."
                },
                "12": {
                    "verse_nr": "12",
                    "verse": "\u00abTutte le nazioni vi proclameranno beati,perch\u00e9 sarete un paese di delizie\u00bb,dice il Signore degli eserciti."
                },
                "13": {
                    "verse_nr": "13",
                    "verse": "Differenza fra il giusto e l&#39;empio nel giorno del Signore - \u00abVoi usate parole dure contro di me\u00bb, dice il Signore.\u00abEppure voi dite: \u201cChe abbiamo detto contro di te?\u201d"
                },
                "14": {
                    "verse_nr": "14",
                    "verse": "Voi avete detto: \u201c\u00c8 inutile servire Dio\u201d;e, \u201cche vantaggio c&#39;\u00e8 a osservare i suoi precetti,e a vestirsi a luttodavanti al Signore degli eserciti?"
                },
                "15": {
                    "verse_nr": "15",
                    "verse": "Ora, noi proclamiamo beati i superbi;s\u00ed, quelli che agiscono malvagiamente prosperano;s\u00ed, tentano Dio e restano impuniti!\u201d\u00bb"
                },
                "16": {
                    "verse_nr": "16",
                    "verse": "Allora quelli che hanno timore del Signore si sono parlati l&#39;un l&#39;altro;il Signore \u00e8 stato attento e ha ascoltato;un libro \u00e8 stato scritto davanti a lui,per conservare il ricordo di quelli che temono il Signoree rispettano il suo nome."
                },
                "17": {
                    "verse_nr": "17",
                    "verse": "\u00abEssi saranno, nel giorno che io preparo,saranno la mia propriet\u00e0 particolare\u00bb,dice il Signore degli eserciti;\u00abio li risparmier\u00f2,come uno risparmia il figlio che lo serve."
                },
                "18": {
                    "verse_nr": "18",
                    "verse": "Voi vedrete di nuovo la differenzache c&#39;\u00e8 fra il giusto e l&#39;empio,fra colui che serve Dioe colui che non lo serve."
                }
            }
        },
        "4": {
            "chapter_nr": "4",
            "chapter": {
                "1": {
                    "verse_nr": "1",
                    "verse": "\u00abPoich\u00e9, ecco, il giorno viene,ardente come una fornace;allora tutti i superbi e tutti i malfattori saranno come stoppia.Il giorno che viene li incendier\u00e0\u00bb,dice il Signore degli eserciti,\u00abe non lascer\u00e0 loro n\u00e9 radice n\u00e9 ramo."
                },
                "2": {
                    "verse_nr": "2",
                    "verse": "Ma per voi che avete timore del mio nomespunter\u00e0 il sole della giustizia,la guarigione sar\u00e0 nelle sue ali;voi uscirete e salterete, come vitelli fatti uscire dalla stalla."
                },
                "3": {
                    "verse_nr": "3",
                    "verse": "Voi calpesterete gli empi,che saranno come ceneresotto la pianta dei vostri piedi,nel giorno che io preparo\u00bb,dice il Signore degli eserciti."
                },
                "4": {
                    "verse_nr": "4",
                    "verse": "\u00abRicordatevi della legge di *Mos\u00e8, mio servo,al quale io diedi sull&#39;Oreb, leggi e precetti,per tutto *Israele."
                },
                "5": {
                    "verse_nr": "5",
                    "verse": "Ecco, io vi mando il *profeta *Elia,prima che venga il *giorno del Signore,giorno grande e terribile."
                },
                "6": {
                    "verse_nr": "6",
                    "verse": "Egli volger\u00e0 il cuore dei padri verso i figli,e il cuore dei figli verso i padri,perch\u00e9 io non debba venire a colpire il paese di sterminio\u00bb."
                }
            }
        }
    }
}