{
    "version": "APSD-CEB",
    "book_name": "1 John",
    "book_nr": "62",
    "book": {
        "1": {
            "chapter_nr": "1",
            "chapter": {
                "1": {
                    "verse_nr": "1",
                    "verse": "Ang Pulong nga Nagahatag ug Kinabuhi - Siya nga anaa nang daan sa wala pa mamugna ang bisan unsa nga butang nadunggan ug nakita namo, ug nakagunit pa gani kami kaniya. Siya mao ang Pulong sa Dios nga naghatag ug kinabuhi nga walay kataposan."
                },
                "2": {
                    "verse_nr": "2",
                    "verse": "Siya nga tinubdan sa kinabuhi nga walay kataposan gipadayag, ug nakita namo. Gipamatud-an ug gisangyaw namo siya kaninyo. Uban siya sa Amahan, apan karon nagpakita siya kanamo."
                },
                "3": {
                    "verse_nr": "3",
                    "verse": "Gisugilon namo kaninyo ang among nakita ug nadungog aron aduna kitay panag-ambitay sa usag usa, ug sa Dios nga Amahan ug kang Jesu-Cristo nga iyang Anak."
                },
                "4": {
                    "verse_nr": "4",
                    "verse": "Busa gisulat namo kini kaninyo aron mahingpit ang atong kalipay."
                },
                "5": {
                    "verse_nr": "5",
                    "verse": "Ang Pagkinabuhi Diha sa Kahayag - Mao kini ang among nadunggan nga gitudlo ni Jesu-Cristo ug mao usab kini ang among gisangyaw kaninyo, nga ang Dios kahayag ug wala gayoy kangitngit diha kaniya."
                },
                "6": {
                    "verse_nr": "6",
                    "verse": "Busa kon moingon kita nga nakighiusa kita sa Dios, apan nagakinabuhi kita diha sa kangitngit, namakak kita, tungod kay wala kita nagakinabuhi sumala sa kamatuoran."
                },
                "7": {
                    "verse_nr": "7",
                    "verse": "Apan kon nagakinabuhi kita diha sa kahayag, ingon nga ang Dios kahayag, may panaghiusa kita, ug ang dugo ni Jesus nga Anak sa Dios nagahinlo kanato sa tanan natong mga kasal-anan."
                },
                "8": {
                    "verse_nr": "8",
                    "verse": "Kon moingon kita nga wala kitay sala, gilimbongan lang nato ang atong kaugalingon, ug wala kanato ang kamatuoran."
                },
                "9": {
                    "verse_nr": "9",
                    "verse": "Apan kon isugid nato sa Dios ang atong mga sala, kasaligan siya nga mopasaylo kanato sa atong mga sala ug sa paghinlo kanato sa tanan natong mga kalapasan. Buhaton niya kini tungod kay matarong siya."
                },
                "10": {
                    "verse_nr": "10",
                    "verse": "Kon moingon kita nga wala kita makasala, gihimo natong bakakon ang Dios, ug wala kanato ang iyang pulong."
                }
            }
        },
        "2": {
            "chapter_nr": "2",
            "chapter": {
                "1": {
                    "verse_nr": "1",
                    "verse": "Gisulatan ko kamo nga akong mga anak, aron dili kamo magpakasala. Apan kon may makasala, may magpakilooy sa Amahan alang kanato, ug siya mao si Jesu-Cristo nga mao ang matarong."
                },
                "2": {
                    "verse_nr": "2",
                    "verse": "Ang iyang kaugalingon mismo ang iyang gihalad isip bayad alang sa atong mga sala aron mapasaylo kita, ug dili lang alang kanato kondili alang usab sa mga sala sa mga tawo sa tibuok nga kalibotan."
                },
                "3": {
                    "verse_nr": "3",
                    "verse": "Masiguro gayod nato nga nakaila kita sa Dios kon tumanon nato ang iyang mga sugo."
                },
                "4": {
                    "verse_nr": "4",
                    "verse": "Ang nagaingon nga nakaila siya sa Dios apan wala magtuman sa iyang mga sugo bakakon, ug wala kaniya ang kamatuoran."
                },
                "5": {
                    "verse_nr": "5",
                    "verse": "Apan ang tawo nga nagatuman sa pulong sa Dios, tinuod nga nahingpit diha kaniya ang gugma sa Dios. Ug sa ingon niini masiguro nato nga kita anaa gayod sa Dios:"
                },
                "6": {
                    "verse_nr": "6",
                    "verse": "ang nagaingon nga siya anaa sa Dios kinahanglan nga magkinabuhi sama kang Jesu-Cristo."
                },
                "7": {
                    "verse_nr": "7",
                    "verse": "Mga hinigugma, dili bag-o nga sugo kining gisulat ko kaninyo nga maghigugmaay kamo. Daan na kini nga sugo nga nadungog ninyo ug nahibaloan sukad nga kamo mituo."
                },
                "8": {
                    "verse_nr": "8",
                    "verse": "Apan makaingon usab kita nga kini nga sugo bag-o, kay ang kangitngit nagakahanaw na ug ang tinuod nga kahayag nagasidlak na, ug ang kamatuoran mahitungod niini makita na diha sa kinabuhi ni Cristo ug diha usab kaninyo."
                },
                "9": {
                    "verse_nr": "9",
                    "verse": "Ang nagaingon nga siya anaa sa kahayag, apan wala nagahigugma sa iyang igsoon, kana nga tawo anaa pa sa kangitngit."
                },
                "10": {
                    "verse_nr": "10",
                    "verse": "Ang tawo nga nagahigugma sa iyang igsoon nagapadayon sa pagkinabuhi diha sa kahayag, ug walay bisan unsa diha sa iyang kinabuhi nga mahimong hinungdan sa pagpakasala sa uban."
                },
                "11": {
                    "verse_nr": "11",
                    "verse": "Apan ang tawo nga wala nagahigugma sa iyang igsoon anaa sa kangitngit. Nagalakaw siya sa kangitngit ug wala masayod kon asa siya padulong, kay gibutaan siya sa kangitngit."
                },
                "12": {
                    "verse_nr": "12",
                    "verse": "Nagasulat ako kaninyo, mga anak, kay gipasaylo na kamo sa Dios sa inyong mga sala tungod kang Cristo."
                },
                "13": {
                    "verse_nr": "13",
                    "verse": "Nagasulat ako kaninyo, mga amahan, tungod kay nailhan na ninyo siya, nga anaa nang daan sukad pa sa sinugdanan. Nagasulat usab ako kaninyo, mga batan-on nga lalaki, kay napildi na ninyo si Satanas. Nagasulat ako kaninyo, mga anak, kay nailhan na ninyo ang Dios nga Amahan."
                },
                "14": {
                    "verse_nr": "14",
                    "verse": "Nagasulat ako kaninyo, mga amahan, tungod kay nailhan na ninyo siya, nga anaa nang daan sukad pa sa sinugdanan. Nagasulat usab ako kaninyo, mga batan-on nga lalaki, kay lig-on kamo sa inyong pagtuo. Ginatuman ninyo ang pulong sa Dios ug napildi na ninyo si Satanas."
                },
                "15": {
                    "verse_nr": "15",
                    "verse": "Ayaw ninyo higugmaa ang kalibotan o ang kalibotanon nga mga butang. Kon ginahigugma ninyo ang kalibotan, wala kamo nagahigugma sa Amahan."
                },
                "16": {
                    "verse_nr": "16",
                    "verse": "Kay ang tanan nga kalibotanon, nga ginapangandoy sa tawhanong pagbati, nga ginakaibgan sa mga mata, ug ginapasigarbo sa mga tawo, dili gikan sa Amahan kondili iya sa kalibotan."
                },
                "17": {
                    "verse_nr": "17",
                    "verse": "Ang kalibotan ug ang tanan nga mga butang niini nga ginatinguha sa mga tawo mahanaw, apan ang nagatuman sa kabubut-on sa Dios nagakinabuhi sa walay kataposan."
                },
                "18": {
                    "verse_nr": "18",
                    "verse": "Ang Anti-Cristo - Mga anak, nakadungog na kamo nga moabot ang anti-Cristo. Ug kon moabot na siya, haduol na kita sa kataposan nga mga adlaw. Bisan gani karon daghan na ang mga anti-Cristo, busa nahibaloan nato nga haduol na kita sa kataposan nga mga adlaw."
                },
                "19": {
                    "verse_nr": "19",
                    "verse": "Bisan uban sila kanato kaniadto, dili nato sila tinuod nga mga kauban. Kay kon tinuod pa nato silang kauban, wala unta sila mobiya kanato. Apan mibiya sila, ug kini nagapaila nga dili nato sila tinuod nga mga kauban."
                },
                "20": {
                    "verse_nr": "20",
                    "verse": "Apan kamo gihatagan ni Cristo sa Espiritu Santo. Busa nasayod kamong tanan sa kamatuoran."
                },
                "21": {
                    "verse_nr": "21",
                    "verse": "Nagasulat ako kaninyo, dili tungod kay wala kamo masayod sa kamatuoran, kondili tungod kay kamo nahibalo na, ug nahibaloan usab ninyo nga walay bakak nga naggikan sa kamatuoran."
                },
                "22": {
                    "verse_nr": "22",
                    "verse": "Kinsa ang bakakon? Siya nga nagaingon nga si Jesus dili mao ang Cristo. Mao kini ang anti-Cristo, ang naglimod sa Amahan ug sa Anak."
                },
                "23": {
                    "verse_nr": "23",
                    "verse": "Ang naglimod sa Anak wala diha kaniya ang Amahan, apan ang nagaila sa Anak anaa diha kaniya ang Amahan."
                },
                "24": {
                    "verse_nr": "24",
                    "verse": "Busa ayaw gayod ninyo kalimti ang mga gitudlo kaninyo sukad nga kamo mituo. Kon ginatuman ninyo kini, magapabilin kamo sa panaghiusa diha sa Anak ug sa Amahan."
                },
                "25": {
                    "verse_nr": "25",
                    "verse": "Ug ang gisaad ni Cristo kanato mao ang kinabuhi nga walay kataposan."
                },
                "26": {
                    "verse_nr": "26",
                    "verse": "Nagasulat ako kaninyo bahin niini tungod sa mga tawo nga gustong magpahisalaag kaninyo."
                },
                "27": {
                    "verse_nr": "27",
                    "verse": "Apan kamo, ang Espiritu nga nadawat ninyo gikan kang Cristo nagapabilin kaninyo, busa dili na kinahanglan nga tudloan pa kamo sa uban nga mga tawo. Kay ang iyang Espiritu mao ang nagatudlo kaninyo sa tanan nga mga butang, ug ang iyang ginatudlo tinuod ug dili bakak. Busa, sama sa iyang giingon kaninyo, pabilin kamo kang Cristo."
                },
                "28": {
                    "verse_nr": "28",
                    "verse": "Mga anak, pabilin kamo kaniya, aron dili kita mahadlok o magtago tungod sa kaulaw kon moabot na siya."
                },
                "29": {
                    "verse_nr": "29",
                    "verse": "Nahibaloan ninyo nga si Cristo matarong, busa makasiguro gayod kamo nga ang tanan nga mga tawo nga nagabuhat ug matarong mga anak sa Dios."
                }
            }
        },
        "3": {
            "chapter_nr": "3",
            "chapter": {
                "1": {
                    "verse_nr": "1",
                    "verse": "Mga Anak sa Dios - Hunahunaa ninyo kon unsa kadako ang paghigugma sa Amahan kanato! Gitawag niya kita nga iyang mga anak, ug tinuod gayod kini. Wala makaila kanato ang mga tawo dinhi sa kalibotan tungod kay wala man sila makaila sa Dios."
                },
                "2": {
                    "verse_nr": "2",
                    "verse": "Mga hinigugma, karon mga anak na kita sa Dios. Apan wala pa mapadayag kon unsa kita sa kaulahian. Nahibaloan nato nga kon moabot na si Cristo mahisama kita kaniya, kay makita gayod nato siya sa iyang pagka-siya."
                },
                "3": {
                    "verse_nr": "3",
                    "verse": "Busa ang matag usa nga may paglaom nga sama niini diha kang Cristo kinahanglan nga hinlo ug kinabuhi ingon nga si Cristo hinlo."
                },
                "4": {
                    "verse_nr": "4",
                    "verse": "Si bisan kinsa nga nagapakasala nagalapas sa mga sugo sa Dios, kay ang sala mao ang pagkamalapason sa mga sugo sa Dios."
                },
                "5": {
                    "verse_nr": "5",
                    "verse": "Nahibaloan ninyo nga si Cristo nga wala gayoy sala mianhi dinhi sa kalibotan sa pagpapas sa atong mga sala."
                },
                "6": {
                    "verse_nr": "6",
                    "verse": "Busa ang mga tawo nga nagakinabuhi diha kang Cristo dili magpadayon sa pagpakasala. Apan si bisan kinsa nga magpadayon sa pagpakasala wala gayod makakita o makaila kaniya."
                },
                "7": {
                    "verse_nr": "7",
                    "verse": "Mga anak, ayaw kamo pagtugot nga pahisalaagon kamo ni bisan kinsa! Ang tawo nga nagabuhat ug matarong nagpaila nga siya matarong, ingon nga si Cristo matarong."
                },
                "8": {
                    "verse_nr": "8",
                    "verse": "Apan ang tawo nga nagapadayon sa pagpakasala, iya ni Satanas, kay si Satanas nagpakasala sukad pa sa sinugdanan. Tungod niana, ang Anak sa Dios mianhi dinhi aron sa pagguba sa binuhatan ni Satanas."
                },
                "9": {
                    "verse_nr": "9",
                    "verse": "Ang tawo nga nahimong anak sa Dios dili magpadayon sa pagpakasala, kay ang kinaiya sa Dios anaa na kaniya. Ug tungod kay ang Dios mao ang iyang Amahan, dili na siya mahimong magpadayon sa pagpakasala."
                },
                "10": {
                    "verse_nr": "10",
                    "verse": "Sa ingon niini maila kon kinsa gayod ang mga anak sa Dios ug kon kinsa ang mga anak ni Satanas: ang tawo nga wala nagabuhat ug matarong o wala nagahigugma sa iyang igsoon dili anak sa Dios."
                },
                "11": {
                    "verse_nr": "11",
                    "verse": "Maghinigugmaay Kita - Mao kini ang pagtulon-an nga inyong nadunggan sukad nga kamo mituo: kinahanglan gayod nga maghinigugmaay kita."
                },
                "12": {
                    "verse_nr": "12",
                    "verse": "Dili kita angay nga mahisama kang Cain. Sakop siya ni Satanas, busa gipatay niya ang iyang igsoon. Apan nganong gipatay man gayod niya ang iyang igsoon? Tungod kay ang iyang mga binuhatan daotan \u2014 ug sa iyang igsoon matarong."
                },
                "13": {
                    "verse_nr": "13",
                    "verse": "Busa mga igsoon ko kang Cristo, ayaw katingala kon dumtan kamo sa mga tawo sa kalibotan."
                },
                "14": {
                    "verse_nr": "14",
                    "verse": "Nahibaloan nato nga nakalatas na kita sa kamatayon ngadto sa kinabuhi tungod kay nahigugma kita sa atong mga igsoon. Ang wala mahigugma anaa pa sa kamatayon."
                },
                "15": {
                    "verse_nr": "15",
                    "verse": "Ang tawo nga wala mahigugma sa iyang igsoon mamumuno. Ug nahibaloan ninyo nga walay mamumuno nga makaangkon ug kinabuhi nga walay kataposan."
                },
                "16": {
                    "verse_nr": "16",
                    "verse": "Nagpakamatay si Cristo alang kanato ug pinaagi niini nahibaloan nato ang tinuod nga paghigugma. Busa kita angay usab nga magpakamatay alang sa atong mga igsoon."
                },
                "17": {
                    "verse_nr": "17",
                    "verse": "Kon hamugaway ang atong kinabuhi apan wala kita motabang bisan nakita nato nga naglisod ang atong igsoon, makaingon ba kita nga ang gugma sa Dios ania kanato?"
                },
                "18": {
                    "verse_nr": "18",
                    "verse": "Mga anak, dili lang kita magsulti nga nahigugma kita, kondili ipakita nato sa atong mga binuhatan nga tinuod ang atong paghigugma."
                },
                "19": {
                    "verse_nr": "19",
                    "verse": "Sa ingon niini, mahibaloan nato nga anaa kita sa kamatuoran, ug takos na kita nga moatubang sa Dios nga walay kahadlok"
                },
                "20": {
                    "verse_nr": "20",
                    "verse": "bisan kon sa atong hunahuna angayan gayod unta kita nga silotan. Kay nahibaloan nato nga ang Dios labaw pa sa atong hunahuna, ug nahibaloan niya ang tanan."
                },
                "21": {
                    "verse_nr": "21",
                    "verse": "Mga hinigugma, kon wala na kita hasola sa atong konsensya, wala kitay kahadlok nga moduol sa Dios."
                },
                "22": {
                    "verse_nr": "22",
                    "verse": "Kay bisan unsa ang atong pangayoon kaniya madawat nato, kay ginatuman man nato ang iyang mga sugo ug ginabuhat ang iyang gusto."
                },
                "23": {
                    "verse_nr": "23",
                    "verse": "Mao kini ang iyang sugo: motuo kita sa iyang Anak nga si Jesu-Cristo, ug maghigugmaay kita sumala sa iyang sugo kanato."
                },
                "24": {
                    "verse_nr": "24",
                    "verse": "Ang tawo nga nagatuman sa mga sugo sa Dios nagakinabuhi diha sa Dios, ug ang Dios nagakinabuhi diha kaniya. Nahibaloan nato nga ang Dios nagakinabuhi diha kanato pinaagi sa iyang Espiritu nga iyang gihatag kanato."
                }
            }
        },
        "4": {
            "chapter_nr": "4",
            "chapter": {
                "1": {
                    "verse_nr": "1",
                    "verse": "Ang Espiritu sa Dios ug ang Espiritu sa Anti-Cristo - Mga hinigugma, ayaw kamo pagtuo dayon sa mga tawo nga moingon nga ang ilang ginatudlo gikan sa Espiritu Santo, kondili susiha una ninyo kon tinuod ba nga ang ilang ginatudlo gikan gayod sa Dios. Kay daghan nang mga mini nga propeta ang midagsang sa kalibotan."
                },
                "2": {
                    "verse_nr": "2",
                    "verse": "Ang pamaagi nga mahibaloan ninyo kon anaa gayod kanila ang Espiritu sa Dios mao kini: kon moila sila nga si Jesu-Cristo nagpakatawo, ang Dios mao ang nagsugo kanila."
                },
                "3": {
                    "verse_nr": "3",
                    "verse": "Apan ang wala moila nga si Jesus nagpakatawo, ang nagsugo kaniya dili mao ang Dios kondili ang espiritu sa anti-Cristo. (Nadunggan na ninyo nga moabot kini ug ania na kini sa kalibotan.)"
                },
                "4": {
                    "verse_nr": "4",
                    "verse": "Apan mga anak ko, kamo iya sa Dios, ug gidaog na ninyo ang dili tinuod nga mga propeta; kay ang Espiritu Santo nga anaa kaninyo mas gamhanan pa kay kang Satanas nga nagagahom sa mga tawo sa kalibotan."
                },
                "5": {
                    "verse_nr": "5",
                    "verse": "Kining mga mini nga propeta iya sa kalibotan, busa ang mga butang nga iya sa kalibotan mao ang ilang gisugilon, ug ang mga tawo sa kalibotan naminaw kanila."
                },
                "6": {
                    "verse_nr": "6",
                    "verse": "Apan kita mga anak sa Dios. Ang mga nagaila sa Dios nagapatalinghog sa atong gitudlo, apan ang wala moila sa Dios dili magpatalinghog kanato. Busa sa ingon niini nga pamaagi mahibaloan nato kon kinsa ang nagtudlo sa kamatuoran nga gikan sa Espiritu sa Dios ug kon kinsa ang nagtudlo sa bakak nga gikan sa lain nga espiritu."
                },
                "7": {
                    "verse_nr": "7",
                    "verse": "Ang Dios Gugma - Mga hinigugma, maghigugmaay kita kay ang gugma naggikan sa Dios. Ang nahigugma, anak sa Dios ug nakaila sa Dios."
                },
                "8": {
                    "verse_nr": "8",
                    "verse": "Ang wala mahigugma, wala makaila sa Dios, kay ang Dios gugma man."
                },
                "9": {
                    "verse_nr": "9",
                    "verse": "Gipakita sa Dios ang iyang gugma kanato pinaagi sa iyang pagpadala sa iyang bugtong nga Anak dinhi sa kalibotan, aron nga pinaagi kaniya makaangkon kita sa kinabuhi nga walay kataposan."
                },
                "10": {
                    "verse_nr": "10",
                    "verse": "Mao kini ang tinuod nga paghigugma, dili tungod kay kita ang nahigugma sa Dios, kondili tungod kay ang Dios mao ang nahigugma kanato, busa gipadala niya ang iyang Anak aron pinaagi sa paghalad kaniya mapasaylo ang atong mga sala."
                },
                "11": {
                    "verse_nr": "11",
                    "verse": "Mga hinigugma, kon mao kini ang paghigugma sa Dios kanato, kinahanglan usab nga kita maghigugmaay."
                },
                "12": {
                    "verse_nr": "12",
                    "verse": "Wala pa gayoy tawo nga nakakita sa Dios. Apan kon maghigugmaay kita, ang Dios magpabilin dinhi kanato ug ang iyang gugma mahingpit dinhi kanato."
                },
                "13": {
                    "verse_nr": "13",
                    "verse": "Nasiguro nato nga anaa kita sa Dios ug ang Dios ania kanato, kay gihatag niya kanato ang iyang Espiritu."
                },
                "14": {
                    "verse_nr": "14",
                    "verse": "Nakita namo ug nanugilon kami nga gipadala sa Amahan ang iyang Anak isip Manluluwas sa kalibotan."
                },
                "15": {
                    "verse_nr": "15",
                    "verse": "Si bisan kinsa nga moingon nga si Jesus Anak sa Dios, ang Dios anaa kaniya, ug siya anaa sa Dios."
                },
                "16": {
                    "verse_nr": "16",
                    "verse": "Nahibalo na kita ug nagtuo nga gihigugma kita sa Dios. Ang Dios gugma. Ug ang nagakinabuhi nga may paghigugma, anaa sa Dios, ug ang Dios anaa kaniya."
                },
                "17": {
                    "verse_nr": "17",
                    "verse": "Kini nga gugma gihingpit dinhi kanato aron dili na kita mahadlok sa adlaw nga ang Dios maghukom, kay ang atong pagkinabuhi dinhi sa kalibotan sama sa pagkinabuhi ni Cristo."
                },
                "18": {
                    "verse_nr": "18",
                    "verse": "Walay kahadlok diha sa gugma. Ang hingpit nga gugma nagakuha sa tanan nga kahadlok. Ang tawo nahadlok tungod kay may gipaabot siya nga silot, kay wala pa gayod niya mahibaloi ang paghigugma sa Dios kaniya."
                },
                "19": {
                    "verse_nr": "19",
                    "verse": "Nahigugma kita sa Dios tungod kay siya mao ang una nga nahigugma kanato."
                },
                "20": {
                    "verse_nr": "20",
                    "verse": "Ang moingon nga nahigugma siya sa Dios, apan wala mahigugma sa iyang igsoon, kanang tawhana bakakon. Kay kon ang iyang igsoon mismo nga iyang makita wala gani niya higugmaa, unsaon niya paghigugma sa Dios nga wala niya makita?"
                },
                "21": {
                    "verse_nr": "21",
                    "verse": "Busa mao kini ang sugo nga gihatag ni Cristo kanato: ang tawo nga nahigugma sa Dios kinahanglan usab nga mahigugma sa iyang igsoon."
                }
            }
        },
        "5": {
            "chapter_nr": "5",
            "chapter": {
                "1": {
                    "verse_nr": "1",
                    "verse": "Ang Pagtuo, Pagtuman, ug ang Pagdaog - Si bisan kinsa nga nagatuo nga si Jesus mao ang Cristo, anak sa Dios. Ug si bisan kinsa nga nagahigugma sa ginikanan nagahigugma usab sa iyang anak."
                },
                "2": {
                    "verse_nr": "2",
                    "verse": "Ug nahibaloan nato nga ginahigugma nato ang mga anak sa Dios kon nahigugma kita sa Dios ug nagatuman sa iyang mga sugo."
                },
                "3": {
                    "verse_nr": "3",
                    "verse": "Kay nahigugma kita sa Dios kon nagatuman kita sa iyang mga sugo. Ug ang iyang mga sugo dili lisod tumanon."
                },
                "4": {
                    "verse_nr": "4",
                    "verse": "Kay gipildi sa matag anak sa Dios ang kalibotan. Gipildi niya kini pinaagi sa pagtuo."
                },
                "5": {
                    "verse_nr": "5",
                    "verse": "Busa kinsa ba ang makapildi sa kalibotan? Ang tawo nga nagatuo nga si Jesus mao ang Anak sa Dios."
                },
                "6": {
                    "verse_nr": "6",
                    "verse": "Ang mianhi nga si Jesu-Cristo gipamatud-an nga mao gayod ang Anak sa Dios pinaagi sa tubig sa dihang siya nagpabautismo ug pinaagi usab sa iyang dugo nga giula. Kini dili lang pinaagi sa tubig kondili pinaagi sa tubig ug dugo. Ug kini ginapamatud-an usab sa Espiritu Santo kanato, ug nahibaloan nato nga tinuod ang iyang ginasulti kay siya ang kamatuoran."
                },
                "7": {
                    "verse_nr": "7",
                    "verse": "Busa may tulo nga nagapamatuod bahin kang Jesus:"
                },
                "8": {
                    "verse_nr": "8",
                    "verse": "ang Espiritu Santo, ang tubig sa iyang pagpabautismo, ug ang iyang dugo sa iyang kamatayon. Ug kining tulo nagakahiusa."
                },
                "9": {
                    "verse_nr": "9",
                    "verse": "Nagatuo kita sa pagpamatuod sa mga tawo. Apan mas masaligan pa gayod ang pagpamatuod sa Dios, ug siya gayod ang nagpamatuod nga si Jesus iyang Anak."
                },
                "10": {
                    "verse_nr": "10",
                    "verse": "Ang nagatuo sa Anak sa Dios nagatuo sa pagpamatuod sa Dios. Apan ang wala motuo sa pagpamatuod sa Dios, gihimo niya ang Dios nga bakakon, kay wala siya motuo sa pagpamatuod sa Dios bahin sa iyang Anak."
                },
                "11": {
                    "verse_nr": "11",
                    "verse": "Ug mao kini ang pagpamatuod sa Dios: nga kita gihatagan niya ug kinabuhi nga walay kataposan, ug kining kinabuhia anaa sa iyang Anak."
                },
                "12": {
                    "verse_nr": "12",
                    "verse": "Si bisan kinsa nga anaa diha kaniya ang Anak, may kinabuhi nga walay kataposan. Apan kon wala diha kaniya ang Anak sa Dios wala siyay kinabuhi nga walay kataposan."
                },
                "13": {
                    "verse_nr": "13",
                    "verse": "Ang Kinabuhi nga Walay Kataposan - Gisulat ko kini kaninyo, kamo nga nagatuo sa Anak sa Dios, aron mahibaloan ninyo nga may kinabuhi kamo nga walay kataposan."
                },
                "14": {
                    "verse_nr": "14",
                    "verse": "Ug makasalig kita nga makaduol sa Dios kay nagatuo kita nga paminawon niya ang bisan unsa nga atong iampo sumala sa iyang kabubut-on."
                },
                "15": {
                    "verse_nr": "15",
                    "verse": "Ug kon nahibaloan nato nga nagapaminaw ang Dios kanato kon mangayo kita kaniya, nahibaloan usab nato nga madawat na nato ang bisan unsa nga atong gipangayo kaniya."
                },
                "16": {
                    "verse_nr": "16",
                    "verse": "Kon makita ninyo ang inyong igsoon kang Cristo nga nagabuhat ug sala nga dili mosangpot sa kamatayon, iampo ninyo siya ug ang Dios mohatag kaniya ug kinabuhi. Kini alang lang sa mga nakabuhat ug sala nga dili ikamatay. May sala nga mosangpot gayod sa kamatayon. Wala ako mag-ingon nga iampo ninyo ang tawo nga nakabuhat niini nga sala."
                },
                "17": {
                    "verse_nr": "17",
                    "verse": "Ang tanan nga buhat nga dili matarong sala. Apan adunay sala nga dili mosangpot sa kamatayon."
                },
                "18": {
                    "verse_nr": "18",
                    "verse": "Nahibaloan nato nga walay tawo nga nahimong anak sa Dios nga magpadayon sa pagpakasala, kondili ampingan siya sa Anak sa Dios, busa dili siya matandog ni Satanas."
                },
                "19": {
                    "verse_nr": "19",
                    "verse": "Kining tibuok nga kalibotan anaa sa ilalom sa gahom ni Satanas, apan nahibaloan nato nga kita iya na sa Dios."
                },
                "20": {
                    "verse_nr": "20",
                    "verse": "Ug nahibaloan usab nato nga mianhi dinhi sa kalibotan ang Anak sa Dios, ug gihatagan niya kita ug panabot aron maila nato ang tinuod nga Dios. Ug anaa kita diha sa tinuod nga Dios, sa iyang Anak nga si Jesu-Cristo. Siya mao ang tinuod nga Dios ug ang kinabuhi nga walay kataposan."
                },
                "21": {
                    "verse_nr": "21",
                    "verse": "Busa mga anak, likayi ninyo ang mga dios-dios."
                }
            }
        }
    }
}