{
    "version": "korean",
    "book_name": "2 John",
    "book_nr": "63",
    "book": {
        "1": {
            "chapter_nr": 1,
            "chapter": {
                "1": {
                    "verse_nr": 1,
                    "verse": "\uc7a5\ub85c\ub294 \ud0dd\ud558\uc2ec\uc744 \uc785\uc740 \ubd80\ub140\uc640 \uadf8\uc758 \uc790\ub140\uc5d0\uac8c \ud3b8\uc9c0\ud558\ub178\ub2c8 \ub0b4\uac00 \ucc38\uc73c\ub85c \uc0ac\ub791\ud558\ub294 \uc790\uc694 \ub098\ubfd0 \uc544\ub2c8\ub77c \uc9c4\ub9ac\ub97c \uc544\ub294 \ubaa8\ub4e0 \uc790\ub3c4 \uadf8\ub9ac\ud558\ub294 \uac83\uc740\n"
                },
                "2": {
                    "verse_nr": 2,
                    "verse": "\uc6b0\ub9ac \uc548\uc5d0 \uac70\ud558\uc5ec \uc601\uc6d0\ud788 \uc6b0\ub9ac\uc640 \ud568\uaed8 \ud560 \uc9c4\ub9ac\ub97c \uc778\ud568\uc774\ub85c\ub2e4\n"
                },
                "3": {
                    "verse_nr": 3,
                    "verse": "\uc740\ud61c\uc640 \uae0d\ud73c\uacfc \ud3c9\uac15\uc774 \ud558\ub098\ub2d8 \uc544\ubc84\uc9c0\uc640 \uc544\ubc84\uc9c0\uc758 \uc544\ub4e4 \uc608\uc218 \uadf8\ub9ac\uc2a4\ub3c4\uaed8\ub85c\ubd80\ud130 \uc9c4\ub9ac\uc640 \uc0ac\ub791 \uac00\uc6b4\ub370\uc11c \uc6b0\ub9ac\uc640 \ud568\uaed8 \uc788\uc73c\ub9ac\ub77c\n"
                },
                "4": {
                    "verse_nr": 4,
                    "verse": "\ub108\uc758 \uc790\ub140 \uc911\uc5d0 \uc6b0\ub9ac\uac00 \uc544\ubc84\uc9c0\uaed8 \ubc1b\uc740 \uacc4\uba85\ub300\ub85c \uc9c4\ub9ac\uc5d0 \ud589\ud558\ub294 \uc790\ub97c \ub0b4\uac00 \ubcf4\ub2c8 \uc2ec\ud788 \uae30\uc058\ub3c4\ub2e4\n"
                },
                "5": {
                    "verse_nr": 5,
                    "verse": "\ubd80\ub140\uc5ec ! \ub0b4\uac00 \uc774\uc81c \ub124\uac8c \uad6c\ud558\ub178\ub2c8 \uc11c\ub85c \uc0ac\ub791\ud558\uc790 \uc774\ub294 \uc0c8 \uacc4\uba85\uac19\uc774 \ub124\uac8c \uc4f0\ub294 \uac83\uc774 \uc544\ub2c8\uc694 \uc624\uc9c1 \ucc98\uc74c\ubd80\ud130 \uc6b0\ub9ac\uac00 \uac00\uc9c4 \uac83\uc774\ub77c\n"
                },
                "6": {
                    "verse_nr": 6,
                    "verse": "\ub610 \uc0ac\ub791\uc740 \uc774\uac83\uc774\ub2c8 \uc6b0\ub9ac\uac00 \uadf8 \uacc4\uba85\uc744 \uc887\uc544 \ud589\ud558\ub294 \uac83\uc774\uc694 \uacc4\uba85\uc740 \uc774\uac83\uc774\ub2c8 \ub108\ud76c\uac00 \ucc98\uc74c\ubd80\ud130 \ub4e4\uc740 \ubc14\uc640 \uac19\uc774 \uadf8 \uac00\uc6b4\ub370\uc11c \ud589\ud558\ub77c \ud558\uc2ec\uc774\ub77c\n"
                },
                "7": {
                    "verse_nr": 7,
                    "verse": "\ubbf8\ud639\ud558\ub294 \uc790\uac00 \ub9ce\uc774 \uc138\uc0c1\uc5d0 \ub098\uc654\ub098\ub2c8 \uc774\ub294 \uc608\uc218 \uadf8\ub9ac\uc2a4\ub3c4\uaed8\uc11c \uc721\uccb4\ub85c \uc784\ud558\uc2ec\uc744 \ubd80\uc778\ud558\ub294 \uc790\ub77c \uc774\uac83\uc774 \ubbf8\ud639\ud558\ub294 \uc790\uc694 \uc801\uadf8\ub9ac\uc2a4\ub3c4\ub2c8\n"
                },
                "8": {
                    "verse_nr": 8,
                    "verse": "\ub108\ud76c\ub294 \ub108\ud76c\ub97c \uc0bc\uac00 \uc6b0\ub9ac\uc758 \uc77c\ud55c \uac83\uc744 \uc783\uc9c0 \ub9d0\uace0 \uc624\uc9c1 \uc628\uc804\ud55c \uc0c1\uc744 \uc5bb\uc73c\ub77c\n"
                },
                "9": {
                    "verse_nr": 9,
                    "verse": "\uc9c0\ub0b4\uccd0 \uadf8\ub9ac\uc2a4\ub3c4 \uad50\ud6c8 \uc548\uc5d0 \uac70\ud558\uc9c0 \uc544\ub2c8\ud558\ub294 \uc790\ub9c8\ub2e4 \ud558\ub098\ub2d8\uc744 \ubaa8\uc2dc\uc9c0 \ubabb\ud558\ub418 \uad50\ud6c8 \uc548\uc5d0 \uac70\ud558\ub294 \uc774 \uc0ac\ub78c\uc774 \uc544\ubc84\uc9c0\uc640 \uc544\ub4e4\uc744 \ubaa8\uc2dc\ub290\ub2c8\ub77c\n"
                },
                "10": {
                    "verse_nr": 10,
                    "verse": "\ub204\uad6c\ub4e0\uc9c0 \uc774 \uad50\ud6c8\uc744 \uac00\uc9c0\uc9c0 \uc54a\uace0 \ub108\ud76c\uc5d0\uac8c \ub098\uc544\uac00\uac70\ub4e0 \uadf8\ub97c \uc9d1\uc5d0 \ub4e4\uc774\uc9c0\ub3c4 \ub9d0\uace0 \uc778\uc0ac\ub3c4 \ub9d0\ub77c\n"
                },
                "11": {
                    "verse_nr": 11,
                    "verse": "\uadf8\uc5d0\uac8c \uc778\uc0ac\ud558\ub294 \uc790\ub294 \uadf8 \uc545\ud55c \uc77c\uc5d0 \ucc38\uc608\ud558\ub294 \uc790\uc784\uc774\ub2c8\ub77c\n"
                },
                "12": {
                    "verse_nr": 12,
                    "verse": "\ub0b4\uac00 \ub108\ud76c\uc5d0\uac8c \uc4f8 \uac83\uc774 \ub9ce\uc73c\ub098 \uc885\uc774\uc640 \uba39\uc73c\ub85c \uc4f0\uae30\ub97c \uc6d0\uce58 \uc544\ub2c8\ud558\uace0 \uc624\ud788\ub824 \ub108\ud76c\uc5d0\uac8c \uac00\uc11c \uba74\ub300\ud558\uc5ec \ub9d0\ud558\ub824 \ud558\ub2c8 \uc774\ub294 \ub108\ud76c \uae30\uc068\uc744 \ucda9\ub9cc\ucf00 \ud558\ub824 \ud568\uc774\ub77c\n"
                },
                "13": {
                    "verse_nr": 13,
                    "verse": "\ud0dd\ud558\uc2ec\uc744 \uc785\uc740 \ub124 \uc790\ub9e4\uc758 \uc790\ub140\uac00 \ub124\uac8c \ubb38\uc548\ud558\ub290\ub2c8\ub77c\n"
                }
            }
        }
    }
}