{
    "version": "korean",
    "book_name": "Philippians",
    "book_nr": "50",
    "book": {
        "1": {
            "chapter_nr": 1,
            "chapter": {
                "1": {
                    "verse_nr": 1,
                    "verse": "\uadf8\ub9ac\uc2a4\ub3c4 \uc608\uc218\uc758 \uc885 \ubc14\uc6b8\uacfc \ub514\ubaa8\ub370\ub294 \uadf8\ub9ac\uc2a4\ub3c4 \uc608\uc218 \uc548\uc5d0\uc11c \ube4c\ub9bd\ubcf4\uc5d0 \uc0ac\ub294 \ubaa8\ub4e0 \uc131\ub3c4\uc640 \ub610\ub294 \uac10\ub3c5\ub4e4\uacfc \uc9d1\uc0ac\ub4e4\uc5d0\uac8c \ud3b8\uc9c0\ud558\ub178\ub2c8\n"
                },
                "2": {
                    "verse_nr": 2,
                    "verse": "\ud558\ub098\ub2d8 \uc6b0\ub9ac \uc544\ubc84\uc9c0\uc640 \uc8fc \uc608\uc218 \uadf8\ub9ac\uc2a4\ub3c4\uc5d0\uac8c\ub85c\uc11c \uc740\ud61c\uc640 \ud3c9\uac15\uc774 \ub108\ud76c\uc5d0\uac8c \uc788\uc744\uc9c0\uc5b4\ub2e4\n"
                },
                "3": {
                    "verse_nr": 3,
                    "verse": "\ub0b4\uac00 \ub108\ud76c\ub97c \uc0dd\uac01\ud560 \ub54c\ub9c8\ub2e4 \ub098\uc758 \ud558\ub098\ub2d8\uaed8 \uac10\uc0ac\ud558\uba70\n"
                },
                "4": {
                    "verse_nr": 4,
                    "verse": "\uac04\uad6c\ud560 \ub54c\ub9c8\ub2e4 \ub108\ud76c \ubb34\ub9ac\ub97c \uc704\ud558\uc5ec \uae30\uc068\uc73c\ub85c \ud56d\uc0c1 \uac04\uad6c\ud568\uc740\n"
                },
                "5": {
                    "verse_nr": 5,
                    "verse": "\uccab\ub0a0\ubd80\ud130 \uc774\uc81c\uae4c\uc9c0 \ubcf5\uc74c\uc5d0\uc11c \ub108\ud76c\uac00 \uad50\uc81c\ud568\uc744 \uc778\ud568\uc774\ub77c\n"
                },
                "6": {
                    "verse_nr": 6,
                    "verse": "\ub108\ud76c \uc18d\uc5d0 \ucc29\ud55c \uc77c\uc744 \uc2dc\uc791\ud558\uc2e0 \uc774\uac00 \uadf8\ub9ac\uc2a4\ub3c4 \uc608\uc218\uc758 \ub0a0\uae4c\uc9c0 \uc774\ub8e8\uc2e4 \uc904\uc744 \uc6b0\ub9ac\uac00 \ud655\uc2e0\ud558\ub178\ub77c\n"
                },
                "7": {
                    "verse_nr": 7,
                    "verse": "\ub0b4\uac00 \ub108\ud76c \ubb34\ub9ac\ub97c \uc704\ud558\uc5ec \uc774\uc640 \uac19\uc774 \uc0dd\uac01\ud558\ub294 \uac83\uc774 \ub9c8\ub545\ud558\ub2c8 \uc774\ub294 \ub108\ud76c\uac00 \ub0b4 \ub9c8\uc74c\uc5d0 \uc788\uc74c\uc774\uba70 \ub098\uc758 \ub9e4\uc784\uacfc \ubcf5\uc74c\uc744 \ubcc0\uba85\ud568\uacfc \ud655\uc815\ud568\uc5d0 \ub108\ud76c\uac00 \ub2e4 \ub098\uc640 \ud568\uaed8 \uc740\ud61c\uc5d0 \ucc38\uc608\ud55c \uc790\uac00 \ub428\uc774\ub77c\n"
                },
                "8": {
                    "verse_nr": 8,
                    "verse": "\ub0b4\uac00 \uc608\uc218 \uadf8\ub9ac\uc2a4\ub3c4\uc758 \uc2ec\uc7a5\uc73c\ub85c \ub108\ud76c \ubb34\ub9ac\ub97c \uc5b4\ub5bb\uac8c \uc0ac\ubaa8\ud558\ub294\uc9c0 \ud558\ub098\ub2d8\uc774 \ub0b4 \uc99d\uc778\uc774\uc2dc\ub2c8\ub77c\n"
                },
                "9": {
                    "verse_nr": 9,
                    "verse": "\ub0b4\uac00 \uae30\ub3c4\ud558\ub178\ub77c \ub108\ud76c \uc0ac\ub791\uc744 \uc9c0\uc2dd\uacfc \ubaa8\ub4e0 \ucd1d\uba85\uc73c\ub85c \uc810\uc810 \ub354 \ud48d\uc131\ud558\uac8c \ud558\uc0ac\n"
                },
                "10": {
                    "verse_nr": 10,
                    "verse": "\ub108\ud76c\ub85c \uc9c0\uadf9\ud788 \uc120\ud55c \uac83\uc744 \ubd84\ubcc4\ud558\uba70 \ub610 \uc9c4\uc2e4\ud558\uc5ec \ud5c8\ubb3c \uc5c6\uc774 \uadf8\ub9ac\uc2a4\ub3c4\uc758 \ub0a0\uae4c\uc9c0 \uc774\ub974\uace0\n"
                },
                "11": {
                    "verse_nr": 11,
                    "verse": "\uc608\uc218 \uadf8\ub9ac\uc2a4\ub3c4\ub85c \ub9d0\ubbf8\uc554\uc544 \uc758\uc758 \uc5f4\ub9e4\uac00 \uac00\ub4dd\ud558\uc5ec \ud558\ub098\ub2d8\uc758 \uc601\uad11\uacfc \ucc2c\uc1a1\uc774 \ub418\uac8c \ud558\uc2dc\uae30\ub97c \uad6c\ud558\ub178\ub77c\n"
                },
                "12": {
                    "verse_nr": 12,
                    "verse": "\ud615\uc81c\ub4e4\uc544 \ub098\uc758 \ub2f9\ud55c \uc77c\uc774 \ub3c4\ub9ac\uc5b4 \ubcf5\uc74c\uc758 \uc9c4\ubcf4\uac00 \ub41c \uc904\uc744 \ub108\ud76c\uac00 \uc54c\uae30\ub97c \uc6d0\ud558\ub178\ub77c\n"
                },
                "13": {
                    "verse_nr": 13,
                    "verse": "\uc774\ub7ec\ubbc0\ub85c \ub098\uc758 \ub9e4\uc784\uc774 \uadf8\ub9ac\uc2a4\ub3c4 \uc548\uc5d0\uc11c \uc628 \uc2dc\uc704\ub300 \uc548\uacfc \uae30\ud0c0 \ubaa8\ub4e0 \uc0ac\ub78c\uc5d0\uac8c \ub098\ud0c0\ub0ac\uc73c\ub2c8\n"
                },
                "14": {
                    "verse_nr": 14,
                    "verse": "\ud615\uc81c \uc911 \ub2e4\uc218\uac00 \ub098\uc758 \ub9e4\uc784\uc744 \uc778\ud558\uc5ec \uc8fc \uc548\uc5d0\uc11c \uc2e0\ub8b0\ud558\ubbc0\ub85c \uac81 \uc5c6\uc774 \ud558\ub098\ub2d8\uc758 \ub9d0\uc500\uc744 \ub354\uc6b1 \ub2f4\ub300\ud788 \ub9d0\ud558\uac8c \ub418\uc5c8\ub290\ub2c8\ub77c\n"
                },
                "15": {
                    "verse_nr": 15,
                    "verse": "\uc5b4\ub5a4 \uc774\ub4e4\uc740 \ud22c\uae30\uc640 \ubd84\uc7c1\uc73c\ub85c \uc5b4\ub5a4 \uc774\ub4e4\uc740 \ucc29\ud55c \ub73b\uc73c\ub85c \uadf8\ub9ac\uc2a4\ub3c4\ub97c \uc804\ud30c\ud558\ub098\ub2c8\n"
                },
                "16": {
                    "verse_nr": 16,
                    "verse": "\uc774\ub4e4\uc740 \ub0b4\uac00 \ubcf5\uc74c\uc744 \ubcc0\uba85\ud558\uae30 \uc704\ud558\uc5ec \uc138\uc6b0\uc2ec\uc744 \ubc1b\uc740 \uc904 \uc54c\uace0 \uc0ac\ub791\uc73c\ub85c \ud558\ub098\n"
                },
                "17": {
                    "verse_nr": 17,
                    "verse": "\uc800\ub4e4\uc740 \ub098\uc758 \ub9e4\uc784\uc5d0 \uad34\ub85c\uc6c0\uc744 \ub354\ud558\uac8c \ud560 \uc904\ub85c \uc0dd\uac01\ud558\uc5ec \uc21c\uc804\uce58 \ubabb\ud558\uac8c \ub2e4\ud23c\uc73c\ub85c \uadf8\ub9ac\uc2a4\ub3c4\ub97c \uc804\ud30c\ud558\ub290\ub2c8\ub77c\n"
                },
                "18": {
                    "verse_nr": 18,
                    "verse": "\uadf8\ub7ec\uba74 \ubb34\uc5c7\uc774\ub1e8 ? \uc678\ubaa8\ub85c \ud558\ub098 \ucc38\uc73c\ub85c \ud558\ub098 \ubb34\uc2a8 \ubc29\ub3c4\ub85c \ud558\ub4e0\uc9c0 \uc804\ud30c\ub418\ub294 \uac83\uc740 \uadf8\ub9ac\uc2a4\ub3c4\ub2c8 \uc774\ub85c\uc368 \ub0b4\uac00 \uae30\ubed0\ud558\uace0 \ub610\ud55c \uae30\ubed0\ud558\ub9ac\ub77c\n"
                },
                "19": {
                    "verse_nr": 19,
                    "verse": "\uc774\uac83\uc774 \ub108\ud76c \uac04\uad6c\uc640 \uc608\uc218 \uadf8\ub9ac\uc2a4\ub3c4\uc758 \uc131\ub839\uc758 \ub3c4\uc6b0\uc2ec\uc73c\ub85c \ub0b4 \uad6c\uc6d0\uc5d0 \uc774\ub974\uac8c \ud560 \uc904 \uc544\ub294\uace0\ub85c\n"
                },
                "20": {
                    "verse_nr": 20,
                    "verse": "\ub098\uc758 \uac04\uc808\ud55c \uae30\ub300\uc640 \uc18c\ub9dd\uc744 \ub530\ub77c \uc544\ubb34 \uc77c\uc5d0\ub4e0\uc9c0 \ubd80\ub044\ub7fd\uc9c0 \uc544\ub2c8\ud558\uace0 \uc624\uc9c1 \uc804\uacfc \uac19\uc774 \uc774\uc81c\ub3c4 \uc628\uc804\ud788 \ub2f4\ub300\ud558\uc5ec \uc0b4\ub4e0\uc9c0 \uc8fd\ub4e0\uc9c0 \ub0b4 \ubab8\uc5d0\uc11c \uadf8\ub9ac\uc2a4\ub3c4\uac00 \uc874\uadc0\ud788 \ub418\uac8c \ud558\ub824 \ud558\ub098\ub2c8\n"
                },
                "21": {
                    "verse_nr": 21,
                    "verse": "\uc774\ub294 \ub0b4\uac8c \uc0ac\ub294 \uac83\uc774 \uadf8\ub9ac\uc2a4\ub3c4\ub2c8 \uc8fd\ub294 \uac83\ub3c4 \uc720\uc775\ud568\uc774\ub2c8\ub77c\n"
                },
                "22": {
                    "verse_nr": 22,
                    "verse": "\uadf8\ub7ec\ub098 \ub9cc\uc77c \uc721\uc2e0\uc73c\ub85c \uc0ac\ub294 \uc774\uac83\uc774 \ub0b4 \uc77c\uc758 \uc5f4\ub9e4\uc77c\uc9c4\ub300 \ubb34\uc5c7\uc744 \uac00\ub9b4\ub294\uc9c0 \ub098\ub294 \uc54c\uc9c0 \ubabb\ud558\ub178\ub77c\n"
                },
                "23": {
                    "verse_nr": 23,
                    "verse": "\ub0b4\uac00 \uadf8 \ub450 \uc0ac\uc774\uc5d0 \ub07c\uc600\uc73c\ub2c8 \ub5a0\ub098\uc11c \uadf8\ub9ac\uc2a4\ub3c4\uc640 \ud568\uaed8 \uc788\uc744 \uc695\ub9dd\uc744 \uac00\uc9c4 \uc774\uac83\uc774 \ub354\uc6b1 \uc88b\uc73c\ub098\n"
                },
                "24": {
                    "verse_nr": 24,
                    "verse": "\uadf8\ub7ec\ub098 \ub0b4\uac00 \uc721\uc2e0\uc5d0 \uac70\ud558\ub294 \uac83\uc774 \ub108\ud76c\ub97c \uc704\ud558\uc5ec \ub354 \uc720\uc775\ud558\ub9ac\ub77c\n"
                },
                "25": {
                    "verse_nr": 25,
                    "verse": "\ub0b4\uac00 \uc0b4 \uac83\uacfc \ub108\ud76c \ubbff\uc74c\uc758 \uc9c4\ubcf4\uc640 \uae30\uc068\uc744 \uc704\ud558\uc5ec \ub108\ud76c \ubb34\ub9ac\uc640 \ud568\uaed8 \uac70\ud560 \uc774\uac83\uc744 \ud655\uc2e4\ud788 \uc544\ub178\ub2c8\n"
                },
                "26": {
                    "verse_nr": 26,
                    "verse": "\ub0b4\uac00 \ub2e4\uc2dc \ub108\ud76c\uc640 \uac19\uc774 \uc788\uc74c\uc73c\ub85c \uadf8\ub9ac\uc2a4\ub3c4 \uc608\uc218 \uc548\uc5d0\uc11c \ub108\ud76c \uc790\ub791\uc774 \ub098\ub97c \uc778\ud558\uc5ec \ud48d\uc131\ud558\uac8c \ud558\ub824 \ud568\uc774\ub77c\n"
                },
                "27": {
                    "verse_nr": 27,
                    "verse": "\uc624\uc9c1 \ub108\ud76c\ub294 \uadf8\ub9ac\uc2a4\ub3c4 \ubcf5\uc74c\uc5d0 \ud569\ub2f9\ud558\uac8c \uc0dd\ud65c\ud558\ub77c \uc774\ub294 \ub0b4\uac00 \ub108\ud76c\ub97c \uac00 \ubcf4\ub098 \ub5a0\ub098 \uc788\uc73c\ub098 \ub108\ud76c\uac00 \uc77c\uc2ec\uc73c\ub85c \uc11c\uc11c \ud55c \ub73b\uc73c\ub85c \ubcf5\uc74c\uc758 \uc2e0\uc559\uc744 \uc704\ud558\uc5ec \ud611\ub825\ud558\ub294 \uac83\uacfc\n"
                },
                "28": {
                    "verse_nr": 28,
                    "verse": "\uc544\ubb34 \uc77c\uc5d0\ub4e0\uc9c0 \ub300\uc801\ud558\ub294 \uc790\ub97c \uc778\ud558\uc5ec \ub450\ub824\uc6cc\ud558\uc9c0 \uc544\ub2c8\ud558\ub294 \uc774 \uc77c\uc744 \ub4e3\uace0\uc790 \ud568\uc774\ub77c \uc774\uac83\uc774 \uc800\ud76c\uc5d0\uac8c\ub294 \uba78\ub9dd\uc758 \ube59\uac70\uc694 \ub108\ud76c\uc5d0\uac8c\ub294 \uad6c\uc6d0\uc758 \ube59\uac70\ub2c8 \uc774\ub294 \ud558\ub098\ub2d8\uaed8\ub85c\ubd80\ud130 \ub09c \uac83\uc774\ub2c8\ub77c\n"
                },
                "29": {
                    "verse_nr": 29,
                    "verse": "\uadf8\ub9ac\uc2a4\ub3c4\ub97c \uc704\ud558\uc5ec \ub108\ud76c\uc5d0\uac8c \uc740\ud61c\ub97c \uc8fc\uc2e0 \uac83\uc740 \ub2e4\ub9cc \uadf8\ub97c \ubbff\uc744 \ubfd0 \uc544\ub2c8\ub77c \ub610\ud55c \uadf8\ub97c \uc704\ud558\uc5ec \uace0\ub09c\ub3c4 \ubc1b\uac8c \ud558\uc2ec\uc774\ub77c\n"
                },
                "30": {
                    "verse_nr": 30,
                    "verse": "\ub108\ud76c\uc5d0\uac8c\ub3c4 \uac19\uc740 \uc2f8\uc6c0\uc774 \uc788\uc73c\ub2c8 \ub108\ud76c\uac00 \ub0b4 \uc548\uc5d0\uc11c \ubcf8 \ubc14\uc694 \uc774\uc81c\ub3c4 \ub0b4 \uc548\uc5d0\uc11c \ub4e3\ub294 \ubc14\ub2c8\ub77c\n"
                }
            }
        },
        "2": {
            "chapter_nr": 2,
            "chapter": {
                "1": {
                    "verse_nr": 1,
                    "verse": "\uadf8\ub7ec\ubbc0\ub85c \uadf8\ub9ac\uc2a4\ub3c4 \uc548\uc5d0 \ubb34\uc2a8 \uad8c\uba74\uc774\ub098 \uc0ac\ub791\uc5d0 \ubb34\uc2a8 \uc704\ub85c\ub098 \uc131\ub839\uc758 \ubb34\uc2a8 \uad50\uc81c\ub098 \uae0d\ud73c\uc774\ub098 \uc790\ube44\uac00 \uc788\uac70\ub4e0\n"
                },
                "2": {
                    "verse_nr": 2,
                    "verse": "\ub9c8\uc74c\uc744 \uac19\uc774 \ud558\uc5ec \uac19\uc740 \uc0ac\ub791\uc744 \uac00\uc9c0\uace0 \ub73b\uc744 \ud569\ud558\uba70 \ud55c \ub9c8\uc74c\uc744 \ud488\uc5b4\n"
                },
                "3": {
                    "verse_nr": 3,
                    "verse": "\uc544\ubb34 \uc77c\uc5d0\ub4e0\uc9c0 \ub2e4\ud23c\uc774\ub098 \ud5c8\uc601\uc73c\ub85c \ud558\uc9c0 \ub9d0\uace0 \uc624\uc9c1 \uacb8\uc190\ud55c \ub9c8\uc74c\uc73c\ub85c \uac01\uac01 \uc790\uae30\ubcf4\ub2e4 \ub0a8\uc744 \ub0ab\uac8c \uc5ec\uae30\uace0\n"
                },
                "4": {
                    "verse_nr": 4,
                    "verse": "\uac01\uac01 \uc790\uae30 \uc77c\uc744 \ub3cc\uc544\ubcfc \ubfd0\ub354\ub7ec \ub610\ud55c \uac01\uac01 \ub2e4\ub978 \uc0ac\ub78c\ub4e4\uc758 \uc77c\uc744 \ub3cc\uc544\ubcf4\uc544 \ub098\uc758 \uae30\uc068\uc744 \ucda9\ub9cc\ucf00 \ud558\ub77c\n"
                },
                "5": {
                    "verse_nr": 5,
                    "verse": "\ub108\ud76c \uc548\uc5d0 \uc774 \ub9c8\uc74c\uc744 \ud488\uc73c\ub77c ! \uace7 \uadf8\ub9ac\uc2a4\ub3c4 \uc608\uc218\uc758 \ub9c8\uc74c\uc774\ub2c8\n"
                },
                "6": {
                    "verse_nr": 6,
                    "verse": "\uadf8\ub294 \uadfc\ubcf8 \ud558\ub098\ub2d8\uc758 \ubcf8\uccb4\uc2dc\ub098 \ud558\ub098\ub2d8\uacfc \ub3d9\ub4f1\ub428\uc744 \ucde8\ud560 \uac83\uc73c\ub85c \uc5ec\uae30\uc9c0 \uc544\ub2c8\ud558\uc2dc\uace0\n"
                },
                "7": {
                    "verse_nr": 7,
                    "verse": "\uc624\ud788\ub824 \uc790\uae30\ub97c \ube44\uc5b4 \uc885\uc758 \ud615\uccb4\ub97c \uac00\uc838 \uc0ac\ub78c\ub4e4\uacfc \uac19\uc774 \ub418\uc5c8\uace0\n"
                },
                "8": {
                    "verse_nr": 8,
                    "verse": "\uc0ac\ub78c\uc758 \ubaa8\uc591\uc73c\ub85c \ub098\ud0c0\ub098\uc168\uc73c\ub9e4 \uc790\uae30\ub97c \ub0ae\ucd94\uc2dc\uace0 \uc8fd\uae30\uae4c\uc9c0 \ubcf5\uc885\ud558\uc168\uc73c\ub2c8 \uace7 \uc2ed\uc790\uac00\uc5d0 \uc8fd\uc73c\uc2ec\uc774\ub77c\n"
                },
                "9": {
                    "verse_nr": 9,
                    "verse": "\uc774\ub7ec\ubbc0\ub85c \ud558\ub098\ub2d8\uc774 \uadf8\ub97c \uc9c0\uadf9\ud788 \ub192\uc5ec \ubaa8\ub4e0 \uc774\ub984 \uc704\uc5d0 \ub6f0\uc5b4\ub09c \uc774\ub984\uc744 \uc8fc\uc0ac\n"
                },
                "10": {
                    "verse_nr": 10,
                    "verse": "\ud558\ub298\uc5d0 \uc788\ub294 \uc790\ub4e4\uacfc \ub545\uc5d0 \uc788\ub294 \uc790\ub4e4\uacfc \ub545 \uc544\ub798 \uc788\ub294 \uc790\ub4e4\ub85c \ubaa8\ub4e0 \ubb34\ub98e\uc744 \uc608\uc218\uc758 \uc774\ub984\uc5d0 \uafc7\uac8c \ud558\uc2dc\uace0\n"
                },
                "11": {
                    "verse_nr": 11,
                    "verse": "\ubaa8\ub4e0 \uc785\uc73c\ub85c \uc608\uc218 \uadf8\ub9ac\uc2a4\ub3c4\ub97c \uc8fc\ub77c \uc2dc\uc778\ud558\uc5ec \ud558\ub098\ub2d8 \uc544\ubc84\uc9c0\uaed8 \uc601\uad11\uc744 \ub3cc\ub9ac\uac8c \ud558\uc168\ub290\ub2c8\ub77c\n"
                },
                "12": {
                    "verse_nr": 12,
                    "verse": "\uadf8\ub7ec\ubbc0\ub85c \ub098\uc758 \uc0ac\ub791\ud558\ub294 \uc790\ub4e4\uc544 \ub108\ud76c\uac00 \ub098 \uc788\uc744 \ub54c \ubfd0 \uc544\ub2c8\ub77c \ub354\uc6b1 \uc9c0\uae08 \ub098 \uc5c6\uc744 \ub54c\uc5d0\ub3c4 \ud56d\uc0c1 \ubcf5\uc885\ud558\uc5ec \ub450\ub835\uace0 \ub5a8\ub9bc\uc73c\ub85c \ub108\ud76c \uad6c\uc6d0\uc744 \uc774\ub8e8\ub77c\n"
                },
                "13": {
                    "verse_nr": 13,
                    "verse": "\ub108\ud76c \uc548\uc5d0\uc11c \ud589\ud558\uc2dc\ub294 \uc774\ub294 \ud558\ub098\ub2d8\uc774\uc2dc\ub2c8 \uc790\uae30\uc758 \uae30\uc058\uc2e0 \ub73b\uc744 \uc704\ud558\uc5ec \ub108\ud76c\ub85c \uc18c\uc6d0\uc744 \ub450\uace0 \ud589\ud558\uac8c \ud558\uc2dc\ub098\ub2c8\n"
                },
                "14": {
                    "verse_nr": 14,
                    "verse": "\ubaa8\ub4e0 \uc77c\uc744 \uc6d0\ub9dd\uacfc \uc2dc\ube44\uac00 \uc5c6\uc774 \ud558\ub77c\n"
                },
                "15": {
                    "verse_nr": 15,
                    "verse": "\uc774\ub294 \ub108\ud76c\uac00 \ud760\uc774 \uc5c6\uace0 \uc21c\uc804\ud558\uc5ec \uc5b4\uadf8\ub7ec\uc9c0\uace0 \uac70\uc2a4\ub9ac\ub294 \uc138\ub300 \uac00\uc6b4\ub370\uc11c \ud558\ub098\ub2d8\uc758 \ud760 \uc5c6\ub294 \uc790\ub140\ub85c \uc138\uc0c1\uc5d0\uc11c \uadf8\ub4e4 \uac00\uc6b4\ub370 \ube5b\ub4e4\ub85c \ub098\ud0c0\ub0b4\uba70\n"
                },
                "16": {
                    "verse_nr": 16,
                    "verse": "\uc0dd\uba85\uc758 \ub9d0\uc500\uc744 \ubc1d\ud600 \ub098\uc758 \ub2ec\uc74c\uc9c8\ub3c4 \ud5db\ub418\uc9c0 \uc544\ub2c8\ud558\uace0 \uc218\uace0\ub3c4 \ud5db\ub418\uc9c0 \uc544\ub2c8\ud568\uc73c\ub85c \uadf8\ub9ac\uc2a4\ub3c4\uc758 \ub0a0\uc5d0 \ub098\ub85c \uc790\ub791\ud560 \uac83\uc774 \uc788\uac8c \ud558\ub824 \ud568\uc774\ub77c\n"
                },
                "17": {
                    "verse_nr": 17,
                    "verse": "\ub9cc\uc77c \ub108\ud76c \ubbff\uc74c\uc758 \uc81c\ubb3c\uacfc \ubd09\uc0ac \uc704\uc5d0 \ub0b4\uac00 \ub098\ub97c \uad00\uc81c\ub85c \ub4dc\ub9b4\uc9c0\ub77c\ub3c4 \ub098\ub294 \uae30\ubed0\ud558\uace0 \ub108\ud76c \ubb34\ub9ac\uc640 \ud568\uaed8 \uae30\ubed0\ud558\ub9ac\ub2c8\n"
                },
                "18": {
                    "verse_nr": 18,
                    "verse": "\uc774\uc640 \uac19\uc774 \ub108\ud76c\ub3c4 \uae30\ubed0\ud558\uace0 \ub098\uc640 \ud568\uaed8 \uae30\ubed0\ud558\ub77c\n"
                },
                "19": {
                    "verse_nr": 19,
                    "verse": "\ub0b4\uac00 \ub514\ubaa8\ub370\ub97c \uc18d\ud788 \ub108\ud76c\uc5d0\uac8c \ubcf4\ub0b4\uae30\ub97c \uc8fc \uc548\uc5d0\uc11c \ubc14\ub78c\uc740 \ub108\ud76c \uc0ac\uc815\uc744 \uc54e\uc73c\ub85c \uc548\uc704\ub97c \ubc1b\uc73c\ub824 \ud568\uc774\ub2c8\n"
                },
                "20": {
                    "verse_nr": 20,
                    "verse": "\uc774\ub294 \ub73b\uc744 \uac19\uc774 \ud558\uc5ec \ub108\ud76c \uc0ac\uc815\uc744 \uc9c4\uc2e4\ud788 \uc0dd\uac01\ud560 \uc790\uac00 \uc774 \ubc16\uc5d0 \ub0b4\uac8c \uc5c6\uc74c\uc774\ub77c\n"
                },
                "21": {
                    "verse_nr": 21,
                    "verse": "\uc800\ud76c\uac00 \ub2e4 \uc790\uae30 \uc77c\uc744 \uad6c\ud558\uace0 \uadf8\ub9ac\uc2a4\ub3c4 \uc608\uc218\uc758 \uc77c\uc744 \uad6c\ud558\uc9c0 \uc544\ub2c8\ud558\ub418\n"
                },
                "22": {
                    "verse_nr": 22,
                    "verse": "\ub514\ubaa8\ub370\uc758 \uc5f0\ub2e8\uc744 \ub108\ud76c\uac00 \uc544\ub098\ub2c8 \uc790\uc2dd\uc774 \uc544\ube44\uc5d0\uac8c \ud568\uac19\uc774 \ub098\uc640 \ud568\uaed8 \ubcf5\uc74c\uc744 \uc704\ud558\uc5ec \uc218\uace0\ud558\uc600\ub290\ub2c8\ub77c\n"
                },
                "23": {
                    "verse_nr": 23,
                    "verse": "\uadf8\ub7ec\ubbc0\ub85c \ub0b4\uac00 \ub0b4 \uc77c\uc774 \uc5b4\ub5bb\uac8c \ub420 \uac83\uc744 \ubcf4\uc544\uc11c \uace7 \uc774 \uc0ac\ub78c\uc744 \ubcf4\ub0b4\uae30\ub97c \ubc14\ub77c\uace0\n"
                },
                "24": {
                    "verse_nr": 24,
                    "verse": "\ub098\ub3c4 \uc18d\ud788 \uac00\uae30\ub97c \uc8fc \uc548\uc5d0\uc11c \ud655\uc2e0\ud558\ub178\ub77c\n"
                },
                "25": {
                    "verse_nr": 25,
                    "verse": "\uadf8\ub7ec\ub098 \uc5d0\ubc14\ube0c\ub85c\ub514\ub3c4\ub97c \ub108\ud76c\uc5d0\uac8c \ubcf4\ub0b4\ub294 \uac83\uc774 \ud544\uc694\ud55c \uc904\ub85c \uc0dd\uac01\ud558\ub178\ub2c8 \uadf8\ub294 \ub098\uc758 \ud615\uc81c\uc694 \ud568\uaed8 \uc218\uace0\ud558\uace0 \ud568\uaed8 \uad70\uc0ac \ub41c \uc790\uc694 \ub108\ud76c \uc0ac\uc790\ub85c \ub098\uc758 \uc4f8 \uac83\uc744 \ub3d5\ub294 \uc790\ub77c\n"
                },
                "26": {
                    "verse_nr": 26,
                    "verse": "\uadf8\uac00 \ub108\ud76c \ubb34\ub9ac\ub97c \uac04\uc808\ud788 \uc0ac\ubaa8\ud558\uace0 \uc790\uae30 \ubcd1\ub4e0 \uac83\uc744 \ub108\ud76c\uac00 \ub4e4\uc740 \uc904\uc744 \uc54c\uace0 \uc2ec\ud788 \uadfc\uc2ec\ud55c\uc9c0\ub77c\n"
                },
                "27": {
                    "verse_nr": 27,
                    "verse": "\uc800\uac00 \ubcd1\ub4e4\uc5b4 \uc8fd\uac8c \ub418\uc5c8\uc73c\ub098 \ud558\ub098\ub2d8\uc774 \uc800\ub97c \uae0d\ud73c\ud788 \uc5ec\uae30\uc168\uace0 \uc800 \ubfd0 \uc544\ub2c8\ub77c \ub610 \ub098\ub97c \uae0d\ud73c\ud788 \uc5ec\uae30\uc0ac \ub0b4 \uadfc\uc2ec \uc704\uc5d0 \uadfc\uc2ec\uc744 \uba74\ud558\uac8c \ud558\uc168\ub290\ub2c8\ub77c\n"
                },
                "28": {
                    "verse_nr": 28,
                    "verse": "\uadf8\ub7ec\ubbc0\ub85c \ub0b4\uac00 \ub354\uc6b1 \uae09\ud788 \uc800\ub97c \ubcf4\ub0b8 \uac83\uc740 \ub108\ud76c\ub85c \uc800\ub97c \ub2e4\uc2dc \ubcf4\uace0 \uae30\ubed0\ud558\uac8c \ud558\uba70 \ub0b4 \uadfc\uc2ec\ub3c4 \ub35c\ub824 \ud568\uc774\ub2c8\n"
                },
                "29": {
                    "verse_nr": 29,
                    "verse": "\uc774\ub7ec\ubbc0\ub85c \ub108\ud76c\uac00 \uc8fc \uc548\uc5d0\uc11c \ubaa8\ub4e0 \uae30\uc068\uc73c\ub85c \uc800\ub97c \uc601\uc811\ud558\uace0 \ub610 \uc774\uc640 \uac19\uc740 \uc790\ub4e4\uc744 \uc874\uadc0\ud788 \uc5ec\uae30\ub77c\n"
                },
                "30": {
                    "verse_nr": 30,
                    "verse": "\uc800\uac00 \uadf8\ub9ac\uc2a4\ub3c4\uc758 \uc77c\uc744 \uc704\ud558\uc5ec \uc8fd\uae30\uc5d0 \uc774\ub974\ub7ec\ub3c4 \uc790\uae30 \ubaa9\uc228\uc744 \ub3cc\uc544\ubcf4\uc9c0 \uc544\ub2c8\ud55c \uac83\uc740 \ub098\ub97c \uc12c\uae30\ub294 \ub108\ud76c\uc758 \uc77c\uc5d0 \ubd80\uc871\ud568\uc744 \ucc44\uc6b0\ub824 \ud568\uc774\ub2c8\ub77c\n"
                }
            }
        },
        "3": {
            "chapter_nr": 3,
            "chapter": {
                "1": {
                    "verse_nr": 1,
                    "verse": "\uc885\ub9d0\ub85c \ub098\uc758 \ud615\uc81c\ub4e4\uc544 \uc8fc \uc548\uc5d0\uc11c \uae30\ubed0\ud558\ub77c ! \ub108\ud76c\uc5d0\uac8c \uac19\uc740 \ub9d0\uc744 \uc4f0\ub294 \uac83\uc774 \ub0b4\uac8c\ub294 \uc218\uace0\ub85c\uc6c0\uc774 \uc5c6\uace0 \ub108\ud76c\uc5d0\uac8c\ub294 \uc548\uc804\ud558\ub2c8\ub77c\n"
                },
                "2": {
                    "verse_nr": 2,
                    "verse": "\uac1c\ub4e4\uc744 \uc0bc\uac00\uace0 \ud589\uc545\ud558\ub294 \uc790\ub4e4\uc744 \uc0bc\uac00\uace0 \uc190\ud560\ub840\ub2f9\uc744 \uc0bc\uac00\ub77c\n"
                },
                "3": {
                    "verse_nr": 3,
                    "verse": "\ud558\ub098\ub2d8\uc758 \uc131\ub839\uc73c\ub85c \ubd09\uc0ac\ud558\uba70 \uadf8\ub9ac\uc2a4\ub3c4 \uc608\uc218\ub85c \uc790\ub791\ud558\uace0 \uc721\uccb4\ub97c \uc2e0\ub8b0\ud558\uc9c0 \uc544\ub2c8\ud558\ub294 \uc6b0\ub9ac\uac00 \uace7 \ud560\ub840\ub2f9\uc774\ub77c\n"
                },
                "4": {
                    "verse_nr": 4,
                    "verse": "\uadf8\ub7ec\ub098 \ub098\ub3c4 \uc721\uccb4\ub97c \uc2e0\ub8b0\ud560 \ub9cc\ud558\ub2c8 \ub9cc\uc77c \ub204\uad6c\ub4e0\uc9c0 \ub2e4\ub978 \uc774\uac00 \uc721\uccb4\ub97c \uc2e0\ub8b0\ud560 \uac83\uc774 \uc788\ub294 \uc904\ub85c \uc0dd\uac01\ud558\uba74 \ub098\ub294 \ub354\uc6b1 \uadf8\ub7ec\ud558\ub9ac\ub2c8\n"
                },
                "5": {
                    "verse_nr": 5,
                    "verse": "\ub0b4\uac00 \ud314\uc77c \ub9cc\uc5d0 \ud560\ub840\ub97c \ubc1b\uace0 \uc774\uc2a4\ub77c\uc5d8\uc758 \uc871\uc18d\uc774\uc694 \ubca0\ub0d0\ubbfc\uc758 \uc9c0\ud30c\uc694 \ud788\ube0c\ub9ac\uc778 \uc911\uc758 \ud788\ube0c\ub9ac\uc778\uc774\uc694 \uc728\ubc95\uc73c\ub85c\ub294 \ubc14\ub9ac\uc0c8\uc778\uc774\uc694\n"
                },
                "6": {
                    "verse_nr": 6,
                    "verse": "\uc5f4\uc2ec\uc73c\ub85c\ub294 \uad50\ud68c\ub97c \ud54d\ubc15\ud558\uace0 \uc728\ubc95\uc758 \uc758\ub85c\ub294 \ud760\uc774 \uc5c6\ub294 \uc790\ub85c\ub77c\n"
                },
                "7": {
                    "verse_nr": 7,
                    "verse": "\uadf8\ub7ec\ub098 \ubb34\uc5c7\uc774\ub4e0\uc9c0 \ub0b4\uac8c \uc720\uc775\ud558\ub358 \uac83\uc744 \ub0b4\uac00 \uadf8\ub9ac\uc2a4\ub3c4\ub97c \uc704\ud558\uc5ec \ub2e4 \ud574\ub85c \uc5ec\uae38 \ubfd0\ub354\ub7ec\n"
                },
                "8": {
                    "verse_nr": 8,
                    "verse": "\ub610\ud55c \ubaa8\ub4e0 \uac83\uc744 \ud574\ub85c \uc5ec\uae40\uc740 \ub0b4 \uc8fc \uadf8\ub9ac\uc2a4\ub3c4 \uc608\uc218\ub97c \uc544\ub294 \uc9c0\uc2dd\uc774 \uac00\uc7a5 \uace0\uc0c1\ud568\uc744 \uc778\ud568\uc774\ub77c \ub0b4\uac00 \uadf8\ub97c \uc704\ud558\uc5ec \ubaa8\ub4e0 \uac83\uc744 \uc783\uc5b4\ubc84\ub9ac\uace0 \ubc30\uc124\ubb3c\ub85c \uc5ec\uae40\uc740 \uadf8\ub9ac\uc2a4\ub3c4\ub97c \uc5bb\uace0\n"
                },
                "9": {
                    "verse_nr": 9,
                    "verse": "\uadf8 \uc548\uc5d0\uc11c \ubc1c\uacac\ub418\ub824 \ud568\uc774\ub2c8 \ub0b4\uac00 \uac00\uc9c4 \uc758\ub294 \uc728\ubc95\uc5d0\uc11c \ub09c \uac83\uc774 \uc544\ub2c8\uc694 \uc624\uc9c1 \uadf8\ub9ac\uc2a4\ub3c4\ub97c \ubbff\uc74c\uc73c\ub85c \ub9d0\ubbf8\uc554\uc740 \uac83\uc774\ub2c8 \uace7 \ubbff\uc74c\uc73c\ub85c \ud558\ub098\ub2d8\uaed8\ub85c\uc11c \ub09c \uc758\ub77c\n"
                },
                "10": {
                    "verse_nr": 10,
                    "verse": "\ub0b4\uac00 \uadf8\ub9ac\uc2a4\ub3c4\uc640 \uadf8 \ubd80\ud65c\uc758 \uad8c\ub2a5\uacfc \uadf8 \uace0\ub09c\uc5d0 \ucc38\uc608\ud568\uc744 \uc54c\ub824\ud558\uc5ec \uadf8\uc758 \uc8fd\uc73c\uc2ec\uc744 \ubcf8\ubc1b\uc544\n"
                },
                "11": {
                    "verse_nr": 11,
                    "verse": "\uc5b4\ucc0c\ud558\ub4e0\uc9c0 \uc8fd\uc740 \uc790 \uac00\uc6b4\ub370\uc11c \ubd80\ud65c\uc5d0 \uc774\ub974\ub824 \ud558\ub178\ub2c8\n"
                },
                "12": {
                    "verse_nr": 12,
                    "verse": "\ub0b4\uac00 \uc774\ubbf8 \uc5bb\uc5c8\ub2e4 \ud568\ub3c4 \uc544\ub2c8\uc694 \uc628\uc804\ud788 \uc774\ub8e8\uc5c8\ub2e4 \ud568\ub3c4 \uc544\ub2c8\ub77c \uc624\uc9c1 \ub0b4\uac00 \uadf8\ub9ac\uc2a4\ub3c4 \uc608\uc218\uaed8 \uc7a1\ud78c \ubc14 \ub41c \uadf8\uac83\uc744 \uc7a1\uc73c\ub824\uace0 \uc887\uc544\uac00\ub178\ub77c\n"
                },
                "13": {
                    "verse_nr": 13,
                    "verse": "\ud615\uc81c\ub4e4\uc544 \ub098\ub294 \uc544\uc9c1 \ub0b4\uac00 \uc7a1\uc740 \uc904\ub85c \uc5ec\uae30\uc9c0 \uc544\ub2c8\ud558\uace0 \uc624\uc9c1 \ud55c \uc77c, \uc989 \ub4a4\uc5d0 \uc788\ub294 \uac83\uc740 \uc78a\uc5b4\ubc84\ub9ac\uace0 \uc55e\uc5d0 \uc788\ub294 \uac83\uc744 \uc7a1\uc73c\ub824\uace0\n"
                },
                "14": {
                    "verse_nr": 14,
                    "verse": "\ud46f\ub300\ub97c \ud5a5\ud558\uc5ec \uadf8\ub9ac\uc2a4\ub3c4 \uc608\uc218 \uc548\uc5d0\uc11c \ud558\ub098\ub2d8\uc774 \uc704\uc5d0\uc11c \ubd80\ub974\uc2e0 \ubd80\ub984\uc758 \uc0c1\uc744 \uc704\ud558\uc5ec \uc887\uc544\uac00\ub178\ub77c\n"
                },
                "15": {
                    "verse_nr": 15,
                    "verse": "\uadf8\ub7ec\ubbc0\ub85c \ub204\uad6c\ub4e0\uc9c0 \uc6b0\ub9ac \uc628\uc804\ud788 \uc774\ub8ec \uc790\ub4e4\uc740 \uc774\ub807\uac8c \uc0dd\uac01\ud560\uc9c0\ub2c8 \ub9cc\uc77c \ubb34\uc2a8 \uc77c\uc5d0 \ub108\ud76c\uac00 \ub2ec\ub9ac \uc0dd\uac01\ud558\uba74 \ud558\ub098\ub2d8\uc774 \uc774\uac83\ub3c4 \ub108\ud76c\uc5d0\uac8c \ub098\ud0c0\ub0b4\uc2dc\ub9ac\ub77c\n"
                },
                "16": {
                    "verse_nr": 16,
                    "verse": "\uc624\uc9c1 \uc6b0\ub9ac\uac00 \uc5b4\ub514\uae4c\uc9c0 \uc774\ub974\ub800\ub4e0\uc9c0 \uadf8\ub300\ub85c \ud589\ud560 \uac83\uc774\ub77c\n"
                },
                "17": {
                    "verse_nr": 17,
                    "verse": "\ud615\uc81c\ub4e4\uc544 \ub108\ud76c\ub294 \ud568\uaed8 \ub098\ub97c \ubcf8\ubc1b\uc73c\ub77c \ub610 \uc6b0\ub9ac\ub85c \ubcf8\uc744 \uc0bc\uc740 \uac83\uac19\uc774 \uadf8\ub300\ub85c \ud589\ud558\ub294 \uc790\ub4e4\uc744 \ubcf4\uc774\ub77c\n"
                },
                "18": {
                    "verse_nr": 18,
                    "verse": "\ub0b4\uac00 \uc5ec\ub7ec \ubc88 \ub108\ud76c\uc5d0\uac8c \ub9d0\ud558\uc600\uac70\ub2c8\uc640 \uc774\uc81c\ub3c4 \ub208\ubb3c\uc744 \ud758\ub9ac\uba70 \ub9d0\ud558\ub178\ub2c8 \uc5ec\ub7ec \uc0ac\ub78c\ub4e4\uc774 \uadf8\ub9ac\uc2a4\ub3c4 \uc2ed\uc790\uac00\uc758 \uc6d0\uc218\ub85c \ud589\ud558\ub290\ub2c8\ub77c\n"
                },
                "19": {
                    "verse_nr": 19,
                    "verse": "\uc800\ud76c\uc758 \ub9c8\uce68\uc740 \uba78\ub9dd\uc774\uc694 \uc800\ud76c\uc758 \uc2e0\uc740 \ubc30\uc694 \uadf8 \uc601\uad11\uc740 \uc800\ud76c\uc758 \ubd80\ub044\ub7ec\uc6c0\uc5d0 \uc788\uace0 \ub545\uc758 \uc77c\uc744 \uc0dd\uac01\ud558\ub294 \uc790\ub77c\n"
                },
                "20": {
                    "verse_nr": 20,
                    "verse": "\uc624\uc9c1 \uc6b0\ub9ac\uc758 \uc2dc\ubbfc\uad8c\uc740 \ud558\ub298\uc5d0 \uc788\ub294\uc9c0\ub77c \uac70\uae30\ub85c\uc11c \uad6c\uc6d0\ud558\ub294 \uc790 \uace7 \uc8fc \uc608\uc218 \uadf8\ub9ac\uc2a4\ub3c4\ub97c \uae30\ub2e4\ub9ac\ub178\ub2c8\n"
                },
                "21": {
                    "verse_nr": 21,
                    "verse": "\uadf8\uac00 \ub9cc\ubb3c\uc744 \uc790\uae30\uc5d0\uac8c \ubcf5\uc885\ucf00 \ud558\uc2e4 \uc218 \uc788\ub294 \uc790\uc758 \uc5ed\uc0ac\ub85c \uc6b0\ub9ac\uc758 \ub0ae\uc740 \ubab8\uc744 \uc790\uae30 \uc601\uad11\uc758 \ubab8\uc758 \ud615\uccb4\uc640 \uac19\uc774 \ubcc0\ucf00 \ud558\uc2dc\ub9ac\ub77c\n"
                }
            }
        },
        "4": {
            "chapter_nr": 4,
            "chapter": {
                "1": {
                    "verse_nr": 1,
                    "verse": "\uadf8\ub7ec\ubbc0\ub85c \ub098\uc758 \uc0ac\ub791\ud558\uace0 \uc0ac\ubaa8\ud558\ub294 \ud615\uc81c\ub4e4,\ub098\uc758 \uae30\uc068\uc774\uc694 \uba74\ub958\uad00\uc778 \uc0ac\ub791\ud558\ub294 \uc790\ub4e4\uc544 \uc774\uc640 \uac19\uc774 \uc8fc \uc548\uc5d0 \uc11c\ub77c\n"
                },
                "2": {
                    "verse_nr": 2,
                    "verse": "\ub0b4\uac00 \uc720\uc624\ub514\uc544\ub97c \uad8c\ud558\uace0 \uc21c\ub450\uac8c\ub97c \uad8c\ud558\ub178\ub2c8 \uc8fc \uc548\uc5d0\uc11c \uac19\uc740 \ub9c8\uc74c\uc744 \ud488\uc73c\ub77c\n"
                },
                "3": {
                    "verse_nr": 3,
                    "verse": "\ub610 \ucc38\uc73c\ub85c \ub098\uc640 \uba4d\uc5d0\ub97c \uac19\uc774 \ud55c \uc790 \ub124\uac8c \uad6c\ud558\ub178\ub2c8 \ubcf5\uc74c\uc5d0 \ub098\uc640 \ud568\uaed8 \ud798\uc4f0\ub358 \uc800 \ubd80\ub140\ub4e4\uc744 \ub3d5\uace0 \ub610\ud55c \uae00\ub808\uba58\ub4dc\uc640 \uadf8 \uc704\uc5d0 \ub098\uc758 \ub3d9\uc5ed\uc790\ub4e4\uc744 \ub3c4\uc6b0\ub77c \uadf8 \uc774\ub984\ub4e4\uc774 \uc0dd\uba85\ucc45\uc5d0 \uc788\ub290\ub2c8\ub77c\n"
                },
                "4": {
                    "verse_nr": 4,
                    "verse": "\uc8fc \uc548\uc5d0\uc11c \ud56d\uc0c1 \uae30\ubed0\ud558\ub77c ! \ub0b4\uac00 \ub2e4\uc2dc \ub9d0\ud558\ub178\ub2c8 \uae30\ubed0\ud558\ub77c !\n"
                },
                "5": {
                    "verse_nr": 5,
                    "verse": "\ub108\ud76c \uad00\uc6a9\uc744 \ubaa8\ub4e0 \uc0ac\ub78c\uc5d0\uac8c \uc54c\uac8c \ud558\ub77c \uc8fc\uaed8\uc11c \uac00\uae4c\uc6b0\uc2dc\ub2c8\ub77c\n"
                },
                "6": {
                    "verse_nr": 6,
                    "verse": "\uc544\ubb34 \uac83\ub3c4 \uc5fc\ub824\ud558\uc9c0 \ub9d0\uace0 \uc624\uc9c1 \ubaa8\ub4e0 \uc77c\uc5d0 \uae30\ub3c4\uc640 \uac04\uad6c\ub85c \ub108\ud76c \uad6c\ud560 \uac83\uc744 \uac10\uc0ac\ud568\uc73c\ub85c \ud558\ub098\ub2d8\uaed8 \uc544\ub8b0\ub77c\n"
                },
                "7": {
                    "verse_nr": 7,
                    "verse": "\uadf8\ub9ac\ud558\uba74 \ubaa8\ub4e0 \uc9c0\uac01\uc5d0 \ub6f0\uc5b4\ub09c \ud558\ub098\ub2d8\uc758 \ud3c9\uac15\uc774 \uadf8\ub9ac\uc2a4\ub3c4 \uc608\uc218 \uc548\uc5d0\uc11c \ub108\ud76c \ub9c8\uc74c\uacfc \uc0dd\uac01\uc744 \uc9c0\ud0a4\uc2dc\ub9ac\ub77c\n"
                },
                "8": {
                    "verse_nr": 8,
                    "verse": "\uc885\ub9d0\ub85c \ud615\uc81c\ub4e4\uc544 \ubb34\uc5c7\uc5d0\ub4e0\uc9c0 \ucc38\ub418\uba70, \ubb34\uc5c7\uc5d0\ub4e0\uc9c0 \uacbd\uac74\ud558\uba70, \ubb34\uc5c7\uc5d0\ub4e0\uc9c0 \uc633\uc73c\uba70, \ubb34\uc5c7\uc5d0\ub4e0\uc9c0 \uc815\uacb0\ud558\uba70, \ubb34\uc5c7\uc5d0\ub4e0\uc9c0 \uc0ac\ub791\ud560 \ub9cc\ud558\uba70, \ubb34\uc5c7\uc5d0\ub4e0\uc9c0 \uce6d\ucc2c\ud560 \ub9cc\ud558\uba70, \ubb34\uc2a8 \ub355\uc774 \uc788\ub4e0\uc9c0, \ubb34\uc2a8 \uae30\ub9bc\uc774 \uc788\ub4e0\uc9c0, \uc774\uac83\ub4e4\uc744 \uc0dd\uac01\ud558\ub77c !\n"
                },
                "9": {
                    "verse_nr": 9,
                    "verse": "\ub108\ud76c\ub294 \ub0b4\uac8c \ubc30\uc6b0\uace0 \ubc1b\uace0 \ub4e3\uace0 \ubcf8 \ubc14\ub97c \ud589\ud558\ub77c \uadf8\ub9ac\ud558\uba74 \ud3c9\uac15\uc758 \ud558\ub098\ub2d8\uc774 \ub108\ud76c\uc640 \ud568\uaed8 \uacc4\uc2dc\ub9ac\ub77c\n"
                },
                "10": {
                    "verse_nr": 10,
                    "verse": "\ub0b4\uac00 \uc8fc \uc548\uc5d0\uc11c \ud06c\uac8c \uae30\ubed0\ud568\uc740 \ub108\ud76c\uac00 \ub098\ub97c \uc0dd\uac01\ud558\ub358 \uac83\uc774 \uc774\uc81c \ub2e4\uc2dc \uc2f9\uc774 \ub0a8\uc774\ub2c8 \ub108\ud76c\uac00 \ub610\ud55c \uc774\ub97c \uc704\ud558\uc5ec \uc0dd\uac01\uc740 \ud558\uc600\uc73c\ub098 \uae30\ud68c\uac00 \uc5c6\uc5c8\ub290\ub2c8\ub77c\n"
                },
                "11": {
                    "verse_nr": 11,
                    "verse": "\ub0b4\uac00 \uad81\ud54d\ud558\ubbc0\ub85c \ub9d0\ud558\ub294 \uac83\uc774 \uc544\ub2c8\ub77c \uc5b4\ub5a0\ud55c \ud615\ud3b8\uc5d0\ub4e0\uc9c0 \ub0b4\uac00 \uc790\uc871\ud558\uae30\ub97c \ubc30\uc6e0\ub178\ub2c8\n"
                },
                "12": {
                    "verse_nr": 12,
                    "verse": "\ub0b4\uac00 \ube44\ucc9c\uc5d0 \ucc98\ud560 \uc904\ub3c4 \uc54c\uace0 \ud48d\ubd80\uc5d0 \ucc98\ud560 \uc904\ub3c4 \uc54c\uc544 \ubaa8\ub4e0 \uc77c\uc5d0 \ubc30\ubd80\ub974\uba70 \ubc30\uace0\ud514\uacfc \ud48d\ubd80\uc640 \uad81\ud54d\uc5d0\ub3c4 \uc77c\uccb4\uc758 \ube44\uacb0\uc744 \ubc30\uc6e0\ub178\ub77c\n"
                },
                "13": {
                    "verse_nr": 13,
                    "verse": "\ub0b4\uac8c \ub2a5\ub825 \uc8fc\uc2dc\ub294 \uc790 \uc548\uc5d0\uc11c \ub0b4\uac00 \ubaa8\ub4e0 \uac83\uc744 \ud560 \uc218 \uc788\ub290\ub2c8\ub77c !\n"
                },
                "14": {
                    "verse_nr": 14,
                    "verse": "\uadf8\ub7ec\ub098 \ub108\ud76c\uac00 \ub0b4 \uad34\ub85c\uc6c0\uc5d0 \ud568\uaed8 \ucc38\uc608\ud558\uc600\uc73c\ub2c8 \uc798\ud558\uc600\ub3c4\ub2e4\n"
                },
                "15": {
                    "verse_nr": 15,
                    "verse": "\ube4c\ub9bd\ubcf4 \uc0ac\ub78c\ub4e4\uc544 ! \ub108\ud76c\ub3c4 \uc54c\uac70\ub2c8\uc640 \ubcf5\uc74c\uc758 \uc2dc\ucd08\uc5d0 \ub0b4\uac00 \ub9c8\uac8c\ub3c4\ub0d0\ub97c \ub5a0\ub0a0 \ub54c\uc5d0 \uc8fc\uace0 \ubc1b\ub294 \ub0b4 \uc77c\uc5d0 \ucc38\uc608\ud55c \uad50\ud68c\uac00 \ub108\ud76c \uc678\uc5d0 \uc544\ubb34\ub3c4 \uc5c6\uc5c8\ub290\ub2c8\ub77c\n"
                },
                "16": {
                    "verse_nr": 16,
                    "verse": "\ub370\uc0b4\ub85c\ub2c8\uac00\uc5d0 \uc788\uc744 \ub54c\uc5d0\ub3c4 \ub108\ud76c\uac00 \ud55c \ubc88 \ub450 \ubc88 \ub098\uc758 \uc4f8 \uac83\uc744 \ubcf4\ub0b4\uc5c8\ub3c4\ub2e4\n"
                },
                "17": {
                    "verse_nr": 17,
                    "verse": "\ub0b4\uac00 \uc120\ubb3c\uc744 \uad6c\ud568\uc774 \uc544\ub2c8\uc694 \uc624\uc9c1 \ub108\ud76c\uc5d0\uac8c \uc720\uc775\ud558\ub3c4\ub85d \uacfc\uc2e4\uc774 \ubc88\uc131\ud558\uae30\ub97c \uad6c\ud568\uc774\ub77c\n"
                },
                "18": {
                    "verse_nr": 18,
                    "verse": "\ub0b4\uac8c\ub294 \ubaa8\ub4e0 \uac83\uc774 \uc788\uace0 \ub610 \ud48d\ubd80\ud55c\uc9c0\ub77c \uc5d0\ubc14\ube0c\ub85c\ub514\ub3c4 \ud3b8\uc5d0 \ub108\ud76c\uc758 \uc900 \uac83\uc744 \ubc1b\uc73c\ubbc0\ub85c \ub0b4\uac00 \ud48d\uc871\ud558\ub2c8 \uc774\ub294 \ubc1b\uc73c\uc2e4 \ub9cc\ud55c \ud5a5\uae30\ub85c\uc6b4 \uc81c\ubb3c\uc774\uc694 \ud558\ub098\ub2d8\uc744 \uae30\uc058\uc2dc\uac8c \ud55c \uac83\uc774\ub77c\n"
                },
                "19": {
                    "verse_nr": 19,
                    "verse": "\ub098\uc758 \ud558\ub098\ub2d8\uc774 \uadf8\ub9ac\uc2a4\ub3c4 \uc608\uc218 \uc548\uc5d0\uc11c \uc601\uad11 \uac00\uc6b4\ub370 \uadf8 \ud48d\uc131\ud55c \ub300\ub85c \ub108\ud76c \ubaa8\ub4e0 \uc4f8 \uac83\uc744 \ucc44\uc6b0\uc2dc\ub9ac\ub77c\n"
                },
                "20": {
                    "verse_nr": 20,
                    "verse": "\ud558\ub098\ub2d8 \uace7 \uc6b0\ub9ac \uc544\ubc84\uc9c0\uaed8 \uc138\uc138 \ubb34\uad81\ud1a0\ub85d \uc601\uad11\uc744 \ub3cc\ub9b4\uc9c0\uc5b4\ub2e4 \uc544\uba58\n"
                },
                "21": {
                    "verse_nr": 21,
                    "verse": "\uadf8\ub9ac\uc2a4\ub3c4 \uc608\uc218 \uc548\uc5d0 \uc788\ub294 \uc131\ub3c4\uc5d0\uac8c \uac01\uac01 \ubb38\uc548\ud558\ub77c \ub098\uc640 \ud568\uaed8 \uc788\ub294 \ud615\uc81c\ub4e4\uc774 \ub108\ud76c\uc5d0\uac8c \ubb38\uc548\ud558\uace0\n"
                },
                "22": {
                    "verse_nr": 22,
                    "verse": "\ubaa8\ub4e0 \uc131\ub3c4\ub4e4\uc774 \ub108\ud76c\uc5d0\uac8c \ubb38\uc548\ud558\ub418 \ud2b9\ubcc4\ud788 \uac00\uc774\uc0ac \uc9d1 \uc0ac\ub78c \uc911 \uba87\uc774\ub2c8\ub77c\n"
                },
                "23": {
                    "verse_nr": 23,
                    "verse": "\uc8fc \uc608\uc218 \uadf8\ub9ac\uc2a4\ub3c4\uc758 \uc740\ud61c\uac00 \ub108\ud76c \uc2ec\ub839\uc5d0 \uc788\uc744\uc9c0\uc5b4\ub2e4\n"
                }
            }
        }
    }
}