{
    "version": "SKD",
    "book_name": "Ruth",
    "book_nr": "8",
    "book": {
        "1": {
            "chapter_nr": "1",
            "chapter": {
                "1": {
                    "verse_nr": "1",
                    "verse": "A u ono vrijeme kad su\u00f0ahu sudije bi glad u zemlji; i jedan \u00e8ovjek iz Vitlejema Judina otide da \u017eivi kao do\u0161ljak u zemlji Moavskoj sa \u017eenom svojom i sa dva sina svoja."
                },
                "2": {
                    "verse_nr": "2",
                    "verse": "A ime tomu \u00e8ovjeku bje\u0161e Elimeleh, a \u017eeni mu ime Nojemina, a imena dvojice sinova njegovijeh Malon i Heleon; i bijahu Efra\u00e6ani, iz Vitlejema Judina; i do\u00f0o\u0161e u zemlju Moavsku i nastani\u0161e se ondje."
                },
                "3": {
                    "verse_nr": "3",
                    "verse": "Potom umrije Elimeleh mu\u017e Nojeminin i ona osta sa dva sina svoja."
                },
                "4": {
                    "verse_nr": "4",
                    "verse": "Oni se o\u017eeni\u0161e Moavkama: jednoj bje\u0161e ime Orfa a drugoj Ruta; i ondje stajahu do deset godina."
                },
                "5": {
                    "verse_nr": "5",
                    "verse": "Potom umrije\u0161e obojica, Malon i Heleon; i \u017eena osta bez dva sina svoja i bez mu\u017ea svojega."
                },
                "6": {
                    "verse_nr": "6",
                    "verse": "Tada se ona podi\u017ee sa snahama svojima da se vrati iz zemlje Moavske, jer \u00e8u u zemlji Moavskoj da je Gospod pohodio narod svoj dav\u0161i im hljeba."
                },
                "7": {
                    "verse_nr": "7",
                    "verse": "I izide iz mjesta gdje bija\u0161e, i obje snahe njezine s njom; po\u00f0o\u0161e putem da se vrate u zemlju Judinu."
                },
                "8": {
                    "verse_nr": "8",
                    "verse": "Tada re\u00e8e Nojemina objema snahama svojima: idite, vratite se svaka u dom matere svoje; Gospod neka vam u\u00e8ini milost kao \u0161to vi u\u00e8iniste umrlima i meni."
                },
                "9": {
                    "verse_nr": "9",
                    "verse": "Da vam da Gospod da na\u00f0ete po\u00e8inak svaka u domu mu\u017ea svojega. I poljubi ih; a one povikav\u0161i zaplaka\u0161e,"
                },
                "10": {
                    "verse_nr": "10",
                    "verse": "I reko\u0161e joj: ne, nego \u00e6emo se s tobom vratiti u tvoj narod."
                },
                "11": {
                    "verse_nr": "11",
                    "verse": "A Nojemina im re\u00e8e: idite natrag, k\u00e6eri moje; \u0161to biste i\u0161le sa mnom? zar \u00e6u jo\u0161 imati sinova u utrobi svojoj da vam budu mu\u017eevi?"
                },
                "12": {
                    "verse_nr": "12",
                    "verse": "Vratite se, k\u00e6eri moje, idite; jer sam ostarjela i nijesam za udaju. A i da ka\u017eem da se nadam i da se jo\u0161 no\u00e6as udam, i da rodim sinove,"
                },
                "13": {
                    "verse_nr": "13",
                    "verse": "Zar \u00e6ete ih vi \u00e8ekati dok odrastu? zar \u00e6ete toga radi stajati neudate? Nemojte, k\u00e6eri moje; jer su moji jadi ve\u00e6i od va\u0161ih, jer se ruka Gospodnja podigla na me."
                },
                "14": {
                    "verse_nr": "14",
                    "verse": "Tada one podigav\u0161i glas svoj plaka\u0161e opet; i Orfa poljubi svekrvu svoju; a Ruta osta kod nje."
                },
                "15": {
                    "verse_nr": "15",
                    "verse": "A ona joj re\u00e8e: eto, jetrva se tvoja vratila narodu svojemu i k bogovima svojim; vrati se i ti za jetrvom svojom."
                },
                "16": {
                    "verse_nr": "16",
                    "verse": "Ali Ruta re\u00e8e: nemoj me nagovarati da te ostavim i od tebe otidem; jer kuda god ti ide\u0161, idem i ja; i gdje se god ti nastani\u0161, nastani\u00e6u se i ja; tvoj je narod moj narod, i tvoj je Bog moj Bog."
                },
                "17": {
                    "verse_nr": "17",
                    "verse": "Gdje ti umrije\u0161, umrije\u00e6u i ja, i ondje \u00e6u biti pogrebena. To neka mi u\u00e8ini Gospod i to neka mi doda, smrt \u00e6e me samo rastaviti s tobom."
                },
                "18": {
                    "verse_nr": "18",
                    "verse": "A ona kad vidje da je tvrdo naumila i\u00e6i s njom, presta je odvra\u00e6ati."
                },
                "19": {
                    "verse_nr": "19",
                    "verse": "Tako ido\u0161e obje dok ne do\u00f0o\u0161e u Vitlejem; a kad do\u00f0o\u0161e u Vitlejem, sav grad uzavre njih radi, i govorahu: je li to Nojemina?"
                },
                "20": {
                    "verse_nr": "20",
                    "verse": "A ona im govora\u0161e: ne zovite me vi\u0161e Nojemina, nego me zovite Mara, jer mi velike jade zadade svemogu\u00e6i."
                },
                "21": {
                    "verse_nr": "21",
                    "verse": "Obilna sam oti\u0161la, a praznu me vrati Gospod. Za\u0161to me zovete Nojemina, kad me Gospod obori i svemogu\u00e6i me ucvijeli."
                },
                "22": {
                    "verse_nr": "22",
                    "verse": "Tako do\u00f0e natrag Nojemina i s njom Ruta Moavka, snaha njezina, vrativ\u0161i se iz zemlje Moavske; a do\u00f0o\u0161e u Vitlejem o po\u00e8etku je\u00e8mene \u017eetve."
                }
            }
        },
        "2": {
            "chapter_nr": "2",
            "chapter": {
                "1": {
                    "verse_nr": "1",
                    "verse": "A bija\u0161e jedan \u00e8ovjek, rod mu\u017eu Nojemininu, \u00e8ovjek bogat od porodice Elimelehove, kojemu ime bija\u0161e Voz."
                },
                "2": {
                    "verse_nr": "2",
                    "verse": "I Ruta Moavka re\u00e8e Nojemini: da idem u polje da pabir\u00e8im klasje za onijem pred kim na\u00f0em milost. A ona joj re\u00e8e: idi, k\u00e6eri moja."
                },
                "3": {
                    "verse_nr": "3",
                    "verse": "I ona otide, i do\u0161av\u0161i stade pabir\u00e8iti po njivi za \u017eeteocima: i dogodi se, te do\u00f0e na njivu koja pripada\u0161e Vozu, koji bija\u0161e od porodice Elimelehove."
                },
                "4": {
                    "verse_nr": "4",
                    "verse": "I gle, do\u00f0e Voz iz Vitlejema, i re\u00e8e \u017eeteocima: Gospod da je s vama! I oni mu reko\u0161e: da te blagoslovi Gospod!"
                },
                "5": {
                    "verse_nr": "5",
                    "verse": "Tada re\u00e8e Voz sluzi svojemu koji bija\u0161e nad \u017eeteocima: \u00e8ija je ona mladica?"
                },
                "6": {
                    "verse_nr": "6",
                    "verse": "A sluga koji bje\u0161e nad \u017eeteocima odgovori mu: Moavka je mladica koja se vratila s Nojeminom iz zemlje Moavske."
                },
                "7": {
                    "verse_nr": "7",
                    "verse": "I re\u00e8e: da pabir\u00e8im, da kupim klasje izme\u00f0u snopova za \u017eeteocima. I do\u0161av\u0161i bavi se od jutra do sada; samo je malo bila kod ku\u00e6e."
                },
                "8": {
                    "verse_nr": "8",
                    "verse": "Tada Voz re\u00e8e Ruti: \u00e8uje\u0161, k\u00e6eri moja; nemoj i\u00e6i na drugu njivu da pabir\u00e8i\u0161, niti odlazi odavde, nego se dr\u017ei mojih djevojaka."
                },
                "9": {
                    "verse_nr": "9",
                    "verse": "Pazi na kojoj njivi oni \u017eanju, pa idi za njima; jer sam zapovjedio momcima svojim da te niko ne dira; a kad o\u017eedni\u0161, idi k sudovima i pij \u0161to moje sluge zahitaju."
                },
                "10": {
                    "verse_nr": "10",
                    "verse": "Tada ona pade ni\u00e8ice i pokloni se do zemlje, i re\u00e8e mu: kako na\u00f0oh milost pred tobom, da me pogleda\u0161, kad sam tu\u00f0inka?"
                },
                "11": {
                    "verse_nr": "11",
                    "verse": "A Voz odgovori i re\u00e8e joj: \u00e8uo sam ja sve \u0161to si \u00e8inila svekrvi svojoj po smrti mu\u017ea svojega, i kako si ostavila oca svojega i mater svoju i postojbinu svoju, pa si do\u0161la k narodu kojega nijesi znala prije."
                },
                "12": {
                    "verse_nr": "12",
                    "verse": "Gospod da ti plati za djelo tvoje, i da ti plata bude potpuna od Gospoda Boga Izrailjeva, kad si do\u0161la da se pod krilima njegovijem skloni\u0161."
                },
                "13": {
                    "verse_nr": "13",
                    "verse": "A ona re\u00e8e: na\u00f0oh milost pred tobom, gospodaru, jer si me utje\u0161io i milostivo progovorio slu\u0161kinji svojoj, ako i nijesam kao jedna od tvojih slu\u0161kinja."
                },
                "14": {
                    "verse_nr": "14",
                    "verse": "A Voz joj re\u00e8e: kad bude vrijeme jesti, do\u00f0i ovamo i jedi hljeba i umo\u00e8i zalogaj svoj u ocat. I ona sjede pokraj \u017eetelaca, i on joj pru\u017ei pr\u017eenijeh zrna, i ona jede i nasiti se, i prete\u00e8e joj."
                },
                "15": {
                    "verse_nr": "15",
                    "verse": "Potom usta da pabir\u00e8i. A Voz zapovjedi momcima svojim govore\u00e6i: neka pabir\u00e8i i me\u00f0u snopovima, nemojte da je zastidite."
                },
                "16": {
                    "verse_nr": "16",
                    "verse": "Nego jo\u0161 navla\u0161 ispu\u0161tajte rukoveti i ostavljajte joj neka kupi, i ne korite je."
                },
                "17": {
                    "verse_nr": "17",
                    "verse": "I ona pabir\u00e8i na njivi do ve\u00e8era, i ovr\u0161e \u0161to napabir\u00e8i, i do\u00f0e oko efe je\u00e8ma."
                },
                "18": {
                    "verse_nr": "18",
                    "verse": "I uzev\u0161i otide u grad, i vidje svekrva njezina \u0161ta je napabir\u00e8ila; a ona izvadi i dade joj i ono \u0161to joj je preteklo po\u0161to se nasitila."
                },
                "19": {
                    "verse_nr": "19",
                    "verse": "I re\u00e8e joj svekrva: gdje si pabir\u00e8ila danas? i gdje si radila? Da je blagosloven koji te je pogledao! A ona kaza svekrvi svojoj kod koga je radila govore\u00e6i: ime je \u00e8ovjeku kod kojega sam danas radila Voz."
                },
                "20": {
                    "verse_nr": "20",
                    "verse": "A Nojemina re\u00e8e snasi svojoj: Gospod da ga blagoslovi, kad nije ukratio milosti svoje k \u017eivima i k mrtvima. I re\u00e8e joj Nojemina: taj je \u00e8ovjek nama rod, i jedan od osvetnika na\u0161ih."
                },
                "21": {
                    "verse_nr": "21",
                    "verse": "A Ruta Moavka re\u00e8e: jo\u0161 mi je rekao: dr\u017ei se moje \u00e8eljadi dokle ne po\u017eanju sve moje."
                },
                "22": {
                    "verse_nr": "22",
                    "verse": "A Nojemina re\u00e8e Ruti snasi svojoj: dobro je, k\u00e6eri moja, da ide\u0161 s njegovijem djevojkama, da te ne bi dirali na drugoj njivi."
                },
                "23": {
                    "verse_nr": "23",
                    "verse": "I tako se dr\u017ea\u0161e djevojaka Vozovijeh pabir\u00e8e\u00e6i dokle se ne svr\u0161i \u017eetva je\u00e8mena i \u017eetva p\u0161eni\u00e8na; i \u017eivlja\u0161e kod svekrve svoje."
                }
            }
        },
        "3": {
            "chapter_nr": "3",
            "chapter": {
                "1": {
                    "verse_nr": "1",
                    "verse": "Potom re\u00e8e joj Nojemina svekrva njezina: k\u00e6eri moja, ne treba li da ti potra\u017eim po\u00e8inka, da bi ti dobro bilo?"
                },
                "2": {
                    "verse_nr": "2",
                    "verse": "Evo, nije li nam rod Voz, kod kojega si bila s djevojkama njegovijem? evo, on \u00e6e ovu no\u00e6 vijati je\u00e8am na gumnu."
                },
                "3": {
                    "verse_nr": "3",
                    "verse": "Umij se dakle, i nama\u017ei se, i obuci haljine svoje na se, pa idi na gumno; ali da ne dozna za te \u00e8ovjek dokle ne jede i ne napije se."
                },
                "4": {
                    "verse_nr": "4",
                    "verse": "Pa kad legne, zapamti mjesto gdje legne, pa onda otidi i digni pokriva\u00e8 s nogu njegovijeh, te lezi ondje; a on \u00e6e ti kazati \u0161ta \u00e6e\u0161 raditi."
                },
                "5": {
                    "verse_nr": "5",
                    "verse": "A Ruta joj re\u00e8e: \u0161to mi god ka\u017ee\u0161, u\u00e8ini\u00e6u."
                },
                "6": {
                    "verse_nr": "6",
                    "verse": "I otide na gumno i u\u00e8ini sve \u0161to joj zapovjedi svekrva."
                },
                "7": {
                    "verse_nr": "7",
                    "verse": "A Voz jedav\u0161i i piv\u0161i i proveseliv\u0161i se otide te le\u017ee kod stoga; a ona do\u00f0e polako, podi\u017ee pokriva\u00e8 s nogu njegovijeh i le\u017ee."
                },
                "8": {
                    "verse_nr": "8",
                    "verse": "A kad bi oko pono\u00e6i tr\u017ee se \u00e8ovjek i obrnu se, a gle, \u017eena le\u017ea\u0161e kod nogu njegovijeh."
                },
                "9": {
                    "verse_nr": "9",
                    "verse": "I on joj re\u00e8e: ko si? Odgovori: ja sam Ruta slu\u0161kinja tvoja; ra\u0161iri krilo svoje na slu\u0161kinju svoju, jer si mi osvetnik."
                },
                "10": {
                    "verse_nr": "10",
                    "verse": "A on re\u00e8e: Gospod da te blagoslovi, k\u00e6eri moja; ova potonja milost koju mi pokazuje\u0161 ve\u00e6a je od prve, \u0161to nijesi tra\u017eila mladi\u00e6a, ni siroma\u0161na ni bogata."
                },
                "11": {
                    "verse_nr": "11",
                    "verse": "Zato sada, k\u00e6eri moja, ne boj se; \u0161to god re\u00e8e\u0161 u\u00e8ini\u00e6u ti; jer zna cijelo mjesto naroda mojega da si po\u0161tena \u017eena."
                },
                "12": {
                    "verse_nr": "12",
                    "verse": "Jest istina, ja sam ti osvetnik; ali ima jo\u0161te bli\u017ei od mene."
                },
                "13": {
                    "verse_nr": "13",
                    "verse": "Preno\u00e6i ovdje; pa sjutra ako te htjedbude uzeti, dobro, neka uzme; ako li ne htjedbude uzeti, ja \u00e6u te uzeti, tako \u017eiv bio Gospod! Spavaj do jutra."
                },
                "14": {
                    "verse_nr": "14",
                    "verse": "I ona spava kod nogu njegovijeh do jutra; potom usta dok jo\u0161 ne moga\u0161e \u00e8ovjek \u00e8ovjeka raspoznati, jer Voz re\u00e8e: da se ne dozna da je \u017eena dolazila na gumno."
                },
                "15": {
                    "verse_nr": "15",
                    "verse": "I re\u00e8e: daj ogrta\u00e8 koji ima\u0161 na sebi; i dr\u017ei ga. I ona ga podr\u017ea, a on joj izmjeri \u0161est mjerica je\u00e8ma, i naprti joj i ona otide u grad."
                },
                "16": {
                    "verse_nr": "16",
                    "verse": "I do\u00f0e svekrvi svojoj, koja joj re\u00e8e: \u0161ta bi, k\u00e6eri moja? A ona joj kaza sve \u0161to joj u\u00e8ini onaj \u00e8ovjek."
                },
                "17": {
                    "verse_nr": "17",
                    "verse": "I re\u00e8e: ovijeh \u0161est mjerica je\u00e8ma dade mi, jer mi re\u00e8e: nemoj se vratiti prazna k svekrvi svojoj."
                },
                "18": {
                    "verse_nr": "18",
                    "verse": "A ona joj re\u00e8e: po\u00e8ekaj, k\u00e6eri moja, dok dozna\u0161 kako \u00e6e iza\u00e6i; jer onaj \u00e8ovjek ne\u00e6e se smiriti dok ne svr\u0161i stvar danas."
                }
            }
        },
        "4": {
            "chapter_nr": "4",
            "chapter": {
                "1": {
                    "verse_nr": "1",
                    "verse": "A Voz izide na vrata gradska, i sjede ondje. I gle, nai\u00f0e onaj osvetnik, za kojega Voz govora\u0161e, i re\u00e8e mu Voz: hodi ovamo, sjedi ovdje. I on do\u00f0e i sjede."
                },
                "2": {
                    "verse_nr": "2",
                    "verse": "Potom uze Voz deset ljudi izme\u00f0u starje\u0161ina gradskih i re\u00e8e: posjedajte ovdje. I posjeda\u0161e."
                },
                "3": {
                    "verse_nr": "3",
                    "verse": "Tada re\u00e8e onomu osvetniku: njivu koja je bila brata na\u0161ega Elimeleha prodala je Nojemina, koja se vratila iz zemlje Moavske."
                },
                "4": {
                    "verse_nr": "4",
                    "verse": "Zato rekoh: da javim tebi, i ka\u017eem ti: uzmi njivu pred ovima \u0161to sjede ovdje i pred starje\u0161inama naroda mojega; ako \u00e6e\u0161 otkupiti, otkupi; ako li ne\u00e6e\u0161 otkupiti, ka\u017ei mi da znam; jer osim tebe nema drugoga koji bi otkupio, a poslije tebe idem ja. A on re\u00e8e: ja \u00e6u otkupiti."
                },
                "5": {
                    "verse_nr": "5",
                    "verse": "A Voz re\u00e8e: u koji dan uzme\u0161 njivu iz ruke Nojeminine, treba da uzme\u0161 i Rutu Moavku \u017eenu umrloga, da podigne\u0161 ime umrlomu u na\u0161ljedstvu njegovu."
                },
                "6": {
                    "verse_nr": "6",
                    "verse": "Tada re\u00e8e onaj osvetnik: ne mogu otkupiti, da ne raspem svojega na\u0161ljedstva; otkupi ti \u0161to bi trebalo da ja otkupim, jer ja ne mogu otkupiti."
                },
                "7": {
                    "verse_nr": "7",
                    "verse": "A bija\u0161e od starine obi\u00e8aj u Izrailju o otkupljivanju i promijenjivanju, da bi svaka stvar bila tvrda, da jedan izuje obu\u00e6u svoju i da drugomu, i to bija\u0161e svedod\u017eba u Izrailju."
                },
                "8": {
                    "verse_nr": "8",
                    "verse": "Kad dakle onaj osvetnik re\u00e8e Vozu: uzmi ti, izu obu\u00e6u svoju."
                },
                "9": {
                    "verse_nr": "9",
                    "verse": "A Voz re\u00e8e starje\u0161inama i svemu narodu: vi ste svjedoci danas da sam otkupio iz ruke Nojeminine \u0161to je god bilo Elimelehovo i \u0161to je god bilo Heleonovo i Malonovo;"
                },
                "10": {
                    "verse_nr": "10",
                    "verse": "I da sam uzeo za \u017eenu Rutu Moavku \u017eenu Malonovu da podignem ime umrlomu u na\u0161ljedstvu njegovu, da ne bi poginulo ime umrlomu me\u00f0u bra\u00e6om njegovom i u mjestu njegovu; vi ste svjedoci danas."
                },
                "11": {
                    "verse_nr": "11",
                    "verse": "I sav narod koji bija\u0161e na vratima gradskim i starje\u0161ine reko\u0161e: svjedoci smo; da da Gospod da \u017eena koja dolazi u dom tvoj bude kao Rahilja i Lija, koje obje sazida\u0161e dom Izrailjev; bogati se u Efrati, i proslavi ime svoje u Vitlejemu!"
                },
                "12": {
                    "verse_nr": "12",
                    "verse": "I od sjemena koje ti Gospod da od te \u017eene, da postane dom tvoj kao dom Faresa kojega rodi Tamara Judi."
                },
                "13": {
                    "verse_nr": "13",
                    "verse": "I tako uze Voz Rutu i bi mu \u017eena, i on le\u017ee s njom, i Gospod joj dade te zatrudnje, i rodi sina."
                },
                "14": {
                    "verse_nr": "14",
                    "verse": "I reko\u0161e \u017eene Nojemini: da je blagosloven Gospod koji te nije ostavio danas bez osvetnika, da se ime njegovo slavi u Izrailju!"
                },
                "15": {
                    "verse_nr": "15",
                    "verse": "On \u00e6e ti utje\u0161iti du\u0161u i bi\u00e6e potpora starosti tvojoj, jer ga rodi snaha tvoja koja te ljubi i koja ti je bolja nego sedam sinova."
                },
                "16": {
                    "verse_nr": "16",
                    "verse": "I uze Nojemina dijete, i metnu ga na krilo svoje, i bje\u0161e mu dadilja."
                },
                "17": {
                    "verse_nr": "17",
                    "verse": "I susjede nadje\u0161e mu ime govore\u00e6i: rodi se sin Nojemini, i prozva\u0161e ga Ovid. On bi otac Jeseja oca Davidova."
                },
                "18": {
                    "verse_nr": "18",
                    "verse": "A ovo je pleme Faresovo: Fares rodi Esroma;"
                },
                "19": {
                    "verse_nr": "19",
                    "verse": "A Esrom rodi Arama; a Aram rodi Aminadava;"
                },
                "20": {
                    "verse_nr": "20",
                    "verse": "A Aminadav rodi Nasona; a Nason rodi Salmona;"
                },
                "21": {
                    "verse_nr": "21",
                    "verse": "A Salmon rodi Voza; a Voz rodi Ovida;"
                },
                "22": {
                    "verse_nr": "22",
                    "verse": "A Ovid rodi Jeseja; a Jesej rodi Davida."
                }
            }
        }
    }
}