{
    "version": "HSV",
    "book_name": "2 John",
    "book_nr": "63",
    "book": {
        "1": {
            "chapter_nr": "1",
            "chapter": {
                "1": {
                    "verse_nr": "1",
                    "verse": "De ouderling aan de uitverkoren vrouw en aan haar kinderen, die ik in waarheid liefheb \u2013 en niet alleen ik, maar ook allen die de waarheid hebben leren kennen"
                },
                "2": {
                    "verse_nr": "2",
                    "verse": "omwille van de waarheid, die in ons blijft en met ons zal zijn tot in eeuwigheid"
                },
                "3": {
                    "verse_nr": "3",
                    "verse": "genade, barmhartigheid, vrede zal met u zijn, van God de Vader en van de Heere Jezus Christus, de Zoon van de Vader, in waarheid en liefde."
                },
                "4": {
                    "verse_nr": "4",
                    "verse": "Ik heb mij zeer verblijd dat ik er onder uw kinderen gevonden heb die in de waarheid wandelen, in overeenstemming met het gebod dat wij van de Vader ontvangen hebben."
                },
                "5": {
                    "verse_nr": "5",
                    "verse": "En nu vraag ik u, vrouwe, niet alsof ik u een nieuw gebod schrijf, maar dat wat wij vanaf het begin gehad hebben: laten wij elkaar liefhebben."
                },
                "6": {
                    "verse_nr": "6",
                    "verse": "En dit is de liefde, dat wij wandelen naar Zijn geboden. Dit is het gebod zoals u vanaf het begin gehoord hebt dat u daarin moet wandelen."
                },
                "7": {
                    "verse_nr": "7",
                    "verse": "Want er zijn veel misleiders in de wereld gekomen, die niet belijden dat Jezus Christus in het vlees gekomen is. Dat is de misleider en de antichrist."
                },
                "8": {
                    "verse_nr": "8",
                    "verse": "Let op uzelf, opdat wij niet verliezen waarvoor wij gewerkt hebben, maar een vol loon mogen ontvangen."
                },
                "9": {
                    "verse_nr": "9",
                    "verse": "Ieder die overtreedt en niet blijft in de leer van Christus, die heeft God niet; wie in de leer van Christus blijft, die heeft zowel de Vader als de Zoon."
                },
                "10": {
                    "verse_nr": "10",
                    "verse": "Als iemand bij u komt en deze leer niet brengt, ontvang hem niet in huis en begroet hem niet."
                },
                "11": {
                    "verse_nr": "11",
                    "verse": "Want wie hem begroet, die heeft deel aan zijn slechte werken."
                },
                "12": {
                    "verse_nr": "12",
                    "verse": "Hoewel ik veel aan u te schrijven heb, wilde ik dat niet doen met papier en inkt; maar ik hoop naar u toe te komen en van mond tot mond met u te spreken, opdat onze blijdschap volkomen zal zijn."
                },
                "13": {
                    "verse_nr": "13",
                    "verse": "U groeten de kinderen van uw zuster, de uitverkorene. Amen."
                }
            }
        }
    }
}