{
    "version": "riveduta1927",
    "book_name": "3 John",
    "book_nr": "64",
    "book": {
        "1": {
            "chapter_nr": 1,
            "chapter": {
                "1": {
                    "verse_nr": 1,
                    "verse": "L\u2019anziano al diletto Gaio, che io amo nella verit\u00e0.\n"
                },
                "2": {
                    "verse_nr": 2,
                    "verse": "Diletto, io faccio voti che tu prosperi in ogni cosa e stii sano, come prospera l\u2019anima tua.\n"
                },
                "3": {
                    "verse_nr": 3,
                    "verse": "Perch\u00e9 mi sono grandemente rallegrato quando son venuti dei fratelli che hanno reso testimonianza della tua verit\u00e0, del modo nel quale tu cammini in verit\u00e0.\n"
                },
                "4": {
                    "verse_nr": 4,
                    "verse": "Io non ho maggiore allegrezza di questa, d\u2019udire che i miei figliuoli camminano nella verit\u00e0.\n"
                },
                "5": {
                    "verse_nr": 5,
                    "verse": "Diletto, tu operi fedelmente in quel che fai a pro dei fratelli che sono, per di pi\u00f9, forestieri.\n"
                },
                "6": {
                    "verse_nr": 6,
                    "verse": "Essi hanno reso testimonianza del tuo amore, dinanzi alla chiesa; e farai bene a provvedere al loro viaggio in modo degno di Dio;\n"
                },
                "7": {
                    "verse_nr": 7,
                    "verse": "perch\u00e9 sono partiti per amor del nome di Cristo, senza prendere alcun che dai pagani.\n"
                },
                "8": {
                    "verse_nr": 8,
                    "verse": "Noi dunque dobbiamo accogliere tali uomini, per essere cooperatori con la verit\u00e0.\n"
                },
                "9": {
                    "verse_nr": 9,
                    "verse": "Ho scritto qualcosa alla chiesa; ma Diotrefe che cerca d\u2019avere il primato fra loro, non ci riceve.\n"
                },
                "10": {
                    "verse_nr": 10,
                    "verse": "Perci\u00f2, se vengo, io ricorder\u00f2 le opere che fa, cianciando contro di noi con male parole; e non contento di questo, non solo non riceve egli stesso i fratelli, ma a quelli che vorrebbero riceverli impedisce di farlo, e li caccia fuori dalla chiesa.\n"
                },
                "11": {
                    "verse_nr": 11,
                    "verse": "Diletto, non imitare il male, ma il bene. Chi fa il bene \u00e8 da Dio; chi fa il male non ha veduto Iddio.\n"
                },
                "12": {
                    "verse_nr": 12,
                    "verse": "A Demetrio \u00e8 resa testimonianza da tutti e dalla verit\u00e0 stessa; e anche noi ne testimoniamo; e tu sai che la nostra testimonianza \u00e8 vera.\n"
                },
                "13": {
                    "verse_nr": 13,
                    "verse": "Avevo molte cose da scriverti, ma non voglio scrivertele con inchiostro e penna.\n"
                },
                "14": {
                    "verse_nr": 14,
                    "verse": "Ma spero vederti tosto, e ci parleremo a voce. (G1-15) La pace sia teco. Gli amici ti salutano. Saluta gli amici ad uno ad uno.\n"
                }
            }
        }
    }
}