{
    "version": "VULGATE",
    "book_name": "Nahum",
    "book_nr": "34",
    "book": {
        "1": {
            "chapter_nr": "1",
            "chapter": {
                "1": {
                    "verse_nr": "1",
                    "verse": "Onus Ninive. Liber visionis Nahum Elcesaei."
                },
                "2": {
                    "verse_nr": "2",
                    "verse": "Deus aemulator, et ulciscens Dominus: ulciscens Dominus, et habens furorem: ulciscens Dominus in hostes suos, et irascens ipse inimicis suis."
                },
                "3": {
                    "verse_nr": "3",
                    "verse": "Dominus patiens, et magnus fortitudine, et mundans non faciet innocentem. Dominus in tempestate et turbine viae ejus, et nebulae pulvis pedum ejus."
                },
                "4": {
                    "verse_nr": "4",
                    "verse": "Increpans mare, et exsiccans illud, et omnia flumina ad desertum deducens. Infirmatus est Basan et Carmelus, et flos Libani elanguit."
                },
                "5": {
                    "verse_nr": "5",
                    "verse": "Montes commoti sunt ab eo, et colles desolati sunt: et contremuit terra a facie ejus, et orbis, et omnes habitantes in eo."
                },
                "6": {
                    "verse_nr": "6",
                    "verse": "Ante faciem indignationis ejus quis stabit? et quis resistet in ira furoris ejus? Indignatio ejus effusa est ut ignis, et petrae dissolutae sunt ab eo."
                },
                "7": {
                    "verse_nr": "7",
                    "verse": "Bonus Dominus, et confortans in die tribulationis, et sciens sperantes in se."
                },
                "8": {
                    "verse_nr": "8",
                    "verse": "Et in diluvio praetereunte consummationem faciet loci ejus, et inimicos ejus persequentur tenebrae."
                },
                "9": {
                    "verse_nr": "9",
                    "verse": "Quid cogitatis contra Dominum? Consummationem ipse faciet: non consurget duplex tribulatio,"
                },
                "10": {
                    "verse_nr": "10",
                    "verse": "quia sicut spinae se invicem complectuntur, sic convivium eorum pariter potantium; consumentur quasi stipula ariditate plena."
                },
                "11": {
                    "verse_nr": "11",
                    "verse": "Ex te exibit cogitans contra Dominum malitiam, mente pertractans praevaricationem."
                },
                "12": {
                    "verse_nr": "12",
                    "verse": "Haec dicit Dominus: Si perfecti fuerint, et ita plures, sic quoque attondentur, et pertransibit: afflixi te, et non affligam te ultra."
                },
                "13": {
                    "verse_nr": "13",
                    "verse": "Et nunc conteram virgam ejus de dorso tuo, et vincula tua disrumpam."
                },
                "14": {
                    "verse_nr": "14",
                    "verse": "Et praecipiet super te Dominus; non seminabitur ex nomine tuo amplius: de domo Dei tui interficiam sculptile, et conflatile; ponam sepulchrum tuum, quia inhonoratus es."
                },
                "15": {
                    "verse_nr": "15",
                    "verse": "Ecce super montes pedes evangelizantis, et annuntiantis pacem. Celebra, Juda, festivitates tuas, et redde vota tua, quia non adjiciet ultra ut pertranseat in te Belial: universus interiit."
                }
            }
        },
        "2": {
            "chapter_nr": "2",
            "chapter": {
                "1": {
                    "verse_nr": "1",
                    "verse": "Ascendit qui dispergat coram te, qui custodiat obsidionem: contemplare viam, conforta lumbos, robora virtutem valde."
                },
                "2": {
                    "verse_nr": "2",
                    "verse": "Quia reddidit Dominus superbiam Jacob, sicut superbiam Israel; quia vastatores dissipaverunt eos, et propagines eorum corruperunt."
                },
                "3": {
                    "verse_nr": "3",
                    "verse": "Clypeus fortium ejus ignitus, viri exercitus in coccineis; igneae habenae currus in die praeparationis ejus, et agitatores consopiti sunt."
                },
                "4": {
                    "verse_nr": "4",
                    "verse": "In itineribus conturbati sunt; quadrigae collisae sunt in plateis: aspectus eorum quasi lampades, quasi fulgura discurrentia."
                },
                "5": {
                    "verse_nr": "5",
                    "verse": "Recordabitur fortium suorum; ruent in itineribus suis: velociter ascendent muros ejus, et praeparabitur umbraculum."
                },
                "6": {
                    "verse_nr": "6",
                    "verse": "Portae fluviorum apertae sunt, et templum ad solum dirutum."
                },
                "7": {
                    "verse_nr": "7",
                    "verse": "Et miles captivus abductus est, et ancillae ejus minabantur gementes ut columbae, murmurantes in cordibus suis."
                },
                "8": {
                    "verse_nr": "8",
                    "verse": "Et Ninive quasi piscina aquarum aquae ejus; ipsi vero fugerunt. State, state! et non est qui revertatur."
                },
                "9": {
                    "verse_nr": "9",
                    "verse": "Diripite argentum, diripite aurum: et non est finis divitiarum ex omnibus vasis desiderabilibus."
                },
                "10": {
                    "verse_nr": "10",
                    "verse": "Dissipata est, et scissa, et dilacerata; et cor tabescens, et dissolutio geniculorum, et defectio in cunctis renibus, et facies omnium eorum sicut nigredo ollae."
                },
                "11": {
                    "verse_nr": "11",
                    "verse": "Ubi est habitaculum leonum, et pascua catulorum leonum, ad quam ivit leo ut ingrederetur illuc catulus leonis, et non est qui exterreat?"
                },
                "12": {
                    "verse_nr": "12",
                    "verse": "Leo cepit sufficienter catulis suis, et necavit leaenis suis, et implevit praeda speluncas suas, et cubile suum rapina."
                },
                "13": {
                    "verse_nr": "13",
                    "verse": "Ecce ego ad te, dicit Dominus exercituum, et succendam usque ad fumum quadrigas tuas, et leunculos tuos comedet gladius, et exterminabo de terra praedam tuam, et non audietur ultra vox nuntiorum tuorum."
                }
            }
        },
        "3": {
            "chapter_nr": "3",
            "chapter": {
                "1": {
                    "verse_nr": "1",
                    "verse": "Vae civitas sanguinum, universa mendacii dilaceratione plena! non recedet a te rapina."
                },
                "2": {
                    "verse_nr": "2",
                    "verse": "Vox flagelli, et vox impetus rotae, et equi frementis, et quadrigae ferventis, et equitis ascendentis,"
                },
                "3": {
                    "verse_nr": "3",
                    "verse": "et micantis gladii, et fulgurantis hastae, et multitudinis interfectae, et gravis ruinae; nec est finis cadaverum, et corruent in corporibus suis."
                },
                "4": {
                    "verse_nr": "4",
                    "verse": "Propter multitudinem fornicationum meretricis speciosae, et gratae, et habentis maleficia, quae vendidit gentes in fornicationibus suis, et familias in maleficiis suis."
                },
                "5": {
                    "verse_nr": "5",
                    "verse": "Ecce ego ad te, dicit Dominus exercituum, et revelabo pudenda tua in facie tua; et ostendam gentibus nuditatem tuam, et regnis ignominiam tuam."
                },
                "6": {
                    "verse_nr": "6",
                    "verse": "Et projiciam super te abominationes, et contumeliis te afficiam, et ponam te in exemplum."
                },
                "7": {
                    "verse_nr": "7",
                    "verse": "Et erit: omnis qui viderit te resiliet a te, et dicet: Vastata est Ninive. Quis commovebit super te caput? unde quaeram consolatorem tibi?"
                },
                "8": {
                    "verse_nr": "8",
                    "verse": "Numquid melior es Alexandria populorum, quae habitat in fluminibus? aquae in circuitu ejus; cujus divitiae, mare; aquae, muri ejus."
                },
                "9": {
                    "verse_nr": "9",
                    "verse": "AEthiopia fortitudo ejus, et AEgyptus, et non est finis; Africa et Libyes fuerunt in auxilio tuo."
                },
                "10": {
                    "verse_nr": "10",
                    "verse": "Sed et ipsa in transmigrationem ducta est in captivitatem: parvuli ejus elisi sunt in capite omnium viarum, et super inclytos ejus miserunt sortem, et omnes optimates ejus confixi sunt in compedibus."
                },
                "11": {
                    "verse_nr": "11",
                    "verse": "Et tu ergo inebriaberis, et eris despecta: et tu quaeres auxilium ab inimico."
                },
                "12": {
                    "verse_nr": "12",
                    "verse": "Omnes munitiones tuae sicut ficus cum grossis suis: si concussae fuerint, cadent in os comedentis."
                },
                "13": {
                    "verse_nr": "13",
                    "verse": "Ecce populus tuus mulieres in medio tui: inimicis tuis adapertione pandentur portae terrae tuae, devorabit ignis vectes tuos."
                },
                "14": {
                    "verse_nr": "14",
                    "verse": "Aquam propter obsidionem hauri tibi: exstrue munitiones tuas, intra in lutum, et calca, subigens tene laterem."
                },
                "15": {
                    "verse_nr": "15",
                    "verse": "Ibi comedet te ignis, peribis gladio, devorabit te ut bruchus: congregare ut bruchus, multiplicare ut locusta."
                },
                "16": {
                    "verse_nr": "16",
                    "verse": "Plures fecisti negotiationes tuas quam stellae sint caeli; bruchus expansus est, et avolavit."
                },
                "17": {
                    "verse_nr": "17",
                    "verse": "Custodes tui quasi locustae, et parvuli tui quasi locustae locustarum, quae considunt in sepibus in die frigoris: sol ortus est, et avolaverunt, et non est cognitus locus earum ubi fuerint."
                },
                "18": {
                    "verse_nr": "18",
                    "verse": "Dormitaverunt pastores tui, rex Assur, sepelientur principes tui: latitavit populus tuus in montibus, et non est qui congreget."
                },
                "19": {
                    "verse_nr": "19",
                    "verse": "Non est obscura contritio tua; pessima est plaga tua. Omnes qui audierunt auditionem tuam compresserunt manum super te: quia super quem non transiit malitia tua semper?"
                }
            }
        }
    }
}