{
    "version": "PKEK",
    "book_name": "2 John",
    "book_nr": "63",
    "book": {
        "1": {
            "chapter_nr": "1",
            "chapter": {
                "1": {
                    "verse_nr": "1",
                    "verse": "Vanemalt,\nJumala valitud naisele ja tema lastele, keda ma armastan t\u00f5es, ja mitte ainult mina, vaid k\u00f5ik, kes tunnevad t\u00f5de"
                },
                "2": {
                    "verse_nr": "2",
                    "verse": "sest t\u00f5de p\u00fcsib meis ja on meiega igavesti"
                },
                "3": {
                    "verse_nr": "3",
                    "verse": "Arm, halastus ja rahu Jumalalt Isalt ja tema Pojalt Jeesuselt Kristuselt j\u00e4\u00e4gu meiega t\u00f5es ja armastuses!"
                },
                "4": {
                    "verse_nr": "4",
                    "verse": "Ma r\u00f5\u00f5mustasin v\u00e4ga, et leidsin sinu laste seast neid, kes elavad t\u00f5es, nii nagu Isa on meid k\u00e4skinud."
                },
                "5": {
                    "verse_nr": "5",
                    "verse": "Ja n\u00fc\u00fcd palun ma sind, emand, mitte saates sulle uut k\u00e4sku, vaid selle, mis on meil algusest peale, et me peame \u00fcksteist armastama."
                },
                "6": {
                    "verse_nr": "6",
                    "verse": "Ja see on armastus, et me elame tema k\u00e4skude j\u00e4rgi. See ongi k\u00e4sk, mida te olete kuulnud algusest peale, et te elaksite selle j\u00e4rgi."
                },
                "7": {
                    "verse_nr": "7",
                    "verse": "Sest maailma on l\u00e4inud palju eksitajaid, kes ei tunnista Jeesust Kristust lihasse tulnuna. Iga selline inimene on eksitaja ja antikristus."
                },
                "8": {
                    "verse_nr": "8",
                    "verse": "Vaadake ette, et te ei kaotaks seda, mille nimel me oleme t\u00f6\u00f6tanud, vaid et te saaksite k\u00e4tte kogu tasu."
                },
                "9": {
                    "verse_nr": "9",
                    "verse": "\u00dchelgi, kes l\u00e4heb m\u00f6\u00f6da Kristuse \u00f5petusest ega p\u00fcsi selles, ei ole Jumalat. Kes p\u00fcsib tema \u00f5petuses, sellel on nii Isa kui ka Poeg."
                },
                "10": {
                    "verse_nr": "10",
                    "verse": "Kui keegi tuleb teie juurde ega too kaasa seda \u00f5petust, siis \u00e4rge v\u00f5tke teda oma koju ja \u00e4rge \u00f6elge tere tulemast."
                },
                "11": {
                    "verse_nr": "11",
                    "verse": "Sest kes nii teeb, saab kaasosaliseks tema kurjades tegudes."
                },
                "12": {
                    "verse_nr": "12",
                    "verse": "Mul oleks palju teile \u00f6elda, aga ma ei taha seda teha paberil ja tindiga, vaid loodan tulla ise teie juurde ja r\u00e4\u00e4kida silmast silma, et meie r\u00f5\u00f5m saaks olla t\u00e4ielik."
                },
                "13": {
                    "verse_nr": "13",
                    "verse": "Oma tervitused saadavad su Jumala poolt valitud \u00f5e lapsed!"
                }
            }
        }
    }
}