{
    "version": "NTE",
    "book_name": "2 Timothy",
    "book_nr": "55",
    "book": {
        "1": {
            "chapter_nr": "1",
            "chapter": {
                "1": {
                    "verse_nr": "1",
                    "verse": "Rekindle the Gift! - Paul, an apostle of King Jesus by God\u2019s will, according to the promise of life in King Jesus;"
                },
                "2": {
                    "verse_nr": "2",
                    "verse": "to Timothy, my dear child. Grace, mercy and peace from God the father and King Jesus our Lord."
                },
                "3": {
                    "verse_nr": "3",
                    "verse": "I serve God with a clear conscience, as my forebears did, and I am grateful to him that I remember you all the time, as I pray for you night and day."
                },
                "4": {
                    "verse_nr": "4",
                    "verse": "I remember how you cried when I left, and I\u2019m longing to see you and be filled with joy."
                },
                "5": {
                    "verse_nr": "5",
                    "verse": "I have in my mind a clear picture of your sincere faith\u00a0\u2013 the faith which first came to live in Lois your grandmother and Eunice your mother, and which, I am confident, lives in you as well."
                },
                "6": {
                    "verse_nr": "6",
                    "verse": "That\u2019s why I now want to remind you that God gave you a gift when I laid my hands on you, and that you must bring it back into a blazing fire!"
                },
                "7": {
                    "verse_nr": "7",
                    "verse": "After all, the spirit given to us by God isn\u2019t a fearful spirit; it\u2019s a spirit of power, love and prudence."
                },
                "8": {
                    "verse_nr": "8",
                    "verse": "Don\u2019t Be Ashamed! - So don\u2019t be ashamed of the testimony of our Lord, nor of me as his prisoner. Rather, suffer for the gospel along with us, in accordance with God\u2019s power."
                },
                "9": {
                    "verse_nr": "9",
                    "verse": "God saved us, and called us with a holy calling, not according to our works, but according to his own purpose and grace. He gave us this grace in King Jesus before all time and ages,"
                },
                "10": {
                    "verse_nr": "10",
                    "verse": "but has now made it visible through the appearing of our saviour King Jesus, who abolished death and, through the gospel, shone a bright light on life and immortality."
                },
                "11": {
                    "verse_nr": "11",
                    "verse": "I was made a herald, apostle and teacher for this gospel;"
                },
                "12": {
                    "verse_nr": "12",
                    "verse": "that\u2019s why I suffer these things. But I am not ashamed, because I know the one I have trusted, and I\u2019m convinced that he has the power to keep safe until that day what I have entrusted to him."
                },
                "13": {
                    "verse_nr": "13",
                    "verse": "Keep a firm hold on the pattern of healthy teaching which you heard from me, in the faith and love which are in King Jesus."
                },
                "14": {
                    "verse_nr": "14",
                    "verse": "You have had something very important entrusted to you, too; make sure you look after it, through the holy spirit who dwells in us."
                },
                "15": {
                    "verse_nr": "15",
                    "verse": "Foes and Friends - You will know that everyone in Asia has turned away from me, including Phygelus and Hermogenes."
                },
                "16": {
                    "verse_nr": "16",
                    "verse": "May the Lord give mercy to the household of Onesiphorus; he has often refreshed me. He wasn\u2019t ashamed of my chains,"
                },
                "17": {
                    "verse_nr": "17",
                    "verse": "but when he was in Rome he eagerly hunted for me and found me."
                },
                "18": {
                    "verse_nr": "18",
                    "verse": "May the Lord grant him to find mercy from the Lord on that day. And you know very well all the things he did for me in Ephesus."
                }
            }
        },
        "2": {
            "chapter_nr": "2",
            "chapter": {
                "1": {
                    "verse_nr": "1",
                    "verse": "Conditions of Service - So, then, my child: you must be strong in the grace which is in King Jesus."
                },
                "2": {
                    "verse_nr": "2",
                    "verse": "You heard the teaching I gave in public; pass it on to faithful people who will be capable of instructing others as well."
                },
                "3": {
                    "verse_nr": "3",
                    "verse": "Take your share of suffering as one of King Jesus\u2019 good soldiers."
                },
                "4": {
                    "verse_nr": "4",
                    "verse": "No one who serves in the army gets embroiled in civilian activities, since they want to please the officer who enlisted them."
                },
                "5": {
                    "verse_nr": "5",
                    "verse": "If you take part in athletic events, you don\u2019t win the crown unless you compete according to the rules."
                },
                "6": {
                    "verse_nr": "6",
                    "verse": "The farmer who does the work deserves the first share of the crops."
                },
                "7": {
                    "verse_nr": "7",
                    "verse": "Think about what I say; the Lord will give you understanding in everything."
                },
                "8": {
                    "verse_nr": "8",
                    "verse": "God\u2019s Word Is Not Tied Up - Remember Jesus the King, risen from the dead, from the seed of David, according to my gospel\u00a0\u2013"
                },
                "9": {
                    "verse_nr": "9",
                    "verse": "for which I suffer like a criminal, even being chained up! But God\u2019s word is not tied up."
                },
                "10": {
                    "verse_nr": "10",
                    "verse": "That\u2019s why I put up with everything for the sake of God\u2019s chosen ones, so that they too may obtain, with glory that lasts for ever, the salvation which is in King Jesus."
                },
                "11": {
                    "verse_nr": "11",
                    "verse": "You can rely on this saying: If we die with him, we shall live with him;"
                },
                "12": {
                    "verse_nr": "12",
                    "verse": "if we endure patiently, we shall reign with him; if we deny him, he will deny us;"
                },
                "13": {
                    "verse_nr": "13",
                    "verse": "if we are faithless, he remains faithful, for he cannot deny his own self."
                },
                "14": {
                    "verse_nr": "14",
                    "verse": "Foolish Words and the Word of Truth - Remind them about these things; and warn them, in God\u2019s presence, not to quarrel about words. This doesn\u2019t do any good; instead, it threatens to ruin people who listen to it."
                },
                "15": {
                    "verse_nr": "15",
                    "verse": "Do your very best to present yourself before God as one who has passed the test\u00a0\u2013 a workman who has no need to be ashamed, who can carve out a straight path for the word of truth."
                },
                "16": {
                    "verse_nr": "16",
                    "verse": "Avoid pointless and empty chatter. It will push people further and further towards ungodliness,"
                },
                "17": {
                    "verse_nr": "17",
                    "verse": "and their talk will spread like a cancer. I\u2019m thinking in particular of Hymenaeus and Philetus;"
                },
                "18": {
                    "verse_nr": "18",
                    "verse": "they have turned aside from the truth by saying that the resurrection has already happened. They are upsetting some people\u2019s faith."
                },
                "19": {
                    "verse_nr": "19",
                    "verse": "But God\u2019s firm foundation stands, and it has this as its seal: \u2018The Lord knows those who belong to him\u2019, and \u2018Everyone who uses the name of the Lord must leave wickedness behind.\u2019"
                },
                "20": {
                    "verse_nr": "20",
                    "verse": "Vessels for God\u2019s Use - In a great house there are vessels not only of gold and silver, but also of wood and pottery. Some of them are given special honour in the way they\u2019re used; others are for menial purposes."
                },
                "21": {
                    "verse_nr": "21",
                    "verse": "So if people purify themselves from dishonourable things, they will become vessels for honour, made holy, pleasing to the master of the house, fit for every good work."
                },
                "22": {
                    "verse_nr": "22",
                    "verse": "Run away from the passions of youth. Instead, chase after justice, faith, love and peace; you\u2019ll be in the company of all who call on the Lord from a pure heart."
                },
                "23": {
                    "verse_nr": "23",
                    "verse": "Avoid silly and unprofitable disputes, because you know that they produce fights;"
                },
                "24": {
                    "verse_nr": "24",
                    "verse": "and the Lord\u2019s servant mustn\u2019t be a fighter, but must be gentle to all people, able to teach, able to bear evil without resentment,"
                },
                "25": {
                    "verse_nr": "25",
                    "verse": "able to correct opponents with a meek spirit. It may be that God will give them repentance so that they can arrive at a knowledge of the truth,"
                },
                "26": {
                    "verse_nr": "26",
                    "verse": "and, in coming to their senses, escape the devil\u2019s snare, after having been held captive by him and made to do his will."
                }
            }
        },
        "3": {
            "chapter_nr": "3",
            "chapter": {
                "1": {
                    "verse_nr": "1",
                    "verse": "Opponents of the Truth - You need to know this: bad times are coming in the last days."
                },
                "2": {
                    "verse_nr": "2",
                    "verse": "People will be in love with themselves, you see, and with money too. They will be boastful, arrogant, abusive, haters of parents, ungrateful, unholy,"
                },
                "3": {
                    "verse_nr": "3",
                    "verse": "unfeeling, implacable, accusing, dissolute, savage, haters of the good,"
                },
                "4": {
                    "verse_nr": "4",
                    "verse": "traitors, reckless, puffed up, lovers of pleasure rather than lovers of God,"
                },
                "5": {
                    "verse_nr": "5",
                    "verse": "holding on to a pattern of godliness but denying its power. Avoid people like that!"
                },
                "6": {
                    "verse_nr": "6",
                    "verse": "This group, you see, includes those who worm their way into people\u2019s houses and ensnare foolish women who are overwhelmed with their sins and are pulled and pushed by all kinds of desires,"
                },
                "7": {
                    "verse_nr": "7",
                    "verse": "always learning but never able to arrive at the truth."
                },
                "8": {
                    "verse_nr": "8",
                    "verse": "Just as Jannes and Jambres stood up against Moses, so people like this oppose the truth. In their minds they are corrupt; in their faith they are of no account."
                },
                "9": {
                    "verse_nr": "9",
                    "verse": "They won\u2019t get very far, though, because their foolishness will become obvious to everyone, as it was with those two."
                },
                "10": {
                    "verse_nr": "10",
                    "verse": "Continue in the Scriptures! - So what about you? You have followed my teaching faithfully, and also my way of life, my aims and goals, my faith, longsuffering, love and patience,"
                },
                "11": {
                    "verse_nr": "11",
                    "verse": "my persecutions, my sufferings, the things I went through in Antioch, in Iconium, in Lystra, the persecutions I endured\u00a0\u2013 and the Lord rescued me from all of them."
                },
                "12": {
                    "verse_nr": "12",
                    "verse": "Yes, everyone who wants to live a godly life in King Jesus will be persecuted,"
                },
                "13": {
                    "verse_nr": "13",
                    "verse": "while evil people and impostors will go on to even worse things, deceiving others and being themselves deceived."
                },
                "14": {
                    "verse_nr": "14",
                    "verse": "But you, on the other hand, must stand firm in the things you learned and believed. You know who it was you received them from,"
                },
                "15": {
                    "verse_nr": "15",
                    "verse": "and how from childhood you have known the holy writings which have the power to make you wise for salvation through faith in King Jesus."
                },
                "16": {
                    "verse_nr": "16",
                    "verse": "All scripture is breathed by God, and it is useful for teaching, for rebuke, for improvement, for training in righteousness,"
                },
                "17": {
                    "verse_nr": "17",
                    "verse": "so that people who belong to God may be complete, fitted out and ready for every good work."
                }
            }
        },
        "4": {
            "chapter_nr": "4",
            "chapter": {
                "1": {
                    "verse_nr": "1",
                    "verse": "Judgment Is Coming\u00a0\u2013 So Get On with Your Work - This is my solemn charge to you, in the presence of God and King Jesus, who will judge the living and the dead, and by his appearance and his kingdom:"
                },
                "2": {
                    "verse_nr": "2",
                    "verse": "announce the word; keep going whether the time is right or wrong; rebuke, warn and encourage with all patience and explanation."
                },
                "3": {
                    "verse_nr": "3",
                    "verse": "The time is coming, you see, when people won\u2019t tolerate healthy teaching. Their ears will start to itch, and they will collect for themselves teachers who will tell them what they want to hear."
                },
                "4": {
                    "verse_nr": "4",
                    "verse": "They will turn away from listening to the truth and will go after myths instead."
                },
                "5": {
                    "verse_nr": "5",
                    "verse": "But as for you, keep your balance in everything! Put up with suffering; do the work of an evangelist; complete the particular task assigned to you."
                },
                "6": {
                    "verse_nr": "6",
                    "verse": "Waiting for the Crown - For I am already being poured out as a drink-offering; my departure time has arrived."
                },
                "7": {
                    "verse_nr": "7",
                    "verse": "I have fought the good fight; I have completed the course; I have kept the faith."
                },
                "8": {
                    "verse_nr": "8",
                    "verse": "What do I still have to look for? The crown of righteousness! The Lord, the righteous judge, will give it to me as my reward on that day\u00a0\u2013 and not only to me, but also to all who have loved his appearing."
                },
                "9": {
                    "verse_nr": "9",
                    "verse": "Come to Me Soon - Make every effort to come to me soon."
                },
                "10": {
                    "verse_nr": "10",
                    "verse": "Demas, you see, has left me and gone to Thessalonica; he\u2019s in love with this present world! Crescens has gone to Galatia, and Titus to Dalmatia."
                },
                "11": {
                    "verse_nr": "11",
                    "verse": "Luke is the only one with me. Get Mark and bring him with you; he\u2019s very helpful in looking after me."
                },
                "12": {
                    "verse_nr": "12",
                    "verse": "I sent Tychicus to Ephesus."
                },
                "13": {
                    "verse_nr": "13",
                    "verse": "I left a cloak at Carpus\u2019 house in Troas; please bring it with you when you come\u00a0\u2013 and also the scrolls, and especially the books."
                },
                "14": {
                    "verse_nr": "14",
                    "verse": "Alexander the coppersmith did me a lot of damage. The Lord will pay him back according to what he\u2019s done!"
                },
                "15": {
                    "verse_nr": "15",
                    "verse": "Watch out for him yourself. He stood out strongly against our message."
                },
                "16": {
                    "verse_nr": "16",
                    "verse": "The first time my case came to court nobody showed up to support me; they all left me alone. May it not be reckoned against them!"
                },
                "17": {
                    "verse_nr": "17",
                    "verse": "But the Lord stood there beside me and gave me strength to enable me to complete my work as his royal herald, and to make sure all the Gentiles heard the proclamation; and I was snatched clear of the lion\u2019s mouth."
                },
                "18": {
                    "verse_nr": "18",
                    "verse": "The Lord will snatch me clear from every wicked deed and will save me for his heavenly kingdom. Glory to him for the ages of ages, Amen!"
                },
                "19": {
                    "verse_nr": "19",
                    "verse": "Greet Prisca and Aquila, and the household of Onesiphorus."
                },
                "20": {
                    "verse_nr": "20",
                    "verse": "Erastus stayed in Corinth. I left Trophimus behind in Miletus, where he was sick."
                },
                "21": {
                    "verse_nr": "21",
                    "verse": "Do your best to come before winter. Eubulus sends his greetings; so do Pudens, Linus, Claudia, and all the family."
                },
                "22": {
                    "verse_nr": "22",
                    "verse": "The Lord be with your spirit. Grace be with you all."
                }
            }
        }
    }
}