{
    "version": "pyharaamattu1992",
    "book_name": "Amos",
    "book_nr": "30",
    "book": {
        "1": {
            "chapter_nr": 1,
            "chapter": {
                "1": {
                    "verse_nr": 1,
                    "verse": "Aamoksen sanat. Aamos oli Tekoan seudun karjankasvattajia. T\u00e4m\u00e4n sanoman Israelista h\u00e4n sai kaksi vuotta ennen maanj\u00e4ristyst\u00e4. Silloin oli Juudan kuninkaana Ussia ja Israelin kuninkaana Jerobeam, Joasin poika.\n"
                },
                "2": {
                    "verse_nr": 2,
                    "verse": "N\u00e4in Aamos sanoi: -- Herra \u00e4rjyy Siionista, h\u00e4nen \u00e4\u00e4nens\u00e4 jylisee Jerusalemista, ja paimenten laitumet kulottuvat, Karmelin harjanne kuivuu.\n"
                },
                "3": {
                    "verse_nr": 3,
                    "verse": "N\u00e4in sanoo Herra:  -- Koska Damaskos on tehnyt rikoksen rikoksen j\u00e4lkeen, en p\u00e4\u00e4t\u00f6st\u00e4ni peruuta. Sen sotav\u00e4ki on murskannut Gileadin niin kuin rautainen puimareki.\n"
                },
                "4": {
                    "verse_nr": 4,
                    "verse": "Sen t\u00e4hden min\u00e4 sinkoan tulen Hasaelin linnaan, ja se nielee Ben-Hadadin palatsin.\n"
                },
                "5": {
                    "verse_nr": 5,
                    "verse": "Min\u00e4 murran salvan Damaskoksen portista, tuhoan hallitsijan Bikat-Avenista ja vallanpit\u00e4j\u00e4n Bet-Edenist\u00e4. Syyrian kansa siirret\u00e4\u00e4n maastaan Kiriin, sanoo Herra.\n"
                },
                "6": {
                    "verse_nr": 6,
                    "verse": "N\u00e4in sanoo Herra:  -- Koska Gaza on tehnyt rikoksen rikoksen j\u00e4lkeen, en p\u00e4\u00e4t\u00f6st\u00e4ni peruuta. Kokonaisia kyli\u00e4 he ovat tyhjent\u00e4neet ja luovuttaneet niiden v\u00e4en edomilaisille.\n"
                },
                "7": {
                    "verse_nr": 7,
                    "verse": "Sen t\u00e4hden min\u00e4 sinkoan tulen Gazan muureihin, ja se nielee kaupungin palatsin.\n"
                },
                "8": {
                    "verse_nr": 8,
                    "verse": "Min\u00e4 tuhoan hallitsijan Asdodista ja vallanpit\u00e4j\u00e4n Askelonista. Min\u00e4 ojennan k\u00e4teni Ekronia kohti, ja viimeisetkin filistealaiset hukkuvat, sanoo Herra Jumala.\n"
                },
                "9": {
                    "verse_nr": 9,
                    "verse": "N\u00e4in sanoo Herra:  -- Koska Tyros on tehnyt rikoksen rikoksen j\u00e4lkeen, en p\u00e4\u00e4t\u00f6st\u00e4ni peruuta. Kyl\u00e4kunnittain he ovat luovuttaneet v\u00e4ke\u00e4 edomilaisille yst\u00e4vyysliittoa muistamatta.\n"
                },
                "10": {
                    "verse_nr": 10,
                    "verse": "Sen t\u00e4hden min\u00e4 sinkoan tulen Tyroksen muureihin, ja se nielee kaupungin palatsin.\n"
                },
                "11": {
                    "verse_nr": 11,
                    "verse": "N\u00e4in sanoo Herra:  -- Koska Edom on tehnyt rikoksen rikoksen j\u00e4lkeen, en p\u00e4\u00e4t\u00f6st\u00e4ni peruuta. Se on ahdistanut velje\u00e4\u00e4n miekalla, s\u00e4\u00e4li\u00e4 se ei ole tuntenut. Sen viha on raadellut lakkaamatta eik\u00e4 sen raivo ole hellitt\u00e4nyt.\n"
                },
                "12": {
                    "verse_nr": 12,
                    "verse": "Sen t\u00e4hden min\u00e4 sinkoan tulen Temaniin, ja se nielee Bosran palatsin.\n"
                },
                "13": {
                    "verse_nr": 13,
                    "verse": "N\u00e4in sanoo Herra:  -- Koska ammonilaiset ovat tehneet rikoksen rikoksen j\u00e4lkeen, en p\u00e4\u00e4t\u00f6st\u00e4ni peruuta. He viilsiv\u00e4t auki raskaana olevat naiset, kun rynt\u00e4siv\u00e4t valloittamaan Gileadia.\n"
                },
                "14": {
                    "verse_nr": 14,
                    "verse": "Sen t\u00e4hden min\u00e4 sytyt\u00e4n palamaan Rabban muurit, ja tuli nielee kaupungin palatsin sotahuudon kaikuessa taistelun p\u00e4iv\u00e4n\u00e4, py\u00f6rretuulen riehuessa myrskyn p\u00e4iv\u00e4n\u00e4.\n"
                },
                "15": {
                    "verse_nr": 15,
                    "verse": "Heid\u00e4n kuninkaansa vied\u00e4\u00e4n vieraaseen maahan yhdess\u00e4 hallitusmiestens\u00e4 kanssa, sanoo Herra.\n"
                }
            }
        },
        "2": {
            "chapter_nr": 2,
            "chapter": {
                "1": {
                    "verse_nr": 1,
                    "verse": "N\u00e4in sanoo Herra:  -- Koska Moab on tehnyt rikoksen rikoksen j\u00e4lkeen, en p\u00e4\u00e4t\u00f6st\u00e4ni peruuta. He ovat polttaneet kalkiksi Edomin kuninkaan luut.\n"
                },
                "2": {
                    "verse_nr": 2,
                    "verse": "Sen t\u00e4hden min\u00e4 sinkoan tulen Moabiin, ja se nielee Kerijotin palatsin. Moab kukistuu taistelun pauhatessa, sotahuudon kaikuessa, merkkitorven soidessa.\n"
                },
                "3": {
                    "verse_nr": 3,
                    "verse": "Min\u00e4 tuhoan silt\u00e4 kuninkaan ja ly\u00f6n hengilt\u00e4 sen hallitusmiehet, sanoo Herra.\n"
                },
                "4": {
                    "verse_nr": 4,
                    "verse": "N\u00e4in sanoo Herra:  -- Koska Juuda on tehnyt rikoksen rikoksen j\u00e4lkeen, en p\u00e4\u00e4t\u00f6st\u00e4ni peruuta. He ovat hyl\u00e4nneet minun lakini, eiv\u00e4t ole pit\u00e4neet minun k\u00e4skyj\u00e4ni. Samat valhejumalat ovat heid\u00e4t eksytt\u00e4neet, joita jo heid\u00e4n is\u00e4ns\u00e4 seurasivat.\n"
                },
                "5": {
                    "verse_nr": 5,
                    "verse": "Sen t\u00e4hden min\u00e4 sinkoan tulen Juudaan, ja se nielee Jerusalemin palatsin.\n"
                },
                "6": {
                    "verse_nr": 6,
                    "verse": "N\u00e4in sanoo Herra:  -- Koska Israel on tehnyt rikoksen rikoksen j\u00e4lkeen, en p\u00e4\u00e4t\u00f6st\u00e4ni peruuta. He myyv\u00e4t rehellisen rahasta ja k\u00f6yh\u00e4n kenk\u00e4parista.\n"
                },
                "7": {
                    "verse_nr": 7,
                    "verse": "He polkevat heikot maan tomuun ja ajavat v\u00e4h\u00e4varaisten asiat umpikujaan. Is\u00e4 ja poika k\u00e4yv\u00e4t saman naisen luona ja h\u00e4p\u00e4isev\u00e4t n\u00e4in minun pyh\u00e4n nimeni.\n"
                },
                "8": {
                    "verse_nr": 8,
                    "verse": "Pantiksi otetuilla vaatteilla heit\u00e4 lojuu jokaisen alttarin ymp\u00e4rill\u00e4, he juovat pyh\u00e4k\u00f6ss\u00e4 viini\u00e4, jonka ovat velallisiltaan korkoina kirist\u00e4neet.\n"
                },
                "9": {
                    "verse_nr": 9,
                    "verse": "Ja kuitenkin min\u00e4 h\u00e4vitin teid\u00e4n tielt\u00e4nne amorilaiset, jotka olivat kookkaita kuin setrit ja vahvoja kuin tammet. Heid\u00e4t min\u00e4 tuhosin hedelmist\u00e4 juuriin saakka.\n"
                },
                "10": {
                    "verse_nr": 10,
                    "verse": "Min\u00e4 toin teid\u00e4t pois Egyptist\u00e4, min\u00e4 johdatin teit\u00e4 nelj\u00e4kymment\u00e4 vuotta autiomaassa, ett\u00e4 saisitte omaksenne amorilaisten maan.\n"
                },
                "11": {
                    "verse_nr": 11,
                    "verse": "Min\u00e4 her\u00e4tin teid\u00e4n pojistanne profeettoja ja nuorista miehist\u00e4nne nasiireja. Eik\u00f6 n\u00e4in ole, israelilaiset? sanoo Herra.\n"
                },
                "12": {
                    "verse_nr": 12,
                    "verse": "Mutta te juotitte nasiireille viini\u00e4 ja kielsitte profeettoja julistamasta.\n"
                },
                "13": {
                    "verse_nr": 13,
                    "verse": "Sen t\u00e4hden min\u00e4 annan maan huojua jalkojenne alla niin kuin lyhteit\u00e4 t\u00e4yteen kuormatut vankkurit huojuvat.\n"
                },
                "14": {
                    "verse_nr": 14,
                    "verse": "Silloin on poikki pakotie kevytaseiselta, raskasaseista ei auta h\u00e4nen voimansa eik\u00e4 valiosotilaskaan selvi\u00e4 hengiss\u00e4.\n"
                },
                "15": {
                    "verse_nr": 15,
                    "verse": "Jousimies ei pysy pystyss\u00e4, jalkamiehist\u00e4 nopeinkaan ei p\u00e4\u00e4se pakoon eik\u00e4 vaunumies selvi\u00e4 hengiss\u00e4.\n"
                },
                "16": {
                    "verse_nr": 16,
                    "verse": "Sotureista rohkeinkin heitt\u00e4\u00e4 aseensa ja pakenee sin\u00e4 p\u00e4iv\u00e4n\u00e4, sanoo Herra.\n"
                }
            }
        },
        "3": {
            "chapter_nr": 3,
            "chapter": {
                "1": {
                    "verse_nr": 1,
                    "verse": "Kuulkaa, mit\u00e4 Herra on sanonut teist\u00e4, israelilaiset, ja koko siit\u00e4 kansasta, jonka h\u00e4n toi Egyptist\u00e4:\n"
                },
                "2": {
                    "verse_nr": 2,
                    "verse": "-- Vain teid\u00e4t min\u00e4 olen ottanut omakseni kaikista maailman kansoista. Sen t\u00e4hden min\u00e4 vaadin teid\u00e4t tilille kaikista v\u00e4\u00e4ryyksist\u00e4nne.\n"
                },
                "3": {
                    "verse_nr": 3,
                    "verse": "L\u00e4hteek\u00f6 kaksi yhdess\u00e4 kulkemaan, jos eiv\u00e4t ole siit\u00e4 sopineet?\n"
                },
                "4": {
                    "verse_nr": 4,
                    "verse": "\u00c4rjyyk\u00f6 leijona pensaikossa, jos sill\u00e4 ei ole raadeltavaa? \u00c4riseek\u00f6 nuori leijona piilopaikastaan, jos se ei ole saalista kaatanut?\n"
                },
                "5": {
                    "verse_nr": 5,
                    "verse": "J\u00e4\u00e4k\u00f6 lintu maassa kiinni, jos ei sille ole viritetty ansaa? Ponnahtaako pyydys maasta, jos ei saalis ole siihen k\u00e4ynyt?\n"
                },
                "6": {
                    "verse_nr": 6,
                    "verse": "T\u00f6r\u00e4ht\u00e4\u00e4k\u00f6 merkkitorvi kaupungissa ihmisten s\u00e4ik\u00e4ht\u00e4m\u00e4tt\u00e4? Tapahtuuko kaupungissa onnettomuutta Herran sit\u00e4 aiheuttamatta?\n"
                },
                "7": {
                    "verse_nr": 7,
                    "verse": "Ei Herra Jumala tee mit\u00e4\u00e4n ilmoittamatta suunnitelmiaan palvelijoilleen, profeetoille.\n"
                },
                "8": {
                    "verse_nr": 8,
                    "verse": "Leijona \u00e4rjyy, kuka ei pelk\u00e4isi? Herra Jumala puhuu, kuka ei julistaisi?\n"
                },
                "9": {
                    "verse_nr": 9,
                    "verse": "Kuuluttakaa Asdodin ja Egyptin palatseissa:  -- Tulkaa kaikki Samarian vuorelle ja n\u00e4hk\u00e4\u00e4, mik\u00e4 mellastus kaupungissa on k\u00e4ynniss\u00e4, millainen sorto siell\u00e4 vallitsee!\n"
                },
                "10": {
                    "verse_nr": 10,
                    "verse": "Heill\u00e4 ei ole tajua oikeudesta  -- sanoo Herra --  vaan he kokoavat omaisuutta palatseihinsa v\u00e4\u00e4ryydell\u00e4 ja v\u00e4kivallalla.\n"
                },
                "11": {
                    "verse_nr": 11,
                    "verse": "Sen t\u00e4hden -- sanoo Herra Jumala --  vihollinen tunkeutuu joka taholta sinun maahasi. Se on murtava mahtisi ja ry\u00f6st\u00e4v\u00e4 palatsisi.\n"
                },
                "12": {
                    "verse_nr": 12,
                    "verse": "N\u00e4in sanoo Herra:  -- Niin kuin paimen saa temmatuksi leijonan kidasta vain pari koipea tai palan korvaa, niin pelastuu israelilaisista vain rippeet --  noista, jotka Samariassa istuskelevat sohvannurkissa ja damaskolaisvuoteilla.\n"
                },
                "13": {
                    "verse_nr": 13,
                    "verse": "Kuulkaa ja varoittakaa Jaakobin sukua, sanoo Herra Jumala Sebaot:\n"
                },
                "14": {
                    "verse_nr": 14,
                    "verse": "Tulee p\u00e4iv\u00e4, jolloin min\u00e4 vaadin Israelin tilille rikoksistaan. Silloin k\u00e4yn k\u00e4siksi my\u00f6s Betelin alttareihin. Alttarin sarvet hakataan irti, ja ne putoavat maahan.\n"
                },
                "15": {
                    "verse_nr": 15,
                    "verse": "Min\u00e4 ly\u00f6n hajalle niin talviasunnot kuin kes\u00e4asunnotkin. Norsunluutalot luhistuvat, ja asuntojen paljoudesta tulee loppu, sanoo Herra.\n"
                }
            }
        },
        "4": {
            "chapter_nr": 4,
            "chapter": {
                "1": {
                    "verse_nr": 1,
                    "verse": "Kuulkaa t\u00e4t\u00e4, te uhkeat Basanin lehm\u00e4t Samarian vuorella! Te sorratte v\u00e4h\u00e4varaisia ja riist\u00e4tte k\u00f6yhi\u00e4. Te sanotte miehillenne: \"Tuo viel\u00e4 juotavaa!\"\n"
                },
                "2": {
                    "verse_nr": 2,
                    "verse": "Pyhyytens\u00e4 kautta on Herra Jumala vannonut:  -- Teille koittaa aika, jolloin teid\u00e4t raahataan pois v\u00e4k\u00e4piikeill\u00e4, kalakoukuilla viimeist\u00e4 my\u00f6ten.\n"
                },
                "3": {
                    "verse_nr": 3,
                    "verse": "Muurinhalkeamista, suorinta tiet\u00e4 teid\u00e4n on pakko sy\u00f6ksy\u00e4 pakoon. Teid\u00e4t heitet\u00e4\u00e4n kohti Hermonia. T\u00e4m\u00e4 on Herran sana.\n"
                },
                "4": {
                    "verse_nr": 4,
                    "verse": "-- Tulkaa Beteliin -- tekem\u00e4\u00e4n synti\u00e4! Gilgaliin -- tekem\u00e4\u00e4n lis\u00e4\u00e4 synti\u00e4! Tuokaa aamulla teurasuhrinne ja kolmantena p\u00e4iv\u00e4n\u00e4 kymmenyksenne.\n"
                },
                "5": {
                    "verse_nr": 5,
                    "verse": "Polttakaa hapanta leip\u00e4\u00e4 kiitosuhriksi. Toitottakaa vapaaehtoisia lahjojanne niin ett\u00e4 kuuluu! T\u00e4t\u00e4h\u00e4n te haluatte, israelilaiset. T\u00e4m\u00e4 on Herran Jumalan sana.\n"
                },
                "6": {
                    "verse_nr": 6,
                    "verse": "-- Min\u00e4 tein hampaat joutilaiksi kaikissa kaupungeissanne ja vein leiv\u00e4n kaikista asuinpaikoistanne. Silti te ette palanneet minun luokseni. T\u00e4m\u00e4 on Herran sana.\n"
                },
                "7": {
                    "verse_nr": 7,
                    "verse": "\"Samoin min\u00e4 pid\u00e4tin teilt\u00e4 sateen, kun oli viel\u00e4 kolme kuukautta elonkorjuuseen. Yhdelle kaupungille min\u00e4 annoin sadetta, toiselle en. Yksi pelto sai sadetta, mutta toinen, joka j\u00e4i ilman, kuivui.\n"
                },
                "8": {
                    "verse_nr": 8,
                    "verse": "Silloin ihmiset hoippuivat kaupungista toiseen juomavett\u00e4 hakemaan, mutta eiv\u00e4t saaneet janoaan sammumaan. Silti te ette palanneet minun luokseni\", sanoo Herra.\n"
                },
                "9": {
                    "verse_nr": 9,
                    "verse": "\"Min\u00e4 turmelin teid\u00e4n viljanne ruosteella ja nokit\u00e4hk\u00e4ll\u00e4 ja annoin puutarhojenne ja viinitarhojenne kuivua. Teid\u00e4n viikunapuunne ja oliivipuunne s\u00f6i hein\u00e4sirkka. Silti te ette palanneet minun luokseni\", sanoo Herra.\n"
                },
                "10": {
                    "verse_nr": 10,
                    "verse": "-- Min\u00e4 l\u00e4hetin teid\u00e4n keskuuteenne ruton, Egyptin ruton. Min\u00e4 tapoin sotilaanne miekalla, teid\u00e4n hevosenne vietiin sotasaaliiksi. Ruumiiden l\u00f6yhk\u00e4 nousi teid\u00e4n sieraimiinne omasta leirist\u00e4nne. Silti te ette palanneet minun luokseni, sanoo Herra.\n"
                },
                "11": {
                    "verse_nr": 11,
                    "verse": "-- Min\u00e4 kylvin tuhoa teid\u00e4n keskuuteenne niin kuin Sodoman ja Gomorran h\u00e4vityksess\u00e4, niin ett\u00e4 te olitte pelkk\u00e4 tulesta siepattu kek\u00e4le. Ja silti te ette palanneet minun luokseni, sanoo Herra.\n"
                },
                "12": {
                    "verse_nr": 12,
                    "verse": "-- Sen t\u00e4hden, Israel, min\u00e4 teen sinulle viel\u00e4 jotakin.  Koska sen sinulle teen, valmistaudu kohtaamaan Jumalasi, Israel!\n"
                },
                "13": {
                    "verse_nr": 13,
                    "verse": "Katso, h\u00e4n on muovannut vuoret ja luonut tuulen. H\u00e4n ilmoittaa ihmisille tahtonsa. H\u00e4n tekee aamunkoiton ja y\u00f6n pimeyden, h\u00e4n kulkee maan kukkuloiden yli. H\u00e4nen nimens\u00e4 on Herra, Jumala, Sebaot.\n"
                }
            }
        },
        "5": {
            "chapter_nr": 5,
            "chapter": {
                "1": {
                    "verse_nr": 1,
                    "verse": "Kuule, Israelin kansa. Min\u00e4 laulan sinusta kuolinvirren!\n"
                },
                "2": {
                    "verse_nr": 2,
                    "verse": "Kaatui, ei en\u00e4\u00e4 nouse neitsyt Israel. H\u00e4n makaa maahan sy\u00f6styn\u00e4, ei kukaan auta.\n"
                },
                "3": {
                    "verse_nr": 3,
                    "verse": "Sill\u00e4 n\u00e4in sanoo Herra Jumala Israelin kansalle:  -- Jos kaupungista l\u00e4htee sotaan tuhat, j\u00e4\u00e4 eloon sata. Jos l\u00e4htee sata, j\u00e4\u00e4 kymmenen.\n"
                },
                "4": {
                    "verse_nr": 4,
                    "verse": "N\u00e4in sanoo Herra Israelin kansalle:  -- Etsik\u00e4\u00e4 minua, niin saatte el\u00e4\u00e4!\n"
                },
                "5": {
                    "verse_nr": 5,
                    "verse": "\u00c4lk\u00e4\u00e4 etsik\u00f6 apua Betelist\u00e4, \u00e4lk\u00e4\u00e4 kulkeko Gilgaliin, \u00e4lk\u00e4\u00e4 tehk\u00f6 toivioretki\u00e4 Beersebaan! Pois maastaan kulkee kaikkineen Gilgal, ja turhuuden huoneeksi tulee Jumalan huone, Betel.\n"
                },
                "6": {
                    "verse_nr": 6,
                    "verse": "Etsik\u00e4\u00e4 Herraa, niin saatte el\u00e4\u00e4! Muuten h\u00e4n tulena hy\u00f6kk\u00e4\u00e4 Joosefin heimon keskelle ja tuhoaa sen, ja Betel palaa kenenk\u00e4\u00e4n sammuttamatta.\n"
                },
                "7": {
                    "verse_nr": 7,
                    "verse": "H\u00e4n on luonut Seulaset ja Orionin. H\u00e4n muuttaa pimeyden aamuksi ja p\u00e4iv\u00e4n y\u00f6ksi. H\u00e4n kutsuu vedet merest\u00e4 ja kostuttaa niill\u00e4 maan. H\u00e4nen nimens\u00e4 on Herra.\n"
                },
                "8": {
                    "verse_nr": 8,
                    "verse": "H\u00e4n antaa tuhon v\u00e4l\u00e4ht\u00e4\u00e4 varustuksen yll\u00e4, ja lujinkin linnoitus kukistuu.\n"
                },
                "9": {
                    "verse_nr": 9,
                    "verse": "Voi teit\u00e4, jotka teette laink\u00e4yt\u00f6st\u00e4 katkeraa koiruohoa ja j\u00e4t\u00e4tte heitteille oikeuden!\n"
                },
                "10": {
                    "verse_nr": 10,
                    "verse": "Te vihaatte sit\u00e4, joka kaupunginportin kokouksessa vaatii oikeaa tuomiota, ja inhoatte sit\u00e4, joka kertoo totuuden.\n"
                },
                "11": {
                    "verse_nr": 11,
                    "verse": "Te poljette tilattomia ja viette maanvuokrana heid\u00e4n viljansa. Sen t\u00e4hden teid\u00e4n k\u00e4y n\u00e4in: Vaikka te rakennatte taloja hakatuista kivist\u00e4, ette saa asua niiss\u00e4. Vaikka te istutatte ihania viinitarhoja, ette saa nauttia niiden viini\u00e4.\n"
                },
                "12": {
                    "verse_nr": 12,
                    "verse": "Sill\u00e4 min\u00e4 tied\u00e4n teid\u00e4n rikostenne luvun ja syntienne m\u00e4\u00e4r\u00e4n. Te sorratte syyt\u00f6nt\u00e4, te otatte lahjuksia ja syrjitte k\u00f6yhi\u00e4 oikeuspaikalla.\n"
                },
                "13": {
                    "verse_nr": 13,
                    "verse": "Sen takia viisas vaikenee t\u00e4llaisena aikana, sill\u00e4 t\u00e4m\u00e4 on paha aika.\n"
                },
                "14": {
                    "verse_nr": 14,
                    "verse": "Pyrkik\u00e4\u00e4 hyv\u00e4\u00e4n, \u00e4lk\u00e4\u00e4 pahaan, jotta saisitte el\u00e4\u00e4! Silloin Herra Jumala Sebaot on teid\u00e4n kanssanne, niin kuin te sanotte h\u00e4nen olevan.\n"
                },
                "15": {
                    "verse_nr": 15,
                    "verse": "Vihatkaa pahaa ja rakastakaa hyv\u00e4\u00e4! Saattakaa kaupunginportissa oikeus voimaan. Ehk\u00e4 Herra Jumala Sebaot silloin armahtaa Joosefin heimon j\u00e4\u00e4nn\u00f6st\u00e4.\n"
                },
                "16": {
                    "verse_nr": 16,
                    "verse": "Sen t\u00e4hden Herra Jumala Sebaot sanoo n\u00e4in:  -- Kaikilta toreilta kuuluu valitus, kaikilta kujilta vaikerrus. Talonpoikia kutsutaan surujuhliin ja valittajaisiin itkuvirren taitajia,\n"
                },
                "17": {
                    "verse_nr": 17,
                    "verse": "ja viinitarhoistakin kuuluu valitus, kun min\u00e4 kuljen teid\u00e4n keskitsenne, sanoo Herra.\n"
                },
                "18": {
                    "verse_nr": 18,
                    "verse": "Voi teit\u00e4, jotka hartaasti odotatte Herran p\u00e4iv\u00e4\u00e4! Mit\u00e4 iloa teille on Herran p\u00e4iv\u00e4st\u00e4? Se tuo pimeyden, ei valoa.\n"
                },
                "19": {
                    "verse_nr": 19,
                    "verse": "K\u00e4y kuin miehen, joka pakeni leijonaa mutta kohtasi karhun --  kun h\u00e4n p\u00e4\u00e4si kotiin ja nojasi k\u00e4dell\u00e4 sein\u00e4\u00e4n, k\u00e4teen puri k\u00e4\u00e4rme.\n"
                },
                "20": {
                    "verse_nr": 20,
                    "verse": "Eik\u00f6 Herran p\u00e4iv\u00e4 siis ole pime\u00e4 eik\u00e4 valoisa, pilkkopime\u00e4, ilman valon h\u00e4iv\u00e4\u00e4?\n"
                },
                "21": {
                    "verse_nr": 21,
                    "verse": "-- Min\u00e4 vihaan teid\u00e4n juhlianne, min\u00e4 inhoan niit\u00e4, min\u00e4 en voi siet\u00e4\u00e4 juhlakokouksianne.\n"
                },
                "22": {
                    "verse_nr": 22,
                    "verse": "Kun te tuotte minulle polttouhrejanne ja ruokauhrejanne, min\u00e4 en ota niit\u00e4 vastaan. Juottovasikkoihin, joita te tuotte ateriauhriksi, min\u00e4 en katsahdakaan.\n"
                },
                "23": {
                    "verse_nr": 23,
                    "verse": "Vie pois minun luotani virsiesi pauhu! En halua kuulla sinun harppujesi helin\u00e4\u00e4.\n"
                },
                "24": {
                    "verse_nr": 24,
                    "verse": "Mutta oikeus virratkoon kuin vesi ja vanhurskaus kuin ehtym\u00e4t\u00f6n puro.\n"
                },
                "25": {
                    "verse_nr": 25,
                    "verse": "\"Toitteko te minulle teuraita ja ruokauhreja autiomaassa niiden nelj\u00e4nkymmenen vuoden aikana, te israelilaiset?\n"
                },
                "26": {
                    "verse_nr": 26,
                    "verse": "Ent\u00e4 kannoitteko silloin kuningastanne Sikkutia ja t\u00e4htijumalaanne Kijjunia, kuvia, jotka nyt olette itsellenne tehneet?\"\n"
                },
                "27": {
                    "verse_nr": 27,
                    "verse": "-- Min\u00e4 vien teid\u00e4t vankeina tuolle puolen Damaskoksen, sanoo Herra. H\u00e4nen nimens\u00e4 on Jumala Sebaot.\n"
                }
            }
        },
        "6": {
            "chapter_nr": 6,
            "chapter": {
                "1": {
                    "verse_nr": 1,
                    "verse": "Voi teit\u00e4, Siionin huolettomat ja Samarian vuoren itsevarmat asukkaat, te valitun kansan k\u00e4rkijoukko! Ja teit\u00e4 koko Israel seuraa!\n"
                },
                "2": {
                    "verse_nr": 2,
                    "verse": "Menk\u00e4\u00e4 Kalneen katsomaan, kuinka sen on k\u00e4ynyt, menk\u00e4\u00e4 sielt\u00e4 suureen Hamatiin ja alas filistealaisten Gatiin! Oletteko te parempia kuin nuo valtakunnat, onko teid\u00e4n alueenne suurempi kuin niiden?\n"
                },
                "3": {
                    "verse_nr": 3,
                    "verse": "Te torjutte mielest\u00e4nne pahan p\u00e4iv\u00e4n ja hyv\u00e4ksytte v\u00e4kivallan keskuudessanne.\n"
                },
                "4": {
                    "verse_nr": 4,
                    "verse": "Te makaatte norsunluuvuoteillanne ja loikoilette leposohvillanne. Te sy\u00f6tte karitsoita laumasta ja juottovasikoita karsinasta.\n"
                },
                "5": {
                    "verse_nr": 5,
                    "verse": "Te n\u00e4pp\u00e4ilette harpun kieli\u00e4 ja sepit\u00e4tte lauluja kuin paraskin Daavid!\n"
                },
                "6": {
                    "verse_nr": 6,
                    "verse": "Te juotte viini\u00e4 uhrimaljoista ja voitelette itsenne parhaalla \u00f6ljyll\u00e4, mutta Joosefin heimon vamma ei teit\u00e4 liikuta.\n"
                },
                "7": {
                    "verse_nr": 7,
                    "verse": "Sen t\u00e4hden teid\u00e4n k\u00e4y nyt n\u00e4in: Vankisaattueen k\u00e4rjess\u00e4 te marssitte vieraaseen maahan. Loikojien juhlat on juhlittu.\n"
                },
                "8": {
                    "verse_nr": 8,
                    "verse": "Herra Jumala on vannonut itsens\u00e4 kautta, n\u00e4in sanoo Herra Jumala Sebaot:  -- Min\u00e4 inhoan Jaakobin suvun ylpeytt\u00e4, min\u00e4 vihaan sen palatsia. Min\u00e4 j\u00e4t\u00e4n kaupungin kaikkineen tuhon omaksi.\n"
                },
                "9": {
                    "verse_nr": 9,
                    "verse": "Jos silloin johonkin taloon on j\u00e4\u00e4nyt kymmenen ihmist\u00e4, niin hekin kuolevat.\n"
                },
                "10": {
                    "verse_nr": 10,
                    "verse": "Sukulainen tulee viem\u00e4\u00e4n ruumista poltettavaksi ja kysyy silt\u00e4, joka on talon per\u00e4ll\u00e4: \"Onko luonasi viel\u00e4 joku?\" T\u00e4m\u00e4 vastaa: \"Ei ket\u00e4\u00e4n en\u00e4\u00e4.\" Silloin toinen varoittaa: \"Ole hiljaa!\" -- sill\u00e4 Herran nime\u00e4 ei ole hyv\u00e4 mainita.\n"
                },
                "11": {
                    "verse_nr": 11,
                    "verse": "Ja nyt Herra antaa k\u00e4skyn. Iso talo ly\u00f6d\u00e4\u00e4n palasiksi ja pieni talo pirstaleiksi.\n"
                },
                "12": {
                    "verse_nr": 12,
                    "verse": "Eiv\u00e4th\u00e4n hevoset juokse pitkin kalliolouhikoita? Ei kai h\u00e4rill\u00e4 kynnet\u00e4 merta? Mutta te teette laink\u00e4yt\u00f6st\u00e4 myrkkykeison ja oikeuden hedelmist\u00e4 katkeraa koiruohoa.\n"
                },
                "13": {
                    "verse_nr": 13,
                    "verse": "Te iloitsette Lo-Dabarista, tyhj\u00e4st\u00e4, ja sanotte: \"Omin voimin me valloitimme vahvan Karnaimin.\"\n"
                },
                "14": {
                    "verse_nr": 14,
                    "verse": "Mutta nyt, israelilaiset, n\u00e4in sanoo Herra Jumala Sebaot:  -- Min\u00e4 l\u00e4het\u00e4n teid\u00e4n kimppuunne kansan, joka ahdistaa teit\u00e4 kaikkialla, Lebo-Hamatista aina Arabanpurolle saakka.\n"
                }
            }
        },
        "7": {
            "chapter_nr": 7,
            "chapter": {
                "1": {
                    "verse_nr": 1,
                    "verse": "Herra Jumala n\u00e4ytti minulle t\u00e4m\u00e4n n\u00e4yn: H\u00e4n loi hein\u00e4sirkkoja juuri kun niityille oli nousemassa uutta ruohoa kuninkaan niittojen j\u00e4ljilt\u00e4.\n"
                },
                "2": {
                    "verse_nr": 2,
                    "verse": "Kun hein\u00e4sirkat olivat sy\u00f6neet maan l\u00e4hes paljaaksi, min\u00e4 sanoin: \"Herra, Jumala, anna anteeksi! Kuinka Jaakobin suku voi kest\u00e4\u00e4 t\u00e4m\u00e4n, seh\u00e4n on niin v\u00e4h\u00e4lukuinen.\"\n"
                },
                "3": {
                    "verse_nr": 3,
                    "verse": "Silloin Herra katui ja sanoi: \"T\u00e4m\u00e4 ei tapahdu.\"\n"
                },
                "4": {
                    "verse_nr": 4,
                    "verse": "Herra Jumala n\u00e4ytti minulle t\u00e4m\u00e4n n\u00e4yn: H\u00e4n kutsui tulen panemaan toimeen tuomion. Tuli nieli syvyyden vedet ja uhkasi niell\u00e4 my\u00f6s viljelysmaan.\n"
                },
                "5": {
                    "verse_nr": 5,
                    "verse": "Silloin min\u00e4 sanoin: \"Herra, Jumala, lakkaa jo! Kuinka Jaakobin suku voi kest\u00e4\u00e4 t\u00e4m\u00e4n, seh\u00e4n on niin v\u00e4h\u00e4lukuinen.\"\n"
                },
                "6": {
                    "verse_nr": 6,
                    "verse": "Niin Herra katui ja sanoi: \"T\u00e4m\u00e4k\u00e4\u00e4n ei tapahdu.\"\n"
                },
                "7": {
                    "verse_nr": 7,
                    "verse": "Herra Jumala n\u00e4ytti minulle t\u00e4m\u00e4n n\u00e4yn: H\u00e4n seisoi muurin harjalla luotilanka k\u00e4dess\u00e4\u00e4n.\n"
                },
                "8": {
                    "verse_nr": 8,
                    "verse": "Herra sanoi minulle: \"Mit\u00e4 n\u00e4et, Aamos?\" Min\u00e4 vastasin: \"Luotilangan.\" H\u00e4n sanoi: \"Katso, min\u00e4 tutkin luotilangalla kansani Israelin enk\u00e4 en\u00e4\u00e4 kulje armahtaen sen ohitse.\"\n"
                },
                "9": {
                    "verse_nr": 9,
                    "verse": "-- Iisakin uhrikukkulat h\u00e4vitet\u00e4\u00e4n, Israelin pyh\u00e4k\u00f6t j\u00e4\u00e4v\u00e4t autioiksi, ja Jerobeamin sukua vastaan min\u00e4 k\u00e4yn miekka k\u00e4dess\u00e4.\n"
                },
                "10": {
                    "verse_nr": 10,
                    "verse": "Betelin pappi Amasja l\u00e4hetti Jerobeamille, Israelin kuninkaalle, sanan: \"Aamos lietsoo israelilaisten keskuudessa kapinaa sinua vastaan. Maa ei kest\u00e4 h\u00e4nen puheitaan.\n"
                },
                "11": {
                    "verse_nr": 11,
                    "verse": "H\u00e4n on jopa sanonut, ett\u00e4 Jerobeam kuolee miekkaan ja Israelin kansa vied\u00e4\u00e4n pakkosiirtolaisuuteen, pois omasta maastaan.\"\n"
                },
                "12": {
                    "verse_nr": 12,
                    "verse": "Aamokselle Amasja sanoi: \"N\u00e4kij\u00e4, mene tiehesi ja palaa Juudaan! Profetoi siell\u00e4 ja hanki leip\u00e4si siell\u00e4!\n"
                },
                "13": {
                    "verse_nr": 13,
                    "verse": "Beteliss\u00e4 et en\u00e4\u00e4 profetoi. T\u00e4m\u00e4 on kuninkaan pyh\u00e4kk\u00f6 ja valtakunnan temppeli!\"\n"
                },
                "14": {
                    "verse_nr": 14,
                    "verse": "Aamos vastasi h\u00e4nelle: \"En ole profeetta enk\u00e4 profeetan oppilas, vaan karjankasvattaja ja mets\u00e4viikunoiden viljelij\u00e4.\n"
                },
                "15": {
                    "verse_nr": 15,
                    "verse": "Herra otti minut laumojeni keskelt\u00e4 ja sanoi minulle: 'Mene ja julista kansaani Israelia vastaan!'\n"
                },
                "16": {
                    "verse_nr": 16,
                    "verse": "Kuule nyt Herran sana, sin\u00e4 joka sanot: '\u00c4l\u00e4 profetoi Israelia vastaan \u00e4l\u00e4k\u00e4 pauhaa Iisakin suvulle!'\n"
                },
                "17": {
                    "verse_nr": 17,
                    "verse": "Herra sanoo n\u00e4in: -- Vaimostasi tulee portto t\u00e4ss\u00e4 kaupungissa, ja miekka surmaa poikasi ja tytt\u00e4resi. Sinun maasi jaetaan vieraille. Sin\u00e4 itse kuolet saastaisella maalla, ja Israelin kansa vied\u00e4\u00e4n pois, pois omasta maastaan.\"\n"
                }
            }
        },
        "8": {
            "chapter_nr": 8,
            "chapter": {
                "1": {
                    "verse_nr": 1,
                    "verse": "Herra Jumala n\u00e4ytti minulle t\u00e4m\u00e4n n\u00e4yn: oli korillinen loppukes\u00e4n hedelmi\u00e4.\n"
                },
                "2": {
                    "verse_nr": 2,
                    "verse": "H\u00e4n kysyi minulta: \"Mit\u00e4 n\u00e4et, Aamos?\" Min\u00e4 vastasin: \"Korillisen loppukes\u00e4n hedelmi\u00e4.\" Herra sanoi minulle: \"Loppu on tullut kansalleni Israelille. En\u00e4\u00e4 en kulje armahtaen sen ohitse.\"\n"
                },
                "3": {
                    "verse_nr": 3,
                    "verse": "Herra Jumala sanoo: -- Sin\u00e4 p\u00e4iv\u00e4n\u00e4 palatsin laulajattaret puhkeavat valituksiin. Paljon on ruumiita, joka paikkaan viskattuja. -- Hiljaa!\n"
                },
                "4": {
                    "verse_nr": 4,
                    "verse": "Kuulkaa t\u00e4t\u00e4, te jotka poljette v\u00e4h\u00e4varaisia ja ajatte maaseudun k\u00f6yh\u00e4t perikatoon!\n"
                },
                "5": {
                    "verse_nr": 5,
                    "verse": "Te sanotte: \"Milloin p\u00e4\u00e4ttyy uudenkuun juhla, ett\u00e4 saamme myyd\u00e4 viljaa, milloin sapatti, ett\u00e4 saamme avata varastot? Silloin voimme taas pienent\u00e4\u00e4 mittaa, suurentaa hintaa ja pett\u00e4\u00e4 v\u00e4\u00e4r\u00e4ll\u00e4 vaa'alla.\n"
                },
                "6": {
                    "verse_nr": 6,
                    "verse": "N\u00e4in saamme varattomat valtaamme rahalla ja k\u00f6yh\u00e4t kenk\u00e4parin hinnalla. Ja akanatkin myymme jyvin\u00e4!\"\n"
                },
                "7": {
                    "verse_nr": 7,
                    "verse": "Herra on vannonut Jaakobin kunnian kautta:  -- Min\u00e4 en unohda yht\u00e4k\u00e4\u00e4n heid\u00e4n tekoansa!\n"
                },
                "8": {
                    "verse_nr": 8,
                    "verse": "Eik\u00f6 maa t\u00e4m\u00e4n takia j\u00e4rise, eiv\u00e4tk\u00f6 kaikki sen asukkaat valita? Eik\u00f6 se kaikkineen nouse kuin Niilin vesi, kohoa ja laske kuin Egyptin virta?\n"
                },
                "9": {
                    "verse_nr": 9,
                    "verse": "-- Sin\u00e4 p\u00e4iv\u00e4n\u00e4 -- sanoo Herra Jumala --  min\u00e4 annan auringon laskea puolenp\u00e4iv\u00e4n aikaan ja pimenn\u00e4n maan keskell\u00e4 kirkasta p\u00e4iv\u00e4\u00e4.\n"
                },
                "10": {
                    "verse_nr": 10,
                    "verse": "Min\u00e4 muutan teid\u00e4n juhlanne suruksi ja kaikki laulunne valitusvirsiksi. Min\u00e4 puen kaikkien ylle s\u00e4kkivaatteen ja ajatan teid\u00e4n p\u00e4\u00e4nne paljaaksi. Silloin on suru kuin ainoasta pojasta. Se p\u00e4iv\u00e4 on katkera p\u00e4iv\u00e4.\n"
                },
                "11": {
                    "verse_nr": 11,
                    "verse": "-- Koittaa aika -- sanoo Herra Jumala --  jolloin min\u00e4 l\u00e4het\u00e4n maahan n\u00e4l\u00e4n. En leiv\u00e4n n\u00e4lk\u00e4\u00e4, en veden janoa, vaan Herran sanan kuulemisen n\u00e4l\u00e4n.\n"
                },
                "12": {
                    "verse_nr": 12,
                    "verse": "Ihmiset hoippuvat merelt\u00e4 merelle, pohjoisesta it\u00e4\u00e4n he harhailevat etsim\u00e4ss\u00e4 Herran sanaa, mutta eiv\u00e4t l\u00f6yd\u00e4.\n"
                },
                "13": {
                    "verse_nr": 13,
                    "verse": "Kauniit neitoset ja nuoret miehet n\u00e4\u00e4ntyv\u00e4t niin\u00e4 p\u00e4ivin\u00e4 janoon.\n"
                },
                "14": {
                    "verse_nr": 14,
                    "verse": "Nuo, jotka vannovat Samarian ep\u00e4jumalan nimeen ja sanovat: \"Niin totta kuin Danin jumala el\u00e4\u00e4!\" tai: \"Kautta Beerseban pyh\u00e4n matkan!\"  -- he kaatuvat eiv\u00e4tk\u00e4 en\u00e4\u00e4 nouse.\n"
                }
            }
        },
        "9": {
            "chapter_nr": 9,
            "chapter": {
                "1": {
                    "verse_nr": 1,
                    "verse": "Min\u00e4 n\u00e4in Herran seisovan alttarin \u00e4\u00e4ress\u00e4. H\u00e4n sanoi: -- Iske pylv\u00e4\u00e4np\u00e4ihin, niin ett\u00e4 portinpielet vapisevat! Ly\u00f6 ne murskaksi heid\u00e4n p\u00e4\u00e4h\u00e4ns\u00e4! Viimeiset min\u00e4 surmaan miekalla. Yksik\u00e4\u00e4n heist\u00e4 ei p\u00e4\u00e4se pakoon, ei kukaan selvi\u00e4 hengiss\u00e4.\n"
                },
                "2": {
                    "verse_nr": 2,
                    "verse": "Jos he tunkeutuvat tuonelaan, sielt\u00e4kin minun k\u00e4teni tavoittaa heid\u00e4t. Jos he nousevat taivaisiin, sielt\u00e4kin min\u00e4 noudan heid\u00e4t.\n"
                },
                "3": {
                    "verse_nr": 3,
                    "verse": "Jos he k\u00e4tkeytyv\u00e4t Karmelin rinteille, sielt\u00e4kin min\u00e4 etsin heid\u00e4t k\u00e4siini. Jos he piiloutuvat minulta meren pohjaan, siell\u00e4 min\u00e4 k\u00e4sken meripedon purra heit\u00e4.\n"
                },
                "4": {
                    "verse_nr": 4,
                    "verse": "Jos viholliset viev\u00e4t heid\u00e4t vankeuteen, k\u00e4sken miekan tappaa heid\u00e4t siell\u00e4. Min\u00e4 k\u00e4\u00e4nn\u00e4n katseeni heihin onnettomuudeksi, en onneksi.\n"
                },
                "5": {
                    "verse_nr": 5,
                    "verse": "H\u00e4n on Herra Jumala Sebaot. H\u00e4n koskettaa maata, ja se vavahtelee ja kaikki sen asukkaat valittavat. Se nousee kaikkineen kuin Niilin vesi, se laskee kuin Egyptin virta.\n"
                },
                "6": {
                    "verse_nr": 6,
                    "verse": "H\u00e4n on rakentanut asumuksensa taivaisiin, perustanut holvisalinsa maan ylle. H\u00e4n kutsuu vedet merest\u00e4 ja kostuttaa niill\u00e4 maan. H\u00e4nen nimens\u00e4 on Herra.\n"
                },
                "7": {
                    "verse_nr": 7,
                    "verse": "-- Oletteko te israelilaiset minulle sen kummempia kuin nubialaiset? kuuluu Herran sana.  -- Enk\u00f6 min\u00e4 tuonut Israelin Egyptist\u00e4 niin kuin toin filistealaiset Kaftorista ja syyrialaiset Kirist\u00e4?\n"
                },
                "8": {
                    "verse_nr": 8,
                    "verse": "Katso, Herra Jumala on k\u00e4\u00e4nt\u00e4nyt katseensa t\u00e4t\u00e4 syntist\u00e4 valtakuntaa vastaan. Min\u00e4 h\u00e4vit\u00e4n sen maan p\u00e4\u00e4lt\u00e4. Mutta kaikkia Jaakobin j\u00e4lkel\u00e4isi\u00e4 min\u00e4 en h\u00e4vit\u00e4, kuuluu Herran Jumalan sana.\n"
                },
                "9": {
                    "verse_nr": 9,
                    "verse": "-- Ei, vaan min\u00e4 annan k\u00e4skyn ravistella Israelia kaikkien kansojen keskuudessa niin kuin jauhoja ravistellaan seulassa, jota yksik\u00e4\u00e4n hiekkajyv\u00e4 ei l\u00e4p\u00e4ise.\n"
                },
                "10": {
                    "verse_nr": 10,
                    "verse": "Kansani syntiset kaatuvat miekkaan, kaikki nuo, jotka sanovat: \"Meille et onnettomuutta tuota, et anna sen meit\u00e4 kohdata!\"\n"
                },
                "11": {
                    "verse_nr": 11,
                    "verse": "-- Sin\u00e4 p\u00e4iv\u00e4n\u00e4 min\u00e4 rakennan j\u00e4lleen Daavidin sortuneen majan. Min\u00e4 muuraan umpeen sen halkeamat, korjaan sen luhistumat ja saatan sen entiseen loistoonsa.\n"
                },
                "12": {
                    "verse_nr": 12,
                    "verse": "Ja niin Israel saa hallittavakseen Edomin j\u00e4\u00e4nn\u00f6ksen ja kaikki ne kansat, jotka on julistettu minun omikseni, sanoo Herra. H\u00e4n on t\u00e4m\u00e4n tekev\u00e4.\n"
                },
                "13": {
                    "verse_nr": 13,
                    "verse": "-- Katso, tulee aika, sanoo Herra, jolloin kynt\u00e4j\u00e4 kulkee leikkaajan kannoilla ja ryp\u00e4leiden polkija kylv\u00e4j\u00e4n kintereill\u00e4. Silloin vuoret pursuavat nuorta viini\u00e4 ja kukkulat lainehtivat rehevyytt\u00e4\u00e4n.\n"
                },
                "14": {
                    "verse_nr": 14,
                    "verse": "Min\u00e4 k\u00e4\u00e4nn\u00e4n kansani Israelin kohtalon. He rakentavat j\u00e4lleen h\u00e4vitetyt kaupunkinsa ja asettuvat niihin asumaan. He istuttavat viinitarhoja ja nauttivat niiden viinin. He istuttavat puutarhoja ja nauttivat niiden hedelm\u00e4n.\n"
                },
                "15": {
                    "verse_nr": 15,
                    "verse": "Min\u00e4 istutan heid\u00e4t maahansa, eik\u00e4 heit\u00e4 en\u00e4\u00e4 revit\u00e4 irti maasta, jonka min\u00e4 olen heille antanut, sanoo Herra, sinun Jumalasi.\n"
                }
            }
        }
    }
}