{
    "version": "pyharaamattu1992",
    "book_name": "Hebrews",
    "book_nr": "58",
    "book": {
        "1": {
            "chapter_nr": 1,
            "chapter": {
                "1": {
                    "verse_nr": 1,
                    "verse": "Monet kerrat ja monin tavoin Jumala muinoin puhui isillemme profeettojen suulla,\n"
                },
                "2": {
                    "verse_nr": 2,
                    "verse": "mutta n\u00e4in\u00e4 viimeisin\u00e4 aikoina h\u00e4n on puhunut meille Pojassaan, jonka h\u00e4n on pannut kaiken perilliseksi ja jonka v\u00e4lityksell\u00e4 h\u00e4n my\u00f6s on luonut maailmat.\n"
                },
                "3": {
                    "verse_nr": 3,
                    "verse": "Poika on Jumalan s\u00e4dehtiv\u00e4 kirkkaus, h\u00e4nen olemuksensa kuva, ja h\u00e4n yll\u00e4pit\u00e4\u00e4 kaikkea olemassa olevaa sanansa voimalla. Toimitettuaan puhdistuksen synneist\u00e4 h\u00e4n on asettunut korkeuksissa istuimelleen Majesteetin oikealle puolelle.\n"
                },
                "4": {
                    "verse_nr": 4,
                    "verse": "N\u00e4in h\u00e4nest\u00e4 on tullut enkeleit\u00e4 suurempi, yht\u00e4 lailla kuin h\u00e4nen saamansa nimi on enkelien nimi\u00e4 ylh\u00e4isempi.\n"
                },
                "5": {
                    "verse_nr": 5,
                    "verse": "Ei Jumala ole yhdellek\u00e4\u00e4n enkelille milloinkaan sanonut: -- Sin\u00e4 olet minun Poikani, t\u00e4n\u00e4 p\u00e4iv\u00e4n\u00e4 min\u00e4 sinut synnytin.  Ei my\u00f6sk\u00e4\u00e4n n\u00e4in: -- Min\u00e4 olen oleva h\u00e4nen Is\u00e4ns\u00e4, ja h\u00e4n on oleva minun Poikani.\n"
                },
                "6": {
                    "verse_nr": 6,
                    "verse": "Kun Jumala j\u00e4lleen tuo Esikoisensa maailmaan, h\u00e4n sanoo: -- Kaikki Jumalan enkelit kumartakoot h\u00e4nt\u00e4.\n"
                },
                "7": {
                    "verse_nr": 7,
                    "verse": "Enkeleist\u00e4 h\u00e4n sanoo n\u00e4in: -- H\u00e4n tekee enkelins\u00e4 tuuliksi, palvelijansa tulenliekeiksi.\n"
                },
                "8": {
                    "verse_nr": 8,
                    "verse": "Mutta Pojastaan h\u00e4n sanoo: -- Jumala, sinun valtaistuimesi pysyy ajasta aikaan, ja sinun kuninkaanvaltikkasi on oikeudenmukaisuuden valtikka.\n"
                },
                "9": {
                    "verse_nr": 9,
                    "verse": "Sin\u00e4 rakastit oikeutta ja vihasit v\u00e4\u00e4ryytt\u00e4. Sen t\u00e4hden Jumala, sinun Jumalasi, on voidellut sinut riemun \u00f6ljyll\u00e4, sinut, ei kumppaneitasi.\n"
                },
                "10": {
                    "verse_nr": 10,
                    "verse": "Ja my\u00f6s n\u00e4in: -- Sin\u00e4, Herra, laskit alussa maan perustukset, sinun k\u00e4ttesi ty\u00f6t\u00e4 ovat taivaat.\n"
                },
                "11": {
                    "verse_nr": 11,
                    "verse": "Ne katoavat, mutta sin\u00e4 pysyt. Ne kaikki kuluvat kuin vaate,\n"
                },
                "12": {
                    "verse_nr": 12,
                    "verse": "sin\u00e4 k\u00e4\u00e4rit ne kokoon kuin p\u00e4\u00e4llysviitan, ne vaihdetaan niin kuin vaate. Mutta sin\u00e4 olet i\u00e4ti sama, sinun vuotesi eiv\u00e4t lopu.\n"
                },
                "13": {
                    "verse_nr": 13,
                    "verse": "Yhdellek\u00e4\u00e4n enkelille ei Jumala milloinkaan ole sanonut: -- Istu oikealle puolelleni. Min\u00e4 kukistan vihollisesi, panen heid\u00e4t korokkeeksi jalkojesi alle.\n"
                },
                "14": {
                    "verse_nr": 14,
                    "verse": "Eiv\u00e4tk\u00f6 enkelit ole palvelevia henki\u00e4? Heid\u00e4t l\u00e4hetet\u00e4\u00e4n palvelemaan niit\u00e4, jotka saavat osakseen autuuden.\n"
                }
            }
        },
        "2": {
            "chapter_nr": 2,
            "chapter": {
                "1": {
                    "verse_nr": 1,
                    "verse": "Sen t\u00e4hden meid\u00e4n on tarkoin ja tunnollisesti pidett\u00e4v\u00e4 mieless\u00e4mme se, mink\u00e4 olemme kuulleet, ettemme ajautuisi virran viemin\u00e4 harhaan.\n"
                },
                "2": {
                    "verse_nr": 2,
                    "verse": "Johan sekin sanoma, jonka enkelit toivat, osoittautui paikkansa pit\u00e4v\u00e4ksi, ja jokainen rikkomus ja tottelemattomuus sai ansaitsemansa palkan.\n"
                },
                "3": {
                    "verse_nr": 3,
                    "verse": "Kuinka sitten me voisimme v\u00e4ltt\u00e4\u00e4 rangaistuksen, jos emme pid\u00e4 arvossa sit\u00e4 suurta pelastusta, jota itse Herra ensimm\u00e4isen\u00e4 julisti? Ne, jotka kuulivat h\u00e4nen julistuksensa, ovat sen todistuksellaan vahvistaneet ja v\u00e4litt\u00e4neet meille,\n"
                },
                "4": {
                    "verse_nr": 4,
                    "verse": "ja itse Jumala vahvisti heid\u00e4n todistuksensa: h\u00e4n antoi heid\u00e4n tehd\u00e4 tunnustekoja ja ihmeit\u00e4, monia voimallisia tekoja, ja jakoi Pyh\u00e4n Hengen lahjoja tahtonsa mukaan.\n"
                },
                "5": {
                    "verse_nr": 5,
                    "verse": "Tulevaa maailmaa, sit\u00e4 josta nyt puhumme, Jumala ei ole alistanut enkelien hallittavaksi.\n"
                },
                "6": {
                    "verse_nr": 6,
                    "verse": "T\u00e4st\u00e4 on jossakin kohdassa joku todistanut: -- Mik\u00e4 on ihminen! Kuitenkin sin\u00e4 h\u00e4nt\u00e4 muistat. Mik\u00e4 on ihmislapsi! Kuitenkin pid\u00e4t h\u00e4nest\u00e4 huolen.\n"
                },
                "7": {
                    "verse_nr": 7,
                    "verse": "Lyhyeksi aikaa sin\u00e4 asetit h\u00e4net enkeleit\u00e4 alemmaksi, mutta sitten seppel\u00f6it h\u00e4net kirkkaudella ja kunnialla,\n"
                },
                "8": {
                    "verse_nr": 8,
                    "verse": "panit kaiken h\u00e4nen valtansa alle.   Jumala siis antoi ihmisen valtaan kaiken, h\u00e4n ei j\u00e4tt\u00e4nyt mit\u00e4\u00e4n t\u00e4lle alistamatta. Viel\u00e4 tosin emme voi havaita, ett\u00e4 kaikki olisi h\u00e4nen vallassaan.\n"
                },
                "9": {
                    "verse_nr": 9,
                    "verse": "Sen kuitenkin n\u00e4emme, ett\u00e4 tuo \"lyhyeksi aikaa enkeleit\u00e4 alemmaksi asetettu\", Jeesus, on kuoleman tuskat k\u00e4rsitty\u00e4\u00e4n \"seppel\u00f6ity kirkkaudella ja kunnialla\". Armollisen Jumalan tahto n\u00e4et oli, ett\u00e4 Jeesuksen oli k\u00e4rsitt\u00e4v\u00e4 kuolema jokaisen ihmisen puolesta.\n"
                },
                "10": {
                    "verse_nr": 10,
                    "verse": "H\u00e4n, joka on kaiken luoja ja perusta, tahtoi tuoda paljon lapsia kirkkauteen, ja siksi h\u00e4nen tuli tehd\u00e4 heid\u00e4n pelastajansa ja perilleviej\u00e4ns\u00e4 k\u00e4rsimysten kautta t\u00e4ydelliseksi.\n"
                },
                "11": {
                    "verse_nr": 11,
                    "verse": "Pyhitt\u00e4j\u00e4ll\u00e4 ja pyhitett\u00e4vill\u00e4 on kaikilla sama is\u00e4; siksi ei pyhitt\u00e4j\u00e4 h\u00e4pe\u00e4k\u00e4\u00e4n kutsua n\u00e4it\u00e4 veljikseen:\n"
                },
                "12": {
                    "verse_nr": 12,
                    "verse": "-- Min\u00e4 julistan sinun nime\u00e4si veljilleni, ylist\u00e4n sinua seurakunnan keskell\u00e4.\n"
                },
                "13": {
                    "verse_nr": 13,
                    "verse": "H\u00e4n sanoo my\u00f6s: -- Min\u00e4 turvaan Herraan,  ja edelleen: -- T\u00e4ss\u00e4 me olemme, min\u00e4 ja lapset, jotka Jumala minulle antoi.\n"
                },
                "14": {
                    "verse_nr": 14,
                    "verse": "N\u00e4m\u00e4 lapset ovat ihmisi\u00e4, lihaa ja verta, ja siksi h\u00e4nkin tuli ihmiseksi, heid\u00e4n kaltaisekseen. Siten h\u00e4n kykeni kuolemallaan riist\u00e4m\u00e4\u00e4n vallan kuoleman valtiaalta, Saatanalta,\n"
                },
                "15": {
                    "verse_nr": 15,
                    "verse": "ja p\u00e4\u00e4st\u00e4m\u00e4\u00e4n vapaiksi kaikki, jotka kuoleman pelosta olivat koko ik\u00e4ns\u00e4 olleet orjina.\n"
                },
                "16": {
                    "verse_nr": 16,
                    "verse": "H\u00e4n ei siis ota suojelukseensa enkeleit\u00e4 -- h\u00e4n ottaa suojelukseensa Abrahamin suvun.\n"
                },
                "17": {
                    "verse_nr": 17,
                    "verse": "Niinp\u00e4 h\u00e4nen oli tultava joka suhteessa veljiens\u00e4 kaltaiseksi, jotta h\u00e4nest\u00e4 tulisi armahtava ja uskollinen ylipappi ja h\u00e4n voisi Jumalan edess\u00e4 sovittaa kansansa synnit.\n"
                },
                "18": {
                    "verse_nr": 18,
                    "verse": "Koska h\u00e4n on itse k\u00e4ynyt l\u00e4pi k\u00e4rsimykset ja kiusaukset, h\u00e4n kykenee auttamaan niit\u00e4, joita koetellaan.\n"
                }
            }
        },
        "3": {
            "chapter_nr": 3,
            "chapter": {
                "1": {
                    "verse_nr": 1,
                    "verse": "T\u00e4m\u00e4n t\u00e4hden, te pyh\u00e4t veljet, te, jotka olette saaneet taivaasta kutsun, kiinnitt\u00e4k\u00e4\u00e4 katseenne Jeesukseen, joka on tunnustuksemme apostoli ja ylipappi.\n"
                },
                "2": {
                    "verse_nr": 2,
                    "verse": "H\u00e4n on herransa luottamuksen arvoinen, niin kuin Mooses oli \"kaikissa h\u00e4nen huoneensa asioissa\",\n"
                },
                "3": {
                    "verse_nr": 3,
                    "verse": "mutta h\u00e4net on katsottu suuremman kunnian arvoiseksi, yht\u00e4 paljon suuremman kuin rakentajan kunnia on rakennuksen kunniaa suurempi.\n"
                },
                "4": {
                    "verse_nr": 4,
                    "verse": "Jokainen talo on jonkun rakentama, mutta Jumala on rakentanut kaiken.\n"
                },
                "5": {
                    "verse_nr": 5,
                    "verse": "Mooses oli kyll\u00e4 uskottu \"kaikissa h\u00e4nen huoneensa asioissa\", mutta silti vain palvelija, el\u00e4v\u00e4 todiste siit\u00e4, mit\u00e4 Jumala oli my\u00f6hemmin puhuva.\n"
                },
                "6": {
                    "verse_nr": 6,
                    "verse": "Kristus sen sijaan on Poika, jonka haltuun on uskottu Jumalan koko rakennus. T\u00e4m\u00e4 rakennus olemme me, kunhan loppuun saakka s\u00e4ilyt\u00e4mme rohkeutemme ja luottavaisin ja iloisin mielin tuomme julki toivomme.\n"
                },
                "7": {
                    "verse_nr": 7,
                    "verse": "Sen t\u00e4hden, niin kuin Pyh\u00e4 Henki sanoo: -- Jos te t\u00e4n\u00e4 p\u00e4iv\u00e4n\u00e4 kuulette h\u00e4nen \u00e4\u00e4nens\u00e4,\n"
                },
                "8": {
                    "verse_nr": 8,
                    "verse": "\u00e4lk\u00e4\u00e4 paaduttako syd\u00e4nt\u00e4nne niin kuin silloin, kun nousitte kapinaan, kun koettelitte minua autiomaassa.\n"
                },
                "9": {
                    "verse_nr": 9,
                    "verse": "Siell\u00e4 is\u00e4nne panivat minut koetteelle --  ja saivat nelj\u00e4kymment\u00e4 vuotta kokea, mit\u00e4 heille tein.\n"
                },
                "10": {
                    "verse_nr": 10,
                    "verse": "Min\u00e4 vihastuin heid\u00e4n sukupolveensa ja sanoin: \"Aina he syd\u00e4mess\u00e4\u00e4n kulkevat harhaan.\" He eiv\u00e4t tahtoneet seurata minun teit\u00e4ni,\n"
                },
                "11": {
                    "verse_nr": 11,
                    "verse": "ja niin min\u00e4 vihassani vannoin: \"Ikin\u00e4 he eiv\u00e4t p\u00e4\u00e4se minun lepopaikkaani.\"\n"
                },
                "12": {
                    "verse_nr": 12,
                    "verse": "Varokaa siis, veljet, ettei kukaan teist\u00e4 ole syd\u00e4mess\u00e4\u00e4n paha ja ep\u00e4uskoinen ja n\u00e4in luovu el\u00e4v\u00e4st\u00e4 Jumalasta.\n"
                },
                "13": {
                    "verse_nr": 13,
                    "verse": "Rohkaiskaa toinen toistanne joka p\u00e4iv\u00e4, niin kauan kuin tuo sana \"t\u00e4n\u00e4 p\u00e4iv\u00e4n\u00e4\" on voimassa, ettei kukaan teist\u00e4 lankeaisi synnin viettelyksiin ja paatuisi.\n"
                },
                "14": {
                    "verse_nr": 14,
                    "verse": "Meh\u00e4n olemme osalliset Kristuksesta, kun vain loppuun asti pid\u00e4mme kiinni siit\u00e4 todellisuudesta, jonka yhteyteen jo alussa olemme p\u00e4\u00e4sseet.\n"
                },
                "15": {
                    "verse_nr": 15,
                    "verse": "Kirjoituksissa siis sanotaan: -- Jos te t\u00e4n\u00e4 p\u00e4iv\u00e4n\u00e4 kuulette h\u00e4nen \u00e4\u00e4nens\u00e4, \u00e4lk\u00e4\u00e4 paaduttako syd\u00e4nt\u00e4nne niin kuin silloin, kun nousitte kapinaan.\n"
                },
                "16": {
                    "verse_nr": 16,
                    "verse": "Ketk\u00e4 tekiv\u00e4t n\u00e4in: kuulivat mutta nousivat kapinaan? Kaikki ne, jotka Mooseksen johtamina olivat l\u00e4hteneet pois Egyptist\u00e4.\n"
                },
                "17": {
                    "verse_nr": 17,
                    "verse": "Keille Jumala oli vihoissaan nelj\u00e4kymment\u00e4 vuotta? Niille, jotka lankesivat syntiin ja joiden ruumiit sitten j\u00e4iv\u00e4t autiomaahan.\n"
                },
                "18": {
                    "verse_nr": 18,
                    "verse": "Keille h\u00e4n vannoi, etteiv\u00e4t he p\u00e4\u00e4se h\u00e4nen lepopaikkaansa? Niille, jotka eiv\u00e4t totelleet.\n"
                },
                "19": {
                    "verse_nr": 19,
                    "verse": "Huomaamme n\u00e4in, ett\u00e4 perillep\u00e4\u00e4syn esti ep\u00e4usko.\n"
                }
            }
        },
        "4": {
            "chapter_nr": 4,
            "chapter": {
                "1": {
                    "verse_nr": 1,
                    "verse": "Olkaamme siis varuillamme. Jumalan lupaus, ett\u00e4 p\u00e4\u00e4semme h\u00e4nen lepopaikkaansa, on viel\u00e4 t\u00e4yttym\u00e4tt\u00e4, eik\u00e4 yksik\u00e4\u00e4n teist\u00e4 saa j\u00e4\u00e4d\u00e4 taipaleelle.\n"
                },
                "2": {
                    "verse_nr": 2,
                    "verse": "Meh\u00e4n olemme kuulleet hyv\u00e4n sanoman aivan niin kuin nuo entisajan ihmiset. Heille ei kuitenkaan ollut mit\u00e4\u00e4n hy\u00f6ty\u00e4 sanasta, jonka he kuulivat, koska he eiv\u00e4t sit\u00e4 uskoneet eik\u00e4 se n\u00e4in sulautunut heihin.\n"
                },
                "3": {
                    "verse_nr": 3,
                    "verse": "Sen sijaan me, jotka uskoimme, p\u00e4\u00e4semme perille luvattuun levon maahan.  Jumala on siis sanonut: -- Ja niin min\u00e4 vihassani vannoin: \"Ikin\u00e4 he eiv\u00e4t p\u00e4\u00e4se minun lepopaikkaani.\"  N\u00e4in h\u00e4n sanoi, vaikka h\u00e4nen ty\u00f6ns\u00e4 ovat olleet valmiina maailman luomisesta asti.\n"
                },
                "4": {
                    "verse_nr": 4,
                    "verse": "Kirjoituksissahan on seitsem\u00e4nnest\u00e4 p\u00e4iv\u00e4st\u00e4 sanottu: \"Seitsem\u00e4nten\u00e4 p\u00e4iv\u00e4n\u00e4 Jumala lep\u00e4si kaikesta ty\u00f6st\u00e4\u00e4n.\"\n"
                },
                "5": {
                    "verse_nr": 5,
                    "verse": "Mutta tuossa toisessa kohdassa sanotaan: \"Ikin\u00e4 he eiv\u00e4t p\u00e4\u00e4se minun lepopaikkaani.\"\n"
                },
                "6": {
                    "verse_nr": 6,
                    "verse": "Koska siis on varmaa, ett\u00e4 jotkut p\u00e4\u00e4sev\u00e4t sinne, ja koska ne, jotka muinoin kuulivat hyv\u00e4n sanoman, eiv\u00e4t niskoittelunsa vuoksi sinne p\u00e4\u00e4sseet,\n"
                },
                "7": {
                    "verse_nr": 7,
                    "verse": "Jumala on asettanut uuden m\u00e4\u00e4r\u00e4p\u00e4iv\u00e4n, \"t\u00e4m\u00e4n p\u00e4iv\u00e4n\". H\u00e4nh\u00e4n on paljon my\u00f6hemmin Daavidin suulla lausunut edell\u00e4 mainitut sanat: -- Jos te t\u00e4n\u00e4 p\u00e4iv\u00e4n\u00e4 kuulette h\u00e4nen \u00e4\u00e4nens\u00e4, \u00e4lk\u00e4\u00e4 paaduttako syd\u00e4nt\u00e4nne.\n"
                },
                "8": {
                    "verse_nr": 8,
                    "verse": "Jos jo Joosua olisi vienyt kansan levon maahan, ei Jumala puhuisi toisesta, my\u00f6hemmin tulevasta p\u00e4iv\u00e4st\u00e4.\n"
                },
                "9": {
                    "verse_nr": 9,
                    "verse": "Jumalan kansalla on siis yh\u00e4 sapattijuhla edess\u00e4\u00e4n.\n"
                },
                "10": {
                    "verse_nr": 10,
                    "verse": "Se, joka p\u00e4\u00e4see levon maahan, saa lev\u00e4t\u00e4 kaikkien t\u00f6idens\u00e4 j\u00e4lkeen niin kuin Jumalakin ty\u00f6ns\u00e4 tehty\u00e4\u00e4n.\n"
                },
                "11": {
                    "verse_nr": 11,
                    "verse": "Pyrkik\u00e4\u00e4mme siis kaikin voimin tuohon lepoon, ettei yksik\u00e4\u00e4n lankeaisi seuraamaan noiden niskoittelijoiden esimerkki\u00e4 ja sen vuoksi j\u00e4isi taipaleelle.\n"
                },
                "12": {
                    "verse_nr": 12,
                    "verse": "Jumalan sana on el\u00e4v\u00e4 ja v\u00e4kev\u00e4. Se on ter\u00e4v\u00e4mpi kuin mik\u00e4\u00e4n kaksiter\u00e4inen miekka, se iskee syv\u00e4\u00e4n ja viilt\u00e4\u00e4 halki sielun ja hengen, nivelet ja luiden ytimet, se paljastaa sisimm\u00e4t aikeemme ja ajatuksemme.\n"
                },
                "13": {
                    "verse_nr": 13,
                    "verse": "Jumalalta ei voi salata mit\u00e4\u00e4n. Kaikki, mik\u00e4 on luotu, on avointa ja alastonta h\u00e4nelle, jolle meid\u00e4n on teht\u00e4v\u00e4 tili.\n"
                },
                "14": {
                    "verse_nr": 14,
                    "verse": "Koska meill\u00e4 siis on suuri ylipappi, joka on kulkenut l\u00e4pi taivaiden, Jeesus, Jumalan Poika, pysyk\u00e4\u00e4mme t\u00e4ss\u00e4 tunnustuksessa.\n"
                },
                "15": {
                    "verse_nr": 15,
                    "verse": "Meid\u00e4n ylipappimmehan jos kukaan kykenee ymm\u00e4rt\u00e4m\u00e4\u00e4n vajavuuksiamme, sill\u00e4 h\u00e4nt\u00e4 on koeteltu kaikessa samalla tavoin kuin meit\u00e4kin koetellaan; h\u00e4n vain ei langennut syntiin.\n"
                },
                "16": {
                    "verse_nr": 16,
                    "verse": "Astukaamme sen t\u00e4hden rohkeasti armon valtaistuimen eteen, jotta saisimme armoa ja laupeutta, l\u00f6yt\u00e4isimme avun silloin kun sit\u00e4 tarvitsemme.\n"
                }
            }
        },
        "5": {
            "chapter_nr": 5,
            "chapter": {
                "1": {
                    "verse_nr": 1,
                    "verse": "Jokainen ylipappi valitaan ihmisten joukosta, ja ihmisi\u00e4 h\u00e4net my\u00f6s asetetaan edustamaan, tuomaan Jumalalle lahjoja ja uhreja syntien sovittamiseksi.\n"
                },
                "2": {
                    "verse_nr": 2,
                    "verse": "Koska h\u00e4n itsekin on heikko, h\u00e4n osaa kohdella ymm\u00e4rt\u00e4v\u00e4sti tiet\u00e4m\u00e4tt\u00f6mi\u00e4 ja erehtyvi\u00e4,\n"
                },
                "3": {
                    "verse_nr": 3,
                    "verse": "ja heikkoutensa t\u00e4hden h\u00e4nell\u00e4 on my\u00f6s velvollisuus uhrata syntiuhreja yht\u00e4 lailla itsens\u00e4 kuin kansan puolesta.\n"
                },
                "4": {
                    "verse_nr": 4,
                    "verse": "Kukaan ei itse ota t\u00e4t\u00e4 arvoa itselleen, vaan ylipapin kutsuu Jumala, joka kutsui jo Aaronin.\n"
                },
                "5": {
                    "verse_nr": 5,
                    "verse": "Siten ei Kristuskaan itse korottanut itse\u00e4\u00e4n ylipapin arvoon, vaan h\u00e4net korotti se, joka sanoi h\u00e4nelle: -- Sin\u00e4 olet minun Poikani, t\u00e4n\u00e4 p\u00e4iv\u00e4n\u00e4 min\u00e4 sinut synnytin,\n"
                },
                "6": {
                    "verse_nr": 6,
                    "verse": "ja toisessa paikassa: -- Sin\u00e4 olet pappi ikuisesti, sinun pappeutesi on Melkisedekin pappeutta.\n"
                },
                "7": {
                    "verse_nr": 7,
                    "verse": "Ihmisel\u00e4m\u00e4ns\u00e4 p\u00e4ivin\u00e4 Jeesus \u00e4\u00e4neen itkien rukoili ja huusi avukseen h\u00e4nt\u00e4, jolla oli valta pelastaa h\u00e4net kuolemasta, ja h\u00e4nen uhrirukouksensa kuultiin, koska h\u00e4n taipui Jumalan tahtoon.\n"
                },
                "8": {
                    "verse_nr": 8,
                    "verse": "Vaikka h\u00e4n oli Poika, h\u00e4n joutui k\u00e4rsimyksist\u00e4 oppimaan, mit\u00e4 on kuuliaisuus.\n"
                },
                "9": {
                    "verse_nr": 9,
                    "verse": "Kun h\u00e4n oli saavuttanut t\u00e4ydellisyyden, h\u00e4nest\u00e4 tuli iankaikkisen pelastuksen tuoja, kaikkien niiden pelastaja, jotka ovat h\u00e4nelle kuuliaisia.\n"
                },
                "10": {
                    "verse_nr": 10,
                    "verse": "H\u00e4nest\u00e4 tuli Jumalan asettama ylipappi, jonka pappeus on Melkisedekin pappeutta.\n"
                },
                "11": {
                    "verse_nr": 11,
                    "verse": "Meill\u00e4 olisi t\u00e4st\u00e4 paljonkin sanottavaa, mutta ei ole helppo selitt\u00e4\u00e4 n\u00e4it\u00e4 asioita teille, koska olette tulleet niin haluttomiksi kuulemaan.\n"
                },
                "12": {
                    "verse_nr": 12,
                    "verse": "Jo aikoja sitten teist\u00e4 olisi pit\u00e4nyt tulla toisten opettajia, mutta sen sijaan te olette itse j\u00e4lleen opin tarpeessa: jonkun olisi opetettava teille Jumalan sanan alkeet. Te tarvitsette taas maitoa, ette te kest\u00e4 vahvaa ruokaa.\n"
                },
                "13": {
                    "verse_nr": 13,
                    "verse": "Jokainen, jota viel\u00e4 ruokitaan maidolla, on pikkulapsi, eik\u00e4 sellainen kykene ottamaan vastaan syv\u00e4llist\u00e4 opetusta.\n"
                },
                "14": {
                    "verse_nr": 14,
                    "verse": "Vahva ruoka on tarkoitettu aikuisille. He ovat totuttaneet aistinsa siihen ja harjaannuttaneet ne erottamaan hyv\u00e4n ja pahan.\n"
                }
            }
        },
        "6": {
            "chapter_nr": 6,
            "chapter": {
                "1": {
                    "verse_nr": 1,
                    "verse": "\u00c4lk\u00e4\u00e4mme siis en\u00e4\u00e4 viipyk\u00f6 Kristuksen opin alkeissa, vaan edetk\u00e4\u00e4mme t\u00e4yteen tietoon. Emme voi uudestaan laskea perustusta ja opettaa sellaisia asioita kuin parannus kuolemaan johtavista teoista, usko Jumalaan,\n"
                },
                "2": {
                    "verse_nr": 2,
                    "verse": "oppi kasteista ja puhdistusmenoista sek\u00e4 k\u00e4tten p\u00e4\u00e4llepanemisesta, kuolleiden yl\u00f6snousemus ja iankaikkinen tuomio.\n"
                },
                "3": {
                    "verse_nr": 3,
                    "verse": "Menk\u00e4\u00e4mme eteenp\u00e4in, jos Jumala suo.\n"
                },
                "4": {
                    "verse_nr": 4,
                    "verse": "Mahdotontahan on auttaa niit\u00e4, jotka kerran ovat p\u00e4\u00e4sseet valoon, maistaneet taivaan lahjaa ja tulleet osallisiksi Pyh\u00e4st\u00e4 Hengest\u00e4,\n"
                },
                "5": {
                    "verse_nr": 5,
                    "verse": "nauttineet Jumalan hyv\u00e4\u00e4 sanaa ja kokeneet tulevan maailman voimia\n"
                },
                "6": {
                    "verse_nr": 6,
                    "verse": "mutta luopuneet uskostaan. Ei heit\u00e4 voi toistamiseen johdattaa k\u00e4\u00e4ntymykseen -- niit\u00e4, jotka nyt itse ristiinnaulitsevat Jumalan Pojan ja nostavat h\u00e4net kaikkien pilkattavaksi!\n"
                },
                "7": {
                    "verse_nr": 7,
                    "verse": "Jos maa imee sis\u00e4\u00e4ns\u00e4 sateen, joka sit\u00e4 usein kastelee, ja tuottaa sadon viljelij\u00f6illeen, se saa osakseen Jumalan siunauksen.\n"
                },
                "8": {
                    "verse_nr": 8,
                    "verse": "Mutta jos se kasvaa ohdaketta ja orjantappuraa, se ei kelpaa mihink\u00e4\u00e4n. Sit\u00e4 uhkaa kirous, ja niin se lopulta poltetaan.\n"
                },
                "9": {
                    "verse_nr": 9,
                    "verse": "Te, rakkaat yst\u00e4v\u00e4t, olette kuitenkin tuo parempi maa, ja teit\u00e4 odottaa pelastus. Olemme siit\u00e4 varmoja, vaikka puhunkin n\u00e4in.\n"
                },
                "10": {
                    "verse_nr": 10,
                    "verse": "Eih\u00e4n Jumala ole ep\u00e4oikeudenmukainen, ei h\u00e4n unohda teid\u00e4n tekojanne eik\u00e4 rakkauttanne, jota olette osoittaneet h\u00e4nen nime\u00e4\u00e4n kohtaan, kun olette palvelleet h\u00e4nen pyhi\u00e4\u00e4n ja yh\u00e4 palvelette heit\u00e4.\n"
                },
                "11": {
                    "verse_nr": 11,
                    "verse": "Hartaasti vain odotamme, ett\u00e4 te itse kukin loppuun asti yht\u00e4 innokkaasti haluatte kokea yhteisen toivomme t\u00e4yttymisen.\n"
                },
                "12": {
                    "verse_nr": 12,
                    "verse": "\u00c4lk\u00e4\u00e4 p\u00e4\u00e4st\u00e4k\u00f6 itse\u00e4nne veltostumaan, vaan seuratkaa niiden esimerkki\u00e4, jotka ovat uskoneet ja k\u00e4rsiv\u00e4llisesti odottaneet ja sen t\u00e4hden saavat omakseen sen, mink\u00e4 Jumala on luvannut.\n"
                },
                "13": {
                    "verse_nr": 13,
                    "verse": "Antaessaan Abrahamille lupauksensa Jumala vannoi omaan nimeens\u00e4, koska ei ollut ket\u00e4\u00e4n suurempaa, jonka nimeen h\u00e4n olisi vannonut.\n"
                },
                "14": {
                    "verse_nr": 14,
                    "verse": "H\u00e4n lupasi: \"Min\u00e4 siunaan sinua runsain m\u00e4\u00e4rin ja annan sinulle runsaasti j\u00e4lkel\u00e4isi\u00e4\",\n"
                },
                "15": {
                    "verse_nr": 15,
                    "verse": "ja k\u00e4rsiv\u00e4llisesti odotettuaan Abraham sai, mit\u00e4 h\u00e4nelle oli luvattu.\n"
                },
                "16": {
                    "verse_nr": 16,
                    "verse": "Ihmiset vannovat jonkun itse\u00e4\u00e4n suuremman nimeen. Vala merkitsee heille asian vahvistusta, se lopettaa kaikki vastav\u00e4itteet.\n"
                },
                "17": {
                    "verse_nr": 17,
                    "verse": "Siksi my\u00f6s Jumala vannoi lupauksensa takeeksi viel\u00e4 valan. H\u00e4n tahtoi t\u00e4ll\u00e4 erityisell\u00e4 tavalla osoittaa niille, joita lupaus koskee, ett\u00e4 h\u00e4nen p\u00e4\u00e4t\u00f6ksens\u00e4 ei muutu.\n"
                },
                "18": {
                    "verse_nr": 18,
                    "verse": "Noilla kahdella j\u00e4rk\u00e4ht\u00e4m\u00e4tt\u00f6m\u00e4ll\u00e4 sanallaan, joissa h\u00e4n, Jumala, ei voi valehdella, h\u00e4n tahtoi rohkaista meit\u00e4, h\u00e4nen turviinsa paenneita, ja kannustaa pit\u00e4m\u00e4\u00e4n kiinni toivosta, joka on edess\u00e4mme.\n"
                },
                "19": {
                    "verse_nr": 19,
                    "verse": "Se toivo on el\u00e4m\u00e4mme ankkuri, luja ja varma. Se ulottuu v\u00e4liverhon tuolle puolen.\n"
                },
                "20": {
                    "verse_nr": 20,
                    "verse": "Sinne Jeesus meid\u00e4n edell\u00e4k\u00e4vij\u00e4n\u00e4mme meni, kun h\u00e4n oli tullut ylipapiksi, jonka pappeus on ikuista, Melkisedekin pappeutta.\n"
                }
            }
        },
        "7": {
            "chapter_nr": 7,
            "chapter": {
                "1": {
                    "verse_nr": 1,
                    "verse": "T\u00e4m\u00e4 Melkisedek oli Salemin kuningas ja Korkeimman Jumalan pappi. Kun Abraham oli paluumatkalla ly\u00f6ty\u00e4\u00e4n kuninkaat, Melkisedek tuli h\u00e4nt\u00e4 vastaan ja siunasi h\u00e4net,\n"
                },
                "2": {
                    "verse_nr": 2,
                    "verse": "ja Abraham antoi h\u00e4nelle kymmenykset kaikesta saaliistaan. H\u00e4n on ensinn\u00e4kin \"vanhurskauden kuningas\", mit\u00e4 h\u00e4nen nimens\u00e4 merkitsee, ja lis\u00e4ksi Salemin kuningas eli \"rauhan kuningas\".\n"
                },
                "3": {
                    "verse_nr": 3,
                    "verse": "H\u00e4nell\u00e4 ei ole is\u00e4\u00e4, ei \u00e4iti\u00e4 eik\u00e4 sukuluetteloa, h\u00e4nen elinp\u00e4ivill\u00e4\u00e4n ei ole alkua eik\u00e4 loppua. H\u00e4net on kuvattu Jumalan Pojan kaltaiseksi, ja h\u00e4n pysyy pappina ainaisesti.\n"
                },
                "4": {
                    "verse_nr": 4,
                    "verse": "Pankaa merkille, kuinka suuri h\u00e4n on: kantais\u00e4mme Abrahamkin antoi h\u00e4nelle kymmenykset, parhaimman osan sotasaaliistaan.\n"
                },
                "5": {
                    "verse_nr": 5,
                    "verse": "Niiden Leevin j\u00e4lkel\u00e4isten, jotka on asetettu papeiksi, tulee lain k\u00e4skyn mukaan ker\u00e4t\u00e4 kymmenykset kansalta, omilta veljilt\u00e4\u00e4n, jotka hekin ovat Abrahamin j\u00e4lkel\u00e4isi\u00e4.\n"
                },
                "6": {
                    "verse_nr": 6,
                    "verse": "Mutta Melkisedek, joka ei ollut heid\u00e4n sukuaan, otti kymmenykset Abrahamilta ja siunasi h\u00e4net, vaikka Abraham jo oli saanut Jumalan lupaukset.\n"
                },
                "7": {
                    "verse_nr": 7,
                    "verse": "Kiistatontahan on, ett\u00e4 siunauksen antaja on korkeampiarvoinen kuin siunauksen saaja.\n"
                },
                "8": {
                    "verse_nr": 8,
                    "verse": "Edellisess\u00e4 tapauksessa kymmenyksi\u00e4 ker\u00e4siv\u00e4t kuolevaiset ihmiset, j\u00e4lkimm\u00e4isess\u00e4 kymmenykset otti mies, joka kirjoitusten todistuksen mukaan el\u00e4\u00e4 aina.\n"
                },
                "9": {
                    "verse_nr": 9,
                    "verse": "Jopa Leevikin, kymmenysten ker\u00e4\u00e4j\u00e4, joutui Abrahamin v\u00e4lityksell\u00e4 tavallaan maksamaan h\u00e4nelle kymmenykset.\n"
                },
                "10": {
                    "verse_nr": 10,
                    "verse": "H\u00e4nh\u00e4n oli viel\u00e4 esi-is\u00e4ss\u00e4\u00e4n Abrahamissa, kun Melkisedek tuli Abrahamia vastaan.\n"
                },
                "11": {
                    "verse_nr": 11,
                    "verse": "Jos jo Leevin heimon pappisvirka, josta Israelin kansalle on annettu s\u00e4\u00e4d\u00f6kset laissa, olisi johtanut t\u00e4ydellisyyteen, mit\u00e4 tarvetta olisi ollut sanoa, ett\u00e4 viel\u00e4 tulee uudenlainen pappi, jonka pappeus on Melkisedekin pappeutta, ei Aaronin?\n"
                },
                "12": {
                    "verse_nr": 12,
                    "verse": "Jos pappisvirka muuttuu, muuttuu v\u00e4ltt\u00e4m\u00e4tt\u00e4 my\u00f6s laki.\n"
                },
                "13": {
                    "verse_nr": 13,
                    "verse": "Se, josta t\u00e4ss\u00e4 on puhe, kuuluukin aivan toiseen heimoon, jonka j\u00e4senist\u00e4 ei yksik\u00e4\u00e4n ole toimittanut alttaripalvelusta.\n"
                },
                "14": {
                    "verse_nr": 14,
                    "verse": "Kaikkihan tiet\u00e4v\u00e4t, ett\u00e4 meid\u00e4n Herramme on noussut Juudan heimosta, eik\u00e4 Mooses ole puhunut mit\u00e4\u00e4n sille kuuluvasta pappeudesta.\n"
                },
                "15": {
                    "verse_nr": 15,
                    "verse": "Asia k\u00e4y viel\u00e4 selvemm\u00e4ksi silloin kun virkaan astuu uudenlainen pappi, joka Melkisedekin tavoin\n"
                },
                "16": {
                    "verse_nr": 16,
                    "verse": "ei ole saanut virkaansa inhimillist\u00e4 syntyper\u00e4\u00e4 koskevan lain k\u00e4skyn mukaan vaan h\u00e4vi\u00e4m\u00e4tt\u00f6m\u00e4n el\u00e4m\u00e4ns\u00e4 voimasta.\n"
                },
                "17": {
                    "verse_nr": 17,
                    "verse": "H\u00e4nest\u00e4 kirjoitukset todistavat: -- Sin\u00e4 olet pappi ikuisesti, sinun pappeutesi on Melkisedekin pappeutta.\n"
                },
                "18": {
                    "verse_nr": 18,
                    "verse": "N\u00e4in kumotaan aikaisempi m\u00e4\u00e4r\u00e4ys, koska se oli heikko ja hy\u00f6dyt\u00f6n:\n"
                },
                "19": {
                    "verse_nr": 19,
                    "verse": "eih\u00e4n laki tehnyt mit\u00e4\u00e4n t\u00e4ydelliseksi. Sen tilalle me olemme saaneet parempaa: toivon, joka antaa meille uskalluksen l\u00e4hesty\u00e4 Jumalaa.\n"
                },
                "20": {
                    "verse_nr": 20,
                    "verse": "On my\u00f6s otettava huomioon Jumalan vala. Leevin heimon miehist\u00e4 tuli pappeja ilman sit\u00e4,\n"
                },
                "21": {
                    "verse_nr": 21,
                    "verse": "mutta t\u00e4m\u00e4n toisen pappeus vahvistettiin valalla, n\u00e4ill\u00e4 sanoilla: -- Herra on vannonut valan eik\u00e4 sit\u00e4 peruuta: sin\u00e4 olet pappi ikuisesti.\n"
                },
                "22": {
                    "verse_nr": 22,
                    "verse": "T\u00e4st\u00e4 n\u00e4emme, kuinka paljon vahvempi on se liitto, jonka takaajana Jeesus on.\n"
                },
                "23": {
                    "verse_nr": 23,
                    "verse": "Muiden pappien m\u00e4\u00e4r\u00e4 on jatkuvasti kasvanut, kun kuolema on est\u00e4nyt heit\u00e4 pysym\u00e4st\u00e4 virassaan.\n"
                },
                "24": {
                    "verse_nr": 24,
                    "verse": "Mutta Jeesus pysyy ikuisesti, h\u00e4nen pappeutensa on muuttumaton.\n"
                },
                "25": {
                    "verse_nr": 25,
                    "verse": "Siksi h\u00e4n pystyy nyt ja aina pelastamaan ne, jotka h\u00e4nen v\u00e4lityksell\u00e4\u00e4n l\u00e4hestyv\u00e4t Jumalaa. H\u00e4n el\u00e4\u00e4 i\u00e4ti rukoillakseen heid\u00e4n puolestaan.\n"
                },
                "26": {
                    "verse_nr": 26,
                    "verse": "Juuri t\u00e4llaisen ylipapin me tarvitsimme. H\u00e4n on pyh\u00e4, viaton ja tahraton, h\u00e4net on erotettu syntisist\u00e4 ja korotettu taivaita korkeammalle.\n"
                },
                "27": {
                    "verse_nr": 27,
                    "verse": "Toisin kuin muiden ylipappien, h\u00e4nen ei tarvitse p\u00e4ivitt\u00e4in uhrata ensin omien syntiens\u00e4 ja sitten kansan syntien sovittamiseksi. H\u00e4n on antanut kertakaikkisen uhrin uhratessaan itsens\u00e4.\n"
                },
                "28": {
                    "verse_nr": 28,
                    "verse": "Laki tekee ylipappeja ihmisist\u00e4, jotka ovat heikkoja, mutta lakia my\u00f6hemmin vannottu vala nostaa ylipapiksi Jumalan Pojan, joka on saavuttanut ikuisen t\u00e4ydellisyyden.\n"
                }
            }
        },
        "8": {
            "chapter_nr": 8,
            "chapter": {
                "1": {
                    "verse_nr": 1,
                    "verse": "Tulemme nyt asian ytimeen: Meill\u00e4 on ylipappi, joka on asettunut taivaissa istuimelleen Majesteetin valtaistuimen oikealle puolelle.\n"
                },
                "2": {
                    "verse_nr": 2,
                    "verse": "H\u00e4n toimittaa palvelusta taivaan pyh\u00e4k\u00f6ss\u00e4, todellisessa pyh\u00e4kk\u00f6teltassa, jota ei ole pystytt\u00e4nyt ihminen vaan Herra itse.\n"
                },
                "3": {
                    "verse_nr": 3,
                    "verse": "Jokaisen ylipapin virkaan kuuluu tuoda lahjoja ja uhreja Jumalalle, ja siksi my\u00f6s meid\u00e4n ylipapillamme tulee olla tuotavana uhrinsa.\n"
                },
                "4": {
                    "verse_nr": 4,
                    "verse": "Jos h\u00e4n olisi maan p\u00e4\u00e4ll\u00e4, h\u00e4n ei olisi edes pappi, koska t\u00e4\u00e4ll\u00e4 ovat jo ne, jotka tuovat lain m\u00e4\u00e4r\u00e4\u00e4m\u00e4t uhrilahjat.\n"
                },
                "5": {
                    "verse_nr": 5,
                    "verse": "Heid\u00e4n palveluksensa on kuitenkin vain taivaallisen palveluksen kuva ja varjo. Sanottiinhan Moosekselle, kun h\u00e4nen oli m\u00e4\u00e4r\u00e4 valmistaa teltta: \"Pid\u00e4 huoli siit\u00e4, ett\u00e4 teet kaiken sen esikuvan mukaan, jonka sait n\u00e4hd\u00e4 vuorella.\"\n"
                },
                "6": {
                    "verse_nr": 6,
                    "verse": "Mutta meid\u00e4n ylipappimme on saanut paljon t\u00e4rke\u00e4mm\u00e4n teht\u00e4v\u00e4n, yht\u00e4 paljon t\u00e4rke\u00e4mm\u00e4n kuin on se liitto, jonka v\u00e4litt\u00e4j\u00e4 h\u00e4n on. Se liitto on suurempi, koska se perustuu suurempiin lupauksiin.\n"
                },
                "7": {
                    "verse_nr": 7,
                    "verse": "Jos ensimm\u00e4inen liitto olisi ollut rikkumaton, ei sen sijalle olisi tarvittu toista.\n"
                },
                "8": {
                    "verse_nr": 8,
                    "verse": "Mutta nyt Jumala moittii kansaansa: -- Kuulkaa! Aika tulee, sanoo Herra, jolloin min\u00e4 teen uuden liiton Israelin kansan ja Juudan kansan kanssa.\n"
                },
                "9": {
                    "verse_nr": 9,
                    "verse": "Se ei ole samanlainen liitto kuin se, jonka tein heid\u00e4n isiens\u00e4 kanssa silloin, kun tartuin heid\u00e4n k\u00e4teens\u00e4 ja vein heid\u00e4t pois Egyptin maasta. He eiv\u00e4t pysyneet minun liitossani, ja siksi en min\u00e4k\u00e4\u00e4n v\u00e4litt\u00e4nyt heist\u00e4, sanoo Herra.\n"
                },
                "10": {
                    "verse_nr": 10,
                    "verse": "T\u00e4m\u00e4n liiton min\u00e4 teen Israelin kansan kanssa n\u00e4iden p\u00e4ivien j\u00e4lkeen, sanoo Herra: Min\u00e4 panen lakini heid\u00e4n sisimp\u00e4\u00e4ns\u00e4, kirjoitan sen heid\u00e4n syd\u00e4meens\u00e4. Min\u00e4 olen heid\u00e4n Jumalansa, ja he ovat minun kansani.\n"
                },
                "11": {
                    "verse_nr": 11,
                    "verse": "Silloin ei kukaan en\u00e4\u00e4 opeta toista, veli ei opeta velje\u00e4\u00e4n sanoen: \"Opi tuntemaan Herra.\" Silloin he kaikki, pienimm\u00e4st\u00e4 suurimpaan, tuntevat minut.\n"
                },
                "12": {
                    "verse_nr": 12,
                    "verse": "Min\u00e4 annan anteeksi heid\u00e4n rikkomuksensa enk\u00e4 en\u00e4\u00e4 milloinkaan muista heid\u00e4n syntej\u00e4\u00e4n.\n"
                },
                "13": {
                    "verse_nr": 13,
                    "verse": "Puhuessaan uudesta liitosta Jumala osoittaa, ett\u00e4 ensimm\u00e4inen liitto on vanhentunut. Ja se, mik\u00e4 on vanhentunut ja aikansa el\u00e4nyt, h\u00e4vi\u00e4\u00e4 pian.\n"
                }
            }
        },
        "9": {
            "chapter_nr": 9,
            "chapter": {
                "1": {
                    "verse_nr": 1,
                    "verse": "Ensimm\u00e4isell\u00e4 liitolla oli siis jumalanpalvelusta koskevat s\u00e4\u00e4d\u00f6ksens\u00e4 ja pyh\u00e4kk\u00f6 t\u00e4\u00e4ll\u00e4 maan p\u00e4\u00e4ll\u00e4.\n"
                },
                "2": {
                    "verse_nr": 2,
                    "verse": "Pyh\u00e4kk\u00f6n\u00e4 oli teltta, jonka etumaisessa huoneessa oli lampunjalka, p\u00f6yt\u00e4 ja uhrileiv\u00e4t. T\u00e4t\u00e4 osaa nimitettiin \"pyh\u00e4ksi\".\n"
                },
                "3": {
                    "verse_nr": 3,
                    "verse": "Toisen verhon takana oli se teltan osa, josta k\u00e4ytettiin nime\u00e4 \"kaikkeinpyhin\".\n"
                },
                "4": {
                    "verse_nr": 4,
                    "verse": "Siell\u00e4 oli kultainen suitsutusalttari ja liitonarkku, joka oli kauttaaltaan kullalla p\u00e4\u00e4llystetty. Arkussa oli kultainen, mannaa sis\u00e4lt\u00e4v\u00e4 astia ja Aaronin sauva, joka puhkesi lehteen, sek\u00e4 liiton taulut.\n"
                },
                "5": {
                    "verse_nr": 5,
                    "verse": "Arkun p\u00e4\u00e4ll\u00e4 olivat kerubit, kirkkauden enkelit, jotka siivill\u00e4\u00e4n varjosivat syntien sovituspaikkaa. Kaikkea t\u00e4t\u00e4 ei nyt ole tarpeen selitt\u00e4\u00e4 yksityiskohtaisesti.\n"
                },
                "6": {
                    "verse_nr": 6,
                    "verse": "N\u00e4in siis on kaikki j\u00e4rjestetty. Teltan etuhuoneessa k\u00e4yv\u00e4t papit p\u00e4ivitt\u00e4in toimittaessaan jumalanpalvelusta.\n"
                },
                "7": {
                    "verse_nr": 7,
                    "verse": "Mutta teltan toiseen huoneeseen menee ainoastaan ylipappi, ja h\u00e4nkin vain kerran vuodessa. H\u00e4nell\u00e4 t\u00e4ytyy silloin olla mukanaan verta; h\u00e4n tuo sit\u00e4 sovittaakseen sek\u00e4 omat syntins\u00e4 ett\u00e4 kansan tahattomat synnit.\n"
                },
                "8": {
                    "verse_nr": 8,
                    "verse": "N\u00e4in Pyh\u00e4 Henki osoittaa, ett\u00e4 kaikkeinpyhimp\u00e4\u00e4n ei avata p\u00e4\u00e4sy\u00e4 niin kauan kuin teltan etumainen huone on viel\u00e4 paikallaan.\n"
                },
                "9": {
                    "verse_nr": 9,
                    "verse": "T\u00e4m\u00e4 kaikki kuvaa nykyist\u00e4 aikaa: lahjoja ja uhreja kyll\u00e4 tuodaan, mutta jumalanpalvelukseen osallistuvan omatunto ei niist\u00e4 puhdistu, ne eiv\u00e4t tee h\u00e4nt\u00e4 t\u00e4ydelliseksi.\n"
                },
                "10": {
                    "verse_nr": 10,
                    "verse": "Samalla tavoin kuin m\u00e4\u00e4r\u00e4ruoat ja m\u00e4\u00e4r\u00e4juomat ja erilaiset pesut n\u00e4m\u00e4kin menot perustuvat ulkonaisiin s\u00e4\u00e4d\u00f6ksiin ja p\u00e4tev\u00e4t ainoastaan siihen asti, kun pysyv\u00e4 j\u00e4rjestys astuu voimaan.\n"
                },
                "11": {
                    "verse_nr": 11,
                    "verse": "Kristus, meit\u00e4 odottavan hyv\u00e4n ylipappi, on kuitenkin jo tullut. H\u00e4n on kulkenut suuremman ja t\u00e4ydellisemm\u00e4n teltan kautta, jota ei ole tehty ihmisk\u00e4sin ja joka siis ei kuulu t\u00e4h\u00e4n luomakuntaan.\n"
                },
                "12": {
                    "verse_nr": 12,
                    "verse": "H\u00e4n ei ole tuonut uhrina pukkien eik\u00e4 sonnien verta, h\u00e4n on uhrannut oman verens\u00e4. N\u00e4in h\u00e4n on kertakaikkisesti t\u00e4ytt\u00e4nyt teht\u00e4v\u00e4ns\u00e4, astunut sis\u00e4\u00e4n kaikkeinpyhimp\u00e4\u00e4n ja hankkinut meille ikiajoiksi lunastuksen.\n"
                },
                "13": {
                    "verse_nr": 13,
                    "verse": "Jos jo pukkien ja h\u00e4rkien veri ja saastuneiden p\u00e4\u00e4lle vihmottava hiehon tuhka puhdistaa ihmisen ulkonaisiin menoihin kelvolliseksi,\n"
                },
                "14": {
                    "verse_nr": 14,
                    "verse": "kuinka paljon paremmin puhdistaakaan Kristuksen veri! Ikuisen henkens\u00e4 voimalla h\u00e4n on antanut itsens\u00e4 virheett\u00f6m\u00e4n\u00e4 uhrina Jumalalle, ja h\u00e4nen verens\u00e4 puhdistaa meid\u00e4n omantuntomme kuoleman teoista, niin ett\u00e4 voimme palvella el\u00e4v\u00e4\u00e4 Jumalaa.\n"
                },
                "15": {
                    "verse_nr": 15,
                    "verse": "Sit\u00e4 varten Kristus on tullut uuden liiton v\u00e4litt\u00e4j\u00e4ksi, ett\u00e4 h\u00e4nen kuolemansa vapauttaisi kaikki ensimm\u00e4isen liiton aikana tapahtuneista rikkomuksista ja ett\u00e4 kutsutut niin saisivat heille luvatun iankaikkisen perinn\u00f6n.\n"
                },
                "16": {
                    "verse_nr": 16,
                    "verse": "Liitto on my\u00f6s testamentti, ja testamentin tekij\u00e4n kuolema on aina voitava n\u00e4ytt\u00e4\u00e4 toteen.\n"
                },
                "17": {
                    "verse_nr": 17,
                    "verse": "Testamenttihan astuu voimaan vasta sen tekij\u00e4n kuoltua; tekij\u00e4ns\u00e4 el\u00e4ess\u00e4 sit\u00e4 ei voida koskaan panna t\u00e4yt\u00e4nt\u00f6\u00f6n.\n"
                },
                "18": {
                    "verse_nr": 18,
                    "verse": "Siksi ei ensimm\u00e4ist\u00e4k\u00e4\u00e4n liittoa voitu vahvistaa ilman verta.\n"
                },
                "19": {
                    "verse_nr": 19,
                    "verse": "Luettuaan kansalle lain k\u00e4skyt Mooses otti sonnien ja pukkien verta sek\u00e4 vett\u00e4, punaista villaa ja iisopinvarsia ja vihmoi lain kirjan ja koko kansan\n"
                },
                "20": {
                    "verse_nr": 20,
                    "verse": "sanoen: \"T\u00e4m\u00e4 on sen liiton veri, jonka Jumala on teille s\u00e4\u00e4t\u00e4nyt.\"\n"
                },
                "21": {
                    "verse_nr": 21,
                    "verse": "Samalla tavoin h\u00e4n vihmoi verta teltan ja kaikkien jumalanpalveluksessa k\u00e4ytett\u00e4vien esineiden p\u00e4\u00e4lle.\n"
                },
                "22": {
                    "verse_nr": 22,
                    "verse": "Lain mukaan melkein kaikki puhdistetaan verell\u00e4, eik\u00e4 anteeksianto ole mahdollinen, ellei vuodateta uhriverta.\n"
                },
                "23": {
                    "verse_nr": 23,
                    "verse": "Kun siis taivaan todellisuuden kuvat on n\u00e4in puhdistettava, tulee itse todellisuus puhdistaa paremmin uhrein.\n"
                },
                "24": {
                    "verse_nr": 24,
                    "verse": "Kristus ei mennytk\u00e4\u00e4n ihmisk\u00e4sin tehtyyn pyh\u00e4kk\u00f6\u00f6n, joka on vain todellisen pyh\u00e4k\u00f6n kuva, vaan itse taivaaseen ollakseen nyt Jumalan edess\u00e4 puhumassa meid\u00e4n puolestamme.\n"
                },
                "25": {
                    "verse_nr": 25,
                    "verse": "H\u00e4nen tarkoituksenaan ei my\u00f6sk\u00e4\u00e4n ole antaa uhriaan toistuvasti, niin kuin tavallinen ylipappi kerran vuodessa vie kaikkeinpyhimp\u00e4\u00e4n verta, joka ei ole h\u00e4nen omaansa.\n"
                },
                "26": {
                    "verse_nr": 26,
                    "verse": "Muutoinhan Kristuksen olisi pit\u00e4nyt k\u00e4rsi\u00e4 kuolema monet kerrat maailman luomisesta l\u00e4htien. H\u00e4n on kuitenkin tullut t\u00e4h\u00e4n maailmaan vain kerran, nyt aikojen lopulla, h\u00e4vitt\u00e4\u00e4kseen synnin uhrillaan.\n"
                },
                "27": {
                    "verse_nr": 27,
                    "verse": "Jokaisen ihmisen osana on kerran kuolla ja sitten joutua tuomiolle.\n"
                },
                "28": {
                    "verse_nr": 28,
                    "verse": "Samoin on Kristus kerran uhrattu, jotta h\u00e4n ottaisi pois kaikkien synnit, ja h\u00e4n ilmestyy viel\u00e4 kerran, mutta ei en\u00e4\u00e4 synnin t\u00e4hden vaan pelastaakseen ne, jotka h\u00e4nt\u00e4 odottavat.\n"
                }
            }
        },
        "10": {
            "chapter_nr": 10,
            "chapter": {
                "1": {
                    "verse_nr": 1,
                    "verse": "Laissa siis on vain varjo tulevasta, paremmasta todellisuudesta, ei sen varsinaista ilmentym\u00e4\u00e4. Vaikka lain m\u00e4\u00e4r\u00e4\u00e4m\u00e4t uhrit toistetaan vuodesta vuoteen, laki ei ikin\u00e4 pysty tekem\u00e4\u00e4n pysyv\u00e4sti t\u00e4ydellisiksi niit\u00e4, jotka astuvat Jumalan eteen.\n"
                },
                "2": {
                    "verse_nr": 2,
                    "verse": "Muutoinhan uhraaminen olisi lopetettu. Jos ne, jotka ottavat osaa jumalanpalvelukseen, olisivat jo kerran tulleet puhdistetuiksi, heill\u00e4 ei olisi en\u00e4\u00e4 mit\u00e4\u00e4n syntej\u00e4 tunnollaan.\n"
                },
                "3": {
                    "verse_nr": 3,
                    "verse": "Mutta uhrit p\u00e4invastoin muistuttavat synneist\u00e4 joka vuosi.\n"
                },
                "4": {
                    "verse_nr": 4,
                    "verse": "Mahdotontahan on, ett\u00e4 h\u00e4rkien ja pukkien veri poistaisi synnit.\n"
                },
                "5": {
                    "verse_nr": 5,
                    "verse": "Siksi Kristus sanoo maailmaan tullessaan: -- Uhreja ja lahjoja sin\u00e4 et halunnut, mutta sin\u00e4 loit minulle ruumiin.\n"
                },
                "6": {
                    "verse_nr": 6,
                    "verse": "Polttouhrit ja syntiuhrit eiv\u00e4t sinua miellytt\u00e4neet.\n"
                },
                "7": {
                    "verse_nr": 7,
                    "verse": "Silloin min\u00e4 sanoin: T\u00e4ss\u00e4 olen. Niin kuin minusta on kirjak\u00e4\u00e4r\u00f6\u00f6n kirjoitettu, niin olen tullut tekem\u00e4\u00e4n, t\u00e4ytt\u00e4m\u00e4\u00e4n sinun tahtosi, Jumala.\n"
                },
                "8": {
                    "verse_nr": 8,
                    "verse": "H\u00e4n sanoo siis ensin: \"Uhreja ja lahjoja, polttouhreja ja syntiuhreja sin\u00e4 et halunnut, ne eiv\u00e4t sinua miellytt\u00e4neet\", vaikka n\u00e4ist\u00e4 uhreista on laissa m\u00e4\u00e4r\u00e4ykset.\n"
                },
                "9": {
                    "verse_nr": 9,
                    "verse": "Mutta sitten h\u00e4n sanoo: \"T\u00e4ss\u00e4 olen. Olen tullut t\u00e4ytt\u00e4m\u00e4\u00e4n sinun tahtosi.\" H\u00e4n siis kumoaa nuo m\u00e4\u00e4r\u00e4ykset asettaakseen niiden tilalle Jumalan tahdon.\n"
                },
                "10": {
                    "verse_nr": 10,
                    "verse": "T\u00e4m\u00e4n tahdon mukaisesti meid\u00e4t on pyhitetty ainutkertaisella uhrilla, kun Jeesus Kristus uhrasi oman ruumiinsa.\n"
                },
                "11": {
                    "verse_nr": 11,
                    "verse": "Jokainen pappi seisoo joka p\u00e4iv\u00e4 toimittamassa jumalanpalvelusta ja uhraa kerran toisensa j\u00e4lkeen samat uhrit, jotka eiv\u00e4t milloinkaan voi poistaa syntej\u00e4.\n"
                },
                "12": {
                    "verse_nr": 12,
                    "verse": "Kristus sit\u00e4 vastoin on uhrannut yhden ainoan syntiuhrin ja asettunut pysyv\u00e4sti istuimelleen Jumalan oikealle puolelle.\n"
                },
                "13": {
                    "verse_nr": 13,
                    "verse": "H\u00e4n odottaa siell\u00e4, kunnes h\u00e4nen vihollisensa pannaan korokkeeksi h\u00e4nen jalkojensa alle,\n"
                },
                "14": {
                    "verse_nr": 14,
                    "verse": "sill\u00e4 h\u00e4n on jo yhdell\u00e4 ainoalla uhrilla tehnyt pysyv\u00e4sti t\u00e4ydellisiksi ne, jotka pyhitet\u00e4\u00e4n.\n"
                },
                "15": {
                    "verse_nr": 15,
                    "verse": "T\u00e4st\u00e4 todistaa meille my\u00f6s Pyh\u00e4 Henki. Ensin n\u00e4in:\n"
                },
                "16": {
                    "verse_nr": 16,
                    "verse": "-- T\u00e4m\u00e4n liiton min\u00e4 teen heid\u00e4n kanssaan tulevina aikoina, sanoo Herra: min\u00e4 asetan lakini heid\u00e4n syd\u00e4meens\u00e4, kirjoitan sen heid\u00e4n sisimp\u00e4\u00e4ns\u00e4.\n"
                },
                "17": {
                    "verse_nr": 17,
                    "verse": "Ja sitten: -- Heid\u00e4n syntej\u00e4\u00e4n ja v\u00e4\u00e4ri\u00e4 tekojaan min\u00e4 en en\u00e4\u00e4 koskaan muista.\n"
                },
                "18": {
                    "verse_nr": 18,
                    "verse": "Miss\u00e4 synnit on annettu anteeksi, siell\u00e4 ei en\u00e4\u00e4 tarvita syntiuhria.\n"
                },
                "19": {
                    "verse_nr": 19,
                    "verse": "Veljet, meill\u00e4 on siis t\u00e4ysi oikeus astua sis\u00e4lle kaikkeinpyhimp\u00e4\u00e4n, koska Jeesus on uhrannut verens\u00e4\n"
                },
                "20": {
                    "verse_nr": 20,
                    "verse": "ja n\u00e4in avannut meille uuden, el\u00e4m\u00e4\u00e4n viev\u00e4n tien, joka kulkee v\u00e4liverhon -- h\u00e4nen ruumiinsa -- kautta.\n"
                },
                "21": {
                    "verse_nr": 21,
                    "verse": "Meill\u00e4 on suuri ylipappi, jonka haltuun on uskottu Jumalan koko huone.\n"
                },
                "22": {
                    "verse_nr": 22,
                    "verse": "Astukaamme sen t\u00e4hden Jumalan eteen vilpitt\u00f6min syd\u00e4min ja varmoina uskossamme, syd\u00e4n vihmottuna puhtaaksi pahasta omastatunnosta ja ruumis puhtaalla vedell\u00e4 pestyn\u00e4.\n"
                },
                "23": {
                    "verse_nr": 23,
                    "verse": "Pysyk\u00e4\u00e4mme horjumatta tunnustuksessa ja toivossa, sill\u00e4 h\u00e4n, joka on antanut meille lupauksensa, on luotettava.\n"
                },
                "24": {
                    "verse_nr": 24,
                    "verse": "Pit\u00e4k\u00e4\u00e4mme huolta toinen toisestamme ja kannustakaamme toisiamme rakkauteen ja hyviin tekoihin.\n"
                },
                "25": {
                    "verse_nr": 25,
                    "verse": "Me emme saa ly\u00f6d\u00e4 laimin seurakuntamme yhteisi\u00e4 kokouksia, niin kuin muutamilla on tapana, vaan meid\u00e4n tulee rohkaista toisiamme, sit\u00e4 enemm\u00e4n mit\u00e4 l\u00e4hemp\u00e4n\u00e4 n\u00e4ette Herran p\u00e4iv\u00e4n olevan.\n"
                },
                "26": {
                    "verse_nr": 26,
                    "verse": "Jos me n\u00e4et teemme synti\u00e4 ehdoin tahdoin, senkin j\u00e4lkeen, kun olemme oppineet tuntemaan totuuden, ei ole en\u00e4\u00e4 mit\u00e4\u00e4n uhria syntiemme sovitukseksi.\n"
                },
                "27": {
                    "verse_nr": 27,
                    "verse": "Ei ole muuta kuin kauhea tuomion odotus ja ahnas tuli, joka nielee Jumalaa uhmaavat.\n"
                },
                "28": {
                    "verse_nr": 28,
                    "verse": "Jos joku kielt\u00e4\u00e4 Mooseksen lain, h\u00e4net tuomitaan s\u00e4\u00e4litt\u00e4 kuolemaan; siihen riitt\u00e4\u00e4 kahden tai kolmen todistajan sana.\n"
                },
                "29": {
                    "verse_nr": 29,
                    "verse": "Kuinka paljon ankaramman rangaistuksen ansaitseekaan mielest\u00e4nne se, joka polkee jalkoihinsa Jumalan Pojan, pit\u00e4\u00e4 ep\u00e4pyh\u00e4n\u00e4 liiton verta, jolla h\u00e4net itsens\u00e4 on pyhitetty, ja h\u00e4p\u00e4isee armon Henke\u00e4!\n"
                },
                "30": {
                    "verse_nr": 30,
                    "verse": "Meh\u00e4n tunnemme h\u00e4net, joka on sanonut: -- Minun on kosto, min\u00e4 olen maksava,  sek\u00e4 my\u00f6s: -- Herra on tuomitseva kansansa.\n"
                },
                "31": {
                    "verse_nr": 31,
                    "verse": "On kauheaa joutua el\u00e4v\u00e4n Jumalan k\u00e4siin.\n"
                },
                "32": {
                    "verse_nr": 32,
                    "verse": "Muistakaa, millaista oli ennen, silloin kun te juuri olitte p\u00e4\u00e4sseet valoon. Te kestitte silloin monet k\u00e4rsimykset ja kamppailut.\n"
                },
                "33": {
                    "verse_nr": 33,
                    "verse": "Toisia teist\u00e4 pilkattiin ja piinattiin katselijoiden huviksi, toiset jakoivat toveriensa kovan osan.\n"
                },
                "34": {
                    "verse_nr": 34,
                    "verse": "Te k\u00e4rsitte yhdess\u00e4 vankilaan teljettyjen kanssa, te suostuitte iloiten siihen, ett\u00e4 omaisuutenne riistettiin, sill\u00e4 te tiesitte omistavanne parempaa, omaisuuden joka pysyy.\n"
                },
                "35": {
                    "verse_nr": 35,
                    "verse": "\u00c4lk\u00e4\u00e4 siis heitt\u00e4k\u00f6 pois rohkeuttanne, sill\u00e4 se palkitaan kerran runsaasti.\n"
                },
                "36": {
                    "verse_nr": 36,
                    "verse": "Kest\u00e4vyys on teille tarpeen, jotta pystyisitte t\u00e4ytt\u00e4m\u00e4\u00e4n Jumalan tahdon ja siten saisitte omaksenne sen, mink\u00e4 h\u00e4n on luvannut.\n"
                },
                "37": {
                    "verse_nr": 37,
                    "verse": "Onhan sanottu n\u00e4in: -- V\u00e4h\u00e4n aikaa viel\u00e4, vain v\u00e4h\u00e4n aikaa, niin tulee se, jonka on m\u00e4\u00e4r\u00e4 tulla, eik\u00e4 h\u00e4n viivyttele.\n"
                },
                "38": {
                    "verse_nr": 38,
                    "verse": "Kun vanhurskas palvelijani uskoo, h\u00e4n saa el\u00e4\u00e4, mutta jos h\u00e4n luopuu, en h\u00e4nt\u00e4 hyv\u00e4ksy.\n"
                },
                "39": {
                    "verse_nr": 39,
                    "verse": "Me emme ole niit\u00e4, jotka luopuvat ja joutuvat tuhoon, vaan niit\u00e4, jotka uskovat ja pelastavat sielunsa.\n"
                }
            }
        },
        "11": {
            "chapter_nr": 11,
            "chapter": {
                "1": {
                    "verse_nr": 1,
                    "verse": "Usko on sen todellisuutta, mit\u00e4 toivotaan, sen n\u00e4kemist\u00e4, mit\u00e4 ei n\u00e4hd\u00e4.\n"
                },
                "2": {
                    "verse_nr": 2,
                    "verse": "Uskoon perustuu se todistus, jonka Jumala on isist\u00e4 antanut.\n"
                },
                "3": {
                    "verse_nr": 3,
                    "verse": "Uskon avulla me ymm\u00e4rr\u00e4mme, ett\u00e4 maailmat on luotu Jumalan sanalla: n\u00e4kyv\u00e4 on syntynyt n\u00e4kym\u00e4tt\u00f6m\u00e4st\u00e4.\n"
                },
                "4": {
                    "verse_nr": 4,
                    "verse": "Uskon vuoksi oli Abelin Jumalalle antama uhri Kainin uhria arvokkaampi. Koska Abel uskoi, h\u00e4n sai vanhurskaudestaan todistuksen, kun Jumala otti vastaan h\u00e4nen lahjansa, ja uskovana h\u00e4n puhuu viel\u00e4 kuoltuaankin.\n"
                },
                "5": {
                    "verse_nr": 5,
                    "verse": "Uskon vuoksi otettiin Henok pois niin, ettei h\u00e4n kokenut kuolemaa. \"Sitten h\u00e4nt\u00e4 ei en\u00e4\u00e4 ollut, sill\u00e4 Jumala otti h\u00e4net luokseen.\" Ennen kuin h\u00e4net otettiin pois, h\u00e4n n\u00e4et oli -- niin h\u00e4nest\u00e4 todistetaan -- el\u00e4nyt Jumalan mielen mukaisesti.\n"
                },
                "6": {
                    "verse_nr": 6,
                    "verse": "Ilman uskoa ei kuitenkaan kukaan ole Jumalan mielen mukainen. Sen, joka astuu Jumalan eteen, t\u00e4ytyy uskoa, ett\u00e4 Jumala on olemassa ja ett\u00e4 h\u00e4n kerran palkitsee ne, jotka etsiv\u00e4t h\u00e4nt\u00e4.\n"
                },
                "7": {
                    "verse_nr": 7,
                    "verse": "Usko sai Nooan taipumaan Jumalan tahtoon, kun h\u00e4n sai ilmoituksen sellaisesta, mik\u00e4 ei viel\u00e4 ollut n\u00e4ht\u00e4viss\u00e4. H\u00e4n rakensi arkin, ja n\u00e4in koko h\u00e4nen perheens\u00e4 pelastui. H\u00e4nen uskonsa langetti maailmalle tuomion ja antoi h\u00e4nelle itselleen uskovien perinn\u00f6n, vanhurskauden.\n"
                },
                "8": {
                    "verse_nr": 8,
                    "verse": "Usko sai Abrahamin tottelemaan Jumalan kutsua ja l\u00e4htem\u00e4\u00e4n kohti seutuja, jotka Jumala oli luvannut h\u00e4nelle perint\u00f6maaksi. H\u00e4n l\u00e4hti matkaan, vaikka ei tiennyt, minne oli menossa.\n"
                },
                "9": {
                    "verse_nr": 9,
                    "verse": "Koska h\u00e4n uskoi, h\u00e4n asettui muukalaisena luvattuun maahan ja asui siell\u00e4 teltoissa, ja niin asuivat my\u00f6s Iisak ja Jaakob, jotka periv\u00e4t saman lupauksen.\n"
                },
                "10": {
                    "verse_nr": 10,
                    "verse": "Abraham odotti sit\u00e4 kaupunkia, joka on rakennettu vankalle perustalle ja jonka Jumala itse on suunnitellut ja tehnyt.\n"
                },
                "11": {
                    "verse_nr": 11,
                    "verse": "Koska Abraham ja Saara uskoivat, he kykeniv\u00e4t saamaan j\u00e4lkel\u00e4isen, vaikka Saara oli hedelm\u00e4t\u00f6n ja heid\u00e4n aikansa jo oli ohi. Abraham piti lupauksen antajaa luotettavana,\n"
                },
                "12": {
                    "verse_nr": 12,
                    "verse": "ja siksi h\u00e4n, yksi ainoa, mieskuntonsa jo menett\u00e4nyt, sai j\u00e4lkel\u00e4isi\u00e4 yht\u00e4 suuren m\u00e4\u00e4r\u00e4n kuin on taivaalla t\u00e4hti\u00e4, yht\u00e4 luvuttoman joukon kuin on meren rannalla hiekkajyv\u00e4si\u00e4.\n"
                },
                "13": {
                    "verse_nr": 13,
                    "verse": "Uskovina n\u00e4m\u00e4 kaikki kuolivat. Sit\u00e4, mik\u00e4 heille oli luvattu, he eiv\u00e4t saaneet; he olivat vain et\u00e4\u00e4lt\u00e4 n\u00e4hneet sen ja tervehtineet sit\u00e4 iloiten, tunnustaen olevansa vieraita ja muukalaisia maan p\u00e4\u00e4ll\u00e4.\n"
                },
                "14": {
                    "verse_nr": 14,
                    "verse": "Ne, jotka puhuvat n\u00e4in, osoittavat kaipaavansa is\u00e4nmaata.\n"
                },
                "15": {
                    "verse_nr": 15,
                    "verse": "Mutta jos heid\u00e4n mieless\u00e4\u00e4n olisi ollut se maa, josta he olivat l\u00e4hteneet, he olisivat toki voineet palata sinne.\n"
                },
                "16": {
                    "verse_nr": 16,
                    "verse": "Ei, he odottivat parempaa, taivaallista is\u00e4nmaata. Sen t\u00e4hden ei Jumalakaan h\u00e4pe\u00e4 heit\u00e4, vaan sallii itse\u00e4\u00e4n kutsuttavan heid\u00e4n Jumalakseen, sill\u00e4 h\u00e4n on heit\u00e4 varten jo rakentanut valmiin kaupungin.\n"
                },
                "17": {
                    "verse_nr": 17,
                    "verse": "Usko sai Abrahamin tuomaan Iisakin uhriksi, kun h\u00e4net pantiin koetteelle. H\u00e4n oli valmis uhraamaan ainoan poikansa, vaikka oli saanut lupaukset,\n"
                },
                "18": {
                    "verse_nr": 18,
                    "verse": "vaikka h\u00e4nelle oli sanottu: \"Iisakin j\u00e4lkel\u00e4isi\u00e4 sanotaan sinun lapsiksesi.\"\n"
                },
                "19": {
                    "verse_nr": 19,
                    "verse": "H\u00e4n p\u00e4\u00e4tteli, ett\u00e4 Jumala kykenee jopa her\u00e4tt\u00e4m\u00e4\u00e4n kuolleen, ja niin h\u00e4n sai poikansa takaisin, yl\u00f6snousemuksen ennusmerkkin\u00e4.\n"
                },
                "20": {
                    "verse_nr": 20,
                    "verse": "Uskon t\u00e4hden, tulevaisuus mieless\u00e4\u00e4n, antoi Iisak siunauksensa Jaakobille ja Esaulle.\n"
                },
                "21": {
                    "verse_nr": 21,
                    "verse": "Uskon t\u00e4hden siunasi kuoleva Jaakob Joosefin kummankin pojan ja rukoili sauvaansa vasten kumartuneena.\n"
                },
                "22": {
                    "verse_nr": 22,
                    "verse": "Uskon t\u00e4hden puhui Joosef loppunsa l\u00e4hetess\u00e4 siit\u00e4, ett\u00e4 Israelin kansa kerran l\u00e4htee Egyptist\u00e4, ja m\u00e4\u00e4r\u00e4si, mit\u00e4 h\u00e4nen luilleen oli teht\u00e4v\u00e4.\n"
                },
                "23": {
                    "verse_nr": 23,
                    "verse": "Usko sai Mooseksen vanhemmat pit\u00e4m\u00e4\u00e4n poikaansa piilossa kolme kuukautta. Lapsi oli heid\u00e4n silmiss\u00e4\u00e4n ihmeen kaunis, eiv\u00e4tk\u00e4 he pel\u00e4nneet kuninkaan m\u00e4\u00e4r\u00e4yst\u00e4.\n"
                },
                "24": {
                    "verse_nr": 24,
                    "verse": "Koska Mooses uskoi, h\u00e4n aikuiseksi vartuttuaan kielt\u00e4ytyi esiintym\u00e4st\u00e4 faraon tytt\u00e4ren poikana.\n"
                },
                "25": {
                    "verse_nr": 25,
                    "verse": "H\u00e4n mieluummin jakoi Jumalan kansan k\u00e4rsimykset kuin hankki synnist\u00e4 ohimenev\u00e4\u00e4 nautintoa.\n"
                },
                "26": {
                    "verse_nr": 26,
                    "verse": "H\u00e4n n\u00e4et piti Kristuksen osaksi tulevaa h\u00e4v\u00e4istyst\u00e4 suurempana rikkautena kuin koko Egyptin aarteita, sill\u00e4 h\u00e4n kiinnitti katseensa tulevaan palkintoon.\n"
                },
                "27": {
                    "verse_nr": 27,
                    "verse": "Uskonsa t\u00e4hden Mooses l\u00e4hti Egyptist\u00e4 kuninkaan vihaa pelk\u00e4\u00e4m\u00e4tt\u00e4 ja pysyi lujana, kuten pysyy se joka ik\u00e4\u00e4n kuin n\u00e4kee N\u00e4kym\u00e4tt\u00f6m\u00e4n.\n"
                },
                "28": {
                    "verse_nr": 28,
                    "verse": "Koska h\u00e4n uskoi, h\u00e4n pani toimeen p\u00e4\u00e4si\u00e4isen vieton ja veren sivelyn, ettei esikoisten surmaaja koskisi israelilaisten lapsiin.\n"
                },
                "29": {
                    "verse_nr": 29,
                    "verse": "Uskon voimalla israelilaiset kulkivat Punaisenmeren yli kuin kuivaa maata pitkin, mutta samaa yritt\u00e4ess\u00e4\u00e4n egyptil\u00e4iset hukkuivat.\n"
                },
                "30": {
                    "verse_nr": 30,
                    "verse": "Uskon voimasta sortuivat Jerikon muurit, kun niiden ymp\u00e4ri oli kuljettu seitsem\u00e4n p\u00e4iv\u00e4\u00e4.\n"
                },
                "31": {
                    "verse_nr": 31,
                    "verse": "Koska portto Rahab uskoi, h\u00e4n v\u00e4lttyi kuolemasta yhdess\u00e4 niskoittelijoiden kanssa, sill\u00e4 h\u00e4n oli ottanut tiedustelijat yst\u00e4vin\u00e4 vastaan.\n"
                },
                "32": {
                    "verse_nr": 32,
                    "verse": "Mit\u00e4p\u00e4 t\u00e4h\u00e4n en\u00e4\u00e4 lis\u00e4isin? Minulta loppuisi aika, jos kertoisin Gideonista, Barakista, Simsonista ja Jeftasta, Daavidista, Samuelista ja profeetoista.\n"
                },
                "33": {
                    "verse_nr": 33,
                    "verse": "Uskon voimalla he kukistivat valtakuntia, pitiv\u00e4t yll\u00e4 oikeutta ja p\u00e4\u00e4siv\u00e4t n\u00e4kem\u00e4\u00e4n lupausten t\u00e4yttymisen. He tukkivat leijonien kidat,\n"
                },
                "34": {
                    "verse_nr": 34,
                    "verse": "sammuttivat roihuavan tulen ja v\u00e4lttiv\u00e4t miekaniskut. He olivat heikkoja, mutta he voimistuivat, heist\u00e4 tuli v\u00e4kevi\u00e4 sotureita, he ty\u00f6nsiv\u00e4t takaisin vihollisen joukot.\n"
                },
                "35": {
                    "verse_nr": 35,
                    "verse": "Jotkut naiset saivat kuolleet omaisensa el\u00e4vin\u00e4 takaisin.  Monet kidutettiin hengilt\u00e4. He olivat torjuneet heille tarjotun vapautuksen, koska halusivat parempaan yl\u00f6snousemukseen.\n"
                },
                "36": {
                    "verse_nr": 36,
                    "verse": "Toiset saivat osakseen pilkkaa ja ruoskaniskuja, jopa kahleet ja vankeuden.\n"
                },
                "37": {
                    "verse_nr": 37,
                    "verse": "Heit\u00e4 kivitettiin kuoliaaksi, heit\u00e4 sahattiin kahtia ja surmattiin miekalla ly\u00f6den. He joutuivat kuljeksimaan lampaan- ja vuohennahat vaatteinaan, he k\u00e4rsiv\u00e4t puutetta, heit\u00e4 ahdistettiin ja piestiin.\n"
                },
                "38": {
                    "verse_nr": 38,
                    "verse": "He olivat liian hyvi\u00e4 t\u00e4h\u00e4n maailmaan, ja niin heid\u00e4n oli harhailtava autiomaassa ja vuorilla ja asuttava luolissa ja maakuopissa.\n"
                },
                "39": {
                    "verse_nr": 39,
                    "verse": "Kaikista n\u00e4ist\u00e4 on heid\u00e4n uskonsa perusteella annettu kirjoituksissa hyv\u00e4 todistus, mutta sit\u00e4, mik\u00e4 on luvattu, he eiv\u00e4t viel\u00e4 saaneet.\n"
                },
                "40": {
                    "verse_nr": 40,
                    "verse": "Jumalalla oli n\u00e4et meit\u00e4 varten varattuna viel\u00e4 parempaa, eiv\u00e4tk\u00e4 he siksi voineet p\u00e4\u00e4st\u00e4 t\u00e4ydellisyyteen ilman meit\u00e4.\n"
                }
            }
        },
        "12": {
            "chapter_nr": 12,
            "chapter": {
                "1": {
                    "verse_nr": 1,
                    "verse": "Kun siis ymp\u00e4rill\u00e4mme on todistajia kokonainen pilvi, pankaamme pois kaikki mik\u00e4 painaa ja synti, joka niin helposti kietoutuu meihin. Juoskaamme sinnikk\u00e4\u00e4sti loppuun se kilpailu, joka on edess\u00e4mme,\n"
                },
                "2": {
                    "verse_nr": 2,
                    "verse": "katse suunnattuna Jeesukseen, uskomme perustajaan ja t\u00e4ydelliseksi tekij\u00e4\u00e4n. Edess\u00e4\u00e4n olleen ilon t\u00e4hden h\u00e4n h\u00e4pe\u00e4st\u00e4 v\u00e4litt\u00e4m\u00e4tt\u00e4 kesti ristill\u00e4 k\u00e4rsimykset, ja nyt h\u00e4n istuu Jumalan valtaistuimen oikealla puolella.\n"
                },
                "3": {
                    "verse_nr": 3,
                    "verse": "Ajatelkaa h\u00e4nt\u00e4, joka kesti syntisten ankaran vastustuksen, jotta ette menett\u00e4isi rohkeuttanne ja antaisi periksi.\n"
                },
                "4": {
                    "verse_nr": 4,
                    "verse": "Viel\u00e4 te ette ole joutuneet vuodattamaan vertanne taistelussa synti\u00e4 vastaan.\n"
                },
                "5": {
                    "verse_nr": 5,
                    "verse": "Te olette unohtaneet t\u00e4m\u00e4n sanan, joka rohkaisee teit\u00e4 kuin is\u00e4 poikiaan: -- \u00c4l\u00e4 v\u00e4heksy, poikani, Herran kuritusta, \u00e4l\u00e4 masennu, kun h\u00e4n ojentaa sinua --\n"
                },
                "6": {
                    "verse_nr": 6,
                    "verse": "jota Herra rakastaa, sit\u00e4 h\u00e4n kurittaa, h\u00e4n ly\u00f6 jokaista, jonka pojakseen ottaa.\n"
                },
                "7": {
                    "verse_nr": 7,
                    "verse": "Teid\u00e4n k\u00e4rsimyksenne on kasvatusta: Jumala kohtelee teit\u00e4 omina poikinaan. Onko sellaista poikaa, jota is\u00e4 ei kurittaisi?\n"
                },
                "8": {
                    "verse_nr": 8,
                    "verse": "Jos te siis olette j\u00e4\u00e4neet vaille kuritusta, josta kaikki muut ovat osansa saaneet, te olette \u00e4p\u00e4ri\u00e4, ette laillisia lapsia.\n"
                },
                "9": {
                    "verse_nr": 9,
                    "verse": "Kun maalliset is\u00e4mme kurittivat meit\u00e4, me emme tohtineet vastustaa. Viel\u00e4 paljon suurempi syy meill\u00e4 on alistua taivaallisen Is\u00e4mme tahtoon, sill\u00e4 se takaa meille el\u00e4m\u00e4n.\n"
                },
                "10": {
                    "verse_nr": 10,
                    "verse": "Is\u00e4mme kurittivat meit\u00e4 vain lyhytt\u00e4 aikaa varten ja niin kuin heist\u00e4 n\u00e4ytti hyv\u00e4lt\u00e4, mutta Jumalan kuritus koituu meid\u00e4n todelliseksi parhaaksemme: me p\u00e4\u00e4semme osallisiksi h\u00e4nen pyhyydest\u00e4\u00e4n.\n"
                },
                "11": {
                    "verse_nr": 11,
                    "verse": "Vaikka kuritus ei sit\u00e4 vastaan otettaessa koskaan tunnu iloiselta vaan ik\u00e4v\u00e4lt\u00e4 asialta, se lopulta antaa n\u00e4in valmennetuille hedelm\u00e4ns\u00e4: rauhan ja vanhurskauden.\n"
                },
                "12": {
                    "verse_nr": 12,
                    "verse": "Oikaiskaa siis hervonneet k\u00e4tenne ja halvaantuneet polvenne!\n"
                },
                "13": {
                    "verse_nr": 13,
                    "verse": "\"Kulkekaa suoria polkuja\", jottei ontuva jalka menisi sijoiltaan vaan pikemminkin parantuisi.\n"
                },
                "14": {
                    "verse_nr": 14,
                    "verse": "Tavoitelkaa rauhaa kaikkien kanssa ja pyrkik\u00e4\u00e4 pyhitykseen, sill\u00e4 ilman sit\u00e4 ei kukaan ole n\u00e4kev\u00e4 Herraa.\n"
                },
                "15": {
                    "verse_nr": 15,
                    "verse": "Pit\u00e4k\u00e4\u00e4 huoli siit\u00e4, ettei yksik\u00e4\u00e4n hukkaa Jumalan armoa eik\u00e4 mik\u00e4\u00e4n katkeruuden verso p\u00e4\u00e4se kasvamaan ja tuottamaan turmiota, sill\u00e4 yksikin sellainen saastuttaa monet.\n"
                },
                "16": {
                    "verse_nr": 16,
                    "verse": "Katsokaa, ettei joukossanne ole ket\u00e4\u00e4n siveett\u00f6m\u00e4sti el\u00e4v\u00e4\u00e4 tai maailmallista, sellaista kuin Esau, joka yhdest\u00e4 keitosta myi esikoisuutensa.\n"
                },
                "17": {
                    "verse_nr": 17,
                    "verse": "Teh\u00e4n tied\u00e4tte, ett\u00e4 kun h\u00e4n my\u00f6hemmin halusi siunauksen itselleen, h\u00e4net hyl\u00e4ttiin. H\u00e4n ei saanut tilaisuutta parannukseen, vaikka h\u00e4n sit\u00e4 itkien anoi.\n"
                },
                "18": {
                    "verse_nr": 18,
                    "verse": "Ette te ole tulleet k\u00e4sin kosketettavan, tulta suitsevan vuoren juurelle, sinne, miss\u00e4 oli synkk\u00e4 pilvi, pimeys ja myrskytuuli,\n"
                },
                "19": {
                    "verse_nr": 19,
                    "verse": "ette sinne, miss\u00e4 kuultiin torventoitotus ja \u00e4\u00e4ni, joka puhui niin, ett\u00e4 kaikki pyysiv\u00e4t p\u00e4\u00e4st\u00e4 kuulemasta enemp\u00e4\u00e4.\n"
                },
                "20": {
                    "verse_nr": 20,
                    "verse": "He eiv\u00e4t kest\u00e4neet m\u00e4\u00e4r\u00e4yst\u00e4: \"Jokainen, vaikkapa el\u00e4inkin, joka koskettaa vuorta, on kivitett\u00e4v\u00e4 hengilt\u00e4.\"\n"
                },
                "21": {
                    "verse_nr": 21,
                    "verse": "Se n\u00e4ky oli niin pelottava, ett\u00e4 Mooseskin sanoi: \"Min\u00e4 pelk\u00e4\u00e4n ja vapisen.\"\n"
                },
                "22": {
                    "verse_nr": 22,
                    "verse": "Ei, te olette tulleet Siionin vuoren juurelle, el\u00e4v\u00e4n Jumalan kaupungin, taivaallisen Jerusalemin luo. Teid\u00e4n edess\u00e4nne on tuhansittain enkeleit\u00e4\n"
                },
                "23": {
                    "verse_nr": 23,
                    "verse": "ja juhlaa viett\u00e4v\u00e4 esikoisten seurakunta, ne, joiden nimet ovat taivaan kirjassa. Siell\u00e4 on Jumala, kaikkien tuomari, siell\u00e4 ovat perille p\u00e4\u00e4sseiden vanhurskaiden henget,\n"
                },
                "24": {
                    "verse_nr": 24,
                    "verse": "ja siell\u00e4 on uuden liiton v\u00e4limies Jeesus ja vihmontaveri, joka huutaa, mutta ei kostoa niin kuin Abelin veri.\n"
                },
                "25": {
                    "verse_nr": 25,
                    "verse": "Varokaa torjumasta h\u00e4nt\u00e4, joka puhuu! Kun is\u00e4t Siinailla torjuivat h\u00e4net, joka ilmoitti tahtonsa maan p\u00e4\u00e4ll\u00e4, he eiv\u00e4t p\u00e4\u00e4sseet rangaistuksetta. Viel\u00e4 huonommin k\u00e4y meid\u00e4n, jos k\u00e4\u00e4nn\u00e4mme selk\u00e4mme h\u00e4nelle, jonka sanat tulevat taivaasta.\n"
                },
                "26": {
                    "verse_nr": 26,
                    "verse": "H\u00e4nen \u00e4\u00e4nens\u00e4 pani silloin maan j\u00e4risem\u00e4\u00e4n, ja nyt h\u00e4n on luvannut: -- Viel\u00e4 viimeisen kerran min\u00e4 panen maan j\u00e4rkkym\u00e4\u00e4n, enk\u00e4 vain sit\u00e4, vaan my\u00f6s taivaan.\n"
                },
                "27": {
                    "verse_nr": 27,
                    "verse": "Sanat \"viel\u00e4 viimeisen kerran\" tarkoittavat sit\u00e4, ett\u00e4 kaikki luotu j\u00e4rkkyy ja siirtyy sijoiltaan, jotta se, mik\u00e4 ei j\u00e4rky, pysyisi paikallaan.\n"
                },
                "28": {
                    "verse_nr": 28,
                    "verse": "Me saamme valtakunnan, joka ei j\u00e4rky. Olkaamme sen vuoksi kiitollisia, kiitt\u00e4k\u00e4\u00e4mme Jumalaa ja palvelkaamme h\u00e4nt\u00e4 h\u00e4nen tahtonsa mukaisesti, kunnioituksen ja pyh\u00e4n pelon tuntein,\n"
                },
                "29": {
                    "verse_nr": 29,
                    "verse": "sill\u00e4 meid\u00e4n Jumalamme on tuhkaksi polttava tuli.\n"
                }
            }
        },
        "13": {
            "chapter_nr": 13,
            "chapter": {
                "1": {
                    "verse_nr": 1,
                    "verse": "Pysyk\u00f6\u00f6n veljesrakkautenne el\u00e4v\u00e4n\u00e4.\n"
                },
                "2": {
                    "verse_nr": 2,
                    "verse": "\u00c4lk\u00e4\u00e4 unohtako osoittaa vieraanvaraisuutta, sill\u00e4 jotkut ovat y\u00f6sijan antaessaan tulleet majoittaneeksi enkeleit\u00e4.\n"
                },
                "3": {
                    "verse_nr": 3,
                    "verse": "Muistakaa vankeja, niin kuin olisitte itse kahleissa heid\u00e4n kanssaan, muistakaa kidutettuja, tunteehan teid\u00e4nkin ruumiinne kivun.\n"
                },
                "4": {
                    "verse_nr": 4,
                    "verse": "Pit\u00e4k\u00e4\u00e4 avioliitto kaikin tavoin kunniassa \u00e4lk\u00e4\u00e4k\u00e4 h\u00e4p\u00e4isk\u00f6 aviovuodettanne, sill\u00e4 Jumala tuomitsee siveett\u00f6m\u00e4t ja avionrikkojat.\n"
                },
                "5": {
                    "verse_nr": 5,
                    "verse": "\u00c4lk\u00e4\u00e4 juosko rahan per\u00e4ss\u00e4, vaan tyytyk\u00e4\u00e4 siihen, mit\u00e4 teill\u00e4 on. Jumala on itse sanonut: -- Min\u00e4 en sinua j\u00e4t\u00e4, en koskaan sinua hylk\u00e4\u00e4.\n"
                },
                "6": {
                    "verse_nr": 6,
                    "verse": "Sen t\u00e4hden me voimme turvallisin mielin sanoa: -- Herra on minun auttajani, siksi en pelk\u00e4\u00e4. Mit\u00e4 voisi ihminen minulle tehd\u00e4?\n"
                },
                "7": {
                    "verse_nr": 7,
                    "verse": "Muistakaa johtajianne, niit\u00e4, jotka julistivat teille Jumalan sanaa. Pit\u00e4k\u00e4\u00e4 mieless\u00e4nne, miten he el\u00e4m\u00e4ns\u00e4 eliv\u00e4t, ja ottakaa heid\u00e4n uskonsa esikuvaksenne.\n"
                },
                "8": {
                    "verse_nr": 8,
                    "verse": "Jeesus Kristus on sama eilen, t\u00e4n\u00e4\u00e4n ja ikuisesti.\n"
                },
                "9": {
                    "verse_nr": 9,
                    "verse": "\u00c4lk\u00e4\u00e4 antako kaikenlaisten vieraiden oppien johtaa itse\u00e4nne harhaan. Meid\u00e4n syd\u00e4memme tulee vahvistua armosta, ei ruoista, jotka eiv\u00e4t ole ket\u00e4\u00e4n hy\u00f6dytt\u00e4neet.\n"
                },
                "10": {
                    "verse_nr": 10,
                    "verse": "Meill\u00e4 on alttari, jonka uhria ei liiton teltassa palvelevien ole lupa sy\u00f6d\u00e4.\n"
                },
                "11": {
                    "verse_nr": 11,
                    "verse": "Teh\u00e4n tied\u00e4tte, ett\u00e4 kun ylipappi syntien sovittamiseksi vie kaikkeinpyhimp\u00e4\u00e4n el\u00e4inten verta, n\u00e4iden el\u00e4inten ruhot poltetaan leirin ulkopuolella.\n"
                },
                "12": {
                    "verse_nr": 12,
                    "verse": "Siksi my\u00f6s Jeesus k\u00e4rsi ja kuoli kaupunginportin ulkopuolella pyhitt\u00e4\u00e4kseen kansan omalla verell\u00e4\u00e4n.\n"
                },
                "13": {
                    "verse_nr": 13,
                    "verse": "L\u00e4htek\u00e4\u00e4mme siis h\u00e4nen luokseen leirin ulkopuolelle, h\u00e4nen h\u00e4v\u00e4istyst\u00e4\u00e4n kantaen.\n"
                },
                "14": {
                    "verse_nr": 14,
                    "verse": "Eih\u00e4n meill\u00e4 t\u00e4\u00e4ll\u00e4 ole pysyv\u00e4\u00e4 kaupunkia, vaan me odotamme ik\u00e4v\u00f6iden sit\u00e4 kaupunkia, joka tulee.\n"
                },
                "15": {
                    "verse_nr": 15,
                    "verse": "Olkaamme sen t\u00e4hden h\u00e4nen v\u00e4lityksell\u00e4\u00e4n alati uhraamassa Jumalalle kiitosuhria, niiden huulten hedelm\u00e4\u00e4, jotka tunnustavat h\u00e4nen nime\u00e4\u00e4n.\n"
                },
                "16": {
                    "verse_nr": 16,
                    "verse": "\u00c4lk\u00e4\u00e4 my\u00f6sk\u00e4\u00e4n unohtako tehd\u00e4 hyv\u00e4\u00e4 ja antaa omastanne, sill\u00e4 sellaiset uhrit ovat Jumalalle mieleen.\n"
                },
                "17": {
                    "verse_nr": 17,
                    "verse": "Olkaa johtajillenne kuuliaiset, totelkaa heit\u00e4. He valvovat \u00f6it\u00e4 teid\u00e4n vuoksenne, koska joutuvat kerran tekem\u00e4\u00e4n teist\u00e4 jokaisesta tili\u00e4. Saakoot he tehd\u00e4 ty\u00f6ns\u00e4 iloiten, ei huokaillen, sill\u00e4 se olisi teille paha asia.\n"
                },
                "18": {
                    "verse_nr": 18,
                    "verse": "Rukoilkaa meid\u00e4n puolestamme. Olemme varmoja siit\u00e4, ett\u00e4 omatuntomme on puhdas -- tahdommehan toimia kaikessa oikein.\n"
                },
                "19": {
                    "verse_nr": 19,
                    "verse": "Varsinkin siksi pyyd\u00e4n teilt\u00e4 esirukousta, ett\u00e4 jo pian p\u00e4\u00e4sisin takaisin teid\u00e4n luoksenne.\n"
                },
                "20": {
                    "verse_nr": 20,
                    "verse": "Rauhan Jumala, joka ikuisen liiton uhriveren t\u00e4hden on nostanut kuolleista lampaiden suuren paimenen, meid\u00e4n Herramme Jeesuksen,\n"
                },
                "21": {
                    "verse_nr": 21,
                    "verse": "varustakoon teid\u00e4t hyvill\u00e4 lahjoillaan, niin ett\u00e4 voitte t\u00e4ytt\u00e4\u00e4 h\u00e4nen tahtonsa. Sen, mik\u00e4 on h\u00e4nelle mieleen, h\u00e4n itse tehk\u00f6\u00f6n meiss\u00e4, h\u00e4n ja Jeesus Kristus. H\u00e4nen on kunnia aina ja ikuisesti. Aamen.\n"
                },
                "22": {
                    "verse_nr": 22,
                    "verse": "Veljet, pyyd\u00e4n teit\u00e4 kest\u00e4m\u00e4\u00e4n n\u00e4m\u00e4 kehotuksen sanat, olenhan kirjoittanut aivan lyhyesti.\n"
                },
                "23": {
                    "verse_nr": 23,
                    "verse": "Viel\u00e4 voin kertoa teille, ett\u00e4 veljemme Timoteus on p\u00e4\u00e4ssyt vapaaksi. Jos h\u00e4n tulee ajoissa, otan h\u00e4net mukaani teid\u00e4n luoksenne.\n"
                },
                "24": {
                    "verse_nr": 24,
                    "verse": "Tervehtik\u00e4\u00e4 kaikkia johtajianne, tervehtik\u00e4\u00e4 kaikkia pyhi\u00e4. Italiasta kotoisin olevat veljet l\u00e4hett\u00e4v\u00e4t teille tervehdyksens\u00e4.\n"
                },
                "25": {
                    "verse_nr": 25,
                    "verse": "Armo teille kaikille!\n"
                }
            }
        }
    }
}