{
    "version": "TEL",
    "book_name": "Philemon",
    "book_nr": "57",
    "book": {
        "1": {
            "chapter_nr": "1",
            "chapter": {
                "1": {
                    "verse_nr": "1",
                    "verse": "\u0c2e\u0c3e \u0c2a\u0c4d\u0c30\u0c3f\u0c2f \u0c38\u0c4b\u0c26\u0c30\u0c41\u0c21\u0c41, \u0c1c\u0c24\u0c2a\u0c28\u0c3f\u0c35\u0c3e\u0c21\u0c41 \u0c05\u0c2f\u0c3f\u0c28 \u0c2b\u0c3f\u0c32\u0c47\u0c2e\u0c4b\u0c28\u0c41\u0c15\u0c41,"
                },
                "2": {
                    "verse_nr": "2",
                    "verse": "\u0c2e\u0c28 \u0c38\u0c4b\u0c26\u0c30\u0c3f \u0c05\u0c2a\u0c4d\u0c2b\u0c3f\u0c2f\u0c15\u0c41, \u0c2e\u0c28 \u0c38\u0c3e\u0c1f\u0c3f \u0c38\u0c48\u0c28\u0c3f\u0c15\u0c41\u0c21\u0c41 \u0c05\u0c30\u0c4d\u0c16\u0c3f\u0c2a\u0c4d\u0c2a\u0c41\u0c15\u0c41, \u0c28\u0c40 \u0c07\u0c02\u0c1f\u0c4d\u0c32\u0c4b \u0c38\u0c2e\u0c3e\u0c35\u0c47\u0c36\u0c2e\u0c2f\u0c4d\u0c2f\u0c47 \u0c38\u0c02\u0c18\u0c3e\u0c28\u0c3f\u0c15\u0c40 \u0c15\u0c4d\u0c30\u0c40\u0c38\u0c4d\u0c24\u0c41 \u0c2f\u0c47\u0c38\u0c41 \u0c16\u0c48\u0c26\u0c40 \u0c05\u0c2f\u0c3f\u0c28 \u0c2a\u0c4c\u0c32\u0c41, \u0c38\u0c4b\u0c26\u0c30\u0c41\u0c21\u0c41 \u0c24\u0c3f\u0c2e\u0c4b\u0c24\u0c3f \u0c30\u0c3e\u0c38\u0c4d\u0c24\u0c41\u0c28\u0c4d\u0c28 \u0c38\u0c02\u0c17\u0c24\u0c41\u0c32\u0c41."
                },
                "3": {
                    "verse_nr": "3",
                    "verse": "\u0c2e\u0c28 \u0c24\u0c02\u0c21\u0c4d\u0c30\u0c3f \u0c05\u0c2f\u0c3f\u0c28 \u0c26\u0c47\u0c35\u0c41\u0c28\u0c3f \u0c28\u0c41\u0c02\u0c21\u0c40 \u0c2f\u0c47\u0c38\u0c41 \u0c15\u0c4d\u0c30\u0c40\u0c38\u0c4d\u0c24\u0c41 \u0c2a\u0c4d\u0c30\u0c2d\u0c41\u0c35\u0c41 \u0c28\u0c41\u0c02\u0c21\u0c40 \u0c2e\u0c40\u0c15\u0c41 \u0c15\u0c43\u0c2a, \u0c36\u0c3e\u0c02\u0c24\u0c3f \u0c15\u0c32\u0c41\u0c17\u0c41 \u0c17\u0c3e\u0c15."
                },
                "4": {
                    "verse_nr": "4",
                    "verse": "\u0c2a\u0c4d\u0c30\u0c2d\u0c41\u0c35\u0c48\u0c28 \u0c2f\u0c47\u0c38\u0c41 \u0c2a\u0c1f\u0c4d\u0c32, \u0c2a\u0c30\u0c3f\u0c36\u0c41\u0c26\u0c4d\u0c27\u0c41\u0c32\u0c02\u0c26\u0c30\u0c3f \u0c2a\u0c1f\u0c4d\u0c32 \u0c28\u0c40\u0c15\u0c41\u0c28\u0c4d\u0c28 \u0c2a\u0c4d\u0c30\u0c47\u0c2e\u0c28\u0c41 \u0c17\u0c42\u0c30\u0c4d\u0c1a\u0c3f, \u0c35\u0c3f\u0c36\u0c4d\u0c35\u0c3e\u0c38\u0c02 \u0c17\u0c42\u0c30\u0c4d\u0c1a\u0c3f \u0c28\u0c47\u0c28\u0c41 \u0c35\u0c3f\u0c28\u0c3f, \u0c28\u0c3e \u0c2a\u0c4d\u0c30\u0c3e\u0c30\u0c4d\u0c25\u0c28\u0c32\u0c4d\u0c32\u0c4b \u0c2e\u0c40 \u0c17\u0c41\u0c30\u0c3f\u0c02\u0c1a\u0c3f \u0c35\u0c3f\u0c1c\u0c4d\u0c1e\u0c3e\u0c2a\u0c28 \u0c1a\u0c47\u0c38\u0c4d\u0c24\u0c42, \u0c0e\u0c2a\u0c4d\u0c2a\u0c41\u0c21\u0c42 \u0c28\u0c3e \u0c26\u0c47\u0c35\u0c41\u0c28\u0c3f\u0c15\u0c3f \u0c15\u0c43\u0c24\u0c1c\u0c4d\u0c1e\u0c24 \u0c1a\u0c46\u0c2c\u0c41\u0c24\u0c41\u0c28\u0c4d\u0c28\u0c3e\u0c28\u0c41."
                },
                "5": {
                    "verse_nr": "5",
                    "verse": ""
                },
                "6": {
                    "verse_nr": "6",
                    "verse": "\u0c35\u0c3f\u0c36\u0c4d\u0c35\u0c3e\u0c38\u0c02\u0c32\u0c4b \u0c28\u0c40\u0c35\u0c41 \u0c2a\u0c3e\u0c32\u0c4d\u0c17\u0c4a\u0c28\u0c21\u0c02 \u0c15\u0c4d\u0c30\u0c40\u0c38\u0c4d\u0c24\u0c41\u0c32\u0c4b \u0c2e\u0c28\u0c15\u0c41 \u0c09\u0c28\u0c4d\u0c28 \u0c2a\u0c4d\u0c30\u0c24\u0c3f \u0c2e\u0c02\u0c1a\u0c3f\u0c28\u0c40 \u0c28\u0c40\u0c35\u0c41 \u0c05\u0c28\u0c41\u0c2d\u0c35\u0c2a\u0c42\u0c30\u0c4d\u0c35\u0c15\u0c02\u0c17\u0c3e \u0c24\u0c46\u0c32\u0c41\u0c38\u0c41\u0c15\u0c4b\u0c35\u0c21\u0c02 \u0c32\u0c4b \u0c2e\u0c30\u0c3f\u0c02\u0c24 \u0c1a\u0c41\u0c30\u0c41\u0c15\u0c41\u0c17\u0c3e \u0c09\u0c02\u0c21\u0c3e\u0c32\u0c28\u0c3f \u0c2a\u0c4d\u0c30\u0c3e\u0c30\u0c4d\u0c27\u0c3f\u0c38\u0c4d\u0c24\u0c41\u0c28\u0c4d\u0c28\u0c3e\u0c28\u0c41."
                },
                "7": {
                    "verse_nr": "7",
                    "verse": "\u0c38\u0c4b\u0c26\u0c30\u0c3e, \u0c2a\u0c30\u0c3f\u0c36\u0c41\u0c26\u0c4d\u0c27\u0c41\u0c32 \u0c39\u0c43\u0c26\u0c2f\u0c3e\u0c32\u0c15\u0c41 \u0c28\u0c40\u0c35\u0c41 \u0c38\u0c47\u0c26 \u0c26\u0c40\u0c30\u0c4d\u0c1a\u0c3e\u0c35\u0c41 \u0c15\u0c3e\u0c2c\u0c1f\u0c4d\u0c1f\u0c3f \u0c28\u0c40 \u0c2a\u0c4d\u0c30\u0c47\u0c2e \u0c28\u0c3e\u0c15\u0c46\u0c02\u0c24\u0c4b \u0c06\u0c28\u0c02\u0c26\u0c3e\u0c28\u0c4d\u0c28\u0c40 \u0c06\u0c26\u0c30\u0c23\u0c28\u0c42 \u0c24\u0c46\u0c1a\u0c4d\u0c1a\u0c3f\u0c02\u0c26\u0c3f."
                },
                "8": {
                    "verse_nr": "8",
                    "verse": "\u0c05\u0c02\u0c26\u0c41\u0c1a\u0c47\u0c24 \u0c24\u0c2a\u0c4d\u0c2a\u0c15\u0c41\u0c02\u0c21\u0c3e \u0c1a\u0c47\u0c2f\u0c35\u0c32\u0c38\u0c3f \u0c09\u0c28\u0c4d\u0c28 \u0c35\u0c3e\u0c1f\u0c3f\u0c28\u0c3f \u0c17\u0c41\u0c30\u0c3f\u0c02\u0c1a\u0c3f \u0c28\u0c40\u0c15\u0c41 \u0c06\u0c1c\u0c4d\u0c1e\u0c3e\u0c2a\u0c3f\u0c02\u0c1a\u0c47 \u0c27\u0c48\u0c30\u0c4d\u0c2f\u0c02 \u0c15\u0c4d\u0c30\u0c40\u0c38\u0c4d\u0c24\u0c41\u0c32\u0c4b \u0c28\u0c3e\u0c15\u0c41\u0c28\u0c4d\u0c28\u0c2a\u0c4d\u0c2a\u0c1f\u0c3f\u0c15\u0c40,"
                },
                "9": {
                    "verse_nr": "9",
                    "verse": "\u0c2e\u0c41\u0c38\u0c32\u0c3f\u0c35\u0c3e\u0c21\u0c3f\u0c28\u0c40 \u0c07\u0c2a\u0c4d\u0c2a\u0c41\u0c21\u0c41 \u0c15\u0c4d\u0c30\u0c40\u0c38\u0c4d\u0c24\u0c41 \u0c2f\u0c47\u0c38\u0c41 \u0c15\u0c4b\u0c38\u0c02 \u0c16\u0c48\u0c26\u0c40\u0c17\u0c3e \u0c09\u0c28\u0c4d\u0c28 \u0c2a\u0c4c\u0c32\u0c41 \u0c05\u0c28\u0c47 \u0c28\u0c47\u0c28\u0c41 \u0c2a\u0c4d\u0c30\u0c47\u0c2e\u0c28\u0c41 \u0c2c\u0c1f\u0c4d\u0c1f\u0c47 \u0c28\u0c3f\u0c28\u0c4d\u0c28\u0c41 \u0c35\u0c47\u0c21\u0c41\u0c15\u0c41\u0c02\u0c1f\u0c41\u0c28\u0c4d\u0c28\u0c3e\u0c28\u0c41."
                },
                "10": {
                    "verse_nr": "10",
                    "verse": "\u0c28\u0c47\u0c28\u0c41 \u0c28\u0c3e \u0c2c\u0c3f\u0c21\u0c4d\u0c21 \u0c12\u0c28\u0c47\u0c38\u0c3f\u0c2e\u0c41 \u0c17\u0c41\u0c30\u0c3f\u0c02\u0c1a\u0c3f \u0c28\u0c3f\u0c28\u0c4d\u0c28\u0c41 \u0c05\u0c21\u0c41\u0c17\u0c41\u0c24\u0c41\u0c28\u0c4d\u0c28\u0c3e\u0c28\u0c41. \u0c28\u0c47\u0c28\u0c41 \u0c1a\u0c46\u0c30\u0c32\u0c4b \u0c09\u0c28\u0c4d\u0c28\u0c2a\u0c41\u0c21\u0c41 \u0c05\u0c24\u0c21\u0c41 \u0c28\u0c3e\u0c15\u0c41 \u0c15\u0c4a\u0c21\u0c41\u0c15\u0c2f\u0c4d\u0c2f\u0c3e\u0c21\u0c41."
                },
                "11": {
                    "verse_nr": "11",
                    "verse": "\u0c17\u0c24\u0c02\u0c32\u0c4b \u0c05\u0c24\u0c21\u0c3f \u0c35\u0c32\u0c28 \u0c28\u0c40\u0c15\u0c41 \u0c2a\u0c4d\u0c30\u0c2f\u0c4b\u0c1c\u0c28\u0c02 \u0c0f\u0c2e\u0c40 \u0c32\u0c47\u0c15\u0c2a\u0c4b\u0c2f\u0c3f\u0c02\u0c26\u0c3f. \u0c07\u0c2a\u0c4d\u0c2a\u0c41\u0c21\u0c2f\u0c3f\u0c24\u0c47 \u0c05\u0c24\u0c21\u0c41 \u0c28\u0c40\u0c15\u0c42 \u0c28\u0c3e\u0c15\u0c42 \u0c2a\u0c4d\u0c30\u0c2f\u0c4b\u0c1c\u0c28\u0c15\u0c3e\u0c30\u0c3f \u0c05\u0c2f\u0c4d\u0c2f\u0c3e\u0c21\u0c41."
                },
                "12": {
                    "verse_nr": "12",
                    "verse": "\u0c28\u0c3e \u0c2a\u0c4d\u0c30\u0c3e\u0c23\u0c02\u0c24\u0c4b \u0c38\u0c2e\u0c3e\u0c28\u0c2e\u0c48\u0c28 \u0c05\u0c24\u0c23\u0c4d\u0c23\u0c3f \u0c28\u0c40 \u0c26\u0c17\u0c4d\u0c17\u0c30\u0c3f\u0c15\u0c3f \u0c24\u0c3f\u0c30\u0c3f\u0c17\u0c3f \u0c2a\u0c02\u0c2a\u0c41\u0c24\u0c41\u0c28\u0c4d\u0c28\u0c3e\u0c28\u0c41."
                },
                "13": {
                    "verse_nr": "13",
                    "verse": "\u0c28\u0c47\u0c28\u0c41 \u0c38\u0c41\u0c35\u0c3e\u0c30\u0c4d\u0c24 \u0c15\u0c4b\u0c38\u0c02 \u0c38\u0c02\u0c15\u0c46\u0c33\u0c4d\u0c33\u0c32\u0c4b \u0c09\u0c02\u0c1f\u0c47 \u0c28\u0c40 \u0c2a\u0c15\u0c4d\u0c37\u0c3e\u0c28 \u0c28\u0c3e\u0c15\u0c41 \u0c38\u0c3e\u0c2f\u0c02 \u0c1a\u0c47\u0c2f\u0c21\u0c3e\u0c28\u0c3f\u0c15\u0c3f \u0c28\u0c3e \u0c26\u0c17\u0c4d\u0c17\u0c30\u0c47 \u0c05\u0c24\u0c23\u0c4d\u0c23\u0c3f \u0c09\u0c02\u0c1a\u0c41\u0c15\u0c4b\u0c35\u0c3e\u0c32\u0c28\u0c41\u0c15\u0c41\u0c28\u0c4d\u0c28\u0c3e\u0c28\u0c41"
                },
                "14": {
                    "verse_nr": "14",
                    "verse": "\u0c05\u0c2f\u0c3f\u0c24\u0c47 \u0c28\u0c40 \u0c05\u0c28\u0c41\u0c2e\u0c24\u0c3f \u0c32\u0c47\u0c15\u0c41\u0c02\u0c21\u0c3e \u0c05\u0c32\u0c3e\u0c1f\u0c3f\u0c26\u0c3f \u0c0f\u0c26\u0c2f\u0c3f\u0c28\u0c3e \u0c1a\u0c47\u0c2f\u0c21\u0c02 \u0c28\u0c3e\u0c15\u0c3f\u0c37\u0c4d\u0c1f\u0c02 \u0c32\u0c47\u0c26\u0c41. \u0c28\u0c40 \u0c2e\u0c02\u0c1a\u0c3f\u0c24\u0c28\u0c3e\u0c28\u0c4d\u0c28\u0c3f \u0c2c\u0c32\u0c35\u0c02\u0c24\u0c02\u0c17\u0c3e \u0c15\u0c3e\u0c15 \u0c28\u0c40\u0c15\u0c41 \u0c07\u0c37\u0c4d\u0c1f\u0c2a\u0c42\u0c30\u0c4d\u0c35\u0c15\u0c02\u0c17\u0c3e \u0c09\u0c2a\u0c2f\u0c4b\u0c17\u0c3f\u0c02\u0c1a\u0c41\u0c15\u0c4b\u0c35\u0c3e\u0c32\u0c28\u0c3f \u0c28\u0c3e \u0c05\u0c2d\u0c3f\u0c2a\u0c4d\u0c30\u0c3e\u0c2f\u0c02."
                },
                "15": {
                    "verse_nr": "15",
                    "verse": "\u0c2c\u0c39\u0c41\u0c36\u0c3e \u0c05\u0c24\u0c21\u0c41 \u0c0e\u0c2a\u0c4d\u0c2a\u0c41\u0c21\u0c42 \u0c28\u0c40 \u0c26\u0c17\u0c4d\u0c17\u0c30\u0c47 \u0c09\u0c02\u0c21\u0c21\u0c3e\u0c28\u0c3f\u0c15\u0c3f \u0c15\u0c4a\u0c02\u0c24\u0c15\u0c3e\u0c32\u0c02 \u0c28\u0c40\u0c15\u0c41 \u0c26\u0c42\u0c30\u0c2e\u0c2f\u0c4d\u0c2f\u0c3e\u0c21\u0c41 \u0c15\u0c3e\u0c2c\u0c4b\u0c32\u0c41."
                },
                "16": {
                    "verse_nr": "16",
                    "verse": "\u0c2e\u0c41\u0c16\u0c4d\u0c2f\u0c02\u0c17\u0c3e \u0c28\u0c3e\u0c15\u0c42, \u0c36\u0c30\u0c40\u0c30 \u0c2c\u0c02\u0c27\u0c3e\u0c28\u0c4d\u0c28\u0c3f \u0c2c\u0c1f\u0c4d\u0c1f\u0c40 \u0c2a\u0c4d\u0c30\u0c2d\u0c41\u0c35\u0c41\u0c28\u0c41 \u0c2c\u0c1f\u0c4d\u0c1f\u0c40 \u0c2e\u0c30\u0c3f \u0c2e\u0c41\u0c16\u0c4d\u0c2f\u0c02\u0c17\u0c3e \u0c28\u0c40\u0c15\u0c42 \u0c05\u0c24\u0c21\u0c41 \u0c07\u0c15 \u0c0e\u0c02\u0c24 \u0c2e\u0c3e\u0c24\u0c4d\u0c30\u0c02 \u0c2c\u0c3e\u0c28\u0c3f\u0c38\u0c17\u0c3e \u0c2e\u0c3e\u0c24\u0c4d\u0c30\u0c2e\u0c47 \u0c15\u0c3e\u0c15 \u0c05\u0c02\u0c24\u0c15\u0c02\u0c1f\u0c47 \u0c0e\u0c15\u0c4d\u0c15\u0c41\u0c35\u0c17\u0c3e \u0c2a\u0c4d\u0c30\u0c3f\u0c2f\u0c2e\u0c48\u0c28 \u0c38\u0c4b\u0c26\u0c30\u0c41\u0c21\u0c41."
                },
                "17": {
                    "verse_nr": "17",
                    "verse": "\u0c05\u0c02\u0c26\u0c41\u0c1a\u0c47\u0c24 \u0c28\u0c40\u0c35\u0c41 \u0c28\u0c28\u0c4d\u0c28\u0c41 \u0c28\u0c40 \u0c1c\u0c24 \u0c2a\u0c28\u0c3f\u0c35\u0c3e\u0c28\u0c3f\u0c17\u0c3e \u0c0e\u0c02\u0c1a\u0c3f\u0c24\u0c47 \u0c28\u0c28\u0c4d\u0c28\u0c41 \u0c1a\u0c47\u0c30\u0c4d\u0c1a\u0c41\u0c15\u0c41\u0c28\u0c4d\u0c28\u0c1f\u0c4d\u0c1f\u0c47 \u0c05\u0c24\u0c23\u0c4d\u0c23\u0c3f \u0c15\u0c42\u0c21\u0c3e \u0c1a\u0c47\u0c30\u0c4d\u0c1a\u0c41\u0c15\u0c4b."
                },
                "18": {
                    "verse_nr": "18",
                    "verse": "\u0c12\u0c15\u0c35\u0c47\u0c33 \u0c05\u0c24\u0c21\u0c41 \u0c28\u0c40\u0c2a\u0c1f\u0c4d\u0c32 \u0c0f\u0c26\u0c48\u0c28\u0c3e \u0c05\u0c2a\u0c30\u0c3e\u0c27\u0c02 \u0c1a\u0c47\u0c38\u0c3f \u0c09\u0c02\u0c1f\u0c47, \u0c32\u0c47\u0c15\u0c2a\u0c4b\u0c24\u0c47 \u0c28\u0c40\u0c15\u0c41 \u0c2c\u0c3e\u0c15\u0c40 \u0c09\u0c02\u0c1f\u0c47 \u0c26\u0c3e\u0c28\u0c4d\u0c28\u0c3f \u0c28\u0c3e \u0c32\u0c46\u0c15\u0c4d\u0c15\u0c32\u0c4b \u0c35\u0c46\u0c2f\u0c4d\u0c2f\u0c3f."
                },
                "19": {
                    "verse_nr": "19",
                    "verse": "\u0c2a\u0c4c\u0c32\u0c41 \u0c05\u0c28\u0c47 \u0c28\u0c47\u0c28\u0c41 \u0c28\u0c3e \u0c38\u0c4d\u0c35\u0c26\u0c38\u0c4d\u0c24\u0c42\u0c30\u0c40\u0c24\u0c4b \u0c08 \u0c2e\u0c3e\u0c1f \u0c30\u0c3e\u0c38\u0c4d\u0c24\u0c41\u0c28\u0c4d\u0c28\u0c3e\u0c28\u0c41. \u0c06 \u0c2c\u0c3e\u0c15\u0c40 \u0c28\u0c47\u0c28\u0c47 \u0c24\u0c40\u0c30\u0c41\u0c38\u0c4d\u0c24\u0c3e\u0c28\u0c41. \u0c05\u0c2f\u0c3f\u0c28\u0c3e \u0c05\u0c38\u0c32\u0c41 \u0c28\u0c40 \u0c1c\u0c40\u0c35\u0c02 \u0c35\u0c3f\u0c37\u0c2f\u0c02\u0c32\u0c4b \u0c28\u0c41\u0c35\u0c4d\u0c35\u0c47 \u0c28\u0c3e\u0c15\u0c41 \u0c2c\u0c3e\u0c15\u0c40 \u0c2a\u0c21\u0c3f \u0c09\u0c28\u0c4d\u0c28\u0c3e\u0c35\u0c28\u0c3f \u0c28\u0c47\u0c28\u0c41 \u0c2a\u0c4d\u0c30\u0c38\u0c4d\u0c24\u0c3e\u0c35\u0c3f\u0c02\u0c1a\u0c21\u0c02 \u0c32\u0c47\u0c26\u0c41."
                },
                "20": {
                    "verse_nr": "20",
                    "verse": "\u0c14\u0c28\u0c41, \u0c38\u0c4b\u0c26\u0c30\u0c3e, \u0c2a\u0c4d\u0c30\u0c2d\u0c41\u0c35\u0c41\u0c32\u0c4b \u0c28\u0c3e\u0c15\u0c41 \u0c38\u0c02\u0c24\u0c4b\u0c37\u0c02 \u0c15\u0c32\u0c3f\u0c17\u0c3f\u0c02\u0c1a\u0c41. \u0c15\u0c4d\u0c30\u0c40\u0c38\u0c4d\u0c24\u0c41\u0c32\u0c4b \u0c28\u0c3e \u0c39\u0c43\u0c26\u0c2f\u0c3e\u0c28\u0c3f\u0c15\u0c3f \u0c38\u0c47\u0c26 \u0c24\u0c40\u0c30\u0c4d\u0c1a\u0c41."
                },
                "21": {
                    "verse_nr": "21",
                    "verse": "\u0c28\u0c40\u0c35\u0c41 \u0c28\u0c3e \u0c2e\u0c3e\u0c1f \u0c35\u0c3f\u0c02\u0c1f\u0c3e\u0c35\u0c28\u0c3f \u0c28\u0c2e\u0c4d\u0c2e\u0c15\u0c02\u0c24\u0c4b \u0c30\u0c3e\u0c38\u0c4d\u0c24\u0c41\u0c28\u0c4d\u0c28\u0c3e\u0c28\u0c41. \u0c28\u0c47\u0c28\u0c41 \u0c1a\u0c46\u0c2a\u0c4d\u0c2a\u0c3f\u0c28\u0c26\u0c3e\u0c28\u0c3f \u0c15\u0c02\u0c1f\u0c47 \u0c28\u0c40\u0c35\u0c41 \u0c0e\u0c15\u0c4d\u0c15\u0c41\u0c35 \u0c1a\u0c47\u0c38\u0c4d\u0c24\u0c3e\u0c35\u0c28\u0c3f \u0c15\u0c42\u0c21\u0c3e \u0c28\u0c3e\u0c15\u0c41 \u0c24\u0c46\u0c32\u0c41\u0c38\u0c41."
                },
                "22": {
                    "verse_nr": "22",
                    "verse": "\u0c38\u0c30\u0c47. \u0c28\u0c3e \u0c15\u0c4b\u0c38\u0c02 \u0c35\u0c38\u0c24\u0c3f \u0c38\u0c3f\u0c26\u0c4d\u0c27\u0c02 \u0c1a\u0c46\u0c2f\u0c4d\u0c2f\u0c3f. \u0c0e\u0c02\u0c26\u0c41\u0c15\u0c02\u0c1f\u0c47 \u0c2e\u0c40 \u0c2a\u0c4d\u0c30\u0c3e\u0c30\u0c4d\u0c25\u0c28\u0c32 \u0c26\u0c4d\u0c35\u0c3e\u0c30\u0c3e \u0c26\u0c47\u0c35\u0c41\u0c21\u0c41 \u0c28\u0c28\u0c4d\u0c28\u0c41 \u0c2e\u0c40 \u0c26\u0c17\u0c4d\u0c17\u0c30\u0c3f\u0c15\u0c3f \u0c2a\u0c02\u0c2a\u0c41\u0c24\u0c3e\u0c21\u0c28\u0c47 \u0c06\u0c36\u0c3e\u0c2d\u0c3e\u0c35\u0c02\u0c24\u0c4b \u0c09\u0c28\u0c4d\u0c28\u0c3e\u0c28\u0c41."
                },
                "23": {
                    "verse_nr": "23",
                    "verse": "\u0c15\u0c4d\u0c30\u0c40\u0c38\u0c4d\u0c24\u0c41 \u0c2f\u0c47\u0c38\u0c41 \u0c15\u0c4b\u0c38\u0c02 \u0c28\u0c3e \u0c38\u0c3e\u0c1f\u0c3f \u0c16\u0c48\u0c26\u0c40 \u0c0e\u0c2a\u0c2b\u0c4d\u0c30\u0c3e,"
                },
                "24": {
                    "verse_nr": "24",
                    "verse": "\u0c05\u0c32\u0c3e\u0c28\u0c47 \u0c28\u0c3e \u0c1c\u0c24 \u0c2a\u0c28\u0c3f\u0c35\u0c3e\u0c30\u0c41 \u0c2e\u0c3e\u0c30\u0c4d\u0c15\u0c41, \u0c05\u0c30\u0c3f\u0c38\u0c4d\u0c24\u0c3e\u0c30\u0c4d\u0c15\u0c41, \u0c26\u0c47\u0c2e\u0c3e, \u0c32\u0c42\u0c15\u0c3e \u0c28\u0c40\u0c15\u0c41 \u0c05\u0c2d\u0c3f\u0c35\u0c02\u0c26\u0c28\u0c3e\u0c32\u0c41 \u0c1a\u0c46\u0c2c\u0c41\u0c24\u0c41\u0c28\u0c4d\u0c28\u0c3e\u0c30\u0c41."
                },
                "25": {
                    "verse_nr": "25",
                    "verse": "\u0c2e\u0c28 \u0c2a\u0c4d\u0c30\u0c2d\u0c41 \u0c2f\u0c47\u0c38\u0c41 \u0c15\u0c4d\u0c30\u0c40\u0c38\u0c4d\u0c24\u0c41 \u0c15\u0c43\u0c2a \u0c2e\u0c40 \u0c06\u0c24\u0c4d\u0c2e\u0c15\u0c41 \u0c24\u0c4b\u0c21\u0c48 \u0c09\u0c02\u0c21\u0c41 \u0c17\u0c3e\u0c15. \u0c06\u0c2e\u0c46\u0c28\u0c4d."
                }
            }
        }
    }
}