{
    "version": "KAN",
    "book_name": "Nahum",
    "book_nr": "34",
    "book": {
        "1": {
            "chapter_nr": "1",
            "chapter": {
                "1": {
                    "verse_nr": "1",
                    "verse": "\u0ca8\u0cbf\u0ca8\u0cb5\u0cc6 \u0caa\u0c9f\u0ccd\u0c9f\u0ca3\u0ca6 \u0cac\u0c97\u0ccd\u0c97\u0cc6 \u0ca6\u0cc8\u0cb5\u0ccb\u0c95\u0ccd\u0ca4\u0cbf. \u0c8e\u0cb2\u0ccd\u0c95\u0ccb\u0cb7\u0ccd \u0c8a\u0cb0\u0cbf\u0ca8 \u0ca8\u0cb9\u0cc2\u0cae \u0c8e\u0c82\u0cac \u0caa\u0ccd\u0cb0\u0cb5\u0cbe\u0ca6\u0cbf\u0c97\u0cc6 \u0c86\u0ca6 \u0ca6\u0cc8\u0cb5\u0ca6\u0cb0\u0ccd\u0cb6\u0ca8\u0ca6 \u0c97\u0ccd\u0cb0\u0c82\u0ca5."
                },
                "2": {
                    "verse_nr": "2",
                    "verse": "\u0caf\u0cc6\u0cb9\u0ccb\u0cb5\u0ca8\u0cc1 \u0cb8\u0ccd\u0cb5\u0c97\u0ccc\u0cb0\u0cb5\u0cb5\u0ca8\u0ccd\u0ca8\u0cc1 \u0c95\u0cbe\u0caa\u0cbe\u0ca1\u0cbf\u0c95\u0cca\u0cb3\u0ccd\u0cb3\u0cc1\u0cb5 \u0ca6\u0cc7\u0cb5\u0cb0\u0cc1. \u0c86\u0ca4\u0ca8\u0cc1 \u0cae\u0cc1\u0caf\u0ccd\u0caf\u0cbf\u0ca4\u0cc0\u0cb0\u0cbf\u0cb8\u0cc1\u0cb5\u0cb5\u0ca8\u0cc1; \u0cb9\u0ccc\u0ca6\u0cc1 \u0caf\u0cc6\u0cb9\u0ccb\u0cb5\u0ca8\u0cc1 \u0cae\u0cc1\u0caf\u0ccd\u0caf\u0cbf\u0ca4\u0cc0\u0cb0\u0cbf\u0cb8\u0cc1\u0cb5\u0cb5\u0ca8\u0cc1, \u0c95\u0ccb\u0caa\u0cad\u0cb0\u0cbf\u0ca4\u0ca8\u0cc1; \u0caf\u0cc6\u0cb9\u0ccb\u0cb5\u0ca8\u0cc1 \u0ca4\u0ca8\u0ccd\u0ca8 \u0cb5\u0cbf\u0cb0\u0ccb\u0ca7\u0cbf\u0c97\u0cb3\u0cbf\u0c97\u0cc6 \u0cae\u0cc1\u0caf\u0ccd\u0caf\u0cbf\u0ca4\u0cc0\u0cb0\u0cbf\u0cb8\u0cc1\u0ca4\u0ccd\u0ca4\u0cbe\u0ca8\u0cc6. \u0ca4\u0ca8\u0ccd\u0ca8 \u0cb6\u0ca4\u0ccd\u0cb0\u0cc1\u0c97\u0cb3 \u0cae\u0cc7\u0cb2\u0cc6 \u0ca6\u0cc0\u0cb0\u0ccd\u0c98\u0cb0\u0ccb\u0cb7\u0cb5\u0cbf\u0ca1\u0cc1\u0ca4\u0ccd\u0ca4\u0cbe\u0ca8\u0cc6."
                },
                "3": {
                    "verse_nr": "3",
                    "verse": "\u0caf\u0cc6\u0cb9\u0ccb\u0cb5\u0ca8\u0cc1 \u0ca6\u0cc0\u0cb0\u0ccd\u0c98\u0cb6\u0cbe\u0c82\u0ca4\u0ca8\u0cbe\u0c97\u0cbf\u0ca6\u0ccd\u0ca6\u0cb0\u0cc2 \u0c86\u0ca4\u0ca8 \u0cb6\u0c95\u0ccd\u0ca4\u0cbf\u0caf\u0cc1 \u0c85\u0caa\u0cbe\u0cb0, \u0c85\u0caa\u0cb0\u0cbe\u0ca7\u0cbf\u0c97\u0cb3\u0ca8\u0ccd\u0ca8\u0cc1 \u0cb6\u0cbf\u0c95\u0ccd\u0cb7\u0cbf\u0cb8\u0ca6\u0cc6 \u0cac\u0cbf\u0ca1\u0ca8\u0cc1; \u0caf\u0cc6\u0cb9\u0ccb\u0cb5\u0ca8\u0cc1 \u0cac\u0cbf\u0cb0\u0cc1\u0c97\u0cbe\u0cb3\u0cbf\u0caf\u0cb2\u0ccd\u0cb2\u0cbf\u0caf\u0cc2, \u0ca4\u0cc1\u0cab\u0cbe\u0ca8\u0cbf\u0ca8\u0cb2\u0ccd\u0cb2\u0cbf\u0caf\u0cc2 \u0ca8\u0ca1\u0cc6\u0caf\u0cc1\u0ca4\u0ccd\u0ca4\u0cbe\u0ca8\u0cc6; \u0cae\u0ccb\u0ca1\u0c97\u0cb3\u0cc1 \u0c86\u0ca4\u0ca8 \u0cb9\u0cc6\u0c9c\u0ccd\u0c9c\u0cc6\u0caf\u0cbf\u0c82\u0ca6\u0cc7\u0cb3\u0cc1\u0cb5 \u0ca7\u0cc2\u0cb3\u0cc1."
                },
                "4": {
                    "verse_nr": "4",
                    "verse": "\u0c86\u0ca4\u0ca8\u0cc1 \u0cb8\u0cae\u0cc1\u0ca6\u0ccd\u0cb0\u0cb5\u0ca8\u0ccd\u0ca8\u0cc1 \u0c97\u0ca6\u0cb0\u0cbf\u0cb8\u0cbf \u0c92\u0ca3\u0c97\u0cbf\u0cb8\u0cc1\u0ca4\u0ccd\u0ca4\u0cbe\u0ca8\u0cc6, \u0cb8\u0c95\u0cb2\u0ca8\u0ca6\u0cbf\u0c97\u0cb3\u0ca8\u0ccd\u0ca8\u0cc1 \u0cac\u0ca4\u0ccd\u0ca4\u0cbf\u0cb8\u0cc1\u0ca4\u0ccd\u0ca4\u0cbe\u0ca8\u0cc6; \u0cac\u0cbe\u0cb7\u0cbe\u0ca8\u0cc2 \u0cae\u0ca4\u0ccd\u0ca4\u0cc1 \u0c95\u0cb0\u0ccd\u0cae\u0cc6\u0cb2\u0ccd \u0cb9\u0cca\u0cb2\u0c97\u0cb3\u0cc2 \u0c95\u0c82\u0ca6\u0cc1\u0ca4\u0ccd\u0ca4\u0cb5\u0cc6. \u0cb2\u0cc6\u0cac\u0ca8\u0ccb\u0ca8\u0cbf\u0ca8 \u0c9a\u0cbf\u0c97\u0cc1\u0cb0\u0cc1 \u0cac\u0cbe\u0ca1\u0cc1\u0ca4\u0ccd\u0ca4\u0ca6\u0cc6."
                },
                "5": {
                    "verse_nr": "5",
                    "verse": "\u0c86\u0ca4\u0ca8 \u0cae\u0cc1\u0c82\u0ca6\u0cc6 \u0cac\u0cc6\u0c9f\u0ccd\u0c9f\u0c97\u0cb3\u0cc1 \u0c85\u0ca6\u0cb0\u0cc1\u0ca4\u0ccd\u0ca4\u0cb5\u0cc6, \u0c97\u0cc1\u0ca1\u0ccd\u0ca1\u0c97\u0cb3\u0cc1 \u0c95\u0cb0\u0c97\u0cc1\u0ca4\u0ccd\u0ca4\u0cb5\u0cc6; \u0c86\u0ca4\u0ca8 \u0ca6\u0cb0\u0ccd\u0cb6\u0ca8\u0c95\u0ccd\u0c95\u0cc6 \u0cad\u0cc2\u0cae\u0cbf\u0caf\u0cc1 \u0c95\u0c82\u0caa\u0cbf\u0cb8\u0cc1\u0ca4\u0ccd\u0ca4\u0ca6\u0cc6, \u0cb9\u0ccc\u0ca6\u0cc1, \u0cb2\u0ccb\u0c95\u0cb5\u0cc2 \u0cb2\u0ccb\u0c95\u0ca8\u0cbf\u0cb5\u0cbe\u0cb8\u0cbf\u0c97\u0cb3\u0cc6\u0cb2\u0ccd\u0cb2\u0cb0\u0cc2 \u0ca4\u0cb2\u0ccd\u0cb2\u0ca3\u0cbf\u0cb8\u0cc1\u0ca4\u0ccd\u0ca4\u0cb5\u0cc6."
                },
                "6": {
                    "verse_nr": "6",
                    "verse": "\u0c86\u0ca4\u0ca8 \u0cb8\u0cbf\u0c9f\u0ccd\u0c9f\u0cbf\u0c97\u0cc6 \u0caf\u0cbe\u0cb0\u0cc1 \u0c8e\u0ca6\u0cc1\u0cb0\u0cc1 \u0ca8\u0cbf\u0cb2\u0ccd\u0cb2\u0cb2\u0cc1 \u0cb8\u0cbe\u0ca7\u0ccd\u0caf? \u0c86\u0ca4\u0ca8 \u0cb0\u0ccb\u0cb7\u0cbe\u0c97\u0ccd\u0ca8\u0cbf\u0caf \u0c8e\u0ca6\u0cc1\u0cb0\u0cc1 \u0caf\u0cbe\u0cb0\u0cc1 \u0ca8\u0cbf\u0c82\u0ca4\u0cbe\u0cb0\u0cc1? \u0c86\u0ca4\u0ca8 \u0cb0\u0ccc\u0ca6\u0ccd\u0cb0\u0cb5\u0cc1 \u0c9c\u0ccd\u0cb5\u0cbe\u0cb2\u0cbe\u0caa\u0ccd\u0cb0\u0cb5\u0cbe\u0cb9\u0ca6\u0c82\u0ca4\u0cc6 \u0cb9\u0cb0\u0cbf\u0caf\u0cc1\u0ca4\u0ccd\u0ca4\u0ca6\u0cc6. \u0cac\u0c82\u0ca1\u0cc6\u0c97\u0cb3\u0cc1 \u0c86\u0ca4\u0ca8\u0cbf\u0c82\u0ca6 \u0c95\u0cc6\u0ca1\u0cb5\u0cb2\u0ccd\u0caa\u0c9f\u0ccd\u0c9f\u0cbf\u0cb5\u0cc6."
                },
                "7": {
                    "verse_nr": "7",
                    "verse": "\u0caf\u0cc6\u0cb9\u0ccb\u0cb5\u0ca8\u0cc1 \u0c92\u0cb3\u0ccd\u0cb3\u0cc6\u0caf\u0cb5\u0ca8\u0cc1; \u0c87\u0c95\u0ccd\u0c95\u0c9f\u0ccd\u0c9f\u0cbf\u0ca8 \u0ca6\u0cbf\u0ca8\u0ca6\u0cb2\u0ccd\u0cb2\u0cbf \u0c86\u0cb6\u0ccd\u0cb0\u0caf\u0ca6\u0cc1\u0cb0\u0ccd\u0c97\u0cb5\u0cbe\u0c97\u0cbf\u0ca6\u0ccd\u0ca6\u0cbe\u0ca8\u0cc6; \u0ca4\u0ca8\u0ccd\u0ca8 \u0cae\u0cca\u0cb0\u0cc6\u0cb9\u0cca\u0c95\u0ccd\u0c95\u0cb5\u0cb0\u0ca8\u0ccd\u0ca8\u0cc1 \u0cac\u0cb2\u0ccd\u0cb2\u0ca8\u0cc1."
                },
                "8": {
                    "verse_nr": "8",
                    "verse": "\u0c86\u0ca6\u0cb0\u0cc6 \u0ca4\u0cc1\u0c82\u0cac\u0cbf\u0ca4\u0cc1\u0cb3\u0cc1\u0c95\u0cc1\u0cb5 \u0c9c\u0cb2\u0caa\u0ccd\u0cb0\u0cb5\u0cbe\u0cb9\u0ca6\u0cbf\u0c82\u0ca6\u0cb2\u0ccb \u0c8e\u0c82\u0cac\u0c82\u0ca4\u0cc6 \u0ca8\u0cbf\u0ca8\u0cb5\u0cc6\u0caf \u0cb8\u0ccd\u0ca5\u0cbe\u0ca8\u0cb5\u0ca8\u0ccd\u0ca8\u0cc1 \u0ca4\u0cc0\u0cb0\u0cbe \u0cb9\u0cbe\u0cb3\u0cc1\u0cae\u0cbe\u0ca1\u0cbf \u0ca4\u0ca8\u0ccd\u0ca8 \u0cb5\u0cbf\u0cb0\u0ccb\u0ca7\u0cbf\u0c97\u0cb3\u0ca8\u0ccd\u0ca8\u0cc1 \u0cb9\u0cbf\u0c82\u0ca6\u0c9f\u0ccd\u0c9f\u0cbf \u0c85\u0c82\u0ca7\u0c95\u0cbe\u0cb0\u0c95\u0ccd\u0c95\u0cc6 \u0ca4\u0cb3\u0ccd\u0cb3\u0cc1\u0cb5\u0ca8\u0cc1."
                },
                "9": {
                    "verse_nr": "9",
                    "verse": "\u0ca8\u0cc0\u0cb5\u0cc1 \u0caf\u0cc6\u0cb9\u0ccb\u0cb5\u0ca8\u0cbf\u0c97\u0cc6 \u0cb5\u0cbf\u0cb0\u0cc1\u0ca6\u0ccd\u0ca7\u0cb5\u0cbe\u0c97\u0cbf \u0caf\u0cbe\u0cb5\u0cb0\u0cc0\u0ca4\u0cbf\u0caf \u0c95\u0cc1\u0caf\u0cc1\u0c95\u0ccd\u0ca4\u0cbf\u0caf\u0ca8\u0ccd\u0ca8\u0cc1 \u0c95\u0cb2\u0ccd\u0caa\u0cbf\u0cb8\u0cc1\u0ca4\u0ccd\u0ca4\u0cc0\u0cb0\u0cbf? \u0c86\u0ca4\u0ca8\u0cc1 \u0cb8\u0c82\u0caa\u0cc2\u0cb0\u0ccd\u0ca3\u0cb5\u0cbe\u0c97\u0cbf \u0cb9\u0cbe\u0cb3\u0cc1\u0cae\u0cbe\u0ca1\u0cc1\u0cb5\u0ca8\u0cc1; \u0c8e\u0cb0\u0ca1\u0ca8\u0cc6\u0caf \u0cb8\u0cbe\u0cb0\u0cbf \u0c85\u0caa\u0cbe\u0caf\u0cb5\u0cc1 \u0ca4\u0cb2\u0cc6 \u0c8e\u0ca4\u0ccd\u0ca4\u0ca6\u0c82\u0ca4\u0cc6 \u0caa\u0cc2\u0cb0\u0ccd\u0ca3\u0cb5\u0cbe\u0c97\u0cbf \u0ca8\u0cbf\u0cae\u0ccd\u0cae\u0ca8\u0ccd\u0ca8\u0cc1 \u0ca8\u0cbe\u0cb6\u0cae\u0cbe\u0ca1\u0cc1\u0cb5\u0ca8\u0cc1."
                },
                "10": {
                    "verse_nr": "10",
                    "verse": "\u0c86\u0ca4\u0ca8 \u0cb5\u0cc8\u0cb0\u0cbf\u0c97\u0cb3\u0cc1 \u0cae\u0cc1\u0cb3\u0ccd\u0cb3\u0cc1\u0c97\u0cb3\u0c82\u0ca4\u0cc6 \u0cb9\u0cc6\u0ca3\u0cc6\u0ca6\u0cc1\u0c95\u0cca\u0c82\u0ca1\u0cbf\u0ca6\u0ccd\u0ca6\u0cb0\u0cc2, \u0cae\u0ca7\u0ccd\u0caf\u0caa\u0cbe\u0ca8\u0ca6\u0cb2\u0ccd\u0cb2\u0cc7 \u0cae\u0ca4\u0ccd\u0ca4\u0cb0\u0cbe\u0c97\u0cbf \u0cae\u0cc1\u0cb3\u0cc1\u0c97\u0cbf\u0cb9\u0ccb\u0c97\u0cbf\u0ca6\u0ccd\u0ca6\u0cb0\u0cc2, \u0c92\u0ca3\u0c97\u0cbf\u0ca6 \u0cb9\u0cc1\u0cb2\u0ccd\u0cb2\u0c82\u0ca4\u0cc6 \u0cac\u0cc6\u0c82\u0c95\u0cbf\u0c97\u0cc6 \u0ca4\u0cc1\u0ca4\u0ccd\u0ca4\u0cbe\u0c97\u0cc1\u0cb5\u0cb0\u0cc1."
                },
                "11": {
                    "verse_nr": "11",
                    "verse": "\u0ca8\u0cbf\u0ca8\u0cb5\u0cc6\u0caf\u0cc7, \u0caf\u0cc6\u0cb9\u0ccb\u0cb5\u0ca8\u0cbf\u0c97\u0cc6 \u0cb5\u0cbf\u0cb0\u0cc1\u0ca6\u0ccd\u0ca7\u0cb5\u0cbe\u0c97\u0cbf \u0ca6\u0cc1\u0cb7\u0ccd\u0c9f \u0c86\u0cb2\u0ccb\u0c9a\u0ca8\u0cc6 \u0cae\u0cbe\u0ca1\u0cbf \u0c95\u0cc7\u0ca1\u0ca8\u0ccd\u0ca8\u0cc1 \u0c95\u0cb2\u0ccd\u0caa\u0cbf\u0cb8\u0cc1\u0cb5\u0cb5\u0ca8\u0cc1 \u0ca8\u0cbf\u0ca8\u0ccd\u0ca8\u0cca\u0cb3\u0c97\u0cbf\u0c82\u0ca6 \u0cb9\u0cca\u0cb0\u0c9f\u0cbf\u0ca6\u0ccd\u0ca6\u0cbe\u0ca8\u0cc6."
                },
                "12": {
                    "verse_nr": "12",
                    "verse": "\u0caf\u0cc6\u0cb9\u0ccb\u0cb5\u0ca8\u0cc1 \u0c87\u0c82\u0ca4\u0cc6\u0ca8\u0ccd\u0ca8\u0cc1\u0ca4\u0ccd\u0ca4\u0cbe\u0ca8\u0cc6, \u201c\u0ca8\u0cbf\u0ca8\u0ccd\u0ca8 \u0cb6\u0ca4\u0ccd\u0cb0\u0cc1\u0c97\u0cb3\u0cc1 \u0c8e\u0cb7\u0ccd\u0c9f\u0cc1 \u0caa\u0ccd\u0cb0\u0cac\u0cb2\u0cb5\u0cbe\u0c97\u0cbf\u0ca6\u0ccd\u0ca6\u0cb0\u0cc2, \u0c85\u0cb5\u0cb0 \u0cb8\u0c82\u0c96\u0ccd\u0caf\u0cc6 \u0c8e\u0cb7\u0ccd\u0c9f\u0cc1 \u0cb9\u0cc6\u0c9a\u0ccd\u0c9a\u0cbf\u0ca6\u0ccd\u0ca6\u0cb0\u0cc2 \u0c85\u0cb5\u0cb0\u0cc1 \u0c95\u0ca1\u0cbf\u0caf\u0cb2\u0ccd\u0caa\u0ca1\u0cc1\u0cb5\u0cb0\u0cc1. \u0c86 \u0ca6\u0cc1\u0cb0\u0cbe\u0cb2\u0ccb\u0c9a\u0c95\u0ca8\u0cc1 \u0c87\u0cb2\u0ccd\u0cb2\u0cb5\u0cbe\u0c97\u0cc1\u0cb5\u0ca8\u0cc1. \u0ca8\u0cbf\u0ca8\u0ccd\u0ca8\u0ca8\u0ccd\u0ca8\u0cc1 \u0cac\u0cbe\u0ca7\u0cbf\u0cb8\u0cbf\u0ca6\u0ccd\u0ca6\u0cc7\u0ca8\u0cc6, \u0c86\u0ca6\u0cb0\u0cc6 \u0c87\u0ca8\u0ccd\u0ca8\u0cc1 \u0cac\u0cbe\u0ca7\u0cbf\u0cb8\u0cc6\u0ca8\u0cc1."
                },
                "13": {
                    "verse_nr": "13",
                    "verse": "\u0c85\u0cb5\u0ca8\u0cc1 \u0cb9\u0cc7\u0cb0\u0cbf\u0ca6 \u0ca8\u0cca\u0c97\u0cb5\u0ca8\u0ccd\u0ca8\u0cc1 \u0c88\u0c97 \u0ca8\u0cbf\u0ca8\u0ccd\u0ca8 \u0cae\u0cc7\u0cb2\u0cbf\u0ca8\u0cbf\u0c82\u0ca6 \u0cae\u0cc1\u0cb0\u0cbf\u0ca6\u0cc1 \u0c95\u0c9f\u0ccd\u0c9f\u0cbf\u0ca6\u0ccd\u0ca6 \u0c95\u0ca3\u0ccd\u0ca3\u0cbf\u0c97\u0cb3\u0ca8\u0ccd\u0ca8\u0cc1 \u0c95\u0cbf\u0ca4\u0ccd\u0ca4\u0cc1\u0cb9\u0cbe\u0c95\u0cc1\u0cb5\u0cc6\u0ca8\u0cc1.\u201d"
                },
                "14": {
                    "verse_nr": "14",
                    "verse": "\u0c85\u0cb6\u0ccd\u0cb6\u0cc2\u0cb0\u0cb5\u0cc7, \u0ca8\u0cbf\u0ca8\u0ccd\u0ca8 \u0cb9\u0cc6\u0cb8\u0cb0\u0cbf\u0ca8 \u0cb8\u0c82\u0ca4\u0cbe\u0ca8 \u0cac\u0cc0\u0c9c\u0cb5\u0cc1 \u0c87\u0ca8\u0ccd\u0ca8\u0cc1 \u0cac\u0cbf\u0ca4\u0ccd\u0ca4\u0cb2\u0ccd\u0caa\u0ca1\u0cac\u0cbe\u0cb0\u0ca6\u0cc6\u0c82\u0ca6\u0cc1 \u0caf\u0cc6\u0cb9\u0ccb\u0cb5\u0ca8\u0cbe\u0ca6 \u0ca8\u0cbe\u0ca8\u0cc1 \u0c86\u0c9c\u0ccd\u0c9e\u0cbe\u0caa\u0cbf\u0cb8\u0cbf\u0ca6\u0ccd\u0ca6\u0cc7\u0ca8\u0cc6; \u0ca8\u0cbf\u0ca8\u0ccd\u0ca8 \u0ca6\u0cc7\u0cb5\u0cb0 \u0cae\u0c82\u0ca6\u0cbf\u0cb0\u0ca6\u0cca\u0cb3\u0c97\u0cbf\u0c82\u0ca6 \u0c95\u0cc6\u0ca4\u0ccd\u0ca4\u0cbf\u0ca6 \u0cb5\u0cbf\u0c97\u0ccd\u0cb0\u0cb9\u0cb5\u0ca8\u0ccd\u0ca8\u0cc2, \u0c8e\u0cb0\u0c95\u0ca6 \u0cac\u0cca\u0c82\u0cac\u0cc6\u0caf\u0ca8\u0ccd\u0ca8\u0cc2 \u0c95\u0ca1\u0cbf\u0ca6\u0cc1\u0cac\u0cbf\u0ca1\u0cc1\u0cb5\u0cc6\u0ca8\u0cc1; \u0ca8\u0cbf\u0ca8\u0c97\u0cc6 \u0cb8\u0cae\u0cbe\u0ca7\u0cbf\u0caf\u0ca8\u0ccd\u0ca8\u0cc1 \u0cb8\u0cbf\u0ca6\u0ccd\u0ca7\u0cae\u0cbe\u0ca1\u0cc1\u0cb5\u0cc6\u0ca8\u0cc1; \u0ca8\u0cbf\u0ca8\u0ccd\u0ca8 \u0caa\u0cbe\u0caa\u0c97\u0cb3\u0cc1 \u0ca6\u0cc1\u0cb0\u0ccd\u0cb5\u0cbe\u0cb8\u0ca8\u0cc6 \u0cac\u0cc0\u0cb0\u0cc1\u0ca4\u0ccd\u0ca4\u0cbf\u0cb5\u0cc6."
                },
                "15": {
                    "verse_nr": "15",
                    "verse": "\u0ca8\u0ccb\u0ca1\u0cbf\u0cb0\u0cbf \u0c86 \u0cb6\u0cc1\u0cad\u0cb8\u0cae\u0cbe\u0c9a\u0cbe\u0cb0\u0cb5\u0ca8\u0ccd\u0ca8\u0cc1 \u0ca4\u0c82\u0ca6\u0cc1, \u0cb8\u0cae\u0cbe\u0ca7\u0cbe\u0ca8\u0cb5\u0ca8\u0ccd\u0ca8\u0cc1 \u0caa\u0cb0\u0ccd\u0cb5\u0ca4\u0c97\u0cb3 \u0cae\u0cc7\u0cb2\u0cc6 \u0cb8\u0cbe\u0cb0\u0cc1\u0cb5 \u0ca6\u0cc2\u0ca4\u0ca8 \u0caa\u0cbe\u0ca6\u0c97\u0cb3\u0cc1 \u0cae\u0cc7\u0cb2\u0cc6 \u0ca4\u0ccd\u0cb5\u0cb0\u0cc6\u0caa\u0ca1\u0cc1\u0ca4\u0ccd\u0ca4\u0cb5\u0cc6! \u0caf\u0cc6\u0cb9\u0cc2\u0ca6\u0cb5\u0cc7, \u0ca8\u0cbf\u0ca8\u0ccd\u0ca8 \u0cb9\u0cac\u0ccd\u0cac\u0c97\u0cb3\u0ca8\u0ccd\u0ca8\u0cc1 \u0c86\u0c9a\u0cb0\u0cbf\u0cb8\u0cbf\u0c95\u0ccb, \u0ca8\u0cbf\u0ca8\u0ccd\u0ca8 \u0cb9\u0cb0\u0c95\u0cc6\u0c97\u0cb3\u0ca8\u0ccd\u0ca8\u0cc1 \u0cb8\u0cb2\u0ccd\u0cb2\u0cbf\u0cb8\u0cc1; \u0c86 \u0ca6\u0cc1\u0cb7\u0ccd\u0c9f\u0cb0\u0cc1 \u0c87\u0ca8\u0ccd\u0ca8\u0cc1 \u0cae\u0cc1\u0c82\u0ca6\u0cc6 \u0ca8\u0cbf\u0ca8\u0ccd\u0ca8\u0ca8\u0ccd\u0ca8\u0cc1 \u0cae\u0cc1\u0ca4\u0ccd\u0ca4\u0cbf\u0c97\u0cc6 \u0cb9\u0cbe\u0c95\u0cbf \u0cb8\u0ccb\u0cb2\u0cbf\u0cb8\u0cb2\u0cc1 \u0cb8\u0cbe\u0ca7\u0ccd\u0caf\u0cb5\u0cbf\u0cb2\u0ccd\u0cb2, \u0c8f\u0c95\u0cc6\u0c82\u0ca6\u0cb0\u0cc6 \u0c85\u0cb5\u0ca8\u0cc1 \u0cb8\u0c82\u0caa\u0cc2\u0cb0\u0ccd\u0ca3 \u0ca8\u0cbe\u0cb6\u0cb5\u0cbe\u0c97\u0cbf\u0ca6\u0ccd\u0ca6\u0cbe\u0ca8\u0cc6."
                }
            }
        },
        "2": {
            "chapter_nr": "2",
            "chapter": {
                "1": {
                    "verse_nr": "1",
                    "verse": "\u0ca8\u0cbf\u0ca8\u0cb5\u0cc6\u0caf\u0cc7, \u0ca8\u0cbf\u0ca8\u0ccd\u0ca8\u0ca8\u0ccd\u0ca8\u0cc1 \u0c9a\u0ca6\u0cb0\u0cbf\u0cb8\u0cc1\u0cb5\u0cb5\u0ca8\u0cc1 \u0ca8\u0cbf\u0ca8\u0c97\u0cc6 \u0cae\u0cc1\u0c96\u0cbe\u0cae\u0cc1\u0c96\u0cbf\u0caf\u0cbe\u0c97\u0cbf \u0cac\u0c82\u0ca6\u0cbf\u0ca6\u0ccd\u0ca6\u0cbe\u0ca8\u0cc6; \u0caa\u0ccc\u0cb3\u0cbf\u0c97\u0ccb\u0ca1\u0cc6\u0caf\u0ca8\u0ccd\u0ca8\u0cc1 \u0cb0\u0c95\u0ccd\u0cb7\u0cbf\u0cb8\u0cb2\u0cc1 \u0cb8\u0cbf\u0ca6\u0ccd\u0ca7\u0ca8\u0cbe\u0c97\u0cc1. \u0ca6\u0cbe\u0cb0\u0cbf\u0caf \u0cae\u0cc7\u0cb2\u0cc6 \u0c95\u0ca3\u0ccd\u0ca3\u0cbf\u0ca1\u0cc1, \u0ca8\u0cbf\u0ca8\u0ccd\u0ca8 \u0cb8\u0cca\u0c82\u0c9f\u0cb5\u0ca8\u0ccd\u0ca8\u0cc1 \u0cac\u0cb2\u0caa\u0ca1\u0cbf\u0cb8\u0cbf\u0c95\u0ccb, \u0ca8\u0cbf\u0ca8\u0ccd\u0ca8 \u0cb6\u0c95\u0ccd\u0ca4\u0cbf\u0caf\u0ca8\u0ccd\u0ca8\u0cc1 \u0c9a\u0cc6\u0ca8\u0ccd\u0ca8\u0cbe\u0c97\u0cbf \u0ca6\u0cc3\u0ca2\u0cae\u0cbe\u0ca1\u0cbf\u0c95\u0ccb."
                },
                "2": {
                    "verse_nr": "2",
                    "verse": "\u0c86\u0cb9\u0cbe, \u0caf\u0cc6\u0cb9\u0ccb\u0cb5\u0ca8\u0cc1 \u0caf\u0cbe\u0c95\u0ccb\u0cac\u0cbf\u0ca8 \u0c85\u0ca4\u0cbf\u0cb6\u0caf\u0cb5\u0ca8\u0ccd\u0ca8\u0cc1, \u0c87\u0cb8\u0ccd\u0cb0\u0cbe\u0caf\u0cc7\u0cb2\u0cbf\u0ca8 \u0c85\u0ca4\u0cbf\u0cb6\u0caf\u0ca6\u0c82\u0ca4\u0cc6 \u0caa\u0cc1\u0ca8\u0cb0\u0cc1\u0c9c\u0ccd\u0c9c\u0cc0\u0cb5\u0ca8\u0c97\u0ccb\u0cb3\u0cbf\u0cb8\u0cc1\u0cb5\u0ca8\u0cc1; \u0c95\u0cca\u0cb3\u0ccd\u0cb3\u0cc6\u0cb9\u0cca\u0ca1\u0cc6\u0caf\u0cc1\u0cb5\u0cb5\u0cb0\u0cc1 \u0c86 \u0c85\u0ca4\u0cbf\u0cb6\u0caf\u0cb5\u0ca8\u0ccd\u0ca8\u0cc1 \u0cb8\u0cc2\u0cb0\u0cc6\u0c97\u0cc8\u0ca6\u0cc1 \u0c85\u0cb5\u0cc1\u0c97\u0cb3 \u0ca6\u0ccd\u0cb0\u0cbe\u0c95\u0ccd\u0cb7\u0cbe\u0cb2\u0ca4\u0cc6\u0c97\u0cb3\u0ca8\u0ccd\u0ca8\u0cc1 \u0cb9\u0cbe\u0cb3\u0cc1\u0cae\u0cbe\u0ca1\u0cbf\u0ca6\u0ccd\u0ca6\u0cbe\u0cb0\u0cc6."
                },
                "3": {
                    "verse_nr": "3",
                    "verse": "\u0cb6\u0ca4\u0ccd\u0cb0\u0cc1\u0cb5\u0cbf\u0ca8 \u0cb6\u0cc2\u0cb0\u0cb0 \u0c97\u0cc1\u0cb0\u0cbe\u0ca3\u0cbf\u0caf\u0cc1 \u0cb0\u0c95\u0ccd\u0ca4\u0cb5\u0cb0\u0ccd\u0ca3\u0cb5\u0cbe\u0c97\u0cbf\u0ca6\u0cc6, \u0caa\u0cb0\u0cbe\u0c95\u0ccd\u0cb0\u0cae\u0cbf\u0c97\u0cb3 \u0c89\u0ca1\u0cc1\u0caa\u0cc1\u0c97\u0cb3\u0cc1 \u0c95\u0cbf\u0cb0\u0cbf\u0cae\u0c82\u0c9c\u0cbf\u0ca8\u0c82\u0ca4\u0cc6; \u0c85\u0cb5\u0ca8 \u0cb8\u0cbf\u0ca6\u0ccd\u0ca7\u0ca4\u0cc6\u0caf \u0ca6\u0cbf\u0ca8\u0c97\u0cb3\u0cb2\u0ccd\u0cb2\u0cbf \u0cb8\u0cc8\u0caa\u0ccd\u0cb0\u0cb8\u0ccd \u0cae\u0cb0\u0ca6\u0ca6\u0cbf\u0c82\u0ca6 \u0cae\u0cbe\u0ca1\u0cbf\u0ca6 \u0c88\u0c9f\u0cbf\u0c97\u0cb3\u0cc1 \u0c9d\u0cb3\u0caa\u0cbf\u0cb8\u0cc1\u0ca4\u0ccd\u0ca4\u0cb5\u0cc6 \u0cae\u0ca4\u0ccd\u0ca4\u0cc1 \u0caa\u0c9f\u0ccd\u0c9f\u0ca3\u0ca6\u0cb2\u0ccd\u0cb2\u0cbf \u0c85\u0cb5\u0cb0\u0cc1 \u0ca8\u0ca1\u0cc6\u0ca6\u0cc1 \u0cb9\u0ccb\u0c97\u0cc1\u0cb5\u0cbe\u0c97 \u0c85\u0cb5\u0cb0 \u0cb0\u0ca5\u0c97\u0cb3 \u0c89\u0c95\u0ccd\u0c95\u0cc1 \u0ca5\u0cb3\u0ca5\u0cb3\u0cbf\u0cb8\u0cc1\u0ca4\u0ccd\u0ca4\u0ca6\u0cc6."
                },
                "4": {
                    "verse_nr": "4",
                    "verse": "\u0caa\u0c9f\u0ccd\u0c9f\u0ca3\u0ca6 \u0cb9\u0cca\u0cb0\u0c97\u0cc6 \u0cb0\u0ca5\u0c97\u0cb3\u0cc1 \u0cb0\u0cad\u0cb8\u0ca6\u0cbf\u0c82\u0ca6 \u0ca4\u0cbf\u0cb0\u0cc1\u0c97\u0cbe\u0ca1\u0cc1\u0ca4\u0ccd\u0ca4\u0cb5\u0cc6, \u0cae\u0cc8\u0ca6\u0cbe\u0ca8\u0c97\u0cb3\u0cb2\u0ccd\u0cb2\u0cbf \u0ca7\u0ca1\u0ca7\u0ca1 \u0c93\u0ca1\u0cbe\u0ca1\u0cc1\u0ca4\u0ccd\u0ca4\u0cb5\u0cc6; \u0caa\u0c82\u0c9c\u0cc1\u0c97\u0cb3\u0c82\u0ca4\u0cc6 \u0cac\u0cc6\u0cb3\u0c97\u0cc1\u0ca4\u0ccd\u0ca4\u0cb5\u0cc6, \u0cae\u0cbf\u0c82\u0c9a\u0cc1\u0c97\u0cb3 \u0cb9\u0cbe\u0c97\u0cc6 \u0cb9\u0cbe\u0cb0\u0cc1\u0ca4\u0ccd\u0ca4\u0cb5\u0cc6."
                },
                "5": {
                    "verse_nr": "5",
                    "verse": "\u0caa\u0c9f\u0ccd\u0c9f\u0ca3\u0ca6 \u0c85\u0cb0\u0cb8\u0ca8\u0cc1 \u0ca4\u0ca8\u0ccd\u0ca8 \u0cb8\u0cb0\u0ca6\u0cbe\u0cb0\u0cb0\u0ca8\u0ccd\u0ca8\u0cc1 \u0c95\u0cb0\u0cc6\u0c95\u0cb3\u0cc1\u0cb9\u0cbf\u0cb8\u0cbf\u0ca6\u0ccd\u0ca6\u0cbe\u0ca8\u0cc6; \u0c85\u0cb5\u0cb0\u0cc1 \u0c93\u0ca1\u0cbf \u0cb9\u0ccb\u0c97\u0cc1\u0ca4\u0ccd\u0ca4\u0cbe \u0cae\u0cc1\u0c97\u0ccd\u0c97\u0cb0\u0cbf\u0cb8\u0cc1\u0ca4\u0ccd\u0ca4\u0cbe\u0cb0\u0cc6; \u0caa\u0ccc\u0cb3\u0cbf\u0c97\u0ccb\u0ca1\u0cc6 \u0c95\u0ca1\u0cc6\u0c97\u0cc6 \u0ca4\u0ccd\u0cb5\u0cb0\u0cc6\u0caf\u0cbe\u0c97\u0cbf \u0c93\u0ca1\u0cc1\u0ca4\u0ccd\u0ca4\u0cbe\u0cb0\u0cc6; \u0cae\u0cb0\u0cc6\u0caf\u0cc1 \u0ca8\u0cbf\u0cb2\u0ccd\u0cb2\u0cbf\u0cb8\u0cb2\u0ccd\u0caa\u0c9f\u0ccd\u0c9f\u0cbf\u0ca6\u0cc6."
                },
                "6": {
                    "verse_nr": "6",
                    "verse": "\u0ca8\u0ca6\u0cbf \u0ca6\u0ccd\u0cb5\u0cbe\u0cb0\u0c97\u0cb3\u0cc1 \u0ca4\u0cc6\u0cb0\u0cc6\u0caf\u0cb2\u0ccd\u0caa\u0c9f\u0ccd\u0c9f\u0cbf\u0cb5\u0cc6; \u0c85\u0cb0\u0cae\u0ca8\u0cc6\u0caf \u0c97\u0ccb\u0ca1\u0cc6 \u0c95\u0cc1\u0cb8\u0cbf\u0ca6\u0cc1\u0cac\u0cbf\u0ca6\u0ccd\u0ca6\u0cbf\u0ca6\u0cc6."
                },
                "7": {
                    "verse_nr": "7",
                    "verse": "\u0cb5\u0cb8\u0ccd\u0ca4\u0ccd\u0cb0\u0cb5\u0ca8\u0ccd\u0ca8\u0cc1 \u0c95\u0cbf\u0ca4\u0ccd\u0ca4\u0cc1 \u0cb0\u0cbe\u0ca3\u0cbf\u0caf\u0ca8\u0ccd\u0ca8\u0cc1 \u0cac\u0caf\u0cb2\u0cbf\u0c97\u0cc6 \u0ca4\u0cb0\u0cb2\u0cc1 \u0c86\u0c95\u0cc6\u0caf \u0cb8\u0cc7\u0cb5\u0c95\u0cbf\u0caf\u0cb0\u0cc1 \u0c8e\u0ca6\u0cc6 \u0cac\u0ca1\u0cc6\u0ca6\u0cc1\u0c95\u0cca\u0c82\u0ca1\u0cc1 \u0caa\u0cbe\u0cb0\u0cbf\u0cb5\u0cbe\u0cb3\u0c97\u0cb3\u0c82\u0ca4\u0cc6 \u0cb0\u0ccb\u0ca6\u0cbf\u0cb8\u0cc1\u0ca4\u0ccd\u0ca4\u0cbe\u0cb0\u0cc6."
                },
                "8": {
                    "verse_nr": "8",
                    "verse": "\u0caa\u0cc1\u0cb0\u0cbe\u0ca4\u0ca8 \u0c95\u0cbe\u0cb2\u0ca6\u0cbf\u0c82\u0ca6 \u0ca8\u0cbf\u0ca8\u0cb5\u0cc6 \u0caa\u0c9f\u0ccd\u0c9f\u0ca3\u0cb5\u0cc2 \u0c95\u0c9f\u0ccd\u0c9f\u0cc6 \u0c92\u0ca1\u0cc6\u0ca6\u0cc1 \u0ca8\u0cc0\u0cb0\u0cc1 \u0ca4\u0cc1\u0c82\u0cac\u0cbf\u0ca6 \u0c95\u0cc6\u0cb0\u0cc6\u0caf\u0c82\u0ca4\u0cc6 \u0c87\u0ca6\u0cc6. \u0c86\u0cb9\u0cbe! \u0cb9\u0cb0\u0cbf\u0ca6\u0cc1 \u0c93\u0ca1\u0cc1\u0cb5 \u0ca8\u0cc0\u0cb0\u0cbf\u0ca8\u0c82\u0ca4\u0cc6 \u0c85\u0ca6\u0cb0 \u0ca8\u0cbf\u0cb5\u0cbe\u0cb8\u0cbf\u0c97\u0cb3\u0cc1 \u0c93\u0ca1\u0cbf\u0cb9\u0ccb\u0c97\u0cc1\u0ca4\u0ccd\u0ca4\u0cbe\u0cb0\u0cc6; \u0ca8\u0cbf\u0cb2\u0ccd\u0cb2\u0cbf\u0cb0\u0cbf, \u0ca8\u0cbf\u0cb2\u0ccd\u0cb2\u0cbf\u0cb0\u0cbf \u0c8e\u0c82\u0ca6\u0cc1 \u0c85\u0caa\u0ccd\u0caa\u0ca3\u0cc6\u0caf\u0cbe\u0ca6\u0cb0\u0cc2 \u0caf\u0cbe\u0cb0\u0cc2 \u0cb9\u0cbf\u0c82\u0ca6\u0cc6 \u0ca8\u0ccb\u0ca1\u0cb0\u0cc1."
                },
                "9": {
                    "verse_nr": "9",
                    "verse": "\u0cac\u0cc6\u0cb3\u0ccd\u0cb3\u0cbf\u0caf\u0ca8\u0ccd\u0ca8\u0cc1 \u0cb8\u0cc2\u0cb0\u0cc6\u0cae\u0cbe\u0ca1\u0cbf\u0cb0\u0cbf, \u0cac\u0c82\u0c97\u0cbe\u0cb0\u0cb5\u0ca8\u0ccd\u0ca8\u0cc1 \u0c95\u0cca\u0cb3\u0ccd\u0cb3\u0cc6 \u0cb9\u0cca\u0ca1\u0cc6\u0caf\u0cbf\u0cb0\u0cbf; \u0c95\u0cc2\u0ca1\u0cbf\u0cb8\u0cbf\u0c9f\u0ccd\u0c9f \u0ca7\u0ca8\u0c95\u0ccd\u0c95\u0cc2 \u0cb8\u0c95\u0cb2 \u0cb5\u0cbf\u0ca7\u0cb5\u0cbe\u0ca6 \u0cb6\u0ccd\u0cb0\u0cc7\u0cb7\u0ccd\u0ca0\u0cb5\u0cb8\u0ccd\u0ca4\u0cc1\u0c97\u0cb3 \u0ca8\u0cbf\u0ca7\u0cbf\u0c97\u0cc2 \u0cae\u0cbf\u0ca4\u0cbf\u0caf\u0cc7 \u0c87\u0cb2\u0ccd\u0cb2."
                },
                "10": {
                    "verse_nr": "10",
                    "verse": "\u0ca8\u0cbf\u0ca8\u0cb5\u0cc6\u0caf\u0cc1 \u0cac\u0cb0\u0cbf\u0ca6\u0cbe\u0c97\u0cbf\u0ca6\u0cc6, \u0cac\u0c9f\u0ccd\u0c9f\u0cac\u0cb0\u0cbf\u0ca6\u0cbe\u0c97\u0cbf \u0cac\u0cc0\u0cb3\u0cc1\u0cac\u0cbf\u0ca6\u0ccd\u0ca6\u0cbf\u0ca6\u0cc6; \u0c8e\u0ca6\u0cc6\u0caf\u0cc1 \u0c95\u0cb0\u0c97\u0cbf \u0ca8\u0cc0\u0cb0\u0cbe\u0c97\u0cbf \u0cb9\u0ccb\u0c97\u0cbf\u0ca6\u0cc6, \u0cae\u0cca\u0ca3\u0c95\u0cbe\u0cb2\u0cc1\u0c97\u0cb3\u0cc1 \u0c85\u0ca6\u0cb0\u0cc1\u0ca4\u0ccd\u0ca4\u0cb5\u0cc6, \u0c8e\u0cb2\u0ccd\u0cb2\u0cb0 \u0cb8\u0cca\u0c82\u0c9f\u0c97\u0cb3\u0cbf\u0c97\u0cc2 \u0cb5\u0cc7\u0ca6\u0ca8\u0cc6\u0caf\u0cbe\u0c97\u0cbf\u0ca6\u0cc6, \u0c8e\u0cb2\u0ccd\u0cb2\u0cb0 \u0cae\u0cc1\u0c96\u0c97\u0cb3\u0cc2 \u0cac\u0cbe\u0ca1\u0cbf\u0cb5\u0cc6."
                },
                "11": {
                    "verse_nr": "11",
                    "verse": "\u0cae\u0cc3\u0c97\u0cb0\u0cbe\u0c9c\u0cb0 \u0caa\u0ccd\u0cb0\u0cbe\u0caf\u0ca6 \u0cb8\u0cbf\u0c82\u0cb9\u0c97\u0cb3 \u0c97\u0cb5\u0cbf \u0c8e\u0cb2\u0ccd\u0cb2\u0cbf? \u0cb8\u0cbf\u0c82\u0cb9, \u0cb8\u0cbf\u0c82\u0cb9\u0cbf\u0ca3\u0cbf, \u0cb8\u0cbf\u0c82\u0cb9\u0ca6 \u0cae\u0cb0\u0cbf \u0c87\u0cb5\u0cc1\u0c97\u0cb3\u0cc1 \u0caf\u0cbe\u0cb0\u0cbf\u0c97\u0cc2 \u0cb9\u0cc6\u0ca6\u0cb0\u0ca6\u0cc6 \u0ca4\u0cbf\u0cb0\u0cc1\u0c97\u0cc1\u0ca4\u0ccd\u0ca4\u0cbf\u0ca6\u0ccd\u0ca6 \u0cb8\u0ccd\u0ca5\u0cb3\u0cb5\u0cc6\u0cb2\u0ccd\u0cb2\u0cbf?"
                },
                "12": {
                    "verse_nr": "12",
                    "verse": "\u0c85\u0cb2\u0ccd\u0cb2\u0cbf \u0cb8\u0cbf\u0c82\u0cb9\u0cb5\u0cc1 \u0ca4\u0ca8\u0ccd\u0ca8 \u0cae\u0cb0\u0cbf\u0c97\u0cb3\u0cbf\u0c97\u0cbe\u0c97\u0cbf \u0cac\u0cc7\u0c95\u0cbe\u0ca6\u0cb7\u0ccd\u0c9f\u0cc1 \u0cac\u0cc7\u0c9f\u0cc6\u0caf\u0ca8\u0ccd\u0ca8\u0cc1 \u0cb8\u0cc0\u0cb3\u0cc1\u0ca4\u0ccd\u0ca4\u0cbf\u0ca4\u0ccd\u0ca4\u0cc1, \u0ca4\u0ca8\u0ccd\u0ca8 \u0cb8\u0cbf\u0c82\u0cb9\u0cbf\u0ca3\u0cbf\u0c97\u0cb3\u0cbf\u0c97\u0cbe\u0c97\u0cbf \u0cae\u0cc3\u0c97\u0c97\u0cb3 \u0c95\u0cc1\u0ca4\u0ccd\u0ca4\u0cbf\u0c97\u0cc6\u0caf\u0ca8\u0ccd\u0ca8\u0cc1 \u0cb8\u0cc0\u0cb3\u0cc1\u0ca4\u0cbf\u0ca4\u0ccd\u0ca4\u0cc1; \u0ca4\u0ca8\u0ccd\u0ca8 \u0c97\u0cb5\u0cbf\u0c97\u0cb3\u0ca8\u0ccd\u0ca8\u0cc1 \u0cac\u0cc7\u0c9f\u0cc6\u0caf\u0cbf\u0c82\u0ca6\u0cb2\u0cc2 \u0ca4\u0ca8\u0ccd\u0ca8 \u0c97\u0cc1\u0cb9\u0cc6\u0caf\u0ca8\u0ccd\u0ca8\u0cc1 \u0c95\u0cca\u0c82\u0ca6 \u0cae\u0cc3\u0c97\u0c97\u0cb3\u0cbf\u0c82\u0ca6\u0cb2\u0cc2 \u0ca4\u0cc1\u0c82\u0cac\u0cbf\u0cb8\u0cbf\u0ca4\u0cc1."
                },
                "13": {
                    "verse_nr": "13",
                    "verse": "\u0cb8\u0cc7\u0ca8\u0cbe\u0ca7\u0cc0\u0cb6\u0ccd\u0cb5\u0cb0\u0ca8\u0cbe\u0ca6 \u0caf\u0cc6\u0cb9\u0ccb\u0cb5\u0ca8\u0cc1 \u0c87\u0c82\u0ca4\u0cc6\u0ca8\u0ccd\u0ca8\u0cc1\u0ca4\u0ccd\u0ca4\u0cbe\u0ca8\u0cc6, \u201c\u0c86\u0cb9\u0cbe! \u0ca8\u0cbe\u0ca8\u0cc1 \u0ca8\u0cbf\u0ca8\u0c97\u0cc6 \u0cb5\u0cbf\u0cb0\u0cc1\u0ca6\u0ccd\u0ca7\u0ca8\u0cbe\u0c97\u0cbf\u0ca6\u0ccd\u0ca6\u0cc7\u0ca8\u0cc6, \u0ca8\u0cbf\u0ca8\u0ccd\u0ca8 \u0cb0\u0ca5\u0c97\u0cb3\u0ca8\u0ccd\u0ca8\u0cc1 \u0cb8\u0cc1\u0c9f\u0ccd\u0c9f\u0cc1 \u0cb9\u0cca\u0c97\u0cc6\u0cb9\u0cbe\u0caf\u0cbf\u0cb8\u0cc1\u0cb5\u0cc6\u0ca8\u0cc1, \u0c95\u0ca4\u0ccd\u0ca4\u0cbf\u0caf\u0cc1 \u0ca8\u0cbf\u0ca8\u0ccd\u0ca8 \u0caa\u0ccd\u0cb0\u0cbe\u0caf\u0ca6 \u0cb8\u0cbf\u0c82\u0cb9\u0c97\u0cb3\u0ca8\u0ccd\u0ca8\u0cc1 \u0cb8\u0cc0\u0cb3\u0cbf \u0ca8\u0cc1\u0c82\u0c97\u0cbf \u0cac\u0cbf\u0ca1\u0cc1\u0cb5\u0cb5\u0cc1; \u0ca8\u0cbf\u0ca8\u0c97\u0cc6 \u0cb8\u0cbf\u0c95\u0ccd\u0c95\u0cbf\u0ca6 \u0cac\u0cc7\u0c9f\u0cc6\u0caf\u0ca8\u0ccd\u0ca8\u0cc1 \u0cb2\u0ccb\u0c95\u0ca6\u0cca\u0cb3\u0c97\u0cbf\u0c82\u0ca6 \u0ca8\u0cbf\u0cb0\u0ccd\u0cae\u0cc2\u0cb2\u0cae\u0cbe\u0ca1\u0cc1\u0cb5\u0cc6\u0ca8\u0cc1; \u0ca8\u0cbf\u0ca8\u0ccd\u0ca8 \u0cb0\u0cbe\u0caf\u0cad\u0cbe\u0cb0\u0cbf\u0c97\u0cb3 \u0ca7\u0ccd\u0cb5\u0ca8\u0cbf\u0caf\u0cc1 \u0c87\u0ca8\u0ccd\u0ca8\u0cc1 \u0c95\u0cc7\u0cb3\u0cbf\u0cb8\u0cc1\u0cb5\u0cc1\u0ca6\u0cbf\u0cb2\u0ccd\u0cb2.\u201d"
                }
            }
        },
        "3": {
            "chapter_nr": "3",
            "chapter": {
                "1": {
                    "verse_nr": "1",
                    "verse": "\u0c85\u0caf\u0ccd\u0caf\u0ccb, \u0cb0\u0c95\u0ccd\u0ca4\u0cae\u0caf \u0caa\u0c9f\u0ccd\u0c9f\u0ca3\u0cb5\u0cc6 \u0ca8\u0cbf\u0ca8\u0ccd\u0ca8 \u0c97\u0ca4\u0cbf\u0caf\u0ca8\u0ccd\u0ca8\u0cc1 \u0c8f\u0ca8\u0cc6\u0c82\u0ca6\u0cc1 \u0cb9\u0cc7\u0cb3\u0cb2\u0cbf! \u0c85\u0ca6\u0cc1 \u0cb8\u0cc1\u0cb3\u0ccd\u0cb3\u0cbf\u0ca8\u0cbf\u0c82\u0ca6\u0cb2\u0cc2, \u0cb8\u0cc1\u0cb2\u0cbf\u0c97\u0cc6\u0caf\u0cbf\u0c82\u0ca6\u0cb2\u0cc2 \u0ca4\u0cc1\u0c82\u0cac\u0cbf\u0ca6\u0cc6; \u0c95\u0cca\u0cb3\u0ccd\u0cb3\u0cc6\u0cb9\u0cca\u0ca1\u0cc6\u0caf\u0cc1\u0cb5\u0cc1\u0ca6\u0ca8\u0ccd\u0ca8\u0cc1 \u0cac\u0cbf\u0ca1\u0cc1\u0cb5\u0cc1\u0ca6\u0cc7 \u0c87\u0cb2\u0ccd\u0cb2."
                },
                "2": {
                    "verse_nr": "2",
                    "verse": "\u0c86\u0cb9\u0cbe! \u0c9a\u0cbe\u0c9f\u0cbf\u0caf \u0c9a\u0c9f\u0c9a\u0c9f \u0cb6\u0cac\u0ccd\u0ca6, \u0c9a\u0c95\u0ccd\u0cb0\u0c97\u0cb3 \u0c9a\u0cc0\u0ca4\u0ccd\u0c95\u0cbe\u0cb0, \u0c95\u0cc1\u0ca6\u0cc1\u0cb0\u0cc6\u0c97\u0cb3 \u0cad\u0cb0\u0ca7\u0ccc\u0ca1\u0cc1, \u0cb0\u0ca5\u0c97\u0cb3 \u0cb9\u0cbe\u0cb0\u0cbe\u0c9f,"
                },
                "3": {
                    "verse_nr": "3",
                    "verse": "\u0cb0\u0cbe\u0cb9\u0cc1\u0ca4\u0cb0 \u0cb0\u0cad\u0cb8, \u0ca5\u0cb3\u0ca5\u0cb3\u0cbf\u0cb8\u0cc1\u0cb5 \u0c95\u0ca4\u0ccd\u0ca4\u0cbf, \u0cae\u0cbf\u0c82\u0c9a\u0cc1\u0cb5 \u0c88\u0c9f\u0cbf, \u0c85\u0cb8\u0c82\u0c96\u0ccd\u0caf\u0cbe\u0ca4\u0cb5\u0cbe\u0c97\u0cbf \u0cb9\u0ca4\u0cb0\u0cbe\u0ca6 \u0cb8\u0cc8\u0ca8\u0cbf\u0c95\u0cb0 \u0cb6\u0cb5\u0c97\u0cb3 \u0cae\u0cb9\u0cbe\u0cb0\u0cbe\u0cb6\u0cbf, \u0cb8\u0ca4\u0ccd\u0ca4\u0cb5\u0cb0\u0cc1 \u0cb2\u0cc6\u0c95\u0ccd\u0c95\u0cb5\u0cc7 \u0c87\u0cb2\u0ccd\u0cb2, \u0ca8\u0cc1\u0c97\u0ccd\u0c97\u0cc1\u0cb5\u0cb5\u0cb0\u0cc1 \u0c85\u0cb5\u0cb0 \u0cb9\u0cc6\u0ca3\u0c97\u0cb3\u0ca8\u0ccd\u0ca8\u0cc1 \u0c8e\u0ca1\u0cb5\u0cc1\u0ca4\u0ccd\u0ca4\u0cbe\u0cb0\u0cc6."
                },
                "4": {
                    "verse_nr": "4",
                    "verse": "\u0c85\u0ca4\u0cbf\u0cb8\u0cc1\u0c82\u0ca6\u0cb0\u0cbf\u0caf\u0cc2, \u0cae\u0c82\u0ca4\u0ccd\u0cb0\u0ca4\u0c82\u0ca4\u0ccd\u0cb0 \u0ca8\u0cbf\u0caa\u0cc1\u0ca3\u0cb3\u0cc2 \u0c9c\u0ca8\u0cbe\u0c82\u0c97\u0c97\u0cb3\u0ca8\u0ccd\u0ca8\u0cc1 \u0ca4\u0ca8\u0ccd\u0ca8 \u0cb5\u0cc7\u0cb6\u0ccd\u0caf\u0cbe\u0cb5\u0cbe\u0c9f\u0cbf\u0c95\u0cc6\u0caf\u0cbf\u0c82\u0ca6 \u0c95\u0cc1\u0cb2\u0c97\u0cb3\u0ca8\u0ccd\u0ca8\u0cc1 \u0ca4\u0ca8\u0ccd\u0ca8 \u0cae\u0c82\u0ca4\u0ccd\u0cb0\u0ca4\u0c82\u0ca4\u0ccd\u0cb0\u0c97\u0cb3\u0cbf\u0c82\u0ca6 \u0c97\u0cc1\u0cb2\u0cbe\u0cae\u0ca4\u0ca8\u0c95\u0ccd\u0c95\u0cc6 \u0ca4\u0c82\u0ca6\u0cb5\u0cb3\u0cc2 \u0c86\u0ca6 \u0cb5\u0cc7\u0cb6\u0ccd\u0caf\u0cc6\u0caf\u0cc1 \u0cb2\u0cc6\u0c95\u0ccd\u0c95\u0cb5\u0cbf\u0cb2\u0ccd\u0cb2\u0ca6 \u0cb5\u0cc7\u0cb6\u0ccd\u0caf\u0cbe\u0cb5\u0cbe\u0c9f\u0cbf\u0c95\u0cc6\u0caf \u0ca8\u0cbf\u0cae\u0cbf\u0ca4\u0ccd\u0ca4 \u0c87\u0ca6\u0cc6\u0cb2\u0ccd\u0cb2\u0cbe \u0c86\u0c97\u0cc1\u0cb5\u0cc1\u0ca6\u0cc1."
                },
                "5": {
                    "verse_nr": "5",
                    "verse": "\u0cb8\u0cc7\u0ca8\u0cbe\u0ca7\u0cc0\u0cb6\u0ccd\u0cb5\u0cb0 \u0caf\u0cc6\u0cb9\u0ccb\u0cb5\u0ca8\u0cc1 \u0c87\u0c82\u0ca4\u0cc6\u0ca8\u0ccd\u0ca8\u0cc1\u0ca4\u0ccd\u0ca4\u0cbe\u0ca8\u0cc6, \u201c\u0c87\u0c97\u0ccb \u0ca8\u0cbe\u0ca8\u0cc1 \u0ca8\u0cbf\u0ca8\u0c97\u0cc6 \u0cb5\u0cbf\u0cb0\u0cc1\u0ca6\u0ccd\u0ca7\u0cb5\u0cbe\u0c97\u0cbf\u0ca6\u0ccd\u0ca6\u0cc7\u0ca8\u0cc6, \u0ca8\u0cbf\u0ca8\u0ccd\u0ca8 \u0ca8\u0cc6\u0cb0\u0cbf\u0c97\u0cc6\u0caf\u0ca8\u0ccd\u0ca8\u0cc1 \u0ca8\u0cbf\u0ca8\u0ccd\u0ca8 \u0c95\u0ca3\u0ccd\u0ca3 \u0cae\u0cc1\u0c82\u0ca6\u0cc6\u0caf\u0cc7 \u0c95\u0cc0\u0cb3\u0cbf\u0cb8\u0cc1\u0cb5\u0cc6\u0ca8\u0cc1, \u0ca8\u0cbf\u0ca8\u0ccd\u0ca8 \u0cac\u0cc6\u0ca4\u0ccd\u0ca4\u0cb2\u0cc6\u0ca4\u0ca8\u0cb5\u0ca8\u0ccd\u0ca8\u0cc1 \u0c9c\u0ca8\u0cbe\u0c82\u0c97\u0c97\u0cb3\u0cbf\u0c97\u0cc6 \u0ca4\u0ccb\u0cb0\u0cbf\u0cb8\u0cc1\u0cb5\u0cc6\u0ca8\u0cc1, \u0ca8\u0cbf\u0ca8\u0ccd\u0ca8 \u0c85\u0cb5\u0cae\u0cbe\u0ca8\u0cb5\u0ca8\u0ccd\u0ca8\u0cc1 \u0cb0\u0cbe\u0c9c\u0ccd\u0caf\u0c97\u0cb3\u0cbf\u0c97\u0cc6 \u0ca4\u0ccb\u0cb0\u0cc1\u0cb5\u0c82\u0ca4\u0cc6 \u0cae\u0cbe\u0ca1\u0cc1\u0cb5\u0cc6\u0ca8\u0cc1."
                },
                "6": {
                    "verse_nr": "6",
                    "verse": "\u0ca8\u0cbf\u0ca8\u0ccd\u0ca8 \u0cae\u0cc7\u0cb2\u0cc6 \u0cb9\u0cca\u0cb2\u0cb8\u0ca8\u0ccd\u0ca8\u0cc1 \u0cb9\u0cbe\u0c95\u0cbf \u0cae\u0cbe\u0ca8\u0c95\u0cb3\u0cc6\u0ca6\u0cc1 \u0ca8\u0cbf\u0ca8\u0ccd\u0ca8\u0ca8\u0ccd\u0ca8\u0cc1 \u0c8e\u0cb2\u0ccd\u0cb2\u0cb0\u0cc2 \u0caa\u0cb0\u0cbf\u0cb9\u0cbe\u0cb8\u0ccd\u0caf \u0cae\u0cbe\u0ca1\u0cc1\u0cb5\u0c82\u0ca4\u0cc6 \u0cae\u0cbe\u0ca1\u0cc1\u0cb5\u0cc6\u0ca8\u0cc1."
                },
                "7": {
                    "verse_nr": "7",
                    "verse": "\u0ca8\u0cbf\u0ca8\u0ccd\u0ca8\u0ca8\u0ccd\u0ca8\u0cc1 \u0ca8\u0ccb\u0ca1\u0cc1\u0cb5 \u0caa\u0ccd\u0cb0\u0ca4\u0cbf\u0caf\u0cca\u0cac\u0ccd\u0cac\u0ca8\u0cc1 \u0ca8\u0cbf\u0ca8\u0ccd\u0ca8 \u0c95\u0ca1\u0cc6\u0caf\u0cbf\u0c82\u0ca6 \u0c93\u0ca1\u0cbf\u0cb9\u0ccb\u0c97\u0cbf, \u2018\u0ca8\u0cbf\u0ca8\u0cb5\u0cc6\u0caf\u0cc2 \u0cb9\u0cbe\u0cb3\u0cbe\u0caf\u0cbf\u0ca4\u0cb2\u0ccd\u0cb2\u0cbe, \u0c85\u0ca6\u0c95\u0ccd\u0c95\u0cbe\u0c97\u0cbf \u0caf\u0cbe\u0cb0\u0cc1 \u0c97\u0ccb\u0cb3\u0cbe\u0ca1\u0cc1\u0cb5\u0cb0\u0cc1?\u2019 \u0ca8\u0cbf\u0ca8\u0ccd\u0ca8\u0ca8\u0ccd\u0ca8\u0cc1 \u0cb8\u0c82\u0ca4\u0cc8\u0cb8\u0cc1\u0cb5\u0cb5\u0cb0\u0cc1 \u0ca8\u0ca8\u0c97\u0cc6 \u0c8e\u0cb2\u0ccd\u0cb2\u0cbf \u0cb8\u0cbf\u0c95\u0ccd\u0c95\u0cbe\u0cb0\u0cc1?\u201d \u0c85\u0c82\u0ca6\u0cc1\u0c95\u0cca\u0cb3\u0ccd\u0cb3\u0cc1\u0cb5\u0ca8\u0cc1."
                },
                "8": {
                    "verse_nr": "8",
                    "verse": "\u0ca8\u0cc0\u0ca8\u0cc1 \u0ca8\u0ccb \u0c86\u0cae\u0ccb\u0ca8\u0ccd \u0caa\u0c9f\u0ccd\u0c9f\u0ca3\u0c97\u0cbf\u0c82\u0ca4 \u0cad\u0ca6\u0ccd\u0cb0\u0cb5\u0cbe\u0c97\u0cbf\u0ca6\u0ccd\u0ca6\u0cc0\u0caf\u0ccb? \u0c85\u0ca6\u0cc1 \u0ca8\u0cc8\u0cb2\u0cbf\u0ca8 \u0caa\u0ccd\u0cb0\u0cb5\u0cbe\u0cb9\u0c97\u0cb3\u0cb2\u0ccd\u0cb2\u0cbf \u0ca8\u0cc6\u0cb2\u0cc6\u0caf\u0cbe\u0c97\u0cbf\u0ca4\u0ccd\u0ca4\u0cc1. \u0ca8\u0cc0\u0cb0\u0cc1 \u0c85\u0ca6\u0ca8\u0ccd\u0ca8\u0cc1 \u0cb8\u0cc1\u0ca4\u0ccd\u0ca4\u0cbf\u0c95\u0cca\u0c82\u0ca1\u0cbf\u0ca4\u0ccd\u0ca4\u0cc1, \u0cae\u0cb9\u0cbe \u0ca8\u0ca6\u0cbf\u0caf\u0cc1 \u0c85\u0ca6\u0c95\u0ccd\u0c95\u0cc6 \u0caa\u0ccc\u0cb3\u0cbf\u0c97\u0ccb\u0ca1\u0cc6, \u0c9c\u0cb2\u0cbe\u0cb6\u0caf\u0cb5\u0cc1 \u0c85\u0ca6\u0cb0 \u0ca6\u0cc1\u0cb0\u0ccd\u0c97."
                },
                "9": {
                    "verse_nr": "9",
                    "verse": "\u0c95\u0cc2\u0cb7\u0ccd \u0cae\u0ca4\u0ccd\u0ca4\u0cc1 \u0c90\u0c97\u0cc1\u0caa\u0ccd\u0ca4\u0cb5\u0cc1 \u0c85\u0ca6\u0cb0 \u0c85\u0caa\u0cbe\u0cb0 \u0cac\u0cb2, \u0caa\u0cc2\u0c9f\u0cb0\u0cc2, \u0cb2\u0cc2\u0cac\u0ccd\u0caf\u0cb0\u0cc2 \u0c85\u0ca6\u0c95\u0ccd\u0c95\u0cc6 \u0cb8\u0cb9\u0cbe\u0caf\u0c95\u0cb0\u0cc1."
                },
                "10": {
                    "verse_nr": "10",
                    "verse": "\u0c86\u0ca6\u0cb0\u0cc2 \u0c85\u0ca6\u0cc1 \u0c97\u0ca1\u0cc0\u0caa\u0cbe\u0cb0\u0cbe\u0c97\u0cbf \u0cb8\u0cc6\u0cb0\u0cc6\u0cb9\u0ccb\u0caf\u0cbf\u0ca4\u0cc1; \u0c85\u0ca6\u0cb0 \u0cae\u0c95\u0ccd\u0c95\u0cb3\u0ca8\u0ccd\u0ca8\u0cc1 \u0caa\u0ccd\u0cb0\u0ca4\u0cbf \u0cac\u0cc0\u0ca6\u0cbf\u0caf \u0c95\u0cca\u0ca8\u0cc6\u0caf\u0cb2\u0ccd\u0cb2\u0cbf \u0cac\u0c82\u0ca1\u0cc6\u0c97\u0cc6 \u0c85\u0caa\u0ccd\u0caa\u0cb3\u0cbf\u0cb8\u0cbf \u0cac\u0cbf\u0c9f\u0ccd\u0c9f\u0cb0\u0cc1; \u0c85\u0ca6\u0cb0 \u0caa\u0ccd\u0cb0\u0cae\u0cc1\u0c96\u0cb0\u0ca8\u0ccd\u0ca8\u0cc1 \u0cac\u0c82\u0ca7\u0cbf\u0cb8\u0cbf \u0c9a\u0cc0\u0c9f\u0cc1 \u0cb9\u0cbe\u0c95\u0cbf\u0ca6\u0cb0\u0cc1, \u0c85\u0ca6\u0cb0 \u0cae\u0cb9\u0ca8\u0cc0\u0caf\u0cb0\u0cc6\u0cb2\u0ccd\u0cb2\u0cb0\u0ca8\u0ccd\u0ca8\u0cc1 \u0cb8\u0c82\u0c95\u0ccb\u0cb2\u0cc6\u0c97\u0cb3\u0cbf\u0c82\u0ca6 \u0cac\u0c82\u0ca7\u0cbf\u0cb8\u0cbf\u0ca6\u0cb0\u0cc1."
                },
                "11": {
                    "verse_nr": "11",
                    "verse": "\u0ca8\u0cc0\u0ca8\u0cc2 \u0c93\u0cb2\u0cbe\u0ca1\u0cc1\u0cb5\u0cbf, \u0cac\u0cb3\u0cb2\u0cbf\u0cb9\u0ccb\u0c97\u0cc1\u0cb5\u0cbf; \u0ca8\u0cc0\u0ca8\u0cc2 \u0cb6\u0ca4\u0ccd\u0cb0\u0cc1\u0cb5\u0cbf\u0ca8 \u0ca8\u0cbf\u0cae\u0cbf\u0ca4\u0ccd\u0ca4 \u0c86\u0cb6\u0ccd\u0cb0\u0caf\u0cb5\u0ca8\u0ccd\u0ca8\u0cc1 \u0cb9\u0cc1\u0ca1\u0cc1\u0c95\u0cc1\u0cb5\u0cbf."
                },
                "12": {
                    "verse_nr": "12",
                    "verse": "\u0ca8\u0cbf\u0ca8\u0ccd\u0ca8 \u0c95\u0ccb\u0c9f\u0cc6\u0c97\u0cb3\u0cc6\u0cb2\u0ccd\u0cb2\u0cbe \u0cae\u0cca\u0ca6\u0cb2\u0cc1 \u0cae\u0cbe\u0c97\u0cbf\u0ca6 \u0cb9\u0ca3\u0ccd\u0ca3\u0cc1\u0cb3\u0ccd\u0cb3 \u0c85\u0c82\u0c9c\u0cc2\u0cb0\u0ca6 \u0cae\u0cb0\u0c97\u0cb3\u0c82\u0ca4\u0cbf\u0cb0\u0cc1\u0cb5\u0cb5\u0cc1; \u0c86 \u0cae\u0cb0\u0c97\u0cb3\u0ca8\u0ccd\u0ca8\u0cc1 \u0c85\u0cb2\u0ccd\u0cb2\u0cbe\u0ca1\u0cbf\u0cb8\u0cbf\u0ca6\u0cb0\u0cc6 \u0cb9\u0ca3\u0ccd\u0ca3\u0cc1 \u0ca4\u0cbf\u0ca8\u0ccd\u0ca8\u0cc1\u0cb5\u0cb5\u0ca8 \u0cac\u0cbe\u0caf\u0cbf\u0c97\u0cc6 \u0cac\u0cc0\u0cb3\u0cc1\u0cb5\u0cc1\u0ca6\u0cc1."
                },
                "13": {
                    "verse_nr": "13",
                    "verse": "\u0c86\u0cb9\u0cbe! \u0ca8\u0cbf\u0ca8\u0ccd\u0ca8\u0cb2\u0ccd\u0cb2\u0cbf\u0ca8 \u0c9c\u0ca8\u0cb0\u0cc1 \u0cb9\u0cc6\u0ca3\u0ccd\u0ca3\u0cbf\u0c97\u0cb0\u0cc1; \u0ca8\u0cbf\u0ca8\u0ccd\u0ca8 \u0ca6\u0cc7\u0cb6\u0ca6 \u0cac\u0cbe\u0c97\u0cbf\u0cb2\u0cc1\u0c97\u0cb3\u0cc1 \u0ca8\u0cbf\u0ca8\u0ccd\u0ca8 \u0cb6\u0ca4\u0ccd\u0cb0\u0cc1\u0c97\u0cb3\u0cbf\u0c97\u0cc6 \u0ca4\u0cc6\u0cb0\u0cc6\u0ca6\u0cc1 \u0cb9\u0cbe\u0c95\u0cbf\u0cb5\u0cc6; \u0cac\u0cc6\u0c82\u0c95\u0cbf\u0caf\u0cc1 \u0ca8\u0cbf\u0ca8\u0ccd\u0ca8 \u0c85\u0c97\u0cc1\u0cb3\u0cbf\u0c97\u0cb3\u0ca8\u0ccd\u0ca8\u0cc1 \u0ca8\u0cc1\u0c82\u0c97\u0cbf\u0cac\u0cbf\u0c9f\u0ccd\u0c9f\u0cbf\u0ca6\u0cc6."
                },
                "14": {
                    "verse_nr": "14",
                    "verse": "\u0cae\u0cc1\u0ca4\u0ccd\u0ca4\u0cbf\u0c97\u0cc6\u0caf \u0c95\u0cbe\u0cb2\u0c95\u0ccd\u0c95\u0cc6 \u0ca8\u0cc0\u0cb0\u0ca8\u0ccd\u0ca8\u0cc1 \u0cb8\u0cc7\u0ca6\u0cbf\u0c9f\u0ccd\u0c9f\u0cc1\u0c95\u0ccb, \u0ca8\u0cbf\u0ca8\u0ccd\u0ca8 \u0c95\u0ccb\u0c9f\u0cc6\u0c97\u0cb3\u0ca8\u0ccd\u0ca8\u0cc1 \u0cac\u0cb2\u0caa\u0ca1\u0cbf\u0cb8\u0cbf\u0c95\u0ccb; \u0cae\u0ca3\u0ccd\u0ca3\u0cbf\u0c97\u0cc6 \u0c87\u0cb3\u0cbf, \u0c9c\u0cc7\u0ca1\u0cbf\u0cae\u0ca3\u0ccd\u0ca3\u0ca8\u0ccd\u0ca8\u0cc1 \u0ca4\u0cc1\u0cb3\u0cbf, \u0c87\u0c9f\u0ccd\u0c9f\u0cbf\u0c97\u0cc6\u0caf \u0c85\u0c9a\u0ccd\u0c9a\u0ca8\u0ccd\u0ca8\u0cc1 \u0cb9\u0cbf\u0ca1\u0cbf."
                },
                "15": {
                    "verse_nr": "15",
                    "verse": "\u0c87\u0ca6\u0ccd\u0ca6\u0cb2\u0ccd\u0cb2\u0cbf\u0caf\u0cc7 \u0cac\u0cc6\u0c82\u0c95\u0cbf\u0caf\u0cc1 \u0ca8\u0cbf\u0ca8\u0ccd\u0ca8\u0ca8\u0ccd\u0ca8\u0cc1 \u0ca8\u0cc1\u0c82\u0c97\u0cc1\u0cb5\u0cc1\u0ca6\u0cc1. \u0c95\u0ca4\u0ccd\u0ca4\u0cbf\u0caf\u0cc1 \u0ca8\u0cbf\u0ca8\u0ccd\u0ca8\u0ca8\u0ccd\u0ca8\u0cc1 \u0c95\u0ca1\u0cbf\u0ca6\u0cc1\u0cac\u0cbf\u0ca1\u0cc1\u0cb5\u0cc1\u0ca6\u0cc1, \u0cae\u0cbf\u0ca1\u0ca4\u0cc6\u0c97\u0cb3\u0ccb\u0caa\u0cbe\u0ca6\u0cbf\u0caf\u0cb2\u0ccd\u0cb2\u0cbf \u0ca8\u0cc1\u0c82\u0c97\u0cb2\u0ccd\u0caa\u0ca1\u0cc1\u0cb5\u0cbf; \u0ca8\u0cbf\u0ca8\u0ccd\u0ca8 \u0c9c\u0ca8\u0cb8\u0c82\u0c96\u0ccd\u0caf\u0cc6\u0caf\u0cc1 \u0cae\u0cbf\u0ca1\u0ca4\u0cc6\u0c97\u0cb3\u0cb7\u0ccd\u0c9f\u0cc1 \u0c85\u0cb8\u0c82\u0c96\u0ccd\u0caf\u0cbe\u0ca4\u0cb5\u0cbe\u0c97\u0cb2\u0cbf, \u0c97\u0cc1\u0c82\u0caa\u0cc1\u0cae\u0cbf\u0ca1\u0ca4\u0cc6\u0c97\u0cb3\u0cb7\u0ccd\u0c9f\u0cc1 \u0c85\u0caa\u0cb0\u0cbf\u0cae\u0cbf\u0ca4\u0cb5\u0cbe\u0c97\u0cb2\u0cbf,"
                },
                "16": {
                    "verse_nr": "16",
                    "verse": "\u0ca8\u0cbf\u0ca8\u0ccd\u0ca8 \u0cb5\u0cb0\u0ccd\u0ca4\u0c95\u0cb0 \u0cb8\u0c82\u0c96\u0ccd\u0caf\u0cc6\u0caf\u0ca8\u0ccd\u0ca8\u0cc1 \u0c86\u0c95\u0cbe\u0cb6\u0ca6 \u0ca8\u0c95\u0ccd\u0cb7\u0ca4\u0ccd\u0cb0\u0c97\u0cb3\u0cbf\u0c97\u0cbf\u0c82\u0ca4 \u0cb9\u0cc6\u0c9a\u0ccd\u0c9a\u0cbf\u0cb8\u0cbf\u0ca6\u0ccd\u0ca6\u0cc0; \u0c86\u0ca6\u0cb0\u0cc6, \u0cae\u0cbf\u0ca1\u0ca4\u0cc6\u0caf\u0cc1 \u0cb0\u0cc6\u0c95\u0ccd\u0c95\u0cc6\u0c97\u0cb3 \u0caa\u0cb0\u0cc6\u0caf\u0ca8\u0ccd\u0ca8\u0cc1 \u0cb9\u0cb0\u0cbf\u0ca6\u0cc1\u0c95\u0cca\u0c82\u0ca1\u0cc1 \u0cb9\u0cbe\u0cb0\u0cbf\u0cb9\u0ccb\u0c97\u0cbf \u0cac\u0cbf\u0ca1\u0cc1\u0cb5\u0cc1\u0ca6\u0cb7\u0ccd\u0c9f\u0cc7."
                },
                "17": {
                    "verse_nr": "17",
                    "verse": "\u0ca8\u0cbf\u0ca8\u0ccd\u0ca8 \u0caa\u0ccd\u0cb0\u0cad\u0cc1\u0c97\u0cb3\u0cc1 \u0cae\u0cbf\u0ca1\u0ca4\u0cc6\u0caf\u0c82\u0ca4\u0cbf\u0ca6\u0ccd\u0ca6\u0cbe\u0cb0\u0cc6, \u0cae\u0cbf\u0ca1\u0ca4\u0cc6\u0caf \u0ca6\u0c82\u0ca1\u0cc1 \u0c9a\u0cb3\u0cbf\u0c97\u0cbe\u0cb2\u0ca6\u0cb2\u0ccd\u0cb2\u0cbf \u0cac\u0cc7\u0cb2\u0cbf\u0c97\u0cb3\u0cca\u0cb3\u0c97\u0cc6 \u0c87\u0cb3\u0cbf\u0ca6\u0cbf\u0ca6\u0ccd\u0ca6\u0cc1, \u0cb9\u0cca\u0ca4\u0ccd\u0ca4\u0cc1 \u0cb9\u0cc1\u0c9f\u0ccd\u0c9f\u0cbf\u0ca6\u0cbe\u0c97 \u0c93\u0ca1\u0cbf\u0cb9\u0ccb\u0c97\u0cbf \u0caf\u0cbe\u0cb0\u0cbf\u0c97\u0cc2 \u0c97\u0cca\u0ca4\u0ccd\u0ca4\u0cbe\u0c97\u0ca6 \u0cb8\u0ccd\u0ca5\u0cb3\u0ca6\u0cb2\u0ccd\u0cb2\u0cbf \u0c85\u0ca1\u0c97\u0cc1\u0cb5 \u0caa\u0ccd\u0cb0\u0c95\u0cbe\u0cb0 \u0ca8\u0cbf\u0ca8\u0ccd\u0ca8 \u0cb8\u0cc7\u0ca8\u0cbe\u0caa\u0ca4\u0cbf\u0c97\u0cb3\u0cc1 \u0cae\u0cbe\u0caf\u0cb5\u0cbe\u0c97\u0cc1\u0ca4\u0ccd\u0ca4\u0cbe\u0cb0\u0cc6."
                },
                "18": {
                    "verse_nr": "18",
                    "verse": "\u0c85\u0cb6\u0ccd\u0cb6\u0cc2\u0cb0\u0ca6 \u0c85\u0cb0\u0cb8\u0ca8\u0cc7, \u0ca8\u0cbf\u0ca8\u0ccd\u0ca8 \u0ca6\u0cc7\u0cb6\u0caa\u0cbe\u0cb2\u0c95\u0cb0\u0cc1 \u0ca6\u0cc0\u0cb0\u0ccd\u0c98 \u0ca8\u0cbf\u0ca6\u0ccd\u0cb0\u0cc6 \u0cae\u0cbe\u0ca1\u0cc1\u0ca4\u0ccd\u0ca4\u0cbf\u0ca6\u0ccd\u0ca6\u0cbe\u0cb0\u0cc6; \u0ca8\u0cbf\u0ca8\u0ccd\u0ca8 \u0cae\u0cb9\u0ca8\u0cc0\u0caf\u0cb0\u0cc1 \u0ca6\u0cc0\u0cb0\u0ccd\u0c98\u0ca8\u0cbf\u0ca6\u0ccd\u0ca6\u0cc6\u0caf\u0cb2\u0ccd\u0cb2\u0cbf\u0ca6\u0ccd\u0ca6\u0cbe\u0cb0\u0cc6; \u0ca8\u0cbf\u0ca8\u0ccd\u0ca8 \u0caa\u0ccd\u0cb0\u0c9c\u0cc6\u0c97\u0cb3\u0cc1 \u0cac\u0cc6\u0c9f\u0ccd\u0c9f\u0c97\u0cb3\u0cb2\u0ccd\u0cb2\u0cbf \u0c9a\u0ca6\u0cb0\u0cbf\u0ca6\u0ccd\u0ca6\u0cbe\u0cb0\u0cc6, \u0c85\u0cb5\u0cb0\u0ca8\u0ccd\u0ca8\u0cc1 \u0c95\u0cc2\u0ca1\u0cbf\u0cb8\u0cc1\u0cb5\u0cb5\u0cb0\u0cc1 \u0caf\u0cbe\u0cb0\u0cc2 \u0c87\u0cb2\u0ccd\u0cb2."
                },
                "19": {
                    "verse_nr": "19",
                    "verse": "\u0ca8\u0cbf\u0ca8\u0ccd\u0ca8 \u0c97\u0cbe\u0caf\u0cb5\u0cc1 \u0c97\u0cc1\u0ca3\u0cb9\u0cca\u0c82\u0ca6\u0ca6\u0cc1, \u0ca8\u0cbf\u0ca8\u0ccd\u0ca8 \u0c97\u0cbe\u0caf\u0cb5\u0cc1 \u0ca4\u0cc0\u0cb5\u0ccd\u0cb0\u0cb5\u0cc7. \u0ca8\u0cbf\u0ca8\u0ccd\u0ca8 \u0cb5\u0cbf\u0ca8\u0cbe\u0cb6\u0ca6 \u0cb8\u0cc1\u0ca6\u0ccd\u0ca6\u0cbf\u0caf\u0ca8\u0ccd\u0ca8\u0cc1 \u0c95\u0cc7\u0cb3\u0cbf\u0ca6\u0cb5\u0cb0\u0cc6\u0cb2\u0ccd\u0cb2\u0cb0\u0cc2 \u0ca8\u0cbf\u0ca8\u0c97\u0cc6 \u0c9a\u0caa\u0ccd\u0caa\u0cbe\u0cb3\u0cc6 \u0cb9\u0cbe\u0c95\u0cbf \u0ca8\u0c97\u0cc1\u0ca4\u0ccd\u0ca4\u0cbe\u0cb0\u0cc6; \u0ca8\u0cbf\u0ca8\u0ccd\u0ca8 \u0c95\u0cc6\u0ca1\u0cc1\u0c95\u0cbf\u0c97\u0cc6 \u0ca8\u0cbf\u0ca4\u0ccd\u0caf\u0cb5\u0cc2 \u0c97\u0cc1\u0cb0\u0cbf\u0caf\u0cbe\u0c97\u0ca6\u0cb5\u0cb0\u0cc1 \u0caf\u0cbe\u0cb0\u0cc2 \u0c87\u0cb2\u0ccd\u0cb2."
                }
            }
        }
    }
}