{
    "version": "dnb1930",
    "book_name": "2 Timothy",
    "book_nr": "55",
    "book": {
        "1": {
            "chapter_nr": "1",
            "chapter": {
                "1": {
                    "verse_nr": "1",
                    "verse": "Paulus, ved Guds vilje Kristi Jesu apostel til \u00e5 kunngj\u00f8re l\u00f8ftet om livet i Kristus Jesus"
                },
                "2": {
                    "verse_nr": "2",
                    "verse": "- til Timoteus, min elskede s\u00f8nn: N\u00e5de, miskunn, fred fra Gud Fader og Kristus Jesus, v\u00e5r Herre!"
                },
                "3": {
                    "verse_nr": "3",
                    "verse": "Jeg takker Gud, som jeg fra mine forfedre av tjener med en ren samvittighet, likesom jeg uavlatelig kommer dig i hu i mine b\u00f8nner natt og dag,"
                },
                "4": {
                    "verse_nr": "4",
                    "verse": "full av lengsel efter \u00e5 se dig - idet jeg minnes dine t\u00e5rer - forat jeg kan bli fylt med glede,"
                },
                "5": {
                    "verse_nr": "5",
                    "verse": "da jeg er blitt minnet om den uskr\u00f8mtede tro som er i dig, den som f\u00f8rst bodde i din mormor Lois og din mor Eunike, og som jeg er viss p\u00e5 ogs\u00e5 bor i dig."
                },
                "6": {
                    "verse_nr": "6",
                    "verse": "Derfor minner jeg dig om at du igjen optender den Guds n\u00e5degave som er i dig ved min h\u00e5ndsp\u00e5leggelse."
                },
                "7": {
                    "verse_nr": "7",
                    "verse": "For Gud gav oss ikke motl\u00f8shets \u00e5nd, men krafts og kj\u00e6rlighets og sindighets \u00e5nd."
                },
                "8": {
                    "verse_nr": "8",
                    "verse": "Skam dig derfor ikke ved v\u00e5r Herres vidnesbyrd eller ved mig, hans fange, men lid ondt med mig for evangeliet i Guds kraft,"
                },
                "9": {
                    "verse_nr": "9",
                    "verse": "han som frelste oss og kalte oss med et hellig kall, ikke efter v\u00e5re gjerninger, men efter sitt eget forsett og den n\u00e5de som er oss gitt i Kristus Jesus fra evige tider,"
                },
                "10": {
                    "verse_nr": "10",
                    "verse": "men nu er blitt \u00e5penbaret ved v\u00e5r frelser Jesu Kristi \u00e5penbarelse, han som tilintetgjorde d\u00f8den og f\u00f8rte liv og uforgjengelighet frem for lyset ved evangeliet,"
                },
                "11": {
                    "verse_nr": "11",
                    "verse": "og for det er jeg satt til forkynner og apostel og l\u00e6rer for hedninger."
                },
                "12": {
                    "verse_nr": "12",
                    "verse": "Derfor lider jeg ogs\u00e5 dette, men jeg skammer mig ikke ved det; for jeg vet p\u00e5 hvem jeg tror, og jeg er viss p\u00e5 at han er mektig til \u00e5 ta vare p\u00e5 det som er mig overgitt, inntil hin dag."
                },
                "13": {
                    "verse_nr": "13",
                    "verse": "Ha til forbillede de sunde ord som du har h\u00f8rt av mig, i tro og kj\u00e6rlighet i Kristus Jesus;"
                },
                "14": {
                    "verse_nr": "14",
                    "verse": "ta vare p\u00e5 den fagre skatt som er dig overgitt, ved den Hellige \u00c5nd, som bor i oss!"
                },
                "15": {
                    "verse_nr": "15",
                    "verse": "Du vet dette at alle de i Asia vendte sig fra mig; blandt disse er Fygelus og Hermogenes."
                },
                "16": {
                    "verse_nr": "16",
                    "verse": "Herren vise miskunn mot Onesiforus&#39; hus! for han har ofte vederkveget mig og ikke skammet sig ved mine lenker;"
                },
                "17": {
                    "verse_nr": "17",
                    "verse": "men da han var kommet til Rom, s\u00f8kte han med stor iver efter mig og fant mig."
                },
                "18": {
                    "verse_nr": "18",
                    "verse": "Herren gi han m\u00e5 finne miskunn hos Herren p\u00e5 hin dag! Og til hvor stor tjeneste han var i Efesus, det vet du selv best."
                }
            }
        },
        "2": {
            "chapter_nr": "2",
            "chapter": {
                "1": {
                    "verse_nr": "1",
                    "verse": "S\u00e5 bli da du, min s\u00f8nn, sterk ved n\u00e5den i Kristus Jesus,"
                },
                "2": {
                    "verse_nr": "2",
                    "verse": "og det som du har h\u00f8rt av mig i mange vidners n\u00e6rv\u00e6r, overgi det til trofaste mennesker som er duelige til ogs\u00e5 \u00e5 l\u00e6re andre!"
                },
                "3": {
                    "verse_nr": "3",
                    "verse": "Lid ondt med mig som en god Kristi Jesu stridsmann!"
                },
                "4": {
                    "verse_nr": "4",
                    "verse": "Ingen som gj\u00f8r krigstjeneste, blander sig inn i livets sysler, forat han kan tekkes sin h\u00e6rf\u00f8rer."
                },
                "5": {
                    "verse_nr": "5",
                    "verse": "Men om nogen ogs\u00e5 strider i veddekamp, f\u00e5r han dog ikke kransen hvis han ikke strider p\u00e5 den rette m\u00e5te."
                },
                "6": {
                    "verse_nr": "6",
                    "verse": "Den bonde som arbeider, b\u00f8r f\u00f8rst nyte fruktene."
                },
                "7": {
                    "verse_nr": "7",
                    "verse": "Forst\u00e5 det jeg sier! for Herren skal gi dig forstand p\u00e5 alt."
                },
                "8": {
                    "verse_nr": "8",
                    "verse": "Kom Jesus Kristus i hu, som er opstanden fra de d\u00f8de, av Davids \u00e6tt, efter mitt evangelium,"
                },
                "9": {
                    "verse_nr": "9",
                    "verse": "for hvis skyld jeg lider ondt like til dette \u00e5 v\u00e6re bundet som en ugjerningsmann; men Guds ord er ikke bundet."
                },
                "10": {
                    "verse_nr": "10",
                    "verse": "Derfor t\u00e5ler jeg alt for de utvalgtes skyld, forat ogs\u00e5 de skal vinne frelsen i Kristus Jesus med evig herlighet."
                },
                "11": {
                    "verse_nr": "11",
                    "verse": "Det er et troverdig ord; for er vi d\u00f8d med ham, skal vi og leve med ham;"
                },
                "12": {
                    "verse_nr": "12",
                    "verse": "holder vi ut, skal vi og herske med ham; fornekter vi, skal han og fornekte oss;"
                },
                "13": {
                    "verse_nr": "13",
                    "verse": "er vi trol\u00f8se, s\u00e5 er han trofast; for han kan ikke fornekte sig selv."
                },
                "14": {
                    "verse_nr": "14",
                    "verse": "Minn om dette, idet du vidner for Herrens \u00e5syn at de ikke skal ligge i ordkrig, til ingen nytte, men til undergang for dem som h\u00f8rer p\u00e5."
                },
                "15": {
                    "verse_nr": "15",
                    "verse": "Legg vinn p\u00e5 \u00e5 fremstille dig for Gud som en som holder pr\u00f8ve, som en arbeider som ikke har noget \u00e5 skamme sig over, idet du rettelig l\u00e6rer sannhetens ord."
                },
                "16": {
                    "verse_nr": "16",
                    "verse": "Men hold dig fra det vanhellige tomme snakk! for de g\u00e5r alltid videre i ugudelighet,"
                },
                "17": {
                    "verse_nr": "17",
                    "verse": "og deres ord vil ete om sig som d\u00f8dt kj\u00f8tt. Blandt disse er Hymeneus og Filetus,"
                },
                "18": {
                    "verse_nr": "18",
                    "verse": "som har faret vill fra sannheten, idet de sier at opstandelsen allerede har v\u00e6rt, og de nedbryter troen hos somme."
                },
                "19": {
                    "verse_nr": "19",
                    "verse": "Men Guds faste grunnvoll st\u00e5r og har dette segl: Herren kjenner sine, og: Hver den som nevner Herrens navn, skal avst\u00e5 fra urettferdighet!"
                },
                "20": {
                    "verse_nr": "20",
                    "verse": "Men i et stort hus er det ikke bare kar av gull og s\u00f8lv, men ogs\u00e5 kar av tre og ler, og nogen til \u00e6re, andre til van\u00e6re."
                },
                "21": {
                    "verse_nr": "21",
                    "verse": "Holder da nogen sig ren fra disse, da vil han v\u00e6re et kar til \u00e6re, helliget, nyttig for husbonden, rede til all god gjerning."
                },
                "22": {
                    "verse_nr": "22",
                    "verse": "Men fly ungdommens lyster, og jag efter rettferdighet, tro, kj\u00e6rlighet, fred med dem som p\u00e5kaller Herren av et rent hjerte!"
                },
                "23": {
                    "verse_nr": "23",
                    "verse": "Og vis fra dig de d\u00e5rlige og uforstandige stridssp\u00f8rsm\u00e5l, for du vet at de f\u00f8der strid!"
                },
                "24": {
                    "verse_nr": "24",
                    "verse": "Men en Herrens tjener m\u00e5 ikke stride, han m\u00e5 v\u00e6re mild imot alle, duelig til \u00e5 l\u00e6re andre, i stand til \u00e5 t\u00e5le ondt,"
                },
                "25": {
                    "verse_nr": "25",
                    "verse": "s\u00e5 han med saktmodighet viser dem til rette som sier imot, om Gud dog engang vilde gi dem omvendelse, s\u00e5 de kunde kjenne sannheten"
                },
                "26": {
                    "verse_nr": "26",
                    "verse": "og v\u00e5kne igjen av sitt rus i djevelens snare, han som de er fanget av, s\u00e5 de m\u00e5 gj\u00f8re hans vilje."
                }
            }
        },
        "3": {
            "chapter_nr": "3",
            "chapter": {
                "1": {
                    "verse_nr": "1",
                    "verse": "Men dette skal du vite at i de siste dager skal det komme vanskelige tider."
                },
                "2": {
                    "verse_nr": "2",
                    "verse": "For menneskene skal da v\u00e6re egenkj\u00e6rlige, pengekj\u00e6re, stortalende, overmodige, spottende, ulydige mot foreldre, utakknemlige, vanhellige,"
                },
                "3": {
                    "verse_nr": "3",
                    "verse": "ukj\u00e6rlige, up\u00e5litelige, baktalende, um\u00e5telige, umilde, uten kj\u00e6rlighet til det gode,"
                },
                "4": {
                    "verse_nr": "4",
                    "verse": "svikefulle, fremfusende, opbl\u00e5ste, slike som elsker sine lyster h\u00f8iere enn Gud,"
                },
                "5": {
                    "verse_nr": "5",
                    "verse": "som har gudfryktighets skinn, men fornekter dens kraft - og disse skal du vende dig fra."
                },
                "6": {
                    "verse_nr": "6",
                    "verse": "For til dem h\u00f8rer de som lurer sig inn i husene og fanger kvinnfolk som er tynget av synder og drives av mangeh\u00e5nde lyster"
                },
                "7": {
                    "verse_nr": "7",
                    "verse": "og alltid l\u00e6rer og aldri kan komme til sannhets erkjennelse."
                },
                "8": {
                    "verse_nr": "8",
                    "verse": "Som Jannes og Jambres stod Moses imot, s\u00e5ledes st\u00e5r ogs\u00e5 disse sannheten imot, mennesker som er fordervet i sitt sinn og uduelige I troen."
                },
                "9": {
                    "verse_nr": "9",
                    "verse": "Dog, de skal ikke f\u00e5 mere fremgang; for deres uforstand skal bli \u00e5penbar for alle, likesom og hines blev."
                },
                "10": {
                    "verse_nr": "10",
                    "verse": "Men du har efterfulgt min l\u00e6re, min ferd, mitt forsett, min tro, min langmodighet, min kj\u00e6rlighet, min t\u00e5lmodighet,"
                },
                "11": {
                    "verse_nr": "11",
                    "verse": "mine forf\u00f8lgelser, mine lidelser, s\u00e5danne som m\u00f8tte mig i Antiokia, i Ikonium, i Lystra, s\u00e5danne forf\u00f8lgelser som jeg har utholdt, og Herren har fridd mig ut av dem alle sammen."
                },
                "12": {
                    "verse_nr": "12",
                    "verse": "Og alle som vil leve gudfryktig i Kristus Jesus, skal bli forfulgt."
                },
                "13": {
                    "verse_nr": "13",
                    "verse": "Men onde mennesker og slike som kverver synet p\u00e5 folk, g\u00e5r frem til det verre; de f\u00f8rer vill og farer vill."
                },
                "14": {
                    "verse_nr": "14",
                    "verse": "Men bli du i det som du har l\u00e6rt, og som du er blitt overbevist om, da du vet hvem du har l\u00e6rt det av,"
                },
                "15": {
                    "verse_nr": "15",
                    "verse": "og da du fra barndommen av kjenner de hellige skrifter, som kan gj\u00f8re dig vis til frelse ved troen p\u00e5 Kristus Jesus."
                },
                "16": {
                    "verse_nr": "16",
                    "verse": "Den hele Skrift er innblest av Gud av Gud og nyttig til l\u00e6rdom, til overbevisning, til rettledning, til optuktelse i rettferdighet,"
                },
                "17": {
                    "verse_nr": "17",
                    "verse": "forat det Guds menneske kan v\u00e6re fullkommen, duelig til all god gjerning."
                }
            }
        },
        "4": {
            "chapter_nr": "4",
            "chapter": {
                "1": {
                    "verse_nr": "1",
                    "verse": "Jeg vidner for Gud og Kristus Jesus, som skal d\u00f8mme levende og d\u00f8de, og ved hans \u00e5penbarelse og hans rike;"
                },
                "2": {
                    "verse_nr": "2",
                    "verse": "Forkynn ordet, v\u00e6r rede i tide og utide, overbevis, irettesett, forman med all langmodighet og l\u00e6re!"
                },
                "3": {
                    "verse_nr": "3",
                    "verse": "For det skal komme en tid da de ikke skal t\u00e5le den sunde l\u00e6re, men efter sine egne lyster ta sig selv l\u00e6rere i hopetall, fordi det kl\u00f8r dem i \u00f8ret,"
                },
                "4": {
                    "verse_nr": "4",
                    "verse": "og de skal vende \u00f8ret bort fra sannheten og vende sig til eventyr."
                },
                "5": {
                    "verse_nr": "5",
                    "verse": "Men v\u00e6r du edru i alle ting, lid ondt, gj\u00f8r en evangelists gjerning, fullf\u00f8r din tjeneste!"
                },
                "6": {
                    "verse_nr": "6",
                    "verse": "For jeg ofres allerede, og tiden for min bortgang er forh\u00e5nden."
                },
                "7": {
                    "verse_nr": "7",
                    "verse": "Jeg har stridt den gode strid, fullendt l\u00f8pet, bevart troen."
                },
                "8": {
                    "verse_nr": "8",
                    "verse": "S\u00e5 ligger da rettferdighetens krans rede for mig, den som Herren, den rettferdige dommer, skal gi mig p\u00e5 hin dag, dog ikke mig alene, men alle som har elsket hans \u00e5penbarelse."
                },
                "9": {
                    "verse_nr": "9",
                    "verse": "Gj\u00f8r dig umak for \u00e5 komme snart til mig!"
                },
                "10": {
                    "verse_nr": "10",
                    "verse": "For Demas forlot mig, fordi han fikk kj\u00e6rlighet til den nuv\u00e6rende verden, og drog til Tessalonika, Kreskens til Galatia, Titus til Dalmatia;"
                },
                "11": {
                    "verse_nr": "11",
                    "verse": "Lukas er alene hos mig. Ta Markus og ha ham med dig! for han er mig nyttig til tjeneste."
                },
                "12": {
                    "verse_nr": "12",
                    "verse": "Tykikus har jeg sendt til Efesus."
                },
                "13": {
                    "verse_nr": "13",
                    "verse": "N\u00e5r du kommer, da ha med dig den kappe som jeg lot bli i Troas hos Karpus, og b\u00f8kene, is\u00e6r skinnb\u00f8kene!"
                },
                "14": {
                    "verse_nr": "14",
                    "verse": "Kobbersmeden Aleksander gjorde mig meget ondt; Herren vil l\u00f8nne ham efter hans gjerninger."
                },
                "15": {
                    "verse_nr": "15",
                    "verse": "Vokt dig for ham du ogs\u00e5! for han stod h\u00e5rdt imot v\u00e5re ord."
                },
                "16": {
                    "verse_nr": "16",
                    "verse": "Ved mitt f\u00f8rste forsvar m\u00f8tte ingen med mig, men alle forlot mig; gid det ikke m\u00e5 bli dem tilregnet!"
                },
                "17": {
                    "verse_nr": "17",
                    "verse": "Men Herren stod hos mig og styrket mig, forat forkynnelsen skulde fullbyrdes ved mig og alle folk f\u00e5 h\u00f8re den, og jeg blev fridd ut av l\u00f8vens gap."
                },
                "18": {
                    "verse_nr": "18",
                    "verse": "Herren skal fri mig fra all ond gjerning og frelse mig inn i sitt himmelske rike; ham v\u00e6re \u00e6ren i all evighet! Amen."
                },
                "19": {
                    "verse_nr": "19",
                    "verse": "Hils Priska og Akvilas og Onesiforus&#39; hus!"
                },
                "20": {
                    "verse_nr": "20",
                    "verse": "Erastus blev i Korint; Trofimus lot jeg syk efter mig i Milet."
                },
                "21": {
                    "verse_nr": "21",
                    "verse": "Gj\u00f8r dig umak for \u00e5 komme f\u00f8r vinteren! Eubulus og Pudens og Linus og Klaudia og alle br\u00f8drene hilser dig."
                },
                "22": {
                    "verse_nr": "22",
                    "verse": "Den Herre Jesus v\u00e6re med din \u00e5nd! N\u00e5den v\u00e6re med eder!"
                }
            }
        }
    }
}