{
    "version": "NBG51",
    "book_name": "Zechariah",
    "book_nr": "38",
    "book": {
        "1": {
            "chapter_nr": "1",
            "chapter": {
                "1": {
                    "verse_nr": "1",
                    "verse": "In de achtste maand, in het tweede jaar van Darius, kwam het woord des HEREN tot de profeet Zacharia, de zoon van Berekja, de zoon van Iddo"
                },
                "2": {
                    "verse_nr": "2",
                    "verse": "De HERE is op uw vaderen zeer toornig geweest"
                },
                "3": {
                    "verse_nr": "3",
                    "verse": "maar zeg tot hen: zo zegt de HERE der heerscharen: bekeert u tot Mij, luidt het woord van de HERE der heerscharen, dan zal Ik tot u wederkeren, zegt de HERE der heerscharen."
                },
                "4": {
                    "verse_nr": "4",
                    "verse": "Weest niet gelijk aan uw vaderen, tot wie de vroegere profeten gepredikt hebben: zo zegt de HERE der heerscharen: bekeert u toch van uw boze handel en wandel; maar zij luisterden niet en sloegen op Mij geen acht, luidt het woord des HEREN."
                },
                "5": {
                    "verse_nr": "5",
                    "verse": "Uw vaderen, waar zijn zij? En de profeten, leven zij eeuwig?"
                },
                "6": {
                    "verse_nr": "6",
                    "verse": "Mijn woorden evenwel en mijn inzettingen, die Ik mijn knechten, de profeten, geboden had, hebben die uw vaderen niet achterhaald, zodat zij tot inkeer kwamen en zeiden: Zoals de HERE der heerscharen Zich voorgenomen had ons te doen naar onze handel en wandel, zo heeft Hij met ons gedaan?"
                },
                "7": {
                    "verse_nr": "7",
                    "verse": "Op de vierentwintigste dag van de elfde maand, dat is de maand Sebat, in het tweede jaar van Darius, kwam het woord des HEREN tot de profeet Zacharia, de zoon van Berekja, de zoon van Iddo"
                },
                "8": {
                    "verse_nr": "8",
                    "verse": "Deze nacht heb ik een gezicht gehad: zie, een man, gezeten op een rood paard, en staande tussen de mirten in de diepte, en achter hem rode, voskleurige en witte paarden."
                },
                "9": {
                    "verse_nr": "9",
                    "verse": "Toen vroeg ik: Wat betekent dit, mijn heer? en de engel die met mij sprak, zeide tot mij: Ik zal u tonen, wat dit betekent."
                },
                "10": {
                    "verse_nr": "10",
                    "verse": "Hierop antwoordde de man die tussen de mirten stond, en zeide: Dit zijn zij, die de HERE heeft gezonden om de aarde te doorkruisen."
                },
                "11": {
                    "verse_nr": "11",
                    "verse": "En zij antwoordden de Engel des HEREN, die tussen de mirten stond, en zeiden: Wij hebben de aarde doorkruist en zie, de gehele aarde verkeert in volkomen rust."
                },
                "12": {
                    "verse_nr": "12",
                    "verse": "Toen nam de Engel des HEREN het woord en zeide: HERE der heerscharen, hoelang nog zult Gij zonder erbarmen zijn over Jeruzalem en over de steden van Juda, waarop Gij nu reeds zeventig jaren toornig zijt?"
                },
                "13": {
                    "verse_nr": "13",
                    "verse": "De HERE antwoordde daarop de engel die met mij sprak, met goede woorden, troostrijke woorden."
                },
                "14": {
                    "verse_nr": "14",
                    "verse": "Vervolgens zeide tot mij de engel die met mij sprak: Predik: zo zegt de HERE der heerscharen: Ik ben voor Jeruzalem en voor Sion in grote ijver ontbrand"
                },
                "15": {
                    "verse_nr": "15",
                    "verse": "maar Ik ben zeer toornig op de overmoedige volken, die, terwijl Ik maar een weinig vertoornd was, meehielpen ten kwade."
                },
                "16": {
                    "verse_nr": "16",
                    "verse": "Daarom, zo zegt de HERE: Ik keer in erbarming tot Jeruzalem weder; mijn huis zal daarin gebouwd worden, luidt het woord van de HERE der heerscharen, en het meetsnoer zal over Jeruzalem gespannen worden."
                },
                "17": {
                    "verse_nr": "17",
                    "verse": "Predik verder: Zo zegt de HERE der heerscharen: Wederom zullen mijn steden overvloeien van het goede; n\u00f3g zal de HERE Sion troosten, Jeruzalem n\u00f3g verkiezen."
                },
                "18": {
                    "verse_nr": "18",
                    "verse": "En ik sloeg mijn ogen op en ik zag toe, en zie, vier horens."
                },
                "19": {
                    "verse_nr": "19",
                    "verse": "Toen vroeg ik de engel die met mij sprak: Wat betekent dit? Hij zeide daarop tot mij: Dit zijn de horens die Juda, Isra\u00ebl en Jeruzalem verstrooid hebben."
                },
                "20": {
                    "verse_nr": "20",
                    "verse": "Vervolgens deed de HERE mij vier smeden zien."
                },
                "21": {
                    "verse_nr": "21",
                    "verse": "Toen vroeg ik: Wat komen dezen doen? En hij zeide: Dat waren dus de horens die Juda zo verstrooid hebben, dat niemand zijn hoofd kon opheffen; maar zij zijn gekomen om hen te verschrikken, om neer te slaan de horens van de volken, die hun horen hebben verheven tegen het land Juda, om het te verstrooien."
                }
            }
        },
        "2": {
            "chapter_nr": "2",
            "chapter": {
                "1": {
                    "verse_nr": "1",
                    "verse": "En ik sloeg mijn ogen op en ik zag toe, en zie, een man met een meetsnoer in de hand."
                },
                "2": {
                    "verse_nr": "2",
                    "verse": "Toen vroeg ik: Waar gaat gij heen? En hij antwoordde mij: Ik ga Jeruzalem opmeten en zien hoe groot zijn breedte en lengte zal zijn."
                },
                "3": {
                    "verse_nr": "3",
                    "verse": "En zie, toen de engel die met mij sprak, naar voren trad, ging een andere engel hem tegemoet, tot wie hij zeide"
                },
                "4": {
                    "verse_nr": "4",
                    "verse": "Snel heen, spreek tot die jongeling: als een open plaats zal Jeruzalem daar liggen vanwege de menigte van mensen en vee daarin."
                },
                "5": {
                    "verse_nr": "5",
                    "verse": "En Ik zelf, luidt het woord des HEREN, zal haar een vurige muur zijn rondom, en heerlijkheid binnen in haar."
                },
                "6": {
                    "verse_nr": "6",
                    "verse": "Op, Op! Vlucht uit het Noorderland! luidt het woord des HEREN, want naar de vier windstreken des hemels heb Ik u uiteengedreven, luidt het woord des HEREN."
                },
                "7": {
                    "verse_nr": "7",
                    "verse": "Op, redt u naar Sion, gij die woont bij de dochter van Babel."
                },
                "8": {
                    "verse_nr": "8",
                    "verse": "Want, zo zegt de HERE der heerscharen, wiens heerlijkheid mij gezonden heeft, aangaande de volken die u uitgeplunderd hebben \u2013 want wie u aanraakt, raakt zijn oogappel aan \u2013"
                },
                "9": {
                    "verse_nr": "9",
                    "verse": "voorwaar, zie, Ik beweeg mijn hand tegen hen, en zij zullen hun knechten ten buit worden. Dan zult gij weten, dat de HERE der heerscharen mij gezonden heeft."
                },
                "10": {
                    "verse_nr": "10",
                    "verse": "Jubel en verheug u, gij dochter van Sion! want zie, Ik kom in uw midden wonen, luidt het woord des HEREN"
                },
                "11": {
                    "verse_nr": "11",
                    "verse": "en vele volken zullen te dien dage gemeenschap zoeken met de HERE en zij zullen Mij tot een volk zijn, en Ik zal in uw midden wonen. Dan zult gij weten, dat de HERE der heerscharen mij tot u gezonden heeft."
                },
                "12": {
                    "verse_nr": "12",
                    "verse": "En de HERE zal Juda op de heilige bodem als zijn erfdeel in bezit nemen en Hij zal Jeruzalem nog verkiezen."
                },
                "13": {
                    "verse_nr": "13",
                    "verse": "Zwijg, al wat leeft, voor het aangezicht des HEREN, want Hij maakt Zich op uit zijn heilige woning."
                }
            }
        },
        "3": {
            "chapter_nr": "3",
            "chapter": {
                "1": {
                    "verse_nr": "1",
                    "verse": "Vervolgens deed Hij mij de hogepriester Jozua zien, staande v\u00f3\u00f3r de Engel des HEREN, terwijl de satan aan zijn rechterhand stond om hem aan te klagen."
                },
                "2": {
                    "verse_nr": "2",
                    "verse": "De HERE echter zeide tot de satan: De HERE bestraffe u, satan, ja de HERE, die Jeruzalem verkiest, bestraffe u; is deze niet een brandhout uit het vuur gerukt?"
                },
                "3": {
                    "verse_nr": "3",
                    "verse": "Jozua nu was met vuile klederen bekleed, terwijl hij voor de Engel stond."
                },
                "4": {
                    "verse_nr": "4",
                    "verse": "Toen nam deze het woord en zeide tot hen die v\u00f3\u00f3r Hem stonden: Doet hem de vuile klederen uit. Hij zeide tot hem: Zie, Ik neem uw ongerechtigheid van u weg, Ik trek u feestklederen aan."
                },
                "5": {
                    "verse_nr": "5",
                    "verse": "Ik nu zeide: Laat ze een reine tulband op zijn hoofd zetten. Toen zetten zij een reine tulband op zijn hoofd en trokken hem een staatsiegewaad aan, terwijl de Engel des HEREN erbij stond."
                },
                "6": {
                    "verse_nr": "6",
                    "verse": "Hierop vermaande de Engel des HEREN Jozua"
                },
                "7": {
                    "verse_nr": "7",
                    "verse": "Zo zegt de HERE der heerscharen: Indien gij in mijn wegen wandelt en de door Mij opgedragen taak waarneemt, dan zult gij zowel mijn huis richten als mijn voorhoven bewaken, en Ik zal u doen verkeren onder hen die hier staan."
                },
                "8": {
                    "verse_nr": "8",
                    "verse": "Hoor toch, gij hogepriester Jozua, gij en uw gezellen die v\u00f3\u00f3r u zitten \u2013 zij zijn immers mannen die ten wonderteken dienen \u2013 voorwaar, zie, Ik zal mijn knecht, de Spruit, doen komen"
                },
                "9": {
                    "verse_nr": "9",
                    "verse": "voorwaar zie, van de steen die Ik v\u00f3\u00f3r Jozua neerleg \u2013 op die ene steen zijn zeven ogen \u2013 zal Ik zelf het graveersel graveren, luidt het woord van de HERE der heerscharen, en Ik zal op \u00e9\u00e9n dag de ongerechtigheid van dit land wegdoen."
                },
                "10": {
                    "verse_nr": "10",
                    "verse": "Te dien dage, luidt het woord van de HERE der heerscharen, zult gij elkander nodigen onder de wijnstok en onder de vijgeboom."
                }
            }
        },
        "4": {
            "chapter_nr": "4",
            "chapter": {
                "1": {
                    "verse_nr": "1",
                    "verse": "De engel die met mij sprak, kwam terug en wekte mij zoals men iemand uit de slaap wekt."
                },
                "2": {
                    "verse_nr": "2",
                    "verse": "Hij zeide tot mij: Wat ziet gij? Daarop antwoordde ik: Ik zie daar een kandelaar, geheel van goud, met een oliehouder aan zijn top; hij heeft zeven lampen, en telkens zeven toevoerbuizen voor de lampen erbovenop"
                },
                "3": {
                    "verse_nr": "3",
                    "verse": "en twee olijfbomen steken boven hem uit, de ene rechts en de andere links van de oliehouder."
                },
                "4": {
                    "verse_nr": "4",
                    "verse": "Ik hernam en vroeg de engel die met mij sprak: Wat betekent dit, mijn heer?"
                },
                "5": {
                    "verse_nr": "5",
                    "verse": "Toen gaf de engel die met mij sprak, mij ten antwoord: Weet gij niet, wat dit betekent? Ik zeide: Neen, mijn heer."
                },
                "6": {
                    "verse_nr": "6",
                    "verse": "Hij antwoordde mij: Dit is het woord des HEREN tot Zerubbabel: niet door kracht noch geweld, maar door mijn Geest! zegt de HERE der heerscharen."
                },
                "7": {
                    "verse_nr": "7",
                    "verse": "Wie zijt gij, grote berg? Voor het aangezicht van Zerubbabel wordt gij een vlakte; hij zal de gevelsteen naar voren brengen onder het gejubel: heil, heil zij hem!"
                },
                "8": {
                    "verse_nr": "8",
                    "verse": "En het woord des HEREN kwam tot mij"
                },
                "9": {
                    "verse_nr": "9",
                    "verse": "De handen van Zerubbabel hebben dit huis gegrondvest, zijn handen zullen het ook voltooien, en gij zult weten, dat de HERE der heerscharen mij tot u gezonden heeft."
                },
                "10": {
                    "verse_nr": "10",
                    "verse": "Want wie veracht de dag der kleine dingen? Zij zullen zich verblijden, als zij het paslood zien in de hand van Zerubbabel. \u2013 Deze zeven zijn de ogen des HEREN, die de ganse aarde doorlopen."
                },
                "11": {
                    "verse_nr": "11",
                    "verse": "Ik nam het woord en vroeg hem: Wat betekenen deze twee olijfbomen rechts en links van de kandelaar?"
                },
                "12": {
                    "verse_nr": "12",
                    "verse": "Andermaal nam ik het woord en vroeg hem: Wat betekenen de twee olijftakken, die door twee gouden buizen het goud van zich doen uitvloeien?"
                },
                "13": {
                    "verse_nr": "13",
                    "verse": "En hij zeide tot mij: Weet gij niet, wat zij betekenen? Ik antwoordde: Neen, mijn heer."
                },
                "14": {
                    "verse_nr": "14",
                    "verse": "Toen zeide hij: Zij zijn de twee gezalfden die v\u00f3\u00f3r de Here der ganse aarde staan."
                }
            }
        },
        "5": {
            "chapter_nr": "5",
            "chapter": {
                "1": {
                    "verse_nr": "1",
                    "verse": "Wederom sloeg ik mijn ogen op, ik zag toe en zie, een vliegende boekrol."
                },
                "2": {
                    "verse_nr": "2",
                    "verse": "Hij zeide tot mij: Wat ziet gij? Ik antwoordde: Ik zie een vliegende boekrol, die twintig el lang en tien el breed is."
                },
                "3": {
                    "verse_nr": "3",
                    "verse": "Toen zeide hij tot mij: Dit is de vloek die uitgaat over het ganse land: volgens deze wordt ieder die steelt, van dit ogenblik af weggevaagd en volgens deze wordt ieder die (vals) zweert, van dit ogenblik af weggevaagd."
                },
                "4": {
                    "verse_nr": "4",
                    "verse": "Ik heb die doen uitgaan, luidt het woord des HEREN der heerscharen, en hij komt tot het huis van de dief, en tot het huis van hem die bij mijn naam vals zweert, en hij overnacht in zijn huis en vernietigt het, zowel zijn houtwerk als zijn stenen."
                },
                "5": {
                    "verse_nr": "5",
                    "verse": "Hierop kwam de engel die met mij sprak, nader en zeide tot mij: Sla toch uw ogen op en zie, wat daar naar voren komt."
                },
                "6": {
                    "verse_nr": "6",
                    "verse": "Ik vroeg: Wat is dat? Hij antwoordde: Dat is een efa, die daar naar voren komt. Hij vervolgde: Zo zien zij er uit in het ganse land."
                },
                "7": {
                    "verse_nr": "7",
                    "verse": "En zie, het loden deksel werd opgelicht en daar zat een vrouw in de efa."
                },
                "8": {
                    "verse_nr": "8",
                    "verse": "En hij zeide: Dat is de goddeloosheid. Toen wierp hij haar in de efa neer en wierp het loden gewicht op de opening daarvan."
                },
                "9": {
                    "verse_nr": "9",
                    "verse": "Toen ik mijn ogen opsloeg, zag ik en zie, twee vrouwen kwamen naar voren, met de wind in haar vleugels; zij hadden namelijk vleugels als van een ooievaar. En zij droegen de efa weg tussen hemel en aarde."
                },
                "10": {
                    "verse_nr": "10",
                    "verse": "Toen vroeg ik de engel die met mij sprak: Waarheen brengen zij die efa?"
                },
                "11": {
                    "verse_nr": "11",
                    "verse": "Hij antwoordde mij: Naar het land Sinear, om daar voor haar een huis te bouwen. Is dit gereed, dan zetten zij haar daar op haar plaats."
                }
            }
        },
        "6": {
            "chapter_nr": "6",
            "chapter": {
                "1": {
                    "verse_nr": "1",
                    "verse": "Wederom sloeg ik mijn ogen op, ik zag toe en zie, daar kwamen vier wagens naar voren tussen twee bergen. Die bergen nu waren van koper."
                },
                "2": {
                    "verse_nr": "2",
                    "verse": "Voor de eerste wagen stonden rode paarden, voor de tweede zwarte"
                },
                "3": {
                    "verse_nr": "3",
                    "verse": "voor de derde witte en voor de vierde gevlekte; sterke paarden."
                },
                "4": {
                    "verse_nr": "4",
                    "verse": "Ik nam het woord en vroeg de engel die met mij sprak: Wat betekent dit, mijn heer?"
                },
                "5": {
                    "verse_nr": "5",
                    "verse": "De engel gaf mij ten antwoord: Deze gaan uit naar de vier windstreken des hemels, van hun standplaats bij de Here der ganse aarde."
                },
                "6": {
                    "verse_nr": "6",
                    "verse": "Die met de zwarte paarden gaat uit naar het Noorderland, de witte gaan uit, hen achterna, en de gevlekte gaan naar het Zuiderland."
                },
                "7": {
                    "verse_nr": "7",
                    "verse": "De sterke paarden kwamen opzetten; zij verlangden weg te gaan om de aarde te doorkruisen, en hij zeide: Gaat heen, doorkruist de aarde. Toen doorkruisten zij de aarde."
                },
                "8": {
                    "verse_nr": "8",
                    "verse": "Hierop riep hij mij toe en sprak tot mij: Zie, die uitgegaan zijn naar het Noorderland brengen mijn Geest in het Noorderland tot rust."
                },
                "9": {
                    "verse_nr": "9",
                    "verse": "Het woord des HEREN kwam tot mij"
                },
                "10": {
                    "verse_nr": "10",
                    "verse": "Neem gaven van de weggevoerden, van Cheldai, van Tobia en van Jedaja, en gij, kom nog heden, kom in het huis van Josia, de zoon van Sefanja, waar zij, uit Babel komende, hun intrek genomen hebben"
                },
                "11": {
                    "verse_nr": "11",
                    "verse": "neem dan zilver en goud en maak een kroon en zet die op het hoofd van de hogepriester Jozua, de zoon van Josadak"
                },
                "12": {
                    "verse_nr": "12",
                    "verse": "en zeg tot hem: Zo zegt de HERE der heerscharen: zie, een man, wiens naam is Spruit. Deze zal uit zijn plaats uitspruiten en hij zal de tempel des HEREN bouwen."
                },
                "13": {
                    "verse_nr": "13",
                    "verse": "Ja, hij zal de tempel des HEREN bouwen en hij zal met majesteit bekleed zijn en als heerser zitten op zijn troon; en hij zal priester zijn op zijn troon; heilzaam overleg zal er tussen hen beiden zijn."
                },
                "14": {
                    "verse_nr": "14",
                    "verse": "En de kroon zal tot gedachtenis aan Chelem, Tobia, Jedaja en Chen, de zoon van Sefanja, in de tempel des HEREN blijven."
                },
                "15": {
                    "verse_nr": "15",
                    "verse": "Die verre zijn, zullen aan de tempel des HEREN komen bouwen en gij zult weten, dat de HERE der heerscharen mij tot u gezonden heeft. Dit zal geschieden, indien gij aandachtig luistert naar de stem van de HERE, uw God."
                }
            }
        },
        "7": {
            "chapter_nr": "7",
            "chapter": {
                "1": {
                    "verse_nr": "1",
                    "verse": "In het vierde jaar van koning Darius, op de vierde van de negende maand, in Kislew, kwam het woord des HEREN tot Zacharia."
                },
                "2": {
                    "verse_nr": "2",
                    "verse": "Betel had Sareser en Regem-Melek met zijn mannen gezonden om de gunst des HEREN te zoeken"
                },
                "3": {
                    "verse_nr": "3",
                    "verse": "en om te vragen aan de priesters die tot het huis van de HERE der heerscharen behoorden, en aan de profeten: Moet ik in de vijfde maand wenen en vasten, zoals ik dit nu reeds zovele jaren gedaan heb?"
                },
                "4": {
                    "verse_nr": "4",
                    "verse": "Toen kwam het woord van de HERE der heerscharen tot mij"
                },
                "5": {
                    "verse_nr": "5",
                    "verse": "Zeg tot al het volk des lands en tot de priesters: wanneer gij in de vijfde en zevende maand hebt gevast en geklaagd nu al zeventig jaren lang, hebt gij dan inderdaad voor Mij gevast?"
                },
                "6": {
                    "verse_nr": "6",
                    "verse": "En wanneer gij eet en drinkt, eet en drinkt gij dan niet voor uzelf?"
                },
                "7": {
                    "verse_nr": "7",
                    "verse": "Ging het niet zo met de woorden welke de HERE door de vroegere profeten heeft uitgeroepen, toen Jeruzalem met de steden er rond omheen nog bewoond was en rust had en het Zuiden en de Laagte nog bewoond waren"
                },
                "8": {
                    "verse_nr": "8",
                    "verse": "ook tot Zacharia is het woord des HEREN gekomen \u2013"
                },
                "9": {
                    "verse_nr": "9",
                    "verse": "zo zegt de HERE der heerscharen: spreekt eerlijk recht en bewijst elkander liefde en barmhartigheid"
                },
                "10": {
                    "verse_nr": "10",
                    "verse": "verdrukt weduwe noch wees, bijwoner noch arme, en beraamt niet in uw hart elkanders onheil?"
                },
                "11": {
                    "verse_nr": "11",
                    "verse": "Maar zij weigerden te luisteren, zetten hun schouder er dwars tegenin en stopten hun oren toe om niet te horen"
                },
                "12": {
                    "verse_nr": "12",
                    "verse": "hun hart maakten zij als diamant, om niet te horen naar de onderwijzing en de woorden die de HERE der heerscharen door zijn Geest, door de dienst van de vroegere profeten, had doen overbrengen. Daarop kwam er een grote toorn van de HERE der heerscharen."
                },
                "13": {
                    "verse_nr": "13",
                    "verse": "En gelijk Hij riep zonder dat zij gehoor gaven, zo ook zullen zij roepen zonder dat Ik gehoor geef, zeide de HERE der heerscharen."
                },
                "14": {
                    "verse_nr": "14",
                    "verse": "Ik zal hen als een stormwind heendrijven naar allerlei volken die zij niet kennen, en achter hen zal het land verwoest worden, zodat niemand daarin heen en weer trekt.\nAldus hebben zij het lieflijke land tot een woestenij gemaakt."
                }
            }
        },
        "8": {
            "chapter_nr": "8",
            "chapter": {
                "1": {
                    "verse_nr": "1",
                    "verse": "Het woord van de HERE der heerscharen geschiedde aldus"
                },
                "2": {
                    "verse_nr": "2",
                    "verse": "Zo zegt de HERE der heerscharen: Ik ben voor Sion in grote ijver ontbrand; in gloeiende ijver ben Ik ervoor ontbrand."
                },
                "3": {
                    "verse_nr": "3",
                    "verse": "Zo zegt de HERE: Ik keer weder tot Sion en Ik woon binnen Jeruzalem; Jeruzalem zal de stad der trouw, en de berg van de HERE der heerscharen zal de berg der heiligheid genoemd worden."
                },
                "4": {
                    "verse_nr": "4",
                    "verse": "Zo zegt de HERE der heerscharen: Er zullen weer oude mannen en vrouwen op de pleinen van Jeruzalem zitten, ieder met een stok in de hand vanwege zijn hoge leeftijd."
                },
                "5": {
                    "verse_nr": "5",
                    "verse": "Ook zullen de pleinen der stad vol zijn van jongens en meisjes, die daar spelen."
                },
                "6": {
                    "verse_nr": "6",
                    "verse": "Zo zegt de HERE der heerscharen: Al zal dit in de ogen van het overblijfsel van dit volk in die dagen te wonderlijk zijn, zou het dan ook in mijn ogen te wonderlijk zijn? luidt het woord van de HERE der heerscharen."
                },
                "7": {
                    "verse_nr": "7",
                    "verse": "Zo zegt de HERE der heerscharen: Zie, Ik verlos mijn volk uit het land van de opgang en uit dat van de ondergang der zon"
                },
                "8": {
                    "verse_nr": "8",
                    "verse": "Ik breng hen terug en zij zullen binnen Jeruzalem wonen. Zij zullen Mij tot een volk en Ik zal hun tot een God zijn, in trouw en in gerechtigheid."
                },
                "9": {
                    "verse_nr": "9",
                    "verse": "Zo zegt de HERE der heerscharen: Laten uw handen sterk zijn, gij, die in deze dagen uit de mond der profeten deze woorden hoort, uit de tijd toen het huis van de HERE der heerscharen, de tempel, gegrondvest werd, om te worden gebouwd."
                },
                "10": {
                    "verse_nr": "10",
                    "verse": "Want v\u00f3\u00f3r die tijd was er voor geen mens iets te verdienen en het vee leverde niets op; ook was de gaande en de komende man niet veilig voor de vijand; ja, Ik zette alle mensen tegen elkaar op."
                },
                "11": {
                    "verse_nr": "11",
                    "verse": "Maar nu ben Ik voor het overblijfsel van dit volk niet meer zoals in de vorige dagen, luidt het woord van de HERE der heerscharen."
                },
                "12": {
                    "verse_nr": "12",
                    "verse": "Want het zaad gedijt, de wijnstok geeft zijn vrucht, het land geeft zijn opbrengst en de hemel geeft zijn dauw; en Ik doe het overblijfsel van dit volk dit alles be\u00ebrven."
                },
                "13": {
                    "verse_nr": "13",
                    "verse": "Gelijk gij onder de volken een vervloeking geweest zijt, o huis van Juda en huis van Isra\u00ebl, zo zult gij, doordat Ik u heil schenk, een zegen worden; vreest niet, laten uw handen sterk zijn."
                },
                "14": {
                    "verse_nr": "14",
                    "verse": "Want zo zegt de HERE der heerscharen: Zoals Ik Mij voorgenomen had u kwaad te doen, toen uw vaderen Mij vertoornden, zegt de HERE der heerscharen, en het Mij niet berouwde"
                },
                "15": {
                    "verse_nr": "15",
                    "verse": "zo heb Ik in deze dagen Mij weer voorgenomen Jeruzalem en het huis van Juda w\u00e8l te doen; vreest niet!"
                },
                "16": {
                    "verse_nr": "16",
                    "verse": "Dit moet gij doen: spreekt waarheid onder elkander, oefent eerlijke en heilzame rechtspraak uit in uw poorten"
                },
                "17": {
                    "verse_nr": "17",
                    "verse": "beraamt in uw hart elkanders onheil niet, en hebt geen valse eed lief, want dit alles haat Ik, luidt het woord des HEREN."
                },
                "18": {
                    "verse_nr": "18",
                    "verse": "Ook kwam het woord van de HERE der heerscharen tot mij"
                },
                "19": {
                    "verse_nr": "19",
                    "verse": "Zo zegt de HERE der heerscharen: Het vasten der vierde, vijfde, zevende en tiende maand zal voor het huis van Juda worden tot vrolijkheid en vreugde, ja tot blijde feesten; hebt dan de waarheid en de vrede lief."
                },
                "20": {
                    "verse_nr": "20",
                    "verse": "Zo zegt de HERE der heerscharen: Wederom zullen er volken komen en inwoners van vele steden"
                },
                "21": {
                    "verse_nr": "21",
                    "verse": "en de inwoners van de ene zullen zich begeven naar die van de andere, en zeggen: Laten wij toch heengaan om de gunst des HEREN af te smeken en om de HERE der heerscharen te zoeken; ook ik wil gaan."
                },
                "22": {
                    "verse_nr": "22",
                    "verse": "Ja, vele nati\u00ebn en machtige volken zullen komen om de HERE der heerscharen te Jeruzalem te zoeken en de gunst des HEREN af te smeken."
                },
                "23": {
                    "verse_nr": "23",
                    "verse": "Zo zegt de HERE der heerscharen: In die dagen zullen tien mannen uit volken van allerlei taal vastgrijpen, ja vastgrijpen de slip van een Judeese man, en zeggen: wij willen met u gaan, want wij hebben gehoord, dat God met u is."
                }
            }
        },
        "9": {
            "chapter_nr": "9",
            "chapter": {
                "1": {
                    "verse_nr": "1",
                    "verse": "Godsspraak, het woord des HEREN.\nHij is in het land Chadrak, en Damascus is zijn verblijfplaats; want de HERE slaat het oog op andere mensen zowel als op alle stammen van Isra\u00ebl"
                },
                "2": {
                    "verse_nr": "2",
                    "verse": "ja, ook op Hamat, dat daaraan grenst, op Tyrus met Sidon, al is het nog zo wijs"
                },
                "3": {
                    "verse_nr": "3",
                    "verse": "en al heeft Tyrus zich een wal gebouwd en zilver opgehoopt als stof, en goud als slijk der straten."
                },
                "4": {
                    "verse_nr": "4",
                    "verse": "Zie, de Here zal het veroveren, en zijn voormuur neerslaan in de zee, en zelf zal het met vuur worden verteerd."
                },
                "5": {
                    "verse_nr": "5",
                    "verse": "Askelon zal het zien en vrezen, ook Gaza, en het zal hevig beven, en Ekron, omdat zijn verwachting zal beschaamd worden; dan zal de koning uit Gaza verdwijnen en Askelon zal onbewoond zijn."
                },
                "6": {
                    "verse_nr": "6",
                    "verse": "Dan zal een bastaardvolk in Asdod wonen, en Ik zal de trots der Filistijnen uitroeien."
                },
                "7": {
                    "verse_nr": "7",
                    "verse": "Ik zal hem het bloed uit de mond verwijderen en de gruwelen van tussen zijn tanden, en dan zal ook hij overblijven voor onze God, zodat hij zal zijn als een stamhoofd in Juda, en Ekron als een Jebusiet."
                },
                "8": {
                    "verse_nr": "8",
                    "verse": "Ik zal Mij rondom mijn huis legeren als een wacht tegen de heen en weer trekkende legers, en geen onderdrukker zal meer tegen hen optrekken, want nu zie Ik het met mijn eigen ogen."
                },
                "9": {
                    "verse_nr": "9",
                    "verse": "Jubel luide, gij dochter van Sion; juich, gij dochter van Jeruzalem! Zie, uw koning komt tot u, hij is rechtvaardig en zegevierend, nederig, en rijdende op een ezel, op een ezelshengst, een ezelinnejong."
                },
                "10": {
                    "verse_nr": "10",
                    "verse": "Dan zal Ik de wagens uit Efra\u00efm en de paarden uit Jeruzalem tenietdoen, ook de strijdboog wordt tenietgedaan; en hij zal de volken vrede verkondigen, en zijn heerschappij zal zich uitstrekken van zee tot zee, en van de Rivier tot de einden der aarde."
                },
                "11": {
                    "verse_nr": "11",
                    "verse": "Ook laat Ik ter wille van uw eigen verbondsbloed de gevangenen onder u vrij uit de put, waarin geen water is."
                },
                "12": {
                    "verse_nr": "12",
                    "verse": "Keert terug naar de burcht, gij gevangenen, die hoop moogt koesteren; nog heden verkondig Ik: dubbel zal Ik u vergelding doen."
                },
                "13": {
                    "verse_nr": "13",
                    "verse": "Want Ik span Mij Juda, op de boog leg Ik Efra\u00efm, en wek uw kinderen, o Sion, op tegen uw kinderen, o Griekenland, en maak u als het zwaard van een held."
                },
                "14": {
                    "verse_nr": "14",
                    "verse": "Dan zal de HERE hun verschijnen, en zijn pijl zal als de bliksem uitschieten, en de Here HERE zal de bazuin blazen en optrekken in zuiderstormen."
                },
                "15": {
                    "verse_nr": "15",
                    "verse": "De HERE der heerscharen zal hen beschutten, zodat zij verslinden, ja de slingerstenen vertreden; zij zullen drinken, tieren als van wijn, en vol worden als een sprengbekken, als de hoeken van het altaar."
                },
                "16": {
                    "verse_nr": "16",
                    "verse": "Zo zal de HERE, hun God, hen te dien dage verlossen als de kudde die zijn volk immers is, ja zij zijn kroonjuwelen, die zullen blinken in zijn land."
                },
                "17": {
                    "verse_nr": "17",
                    "verse": "Waarlijk, hoe groot is zijn geluk, ja, hoe groot zijn schoonheid! Het koren doet jongelingen, en de most jonkvrouwen gedijen."
                }
            }
        },
        "10": {
            "chapter_nr": "10",
            "chapter": {
                "1": {
                    "verse_nr": "1",
                    "verse": "Vraagt van de HERE regen ten tijde van de late regen. De HERE maakt de bliksemschichten; een stortregen zal Hij hun geven, voor iedereen gewas op het veld."
                },
                "2": {
                    "verse_nr": "2",
                    "verse": "Want de terafim spreken ijdelheid, de waarzeggers schouwen leugen, bedrieglijke dromen spreken zij, nietswaardige troost bieden zij. Daarom trekken zij voort als een kudde die in nood is, omdat zij geen herder heeft."
                },
                "3": {
                    "verse_nr": "3",
                    "verse": "Tegen de herders is mijn toorn ontbrand, en aan de bokken zal Ik bezoeking doen; maar de HERE der heerscharen bezoekt zijn kudde, het huis van Juda, en maakt hen als zijn prachtig ros in de strijd."
                },
                "4": {
                    "verse_nr": "4",
                    "verse": "Uit hen komt de hoeksteen, uit hen de tentpin, uit hen de strijdboog, uit hen komen alle machthebbers tezamen voort"
                },
                "5": {
                    "verse_nr": "5",
                    "verse": "en zij zijn als helden, die door het slijk der straten treden in de strijd; ja, zij strijden, omdat de HERE met hen is, maar die op paarden rijden, komen beschaamd te staan."
                },
                "6": {
                    "verse_nr": "6",
                    "verse": "Zo zal Ik het huis van Juda sterken en het huis van Jozef verlossen; ja, Ik zal hen terugbrengen, omdat Ik Mij over hen ontferm, en zij zullen worden, alsof Ik hen niet verworpen had. Want Ik ben de HERE, hun God, en Ik zal hen verhoren."
                },
                "7": {
                    "verse_nr": "7",
                    "verse": "Dan zullen zij zijn als een held van Efra\u00efm, en hun hart zal zich verheugen als van wijn; ook zullen hun zonen het aanschouwen en zich verheugen, hun hart zal jubelen in de HERE."
                },
                "8": {
                    "verse_nr": "8",
                    "verse": "Ik zal hen tot Mij fluiten en hen vergaderen, want Ik bevrijd hen, en zij zullen even talrijk worden als zij waren."
                },
                "9": {
                    "verse_nr": "9",
                    "verse": "Wel zaai Ik hen onder de volken, maar in verre streken zullen zij aan Mij denken; zo zullen zij leven met hun kinderen, en terugkeren."
                },
                "10": {
                    "verse_nr": "10",
                    "verse": "Ja, Ik zal hen terugbrengen uit het land Egypte, en hen uit Assur vergaderen; Ik zal hen brengen naar het land Gilead en de Libanon; doch dit zal voor hen niet toereikend zijn."
                },
                "11": {
                    "verse_nr": "11",
                    "verse": "Dan zal men in benauwdheid door de zee trekken, en in de zee de golven slaan; en alle diepten van de Nijl zullen uitdrogen. Zo zal de trots van Assur neerstorten, en de scepter van Egypte zal verdwijnen."
                },
                "12": {
                    "verse_nr": "12",
                    "verse": "Ik zal hen sterken in de HERE, en in zijn naam zullen zij wandelen, luidt het woord des HEREN."
                }
            }
        },
        "11": {
            "chapter_nr": "11",
            "chapter": {
                "1": {
                    "verse_nr": "1",
                    "verse": "Open uw deuren, o Libanon, opdat het vuur uw ceders vertere!"
                },
                "2": {
                    "verse_nr": "2",
                    "verse": "Jammer, gij cypres, omdat de ceder gevallen is, en de geweldige bomen verwoest zijn; jammert, gij eiken van Basan, omdat het ondoordringbare woud is neergestort."
                },
                "3": {
                    "verse_nr": "3",
                    "verse": "Hoor, het gejammer der herders, omdat hun heerlijkheid verwoest is; hoor, het gebrul der jonge leeuwen, omdat de pronk van de Jordaan verwoest is."
                },
                "4": {
                    "verse_nr": "4",
                    "verse": "Zo zeide de HERE, mijn God: Weid de slachtschapen"
                },
                "5": {
                    "verse_nr": "5",
                    "verse": "hun kopers slachten ze zonder dat zij zich schuldig voelen; hun verkopers zeggen: geprezen zij de HERE, omdat ik rijk word; hun herders sparen ze niet."
                },
                "6": {
                    "verse_nr": "6",
                    "verse": "Want Ik zal de bewoners der aarde niet langer sparen, luidt het woord des HEREN; zie, Ik lever de mensen over, allen in de macht van hun naaste en in de macht van hun koning; en zij zullen de aarde tot een woestenij maken, en Ik zal uit hun macht niet redden."
                },
                "7": {
                    "verse_nr": "7",
                    "verse": "Daarom heb ik de slachtschapen geweid \u2013 daarom zijn zij de ellendigste onder de schapen \u2013 en ik heb twee staven genomen, de ene heb ik genoemd Lieflijkheid, en de andere Samenbinding; zo heb ik de kudde geweid."
                },
                "8": {
                    "verse_nr": "8",
                    "verse": "Drie herders heb ik in \u00e9\u00e9n maand verdelgd, omdat ik tegenover hen mijn geduld verloren had, terwijl zij ook een afkeer hadden van mij."
                },
                "9": {
                    "verse_nr": "9",
                    "verse": "Daarop heb ik gezegd: ik wil u niet langer weiden; wat sterven gaat, sterve, en wat verdelgd dreigt te worden, worde verdelgd, en de overblijvenden mogen elkanders vlees eten."
                },
                "10": {
                    "verse_nr": "10",
                    "verse": "Toen heb ik mijn staf Lieflijkheid genomen en die verbroken, tenietdoende mijn verbond, dat ik met alle volken gesloten had."
                },
                "11": {
                    "verse_nr": "11",
                    "verse": "Dus werd het te dien dage verbroken; zo hebben de ellendigste onder de schapen, die op mij letten, bemerkt, dat dit een woord des HEREN was."
                },
                "12": {
                    "verse_nr": "12",
                    "verse": "En ik heb tot hen gezegd: Indien het goed is in uw ogen, geeft mijn loon, maar indien niet, laat het. Toen wogen zij mijn loon af: dertig zilverstukken."
                },
                "13": {
                    "verse_nr": "13",
                    "verse": "Maar de HERE zeide tot mij: Werp dat de pottenbakker toe; een heerlijke prijs waarop Ik hunnerzijds geschat ben! En ik heb de dertig zilverstukken genomen en die in het huis des HEREN de pottenbakker toegeworpen."
                },
                "14": {
                    "verse_nr": "14",
                    "verse": "Daarop heb ik mijn tweede staf, Samenbinding, verbroken, tenietdoende de broederschap tussen Juda en Isra\u00ebl."
                },
                "15": {
                    "verse_nr": "15",
                    "verse": "Toen zeide de HERE tot mij: Neem u nog eens de uitrusting van een dwaze herder"
                },
                "16": {
                    "verse_nr": "16",
                    "verse": "want zie, Ik stel een herder in het land: naar wat verdelgd dreigt te worden, zal hij niet omzien; het verstrooide zal hij niet opzoeken, het gewonde zal hij niet trachten te helen, het uitgeputte zal hij niet verzorgen; maar het vlees van de vette beesten zal hij eten, en hun hoeven zal hij afrukken."
                },
                "17": {
                    "verse_nr": "17",
                    "verse": "Wee de nietswaardige herder, die de schapen verlaat: het zwaard over zijn arm en zijn rechteroog! Verdorren zal zijn arm, verduisterd worden zijn rechteroog."
                }
            }
        },
        "12": {
            "chapter_nr": "12",
            "chapter": {
                "1": {
                    "verse_nr": "1",
                    "verse": "Godsspraak, het woord des HEREN, over Isra\u00ebl.\nAldus luidt het woord van de HERE, die de hemel uitspant en de aarde grondvest, en de geest des mensen in diens binnenste formeert."
                },
                "2": {
                    "verse_nr": "2",
                    "verse": "Zie, Ik maak Jeruzalem tot een schaal der bedwelming voor alle volken in het rond; ja ook tegen Juda zal het gaan bij de belegering van Jeruzalem."
                },
                "3": {
                    "verse_nr": "3",
                    "verse": "Te dien dage zal Ik Jeruzalem maken tot een steen, die alle nati\u00ebn moeten heffen; allen die hem heffen, zullen zich deerlijk verwonden. En alle volkeren der aarde zullen zich daarheen verzamelen."
                },
                "4": {
                    "verse_nr": "4",
                    "verse": "Te dien dage, luidt het woord des HEREN, zal Ik alle paarden treffen met verbijstering, en hun berijders met krankzinnigheid; over het huis Juda zal Ik mijn ogen openhouden, doch alle paarden der nati\u00ebn zal Ik treffen met blindheid."
                },
                "5": {
                    "verse_nr": "5",
                    "verse": "Dan zullen de stamhoofden van Juda bij zichzelf zeggen: Een sterke macht zijn mij de inwoners van Jeruzalem door de HERE der heerscharen, hun God."
                },
                "6": {
                    "verse_nr": "6",
                    "verse": "Te dien dage zal Ik de stamhoofden van Juda maken als een vuurbekken tussen het hout, en als een vuurfakkel tussen de garven; dan zullen zij rechts en links alle nati\u00ebn in het rond verteren; en Jeruzalem zal blijven voortbestaan op zijn eigen plaats, te Jeruzalem."
                },
                "7": {
                    "verse_nr": "7",
                    "verse": "Ook zal de HERE de tenten van Juda allereerst verlossen, opdat de trots van het huis van David en van de inwoners van Jeruzalem zich niet verheffe tegen Juda."
                },
                "8": {
                    "verse_nr": "8",
                    "verse": "Te dien dage zal de HERE de inwoners van Jeruzalem beschutten, en wie onder hen struikelt, zal te dien dage zijn als David, en het huis van David als God, als de Engel des HEREN voor hun aangezicht."
                },
                "9": {
                    "verse_nr": "9",
                    "verse": "Te dien dage zal Ik zoeken te verdelgen alle volken die tegen Jeruzalem oprukken."
                },
                "10": {
                    "verse_nr": "10",
                    "verse": "Ik zal over het huis van David en over de inwoners van Jeruzalem uitgieten de Geest der genade en der gebeden; zij zullen hem aanschouwen, die zij doorstoken hebben, en over hem een rouwklacht aanheffen als de rouwklacht over een enig kind, ja, zij zullen over hem bitter leed dragen als het leed om een eerstgeborene."
                },
                "11": {
                    "verse_nr": "11",
                    "verse": "Te dien dage zal in Jeruzalem de rouwklacht groot zijn, zoals de rouwklacht van Hadadrimmon in het dal van Megiddo"
                },
                "12": {
                    "verse_nr": "12",
                    "verse": "het land zal een rouwklacht aanheffen, alle geslachten afzonderlijk; het geslacht van het huis van David afzonderlijk en hun vrouwen afzonderlijk, het geslacht van het huis van Natan afzonderlijk en hun vrouwen afzonderlijk"
                },
                "13": {
                    "verse_nr": "13",
                    "verse": "het geslacht van het huis van Levi afzonderlijk en hun vrouwen afzonderlijk, het geslacht van Simi afzonderlijk en hun vrouwen afzonderlijk"
                },
                "14": {
                    "verse_nr": "14",
                    "verse": "alle overige geslachten, alle geslachten afzonderlijk en hun vrouwen afzonderlijk."
                }
            }
        },
        "13": {
            "chapter_nr": "13",
            "chapter": {
                "1": {
                    "verse_nr": "1",
                    "verse": "Te dien dage zal er een bron ontsloten zijn voor het huis van David en voor de inwoners van Jeruzalem ter ontzondiging en reiniging."
                },
                "2": {
                    "verse_nr": "2",
                    "verse": "En Ik zal te dien dage, luidt het woord van de HERE der heerscharen, de namen van de afgoden uit het land uitroeien, zodat niet meer aan hen gedacht zal worden; ook de profeten en de onreine geest zal Ik uit het land wegdoen."
                },
                "3": {
                    "verse_nr": "3",
                    "verse": "Wanneer dan nog iemand als profeet optreedt, zullen zijn vader en zijn moeder, die hem verwekt hebben, tot hem zeggen: Gij zult niet blijven leven, omdat gij leugens gesproken hebt in de naam des HEREN; ja, zijn vader en zijn moeder, die hem verwekt hebben, zullen hem doorsteken, wanneer hij als profeet optreedt."
                },
                "4": {
                    "verse_nr": "4",
                    "verse": "Te dien dage zullen de profeten beschaamd staan, ieder om wat hij schouwt, wanneer hij als profeet optreedt, en zij zullen geen haren mantel aantrekken om leugens te vertellen."
                },
                "5": {
                    "verse_nr": "5",
                    "verse": "Maar ieder zal zeggen: Ik ben geen profeet, ik ben een man die de akker bebouwt, want iemand heeft mij gekocht in mijn jeugd."
                },
                "6": {
                    "verse_nr": "6",
                    "verse": "En als men tot hem zegt: Wat zijn dat voor wonden tussen uw armen? dan zal hij zeggen: Daarmee ben ik geslagen in het huis van mijn vrienden."
                },
                "7": {
                    "verse_nr": "7",
                    "verse": "Zwaard, waak op tegen mijn herder, tegen de man die mijn metgezel is, luidt het woord van de HERE der heerscharen; sla die herder, zodat de schapen verstrooid worden; en Ik zal mijn hand keren tegen de kleinen."
                },
                "8": {
                    "verse_nr": "8",
                    "verse": "In het gehele land, luidt het woord des HEREN, zullen twee derden uitgeroeid worden en de geest geven, maar een derde zal daarin overblijven."
                },
                "9": {
                    "verse_nr": "9",
                    "verse": "Dat derde deel zal Ik in het vuur brengen, en Ik zal hen smelten, zoals men zilver smelt, ja hen louteren, zoals men goud loutert. Zij zullen mijn naam aanroepen en Ik zal hen verhoren. Ik zeg: Dat is mijn volk; en zij zullen zeggen: De HERE is mijn God."
                }
            }
        },
        "14": {
            "chapter_nr": "14",
            "chapter": {
                "1": {
                    "verse_nr": "1",
                    "verse": "Zie, er komt een dag voor de HERE, waarop de buit, op u behaald, binnen uw muren verdeeld zal worden."
                },
                "2": {
                    "verse_nr": "2",
                    "verse": "Dan zal Ik alle volken tegen Jeruzalem ten strijde vergaderen; de stad zal genomen worden, de huizen zullen worden geplunderd en de vrouwen geschonden. De helft van de stad zal wegtrekken in ballingschap, maar de rest van het volk zal in de stad niet uitgeroeid worden."
                },
                "3": {
                    "verse_nr": "3",
                    "verse": "Dan zal de HERE uittrekken om tegen die volken te strijden, zoals Hij vroeger streed, ten dage van de krijg"
                },
                "4": {
                    "verse_nr": "4",
                    "verse": "zijn voeten zullen te dien dage staan op de Olijfberg, die v\u00f3\u00f3r Jeruzalem ligt aan de oostzijde; dan zal de Olijfberg middendoor splijten, oostwaarts en westwaarts, tot een zeer groot dal, en de ene helft van de berg zal noordwaarts wijken en de andere helft zuidwaarts"
                },
                "5": {
                    "verse_nr": "5",
                    "verse": "en gij zult de vlucht nemen in het dal mijner bergen, want het dal der bergen zal reiken tot Asel; ja, gij zult de vlucht nemen, zoals gij de vlucht genomen hebt voor de aardbeving in de dagen van Uzzia, de koning van Juda. En de HERE, mijn God, zal komen, alle heiligen met Hem."
                },
                "6": {
                    "verse_nr": "6",
                    "verse": "En op die dag zal er geen kostelijk licht zijn, noch verstijving"
                },
                "7": {
                    "verse_nr": "7",
                    "verse": "ja, het zal \u00e9\u00e9n dag zijn \u2013 die is bij de HERE bekend \u2013 geen dag en geen nacht; maar ten tijde van de avond zal er licht wezen."
                },
                "8": {
                    "verse_nr": "8",
                    "verse": "Dan zullen te dien dage levende wateren uit Jeruzalem vlieten, de helft daarvan naar de oostelijke en de helft naar de westelijke zee; in de zomer zowel als in de winter zal dat geschieden."
                },
                "9": {
                    "verse_nr": "9",
                    "verse": "En de HERE zal koning worden over de gehele aarde; te dien dage zal de HERE de enige zijn, en zijn naam de enige."
                },
                "10": {
                    "verse_nr": "10",
                    "verse": "Het gehele land zal worden als de Vlakte van Geba tot Rimmon, zuidelijk van Jeruzalem; maar dit zal verhoogd worden en op zijn plaats blijven bestaan, van de Benjaminpoort tot de plaats van de vroegere poort, tot de Hoekpoort, en van de Chananeltoren tot de koninklijke perskuipen"
                },
                "11": {
                    "verse_nr": "11",
                    "verse": "men zal het bewonen, en er zal geen ban meer zijn, maar Jeruzalem zal veilig gelegen zijn."
                },
                "12": {
                    "verse_nr": "12",
                    "verse": "Dan zal dit de plaag zijn, waarmee de HERE alle volken zal treffen, die tegen Jeruzalem zijn uitgerukt: Hij zal ieders vlees, terwijl hij nog op zijn voeten staat, doen wegteren, en ieders ogen zullen wegteren in hun kassen, en ieders tong zal wegteren in zijn mond."
                },
                "13": {
                    "verse_nr": "13",
                    "verse": "Ja, te dien dage zal er onder hen een grote, door de HERE bewerkte, ontsteltenis wezen, en ieder zal de hand van een ander grijpen, en ieders hand zal zich tegen die van een ander verheffen."
                },
                "14": {
                    "verse_nr": "14",
                    "verse": "Ja, ook Juda zal tegen Jeruzalem strijden, terwijl het vermogen van alle omwonende volken bijeengebracht wordt: goud, zilver en klederen in zeer grote menigte."
                },
                "15": {
                    "verse_nr": "15",
                    "verse": "En voor de paarden, de muildieren, de kamelen, de ezels en alle dieren die zich in die legers bevinden, zal er een plaag zijn gelijk aan deze plaag."
                },
                "16": {
                    "verse_nr": "16",
                    "verse": "Allen, die zijn overgebleven van al de volken, die tegen Jeruzalem zijn opgerukt, zullen van jaar tot jaar heentrekken om zich neer te buigen voor de Koning, de HERE der heerscharen, en het Loofhuttenfeest te vieren."
                },
                "17": {
                    "verse_nr": "17",
                    "verse": "Maar wie uit de geslachten der aarde niet naar Jeruzalem zal heentrekken om zich voor de Koning, de HERE der heerscharen, neder te buigen, op hem zal geen regen vallen"
                },
                "18": {
                    "verse_nr": "18",
                    "verse": "en indien het geslacht der Egyptenaren niet zal heentrekken en komen, op wie geen (regen) valt, dan zal toch komen de plaag waarmee de HERE de volken zal treffen, die niet heentrekken om het Loofhuttenfeest te vieren."
                },
                "19": {
                    "verse_nr": "19",
                    "verse": "Dit zal de straf zijn van de Egyptenaren en van alle volken die niet heentrekken om het Loofhuttenfeest te vieren."
                },
                "20": {
                    "verse_nr": "20",
                    "verse": "Te dien dage zal op de bellen van de paarden staan: Den HERE heilig; en de potten in het huis des HEREN zullen zijn als de sprengbekkens v\u00f3\u00f3r het altaar"
                },
                "21": {
                    "verse_nr": "21",
                    "verse": "ja, alle potten in Jeruzalem en in Juda zullen de HERE der heerscharen heilig zijn, zodat alle offeraars kunnen komen en die gebruiken om daarin te koken. En er zal te dien dage geen Kana\u00e4niet meer zijn in het huis van de HERE der heerscharen."
                }
            }
        }
    }
}