{
    "version": "vietnamese",
    "book_name": "Lamentations",
    "book_nr": "25",
    "book": {
        "1": {
            "chapter_nr": 1,
            "chapter": {
                "1": {
                    "verse_nr": 1,
                    "verse": "Th\u00e0nh n\u1ea7y x\u01b0a v\u1ed1n \u0111\u00f4ng d\u00e2n l\u1eafm, k\u00eca nay ng\u1ed3i m\u1ed9t m\u00ecnh! X\u01b0a v\u1ed1n l\u00e0m l\u1edbn gi\u1eefa c\u00e1c d\u00e2n, nay nh\u01b0 \u0111\u1eddn b\u00e0 g\u00f3a! X\u01b0a v\u1ed1n l\u00e0m n\u1eef ch\u1ee7 c\u00e1c qu\u1eadn, nay ph\u1ea3i n\u1ed9p thu\u1ebf kh\u00f3a!\n"
                },
                "2": {
                    "verse_nr": 2,
                    "verse": "N\u00f3 kh\u00f3c n\u1ee9c n\u1edf ban \u0111\u00eam, n\u01b0\u1edbc m\u1eaft tr\u00e0n \u0111\u00f4i m\u00e1. M\u1ecdi k\u1ebb y\u00eau m\u1ebfn n\u00f3, ch\u1eb3ng ai y\u00ean \u1ee7i n\u00f3. B\u1ea1n b\u00e8 n\u00f3 ph\u1ea3n n\u00f3, \u0111\u1ec1u tr\u1edf n\u00ean ngh\u1ecbch th\u00f9.\n"
                },
                "3": {
                    "verse_nr": 3,
                    "verse": "Giu-\u0111a \u0111i l\u00e0m phu t\u00f9, v\u00ec ch\u1ecbu n\u1ea1n c\u00f9ng ch\u1ecbu sai d\u1ecbch n\u1eb7ng n\u1ec1. \u1ede \u0111\u1eadu gi\u1eefa c\u00e1c d\u00e2n, ch\u1eb3ng \u0111\u01b0\u1ee3c ch\u00fat ngh\u1ec9 ng\u01a1i. Nh\u1eefng k\u1ebb b\u1eaft b\u1edb \u0111u\u1ed5i theo n\u00f3, theo k\u1ecbp n\u00f3 n\u01a1i eo h\u1eb9p.\n"
                },
                "4": {
                    "verse_nr": 4,
                    "verse": "C\u00e1c \u0111\u01b0\u1eddng l\u1ed1i Si-\u00f4n \u0111\u01b0\u01a1ng th\u1ea3m s\u1ea7u, v\u00ec ch\u1eb3ng ai \u0111\u1ebfn d\u1ef1 k\u1ef3 l\u1ec5 tr\u1ecdng th\u1ec3 n\u1eefa. M\u1ecdi c\u1eeda th\u00e0nh hoang vu; c\u00e1c th\u1ea7y t\u1ebf l\u1ec5 th\u1edf than; C\u00e1c g\u00e1i \u0111\u1ed3ng trinh n\u00f3 b\u1ecb kh\u1ed1n n\u1ea1n, ch\u00ednh n\u00f3 ph\u1ea3i ch\u1ecbu cay \u0111\u1eafng.\n"
                },
                "5": {
                    "verse_nr": 5,
                    "verse": "K\u1ebb \u0111\u1ed1i \u0111\u1ecbch n\u00f3 tr\u1edf n\u00ean \u0111\u1ea7u, k\u1ebb th\u00f9 ngh\u1ecbch n\u00f3 \u0111\u01b0\u1ee3c th\u1ea1nh v\u01b0\u1ee3ng; V\u00ec \u00d0\u1ee9c Gi\u00ea-h\u00f4-va l\u00e0m kh\u1ed1n kh\u1ed5 n\u00f3, b\u1edfi c\u1edb t\u1ed9i l\u1ed7i n\u00f3 nhi\u1ec1u l\u1eafm. Con nh\u1ecf n\u00f3 b\u1ecb k\u1ebb ngh\u1ecbch b\u1eaft \u0111i\u1ec7u \u0111i l\u00e0m phu t\u00f9.\n"
                },
                "6": {
                    "verse_nr": 6,
                    "verse": "Con g\u00e1i Si-\u00f4n \u0111\u00e3 m\u1ea5t h\u1ebft m\u1ecdi s\u1ef1 l\u00e0m cho m\u00ecnh vinh hoa. C\u00e1c quan tr\u01b0\u1edfng n\u00f3 nh\u01b0 nai ch\u1eb3ng t\u00ecm \u0111\u01b0\u1ee3c \u0111\u1ed3ng c\u1ecf, Ch\u1ea1y tr\u1ed1n ki\u1ec7t c\u1ea3 s\u1ee9c tr\u01b0\u1edbc m\u1eb7t k\u1ebb \u0111u\u1ed5i theo.\n"
                },
                "7": {
                    "verse_nr": 7,
                    "verse": "Gi\u00ea-ru-sa-lem, \u0111\u01b0\u01a1ng ng\u00e0y kh\u1ed1n kh\u1ed5 l\u01b0u ly, nh\u1edb x\u01b0a tr\u1ea3i m\u1ecdi m\u00f9i vui th\u00edch; Khi d\u00e2n n\u00f3 sa v\u00e0o tay k\u1ebb ngh\u1ecbch, ch\u1eb3ng ai \u0111\u1ebfn c\u1ee9u c\u00f9ng. Qu\u00e2n th\u00f9 xem th\u1ea5y n\u00f3, ch\u00ea c\u01b0\u1eddi n\u00f3 hoang vu!\n"
                },
                "8": {
                    "verse_nr": 8,
                    "verse": "Gi\u00ea-ru-sa-lem ph\u1ea1m t\u1ed9i tr\u1ecdng, b\u1edfi \u0111\u00f3 tr\u1edf n\u00ean s\u1ef1 \u00f4 u\u1ebf. M\u1ecdi k\u1ebb t\u00f4n k\u00ednh \u0111\u1ec1u khinh d\u1ec3, v\u00ec th\u1ea5y n\u00f3 tr\u1ea7n tru\u1ed3ng. N\u00f3 t\u1ef1 m\u00ecnh th\u1edf than, tr\u1edf lui.\n"
                },
                "9": {
                    "verse_nr": 9,
                    "verse": "V\u00e1y n\u00f3 d\u01a1 b\u1ea9n; n\u00f3 ch\u1eb3ng ngh\u0129 s\u1ef1 cu\u1ed1i c\u00f9ng m\u00ecnh! S\u1ef1 sa s\u00fat n\u00f3 kh\u00e1c th\u01b0\u1eddng, ch\u1eb3ng ai y\u00ean \u1ee7i n\u00f3! H\u1ee1i \u00d0\u1ee9c Gi\u00ea-h\u00f4-va, xin xem s\u1ef1 ki\u00ean nh\u1eabn t\u00f4i, v\u00ec k\u1ebb th\u00f9 \u0111\u00e3 t\u1ef1 t\u00f4n m\u00ecnh l\u00e0m l\u1edbn.\n"
                },
                "10": {
                    "verse_nr": 10,
                    "verse": "K\u1ebb th\u00f9 \u0111\u00e3 gi\u01a1 tay tr\u00ean m\u1ecdi v\u1eadt t\u1ed1t n\u00f3; V\u00ec n\u00f3 \u0111\u00e3 th\u1ea5y c\u00e1c d\u00e2n ngo\u1ea1i x\u00f4ng v\u00e0o n\u01a1i th\u00e1nh n\u00f3. V\u1ec1 d\u00e2n ngo\u1ea1i \u1ea5y Ng\u00e0i c\u00f3 truy\u1ec1n: ch\u1eb3ng \u0111\u01b0\u1ee3c v\u00e0o h\u1ed9i Ng\u00e0i.\n"
                },
                "11": {
                    "verse_nr": 11,
                    "verse": "C\u1ea3 d\u00e2n n\u00f3 v\u1eeba \u0111i xin b\u00e1nh, v\u1eeba th\u1edf than; \u00d0\u1ed5i h\u1ebft s\u1ef1 vui l\u1ea5y th\u1ee9c \u0103n, \u0111\u1ec3 t\u01b0\u01a1i t\u1ec9nh linh h\u1ed3n m\u00ecnh. H\u1ee1i \u00d0\u1ee9c Gi\u00ea-h\u00f4-va, xin \u0111o\u00e1i xem, v\u00ec t\u00f4i \u0111\u00e3 n\u00ean khinh h\u00e8n!\n"
                },
                "12": {
                    "verse_nr": 12,
                    "verse": "H\u1ee1i m\u1ecdi ng\u01b0\u1eddi \u0111i qua, h\u00e1 ch\u1eb3ng l\u1ea5y l\u00e0m quan h\u1ec7 sao? X\u00e9t xem c\u00f3 s\u1ef1 bu\u1ed3n b\u1ef1c n\u00e0o \u0111\u1ecd \u0111\u01b0\u1ee3c s\u1ef1 bu\u1ed3n b\u1ef1c \u0111\u00e3 l\u00e0m cho ta, M\u00e0 \u00d0\u1ee9c Gi\u00ea-h\u00f4-va \u0111\u00e3 l\u00e0m kh\u1ed1n cho ta n\u01a1i ng\u00e0y Ng\u00e0i n\u1ed5i gi\u1eadn ph\u1eebng ph\u1eebng.\n"
                },
                "13": {
                    "verse_nr": 13,
                    "verse": "Ng\u00e0i \u0111\u00e3 gi\u00e1ng l\u1eeda t\u1eeb tr\u00ean cao, v\u00e0 x\u01b0\u01a1ng c\u1ed1t ta v\u00e0 th\u1eafng \u0111\u01b0\u1ee3c. Ng\u00e0i \u0111\u00e3 gi\u0103ng l\u01b0\u1edbi d\u01b0\u1edbi ch\u01a1n ta, l\u00e0m cho ta th\u1ed1i lui. Ng\u00e0i \u0111\u00e3 l\u00e0m cho ta n\u00ean \u0111\u01a1n chi\u1ebfc, h\u1eb1ng ng\u00e0y b\u1ecb hao m\u00f2n.\n"
                },
                "14": {
                    "verse_nr": 14,
                    "verse": "\u00c1ch c\u1ee7a t\u1ed9i l\u1ed7i ta Ng\u00e0i bu\u1ed9c tay v\u00e0o, C\u1ea3 b\u00f3 ch\u1ea5t n\u1eb7ng c\u1ed5 ta, Ng\u00e0i \u0111\u00e3 b\u1ebb g\u00e3y s\u1ee9c m\u1ea1nh ta. Ch\u00faa \u0111\u00e3 ph\u00f3 ta trong tay ch\u00fang n\u00f3, m\u00e0 ta kh\u00f4ng ch\u1ed1ng c\u1ef1 \u0111\u01b0\u1ee3c!\n"
                },
                "15": {
                    "verse_nr": 15,
                    "verse": "Ch\u00faa \u0111\u00e3 l\u00e0m n\u00ean h\u01b0 kh\u00f4ng l\u00ednh chi\u1ebfn \u1edf gi\u1eefa ta. Ng\u00e0i \u0111\u00e3 nh\u00f3m h\u1ed9i l\u1edbn ngh\u1ecbch c\u00f9ng ta, \u0111\u1eb7ng nghi\u1ec1n k\u1ebb trai tr\u1ebb ta. Ch\u00faa \u0111\u00e3 gi\u00e0y \u0111\u1ea1p nh\u01b0 trong b\u00e0n \u00e9p con g\u00e1i \u0111\u1ed3ng trinh c\u1ee7a Giu-\u0111a.\n"
                },
                "16": {
                    "verse_nr": 16,
                    "verse": "V\u1eady n\u00ean ta kh\u00f3c l\u00f3c; m\u1eaft ta tu\u00f4n n\u01b0\u1edbc m\u1eaft; V\u00ec k\u1ebb y\u00ean \u1ee7i l\u00e0m t\u1ec9nh h\u1ed3n ta th\u00ec \u0111\u00e3 xa ta. Con c\u00e1i ta b\u1ecb \u0111\u01a1n chi\u1ebfc, v\u00ec k\u1ebb th\u00f9 \u0111\u00e3 th\u1eafng tr\u1eadn.\n"
                },
                "17": {
                    "verse_nr": 17,
                    "verse": "Si-\u00f4n gi\u01a1 tay, ch\u1eb3ng ai y\u00ean \u1ee7i n\u00f3; \u00d0\u1ee9c Gi\u00ea-h\u00f4-va \u0111\u00e3 truy\u1ec1n v\u1ec1 Gia-c\u1ed1p: nh\u1eefng k\u1ebb chung quanh n\u00f3 ngh\u1ecbch c\u00f9ng n\u00f3. Gi\u00ea-ru-sa-lem \u1edf gi\u1eefa ch\u00fang n\u00f3 nh\u01b0 m\u1ed9t s\u1ef1 \u00f4 u\u1ebf.\n"
                },
                "18": {
                    "verse_nr": 18,
                    "verse": "\u00d0\u1ee9c Gi\u00ea-h\u00f4-va l\u00e0 c\u00f4ng b\u00ecnh, v\u00ec ta \u0111\u00e3 b\u1ea1n ngh\u1ecbch c\u00f9ng m\u1ea1ng Ng\u00e0i. H\u1ee1i c\u00e1c d\u00e2n, xin h\u00e3y nghe h\u1ebft th\u1ea3y, h\u00e3y xem s\u1ef1 bu\u1ed3n b\u1ef1c ta! G\u00e1i \u0111\u1ed3ng trinh v\u00e0 trai tr\u1ebb ta \u0111\u00e3 \u0111i l\u00e0m phu t\u00f9.\n"
                },
                "19": {
                    "verse_nr": 19,
                    "verse": "Ta \u0111\u00e3 k\u00eau g\u1ecdi nh\u1eefng k\u1ebb y\u00eau m\u1ebfn ta, nh\u01b0ng h\u1ecd l\u1eeba d\u1ed1i ta. C\u00e1c th\u1ea7y t\u1ebf l\u1ec5 v\u00e0 tr\u01b0\u1edfng l\u00e3o \u0111\u00e3 t\u1eaft h\u01a1i trong th\u00e0nh, Khi h\u1ecd tim \u0111\u1ed3 \u0103n \u0111\u1ec3 t\u01b0\u01a1i t\u1ec9nh linh h\u1ed3n m\u00ecnh.\n"
                },
                "20": {
                    "verse_nr": 20,
                    "verse": "H\u1ee1i \u00d0\u1ee9c Gi\u00ea-h\u00f4-va, xin \u0111o\u00e1i xem, v\u00ec t\u00f4i g\u1eb7p ho\u1ea1n n\u1ea1n; l\u00f2ng t\u00f4i b\u1ed1i r\u1ed1i; Tr\u00e1i tim t\u00f4i chuy\u1ec3n \u0111\u1ed9ng, v\u00ec t\u00f4i b\u1ea1n ngh\u1ecbch l\u1eafm l\u1eafm! \u1ede ngo\u00e0i c\u00f3 g\u01b0\u01a1m dao l\u00e0m cho m\u1ea5t, trong nh\u00e0 c\u00f3 s\u1ef1 t\u1eed vong.\n"
                },
                "21": {
                    "verse_nr": 21,
                    "verse": "Ng\u01b0\u1eddi ta nghe ti\u1ebfng t\u00f4i than th\u1edf, ch\u1eb3ng ai h\u1ec1 y\u00ean \u1ee7i. M\u1ecdi k\u1ebb th\u00f9 nghe tin t\u00f4i b\u1ecb n\u1ea1n, bi\u1ebft Ng\u00e0i \u0111\u00e3 l\u00e0m th\u00ec m\u1eebng r\u1ee1. Ng\u00e0y Ng\u00e0i \u0111\u00e3 rao, Ng\u00e0i s\u1ebd khi\u1ebfn \u0111\u1ebfn! ch\u00fang n\u00f3 s\u1ebd gi\u1ed1ng nh\u01b0 t\u00f4i!\n"
                },
                "22": {
                    "verse_nr": 22,
                    "verse": "Nguy\u1ec1n cho m\u1ecdi t\u1ed9i ch\u00fang n\u00f3 b\u00e0y ra tr\u01b0\u1edbc m\u1eb7t Ng\u00e0i! Xin \u0111\u00e3i ch\u00fang n\u00f3 nh\u01b0 \u0111\u00e3i t\u00f4i b\u1edfi c\u1ee9 m\u1ecdi t\u1ed9i l\u1ed7i t\u00f4i; V\u00ec t\u00f4i than th\u1edf nhi\u1ec1u, v\u00e0 l\u00f2ng t\u00f4i m\u00f2n m\u1ecfi.\n"
                }
            }
        },
        "2": {
            "chapter_nr": 2,
            "chapter": {
                "1": {
                    "verse_nr": 1,
                    "verse": "Sao Ch\u00faa \u0111\u00e3 n\u1ed5i gi\u1eadn, v\u1ea7y m\u00e2y che khu\u1ea5t con g\u00e1i Si-\u00f4n? Ng\u00e0i \u0111\u00e3 n\u00e9m s\u1ef1 \u0111\u1eb9p \u0111\u1ebd Y-s\u01a1-ra-\u00ean t\u1eeb tr\u00ean tr\u1eddi xu\u1ed1ng \u0111\u1ea5t. Trong ng\u00e0y th\u1ea1nh n\u1ed9, Ng\u00e0i ch\u1eb3ng nh\u1edb \u0111\u1ebfn b\u1ec7 ch\u01a1n m\u00ecnh.\n"
                },
                "2": {
                    "verse_nr": 2,
                    "verse": "Ch\u00faa \u0111\u00e3 nu\u1ed1t \u0111i, ch\u1eb3ng th\u01b0\u01a1ng x\u00f3t, h\u1ebft th\u1ea3y ch\u1ed7 \u1edf c\u1ee7a Gia-c\u1ed1p. Ng\u00e0i nh\u01a1n gi\u1eadn \u0111\u00e3 \u0111\u1ed5 \u0111\u1ed3n l\u0169y con g\u00e1i Giu-\u0111a; Ng\u00e0i \u0111\u00e3 x\u00f4 cho \u0111\u1ed5 xu\u1ed1ng \u0111\u1ea5t, l\u00e0m nh\u1ee5c n\u01b0\u1edbc v\u00e0 quan tr\u01b0\u1edfng trong n\u01b0\u1edbc.\n"
                },
                "3": {
                    "verse_nr": 3,
                    "verse": "Trong c\u01a1n n\u00f3ng gi\u1eadn, Ng\u00e0i ch\u1eb7t h\u1ebft s\u1eebng c\u1ee7a Y-s\u01a1-ra-\u00ean. Ng\u00e0i \u0111\u00e3 r\u00fat tay h\u1eefu l\u1ea1i t\u1eeb tr\u01b0\u1edbc m\u1eb7t k\u1ebb ngh\u1ecbch th\u00f9. Ng\u00e0i \u0111\u00e3 \u0111\u1ed1t ch\u00e1y Gia-c\u1ed1p nh\u01b0 l\u1eeda h\u1eebng thi\u00eau nu\u1ed1t c\u1ea3 t\u01b0 b\u1ec1.\n"
                },
                "4": {
                    "verse_nr": 4,
                    "verse": "Ng\u00e0i gi\u01b0\u01a1ng cung ra nh\u01b0 k\u1ebb th\u00f9; gi\u01a1 tay h\u1eefu l\u00ean, \u0111\u1ee9ng nh\u01b0 k\u1ebb ngh\u1ecbch. Ng\u00e0i \u0111\u00e3 gi\u1ebft h\u1ebft, nh\u1eefng k\u1ebb l\u00e0m vui m\u1eaft. Trong tr\u1ea1i con g\u00e1i Si-\u00f4n, Ng\u00e0i \u0111\u00e3 \u0111\u1ed5 gi\u1eadn ra nh\u01b0 l\u1eeda.\n"
                },
                "5": {
                    "verse_nr": 5,
                    "verse": "Ch\u00faa \u0111\u00e3 tr\u1edf n\u00ean nh\u01b0 k\u1ebb ngh\u1ecbch \u0111\u00e3 nu\u1ed1t Y-s\u01a1-ra-\u00ean; Nu\u1ed1t c\u1ea3 cung \u0111\u1ec1n, ph\u00e1 tan \u0111\u1ed3n l\u0169y; L\u00e0m cho con g\u00e1i Giu-\u0111a th\u00eam tang ch\u1ebf th\u1ea3m th\u01b0\u01a1ng.\n"
                },
                "6": {
                    "verse_nr": 6,
                    "verse": "Ng\u00e0i \u0111\u00e3 c\u1ea5t nh\u00e0 t\u1ea1m m\u00ecnh \u0111i c\u00e1ch m\u1ea1nh b\u1ea1o nh\u01b0 thu\u1ed9c v\u1ec1 v\u01b0\u1eddn; l\u1ea1i \u0111\u00e3 h\u1ee7y n\u01a1i h\u1ed9i h\u1ecdp Ng\u00e0i. T\u1ea1i Si-\u00f4n, \u00d0\u1ee9c Gi\u00ea-h\u00f4-va \u0111\u00e3 khi\u1ebfn ng\u00e0y h\u1ed9i tr\u1ecdng th\u1ec3 c\u00f9ng Sa-b\u00e1t b\u1ecb qu\u00ean \u0111i; Trong c\u01a1n n\u00f3ng gi\u1eadn, Ng\u00e0i khinh d\u1ec3 vua v\u00e0 th\u1ea7y t\u1ebf l\u1ec5.\n"
                },
                "7": {
                    "verse_nr": 7,
                    "verse": "\u00d0\u1ee9c Gi\u00ea-h\u00f4-va \u0111\u00e3 b\u1ecf b\u00e0n th\u1edd, l\u1ea1i g\u1edbm n\u01a1i th\u00e1nh; Ng\u00e0i \u0111\u00e3 ph\u00f3 th\u00e0nh qu\u00e1ch cung \u0111i\u1ec7n Si-\u00f4n v\u00e0o trong tay qu\u00e2n ngh\u1ecbch. Ch\u00fang n\u00f3 l\u00e0m om s\u00f2m trong nh\u00e0 \u00d0\u1ee9c Gi\u00ea-h\u00f4-va nh\u01b0 trong ng\u00e0y h\u1ed9i tr\u1ecdng th\u1ec3.\n"
                },
                "8": {
                    "verse_nr": 8,
                    "verse": "\u00d0\u1ee9c Gi\u00ea-h\u00f4-va \u0111\u00e3 \u0111\u1ecbnh ph\u00e1 h\u1ee7y t\u01b0\u1eddng th\u00e0nh c\u1ee7a con g\u00e1i Si-\u00f4n; Ng\u00e0i \u0111\u00e3 gi\u0103ng d\u00e2y m\u1ef1c, ch\u1eb3ng ng\u1eebng tay v\u1ec1 s\u1ef1 ph\u00e1 di\u1ec7t; Ng\u00e0i l\u00e0m cho l\u0169y v\u00e0 t\u01b0\u1eddng th\u1ea3m s\u1ea7u hao m\u00f2n c\u00f9ng nhau.\n"
                },
                "9": {
                    "verse_nr": 9,
                    "verse": "C\u00e1c c\u1eeda n\u00f3 s\u1ee5p trong \u0111\u1ea5t; Ng\u00e0i \u0111\u00e3 ph\u00e1 v\u00e0 b\u1ebb c\u00e1c then ch\u1ed1t. Vua v\u00e0 quan tr\u01b0\u1edfng n\u00f3 \u1edf gi\u1eefa c\u00e1c n\u01b0\u1edbc l\u00e0 n\u01a1i ch\u1eb3ng c\u00f3 ph\u00e1p lu\u1eadt! Ch\u00ednh m\u00ecnh c\u00e1c ti\u00ean tri ch\u1eb3ng t\u00ecm \u0111\u01b0\u1ee3c t\u1eeb \u00d0\u1ee9c Gi\u00ea-h\u00f4-va s\u1ef1 hi\u1ec7n th\u1ea5y chi.\n"
                },
                "10": {
                    "verse_nr": 10,
                    "verse": "C\u00e1c k\u1ebb gi\u00e0 c\u1ea3 g\u00e1i Si-\u00f4n n\u00edn l\u1eb7ng ng\u1ed3i d\u01b0\u1edbi \u0111\u1ea5t; \u00d0\u1ea7u \u0111\u1ed5 tro b\u1ee5i, m\u00ecnh m\u1eb7c bao gai. C\u00e1c g\u00e1i \u0111\u1ed3ng trinh Gi\u00ea-ru-sa-lem g\u1ee5c \u0111\u1ea7u \u0111\u1ebfn \u0111\u1ea5t.\n"
                },
                "11": {
                    "verse_nr": 11,
                    "verse": "M\u1eaft ta hao m\u00f2n v\u00ec ch\u1ea3y n\u01b0\u1edbc m\u1eaft, l\u00f2ng ta b\u1ed1i r\u1ed1i; Gan ta \u0111\u1ed5 tr\u00ean \u0111\u1ea5t, v\u00ec s\u1ef1 h\u1ee7y di\u1ec7t con g\u00e1i d\u00e2n ta. V\u00ec con tr\u1ebb v\u00e0 c\u00e1c con \u0111\u01b0\u01a1ng b\u00fa, ng\u1ea5t \u0111i n\u01a1i c\u00e1c \u0111\u01b0\u1eddng ph\u1ed1 trong th\u00e0nh.\n"
                },
                "12": {
                    "verse_nr": 12,
                    "verse": "Ch\u00fang n\u00f3 n\u00f3i c\u00f9ng m\u1eb9 m\u00ecnh r\u1eb1ng: t\u00ecm th\u00f3c v\u00e0 r\u01b0\u1ee3u \u1edf \u0111\u00e2u? Khi nh\u1ea5t \u0111i nh\u01b0 k\u1ebb b\u1ecb th\u01b0\u01a1ng, n\u01a1i c\u00e1c \u0111\u01b0\u1eddng ph\u1ed1 trong th\u00e0nh; V\u00e0 khi ch\u00fang n\u00f3 t\u1eaft h\u01a1i tr\u00ean l\u00f2ng m\u1eb9 m\u00ecnh.\n"
                },
                "13": {
                    "verse_nr": 13,
                    "verse": "Ta l\u00e0m ch\u1ee9ng g\u00ec cho ng\u01b0\u01a1i? H\u1ee1i g\u00e1i Gi\u00ea-ru-sa-lem, ta k\u1ec3 th\u00ed d\u1ee5 chi? Ta l\u1ea5y g\u00ec s\u00e1nh c\u00f9ng ng\u01b0\u01a1i \u0111\u1eb7ng y\u00ean \u1ee7i ng\u01b0\u01a1i, h\u1ee1i con g\u00e1i \u0111\u1ed3ng trinh Si-\u00f4n? S\u1ef1 ph\u00e1 h\u1ea1i ng\u01b0\u01a1i to nh\u01b0 bi\u1ec3n: ai s\u1eeda sang l\u1ea1i \u0111\u01b0\u1ee3c?\n"
                },
                "14": {
                    "verse_nr": 14,
                    "verse": "C\u00e1c ti\u00ean tri ng\u01b0\u01a1i xem cho ng\u01b0\u01a1i nh\u1eefng s\u1ef1 hi\u1ec7n th\u1ea5y gi\u1ea3 d\u1ed1i v\u00e0 ngu d\u1ea1i. Ch\u1eb3ng t\u1ecf ra t\u1ed9i l\u1ed7i ng\u01b0\u01a1i, \u0111\u1eb7ng \u0111em phu t\u00f9 ng\u01b0\u01a1i tr\u1edf v\u1ec1. Ch\u1ec9 th\u1ea5y cho ng\u01b0\u01a1i nh\u1eefng l\u1eddi ti\u00ean tri d\u1ed1i v\u00e0 s\u1ef1 l\u00e0m c\u1edb cho ng\u01b0\u01a1i b\u1ecb \u0111u\u1ed5i.\n"
                },
                "15": {
                    "verse_nr": 15,
                    "verse": "Nh\u1eefng ng\u01b0\u1eddi qua \u0111\u01b0\u1eddng th\u1ea5y ng\u01b0\u01a1i th\u00ec v\u1ed7 tay; X\u1ec9 b\u00e1ng l\u1eafc \u0111\u1ea7u v\u00ec th\u1ea5y g\u00e1i Gi\u00ea-ru-sa-lem, N\u00f3i r\u1eb1ng: C\u00f3 ph\u1ea3i n\u1ea7y l\u00e0 th\u00e0nh m\u00e0 ng\u01b0\u1eddi ta g\u1ecdi l\u00e0 s\u1ef1 \u0111\u1eb9p \u0111\u1ebd tr\u1ecdn v\u1eb9n, s\u1ef1 vui m\u1eebng c\u1ee7a c\u1ea3 \u0111\u1ea5t ch\u0103ng?\n"
                },
                "16": {
                    "verse_nr": 16,
                    "verse": "M\u1ecdi k\u1ebb th\u00f9 ngh\u1ecbch ng\u01b0\u01a1i h\u1ea3 mi\u1ec7ng r\u1ed9ng ngh\u1ecbch c\u00f9ng ng\u01b0\u01a1i, X\u1ec9 b\u00e1ng, nghi\u1ebfn r\u0103ng, r\u1eb1ng: Ch\u00fang ta \u0111\u00e3 nu\u1ed1t n\u00f3! N\u1ea7y ch\u1eafc l\u00e0 ng\u00e0y ch\u00fang ta tr\u00f4ng \u0111\u1ee3i, ch\u00fang ta \u0111\u00e3 t\u00ecm \u0111\u01b0\u1ee3c, \u0111\u00e3 th\u1ea5y r\u1ed3i!\n"
                },
                "17": {
                    "verse_nr": 17,
                    "verse": "\u00d0\u1ee9c Gi\u00ea-h\u00f4-va \u0111\u00e3 l\u00e0m s\u1ef1 m\u00ecnh \u0111\u1ecbnh; \u0111\u00e3 l\u00e0m tr\u1ecdn l\u1eddi m\u00e0 x\u01b0a kia m\u00ecnh \u0111\u00e3 truy\u1ec1n; Ng\u00e0i \u0111\u00e3 l\u1eadt \u0111\u1ed5 ch\u1eb3ng th\u01b0\u01a1ng x\u00f3t, \u00d0\u00e3 l\u00e0m cho k\u1ebb th\u00f9 ng\u01b0\u01a1i vui v\u00ec c\u1edb ng\u01b0\u01a1i, khi\u1ebfn s\u1eebng k\u1ebb \u0111\u1ecbch ng\u01b0\u01a1i c\u1ea5t l\u00ean.\n"
                },
                "18": {
                    "verse_nr": 18,
                    "verse": "L\u00f2ng d\u00e2n ng\u01b0\u01a1i k\u00eau van \u0111\u1ebfn Ch\u00faa. H\u1ee1i t\u01b0\u1eddng th\u00e0nh con g\u00e1i Si-\u00f4n, h\u00e3y cho n\u01b0\u1edbc m\u1eaft ng\u01b0\u01a1i ng\u00e0y \u0111\u00eam ch\u1ea3y nh\u01b0 s\u00f4ng! \u00d0\u1eebng cho ngh\u1ec9 ng\u01a1i; con ng\u01b0\u01a1i m\u1eaft ng\u01b0\u1eddi ch\u1eb3ng th\u00f4i.\n"
                },
                "19": {
                    "verse_nr": 19,
                    "verse": "H\u00e3y ch\u1ed5i d\u1eady k\u00eau van l\u00fac ban \u0111\u00eam, v\u1eeba \u0111\u1ea7u c\u00e1c phi\u00ean canh; \u00d0\u1ed5 l\u00f2ng ra nh\u01b0 n\u01b0\u1edbc \u1edf tr\u01b0\u1edbc m\u1eb7t Ch\u00faa. H\u00e3y gi\u01a1 tay h\u01b0\u1edbng v\u1ec1 Ch\u00faa v\u00ec s\u1ef1 s\u1ed1ng con nh\u1ecf ng\u01b0\u01a1i, ch\u00fang n\u00f3 ng\u1ea5t \u0111i v\u00ec \u0111\u00f3i n\u01a1i g\u00f3c ph\u1ed1.\n"
                },
                "20": {
                    "verse_nr": 20,
                    "verse": "H\u1ee1i \u00d0\u1ee9c Gi\u00ea-h\u00f4-va, xin \u0111o\u00e1i xem! Ng\u00e0i \u0111\u00e3 h\u1ec1 \u0111\u00e3i ai nh\u01b0 th\u1ebf? \u00d0\u1eddn b\u00e0 h\u00e1 \u0103n tr\u00e1i ru\u1ed9t m\u00ecnh, t\u1ee9c con c\u00e1i \u1eb5m trong tay \u01b0? Th\u1ea7y t\u1ebf l\u1ec5 c\u00f9ng ti\u00ean tri, h\u00e1 n\u00ean gi\u1ebft trong n\u01a1i th\u00e1nh Ch\u00faa \u01b0?\n"
                },
                "21": {
                    "verse_nr": 21,
                    "verse": "Nh\u1eefng ng\u01b0\u1eddi tr\u1ebb v\u00e0 gi\u00e0 n\u1eb1m s\u1ea3i tr\u00ean \u0111\u1ea5t trong \u0111\u01b0\u1eddng ph\u1ed1. Nh\u1eefng g\u00e1i tr\u1ebb v\u00e0 trai tr\u1ebb ta \u0111\u1ec1u ng\u00e3 d\u01b0\u1edbi m\u0169i g\u01b0\u01a1m. Ng\u00e0i gi\u1ebft \u0111i n\u01a1i ng\u00e0y th\u1ea1nh n\u1ed9, tru di\u1ec7t ch\u1eb3ng x\u00f3t th\u01b0\u01a1ng.\n"
                },
                "22": {
                    "verse_nr": 22,
                    "verse": "Ng\u00e0i \u0111\u00e3 nh\u00f3m nh\u01b0 ng\u00e0y h\u1ed9i tr\u1ecdng th\u1ec3 nh\u1eefng s\u1ef1 kinh h\u00e3i c\u1ee7a t\u00f4i m\u1ecdi b\u1ec1. N\u01a1i ng\u00e0y th\u1ea1nh n\u1ed9 c\u1ee7a \u00d0\u1ee9c Gi\u00ea-h\u00f4-va, ch\u1eb3ng ai tho\u00e1t kh\u1ecfi v\u00e0 s\u00f3t l\u1ea1i. Nh\u1eefng k\u1ebb t\u00f4i \u0111\u00e3 b\u1ed3ng \u1eb5m v\u00e0 th\u1ea5y l\u1edbn l\u00ean, h\u1ebft th\u1ea3y \u0111\u00e3 b\u1ecb qu\u00e2n ngh\u1ecbch h\u1ee7y h\u1ea1i.\n"
                }
            }
        },
        "3": {
            "chapter_nr": 3,
            "chapter": {
                "1": {
                    "verse_nr": 1,
                    "verse": "Ta l\u00e0 ng\u01b0\u1eddi \u0111\u00e3 th\u1ea5y kh\u1ed1n kh\u1ed5 b\u1edfi g\u1eady th\u1ea1nh n\u1ed9 c\u1ee7a Ng\u00e0i.\n"
                },
                "2": {
                    "verse_nr": 2,
                    "verse": "Ng\u00e0i \u0111\u00e3 d\u1eaft ta v\u00e0 khi\u1ebfn ta b\u01b0\u1edbc \u0111i trong t\u1ed1i t\u0103m, ch\u1eb3ng b\u01b0\u1edbc \u0111i trong s\u00e1ng l\u00e1ng.\n"
                },
                "3": {
                    "verse_nr": 3,
                    "verse": "Ch\u1eafc Ng\u00e0i tr\u1edf tay c\u1ea3 ng\u00e0y ngh\u1ecbch c\u00f9ng ta nhi\u1ec1u l\u1ea7n.\n"
                },
                "4": {
                    "verse_nr": 4,
                    "verse": "Ng\u00e0i \u0111\u00e3 l\u00e0m hao m\u00f2n th\u1ecbt v\u00e0 da, \u0111\u00e3 b\u1ebb g\u00e3y x\u01b0\u01a1ng ta,\n"
                },
                "5": {
                    "verse_nr": 5,
                    "verse": "\u00d0\u00e3 x\u00e2y \u0111\u1eafp ngh\u1ecbch c\u00f9ng ta, v\u00e2y ta b\u1eb1ng m\u1eadt \u0111\u1eafng v\u00e0 s\u1ef1 nh\u1ecdc nh\u1eb1n,\n"
                },
                "6": {
                    "verse_nr": 6,
                    "verse": "Khi\u1ebfn ta \u1edf trong n\u01a1i t\u1ed1i t\u0103m, nh\u01b0 ng\u01b0\u1eddi \u0111\u00e3 ch\u1ebft t\u1eeb l\u00e2u \u0111\u1eddi.\n"
                },
                "7": {
                    "verse_nr": 7,
                    "verse": "Ng\u00e0i \u0111\u00e3 bao b\u1ecdc ta b\u1eb1ng t\u01b0\u1eddng, m\u00e0 kh\u00f4ng cho ra; l\u1ea1i l\u00e0m cho n\u1eb7ng xi\u1ec1ng ta.\n"
                },
                "8": {
                    "verse_nr": 8,
                    "verse": "Khi ta k\u1ef3 l\u1ea1 v\u00e0 xin c\u1ee9u, Ng\u00e0i b\u1ecbt tai ch\u1eb3ng nghe l\u1eddi c\u1ea7u nguy\u1ec7n;\n"
                },
                "9": {
                    "verse_nr": 9,
                    "verse": "L\u1ea5y nh\u1eefng \u0111\u00e1 \u0111\u1ebdo l\u1ea5p l\u1ed1i ta; Ng\u00e0i \u0111\u00e3 l\u00e0m cho \u0111\u01b0\u1eddng n\u1ebbo ta quanh qu\u1eb9o.\n"
                },
                "10": {
                    "verse_nr": 10,
                    "verse": "Ng\u00e0i \u0111\u1ed1i v\u1edbi ta nh\u01b0 g\u1ea5u r\u00ecnh r\u1eadp, nh\u01b0 s\u01b0 t\u1eed n\u01a1i k\u00edn \u0111\u00e1o;\n"
                },
                "11": {
                    "verse_nr": 11,
                    "verse": "Khi\u1ebfn ta l\u1ea1c \u0111\u01b0\u1eddng v\u00e0 v\u1ed3 x\u00e9 ta, cho ta ph\u1ea3i s\u1ea7u n\u00e3o.\n"
                },
                "12": {
                    "verse_nr": 12,
                    "verse": "Ng\u00e0i \u0111\u00e3 gi\u01b0\u01a1ng cung v\u00e0 ch\u1ecdn ta l\u00e0m tr\u00f2ng cho t\u00ean Ng\u00e0i.\n"
                },
                "13": {
                    "verse_nr": 13,
                    "verse": "Ng\u00e0i \u0111\u00e3 khi\u1ebfn t\u00ean trong bao Ng\u00e0i v\u00e0o tr\u00e1i c\u1eadt ta:\n"
                },
                "14": {
                    "verse_nr": 14,
                    "verse": "Ta l\u00e0m tr\u00f2 c\u01b0\u1eddi cho c\u1ea3 d\u00e2n ta, h\u1ecd l\u1ea5y ta l\u00e0m b\u00e0i h\u00e1t c\u1ea3 ng\u00e0y.\n"
                },
                "15": {
                    "verse_nr": 15,
                    "verse": "Ng\u00e0i \u0111\u00e3 cho ta \u0111\u1ea7y d\u1eaby s\u1ef1 \u0111\u1eafng cay, cho ta no n\u00ea b\u1eb1ng ng\u1ea3i c\u1ee9u.\n"
                },
                "16": {
                    "verse_nr": 16,
                    "verse": "Ng\u00e0i \u0111\u00e3 l\u1ea5y s\u1ecfi b\u1ebb r\u0103ng ta; v\u00f9i ta v\u00e0o trong tro.\n"
                },
                "17": {
                    "verse_nr": 17,
                    "verse": "Ng\u00e0i khi\u1ebfn h\u1ed3n ta xa s\u1ef1 b\u00ecnh an, ta \u0111\u00e3 qu\u00ean ph\u01b0\u1edbc l\u00e0nh.\n"
                },
                "18": {
                    "verse_nr": 18,
                    "verse": "Ta r\u1eb1ng: H\u1ebft s\u1ee9c m\u1ea1nh ta, d\u1ee9t l\u00f2ng tr\u00f4ng \u0111\u1ee3i \u00d0\u1ee9c Gi\u00ea-h\u00f4-va.\n"
                },
                "19": {
                    "verse_nr": 19,
                    "verse": "H\u00e3y nh\u1edb \u0111\u1ebfn s\u1ef1 ho\u1ea1n n\u1ea1n kh\u1ed1n kh\u1ed5 ta, l\u00e0 ng\u1ea3i c\u1ee9u v\u00e0 m\u1eadt \u0111\u1eafng.\n"
                },
                "20": {
                    "verse_nr": 20,
                    "verse": "H\u1ed3n ta c\u00f2n nh\u1edb \u0111\u1ebfn, v\u00e0 hao m\u00f2n trong ta.\n"
                },
                "21": {
                    "verse_nr": 21,
                    "verse": "Ta nh\u1edb l\u1ea1i s\u1ef1 \u0111\u00f3, th\u00ec c\u00f3 s\u1ef1 tr\u00f4ng mong:\n"
                },
                "22": {
                    "verse_nr": 22,
                    "verse": "\u1ea4y l\u00e0 nh\u1edd s\u1ef1 nh\u01a1n t\u1eeb \u00d0\u1ee9c Gi\u00ea-h\u00f4-va m\u00e0 ch\u00fang ta ch\u01b0a tuy\u1ec7t. V\u00ec s\u1ef1 th\u01b0\u01a1ng x\u00f3t c\u1ee7a Ng\u00e0i ch\u1eb3ng d\u1ee9t.\n"
                },
                "23": {
                    "verse_nr": 23,
                    "verse": "M\u1ed7i bu\u1ed5i s\u00e1ng th\u00ec l\u1ea1i m\u1edbi lu\u00f4n, s\u1ef1 th\u00e0nh t\u00edn Ng\u00e0i l\u00e0 l\u1edbn l\u1eafm.\n"
                },
                "24": {
                    "verse_nr": 24,
                    "verse": "H\u1ed3n ta n\u00f3i: \u00d0\u1ee9c Gi\u00ea-h\u00f4-va l\u00e0 c\u01a1 nghi\u1ec7p ta, n\u00ean ta \u0111\u1ec3 l\u00f2ng tr\u00f4ng c\u1eady n\u01a1i Ng\u00e0i.\n"
                },
                "25": {
                    "verse_nr": 25,
                    "verse": "\u00d0\u1ee9c Gi\u00ea-h\u00f4-va ban s\u1ef1 nh\u01a1n t\u1eeb cho nh\u1eefng k\u1ebb tr\u00f4ng \u0111\u1ee3i Ng\u00e0i, cho linh h\u1ed3n t\u00ecm c\u1ea7u Ng\u00e0i.\n"
                },
                "26": {
                    "verse_nr": 26,
                    "verse": "Th\u1eadt t\u1ed1t cho ng\u01b0\u1eddi tr\u00f4ng mong v\u00e0 y\u00ean l\u1eb7ng \u0111\u1ee3i ch\u1edd s\u1ef1 c\u1ee9u r\u1ed7i c\u1ee7a \u00d0\u1ee9c Gi\u00ea-h\u00f4-va.\n"
                },
                "27": {
                    "verse_nr": 27,
                    "verse": "Th\u1eadt t\u1ed1t cho ng\u01b0\u1eddi mang \u00e1ch l\u00fac tr\u1ebb th\u01a1.\n"
                },
                "28": {
                    "verse_nr": 28,
                    "verse": "Ph\u1ea3i, n\u00f3 ph\u1ea3i ng\u1ed3i m\u1ed9t m\u00ecnh v\u00e0 l\u00e0m thinh, v\u00ec Ng\u00e0i \u0111\u00e3 g\u00e1n \u00e1ch tr\u00ean m\u00ecnh.\n"
                },
                "29": {
                    "verse_nr": 29,
                    "verse": "N\u00f3 kh\u00e1 \u0111\u1ec3 mi\u1ec7ng trong b\u1ee5i \u0111\u1ea5t! ho\u1eb7c gi\u1ea3 s\u1ebd c\u00f3 s\u1ef1 tr\u00f4ng mong.\n"
                },
                "30": {
                    "verse_nr": 30,
                    "verse": "N\u00f3 kh\u00e1 \u0111\u01b0a m\u00e1 ra cho k\u1ebb v\u1ea3, kh\u00e1 ch\u1ecbu \u0111\u1ea7y nhu\u1ed1c nha.\n"
                },
                "31": {
                    "verse_nr": 31,
                    "verse": "V\u00ec Ch\u00faa ch\u1eb3ng h\u1ec1 b\u1ecf cho \u0111\u1ebfn \u0111\u1eddi \u0111\u1eddi.\n"
                },
                "32": {
                    "verse_nr": 32,
                    "verse": "D\u1ea7u Ng\u00e0i \u0111\u00e3 l\u00e0m cho lo bu\u1ed3n, c\u00f2n s\u1ebd th\u01b0\u01a1ng x\u00f3t theo s\u1ef1 d\u01b0 d\u1eadt c\u1ee7a l\u00f2ng nh\u01a1n t\u1eeb Ng\u00e0i;\n"
                },
                "33": {
                    "verse_nr": 33,
                    "verse": "V\u00ec \u1ea5y l\u00e0 ch\u1eb3ng ph\u1ea3i b\u1ed5n t\u00e2m Ng\u00e0i l\u00e0m cho con c\u00e1i lo\u00e0i ng\u01b0\u1eddi c\u1ef1c kh\u1ed5 v\u00e0 bu\u1ed3n r\u1ea7u.\n"
                },
                "34": {
                    "verse_nr": 34,
                    "verse": "Khi ng\u01b0\u1eddi ta gi\u00e0y \u0111\u1ea1p m\u1ecdi k\u1ebb t\u00f9 trong \u0111\u1ea5t,\n"
                },
                "35": {
                    "verse_nr": 35,
                    "verse": "Khi u\u1ed1n cong l\u00fd \u0111o\u00e1n c\u1ee7a ng\u01b0\u1eddi tr\u01b0\u1edbc m\u1eb7t \u00d0\u1ea5ng R\u1ea5t Cao,\n"
                },
                "36": {
                    "verse_nr": 36,
                    "verse": "Khi \u0111i\u00ean \u0111\u1ea3o ai trong s\u1ef1 x\u00e9t \u0111o\u00e1n, th\u00ec Ch\u00faa ch\u1eb3ng \u01b0ng ch\u1ecbu.\n"
                },
                "37": {
                    "verse_nr": 37,
                    "verse": "N\u1ebfu ch\u1eb3ng ph\u1ea3i Ch\u00faa truy\u1ec1n l\u1ecbnh, ai hay n\u00f3i ra v\u00e0 s\u1ef1 \u1ea5y \u0111\u01b0\u1ee3c th\u00e0nh?\n"
                },
                "38": {
                    "verse_nr": 38,
                    "verse": "H\u00e1 ch\u1eb3ng ph\u1ea3i t\u1eeb mi\u1ec7ng \u00d0\u1ea5ng R\u1ea5t Cao ra tai h\u1ecda v\u00e0 ph\u01b0\u1edbc l\u00e0nh?\n"
                },
                "39": {
                    "verse_nr": 39,
                    "verse": "C\u1edb sao ng\u01b0\u1eddi \u0111ang s\u1ed1ng ph\u00e0n n\u00e0n v\u00ec ch\u1ecbu h\u00ecnh ph\u1ea1t v\u1ec1 t\u1ed9i l\u1ed7i m\u00ecnh?\n"
                },
                "40": {
                    "verse_nr": 40,
                    "verse": "Ch\u00fang ta h\u00e3y x\u00e9t v\u00e0 th\u1eed \u0111\u01b0\u1eddng m\u00ecnh, tr\u1edf v\u1ec1 c\u00f9ng \u00d0\u1ee9c Gi\u00ea-h\u00f4-va.\n"
                },
                "41": {
                    "verse_nr": 41,
                    "verse": "Ch\u00fang ta h\u00e3y gi\u01a1 l\u00f2ng v\u00e0 tay l\u00ean \u0111\u1ebfn \u00d0\u1ee9c Ch\u00faa Tr\u1eddi tr\u00ean tr\u1eddi.\n"
                },
                "42": {
                    "verse_nr": 42,
                    "verse": "Ch\u00fang t\u00f4i \u0111\u00e3 ph\u1ea1m ph\u00e9p, \u0111\u00e3 b\u1ea1n ngh\u1ecbch; Ng\u00e0i \u0111\u00e3 ch\u1eb3ng dung th\u1ee9!\n"
                },
                "43": {
                    "verse_nr": 43,
                    "verse": "Ng\u00e0i l\u1ea5y gi\u1eadn che m\u00ecnh v\u00e0 \u0111u\u1ed5i theo ch\u00fang t\u00f4i, gi\u1ebft l\u00e1t ch\u00fang t\u00f4i, ch\u1eb3ng th\u01b0\u01a1ng x\u00f3t.\n"
                },
                "44": {
                    "verse_nr": 44,
                    "verse": "Ng\u00e0i \u1ea9n m\u00ecnh trong m\u00e2y, \u0111\u1ebfn n\u1ed7i ch\u1eb3ng l\u1eddi c\u1ea7u nguy\u1ec7n n\u00e0o th\u1ea5u qua \u0111\u01b0\u1ee3c.\n"
                },
                "45": {
                    "verse_nr": 45,
                    "verse": "Ng\u00e0i l\u00e0m ch\u00fang t\u00f4i ra c\u1ee7a b\u1ecf, ra \u0111\u1ed3 r\u00e1c r\u1ebfn trong d\u00e2n s\u1ef1.\n"
                },
                "46": {
                    "verse_nr": 46,
                    "verse": "M\u1ecdi k\u1ebb ngh\u1ecbch th\u00f9 h\u1ea3 mi\u1ec7ng r\u1ed9ng ngh\u1ecbch c\u00f9ng ch\u00fang t\u00f4i.\n"
                },
                "47": {
                    "verse_nr": 47,
                    "verse": "Ch\u00fang t\u00f4i \u0111\u00e3 m\u1eafc s\u1ef1 s\u1ee3 h\u00e3i, h\u1ea7m h\u1ed1, h\u1ee7y di\u1ec7t, v\u00e0 h\u01b0 h\u1ea1i.\n"
                },
                "48": {
                    "verse_nr": 48,
                    "verse": "M\u1eaft t\u00f4i ch\u1ea3y d\u00f2ng n\u01b0\u1edbc, v\u00ec g\u00e1i d\u00e2n t\u00f4i m\u1eafc di\u1ec7t vong.\n"
                },
                "49": {
                    "verse_nr": 49,
                    "verse": "M\u1eaft t\u00f4i tu\u00f4n n\u01b0\u1edbc m\u1eaft, kh\u00f4ng th\u00f4i c\u0169ng kh\u00f4ng ng\u1edbt,\n"
                },
                "50": {
                    "verse_nr": 50,
                    "verse": "Cho \u0111\u1ebfn ch\u1eebng n\u00e0o \u00d0\u1ee9c Gi\u00ea-h\u00f4-va \u0111o\u00e1i xem, t\u1eeb tr\u00ean tr\u1eddi ng\u00f3 xu\u1ed1ng.\n"
                },
                "51": {
                    "verse_nr": 51,
                    "verse": "M\u1eaft t\u00f4i l\u00e0m kh\u1ed5 linh h\u1ed3n t\u00f4i, v\u00ec m\u1ecdi con g\u00e1i c\u1ee7a th\u00e0nh t\u00f4i.\n"
                },
                "52": {
                    "verse_nr": 52,
                    "verse": "Nh\u1eefng k\u1ebb v\u00f4 c\u1edb th\u00f9 ngh\u1ecbch t\u00f4i \u0111\u00e3 \u0111u\u1ed5i t\u00f4i nh\u01b0 \u0111u\u1ed5i chim.\n"
                },
                "53": {
                    "verse_nr": 53,
                    "verse": "H\u1ecd mu\u1ed1n gi\u1ebft t\u00f4i n\u01a1i ng\u1ee5c t\u1ed1i, v\u00e0 n\u00e9m \u0111\u00e1 tr\u00ean t\u00f4i.\n"
                },
                "54": {
                    "verse_nr": 54,
                    "verse": "N\u01b0\u1edbc l\u00ean ng\u1eadp \u0111\u1ea7u t\u00f4i, t\u00f4i n\u00f3i: Ta ph\u1ea3i ch\u1ebft m\u1ea5t!\n"
                },
                "55": {
                    "verse_nr": 55,
                    "verse": "H\u1ee1i \u00d0\u1ee9c Gi\u00ea-h\u00f4-va, t\u00f4i t\u1eeb n\u01a1i ng\u1ee5c t\u1ed1i r\u1ea5t s\u00e2u k\u00eau c\u1ea7u danh Ng\u00e0i.\n"
                },
                "56": {
                    "verse_nr": 56,
                    "verse": "Ng\u00e0i ch\u00fang con \u0111\u00e3 nghe ti\u1ebfng t\u00f4i, xin \u0111\u1eebng b\u1ecbt tai kh\u1ecfi h\u01a1i th\u1edf v\u00e0 l\u1eddi k\u00eau van t\u00f4i.\n"
                },
                "57": {
                    "verse_nr": 57,
                    "verse": "Ng\u00e0y t\u00f4i c\u1ea7u Ng\u00e0i, Ng\u00e0i \u0111\u00e3 \u0111\u1ebfn g\u1ea7n t\u00f4i, \u0111\u00e3 ph\u00e1n c\u00f9ng t\u00f4i: Ch\u1edb s\u1ee3 h\u00e3i chi!\n"
                },
                "58": {
                    "verse_nr": 58,
                    "verse": "H\u1ee1i Ch\u00faa, Ng\u00e0i \u0111\u00e3 \u0111\u1ed1i n\u1ea1i vi\u1ec7c h\u1ed3n t\u00f4i, l\u00e0 \u00d0\u1ea5ng chu\u1ed9c m\u1ea1ng t\u00f4i.\n"
                },
                "59": {
                    "verse_nr": 59,
                    "verse": "H\u1ee1i \u00d0\u1ee9c Gi\u00ea-h\u00f4-va, Ng\u00e0i \u0111\u00e3 th\u1ea5y ng\u01b0\u1eddi ta hi\u1ebfp \u0111\u00e1p t\u00f4i: xin \u0111o\u00e1n x\u00e9t vi\u1ec7c t\u00f4i!\n"
                },
                "60": {
                    "verse_nr": 60,
                    "verse": "Ch\u00fang n\u00f3 b\u00e1o th\u00f9, l\u1eadp m\u01b0u h\u1ea1i t\u00f4i, th\u00ec Ng\u00e0i \u0111\u00e3 th\u1ea5y h\u1ebft.\n"
                },
                "61": {
                    "verse_nr": 61,
                    "verse": "H\u1ee1i \u00d0\u1ee9c Gi\u00ea-h\u00f4-va, Ng\u00e0i \u0111\u00e3 nghe ch\u00fang n\u00f3 s\u1ec9 nh\u1ee5c, b\u00e0y m\u1ecdi m\u01b0u ch\u01b0\u1edbc ngh\u1ecbch c\u00f9ng t\u00f4i.\n"
                },
                "62": {
                    "verse_nr": 62,
                    "verse": "Nh\u1eefng m\u00f4i mi\u1ebfng c\u1ee7a k\u1ebb d\u1ea5y ngh\u1ecbch c\u00f9ng t\u00f4i v\u00e0 m\u01b0u k\u1ebf l\u1eadp ra h\u1ea1i t\u00f4i c\u1ea3 ng\u00e0y.\n"
                },
                "63": {
                    "verse_nr": 63,
                    "verse": "Xin Ng\u00e0i xem s\u1ef1 ng\u1ed3i xu\u1ed1ng v\u00e0 \u0111\u1ee9ng d\u1eady c\u1ee7a ch\u00fang n\u00f3; t\u00f4i l\u00e0 b\u00e0i h\u00e1t c\u1ee7a ch\u00fang n\u00f3.\n"
                },
                "64": {
                    "verse_nr": 64,
                    "verse": "H\u1ee1i \u00d0\u1ee9c Gi\u00ea-h\u00f4-va, Ng\u00e0i s\u1ebd b\u00e1o tr\u1ea3 ch\u00fang n\u00f3 t\u00f9y theo vi\u1ec7c tay ch\u00fang n\u00f3 l\u00e0m.\n"
                },
                "65": {
                    "verse_nr": 65,
                    "verse": "Ng\u00e0i s\u1ebd ban l\u00f2ng c\u1ee9ng c\u1ecfi cho ch\u00fang n\u00f3, s\u1ef1 r\u1ee7a s\u1ea3 gi\u00e1ng tr\u00ean ch\u00fang n\u00f3.\n"
                },
                "66": {
                    "verse_nr": 66,
                    "verse": "Ng\u00e0i s\u1ebd l\u1ea5y c\u01a1n gi\u1eadn v\u00e0 \u0111u\u1ed5i theo, h\u1ee7y ho\u1ea1i ch\u00fang n\u00f3 kh\u1ecfi d\u01b0\u1edbi tr\u1eddi c\u1ee7a \u00d0\u1ee9c Gi\u00ea-h\u00f4-va.\n"
                }
            }
        },
        "4": {
            "chapter_nr": 4,
            "chapter": {
                "1": {
                    "verse_nr": 1,
                    "verse": "Than \u00f4i! v\u00e0ng m\u1edd t\u1ed1i, v\u00e0ng r\u00f2ng bi\u1ebfn \u0111\u1ed5i d\u01b0\u1eddng n\u00e0o! \u00d0\u00e1 n\u01a1i th\u00e1nh \u0111\u1ed5 ra n\u01a1i m\u1ecdi g\u00f3c \u0111\u01b0\u1eddng ph\u1ed1!\n"
                },
                "2": {
                    "verse_nr": 2,
                    "verse": "C\u00e1c con trai c\u1ee7a Si-\u00f4n qu\u00ed b\u00e1u kh\u00e1c n\u00e0o v\u00e0ng r\u00f2ng, Nay coi nh\u01b0 b\u00ecnh \u0111\u1ea5t s\u00e9t l\u00e0 vi\u1ec7c c\u1ee7a tay th\u1ee3 g\u1ed1m l\u00e0m!\n"
                },
                "3": {
                    "verse_nr": 3,
                    "verse": "Ch\u00ednh c\u00e1c ch\u00f3 r\u1eebng c\u00f2n \u0111\u01b0a v\u00fa ra cho con n\u00f3 \u0111\u1eb7ng cho b\u00fa; Song con g\u00e1i d\u00e2n ta tr\u1edf n\u00ean hung d\u1eef nh\u01b0 chim \u0111\u00e0 \u1edf n\u01a1i \u0111\u1ed3ng v\u1eafng.\n"
                },
                "4": {
                    "verse_nr": 4,
                    "verse": "Con m\u1edbi \u0111\u1ebb khao kh\u00e1t l\u1eafm, l\u01b0\u1ee1i n\u00f3 d\u00ednh v\u1edbi c\u00faa h\u1ecdng. Tr\u1ebb nh\u1ecf \u0111\u00f2i b\u00e1nh ch\u1eb3ng ai b\u1ebb cho.\n"
                },
                "5": {
                    "verse_nr": 5,
                    "verse": "Nh\u1eefng ng\u01b0\u1eddi quen n\u1ebfm m\u00f9i cao l\u01b0\u01a1ng \u0111\u01a1n chi\u1ebfc trong c\u00e1c \u0111\u01b0\u1eddng ph\u1ed1; Nh\u1eefng k\u1ebb d\u01b0\u1ee1ng nu\u00f4i trong \u0111\u1ed3 \u0111i\u1ec1u \u0111\u1ecf, nay \u00f4m l\u1ea5y \u0111\u1ed1ng ph\u00e2n tro.\n"
                },
                "6": {
                    "verse_nr": 6,
                    "verse": "T\u1ed9i l\u1ed7i con g\u00e1i d\u00e2n ta l\u1edbn h\u01a1n t\u1ed9i l\u1ed7i S\u00f4-\u0111\u00f4m, L\u00e0 th\u00e0nh b\u1ecb \u0111\u1ed5 nh\u01b0 trong gi\u00e2y ph\u00fat, ch\u1eb3ng ai gi\u01a1 tay ra tr\u00ean n\u00f3.\n"
                },
                "7": {
                    "verse_nr": 7,
                    "verse": "C\u00e1c ng\u01b0\u1eddi sang tr\u1ecdng c\u1ee7a n\u00f3 tinh h\u01a1n tuy\u1ebft, tr\u1eafng h\u01a1n s\u1eefa. N\u01b0\u1edbc da \u0111\u1ecf h\u1ed3ng h\u01a1n san h\u00f4, m\u00ecnh m\u1ea9y s\u00e1ng ng\u1eddi nh\u01b0 b\u00edch ng\u1ecdc.\n"
                },
                "8": {
                    "verse_nr": 8,
                    "verse": "Nay m\u1eb7t \u0111en h\u01a1n than: ch\u1eb3ng ai nh\u1eadn bi\u1ebft trong \u0111\u01b0\u1eddng ph\u1ed1; C\u00f2n x\u01b0\u01a1ng b\u1ecdc l\u1ea5y da; kh\u00f4 ran nh\u01b0 kh\u00fac g\u1ed7.\n"
                },
                "9": {
                    "verse_nr": 9,
                    "verse": "Nh\u1eefng ng\u01b0\u1eddi b\u1ecb g\u01b0\u01a1m gi\u1ebft may h\u01a1n k\u1ebb b\u1ecb ch\u1ebft \u0111\u00f3i: V\u00ec thi\u1ebfu s\u1ea3n v\u1eadt ngo\u00e0i \u0111\u1ed3ng, ng\u01b0\u1eddi l\u1ea7n l\u1ea7n hao m\u00f2n nh\u01b0 b\u1ecb \u0111\u00e2m.\n"
                },
                "10": {
                    "verse_nr": 10,
                    "verse": "Ch\u00ednh tay ng\u01b0\u1eddi \u0111\u1eddn b\u00e0 v\u1eabn c\u00f3 l\u00f2ng th\u01b0\u01a1ng x\u00f3t, n\u1ea5u ch\u00edn con c\u00e1i m\u00ecnh, D\u00f9ng l\u00e0m \u0111\u1ed3 \u0103n cho m\u00ecnh gi\u1eefa khi con g\u00e1i d\u00e2n ta b\u1ecb ph\u00e1 h\u1ea1i.\n"
                },
                "11": {
                    "verse_nr": 11,
                    "verse": "\u00d0\u1ee9c Gi\u00ea-h\u00f4-va \u0111\u00e3 l\u00e0m tr\u1ecdn s\u1ef1 gi\u1eadn c\u1ee7a Ng\u00e0i, \u0111\u1ed5 c\u01a1n th\u1ea1nh n\u1ed9 Ng\u00e0i ra; Ng\u00e0i \u0111\u00e3 \u0111\u1ed1t l\u1eeda t\u1ea1i Si-\u00f4n, thi\u00eau nu\u1ed1t n\u1ec1n n\u00f3.\n"
                },
                "12": {
                    "verse_nr": 12,
                    "verse": "C\u00e1c vua tr\u00ean \u0111\u1ea5t, c\u1ea3 d\u00e2n c\u01b0 th\u1ebf gian, v\u1ed1n ch\u1eb3ng ng\u1edd K\u1ebb th\u00f9 qu\u00e2n ngh\u1ecbch s\u1ebd tr\u00e0n v\u00e0o c\u00e1c c\u1eeda th\u00e0nh Gi\u00ea-ru-sa-lem.\n"
                },
                "13": {
                    "verse_nr": 13,
                    "verse": "\u1ea4y l\u00e0 v\u00ec c\u1edb t\u1ed9i l\u1ed7i c\u1ee7a c\u00e1c ti\u00ean tri n\u00f3, v\u00e0 s\u1ef1 gian \u00e1c c\u1ee7a c\u00e1c th\u1ea7y t\u1ebf l\u1ec5 n\u00f3. H\u1ecd \u0111\u00e3 \u0111\u1ed5 gi\u1eefa n\u00f3 huy\u1ebft c\u1ee7a ng\u01b0\u1eddi c\u00f4ng b\u00ecnh.\n"
                },
                "14": {
                    "verse_nr": 14,
                    "verse": "H\u1ecd \u0111i quanh d\u1ecdc \u0111\u01b0\u1eddng nh\u01b0 k\u1ebb m\u00f9, b\u1ecb m\u00e1u l\u00e0m \u00f4 u\u1ebf, \u00d0\u1ebfn n\u1ed7i kh\u00f4ng ai c\u00f3 th\u1ec3 r\u1edd \u0111\u1ebfn \u00e1o x\u1ed1ng h\u1ecd.\n"
                },
                "15": {
                    "verse_nr": 15,
                    "verse": "Ng\u01b0\u1eddi ta k\u00eau b\u1ea3o ch\u00fang r\u1eb1ng: H\u00e3y x\u00ea ra, ch\u1eb3ng s\u1ea1ch. H\u00e3y x\u00ea ra! x\u00ea ra! \u0111\u1eebng r\u1edd \u0111\u1ebfn! Khi h\u1ecd tr\u1ed1n tr\u00e1nh \u0111i l\u01b0u l\u1ea1c, d\u00e2n ngo\u1ea1i k\u00eau r\u1eb1ng: Ch\u00fang n\u00f3 s\u1ebd kh\u00f4ng tr\u00fa ng\u1ee5 \u1edf \u0111\u00e2y n\u1eefa.\n"
                },
                "16": {
                    "verse_nr": 16,
                    "verse": "C\u01a1n gi\u1eadn \u00d0\u1ee9c Gi\u00ea-h\u00f4-va \u0111\u00e3 l\u00e0m tan l\u1ea1c ch\u00fang, Ng\u00e0i ch\u1eb3ng \u0111o\u00e1i xem n\u1eefa. Ch\u00fang n\u00f3 ch\u1eb3ng n\u1ec3 m\u1eb7t th\u1ea7y t\u1ebf l\u1ec5, c\u0169ng ch\u1eb3ng k\u00ednh ng\u01b0\u1eddi gi\u00e0 c\u1ea3.\n"
                },
                "17": {
                    "verse_nr": 17,
                    "verse": "M\u1eaft ch\u00fang ta m\u00f2n m\u1ecfi tr\u00f4ng s\u1ef1 c\u1ee9u lu\u1ed1ng c\u00f4ng! Ch\u00fang ta tr\u00f4ng \u0111\u1ee3i h\u01b0\u1edbng v\u1ec1 m\u1ed9t d\u00e2n kh\u00f4ng th\u1ec3 c\u1ee9u.\n"
                },
                "18": {
                    "verse_nr": 18,
                    "verse": "Ch\u00fang n\u00f3 d\u00f2m ng\u00f3 ch\u01a1n ch\u00fang ta, \u0111\u1ebfn n\u1ed7i ch\u00fang ta kh\u00f4ng b\u01b0\u1edbc ra n\u01a1i \u0111\u01b0\u1eddng ph\u1ed1. S\u1ef1 cu\u1ed1i c\u00f9ng ch\u00fang ta \u0111\u00e3 g\u1ea7n! Ng\u00e0y ch\u00fang ta \u0111\u00e3 tr\u1ecdn! ph\u1ea3i, s\u1ef1 cu\u1ed1i c\u00f9ng ch\u00fang ta \u0111\u00e3 \u0111\u1ebfn!\n"
                },
                "19": {
                    "verse_nr": 19,
                    "verse": "K\u1ebb \u0111u\u1ed5i theo ch\u00fang ta th\u1eadt l\u1eb9 h\u01a1n con chim \u01b0ng tr\u00ean tr\u1eddi. \u00d0u\u1ed5i theo ch\u00fang ta tr\u00ean c\u00e1c n\u00fai, r\u00ecnh r\u1eadp ch\u00fang ta trong \u0111\u1ed3ng v\u1eafng.\n"
                },
                "20": {
                    "verse_nr": 20,
                    "verse": "H\u01a1i th\u1edf c\u1ee7a m\u0169i ch\u00fang ta, t\u1ee9c l\u00e0 k\u1ebb ch\u1ecbu x\u1ee9c d\u1ea7u c\u1ee7a \u00d0\u1ee9c Gi\u00ea-h\u00f4-va, th\u00ec \u0111\u00e3 m\u1eafc b\u1eaby r\u1ed3i, V\u1ec1 ng\u01b0\u1eddi, ch\u00fang ta th\u01b0\u1eddng n\u00f3i r\u1eb1ng: Ch\u00fang ta n\u1ea5p d\u01b0\u1edbi b\u00f3ng ng\u01b0\u1eddi m\u00e0 s\u1ed1ng gi\u1eefa c\u00e1c n\u01b0\u1edbc.\n"
                },
                "21": {
                    "verse_nr": 21,
                    "verse": "H\u1ee1i con g\u00e1i \u00ca-\u0111\u00f4m, \u1edf \u0111\u1ea5t U\u00f9t-x\u01a1! H\u00e3y vui m\u1eebng h\u1edbn h\u1edf, C\u00e1i ch\u00e9n c\u0169ng s\u1ebd trao \u0111\u1ebfn m\u1ea7y, m\u1ea7y s\u1ebd say m\u00ea v\u00e0 tr\u1ea7n tru\u1ed3ng.\n"
                },
                "22": {
                    "verse_nr": 22,
                    "verse": "H\u1ee1i con g\u00e1i Si-\u00f4n, s\u1ef1 ph\u1ea1t t\u1ed9i l\u1ed7i m\u1ea7y \u0111\u00e3 tr\u1ecdn, Ng\u00e0i kh\u00f4ng \u0111\u00e0y m\u1ea7y \u0111i l\u00e0m phu t\u00f9 n\u1eefa! H\u1ee1i con g\u00e1i \u00ca-\u0111\u00f4m, Ng\u00e0i s\u1ebd th\u0103m ph\u1ea1t t\u1ed9i m\u1ea7y; ph\u00f4 b\u00e0y gian \u00e1c m\u1ea7y!\n"
                }
            }
        },
        "5": {
            "chapter_nr": 5,
            "chapter": {
                "1": {
                    "verse_nr": 1,
                    "verse": "H\u1ee1i \u00d0\u1ee9c Gi\u00ea-h\u00f4-va, xin nh\u1edb s\u1ef1 \u0111\u00e3 gi\u00e1ng tr\u00ean ch\u00fang t\u00f4i; H\u00e3y \u0111o\u00e1i xem s\u1ef1 s\u1ec9 nh\u1ee5c ch\u00fang t\u00f4i!\n"
                },
                "2": {
                    "verse_nr": 2,
                    "verse": "S\u1ea3n nghi\u1ec7p ch\u00fang t\u00f4i \u0111\u00e3 sang tay d\u00e2n ngo\u1ea1i, Nh\u00e0 c\u1eeda thu\u1ed9c v\u1ec1 ng\u01b0\u1eddi gi\u1ed1ng kh\u00e1c.\n"
                },
                "3": {
                    "verse_nr": 3,
                    "verse": "Ch\u00fang t\u00f4i m\u1ea5t cha, ph\u1ea3i m\u1ed3 c\u00f4i, M\u1eb9 ch\u00fang t\u00f4i tr\u1edf n\u00ean g\u00f3a b\u1ee5a.\n"
                },
                "4": {
                    "verse_nr": 4,
                    "verse": "Ch\u00fang t\u00f4i u\u1ed1ng n\u01b0\u1edbc ph\u1ea3i tr\u1ea3 ti\u1ec1n, Ph\u1ea3i mua m\u1edbi c\u00f3 c\u1ee7i.\n"
                },
                "5": {
                    "verse_nr": 5,
                    "verse": "K\u1ebb \u0111u\u1ed5i theo k\u1ecbp ch\u00fang t\u00f4i, ch\u1eadn c\u1ed5 ch\u00fang t\u00f4i; Ch\u00fang t\u00f4i \u0111\u00e3 m\u1ecfi m\u1ec7t r\u1ed3i, ch\u1eb3ng \u0111\u01b0\u1ee3c ngh\u1ec9!\n"
                },
                "6": {
                    "verse_nr": 6,
                    "verse": "Ch\u00fang t\u00f4i giang tay h\u01b0\u1edbng v\u1ec1 nh\u1eefng ng\u01b0\u1eddi \u00ca-d\u00edp-t\u00f4 V\u00e0 A-si-ri, \u0111\u1eb7ng c\u00f3 b\u00e1nh \u0103n no n\u00ea.\n"
                },
                "7": {
                    "verse_nr": 7,
                    "verse": "T\u1ed5 ph\u1ee5 ch\u00fang t\u00f4i \u0111\u00e3 ph\u1ea1m t\u1ed9i, nay kh\u00f4ng c\u00f2n n\u1eefa. Ch\u00fang t\u00f4i \u0111\u00e3 mang l\u1ea5y s\u1ef1 gian \u00e1c h\u1ecd.\n"
                },
                "8": {
                    "verse_nr": 8,
                    "verse": "K\u1ebb \u0111\u1ea7y t\u1edb cai tr\u1ecb ch\u00fang t\u00f4i, Ch\u1eb3ng ai c\u1ee9u ch\u00fang t\u00f4i kh\u1ecfi tay h\u1ecd.\n"
                },
                "9": {
                    "verse_nr": 9,
                    "verse": "Ch\u00fang t\u00f4i li\u1ec1u m\u1ea1ng m\u1edbi c\u00f3 b\u00e1nh m\u00e0 \u0103n, V\u00ec c\u1edb m\u0169i g\u01b0\u01a1m n\u01a1i \u0111\u1ed3ng v\u1eafng.\n"
                },
                "10": {
                    "verse_nr": 10,
                    "verse": "Da ch\u00fang t\u00f4i n\u00f3ng nh\u01b0 l\u00f2 l\u1eeda, V\u00ec c\u01a1n \u0111\u00f3i thi\u00eau \u0111\u1ed1t ch\u00fang t\u00f4i!\n"
                },
                "11": {
                    "verse_nr": 11,
                    "verse": "Ch\u00fang n\u00f3 \u0111\u00e3 l\u00e0m nh\u1ee5c \u0111\u1eddn b\u00e0 t\u1ea1i Si-\u00f4n, V\u00e0 g\u00e1i \u0111\u1ed3ng trinh trong c\u00e1c th\u00e0nh Giu-\u0111a.\n"
                },
                "12": {
                    "verse_nr": 12,
                    "verse": "Tay ch\u00fang n\u00f3 \u0111\u00e3 treo c\u00e1c quan tr\u01b0\u1edfng l\u00ean, Ch\u1eb3ng k\u00ednh tr\u1ecdng m\u1eb7t c\u00e1c ng\u01b0\u1eddi gi\u00e0 c\u1ea3.\n"
                },
                "13": {
                    "verse_nr": 13,
                    "verse": "K\u1ebb trai tr\u00e1ng \u0111\u00e3 ph\u1ea3i mang c\u1ed1i, Tr\u1ebb con v\u1ea5p ng\u00e3 d\u01b0\u1edbi g\u00e1nh c\u1ee7i.\n"
                },
                "14": {
                    "verse_nr": 14,
                    "verse": "C\u00e1c ng\u01b0\u1eddi gi\u00e0 c\u1ea3 kh\u00f4ng c\u00f2n ng\u1ed3i n\u01a1i c\u1eeda th\u00e0nh, B\u1ecdn trai tr\u1ebb kh\u00f4ng c\u00f2n ch\u01a1i \u0111\u1eddn h\u00e1t.\n"
                },
                "15": {
                    "verse_nr": 15,
                    "verse": "L\u00f2ng ch\u00fang t\u00f4i h\u1ebft c\u1ea3 s\u1ef1 vui; Cu\u1ed9c nh\u1ea3y m\u00faa \u0111\u1ed5i ra tang ch\u1ebf.\n"
                },
                "16": {
                    "verse_nr": 16,
                    "verse": "M\u00e3o tri\u1ec1u thi\u00ean r\u01a1i kh\u1ecfi \u0111\u1ea7u ch\u00fang t\u00f4i, Kh\u1ed1n cho ch\u00fang t\u00f4i, v\u00ec ch\u00fang t\u00f4i ph\u1ea1m t\u1ed9i!\n"
                },
                "17": {
                    "verse_nr": 17,
                    "verse": "V\u00ec v\u1eady l\u00f2ng ch\u00fang t\u00f4i m\u00f2n m\u1ecfi, M\u1eaft ch\u00fang t\u00f4i m\u1edd t\u1ed1i,\n"
                },
                "18": {
                    "verse_nr": 18,
                    "verse": "V\u00ec n\u00fai Si-\u00f4n \u0111\u00e3 tr\u1edf n\u00ean hoang vu, Ch\u1ed3n c\u00e1o \u0111i l\u1ea1i tr\u00ean \u0111\u00f3.\n"
                },
                "19": {
                    "verse_nr": 19,
                    "verse": "H\u1ee1i \u00d0\u1ee9c Gi\u00ea-h\u00f4-va, Ng\u00e0i c\u00f2n \u0111\u1eddi \u0111\u1eddi, Ng\u00f4i Ng\u00e0i c\u00f2n t\u1eeb \u0111\u1eddi n\u1ea7y sang \u0111\u1eddi kia!\n"
                },
                "20": {
                    "verse_nr": 20,
                    "verse": "Sao Ng\u00e0i qu\u00ean ch\u00fang t\u00f4i m\u00e3i m\u00e3i, L\u00eca b\u1ecf ch\u00fang t\u00f4i l\u00e2u v\u1eady?\n"
                },
                "21": {
                    "verse_nr": 21,
                    "verse": "H\u1ee1i \u00d0\u1ee9c Gi\u00ea-h\u00f4-va, h\u00e3y x\u00e2y ch\u00fang t\u00f4i tr\u1edf v\u1ec1 Ng\u00e0i th\u00ec ch\u00fang t\u00f4i s\u1ef1 tr\u1edf v\u1ec1 L\u00e0m nh\u1eefng ng\u00e0y ch\u00fang t\u00f4i l\u1ea1i m\u1edbi nh\u01b0 thu\u1edf x\u01b0a!\n"
                },
                "22": {
                    "verse_nr": 22,
                    "verse": "Nh\u01b0ng Ng\u00e0i l\u1ea1i b\u1ecf h\u1ebft ch\u00fang t\u00f4i, Ng\u00e0i gi\u1eadn ch\u00fang t\u00f4i qu\u00e1 l\u1eafm.\n"
                }
            }
        }
    }
}