{
    "version": "aa",
    "book_name": "Jude",
    "book_nr": "65",
    "book": {
        "1": {
            "chapter_nr": 1,
            "chapter": {
                "1": {
                    "verse_nr": 1,
                    "verse": "Judas, servo de Jesus Cristo, e irm\u00e3o de Tiago, aos chamados, amados em Deus Pai, e guardados em Jesus Cristo:\n"
                },
                "2": {
                    "verse_nr": 2,
                    "verse": "Miseric\u00f3rdia, paz e amor vos sejam multiplicados.\n"
                },
                "3": {
                    "verse_nr": 3,
                    "verse": "Amados, enquanto eu empregava toda a dilig\u00eancia para escrever-vos acerca da salva\u00e7\u00e3o que nos \u00e9 comum, senti a necessidade de vos escrever, exortando-vos a pelejar pela f\u00e9 que de uma vez para sempre foi entregue aos santos.\n"
                },
                "4": {
                    "verse_nr": 4,
                    "verse": "Porque se introduziram furtivamente certos homens, que j\u00e1 desde h\u00e1 muito estavam destinados para este ju\u00edzo, homens \u00edmpios, que convertem em dissolu\u00e7\u00e3o a gra\u00e7a de nosso Deus, e negam o nosso \u00fanico Soberano e Senhor, Jesus Cristo.\n"
                },
                "5": {
                    "verse_nr": 5,
                    "verse": "Ora, quero lembrar-vos, se bem que j\u00e1 de uma vez para sempre soubestes tudo isto, que, havendo o Senhor salvo um povo, tirando-o da terra do Egito, destruiu depois os que n\u00e3o creram;\n"
                },
                "6": {
                    "verse_nr": 6,
                    "verse": "aos anjos que n\u00e3o guardaram o seu principado, mas deixaram a sua pr\u00f3pria habita\u00e7\u00e3o, ele os tem reservado em pris\u00f5es eternas na escurid\u00e3o para o ju\u00edzo do grande dia,\n"
                },
                "7": {
                    "verse_nr": 7,
                    "verse": "assim como Sodoma e Gomorra, e as cidades circunvizinhas, que, havendo-se prostitu\u00eddo como aqueles anjos, e ido ap\u00f3s outra carne, foram postas como exemplo, sofrendo a pena do fogo eterno.\n"
                },
                "8": {
                    "verse_nr": 8,
                    "verse": "Contudo, semelhantemente tamb\u00e9m estes falsos mestres, sonhando, contaminam a sua carne, rejeitam toda autoridade e blasfemam das dignidades.\n"
                },
                "9": {
                    "verse_nr": 9,
                    "verse": "Mas quando o arcanjo Miguel, discutindo com o Diabo, disputava a respeito do corpo de Mois\u00e9s, n\u00e3o ousou pronunciar contra ele ju\u00edzo de maldi\u00e7\u00e3o, mas disse: O Senhor te repreenda\n"
                },
                "10": {
                    "verse_nr": 10,
                    "verse": "Estes, por\u00e9m, blasfemam de tudo o que n\u00e3o entendem; e, naquilo que compreendem de modo natural, como os seres irracionais, mesmo nisso se corrompem.\n"
                },
                "11": {
                    "verse_nr": 11,
                    "verse": "Ai deles! porque foram pelo caminho de Caim, e por amor do lucro se atiraram ao erro de Bala\u00e3o, e pereceram na rebeli\u00e3o de Cor\u00e9.\n"
                },
                "12": {
                    "verse_nr": 12,
                    "verse": "Estes s\u00e3o os escolhidos em vossos \u00e1gapes, quando se banqueteiam convosco, pastores que se apascentam a si mesmos sem temor; s\u00e3o nuvens sem \u00e1gua, levadas pelos ventos; s\u00e3o \u00e1rvores sem folhas nem fruto, duas vezes mortas, desarraigadas;\n"
                },
                "13": {
                    "verse_nr": 13,
                    "verse": "ondas furiosas do mar, espumando as suas pr\u00f3prias torpezas, estrelas errantes, para as quais tem sido reservado para sempre o negrume das trevas.\n"
                },
                "14": {
                    "verse_nr": 14,
                    "verse": "Para estes tamb\u00e9m profetizou Enoque, o s\u00e9timo depois de Ad\u00e3o, dizendo: Eis que veio o Senhor com os seus milhares de santos,\n"
                },
                "15": {
                    "verse_nr": 15,
                    "verse": "para executar ju\u00edzo sobre todos e convencer a todos os \u00edmpios de todas as obras de impiedade, que impiamente cometeram, e de todas as duras palavras que \u00edmpios pecadores contra ele proferiram.\n"
                },
                "16": {
                    "verse_nr": 16,
                    "verse": "Estes s\u00e3o murmuradores, queixosos, andando segundo as suas concupisc\u00eancias; e a sua boca diz coisas muito arrogantes, adulando pessoas por causa do interesse.\n"
                },
                "17": {
                    "verse_nr": 17,
                    "verse": "Mas v\u00f3s, amados, lembrai-vos das palavras que foram preditas pelos ap\u00f3stolos de nosso Senhor Jesus Cristo;\n"
                },
                "18": {
                    "verse_nr": 18,
                    "verse": "os quais vos diziam: Nos \u00faltimos tempos haver\u00e1 escarnecedores, andando segundo as suas \u00edmpias concupisc\u00eancias.\n"
                },
                "19": {
                    "verse_nr": 19,
                    "verse": "Estes s\u00e3o os que causam divis\u00f5es; s\u00e3o sensuais, e n\u00e3o t\u00eam o Esp\u00edrito.\n"
                },
                "20": {
                    "verse_nr": 20,
                    "verse": "Mas v\u00f3s, amados, edificando-vos sobre a vossa sant\u00edssima f\u00e9, orando no Esp\u00edrito Santo,\n"
                },
                "21": {
                    "verse_nr": 21,
                    "verse": "conservai-vos no amor de Deus, esperando a miseric\u00f3rdia de nosso Senhor Jesus Cristo para a vida eterna.\n"
                },
                "22": {
                    "verse_nr": 22,
                    "verse": "E apiedai-vos de alguns que est\u00e3o na d\u00favida,\n"
                },
                "23": {
                    "verse_nr": 23,
                    "verse": "e salvai-os, arrebatando-os do fogo; e de outros tende miseric\u00f3rdia com temor, abomina\u00e7\u00e3o at\u00e9 a t\u00fanica manchada pela carne.\n"
                },
                "24": {
                    "verse_nr": 24,
                    "verse": "Ora, \ufffdquele que \u00e9 poderoso para vos guardar de trope\u00e7ar, e apresentar-vos ante a sua gl\u00f3ria imaculados e jubilosos,\n"
                },
                "25": {
                    "verse_nr": 25,
                    "verse": "ao \u00fanico Deus, nosso Salvador, por Jesus Cristo nosso Senhor, gl\u00f3ria, majestade, dom\u00ednio e poder, antes de todos os s\u00e9culos, e agora, e para todo o sempre. Am\u00e9m.\n"
                }
            }
        }
    }
}