{
    "version": "NASB",
    "book_name": "Obadiah",
    "book_nr": "31",
    "book": {
        "1": {
            "chapter_nr": "1",
            "chapter": {
                "1": {
                    "verse_nr": "1",
                    "verse": "Edom Will Be Humbled - The vision of Obadiah. This is what the Lord GOD says concerning Edom\u2014 We have heard a report from the LORD, And a messenger has been sent among the nations saying, \u201cArise, and let\u2019s go up against her for battle\u201d\u2014"
                },
                "2": {
                    "verse_nr": "2",
                    "verse": "\u201cBehold, I will make you small among the nations; You are greatly despised."
                },
                "3": {
                    "verse_nr": "3",
                    "verse": "The arrogance of your heart has deceived you, The one who lives in the clefts of the rock, On the height of his dwelling place, Who says in his heart, \u2018Who will bring me down to earth?\u2019"
                },
                "4": {
                    "verse_nr": "4",
                    "verse": "Though you make your home high like the eagle, Though you set your nest among the stars, From there I will bring you down,\u201d declares the LORD."
                },
                "5": {
                    "verse_nr": "5",
                    "verse": "\u201cIf thieves came to you, If robbers by night\u2014 Oh how you will be ruined!\u2014 Would they not steal only until they had enough? If grape-pickers came to you, Would they not leave some gleanings?"
                },
                "6": {
                    "verse_nr": "6",
                    "verse": "Oh how Esau will be searched, And his hidden treasures searched out!"
                },
                "7": {
                    "verse_nr": "7",
                    "verse": "All the people allied with you Will send you to the border, And the people at peace with you Will deceive you and overpower you. They who eat your bread Will set an ambush for you. (There is no understanding in him.)"
                },
                "8": {
                    "verse_nr": "8",
                    "verse": "Will I not on that day,\u201d declares the LORD, \u201cEliminate wise men from Edom, And understanding from the mountain of Esau?"
                },
                "9": {
                    "verse_nr": "9",
                    "verse": "Then your warriors will be filled with terror, Teman, So that everyone will be eliminated from the mountain of Esau by murder."
                },
                "10": {
                    "verse_nr": "10",
                    "verse": "\u201cBecause of violence to your brother Jacob, Shame will cover you, And you will be eliminated forever."
                },
                "11": {
                    "verse_nr": "11",
                    "verse": "On the day that you stood aloof, On the day that strangers carried off his wealth, And foreigners entered his gate And cast lots for Jerusalem\u2014 You too were as one of them."
                },
                "12": {
                    "verse_nr": "12",
                    "verse": "Do not gloat over your brother\u2019s day, The day of his misfortune. And do not rejoice over the sons of Judah On the day of their destruction; Yes, do not boast On the day of their distress."
                },
                "13": {
                    "verse_nr": "13",
                    "verse": "Do not enter the gate of My people On the day of their disaster. You indeed, do not gloat over their catastrophe On the day of their disaster. And do not lay a hand on their wealth On the day of their disaster."
                },
                "14": {
                    "verse_nr": "14",
                    "verse": "Do not stand at the crossroads To eliminate their survivors; And do not hand over their refugees On the day of their distress."
                },
                "15": {
                    "verse_nr": "15",
                    "verse": "The Day of the LORD and the Future - \u201cFor the day of the LORD is near for all the nations. Just as you have done, it will be done to you. Your dealings will return on your own head."
                },
                "16": {
                    "verse_nr": "16",
                    "verse": "For just as you drank on My holy mountain, All the nations will drink continually. They will drink to the last drop, And become as if they had never existed."
                },
                "17": {
                    "verse_nr": "17",
                    "verse": "But on Mount Zion there will be those who escape, And it will be holy. And the house of Jacob will possess their property."
                },
                "18": {
                    "verse_nr": "18",
                    "verse": "Then the house of Jacob will be a fire, And the house of Joseph a flame; But the house of Esau will be like stubble. And they will set them on fire and consume them, So that there will be no survivor of the house of Esau,\u201d For the LORD has spoken."
                },
                "19": {
                    "verse_nr": "19",
                    "verse": "Then those of the Negev will possess the mountain of Esau, And those of the Shephelah the Philistine plain; Also, they will possess the territory of Ephraim and the territory of Samaria, And Benjamin the territory of Gilead."
                },
                "20": {
                    "verse_nr": "20",
                    "verse": "And the exiles of this army of the sons of Israel, Who are among the Canaanites as far as Zarephath, And the exiles of Jerusalem who are in Sepharad, Will possess the cities of the Negev."
                },
                "21": {
                    "verse_nr": "21",
                    "verse": "The deliverers will ascend Mount Zion To judge the mountain of Esau, And the kingdom will be the LORD\u2019S."
                }
            }
        }
    }
}