{
    "version": "LBDKAN",
    "book_name": "2 Corinthians",
    "book_nr": "47",
    "book": {
        "1": {
            "chapter_nr": "1",
            "chapter": {
                "1": {
                    "verse_nr": "1",
                    "verse": "Paulius, Dievo valia Kristaus J\u0117zaus apa\u0161talas, ir brolis Timotiejus \u2013 Dievo Ba\u017eny\u010diai Korinte ir visiems \u0161ventiesiems, gyvenantiems visoje Achajoje."
                },
                "2": {
                    "verse_nr": "2",
                    "verse": "Malon\u0117 jums ir ramyb\u0117 nuo Dievo, m\u016bs\u0173 T\u0117vo, ir Vie\u0161paties J\u0117zaus Kristaus!"
                },
                "3": {
                    "verse_nr": "3",
                    "verse": "Teb\u016bna pa\u0161lovintas Dievas, m\u016bs\u0173 Vie\u0161paties J\u0117zaus Kristaus T\u0117vas, gailestingumo T\u0117vas ir visokios paguodos Dievas"
                },
                "4": {
                    "verse_nr": "4",
                    "verse": "kuris guod\u017eia mus kiekviename sielvarte, kad ir mes gal\u0117tume paguosti bet kokio sielvarto i\u0161tiktuosius ta paguoda, kuri\u0105 gauname i\u0161 Dievo."
                },
                "5": {
                    "verse_nr": "5",
                    "verse": "Kaip mums gausiai tenka Kristaus kent\u0117jim\u0173, taip per Krist\u0173 mes kupini ir paguodos."
                },
                "6": {
                    "verse_nr": "6",
                    "verse": "Jei ken\u010diame priespaud\u0105, tai j\u016bs\u0173 paguodai ir i\u0161ganymui; jei esame guod\u017eiami, tai j\u016bs\u0173 paguodai, kuri \u012fdiegia jums i\u0161tverm\u0119 pakelti tokius pat kent\u0117jimus, kokius mes ken\u010diame."
                },
                "7": {
                    "verse_nr": "7",
                    "verse": "Ir tvirtai viliam\u0117s jumis, nes \u017einome, kad, dalydamiesi kent\u0117jimais, j\u016bs dalysit\u0117s ir paguoda."
                },
                "8": {
                    "verse_nr": "8",
                    "verse": "Mes norime, kad j\u016bs, broliai, su\u017einotum\u0117te apie Azijoje mus i\u0161tikusi\u0105 negand\u0105, kuri baisiai mus prisl\u0117g\u0117, tiek vir\u0161ydama m\u016bs\u0173 j\u0117gas, jog nebesitik\u0117jome i\u0161liksi\u0105 gyvi."
                },
                "9": {
                    "verse_nr": "9",
                    "verse": "Mes ir patys \u0161irdies gilumoje buvome i\u0161tar\u0119 sau mirties sprendim\u0105, tod\u0117l nebepasitik\u0117jome savimi, o tik Dievu, kuris prikelia mirusius."
                },
                "10": {
                    "verse_nr": "10",
                    "verse": "Tai jis mus i\u0161gelb\u0117jo i\u0161 mirties nasr\u0173 ir tebegelbi. Viliam\u0117s, jog jis ir toliau mus gelb\u0117s"
                },
                "11": {
                    "verse_nr": "11",
                    "verse": "prisidedant jums maldomis u\u017e mus, kad u\u017e daugelio mums i\u0161melst\u0105 malon\u0119 daugelis m\u016bs\u0173 vardu d\u0117kot\u0173."
                },
                "12": {
                    "verse_nr": "12",
                    "verse": "Galime pasigirti savo s\u0105\u017ein\u0117s liudijimu, jog visur \u017emon\u0117se, o ypa\u010d pas jus, mes vadovavom\u0117s i\u0161 Dievo einan\u010diu \u0161ventumu bei nuo\u0161irdumu, ir ne k\u016bni\u0161ka i\u0161mintimi, bet Dievo malone."
                },
                "13": {
                    "verse_nr": "13",
                    "verse": "Mes nera\u0161ome jums nieko kita, kaip tik tai, k\u0105 j\u016bs perskaitote ir suprantate. Turiu vilties, kad suprasite iki galo"
                },
                "14": {
                    "verse_nr": "14",
                    "verse": "kaip i\u0161 dalies jau supratote, kad m\u016bs\u0173 Vie\u0161paties J\u0117zaus dien\u0105 mes b\u016bsime j\u016bs\u0173 pasidid\u017eiavimas, lygiai kaip ir j\u016bs \u2013 m\u016bs\u0173."
                },
                "15": {
                    "verse_nr": "15",
                    "verse": "Tokio pasitik\u0117jimo kupinas, ir kad j\u016bs pakartotinai gautum\u0117te malon\u0119, a\u0161 ketinau pirmiausia atvykti pas jus"
                },
                "16": {
                    "verse_nr": "16",
                    "verse": "ir pro jus keliauti \u012f Makedonij\u0105, o i\u0161 Makedonijos v\u0117l gr\u012f\u017eti pas jus, kad j\u016bs mane i\u0161lyd\u0117tum\u0117te \u012f Jud\u0117j\u0105."
                },
                "17": {
                    "verse_nr": "17",
                    "verse": "Argi taip manydamas a\u0161 elgiausi lengvab\u016bdi\u0161kai? O gal mano sumanymai buvo grynai \u017emogi\u0161ki? Gal mano \u201etaip, taip\u201c kartu rei\u0161k\u0117 ir \u201ene, ne\u201c?"
                },
                "18": {
                    "verse_nr": "18",
                    "verse": "Kaip Dievas mato, jums duotas m\u016bs\u0173 \u017eodis nebuvo kartu \u201etaip\u201c ir \u201ene\u201c."
                },
                "19": {
                    "verse_nr": "19",
                    "verse": "Juk Dievo S\u016bnus J\u0117zus Kristus, kur\u012f jums paskelb\u0117me a\u0161, Silvanas ir Timotiejus, anaiptol nebuvo ir \u201etaip\u201c, ir \u201ene\u201c, bet jame buvo tik \u201etaip\u201c."
                },
                "20": {
                    "verse_nr": "20",
                    "verse": "Kiek tik yra Dievo pa\u017ead\u0173, jie jame yra \u201etaip\u201c. Tod\u0117l per j\u012f skamba ir m\u016bs\u0173 \u201eAmen\u201c Dievo garbei."
                },
                "21": {
                    "verse_nr": "21",
                    "verse": "Juk Dievas mus ir jus sutvirtino Kristuje ir patep\u0117"
                },
                "22": {
                    "verse_nr": "22",
                    "verse": "pa\u017eym\u0117jo mus savo antspaudu ir siunt\u0117 \u012f m\u016bs\u0173 \u0161irdis Dvasios laid\u0105."
                },
                "23": {
                    "verse_nr": "23",
                    "verse": "\u0160aukiuosi Diev\u0105 liudytoju \u2013 kaip mane gyv\u0105 regite, \u2013 kad neatvykau \u012f Korint\u0105 tik j\u016bs\u0173 gail\u0117damas."
                },
                "24": {
                    "verse_nr": "24",
                    "verse": "Mes juk nesame j\u016bs\u0173 tik\u0117jimo vie\u0161pa\u010diai, bet tik j\u016bs\u0173 d\u017eiaugsmo talkininkai, nes tik\u0117jime j\u016bs stovite tvirtai."
                }
            }
        },
        "2": {
            "chapter_nr": "2",
            "chapter": {
                "1": {
                    "verse_nr": "1",
                    "verse": "A\u0161 nusprend\u017eiau savo \u0161irdyje nebevykti pas jus dar kart\u0105 su li\u016bdesiu."
                },
                "2": {
                    "verse_nr": "2",
                    "verse": "O jei a\u0161 pats jus li\u016bdinu, tai kas gi mane pralinksmins, jeigu ne mano nuli\u016bdintasis?"
                },
                "3": {
                    "verse_nr": "3",
                    "verse": "A\u0161 esu tai para\u0161\u0119s, kad atvyk\u0119s netur\u0117\u010diau li\u016bd\u0117ti d\u0117l t\u0173, kuriais der\u0117t\u0173 d\u017eiaugtis. Juk tikiu jumis visais, kad mano d\u017eiaugsmas yra ir vis\u0173 j\u016bs\u0173 d\u017eiaugsmas."
                },
                "4": {
                    "verse_nr": "4",
                    "verse": "A\u0161 gi jums esu ra\u0161\u0119s i\u0161 didelio sielvarto ir \u0161irdies suspaudimo, su gausiomis a\u0161aromis ne tam, kad past\u016bm\u0117\u010diau jus \u012f nusiminim\u0105, bet kad pa\u017eintum\u0117te meil\u0119, kurios pertekusi jums mano \u0161irdis."
                },
                "5": {
                    "verse_nr": "5",
                    "verse": "Jeigu kas nuli\u016bdino, tai ne mane, bet \u2013 kad neperd\u0117\u010diau \u2013 bent i\u0161 dalies nuli\u016bdino jus visus."
                },
                "6": {
                    "verse_nr": "6",
                    "verse": "Tokiam pakanka daugumos paskirtosios bausm\u0117s."
                },
                "7": {
                    "verse_nr": "7",
                    "verse": "Net, atvirk\u0161\u010diai, j\u016bs tur\u0117tum\u0117te jam atleisti ir j\u012f paguosti, kad pernelyg didelis nusiminimas jo nepra\u017eudyt\u0173."
                },
                "8": {
                    "verse_nr": "8",
                    "verse": "Tod\u0117l a\u0161 raginu jus parodyti jam meil\u0119."
                },
                "9": {
                    "verse_nr": "9",
                    "verse": "Tam jums ir para\u0161iau, kad patir\u010diau, ar j\u016bs visais at\u017evilgiais esate klusn\u016bs."
                },
                "10": {
                    "verse_nr": "10",
                    "verse": "O kam j\u016bs dovanojate, tam dovanoju ir a\u0161, nes, jei kam dovanojau, tai padariau d\u0117l j\u016bs\u0173 Kristaus akivaizdoje"
                },
                "11": {
                    "verse_nr": "11",
                    "verse": "kad neb\u016btume \u0161\u0117tono apgauti. Mes juk \u017einome jo k\u0117slus."
                },
                "12": {
                    "verse_nr": "12",
                    "verse": "Kai atvykau \u012f Troad\u0119 skelbti Kristaus Evangelijos, Vie\u0161pats buvo man prav\u0117r\u0119s duris"
                },
                "13": {
                    "verse_nr": "13",
                    "verse": "bet a\u0161 netur\u0117jau dvasios ramyb\u0117s, kadangi nesutikau ten savo brolio Tito; tad atsisveikin\u0119s i\u0161keliavau \u012f Makedonij\u0105."
                },
                "14": {
                    "verse_nr": "14",
                    "verse": "D\u0117kui Dievui, kuris mus visuomet veda Kristaus pergal\u0117s eisenoje ir per mus visur skleid\u017eia miel\u0105 savo pa\u017einimo kvap\u0105."
                },
                "15": {
                    "verse_nr": "15",
                    "verse": "Juk mes esame Kristaus kvapas Dievui tarp einan\u010di\u0173 \u012f i\u0161ganym\u0105 ir \u017eengian\u010di\u0173 \u012f pra\u017e\u016bt\u012f"
                },
                "16": {
                    "verse_nr": "16",
                    "verse": "vieniems \u2013 mirties kvapas, ne\u0161antis mirt\u012f, kitiems \u2013 gyvenimo kvapas, vedantis \u012f gyvenim\u0105. O kas gi tinkamas \u0161iam u\u017edaviniui?"
                },
                "17": {
                    "verse_nr": "17",
                    "verse": "Mes neprekiaujame, kaip daugelis, Dievo \u017eod\u017eiu, bet kalbame Kristuje i\u0161 tikros \u0161irdies, Dievo \u012fkv\u0117pti, Dievo akivaizdoje."
                }
            }
        },
        "3": {
            "chapter_nr": "3",
            "chapter": {
                "1": {
                    "verse_nr": "1",
                    "verse": "Ar prad\u0117sime jums i\u0161 naujo prisistatin\u0117ti? Gal reikia, kaip kai kuriems, lydim\u0173j\u0173 lai\u0161k\u0173 jums ar nuo j\u016bs\u0173?"
                },
                "2": {
                    "verse_nr": "2",
                    "verse": "Ne, nes j\u016bs patys esate m\u016bs\u0173 lai\u0161kas, \u012fra\u0161ytas m\u016bs\u0173 \u0161irdyse, vis\u0173 \u017emoni\u0173 suprantamas ir skaitomas."
                },
                "3": {
                    "verse_nr": "3",
                    "verse": "J\u016bs pasirod\u0117te es\u0105 Kristaus lai\u0161kas, parengtas m\u016bs\u0173 patarnavimu, sura\u0161ytas ne ra\u0161alu, bet gyvojo Dievo Dvasia, ne akmens plok\u0161t\u0117se, bet gyv\u0173 \u0161ird\u017ei\u0173 plok\u0161t\u0117se."
                },
                "4": {
                    "verse_nr": "4",
                    "verse": "Tok\u012f pasitik\u0117jim\u0105 Dievu mes turime Kristaus d\u0117ka."
                },
                "5": {
                    "verse_nr": "5",
                    "verse": "Ir ne tod\u0117l, kad b\u016btume savaime tinkami k\u0105 nors sumanyti tartum i\u0161 sav\u0119s, bet m\u016bs\u0173 tinkamumas i\u0161 Dievo"
                },
                "6": {
                    "verse_nr": "6",
                    "verse": "kuris padar\u0117 mus tinkamus b\u016bti tarnais Naujosios Sandoros \u2013 ne raid\u0117s, bet Dvasios, nes raid\u0117 u\u017emu\u0161a, o Dvasia teikia gyvyb\u0119."
                },
                "7": {
                    "verse_nr": "7",
                    "verse": "Jeigu tarnavimas mir\u010diai, i\u0161kaltas raid\u0117mis akmenyse, buvo toks garbingas, kad Izraelio vaikai negal\u0117jo pa\u017evelgti Mozei \u012f veid\u0105 d\u0117l jo \u0161vyt\u0117jimo, kuris tur\u0117jo i\u0161bl\u0117sti"
                },
                "8": {
                    "verse_nr": "8",
                    "verse": "tai nepalyginti didesne garbe bus apgaubtas tarnavimas Dvasiai."
                },
                "9": {
                    "verse_nr": "9",
                    "verse": "Jeigu pasmerkimo tarnyst\u0117 tokia garbinga, tai teisumo tarnyst\u0117 dar garbingesn\u0117."
                },
                "10": {
                    "verse_nr": "10",
                    "verse": "Ankstesnis garbingumas visai nebegarbingas, palyginti su visk\u0105 nustelbian\u010dia garbe."
                },
                "11": {
                    "verse_nr": "11",
                    "verse": "Ir jeigu laikinas dalykas spind\u0117jo garbe, tai kur kas garbingesnis nelaikinas."
                },
                "12": {
                    "verse_nr": "12",
                    "verse": "Taigi, tur\u0117dami toki\u0105 vilt\u012f, mes visk\u0105 d\u0117stome atvirai"
                },
                "13": {
                    "verse_nr": "13",
                    "verse": "ne kaip Moz\u0117, kuris ant veido u\u017esileisdavo gobtuv\u0105, kad Izraelio vaikai nepamatyt\u0173 jo laikino spindesio pabaigos."
                },
                "14": {
                    "verse_nr": "14",
                    "verse": "Deja, j\u0173 protai atbuko. Iki \u0161ios dienos j\u0173 akis dengia tas pats gobtuvas, kai skaito Sen\u0105j\u012f Testament\u0105, ir jis lieka nenudengtas, nes j\u012f nuimti tegali Kristus."
                },
                "15": {
                    "verse_nr": "15",
                    "verse": "Taip, iki \u0161ios dienos, kada tik skaitomas Moz\u0117, gobtuvas tebedengia j\u0173 \u0161ird\u012f."
                },
                "16": {
                    "verse_nr": "16",
                    "verse": "Bet vos tik \u017emogus atsigr\u0119\u017eia \u012f Vie\u0161pat\u012f, gobtuvas nukrinta."
                },
                "17": {
                    "verse_nr": "17",
                    "verse": "Vie\u0161pats yra Dvasia. O kur Vie\u0161paties Dvasia, ten ir laisv\u0117."
                },
                "18": {
                    "verse_nr": "18",
                    "verse": "Mes visi, atidengtu veidu Vie\u0161paties \u0161lov\u0119 atspind\u0117dami, darom\u0117s pana\u0161\u016bs \u012f jo atvaizd\u0105, ir Vie\u0161paties Dvasios veikimu vis did\u0117ja m\u016bs\u0173 garbingumas."
                }
            }
        },
        "4": {
            "chapter_nr": "4",
            "chapter": {
                "1": {
                    "verse_nr": "1",
                    "verse": "\u0160tai kod\u0117l, i\u0161 Dievo gailestingumo tur\u0117dami \u0161i\u0105 tarnyst\u0119, nenuleid\u017eiame rank\u0173."
                },
                "2": {
                    "verse_nr": "2",
                    "verse": "Atvirk\u0161\u010diai, mes susilaikome nuo slapt\u0173 g\u0117ding\u0173 darb\u0173, nesileid\u017eiame \u012f gudravimus ir neklastojame Dievo \u017eod\u017eio, bet atviru tiesos skelbimu prisistatome kiekvieno \u017emogaus s\u0105\u017einei Dievo akivaizdoje."
                },
                "3": {
                    "verse_nr": "3",
                    "verse": "Jeigu m\u016bs\u0173 Evangelija teb\u0117ra pasl\u0117pta, tai ji pasl\u0117pta vien einantiems \u012f pra\u017e\u016bt\u012f"
                },
                "4": {
                    "verse_nr": "4",
                    "verse": "netikintiesiems, kuriems \u0161io pasaulio dievaitis apakino protus, kad jie nei\u0161vyst\u0173 Dievo atvaizdo \u2013 Kristaus \u0161lov\u0117s Evangelijos \u0161viesos."
                },
                "5": {
                    "verse_nr": "5",
                    "verse": "Mes ne save pa\u010dius skelbiame, bet Krist\u0173 J\u0117z\u0173 kaip Vie\u0161pat\u012f, o save \u2013 j\u016bs\u0173 tarnais d\u0117l J\u0117zaus."
                },
                "6": {
                    "verse_nr": "6",
                    "verse": "Pats Dievas, kuris yra tar\u0119s: I\u0161 tamsos tenu\u0161vinta \u0161viesa! \u2013 su\u0161vito m\u016bs\u0173 \u0161irdyse, kad pa\u017eintume Dievo \u0161lov\u0119, spindin\u010di\u0105 Kristaus veide."
                },
                "7": {
                    "verse_nr": "7",
                    "verse": "Deja, \u0161it\u0105 lob\u012f mes ne\u0161iojam\u0117s moliniuose induose, kad b\u016bt\u0173 ai\u0161ku, jog ta galyb\u0117s gausa plaukia ne i\u0161 m\u016bs\u0173, bet i\u0161 Dievo."
                },
                "8": {
                    "verse_nr": "8",
                    "verse": "Mes visaip slegiami, bet nesugniu\u017edyti; mes svyruojame, bet nenusimename."
                },
                "9": {
                    "verse_nr": "9",
                    "verse": "Mes persekiojami, bet neapleisti; mes parblok\u0161ti, bet ne\u017euv\u0119."
                },
                "10": {
                    "verse_nr": "10",
                    "verse": "Mes visuomet ne\u0161iojame savo k\u016bne J\u0117zaus merd\u0117jim\u0105, kad ir J\u0117zaus gyvyb\u0117 apsireik\u0161t\u0173 m\u016bs\u0173 k\u016bne."
                },
                "11": {
                    "verse_nr": "11",
                    "verse": "Mums, gyviesiems, d\u0117l J\u0117zaus nuolat gresia mirtis, kad J\u0117zaus gyvyb\u0117 pasirodyt\u0173 m\u016bs\u0173 mirtingame k\u016bne."
                },
                "12": {
                    "verse_nr": "12",
                    "verse": "\u0160itaip mumyse veikia mirtis, o jumyse gyvyb\u0117."
                },
                "13": {
                    "verse_nr": "13",
                    "verse": "Mes turime t\u0105 pa\u010di\u0105 tik\u0117jimo dvasi\u0105, apie kuri\u0105 para\u0161yta: A\u0161 \u012ftik\u0117jau, tod\u0117l prakalb\u0117jau. Taigi mes tikime ir tod\u0117l kalbame"
                },
                "14": {
                    "verse_nr": "14",
                    "verse": "\u017einodami, kad tasai, kuris prik\u0117l\u0117 Vie\u0161pat\u012f J\u0117z\u0173, taip pat ir mus prikels su J\u0117zumi ir pastatys kartu su jumis."
                },
                "15": {
                    "verse_nr": "15",
                    "verse": "O visa tai \u2013 d\u0117l j\u016bs\u0173, kad malon\u0117 apimt\u0173 daugel\u012f ir pagausint\u0173 d\u0117kojim\u0105 Dievo garbei."
                },
                "16": {
                    "verse_nr": "16",
                    "verse": "Tod\u0117l ir nenuleid\u017eiame rank\u0173. Atvirk\u0161\u010diai, jei m\u016bs\u0173 i\u0161orinis \u017emogus vis nyksta, tai vidinis diena i\u0161 dienos atsinaujina."
                },
                "17": {
                    "verse_nr": "17",
                    "verse": "O lengvas dabartinis m\u016bs\u0173 vargas ruo\u0161ia mums neapsakom\u0105, visa pranokstan\u010di\u0105 am\u017ein\u0105j\u0105 garb\u0119."
                },
                "18": {
                    "verse_nr": "18",
                    "verse": "Mes ne\u017ei\u016brime to, kas regima, bet kas neregima, nes regimieji dalykai laikini, o neregimieji am\u017eini."
                }
            }
        },
        "5": {
            "chapter_nr": "5",
            "chapter": {
                "1": {
                    "verse_nr": "1",
                    "verse": "Mes juk \u017einome, kad, m\u016bs\u0173 \u017eemi\u0161kosios padangt\u0117s b\u016bstui suirus, m\u016bs\u0173 laukia Dievo pastatas, ne rankomis statyti am\u017einieji namai danguje."
                },
                "2": {
                    "verse_nr": "2",
                    "verse": "Tod\u0117l mes d\u016bsaujame, trok\u0161dami ant vir\u0161aus apsivilkti savo buvein\u0119 i\u0161 dangaus"
                },
                "3": {
                    "verse_nr": "3",
                    "verse": "jei turime b\u016bti rasti apsireng\u0119, ne nuogi."
                },
                "4": {
                    "verse_nr": "4",
                    "verse": "O kol gyvename \u0161ioje padangt\u0117je, d\u016bsaujame prisl\u0117gti, nor\u0117dami ne nusirengti, bet ver\u010diau apsirengti, kad tai, kas maru, b\u016bt\u0173 gyvenimo praryta."
                },
                "5": {
                    "verse_nr": "5",
                    "verse": "Dievas mus tam ruo\u0161ia, suteikdamas Dvasi\u0105 kaip laid\u0105."
                },
                "6": {
                    "verse_nr": "6",
                    "verse": "Tod\u0117l mes visuomet gerai nusiteik\u0119, nors \u017einome, kad, kolei gyvename k\u016bne, esame svetur, toli nuo Vie\u0161paties."
                },
                "7": {
                    "verse_nr": "7",
                    "verse": "Mes \u010dia gyvename tik\u0117jimu, o ne reg\u0117jimu."
                },
                "8": {
                    "verse_nr": "8",
                    "verse": "Vis d\u0117lto esame gerai nusiteik\u0119 ir pasiruo\u0161\u0119 palikti k\u016bno b\u016bstin\u0119 ir \u012fsikurti pas Vie\u0161pat\u012f."
                },
                "9": {
                    "verse_nr": "9",
                    "verse": "\u0160tai kod\u0117l, ar b\u016bdami namie, ar svetur, mes laikome sau garbe jam patikti."
                },
                "10": {
                    "verse_nr": "10",
                    "verse": "Juk mums visiems reik\u0117s stoti prie\u0161 Kristaus teismo kras\u0119, kad kiekvienas atsiimt\u0173, k\u0105 jis, gyvendamas k\u016bne, yra dar\u0119s \u2013 gera ar bloga."
                },
                "11": {
                    "verse_nr": "11",
                    "verse": "Taigi, \u017einodami, kas yra bijoti Vie\u0161paties, mes stengiam\u0117s \u012ftikinti \u017emones. Dievui mes atviri, ir tikiuosi, jog esame atviri ir j\u016bs\u0173 s\u0105\u017ein\u0117ms."
                },
                "12": {
                    "verse_nr": "12",
                    "verse": "Nenorime jums i\u0161 naujo prisistatin\u0117ti, bet duodame prog\u0105 pasigirti mumis, kad tur\u0117tum\u0117te k\u0105 sakyti \u017emon\u0117ms, besigiriantiems i\u0161ore, ne \u0161irdimi."
                },
                "13": {
                    "verse_nr": "13",
                    "verse": "Jei mes persistengiame, tai Dievui, jei esame nuosaik\u016bs, tai d\u0117l j\u016bs\u0173."
                },
                "14": {
                    "verse_nr": "14",
                    "verse": "Kristaus meil\u0117 valdo mus, \u012fsitikinusius, kad jei vienas mir\u0117 u\u017e visus, tai ir visi yra mir\u0119."
                },
                "15": {
                    "verse_nr": "15",
                    "verse": "Jis yra mir\u0119s u\u017e visus, kad gyvieji nebe sau gyvent\u0173, bet tam, kuris u\u017e juos numir\u0117 ir buvo prikeltas."
                },
                "16": {
                    "verse_nr": "16",
                    "verse": "Tod\u0117l nuo \u0161iol mes nebenorime n\u0117 vieno pa\u017einti k\u016bno po\u017ei\u016briu. Jei mes ir buvome pa\u017ein\u0119 Krist\u0173 k\u016bno po\u017ei\u016briu, tai dabar mes taip jo nebepa\u017e\u012fstame."
                },
                "17": {
                    "verse_nr": "17",
                    "verse": "Taigi kas yra Kristuje, tas yra naujas k\u016brinys. Kas buvo sena, pra\u0117jo, \u0161tai atsirado nauja."
                },
                "18": {
                    "verse_nr": "18",
                    "verse": "O visa tai i\u0161 Dievo, kuris mus per Krist\u0173 sutaik\u0117 su savimi ir dav\u0117 mums sutaikymo tarnyst\u0119."
                },
                "19": {
                    "verse_nr": "19",
                    "verse": "Juk tai Dievas Kristuje sutaik\u0117 su savimi pasaul\u012f, nebe\u012fskaito \u017emon\u0117ms nusikaltim\u0173 ir patik\u0117jo mums sutaikymo \u017eini\u0105."
                },
                "20": {
                    "verse_nr": "20",
                    "verse": "Taigi Kristaus vietoj einame pasiuntini\u0173 pareigas, tarsi pats Dievas ragint\u0173 per mus. Kristaus vardu maldaujame: \u201eSusitaikykite su Dievu!\u201c"
                },
                "21": {
                    "verse_nr": "21",
                    "verse": "T\u0105, kuris nepa\u017eino nuod\u0117m\u0117s, jis d\u0117l m\u016bs\u0173 pavert\u0117 nuod\u0117me, kad mes jame taptume Dievo teisumu."
                }
            }
        },
        "6": {
            "chapter_nr": "6",
            "chapter": {
                "1": {
                    "verse_nr": "1",
                    "verse": "Kaip Dievo bendradarbiai norime jus \u012fsp\u0117ti: neimkite Dievo malon\u0117s veltui!"
                },
                "2": {
                    "verse_nr": "2",
                    "verse": "Jis sako:\nA\u0161 i\u0161klausiau tav\u0119s priimtinu metu,\na\u0161 tau pagelb\u0117jau i\u0161ganymo dien\u0105.\n\u0160tai dabar palankus metas, \u0161tai dabar i\u0161ganymo diena!"
                },
                "3": {
                    "verse_nr": "3",
                    "verse": "Mes niekam jokiu at\u017evilgiu neduodame akstino nupulti, kad m\u016bs\u0173 tarnyst\u0117 neb\u016bt\u0173 peiktina."
                },
                "4": {
                    "verse_nr": "4",
                    "verse": "Prie\u0161ingai, visa kuo mes pasirodome Dievo tarnai, did\u017eiai kantr\u016bs sielvartuose, negandose, suspaudimuose"
                },
                "5": {
                    "verse_nr": "5",
                    "verse": "plakimuose, kal\u0117jimuose, s\u0105my\u0161iuose, sunkiuose darbuose, bud\u0117jimuose, badavimuose"
                },
                "6": {
                    "verse_nr": "6",
                    "verse": "pasirodome tyrumu, pa\u017einimu, pakantumu, gerumu, \u0160vent\u0105ja Dvasia, neveidmaininga meile"
                },
                "7": {
                    "verse_nr": "7",
                    "verse": "tiesos \u017eod\u017eiu, Dievo j\u0117ga, teisumo ginklais i\u0161 de\u0161in\u0117s ir i\u0161 kair\u0117s"
                },
                "8": {
                    "verse_nr": "8",
                    "verse": "gerbiami ir \u017eeminami, \u0161mei\u017eiami ir giriami, laikomi apgavikais ir teisiais"
                },
                "9": {
                    "verse_nr": "9",
                    "verse": "nepa\u017e\u012fstamais ir gerai \u017einomais, kai mir\u0161tame ir \u0161tai v\u0117l gyvuojame, kai esame baud\u017eiami ir nenu\u017eudomi"
                },
                "10": {
                    "verse_nr": "10",
                    "verse": "kai li\u016bdime ir vis\u0105 laik\u0105 esame linksmi, kai, b\u016bdami betur\u010diai, praturtiname daugel\u012f, kai nieko neturime ir visk\u0105 turime."
                },
                "11": {
                    "verse_nr": "11",
                    "verse": "M\u016bs\u0173 l\u016bpos atvirai jums prabilo, korintie\u010diai, m\u016bs\u0173 \u0161irdis jums tapo erdvi."
                },
                "12": {
                    "verse_nr": "12",
                    "verse": "Mumyse jums ne per ank\u0161ta; ank\u0161ta j\u016bs\u0173 pa\u010di\u0173 \u0161irdyse."
                },
                "13": {
                    "verse_nr": "13",
                    "verse": "Tad atsimok\u0117kite tuo pa\u010diu, \u2013 kalbu kaip vaikams, \u2013 ir prapl\u0117skite savo \u0161irdis!"
                },
                "14": {
                    "verse_nr": "14",
                    "verse": "Nevilkite svetimo jungo su netikin\u010diaisiais. Kas gi bendra tarp teisumo ir nuod\u0117m\u0117s? Arba kas bendra tarp \u0161viesos ir tamsos?"
                },
                "15": {
                    "verse_nr": "15",
                    "verse": "Kaipgi galima gretinti Krist\u0173 su Beliaru arba tikint\u012f su netikin\u010diu?"
                },
                "16": {
                    "verse_nr": "16",
                    "verse": "Ir kaip suderinti Dievo \u0161ventykl\u0105 su stabais? Juk j\u016bs esate gyvojo Dievo \u0161ventykla, kaip Dievo pasakyta:\nA\u0161 apsigyvensiu tarp j\u0173 ir ten vaik\u0161tin\u0117siu;\na\u0161 b\u016bsiu j\u0173 Dievas,\no jie bus manoji tauta."
                },
                "17": {
                    "verse_nr": "17",
                    "verse": "Tod\u0117l:\nI\u0161eikite i\u0161 j\u0173\nir atsiskirkite, \u2013 sako Vie\u0161pats, \u2013\nir nelieskite netyr\u0173 daikt\u0173.\nTuomet a\u0161 jus priimsiu"
                },
                "18": {
                    "verse_nr": "18",
                    "verse": "ir b\u016bsiu jums t\u0117vas,\no j\u016bs b\u016bsite man s\u016bn\u016bs ir dukterys, \u2013\ntaip sako visagalis Vie\u0161pats."
                }
            }
        },
        "7": {
            "chapter_nr": "7",
            "chapter": {
                "1": {
                    "verse_nr": "1",
                    "verse": "Taigi, mylimieji, tur\u0117dami tokius pa\u017eadus, apsivalykime nuo vis\u0173 k\u016bno ir dvasios d\u0117mi\u0173, Dievo baime padarydami savo \u0161ventum\u0105 tobul\u0105."
                },
                "2": {
                    "verse_nr": "2",
                    "verse": "Atverkite mums savo \u0161irdis! Juk mes n\u0117 vienam nepadar\u0117me skriaudos, n\u0117 vieno nesu\u017elugd\u0117me, n\u0117 vieno neapgavome."
                },
                "3": {
                    "verse_nr": "3",
                    "verse": "Sakau tai, ne nor\u0117damas jus smerkti. Juk jau sakiau, jog esate m\u016bs\u0173 \u0161irdyje, kad kartu mirtume ir kartu gyventume."
                },
                "4": {
                    "verse_nr": "4",
                    "verse": "A\u0161 labai pasitikiu jumis, labai jumis giriuosi. A\u0161 kupinas paguodos ir pertek\u0119s d\u017eiaugsmo visuose m\u016bs\u0173 sielvartuose."
                },
                "5": {
                    "verse_nr": "5",
                    "verse": "Kai atvykome \u012f Makedonij\u0105, m\u016bs\u0173 k\u016bnui neteko patirti n\u0117 kiek ramyb\u0117s; mes buvome visokeriopai varginami: i\u0161 lauko \u2013 kovos, i\u0161 vidaus \u2013 baim\u0117."
                },
                "6": {
                    "verse_nr": "6",
                    "verse": "Bet Dievas, nuolanki\u0173j\u0173 guod\u0117jas, palinksmino mus Tito atvykimu."
                },
                "7": {
                    "verse_nr": "7",
                    "verse": "Ir ne vien jo atvykimu, bet ir ta paguoda, kuri\u0105 jis buvo patyr\u0119s i\u0161 j\u016bs\u0173. Jis prane\u0161\u0117 mums apie j\u016bs\u0173 ilges\u012f, dejones, j\u016bs\u0173 r\u016bpinim\u0105si manimi ir tuo dar labiau mane nud\u017eiugino."
                },
                "8": {
                    "verse_nr": "8",
                    "verse": "Jeigu a\u0161 ir buvau nuli\u016bdin\u0119s jus lai\u0161ku, tai \u0161ito nesigailiu. Jei a\u0161 ir apgailestavau, nes anas lai\u0161kas, matyt, kur\u012f laik\u0105 buvo jus nuli\u016bdin\u0119s"
                },
                "9": {
                    "verse_nr": "9",
                    "verse": "tai dabar d\u017eiaugiuosi, \u017einoma, ne d\u0117l to, kad jums teko nuli\u016bsti, bet kad nuli\u016bdimas atved\u0117 jus \u012f atgail\u0105. J\u016bs buvote nuli\u016bd\u0119 pagal Dievo vali\u0105, taigi i\u0161 m\u016bs\u0173 pus\u0117s nebuvo jums jokios skriaudos."
                },
                "10": {
                    "verse_nr": "10",
                    "verse": "Mat li\u016bdesys pagal Dievo vali\u0105 per atgail\u0105 atveda \u012f i\u0161gelb\u0117jim\u0105, ir to netenka gail\u0117tis, o \u0161io pasaulio li\u016bdesys veda \u012f mirt\u012f."
                },
                "11": {
                    "verse_nr": "11",
                    "verse": "Ir \u0161tai kaip tik tas nuli\u016bdimas pagal Dievo vali\u0105 kok\u012f pa\u017eadino jums susir\u016bpinim\u0105, kok\u012f teisinim\u0105si, apmaud\u0105, baim\u0119, ilges\u012f, uolum\u0105 ir bausm\u0119! J\u016bs visais at\u017evilgiais pasirod\u0117te nesusitep\u0119 anuo nusikaltimu."
                },
                "12": {
                    "verse_nr": "12",
                    "verse": "Taigi, jeigu jums para\u0161iau, tai ne d\u0117l \u012f\u017eeid\u0117jo ir ne d\u0117l \u012f\u017eeistojo, bet kad jums Dievo akivaizdoje i\u0161ry\u0161k\u0117t\u0173, kaip r\u016bpinat\u0117s manimi."
                },
                "13": {
                    "verse_nr": "13",
                    "verse": "Tai mus ir paguod\u0117.\nMes ne tik paguosti, dar labiau mes nud\u017eiug\u0119 d\u0117l Tito d\u017eiaugsmo, nes jo dvasia buvo j\u016bs\u0173 vis\u0173 atgaivinta."
                },
                "14": {
                    "verse_nr": "14",
                    "verse": "Nelikau sug\u0117dintas, kad jam buvau pasigyr\u0119s jumis, bet kaip visa jums teisingai kalb\u0117jome, taip ir m\u016bs\u0173 pasigyrimas Titui pasirod\u0117 teisingas."
                },
                "15": {
                    "verse_nr": "15",
                    "verse": "Jo paties \u0161irdis dar labiau linksta prie j\u016bs\u0173, nes jis prisimena, kokie visi buvote klusn\u016bs, kaip pri\u0117m\u0117te j\u012f su baime ir pagarba."
                },
                "16": {
                    "verse_nr": "16",
                    "verse": "A\u0161 tik d\u017eiaugiuosi, kad visais at\u017evilgiais galiu jumis pasikliauti."
                }
            }
        },
        "8": {
            "chapter_nr": "8",
            "chapter": {
                "1": {
                    "verse_nr": "1",
                    "verse": "Prane\u0161ame jums, broliai, apie Dievo malon\u0119, suteikt\u0105 Makedonijos Ba\u017eny\u010dioms."
                },
                "2": {
                    "verse_nr": "2",
                    "verse": "Nors ir dideli vargai jas band\u0117, jos pasirod\u0117 kupinos d\u017eiaugsmo, ir j\u0173 baisus neturtas i\u0161siliejo dosnumo turtais."
                },
                "3": {
                    "verse_nr": "3",
                    "verse": "A\u0161 liudiju, kad jie pagal i\u0161gales ir vir\u0161 i\u0161gali\u0173 savo noru"
                },
                "4": {
                    "verse_nr": "4",
                    "verse": "pra\u0161yte pra\u0161\u0117 mus malon\u0117s leisti jiems prisid\u0117ti prie \u0161vent\u0173j\u0173 \u0161alpos."
                },
                "5": {
                    "verse_nr": "5",
                    "verse": "Jie net pranoko m\u016bs\u0173 viltis ir Dievo valia aukojo patys save, pirmiausia \u2013 Vie\u0161pa\u010diui, paskui \u2013 mums."
                },
                "6": {
                    "verse_nr": "6",
                    "verse": "\u0160tai kod\u0117l mes papra\u0161\u0117me Tit\u0105, kad, pas jus t\u0105 ger\u0105 darb\u0105 prad\u0117j\u0119s, j\u012f ir u\u017ebaigt\u0173."
                },
                "7": {
                    "verse_nr": "7",
                    "verse": "Tad, b\u016bdami visa ko pertek\u0119 \u2013 tik\u0117jimo, \u017eod\u017eio, pa\u017einimo, visokeriopo uolumo ir m\u016bs\u0173 meil\u0117s, \u2013 pasirodykite pertek\u0119 ir dosnumo."
                },
                "8": {
                    "verse_nr": "8",
                    "verse": "A\u0161 tai sakau ne liepdamas, bet nor\u0117damas kit\u0173 uolumo mastu patikrinti ir j\u016bs\u0173 meil\u0117s nuo\u0161irdum\u0105."
                },
                "9": {
                    "verse_nr": "9",
                    "verse": "J\u016bs juk pa\u017e\u012fstate m\u016bs\u0173 Vie\u0161paties J\u0117zaus Kristaus malon\u0119 ir \u017einote, jog jis, b\u016bdamas turtingas, d\u0117l j\u016bs\u0173 tapo vargdieniu, kad j\u016bs taptum\u0117te turtingi per jo neturt\u0105."
                },
                "10": {
                    "verse_nr": "10",
                    "verse": "A\u0161 duodu \u0161iuo reikalu patarim\u0105, nes tai naudinga jums, kurie pernai pirmi prad\u0117jote ne tik veikti, bet ir to trok\u0161ti."
                },
                "11": {
                    "verse_nr": "11",
                    "verse": "Dabar pagal i\u0161gales tai u\u017ebaikite, kad b\u016bt\u0173 \u012fvykdyta, ko taip gyvai tro\u0161kote."
                },
                "12": {
                    "verse_nr": "12",
                    "verse": "Kai esama tikro tro\u0161kimo, girtinas, kas duoda kiek gali, o ne kiek negali."
                },
                "13": {
                    "verse_nr": "13",
                    "verse": "Niekas nereikalauja, kad kitiems tekt\u0173 lengvatos, o jums na\u0161tos, bet kad b\u016bt\u0173 lygyb\u0117."
                },
                "14": {
                    "verse_nr": "14",
                    "verse": "\u0160iuo metu j\u016bs\u0173 perteklius tepapildo j\u0173 nepritekli\u0173, kad v\u0117liau j\u0173 perteklius atpildyt\u0173 j\u016bs\u0173 nepritekli\u0173 ir b\u016bt\u0173 lygyb\u0117"
                },
                "15": {
                    "verse_nr": "15",
                    "verse": "kaip para\u0161yta: Kas daug surinko, netur\u0117jo pertekliaus, o kas ma\u017eai, nekent\u0117jo nepritekliaus."
                },
                "16": {
                    "verse_nr": "16",
                    "verse": "D\u0117kui Dievui, pa\u017eadinusiam Tito \u0161irdyje tok\u012f uolum\u0105 j\u016bs\u0173 at\u017evilgiu."
                },
                "17": {
                    "verse_nr": "17",
                    "verse": "Jis ne tik paklaus\u0117 mano raginimo, bet, b\u016bdamas labai uolus, savo noru leid\u017eiasi keliauti pas jus."
                },
                "18": {
                    "verse_nr": "18",
                    "verse": "Kartu su juo siun\u010diame brol\u012f, pagars\u0117jus\u012f Evangelijos skelbimu visose Ba\u017eny\u010diose."
                },
                "19": {
                    "verse_nr": "19",
                    "verse": "Jis netgi yra Ba\u017eny\u010di\u0173 paskirtas mano kelioni\u0173 palydovu \u0161iam \u0161alpos darbui, kur\u012f atliekame paties Vie\u0161paties garbei ir su u\u017esidegimu"
                },
                "20": {
                    "verse_nr": "20",
                    "verse": "serg\u0117damiesi, kad kas nors neimt\u0173 m\u016bs\u0173 \u012ftarin\u0117ti d\u0117l toki\u0173 gausi\u0173 auk\u0173, pavest\u0173 mums tvarkyti."
                },
                "21": {
                    "verse_nr": "21",
                    "verse": "Mes juk r\u016bpinam\u0117s geru vardu ne tik Vie\u0161paties, bet ir \u017emoni\u0173 akyse."
                },
                "22": {
                    "verse_nr": "22",
                    "verse": "Taigi su jais pasiunt\u0117me savo brol\u012f, kurio uolum\u0105 daugel kart\u0173 \u012fvairiopai esame patikrin\u0119 ir kuris dabar yra dar uolesnis, labai jumis pasitik\u0117damas."
                },
                "23": {
                    "verse_nr": "23",
                    "verse": "Titas \u2013 tai mano bi\u010diulis ir bendradarbis tarp j\u016bs\u0173, o tie m\u016bs\u0173 broliai \u2013 tai Ba\u017eny\u010di\u0173 pasiuntiniai, Kristaus \u0161lov\u0117."
                },
                "24": {
                    "verse_nr": "24",
                    "verse": "Tod\u0117l vis\u0173 Ba\u017eny\u010di\u0173 akyse \u012frodykite savo meil\u0119 ir kad mes ne veltui jumis giriam\u0117s."
                }
            }
        },
        "9": {
            "chapter_nr": "9",
            "chapter": {
                "1": {
                    "verse_nr": "1",
                    "verse": "Ties\u0105 sakant, nebereikia daugiau ra\u0161yti jums apie param\u0105 \u0161ventiesiems"
                },
                "2": {
                    "verse_nr": "2",
                    "verse": "a\u0161 juk \u017einau j\u016bs\u0173 pasiry\u017eim\u0105 ir giriuosi jumis makedonie\u010diams, sakydamas, jog Achaja pasirengusi nuo pernai. Ir j\u016bs\u0173 uolumas yra daugel\u012f paskatin\u0119s."
                },
                "3": {
                    "verse_nr": "3",
                    "verse": "O brolius siun\u010diu tam, kad mano pasigyrimas jumis nepasirodyt\u0173 \u0161ituo atveju tu\u0161\u010dias ir kad j\u016bs, kaip esu sak\u0119s, b\u016btum\u0117te pasireng\u0119."
                },
                "4": {
                    "verse_nr": "4",
                    "verse": "Jei kartais makedonie\u010diai atvykt\u0173 kartu su manimi, tegul neu\u017eklumpa j\u016bs\u0173 nepasiruo\u0161usi\u0173 ir tegul netenka d\u0117l tokio \u012fsitik\u0117jimo raudonuoti mums, k\u0105 ir kalb\u0117ti apie jus."
                },
                "5": {
                    "verse_nr": "5",
                    "verse": "Tod\u0117l a\u0161 maniau esant reikalinga papra\u0161yti brolius anks\u010diau nuvykti pas jus ir pasir\u016bpinti, kad \u017ead\u0117toji dovana b\u016bt\u0173 paruo\u0161ta ir kad ji liudyt\u0173 j\u016bs\u0173 dosnum\u0105, ne \u0161yk\u0161tum\u0105."
                },
                "6": {
                    "verse_nr": "6",
                    "verse": "Argi ne taip: kas \u0161yk\u0161\u010diai s\u0117ja, \u0161yk\u0161\u010diai ir pjaus, o kas dosniai s\u0117ja, dosniai ir pjaus."
                },
                "7": {
                    "verse_nr": "7",
                    "verse": "Kiekvienas tegul aukoja, kaip yra \u0161irdyje nutar\u0119s, ne gail\u0117damas ar tarsi ver\u010diamas, nes Dievas myli linksm\u0105 dav\u0117j\u0105."
                },
                "8": {
                    "verse_nr": "8",
                    "verse": "O Dievas gali jus apipilti visokeriopomis malon\u0117mis, kad visuomet ir visais at\u017evilgiais b\u016btum\u0117te apr\u016bpinti ir gal\u0117tum\u0117te dosniai imtis bet kokio gero darbo"
                },
                "9": {
                    "verse_nr": "9",
                    "verse": "kaip para\u0161yta:\nJis pa\u017e\u0117r\u0117, padalijo vargdieniams;\njo teisumas am\u017eiais i\u0161lieka."
                },
                "10": {
                    "verse_nr": "10",
                    "verse": "Tasai, kuris par\u016bpina s\u0117klos s\u0117j\u0117jui ir duonos valgytojui, par\u016bpins jums s\u0117klos, padaugins j\u0105 ir pad\u0117s subr\u0119sti j\u016bs\u0173 geradaryb\u0117s vaisiams."
                },
                "11": {
                    "verse_nr": "11",
                    "verse": "J\u016bs tapsite visokeriopai pasiturintys ir gal\u0117site b\u016bti dosn\u016bs, kad mes tur\u0117tume u\u017e k\u0105 d\u0117koti Dievui."
                },
                "12": {
                    "verse_nr": "12",
                    "verse": "\u0160is paslaugus tarnavimas ne tik pagelb\u0117s \u0161ventiesiems skurde, bet ir paskatins gausias pad\u0117kos maldas Dievui."
                },
                "13": {
                    "verse_nr": "13",
                    "verse": "Patyr\u0119 tokias paslaugas, jie \u0161lovins Diev\u0105 u\u017e j\u016bs\u0173 klusnum\u0105 i\u0161pa\u017e\u012fstamai Kristaus Evangelijai ir u\u017e nuo\u0161ird\u0173 dosnum\u0105 jiems ir visiems kitiems."
                },
                "14": {
                    "verse_nr": "14",
                    "verse": "Jie melsis u\u017e jus ir ilg\u0117sis j\u016bs\u0173 d\u0117lei visa pranokstan\u010dios Dievo malon\u0117s jumyse."
                },
                "15": {
                    "verse_nr": "15",
                    "verse": "D\u0117kui Dievui u\u017e jo neapsakom\u0105 dovan\u0105!"
                }
            }
        },
        "10": {
            "chapter_nr": "10",
            "chapter": {
                "1": {
                    "verse_nr": "1",
                    "verse": "A\u0161 pats, Paulius, jus maldauju d\u0117l Kristaus romumo ir \u0161velnumo \u2013 a\u0161, kuris \u201eakyse su jumis esu toks nusi\u017eemin\u0119s, o u\u017e aki\u0173 taip smarkauju prie\u0161 jus\u201c."
                },
                "2": {
                    "verse_nr": "2",
                    "verse": "A\u0161 jus pra\u0161au, kad atvyk\u0119s netur\u0117\u010diau pasirodyti smarkuoliu, pasiry\u017eusiu grie\u017etai sudrausti kai kuriuos, manan\u010dius, jog mes vadovaujam\u0117s k\u016bno sumetimais."
                },
                "3": {
                    "verse_nr": "3",
                    "verse": "Vis d\u0117lto, gyvendami k\u016bne, mes kovojame ne k\u016bni\u0161kai."
                },
                "4": {
                    "verse_nr": "4",
                    "verse": "M\u016bs\u0173 kovos ginklai ne k\u016bni\u0161ki, bet turi Dievo galyb\u0119 griauti tvirtoves. Jais nugalime gudravimus"
                },
                "5": {
                    "verse_nr": "5",
                    "verse": "ir bet koki\u0105 puikyb\u0119, kuri sukyla prie\u0161 Dievo pa\u017einim\u0105. Jais paimame nelaisv\u0117n kiekvien\u0105 mint\u012f, kad paklust\u0173 Kristui"
                },
                "6": {
                    "verse_nr": "6",
                    "verse": "ir esame pasireng\u0119 nubausti kiekvien\u0105 neklusnum\u0105, kai tik j\u016bs\u0173 klusnumas taps tobulas."
                },
                "7": {
                    "verse_nr": "7",
                    "verse": "Tik pa\u017evelkite, kas jums po aki\u0173! Jei kas tariasi es\u0105s Kristaus, tegul kartkart\u0117mis pats sau taria: kaip jis Kristaus, taip ir mes."
                },
                "8": {
                    "verse_nr": "8",
                    "verse": "O jei panor\u0117\u010diau daugiau pasigirti ta galia, kuri\u0105 Vie\u0161pats mums suteik\u0117 j\u016bs\u0173 ugdymui, o ne griovimui, tai neb\u016bt\u0173 man g\u0117dos."
                },
                "9": {
                    "verse_nr": "9",
                    "verse": "Beje, nenor\u0117\u010diau pasirodyti baugin\u0105s jus lai\u0161kais."
                },
                "10": {
                    "verse_nr": "10",
                    "verse": "Juk \u201elai\u0161kai, \u2013 sakoma, \u2013 yra svar\u016bs ir grie\u017eti, bet jo k\u016bno i\u0161vaizda menka ir i\u0161kalba prasta\u201c."
                },
                "11": {
                    "verse_nr": "11",
                    "verse": "Kas taip sako, tegul \u012fsid\u0117mi, jog kokie esame i\u0161 tolo ir lai\u0161ko \u017eod\u017eiais, tokie esame ir vietoje darbais."
                },
                "12": {
                    "verse_nr": "12",
                    "verse": "Mes nedr\u012fstame sav\u0119s gretinti ar lyginti su kai kuriais \u017emon\u0117mis, kurie patys save auk\u0161tina. Juk jie, matuodami save pagal save pa\u010dius ir lygindami save su savimi, yra be nuovokos."
                },
                "13": {
                    "verse_nr": "13",
                    "verse": "Nesame link\u0119 girtis be kra\u0161to, o tik iki t\u0173 rib\u0173, kurias mums Dievas u\u017ebr\u0117\u017e\u0117 ir kurios siekia ligi pat j\u016bs\u0173."
                },
                "14": {
                    "verse_nr": "14",
                    "verse": "Ir mes nepersistiebiame \u2013 taip b\u016bt\u0173, jei neb\u016btume j\u016bs\u0173, \u2013 nes juk Kristaus Evangelija jus pasiek\u0117me."
                },
                "15": {
                    "verse_nr": "15",
                    "verse": "Mes be kra\u0161to nesigiriame svetimo darbo vaisiais, bet turime vilt\u012f, j\u016bs\u0173 tik\u0117jimui tarpstant, praaugti lig\u0161iolines ribas"
                },
                "16": {
                    "verse_nr": "16",
                    "verse": "kad gal\u0117tume ne\u0161ti Evangelij\u0105 u\u017e j\u016bs\u0173 rib\u0173, tik, \u017einoma, nesigirti kito atliktu darbu svetimoje srityje."
                },
                "17": {
                    "verse_nr": "17",
                    "verse": "Kas nori girtis, tesigiria Vie\u0161pa\u010diu!"
                },
                "18": {
                    "verse_nr": "18",
                    "verse": "Ne tas priimtinas, kuris pats prisistato, bet tas, kur\u012f Vie\u0161pats pristato."
                }
            }
        },
        "11": {
            "chapter_nr": "11",
            "chapter": {
                "1": {
                    "verse_nr": "1",
                    "verse": "O, kad j\u016bs pak\u0119stum\u0117te truput\u0117l\u012f mano paikyb\u0117s! Bet j\u016bs ir paken\u010diate."
                },
                "2": {
                    "verse_nr": "2",
                    "verse": "A\u0161 pavyduliauju d\u0117l j\u016bs\u0173 Dievo pavyduliavimu. Mat a\u0161 jus su\u017eiedavau su vienu vyru, su Kristumi, ir turiu pas j\u012f nuvesti jus kaip skais\u010di\u0105 mergel\u0119."
                },
                "3": {
                    "verse_nr": "3",
                    "verse": "Bet a\u0161 bijau, kad kaip angis savo gudrumu suved\u017eiojo Iev\u0105, taip ir j\u016bs\u0173 min\u010di\u0173 kas neatitraukt\u0173 nuo tyro ir nuo\u0161irdaus atsidavimo Kristui."
                },
                "4": {
                    "verse_nr": "4",
                    "verse": "Mat jei kas u\u017eklyd\u0119s ima skelbti kit\u0105 J\u0117z\u0173, negu mes paskelb\u0117me, arba jei j\u016bs priimate kit\u0105 dvasi\u0105, kurios nebuvote pri\u0117m\u0119, ar kit\u0105 evangelij\u0105, kurios nebuvote gav\u0119, tai j\u016bs ramiausiai tatai paken\u010diate."
                },
                "5": {
                    "verse_nr": "5",
                    "verse": "Bet a\u0161 manau nes\u0105s prastesnis u\u017e anuos \u201eantapa\u0161talius\u201c."
                },
                "6": {
                    "verse_nr": "6",
                    "verse": "Ir jei man tr\u016bksta i\u0161kalbingumo, tai anaiptol ne pa\u017einimo. Ir tai mes esame jums \u012frod\u0119 visais at\u017evilgiais."
                },
                "7": {
                    "verse_nr": "7",
                    "verse": "Nejaugi a\u0161 nusid\u0117jau, kad pa\u017eeminau save ir i\u0161auk\u0161tinau jus, paskelbdamas jums Dievo Evangelij\u0105 dovanai?!"
                },
                "8": {
                    "verse_nr": "8",
                    "verse": "A\u0161 apipl\u0117\u0161iau kitas Ba\u017eny\u010dias, gaudamas i\u0161 j\u0173 i\u0161laikym\u0105, kad gal\u0117\u010diau tarnauti jums."
                },
                "9": {
                    "verse_nr": "9",
                    "verse": "O b\u016bdamas pas jus ir stokodamas, n\u0117 vieno neapsunkinau. Neturte su\u0161elp\u0117 mane i\u0161 Makedonijos atvyk\u0119 broliai. A\u0161 saugojausi ir ateityje saugosiuos tapti jums na\u0161ta bet kuria prasme."
                },
                "10": {
                    "verse_nr": "10",
                    "verse": "Sakau jums vardan Kristaus tiesos, esan\u010dios manyje, kad \u0161io pasidid\u017eiavimo Achajos srityse niekas i\u0161 man\u0119s neatims."
                },
                "11": {
                    "verse_nr": "11",
                    "verse": "Kod\u0117l? Ar tod\u0117l, kad j\u016bs\u0173 nemyliu? O, Dievas tai \u017eino!"
                },
                "12": {
                    "verse_nr": "12",
                    "verse": "Kaip darau, taip ir darysiu, kad neduo\u010diau progos ie\u0161kantiems priekabi\u0173 pagyr\u016bnams, kurie nor\u0117t\u0173 pasirodyti es\u0105 tokie kaip ir mes."
                },
                "13": {
                    "verse_nr": "13",
                    "verse": "Juk tokie yra anie netikri apa\u0161talai, klastingi darbininkai, besidedantys Kristaus apa\u0161talais."
                },
                "14": {
                    "verse_nr": "14",
                    "verse": "Ir nenuostabu, nes pats \u0161\u0117tonas geba apsimesti \u0161viesos angelu."
                },
                "15": {
                    "verse_nr": "15",
                    "verse": "Tad nieko ypatinga, jei ir jo tarnai apsimeta teisumo tarnais. Bet j\u0173 galas bus toks, kokie j\u0173 darbai."
                },
                "16": {
                    "verse_nr": "16",
                    "verse": "A\u0161 kartoju: nelaikykite man\u0119s kvailiu! O jeigu jau laikote, tai pasiklausykite man\u0119s kaip kvailo, kad gal\u0117\u010diau bent truput\u012f pasigirti."
                },
                "17": {
                    "verse_nr": "17",
                    "verse": "K\u0105 pasakysiu, pasakysiu ne Vie\u0161paties valia, bet tartum kvailiodamas ir manydamas gal\u012fs pasigirti."
                },
                "18": {
                    "verse_nr": "18",
                    "verse": "Kadangi daug kas giriasi k\u016bno dalykais, tai pasigirsiu ir a\u0161."
                },
                "19": {
                    "verse_nr": "19",
                    "verse": "Juk, b\u016bdami protingi, j\u016bs mokate mielai pak\u0119sti paikuosius."
                },
                "20": {
                    "verse_nr": "20",
                    "verse": "Beje, j\u016bs ir paken\u010diate, kai jie jus pavergia, kai apryja, kai apipl\u0117\u0161ia, kai prie\u0161 jus puikuojasi, kai u\u017egauna per veid\u0105."
                },
                "21": {
                    "verse_nr": "21",
                    "verse": "Savo g\u0117dai sakau, kad mes buvome per silpni taip su jumis elgtis...\nBet jei kas dr\u012fsta kuo nors girtis \u2013 tai sakau i\u0161 kvailumo, \u2013 dr\u012fstu ir a\u0161."
                },
                "22": {
                    "verse_nr": "22",
                    "verse": "Jie hebrajai? Ir a\u0161. Jie izraelitai? Ir a\u0161. Jie Abraomo palikuonys? Ir a\u0161."
                },
                "23": {
                    "verse_nr": "23",
                    "verse": "Jie Kristaus tarnai? I\u0161 kvailumo sakau: a\u0161 juo labiau! A\u0161 daug daugiau \u012fd\u0117jau tri\u016bso. Kur kas daugiau kal\u0117jau. Esu gav\u0119s nepalyginti daugiau ryk\u0161\u010di\u0173 ir daugel kart\u0173 buv\u0119s mirties pavojuje."
                },
                "24": {
                    "verse_nr": "24",
                    "verse": "Nuo \u017eyd\u0173 gavau penkis kartus po keturiasde\u0161imt be vieno kir\u010dio."
                },
                "25": {
                    "verse_nr": "25",
                    "verse": "Tris kartus gavau lazd\u0173, vien\u0105kart buvau apsvaidytas akmenimis. Tris kartus pergyvenau laivo sudu\u017eim\u0105, i\u0161tis\u0105 par\u0105 pl\u016bduriavau atviroje j\u016broje."
                },
                "26": {
                    "verse_nr": "26",
                    "verse": "Da\u017enai b\u016bdavau kelion\u0117se, upi\u0173 pavojuose, pavojuose nuo pl\u0117\u0161ik\u0173, pavojuose nuo savo tautie\u010di\u0173, pavojuose nuo pagoni\u0173, miesto pavojuose, dykumos pavojuose, j\u016bros pavojuose, pavojuose nuo netikr\u0173 broli\u0173."
                },
                "27": {
                    "verse_nr": "27",
                    "verse": "Man teko daug tri\u016bsti ir vargti, da\u017enai bud\u0117ti naktimis, badauti ir trok\u0161ti, da\u017enai pasninkauti, da\u017enai k\u0119sti \u0161alt\u012f ir nuogum\u0105."
                },
                "28": {
                    "verse_nr": "28",
                    "verse": "Be kita ko, kasdien vargstu, r\u016bpindamasis visomis Ba\u017eny\u010diomis."
                },
                "29": {
                    "verse_nr": "29",
                    "verse": "Jei kas silpsta, ar a\u0161 nesilpstu? Jei kas piktinasi, ar a\u0161 nedegu apmaudu?!"
                },
                "30": {
                    "verse_nr": "30",
                    "verse": "Jei reikia girtis, girsiuosi savo silpnumu."
                },
                "31": {
                    "verse_nr": "31",
                    "verse": "Vie\u0161paties J\u0117zaus Dievas ir T\u0117vas, kuriam \u0161lov\u0117 per am\u017eius, \u017eino, kad nemeluoju."
                },
                "32": {
                    "verse_nr": "32",
                    "verse": "Damaske karaliaus Areto etnarchas saugojo damaskie\u010di\u0173 miest\u0105, nor\u0117damas mane suimti"
                },
                "33": {
                    "verse_nr": "33",
                    "verse": "bet a\u0161 buvau pro lang\u0105 nuleistas pintin\u0117je per m\u016br\u0105 ir tik taip i\u0161tr\u016bkau i\u0161 jo nag\u0173."
                }
            }
        },
        "12": {
            "chapter_nr": "12",
            "chapter": {
                "1": {
                    "verse_nr": "1",
                    "verse": "Jei reikia girtis (nors i\u0161 to jokios naudos), eisiu prie Vie\u0161paties reg\u0117jim\u0173 ir aprei\u0161kim\u0173."
                },
                "2": {
                    "verse_nr": "2",
                    "verse": "Pa\u017e\u012fstu \u017emog\u0173 Kristuje, kuris prie\u0161 keturiolika met\u0173 \u2013 ar k\u016bne, ar be k\u016bno, ne\u017einau, Dievas \u017eino \u2013 buvo pagautas ir i\u0161keltas iki tre\u010diojo dangaus."
                },
                "3": {
                    "verse_nr": "3",
                    "verse": "Ir \u017einau, kad \u0161itas \u017emogus \u2013 ar k\u016bne, ar be k\u016bno, ne\u017einau, Dievas \u017eino"
                },
                "4": {
                    "verse_nr": "4",
                    "verse": "buvo paimtas \u012f roj\u0173 ir gird\u0117jo slaptingus \u017eod\u017eius, kuri\u0173 nevalia \u017emogui i\u0161tarti."
                },
                "5": {
                    "verse_nr": "5",
                    "verse": "\u0160tai tokiu \u017emogumi pasigirsiu, o savimi nesigirsiu, nebent savo negaliomis."
                },
                "6": {
                    "verse_nr": "6",
                    "verse": "Jei panor\u0117\u010diau girtis, neb\u016b\u010diau neprotingas, nes kalb\u0117\u010diau ties\u0105. Bet a\u0161 susilaikau, kad kas nors apie mane nepagalvot\u0173 daugiau negu tai, k\u0105 manyje mato ar i\u0161 man\u0119s girdi"
                },
                "7": {
                    "verse_nr": "7",
                    "verse": "taip pat d\u0117l nepaprast\u0173 aprei\u0161kim\u0173. Taigi, kad nei\u0161puik\u010diau, man duotas dyglys k\u016bne, \u0161\u0117tono pasiuntinys, kad mane sm\u016bgiuot\u0173 ir nei\u0161puik\u010diau."
                },
                "8": {
                    "verse_nr": "8",
                    "verse": "Tod\u0117l a\u0161 jau tris kartus maldavau Vie\u0161pat\u012f, kad atitolint\u0173 j\u012f nuo man\u0119s."
                },
                "9": {
                    "verse_nr": "9",
                    "verse": "Bet man jis atsak\u0117: \u201eGana tau mano malon\u0117s, nes mano galyb\u0117 tampa tobula silpnume\u201c. Tod\u0117l a\u0161 mieliausiu noru girsiuosi silpnumais, kad Kristaus galyb\u0117 apsigyvent\u0173 manyje."
                },
                "10": {
                    "verse_nr": "10",
                    "verse": "Tad d\u017eiaugiuosi silpnumu, paniekinimais, b\u0117domis, persekiojimais ir priespauda d\u0117l Kristaus, nes, b\u016bdamas silpnas, esu galingas."
                },
                "11": {
                    "verse_nr": "11",
                    "verse": "J\u016bs\u0173 ver\u010diamas, nukalb\u0117jau neprotingai. I\u0161 tikro tai j\u016bs tur\u0117tum\u0117te mane pagirti, nes a\u0161 ne prastesnis u\u017e \u201eantapa\u0161talius\u201c, nors esu niekas."
                },
                "12": {
                    "verse_nr": "12",
                    "verse": "J\u016bs\u0173 akyse pasitvirtino tikro apa\u0161talo \u017eym\u0117s: kantryb\u0117, \u017eenklai, stebuklai ir galingi darbai."
                },
                "13": {
                    "verse_nr": "13",
                    "verse": "Tad ko gi jums tr\u016bksta, palyginti su kitomis Ba\u017eny\u010diomis? Vien to, kad nebuvau jums na\u0161ta? Atleiskite man \u0161it\u0105 nusikaltim\u0105!"
                },
                "14": {
                    "verse_nr": "14",
                    "verse": "\u0160tai a\u0161 pasiruo\u0161\u0119s tre\u010di\u0105 kart\u0105 atvykti pas jus, ta\u010diau neapsunkinsiu j\u016bs\u0173, nes geid\u017eiu ne j\u016bs\u0173 turto, o j\u016bs\u0173 pa\u010di\u0173. Juk ne vaikai privalo krauti turt\u0105 gimdytojams, bet gimdytojai vaikams."
                },
                "15": {
                    "verse_nr": "15",
                    "verse": "J\u016bs\u0173 siel\u0173 labui su d\u017eiaugsmu visk\u0105 atiduosiu ir save pat\u012f prid\u0117siu. Argi, be kra\u0161to jus myl\u0117damas, tur\u0117\u010diau b\u016bti j\u016bs\u0173 ma\u017eiau mylimas?"
                },
                "16": {
                    "verse_nr": "16",
                    "verse": "Teb\u016bnie ir taip, \u2013 sakysite, \u2013 a\u0161 j\u016bs\u0173 neapsunkinau, bet, b\u016bdamas gudrus, klasta jus prisiviliojau."
                },
                "17": {
                    "verse_nr": "17",
                    "verse": "Bet argi a\u0161 kaip nors i\u0161naudojau jus per kur\u012f savo pasiuntin\u012f?"
                },
                "18": {
                    "verse_nr": "18",
                    "verse": "A\u0161 \u012fpra\u0161iau Tit\u0105 keliauti ir pasiun\u010diau su juo vien\u0105 brol\u012f. Argi Titas jus i\u0161naudojo? Argi mes veik\u0117me ne ta pa\u010dia dvasia? Argi nevaik\u0161\u010diojome tomis pa\u010diomis p\u0117domis?"
                },
                "19": {
                    "verse_nr": "19",
                    "verse": "J\u016bs jau seniai manote, kad mes prie\u0161 jus teisinam\u0117s. Ne, mes kalbame Dievo akivaizdoje, Kristuje, ir visa tai, mylimieji, j\u016bs\u0173 pa\u017eangai."
                },
                "20": {
                    "verse_nr": "20",
                    "verse": "Mat a\u0161 bijau, kad atvyk\u0119s neras\u010diau j\u016bs\u0173 toki\u0173, koki\u0173 nenoriu, ir kad pats neb\u016b\u010diau toks, kokio j\u016bs nenorite; kad neb\u016bt\u0173 nesantaikos, pavydo, piktumo, barni\u0173, \u0161mei\u017et\u0173, apkalb\u0173, pasip\u016btim\u0173, netvarkos"
                },
                "21": {
                    "verse_nr": "21",
                    "verse": "kad, kai v\u0117l atvyksiu, mano Dievas nepa\u017eemint\u0173 man\u0119s prie\u0161 jus ir man netekt\u0173 apraudoti daugelio, kurie pirmiau buvo nusid\u0117j\u0119 ir dar n\u0117ra atgailav\u0119 d\u0117l savo netyrumo, i\u0161tvirkavimo ir ga\u0161lumo darb\u0173."
                }
            }
        },
        "13": {
            "chapter_nr": "13",
            "chapter": {
                "1": {
                    "verse_nr": "1",
                    "verse": "Jau tre\u010di\u0105 kart\u0105 keliauju pas jus. Dviej\u0173 ar trij\u0173 liudytoj\u0173 parodymais remsis visa byla."
                },
                "2": {
                    "verse_nr": "2",
                    "verse": "Jau esu sak\u0119s, antrukart lankydamasis pas jus, ir dabar, dar b\u016bdamas toli, v\u0117l sakau anks\u010diau nusid\u0117jusiems ir visiems kitiems, jog at\u0117j\u0119s b\u016bsiu negailestingas."
                },
                "3": {
                    "verse_nr": "3",
                    "verse": "J\u016bs reikalaujate \u012frodymo, kad manyje kalba Kristus, o jis n\u0117ra silpnas prie\u0161 jus, bet galingas jumyse."
                },
                "4": {
                    "verse_nr": "4",
                    "verse": "Jis buvo nukry\u017eiuotas d\u0117l silpnumo, bet dabar jis gyvas Dievo galybe. Mes irgi silpni jame, bet jums gyvensime su juo Dievo galybe."
                },
                "5": {
                    "verse_nr": "5",
                    "verse": "Patikrinkite patys save, ar laikot\u0117s tik\u0117jimo. I\u0161tirkite save! O gal nenutuokiate, kad jumyse yra J\u0117zus Kristus? Jeigu taip, tai esate atmestini."
                },
                "6": {
                    "verse_nr": "6",
                    "verse": "Bet a\u0161 turiu vilties, kad j\u016bs \u012fsitikinsite, jog mes nesame atmestini."
                },
                "7": {
                    "verse_nr": "7",
                    "verse": "Mes meld\u017eiame Diev\u0105, kad j\u016bs nedarytum\u0117te nieko blogo, ne tam, kad mes pasirodytume tinkami, bet kad j\u016bs darytum\u0117te gera, o mes b\u016btume tartum atmestini."
                },
                "8": {
                    "verse_nr": "8",
                    "verse": "Mes juk nieko negalime prie\u0161 ties\u0105, bet tiktai u\u017e ties\u0105."
                },
                "9": {
                    "verse_nr": "9",
                    "verse": "Mums d\u017eiaugsmas, kad mes silpni, o j\u016bs stipr\u016bs. Mes to ir meld\u017eiame: kad j\u016bs taptum\u0117te tobuli."
                },
                "10": {
                    "verse_nr": "10",
                    "verse": "Tod\u0117l, b\u016bdamas toli, ra\u0161au tai, kad atvyk\u0119s netur\u0117\u010diau grie\u017etai elgtis, griebdamasis galios, kuri\u0105 man Vie\u0161pats suteik\u0117 tam, kad ugdy\u010diau, o ne kad griau\u010diau."
                },
                "11": {
                    "verse_nr": "11",
                    "verse": "Galiausiai, broliai, d\u017eiaukit\u0117s, tobulinkit\u0117s, vienas kit\u0105 guoskite, b\u016bkite vieningi, taikiai gyvenkite, ir meil\u0117s bei ramyb\u0117s Dievas bus su jumis."
                },
                "12": {
                    "verse_nr": "12",
                    "verse": "Sveikinkite vieni kitus \u0161ventu pabu\u010diavimu. Jus sveikina visi \u0161ventieji."
                },
                "13": {
                    "verse_nr": "13",
                    "verse": "Vie\u0161paties J\u0117zaus Kristaus malon\u0117, Dievo meil\u0117 ir \u0160ventosios Dvasios bendryst\u0117 teb\u016bna su jumis visais!"
                },
                "14": {
                    "verse_nr": "14",
                    "verse": ""
                }
            }
        }
    }
}