{
    "version": "cep",
    "book_name": "Habakkuk",
    "book_nr": "35",
    "book": {
        "1": {
            "chapter_nr": 1,
            "chapter": {
                "1": {
                    "verse_nr": 1,
                    "verse": "V\u00fdnos, kter\u00fd p\u0159ijal ve vid\u011bn\u00ed prorok Abakuk.\n"
                },
                "2": {
                    "verse_nr": 2,
                    "verse": "Jak dlouho ji\u017e vol\u00e1m o pomoc, Hospodine, a ty nesly\u0161\u00ed\u0161. \u00dap\u00edm k tob\u011b pro n\u00e1sil\u00ed, a ty nezachra\u0148uje\u0161.\n"
                },
                "3": {
                    "verse_nr": 3,
                    "verse": "Pro\u010d mi d\u00e1v\u00e1\u0161 vid\u011bt ni\u010demnosti a ml\u010dky na tr\u00e1pen\u00ed hled\u00ed\u0161? Dol\u00e9haj\u00ed na mne zhouba a n\u00e1sil\u00ed, rozrostli se spory a sv\u00e1ry.\n"
                },
                "4": {
                    "verse_nr": 4,
                    "verse": "Proto je tak ochromen z\u00e1kon a nikdy se neprosad\u00ed pr\u00e1vo. Spravedliv\u00e9ho obkli\u010duje sv\u00e9voln\u00edk, proto je pr\u00e1vo tak p\u0159ekrouceno.\n"
                },
                "5": {
                    "verse_nr": 5,
                    "verse": "Pohle\u010fte na pron\u00e1rody, popat\u0159te! Ustrnete \u00fadivem nad t\u00edm, co vykon\u00e1m za va\u0161ich dn\u016f. Nebudete v\u011b\u0159it, a\u017e se o tom bude vypravovat.\n"
                },
                "6": {
                    "verse_nr": 6,
                    "verse": "J\u00e1 toti\u017e povol\u00e1m Kaldejce, pron\u00e1rod krut\u00fd a prchliv\u00fd, jen\u017e projde \u0161iro\u0161irou zem\u00ed, aby se zmocnil p\u0159\u00edbytk\u016f, kter\u00e9 mu nepat\u0159\u00ed.\n"
                },
                "7": {
                    "verse_nr": 7,
                    "verse": "Je p\u0159\u00ed\u0161ern\u00fd a hrozn\u00fd, vyhla\u0161uje vlastn\u00ed svrchovan\u00e9 pr\u00e1vo.\n"
                },
                "8": {
                    "verse_nr": 8,
                    "verse": "Jeho kon\u011b jsou hbit\u011bj\u0161\u00ed ne\u017e levharti, drav\u011bj\u0161\u00ed ne\u017e vlci za ve\u010dera; jeho jezdci uh\u00e1n\u011bj\u00ed tryskem, jeho j\u00edzda se zdaleka \u017eene, let\u00ed jako orlice, je\u017e sp\u011bch\u00e1 za ko\u0159ist\u00ed.\n"
                },
                "9": {
                    "verse_nr": 9,
                    "verse": "Ka\u017ed\u00fd z nich se \u017eene za n\u00e1sil\u00edm, dychtiv\u011b m\u00ed\u0159\u00ed vp\u0159ed. Sebral zajatc\u016f jak p\u00edsku.\n"
                },
                "10": {
                    "verse_nr": 10,
                    "verse": "Z kr\u00e1l\u016f si trop\u00ed \u017eerty, hodnost\u00e1\u0159i jsou mu k sm\u00edchu, ka\u017ed\u00e9 pevnosti se sm\u011bje, nahrne prach a dobude ji.\n"
                },
                "11": {
                    "verse_nr": 11,
                    "verse": "Potom p\u0159el\u00e9tne jak v\u00edtr a t\u00e1hne d\u00e1l obt\u00ed\u017een vinou, za boha m\u00e1 vlastn\u00ed s\u00edlu.\n"
                },
                "12": {
                    "verse_nr": 12,
                    "verse": "Co\u017epak nejsi od prad\u00e1vna, Hospodine, svat\u00fd Bo\u017ee m\u016fj? My nezem\u0159eme. Hospodine, pov\u011b\u0159il jsi ho soudem, Sk\u00e1lo, ulo\u017eil jsi mu, aby trestal.\n"
                },
                "13": {
                    "verse_nr": 13,
                    "verse": "Tv\u00e9 o\u010di jsou \u010dist\u00e9, nemohou se d\u00edvat na zlo a hled\u011bt na tr\u00e1pen\u00ed. Pro\u010d tedy trp\u00ed\u0161 v\u011brolomn\u00e9, ml\u010d\u00ed\u0161, kdy\u017e sv\u00e9voln\u00edk pohlcuje spravedliv\u011bj\u0161\u00edho?\n"
                },
                "14": {
                    "verse_nr": 14,
                    "verse": "Co\u017e jsi u\u010dinil lidstvo jako mo\u0159sk\u00e9 ryby, jako hav\u011b\u0165, nad n\u00ed\u017e nevl\u00e1dne nikdo?\n"
                },
                "15": {
                    "verse_nr": 15,
                    "verse": "On udic\u00ed vytahuje v\u0161echny a lap\u00e1 je do sv\u00e9 s\u00edt\u011b, do sv\u00e9ho nevodu je chyt\u00e1. Proto se raduje a j\u00e1s\u00e1.\n"
                },
                "16": {
                    "verse_nr": 16,
                    "verse": "Proto ob\u011btuje sv\u00e9 s\u00edti a sv\u00e9mu nevodu p\u00e1l\u00ed kadidlo; nebo\u0165 skrze n\u011b se mu dost\u00e1v\u00e1 v\u00fdborn\u00e9ho pod\u00edlu a nejtu\u010dn\u011bj\u0161\u00edho pokrmu.\n"
                },
                "17": {
                    "verse_nr": 17,
                    "verse": "Co\u017e bude svou s\u00ed\u0165 vyprazd\u0148ovat bez p\u0159est\u00e1n\u00ed, bez soucitu vra\u017edit pron\u00e1rody?\n"
                }
            }
        },
        "2": {
            "chapter_nr": 2,
            "chapter": {
                "1": {
                    "verse_nr": 1,
                    "verse": "Postav\u00edm se na sv\u00e9 str\u00e1\u017en\u00e9 stanovi\u0161t\u011b, budu st\u00e1t na hl\u00e1sce a vyhl\u00ed\u017eet, abych seznal, co ke mn\u011b promluv\u00ed a jakou odpov\u011b\u010f dostanu na svoji st\u00ed\u017enost.\n"
                },
                "2": {
                    "verse_nr": 2,
                    "verse": "Hospodin mi odpov\u011bd\u011bl, \u0159ekl: \"Zapi\u0161 to vid\u011bn\u00ed, zaznamenej je na tabulky, aby si je \u010dten\u00e1\u0159 mohl snadno p\u0159e\u010d\u00edst.\n"
                },
                "3": {
                    "verse_nr": 3,
                    "verse": "Vid\u011bn\u00ed u\u017e ukazuje k ur\u010dit\u00e9mu \u010dasu, m\u00ed\u0159\u00ed neomyln\u011b k c\u00edli; prodl\u00e9v\u00e1-li vy\u010dkej, nebo\u0165 p\u0159ijde zcela jist\u011b, zadr\u017eet se ned\u00e1.\"\n"
                },
                "4": {
                    "verse_nr": 4,
                    "verse": "Pozor na opov\u00e1\u017elivce; nen\u00ed v n\u011bm du\u0161e p\u0159\u00edm\u00e1. Spravedliv\u00fd bude \u017e\u00edt pro svou v\u011brnost.\n"
                },
                "5": {
                    "verse_nr": 5,
                    "verse": "Jako v\u00edno oklame, tak neobstoj\u00ed troufal\u00fd mu\u017e. Rozev\u00edr\u00e1 ch\u0159t\u00e1n jako podsv\u011bt\u00ed, z\u016fstane jako smrt nenasytn\u00fd, i kdyby pro sebe zabral v\u0161echny pron\u00e1rody a v\u0161echny n\u00e1rody shrom\u00e1\u017edil k sob\u011b.\n"
                },
                "6": {
                    "verse_nr": 6,
                    "verse": "Co\u017e ti v\u0161ichni neu\u017eij\u00ed proti n\u011bmu po\u0159ekadel, posm\u011b\u0161n\u00fdch pop\u011bvk\u016f a nar\u00e1\u017eek na n\u011bj? Bude se \u0159\u00edkat: B\u011bda tomu, kdo hromad\u00ed, co mu nepat\u0159\u00ed. Jak dlouho? I tomu, kdo z\u00e1stavou zat\u011b\u017euje.\n"
                },
                "7": {
                    "verse_nr": 7,
                    "verse": "Co\u017e tvoji dlu\u017en\u00edci n\u00e1hle nepovstanou, nevschop\u00ed se ti, kte\u0159\u00ed se t\u0159esou strachem? Bude\u0161 jim vyd\u00e1n v plen.\n"
                },
                "8": {
                    "verse_nr": 8,
                    "verse": "Za to, \u017ee jsi plenil mnoh\u00e9 pron\u00e1rody, budou plenit v\u0161echny ostatn\u00ed n\u00e1rody tebe za prolitou lidskou krev a za n\u00e1sil\u00ed p\u00e1chan\u00e9 na zemi, na m\u011bstu i v\u0161ech jeho obyvatel\u00edch.\n"
                },
                "9": {
                    "verse_nr": 9,
                    "verse": "B\u011bda tomu, kdo chamtiv\u011b sh\u00e1n\u00ed mrzk\u00fd zisk pro sv\u016fj d\u016fm, aby si zalo\u017eil hn\u00edzdo na v\u00fd\u0161in\u011b, aby se vyprosil ze sp\u00e1r\u016f zla.\n"
                },
                "10": {
                    "verse_nr": 10,
                    "verse": "Rozhodl ses k hanb\u011b sv\u00e9ho domu u\u010dinit konec mnoh\u00fdm n\u00e1rod\u016fm; h\u0159e\u0161\u00ed\u0161 s\u00e1m proti sob\u011b.\n"
                },
                "11": {
                    "verse_nr": 11,
                    "verse": "I k\u00e1men ze zdi bude k\u0159i\u010det, tr\u00e1m z kovu mu odpov\u00eddat.\n"
                },
                "12": {
                    "verse_nr": 12,
                    "verse": "B\u011bda tomu, kdo stav\u00ed m\u011bsto na prolit\u00e9 krvi a zabezpe\u010duje tvrz bezpr\u00e1v\u00edm.\n"
                },
                "13": {
                    "verse_nr": 13,
                    "verse": "Hle, co\u017e to nen\u00ed od Hospodina z\u00e1stup\u016f, kdy\u017e \"lid\u00e9 se nam\u00e1haj\u00ed, a poz\u0159e to ohe\u0148, n\u00e1rody se lopot\u00ed pro nic za nic\"?\n"
                },
                "14": {
                    "verse_nr": 14,
                    "verse": "Zem\u011b bude napln\u011bna pozn\u00e1n\u00edm Hospodinovy sl\u00e1vy, jako vody pokr\u00fdvaj\u00ed mo\u0159e.\n"
                },
                "15": {
                    "verse_nr": 15,
                    "verse": "B\u011bda tomu, kdo nap\u00e1j\u00ed sv\u00e9ho bli\u017en\u00edho, tob\u011b, kter\u00fd p\u0159im\u011b\u0161uje\u0161 jed sv\u00e9ho hn\u011bvu a op\u00edj\u00ed\u0161 ho a na jeho nahotu se d\u00edv\u00e1\u0161.\n"
                },
                "16": {
                    "verse_nr": 16,
                    "verse": "Dosyta se naj\u00ed\u0161 pohany, ne sl\u00e1vy. I ty bude\u0161 p\u00edt a uk\u00e1\u017ee se tv\u00e1 neob\u0159ezanost. I na tebe dojde \u010d\u00ed\u0161e z pravice Hospodinovy a zlo\u0159e\u010den\u00ed na tvou sl\u00e1vu.\n"
                },
                "17": {
                    "verse_nr": 17,
                    "verse": "N\u00e1sil\u00ed na Liban\u00f3nu se obr\u00e1t\u00ed proti tob\u011b, pob\u00edjen\u00ed zv\u00ed\u0159at ti na\u017eene d\u011bsu za prolitou lidskou krev a za n\u00e1sil\u00ed p\u00e1chan\u00e9 na zemi, na m\u011bstu i v\u0161ech jeho obyvatel\u00edch.\n"
                },
                "18": {
                    "verse_nr": 18,
                    "verse": "Co prosp\u011bje tesan\u00e1 modla, ji\u017e vytesal jej\u00ed tv\u016frce, modla lit\u00e1, u\u010ditel l\u017ei? A\u0165 si v ni douf\u00e1 jej\u00ed tv\u016frce, zhotovuje pouze n\u011bm\u00e9 b\u016f\u017eky.\n"
                },
                "19": {
                    "verse_nr": 19,
                    "verse": "B\u011bda tomu, kdo \u0159\u00edk\u00e1 d\u0159evu: \"Procitni\", kdo \u0159\u00edk\u00e1 n\u011bm\u00e9mu kameni: \"Vzbu\u010f se.\" N\u011bco takov\u00e9ho m\u00e1 b\u00fdt u\u010ditelem? I kdy\u017e je to pota\u017eeno zlatem a st\u0159\u00edbrem, nem\u00e1 to \u017e\u00e1dn\u00e9ho ducha.-\n"
                },
                "20": {
                    "verse_nr": 20,
                    "verse": "Hospodin je ve sv\u00e9m svat\u00e9m chr\u00e1mu. Zti\u0161 se p\u0159ed n\u00edm, cel\u00e1 zem\u011b!\n"
                }
            }
        },
        "3": {
            "chapter_nr": 3,
            "chapter": {
                "1": {
                    "verse_nr": 1,
                    "verse": "Modlitba proroka Abakuka; na zp\u016fsob tkliv\u00e9 p\u00edsn\u011b.\n"
                },
                "2": {
                    "verse_nr": 2,
                    "verse": "Hospodine, sly\u0161el jsem tvou zpr\u00e1vu; boj\u00edm se o tvoje d\u00edlo, Hospodine, v tento \u010das je zachovej, v tento \u010das je uve\u010f v zn\u00e1most. V nepokoji pamatuj na slitov\u00e1n\u00ed!\n"
                },
                "3": {
                    "verse_nr": 3,
                    "verse": "Z T\u00e9manu p\u0159ich\u00e1z\u00ed B\u016fh, z hory P\u00e1ranu Svat\u00fd. Nebesa p\u0159ikr\u00fdv\u00e1 velebnost jeho, zem\u011b je pln\u00e1 chvalozp\u011bv\u016f.\n"
                },
                "4": {
                    "verse_nr": 4,
                    "verse": "Z\u00e1\u0159\u00ed jako sv\u011btlo, po stran\u011b m\u00e1 rohy, v nich\u017e se skryla jeho s\u00edla.\n"
                },
                "5": {
                    "verse_nr": 5,
                    "verse": "P\u0159ed n\u00edm se \u017eene mor, n\u00e1kaza val\u00ed se za n\u00edm.\n"
                },
                "6": {
                    "verse_nr": 6,
                    "verse": "Stanul, a m\u011b\u0159\u00ed zemi, pohl\u00e9dl, a zat\u0159\u00e1sl pron\u00e1rody; pukaj\u00ed odv\u011bk\u00e1 horstva, pahorky prav\u011bk\u00e9 se hrout\u00ed; cesta v\u011b\u010dnosti pat\u0159\u00ed jemu.\n"
                },
                "7": {
                    "verse_nr": 7,
                    "verse": "Vid\u00edm, jak hrou\u017e\u00ed se v nicotu k\u00fa\u0161ansk\u00e9 stany, jak se chv\u011bj\u00ed stanov\u00e9 houn\u011b midjansk\u00e9 zem\u011b.\n"
                },
                "8": {
                    "verse_nr": 8,
                    "verse": "Vzpanul snad Hospodin proti \u0159ek\u00e1m? Zda proti \u0159ek\u00e1m plane tv\u016fj hn\u011bv nebo tv\u00e1 prchlivost proti mo\u0159i? Jede\u0161 na sv\u00fdch o\u0159\u00edch, tvoje vozy p\u0159iv\u00e1\u017eej\u00ed sp\u00e1su.\n"
                },
                "9": {
                    "verse_nr": 9,
                    "verse": "Luk m\u00e1\u0161 p\u0159ipraven\u00fd ke spln\u011bn\u00ed p\u0159\u00edsah, dan\u00fdch d\u00e1vn\u00fdm pokolen\u00edm. \u0158ekami rozpolcuje\u0161 zemi.\n"
                },
                "10": {
                    "verse_nr": 10,
                    "verse": "Spat\u0159ily t\u011b hory a chv\u011bj\u00ed se v k\u0159e\u010di. P\u0159ehnala se pr\u016ftr\u017e mra\u010den, propastn\u00e1 t\u016f\u0148 do k\u0159iku se dala, vysoko vzp\u00edn\u00e1 sv\u00e9 ruce.\n"
                },
                "11": {
                    "verse_nr": 11,
                    "verse": "Do sv\u00e9ho obydl\u00ed se st\u00e1hlo slunce i m\u011bs\u00edc, utekly p\u0159ed sv\u011btlem tv\u00fdch \u0161\u00edp\u016f, p\u0159ed z\u00e1\u0159\u00ed tv\u00e9ho bli\u0161tiv\u00e9ho kop\u00ed.\n"
                },
                "12": {
                    "verse_nr": 12,
                    "verse": "Rozl\u00edcen po zemi kr\u00e1\u010d\u00ed\u0161, po pron\u00e1rodech ve hn\u011bvu dupe\u0161.\n"
                },
                "13": {
                    "verse_nr": 13,
                    "verse": "Vy\u0161el jsi spasit sv\u016fj lid, spasit pomazan\u00e9ho sv\u00e9ho. Rozdrtil jsi hlavu sv\u00e9voln\u00edkova domu, obna\u017eils ho od z\u00e1klad\u016f k hrdlu.\n"
                },
                "14": {
                    "verse_nr": 14,
                    "verse": "Jeho vlastn\u00edmi holemi rozrazil jsi hlavu jeho kn\u00ed\u017eat, \u017eenouc\u00edch se jako smr\u0161\u0165, aby m\u011b rozpr\u00e1\u0161ili; j\u00e1sali divoce, jako by u\u017e tajn\u011b poz\u0159eli uti\u0161t\u011bn\u00e9ho.\n"
                },
                "15": {
                    "verse_nr": 15,
                    "verse": "Sv\u00fdmi o\u0159i jsi po\u0161lapal mo\u0159e, vzdouvaj\u00edc\u00ed se nesm\u00edrn\u00e1 vodstva.\n"
                },
                "16": {
                    "verse_nr": 16,
                    "verse": "Usly\u0161el jsem o tom a cel\u00fd se t\u0159esu, chci se ozvat a rty se mi chv\u011bj\u00ed; jakoby kosti\u017eer zachv\u00e1til m\u00e9 kosti, podlamuj\u00ed se pode mnou nohy. Budu v\u0161ak klidn\u011b o\u010dek\u00e1vat den sou\u017een\u00ed, a\u017e p\u0159it\u00e1hnou a p\u0159epadnou lid.\n"
                },
                "17": {
                    "verse_nr": 17,
                    "verse": "I kdyby f\u00edkovn\u00edk nevypu\u010del, r\u00e9va nedala v\u00fdnos, selhala plodnost olivy, pole nevydala pokrm, z ohrady zmizel brav, ve chl\u00e9vech dobytek nebyl,\n"
                },
                "18": {
                    "verse_nr": 18,
                    "verse": "j\u00e1 budu j\u00e1sotem oslavovat Hospodina, j\u00e1sat ke chv\u00e1le Boha, kter\u00fd je m\u00e1 sp\u00e1sa.\n"
                },
                "19": {
                    "verse_nr": 19,
                    "verse": "Panovn\u00edk Hospodin je moje s\u00edla. U\u010dinil m\u00e9 nohy hbit\u00e9 jako nohy lan\u011b, po posv\u00e1tn\u00fdch n\u00e1vr\u0161\u00edch mi d\u00e1v\u00e1 \u0161lapat. Pro p\u0159edn\u00edho zp\u011bv\u00e1ka za doprovodu strunn\u00fdch n\u00e1stroj\u016f.\n"
                }
            }
        }
    }
}