{
    "version": "cep",
    "book_name": "Obadiah",
    "book_nr": "31",
    "book": {
        "1": {
            "chapter_nr": 1,
            "chapter": {
                "1": {
                    "verse_nr": 1,
                    "verse": "Vid\u011bn\u00ed Abdi\u00e1\u0161ovo. Toto prav\u00ed Panovn\u00edk Hospodin o Ed\u00f3mu. Sly\u0161eli jsme zpr\u00e1vu od Hospodina, \u017ee mezi pron\u00e1rody byl posl\u00e1n vyslanec: \"Vzh\u016fru, povsta\u0148me k boji proti n\u011bmu!\"\n"
                },
                "2": {
                    "verse_nr": 2,
                    "verse": "Hle, mezi pron\u00e1rody t\u011b \u010din\u00edm mali\u010dk\u00fdm, bude\u0161 ve velk\u00e9m opovr\u017een\u00ed.\n"
                },
                "3": {
                    "verse_nr": 3,
                    "verse": "Opov\u00e1\u017elivost tv\u00e9ho srdce t\u011b zavedla. Bydl\u00ed\u0161 v skaln\u00edch rozsedlin\u00e1ch, s\u00eddl\u00ed\u0161 vysoko, v srdci si \u0159\u00edk\u00e1\u0161: \"Kdo by m\u011b strhl k zemi?\"\n"
                },
                "4": {
                    "verse_nr": 4,
                    "verse": "I kdy\u017e sis zalo\u017eil hn\u00edzdo vysoko jak orel a polo\u017eil je mezi hv\u011bzdy, strhnu t\u011b odtud, je v\u00fdrok Hospodin\u016fv.\n"
                },
                "5": {
                    "verse_nr": 5,
                    "verse": "A\u017e t\u011b p\u0159epadnou zlod\u011bji, \u0161k\u016fdcov\u00e9 no\u010dn\u00ed, jak zajde\u0161! Co\u017e nenakradou tolik, aby m\u011bli dost? A\u017e na tebe p\u0159ijdou sb\u011bra\u010di hrozn\u016f, nenechaj\u00ed ani pab\u011brky.\n"
                },
                "6": {
                    "verse_nr": 6,
                    "verse": "Tak bude Ezau prop\u00e1tr\u00e1n, jeho \u00fakryty prosl\u00edd\u011bny.\n"
                },
                "7": {
                    "verse_nr": 7,
                    "verse": "Po\u017eenou t\u011b a\u017e na hranice, podvedou t\u011b v\u0161ichni, s nimi\u017e m\u00e1\u0161 smlouvu, zmocn\u00ed se t\u011b ti, s nimi\u017e v pokoji \u017eije\u0161, ti, kte\u0159\u00ed jed\u00ed tv\u016fj chl\u00e9b, z\u00e1ke\u0159n\u011b ti zasad\u00ed r\u00e1nu. On v\u0161ak rozum nem\u00e1.\n"
                },
                "8": {
                    "verse_nr": 8,
                    "verse": "Zdali v onen den, je v\u00fdrok Hospodin\u016fv, nevyhub\u00edm z Ed\u00f3mu mudrce a rozumnost z Ezauovy hory?\n"
                },
                "9": {
                    "verse_nr": 9,
                    "verse": "T\u00e9mane, tvoji bohat\u00fd\u0159i se zd\u011bs\u00ed, nebo\u0165 na Ezauov\u011b ho\u0159e budou v\u0161ichni vyhlazeni, proto\u017ee vra\u017edili.\n"
                },
                "10": {
                    "verse_nr": 10,
                    "verse": "Pro n\u00e1sil\u00ed na tv\u00e9m bratru J\u00e1kobovi p\u0159ikryje t\u011b hanba, bude\u0161 vyhlazen nav\u011bky.\n"
                },
                "11": {
                    "verse_nr": 11,
                    "verse": "V ten den ses postavil proti n\u011bmu, v den, kdy ciz\u00e1ci j\u00edmali jeho vojsko. Kdy\u017e vch\u00e1zeli do jeho bran cizinci a losovali o Jeruzal\u00e9m, i tys byl jako jeden z nich.\n"
                },
                "12": {
                    "verse_nr": 12,
                    "verse": "Jen se nepas pohledem na den sv\u00e9ho bratra v den jeho ne\u0161t\u011bst\u00ed, neraduj se nad judsk\u00fdmi syny v den jejich z\u00e1huby, nepo\u0161klebuj se jim v den sou\u017een\u00ed!\n"
                },
                "13": {
                    "verse_nr": 13,
                    "verse": "Nevch\u00e1zej do br\u00e1ny m\u00e9ho lidu v den jeho b\u011bd; pr\u00e1v\u011b ty se nepas pohledem na zlo, je\u017e ho stihlo v den jeho b\u011bd; a\u0165 tv\u00e9 ruce nesahaj\u00ed po jeho majetku v den jeho b\u011bd!\n"
                },
                "14": {
                    "verse_nr": 14,
                    "verse": "A nest\u016fj nad pr\u016frvou, abys pob\u00edjel ty, kdo vyv\u00e1zli, nevyd\u00e1vej ty, kdo p\u0159e\u017eili, v den sou\u017een\u00ed!\n"
                },
                "15": {
                    "verse_nr": 15,
                    "verse": "Bl\u00edzko je den Hospodin\u016fv proti v\u0161em n\u00e1rod\u016fm. Co jsi u\u010dinil ty, to bude u\u010din\u011bno tob\u011b, vr\u00e1t\u00ed se ti to na hlavu, jak zasluhuje\u0161.\n"
                },
                "16": {
                    "verse_nr": 16,
                    "verse": "Jak jste se napili na m\u00e9 svat\u00e9 ho\u0159e vy, tak budou ustavi\u010dn\u011b p\u00edt v\u0161echny pron\u00e1rody; budou p\u00edt, a\u017e se budou zalykat, a zmiz\u00ed, jako by nikdy neb\u00fdvaly.\n"
                },
                "17": {
                    "verse_nr": 17,
                    "verse": "Av\u0161ak na ho\u0159e Sij\u00f3nu budou ti, kte\u0159\u00ed vyv\u00e1zli, a bude svat\u00e1, a J\u00e1kob\u016fv d\u016fm obsad\u00ed ty, kdo jej obsadili.\n"
                },
                "18": {
                    "verse_nr": 18,
                    "verse": "I bude d\u016fm J\u00e1kob\u016fv ohn\u011bm a d\u016fm Josef\u016fv plamenem, zat\u00edmco d\u016fm Ezau\u016fv bude strni\u0161t\u011bm; oba se proti n\u011bmu rozp\u00e1l\u00ed a poz\u0159ou jej, nikdo z Ezauova domu nep\u0159e\u017eije. Tak promluvil Hospodin.\n"
                },
                "19": {
                    "verse_nr": 19,
                    "verse": "Lid Negebu obsad\u00ed Ezauovu horu a lid P\u0159\u00edmo\u0159sk\u00e9 n\u00ed\u017einy Peli\u0161tejce, obsad\u00ed t\u00e9\u017e pole Efrajimovo a pole Sama\u0159sk\u00e9 a Benjam\u00edn obsad\u00ed Gile\u00e1d.\n"
                },
                "20": {
                    "verse_nr": 20,
                    "verse": "P\u0159es\u00eddlenci, to vojsko syn\u016f Izraele, obsad\u00ed, co je kenaansk\u00e9, a\u017e do Sarepty a p\u0159es\u00eddlenci z Jeruzal\u00e9ma, kte\u0159\u00ed jsou v Sefaradu, obsad\u00ed negebsk\u00e1 m\u011bsta.\n"
                },
                "21": {
                    "verse_nr": 21,
                    "verse": "V\u00edt\u011bzov\u00e9 pak vystoup\u00ed na horu Sij\u00f3n, aby soudili Ezauovu horu. A nastane kr\u00e1lovstv\u00ed Hospodinovo.\n"
                }
            }
        }
    }
}