{
    "version": "basicenglish",
    "book_name": "Philemon",
    "book_nr": "57",
    "book": {
        "1": {
            "chapter_nr": 1,
            "chapter": {
                "1": {
                    "verse_nr": 1,
                    "verse": "Paul, a prisoner of Jesus Christ, and Timothy our brother, to Philemon, our dear helper in the faith,\n"
                },
                "2": {
                    "verse_nr": 2,
                    "verse": "And to Apphia, our sister, and to Archippus, our brother in God's army, and to the church in your house:\n"
                },
                "3": {
                    "verse_nr": 3,
                    "verse": "Grace to you and peace from God our Father and the Lord Jesus Christ.\n"
                },
                "4": {
                    "verse_nr": 4,
                    "verse": "I give praise to God at all times and make prayer for you,\n"
                },
                "5": {
                    "verse_nr": 5,
                    "verse": "Hearing of the love and the faith which you have to the Lord Jesus and to all the saints;\n"
                },
                "6": {
                    "verse_nr": 6,
                    "verse": "That the faith which you have in common with them may be working with power, in the knowledge of every good thing in you, for Christ.\n"
                },
                "7": {
                    "verse_nr": 7,
                    "verse": "For I had great joy and comfort in your love, because the hearts of the saints have been made strong again through you, brother.\n"
                },
                "8": {
                    "verse_nr": 8,
                    "verse": "And so, though I might, in the name of Christ, give you orders to do what is right,\n"
                },
                "9": {
                    "verse_nr": 9,
                    "verse": "Still, because of love, in place of an order, I make a request to you, I, Paul, an old man and now a prisoner of Christ Jesus:\n"
                },
                "10": {
                    "verse_nr": 10,
                    "verse": "My request is for my child Onesimus, the child of my chains,\n"
                },
                "11": {
                    "verse_nr": 11,
                    "verse": "Who in the past was of no profit to you, but now is of profit to you and to me:\n"
                },
                "12": {
                    "verse_nr": 12,
                    "verse": "Whom I have sent back to you, him who is my very heart:\n"
                },
                "13": {
                    "verse_nr": 13,
                    "verse": "Though my desire was to keep him with me, to be my servant in the chains of the good news, in your place:\n"
                },
                "14": {
                    "verse_nr": 14,
                    "verse": "But without your approval I would do nothing; so that your good works might not be forced, but done freely from your heart.\n"
                },
                "15": {
                    "verse_nr": 15,
                    "verse": "For it is possible that for this reason he was parted from you for a time, so that you might have him for ever;\n"
                },
                "16": {
                    "verse_nr": 16,
                    "verse": "No longer as a servant, but more than a servant, a brother, very dear to me specially, but much more to you, in the flesh as well as in the Lord.\n"
                },
                "17": {
                    "verse_nr": 17,
                    "verse": "If then you take me to be your friend and brother, take him in as myself.\n"
                },
                "18": {
                    "verse_nr": 18,
                    "verse": "If he has done you any wrong or is in debt to you for anything, put it to my account.\n"
                },
                "19": {
                    "verse_nr": 19,
                    "verse": "I, Paul, writing this myself, say, I will make payment to you: and I do not say to you that you are in debt to me even for your life.\n"
                },
                "20": {
                    "verse_nr": 20,
                    "verse": "So brother, let me have joy of you in the Lord: give new life to my heart in Christ.\n"
                },
                "21": {
                    "verse_nr": 21,
                    "verse": "Being certain that you will do my desire, I am writing to you, in the knowledge that you will do even more than I say.\n"
                },
                "22": {
                    "verse_nr": 22,
                    "verse": "And make a room ready for me; for I am hoping that through your prayers I will be given to you.\n"
                },
                "23": {
                    "verse_nr": 23,
                    "verse": "Epaphras, my brother-prisoner in Christ Jesus, sends you his love;\n"
                },
                "24": {
                    "verse_nr": 24,
                    "verse": "And so do Mark, Aristarchus, Demas, and Luke, my brother-workers.\n"
                },
                "25": {
                    "verse_nr": 25,
                    "verse": "The grace of our Lord Jesus Christ be with your spirit. So be it.\n"
                }
            }
        }
    }
}