{
    "version": "GEO02",
    "book_name": "James",
    "book_nr": "59",
    "book": {
        "1": {
            "chapter_nr": "1",
            "chapter": {
                "1": {
                    "verse_nr": "1",
                    "verse": "\u10d8\u10d0\u10d9\u10dd\u10d1\u10d8, \u10e6\u10d5\u10d7\u10d8\u10e1\u10d0 \u10d3\u10d0 \u10e3\u10e4\u10da\u10d8\u10e1 \u10d8\u10d4\u10e1\u10dd \u10e5\u10e0\u10d8\u10e1\u10e2\u10d4\u10e1 \u10db\u10dd\u10dc\u10d0, \u10d2\u10d0\u10dc\u10d7\u10d4\u10e1\u10d8\u10da\u10dd\u10d1\u10d0\u10e8\u10d8 \u10db\u10e7\u10dd\u10e4 \u10d7\u10dd\u10e0\u10db\u10d4\u10e2 \u10e2\u10dd\u10db\u10e1, \u10d2\u10d8\u10ee\u10d0\u10e0\u10dd\u10d3\u10d4\u10d7."
                },
                "2": {
                    "verse_nr": "2",
                    "verse": "\u10e7\u10dd\u10d5\u10d4\u10da\u10d8\u10d5\u10d4 \u10e1\u10d8\u10ee\u10d0\u10e0\u10e3\u10da\u10d0\u10d3 \u10e9\u10d0\u10d7\u10d5\u10d0\u10da\u10d4\u10d7, \u10e9\u10d4\u10db\u10dd \u10eb\u10db\u10d4\u10d1\u10dd, \u10e0\u10dd\u10d3\u10d4\u10e1\u10d0\u10ea \u10db\u10e0\u10d0\u10d5\u10d0\u10da\u10dc\u10d0\u10d8\u10e0 \u10d2\u10d0\u10dc\u10e1\u10d0\u10ea\u10d3\u10d4\u10da\u10e8\u10d8 \u10ea\u10d5\u10d8\u10d5\u10d3\u10d4\u10d1\u10d8\u10d7."
                },
                "3": {
                    "verse_nr": "3",
                    "verse": "\u10e0\u10d0\u10d9\u10d8 \u10d8\u10ea\u10d8\u10d7, \u10e0\u10dd\u10db \u10d7\u10e5\u10d5\u10d4\u10dc\u10d8 \u10e0\u10ec\u10db\u10d4\u10dc\u10d8\u10e1 \u10d2\u10d0\u10db\u10dd\u10ea\u10d3\u10d0 \u10db\u10dd\u10d7\u10db\u10d8\u10dc\u10d4\u10d1\u10d0\u10e1 \u10e8\u10dd\u10d1\u10e1."
                },
                "4": {
                    "verse_nr": "4",
                    "verse": "\u10db\u10dd\u10d7\u10db\u10d8\u10dc\u10d4\u10d1\u10d0\u10e1 \u10d9\u10d8 \u10f0\u10e5\u10dd\u10dc\u10d3\u10d4\u10e1 \u10e1\u10e0\u10e3\u10da\u10e7\u10dd\u10e4\u10d8\u10da\u10d8 \u10db\u10dd\u10e5\u10db\u10d4\u10d3\u10d4\u10d1\u10d0, \u10e0\u10d0\u10d7\u10d0 \u10d8\u10e7\u10dd\u10d7 \u10e1\u10e0\u10e3\u10da\u10e5\u10db\u10dc\u10d8\u10da\u10dc\u10d8, \u10ec\u10e3\u10dc\u10d3\u10d0\u10e3\u10d3\u10d4\u10d1\u10d4\u10da\u10dc\u10d8 \u10d3\u10d0 \u10e7\u10dd\u10d5\u10d4\u10da\u10db\u10ee\u10e0\u10d8\u10d5 \u10e3\u10dc\u10d0\u10d9\u10da\u10dd\u10dc\u10d8."
                },
                "5": {
                    "verse_nr": "5",
                    "verse": "\u10d7\u10e3 \u10e0\u10dd\u10db\u10d4\u10da\u10d8\u10db\u10d4 \u10d7\u10e5\u10d5\u10d4\u10dc\u10d2\u10d0\u10dc\u10e1 \u10d0\u10d9\u10da\u10d8\u10d0 \u10e1\u10d8\u10d1\u10e0\u10eb\u10dc\u10d4, \u10e1\u10d7\u10ee\u10dd\u10d5\u10dd\u10e1 \u10e6\u10db\u10d4\u10e0\u10d7\u10e1, \u10e7\u10d5\u10d4\u10da\u10d0\u10e1\u10d0\u10d7\u10d5\u10d8\u10e1 \u10e3\u10ee\u10d5\u10d0\u10d3 \u10d3\u10d0 \u10d3\u10d0\u10e3\u10e7\u10d5\u10d4\u10d3\u10e0\u10d4\u10d1\u10da\u10d0\u10d3 \u10d2\u10d0\u10db\u10ea\u10d4\u10db\u10e1, \u10d3\u10d0 \u10db\u10d8\u10d4\u10ea\u10d4\u10db\u10d0."
                },
                "6": {
                    "verse_nr": "6",
                    "verse": "\u10e0\u10ec\u10db\u10d4\u10dc\u10d8\u10d7 \u10d3\u10d0 \u10d4\u10ed\u10d5\u10d8\u10e1 \u10d2\u10d0\u10e0\u10d4\u10e8\u10d4 \u10e1\u10d7\u10ee\u10dd\u10d5\u10dd\u10e1, \u10e0\u10d0\u10d3\u10d2\u10d0\u10dc \u10d4\u10ed\u10d5\u10d8\u10d0\u10dc\u10d8 \u10f0\u10d2\u10d0\u10d5\u10e1 \u10d6\u10e6\u10d5\u10d8\u10e1 \u10e2\u10d0\u10da\u10e6\u10d0\u10e1, \u10e5\u10d0\u10e0\u10d8\u10e1\u10d0\u10d2\u10d0\u10dc \u10d0\u10e6\u10eb\u10e0\u10e3\u10da\u10e1\u10d0 \u10d3\u10d0 \u10db\u10d8\u10db\u10dd\u10e2\u10d0\u10ea\u10d4\u10d1\u10e3\u10da\u10e1."
                },
                "7": {
                    "verse_nr": "7",
                    "verse": "\u10dc\u10e3\u10e0\u10ea \u10f0\u10d2\u10dd\u10dc\u10d8\u10d0 \u10d0\u10e1\u10d4\u10d7 \u10d9\u10d0\u10ea\u10e1, \u10e0\u10dd\u10db \u10e6\u10d5\u10d7\u10d8\u10e1\u10d0\u10d2\u10d0\u10dc \u10db\u10d8\u10d8\u10e6\u10d4\u10d1\u10e1 \u10e0\u10d0\u10d8\u10db\u10d4\u10e1."
                },
                "8": {
                    "verse_nr": "8",
                    "verse": "\u10dd\u10e0\u10ed\u10dd\u10e4\u10d8 \u10d9\u10d0\u10ea\u10d8 \u10db\u10d4\u10e0\u10e7\u10d4\u10d5\u10d8\u10d0 \u10d7\u10d0\u10d5\u10d8\u10e1 \u10e7\u10d5\u10d4\u10da\u10d0 \u10d2\u10d6\u10d0\u10d6\u10d4."
                },
                "9": {
                    "verse_nr": "9",
                    "verse": "\u10db\u10d0\u10d2\u10e0\u10d0\u10db \u10d7\u10d0\u10d5\u10db\u10d3\u10d0\u10d1\u10d0\u10da\u10d8 \u10eb\u10db\u10d0 \u10d8\u10e5\u10dd\u10e1 \u10d7\u10d0\u10d5\u10d8\u10e1\u10d8 \u10e1\u10d8\u10db\u10d0\u10e6\u10da\u10d8\u10d7"
                },
                "10": {
                    "verse_nr": "10",
                    "verse": "\u10db\u10d3\u10d8\u10d3\u10d0\u10e0\u10d8 \u10d9\u10d8 \u2013 \u10d7\u10d0\u10d5\u10d8\u10e1\u10d8 \u10e1\u10d8\u10db\u10d3\u10d0\u10d1\u10da\u10d8\u10d7, \u10e0\u10d0\u10d3\u10d2\u10d0\u10dc \u10d2\u10d0\u10d3\u10d0\u10d8\u10d5\u10da\u10d8\u10e1, \u10e0\u10dd\u10d2\u10dd\u10e0\u10ea \u10d1\u10d0\u10da\u10d0\u10ee\u10d8\u10e1 \u10e7\u10d5\u10d0\u10d5\u10d8\u10da\u10d8."
                },
                "11": {
                    "verse_nr": "11",
                    "verse": "\u10e0\u10d0\u10d3\u10d2\u10d0\u10dc \u10d0\u10e6\u10db\u10dd\u10ee\u10d3\u10d0 \u10db\u10d6\u10d4 \u10de\u10d0\u10de\u10d0\u10dc\u10d0\u10e5\u10d4\u10d1\u10d8\u10d7 \u10d3\u10d0 \u10d2\u10d0\u10d0\u10ee\u10db\u10dd \u10d1\u10d0\u10da\u10d0\u10ee\u10d8, \u10d3\u10d0\u10ea\u10d5\u10d8\u10d5\u10d3\u10d0 \u10db\u10d8\u10e1\u10d8 \u10e7\u10d5\u10d0\u10d5\u10d8\u10da\u10d8 \u10d3\u10d0 \u10db\u10d8\u10e1\u10d8 \u10e1\u10d0\u10ee\u10d8\u10e1 \u10db\u10e8\u10d5\u10d4\u10dc\u10d4\u10d1\u10d0 \u10d3\u10d0\u10d8\u10d9\u10d0\u10e0\u10d2\u10d0. \u10d0\u10e1\u10d4 \u10d3\u10d0\u10ed\u10d9\u10dc\u10d4\u10d1\u10d0 \u10db\u10d3\u10d8\u10d3\u10d0\u10e0\u10d8 \u10d7\u10d0\u10d5\u10d8\u10e1 \u10d2\u10d6\u10d4\u10d1\u10d6\u10d4."
                },
                "12": {
                    "verse_nr": "12",
                    "verse": "\u10dc\u10d4\u10e2\u10d0\u10e0\u10d8\u10d0 \u10d9\u10d0\u10ea\u10d8, \u10e0\u10dd\u10db\u10d4\u10da\u10db\u10d0\u10ea \u10d3\u10d0\u10d8\u10d7\u10db\u10d8\u10dc\u10d0 \u10d2\u10d0\u10dc\u10e1\u10d0\u10ea\u10d3\u10d4\u10da\u10d8, \u10e0\u10d0\u10d3\u10d2\u10d0\u10dc, \u10e0\u10d0\u10d9\u10d8 \u10d2\u10d0\u10db\u10dd\u10d8\u10ea\u10d3\u10d4\u10d1\u10d0, \u10db\u10d8\u10d8\u10e6\u10d4\u10d1\u10e1 \u10e1\u10d8\u10ea\u10dd\u10ea\u10ee\u10da\u10d8\u10e1 \u10d2\u10d5\u10d8\u10e0\u10d2\u10d5\u10d8\u10dc\u10e1, \u10e6\u10db\u10d4\u10e0\u10d7\u10db\u10d0 \u10e0\u10dd\u10db \u10d0\u10e6\u10e3\u10d7\u10e5\u10d5\u10d0 \u10d7\u10d0\u10d5\u10d8\u10e1 \u10db\u10dd\u10e7\u10d5\u10d0\u10e0\u10e3\u10da\u10d7."
                },
                "13": {
                    "verse_nr": "13",
                    "verse": "\u10dc\u10e3\u10e0\u10d0\u10d5\u10d8\u10dc \u10d8\u10e2\u10e7\u10d5\u10d8\u10e1 \u10d2\u10d0\u10dc\u10e1\u10d0\u10ea\u10d3\u10d4\u10da\u10e8\u10d8: \u10e6\u10d5\u10d7\u10d8\u10e1\u10d2\u10d0\u10dc \u10d5\u10d8\u10ea\u10d3\u10d4\u10d1\u10d8\u10dd. \u10e0\u10d0\u10d3\u10d2\u10d0\u10dc \u10e6\u10db\u10d4\u10e0\u10d7\u10d8 \u10d0\u10e0 \u10d8\u10ea\u10d3\u10d4\u10d1\u10d0 \u10d1\u10dd\u10e0\u10dd\u10e2\u10d8\u10d7 \u10d3\u10d0 \u10d0\u10e0\u10ea \u10d0\u10e0\u10d0\u10d5\u10d8\u10e1 \u10ea\u10d3\u10d8\u10e1."
                },
                "14": {
                    "verse_nr": "14",
                    "verse": "\u10d0\u10e0\u10d0\u10db\u10d4\u10d3 \u10e7\u10dd\u10d5\u10d4\u10da\u10d8 \u10d8\u10ea\u10d3\u10d4\u10d1\u10d0 \u10d7\u10d0\u10d5\u10d8\u10e1\u10d8 \u10d2\u10e3\u10da\u10d8\u10e1\u10d7\u10e5\u10db\u10d8\u10d7, \u10e0\u10dd\u10db\u10d4\u10da\u10d8\u10ea \u10ec\u10d0\u10e0\u10d8\u10e2\u10d0\u10ea\u10d4\u10d1\u10e1 \u10d3\u10d0 \u10d0\u10ea\u10d3\u10e3\u10dc\u10d4\u10d1\u10e1 \u10db\u10d0\u10e1."
                },
                "15": {
                    "verse_nr": "15",
                    "verse": "\u10db\u10d4\u10e0\u10d4 \u10d2\u10e3\u10da\u10d8\u10e1\u10d7\u10e5\u10db\u10d0 \u10e9\u10d0\u10e1\u10d0\u10ee\u10d0\u10d5\u10e1 \u10d3\u10d0 \u10e8\u10dd\u10d1\u10e1 \u10ea\u10dd\u10d3\u10d5\u10d0\u10e1. \u10e9\u10d0\u10d3\u10d4\u10dc\u10d8\u10da\u10d8 \u10ea\u10dd\u10d3\u10d5\u10d0 \u10d9\u10d8 \u10e8\u10dd\u10d1\u10e1 \u10e1\u10d8\u10d9\u10d5\u10d3\u10d8\u10da\u10e1."
                },
                "16": {
                    "verse_nr": "16",
                    "verse": "\u10dc\u10e3 \u10e8\u10d4\u10ea\u10d3\u10d4\u10d1\u10d8\u10d7, \u10e9\u10d4\u10db\u10dd \u10e1\u10d0\u10e7\u10d5\u10d0\u10e0\u10d4\u10da\u10dd \u10eb\u10db\u10d4\u10d1\u10dd."
                },
                "17": {
                    "verse_nr": "17",
                    "verse": "\u10e7\u10d5\u10d4\u10da\u10d0 \u10d9\u10d4\u10d7\u10d8\u10da\u10d8 \u10e1\u10d0\u10d1\u10dd\u10eb\u10d5\u10d0\u10e0\u10d8 \u10d3\u10d0 \u10e7\u10d5\u10d4\u10da\u10d0 \u10e1\u10e0\u10e3\u10da\u10e7\u10dd\u10e4\u10d8\u10da\u10d8 \u10dc\u10d8\u10ed\u10d8 \u10db\u10d0\u10e6\u10da\u10d8\u10d3\u10d0\u10dc \u10db\u10dd\u10d3\u10d8\u10e1, \u10dc\u10d0\u10d7\u10d4\u10da\u10d7\u10d0 \u10db\u10d0\u10db\u10d8\u10e1\u10d0\u10d2\u10d0\u10dc, \u10e0\u10dd\u10db\u10d4\u10da\u10d7\u10d0\u10dc\u10d0\u10ea \u10d0\u10e0 \u10d0\u10e0\u10d8\u10e1 \u10ea\u10d5\u10da\u10d8\u10da\u10d4\u10d1\u10d0 \u10d3\u10d0 \u10d0\u10e0\u10ea \u10e9\u10e0\u10d3\u10d8\u10da\u10d8 \u10ea\u10d5\u10d0\u10da\u10d4\u10d1\u10d0\u10d3\u10dd\u10d1\u10d8\u10e1\u10d0."
                },
                "18": {
                    "verse_nr": "18",
                    "verse": "\u10db\u10d0\u10dc \u10d7\u10d0\u10d5\u10d8\u10e1\u10d8 \u10dc\u10d4\u10d1\u10d8\u10d7 \u10d2\u10d0\u10d2\u10d5\u10d0\u10e9\u10d8\u10dc\u10d0 \u10e9\u10d5\u10d4\u10dc \u10ed\u10d4\u10e8\u10db\u10d0\u10e0\u10d8\u10e2\u10d4\u10d1\u10d8\u10e1 \u10e1\u10d8\u10e2\u10e7\u10d5\u10d8\u10d7, \u10e0\u10d0\u10d7\u10d0 \u10d5\u10d8\u10e7\u10dd\u10d7 \u10d5\u10d8\u10d7\u10d0\u10e0\u10ea\u10d0 \u10de\u10d8\u10e0\u10d5\u10d4\u10da\u10dc\u10d0\u10e7\u10dd\u10e4\u10d8 \u10db\u10d8\u10e1 \u10db\u10d8\u10d4\u10e0 \u10e8\u10d4\u10e5\u10db\u10dc\u10d8\u10da\u10d7\u10d0 \u10e8\u10dd\u10e0\u10d8\u10e1."
                },
                "19": {
                    "verse_nr": "19",
                    "verse": "\u10f0\u10dd\u10d3\u10d0, \u10e9\u10d4\u10db\u10dd \u10e1\u10d0\u10e7\u10d5\u10d0\u10e0\u10d4\u10da\u10dd \u10eb\u10db\u10d4\u10d1\u10dd, \u10e7\u10dd\u10d5\u10d4\u10da\u10d8 \u10d0\u10d3\u10d0\u10db\u10d8\u10d0\u10dc\u10d8 \u10d8\u10e7\u10dd\u10e1 \u10e1\u10db\u10d4\u10dc\u10d0\u10e8\u10d8 \u10db\u10d9\u10d5\u10d8\u10e0\u10ea\u10ee\u10da\u10d8, \u10e1\u10d8\u10e2\u10e7\u10d5\u10d0\u10e8\u10d8 \u10dc\u10d4\u10da\u10d8 \u10d3\u10d0 \u10e0\u10d8\u10e1\u10ee\u10d5\u10d0\u10e8\u10d8 \u10dc\u10d4\u10da\u10d8."
                },
                "20": {
                    "verse_nr": "20",
                    "verse": "\u10d5\u10d8\u10dc\u10d0\u10d8\u10d3\u10d0\u10dc \u10d0\u10d3\u10d0\u10db\u10d8\u10d0\u10dc\u10d8\u10e1 \u10e0\u10d8\u10e1\u10ee\u10d5\u10d0 \u10d0\u10e0 \u10e5\u10db\u10dc\u10d8\u10e1 \u10e6\u10d5\u10d7\u10d8\u10e1 \u10e1\u10d8\u10db\u10d0\u10e0\u10d7\u10da\u10d4\u10e1."
                },
                "21": {
                    "verse_nr": "21",
                    "verse": "\u10d0\u10db\u10d8\u10e2\u10dd\u10db, \u10db\u10dd\u10d8\u10e8\u10dd\u10e0\u10d4\u10d7 \u10e7\u10dd\u10d5\u10d4\u10da\u10d2\u10d5\u10d0\u10e0\u10d8 \u10e1\u10d8\u10d1\u10d8\u10dc\u10eb\u10e3\u10e0\u10d4 \u10d3\u10d0 \u10d1\u10dd\u10e0\u10dd\u10e2\u10d4\u10d1\u10d8\u10e1 \u10dc\u10d0\u10e2\u10d0\u10db\u10d0\u10da\u10d8 \u10d3\u10d0 \u10db\u10e8\u10d5\u10d8\u10d3\u10d0\u10d3 \u10db\u10d8\u10d8\u10e6\u10d4\u10d7 \u10d7\u10e5\u10d5\u10d4\u10dc\u10e8\u10d8 \u10e9\u10d0\u10dc\u10d4\u10e0\u10d2\u10d8\u10da\u10d8 \u10e1\u10d8\u10e2\u10e7\u10d5\u10d0, \u10e0\u10dd\u10db\u10d4\u10da\u10e1\u10d0\u10ea \u10d7\u10e5\u10d5\u10d4\u10dc\u10d8 \u10e1\u10e3\u10da\u10d4\u10d1\u10d8\u10e1 \u10ee\u10e1\u10dc\u10d0 \u10e8\u10d4\u10e3\u10eb\u10da\u10d8\u10d0."
                },
                "22": {
                    "verse_nr": "22",
                    "verse": "\u10d8\u10e7\u10d0\u10d5\u10d8\u10d7 \u10e1\u10d8\u10e2\u10e7\u10d5\u10d8\u10e1 \u10e8\u10d4\u10db\u10e1\u10e0\u10e3\u10da\u10d4\u10d1\u10d4\u10da\u10dc\u10d8 \u10d3\u10d0 \u10d0\u10e0\u10d0 \u10db\u10ee\u10dd\u10da\u10dd\u10d3 \u10db\u10dd\u10db\u10e1\u10db\u10d4\u10dc\u10dc\u10d8 \u10d7\u10d0\u10d5\u10d8\u10e1 \u10db\u10dd\u10e1\u10d0\u10e2\u10e7\u10e3\u10d4\u10d1\u10da\u10d0\u10d3."
                },
                "23": {
                    "verse_nr": "23",
                    "verse": "\u10e0\u10d0\u10d3\u10d2\u10d0\u10dc, \u10d7\u10e3 \u10d5\u10d8\u10dc\u10db\u10d4 \u10d8\u10e1\u10db\u10d4\u10dc\u10e1 \u10e1\u10d8\u10e2\u10e7\u10d5\u10d0\u10e1 \u10d3\u10d0 \u10d0\u10e0 \u10d0\u10e1\u10e0\u10e3\u10da\u10d4\u10d1\u10e1, \u10f0\u10d2\u10d0\u10d5\u10e1 \u10d0\u10d3\u10d0\u10db\u10d8\u10d0\u10dc\u10e1, \u10e0\u10dd\u10db\u10d4\u10da\u10d8\u10ea \u10d7\u10d0\u10d5\u10d8\u10e1 \u10d1\u10e3\u10dc\u10d4\u10d1\u10e0\u10d8\u10d5 \u10e1\u10d0\u10ee\u10d4\u10e1 \u10e1\u10d0\u10e0\u10d9\u10d4\u10e8\u10d8 \u10d0\u10d7\u10d5\u10d0\u10da\u10d8\u10d4\u10e0\u10d4\u10d1\u10e1."
                },
                "24": {
                    "verse_nr": "24",
                    "verse": "\u10e8\u10d4\u10ee\u10d4\u10d3\u10d0 \u10d7\u10d0\u10d5\u10d8\u10e1 \u10d7\u10d0\u10d5\u10e1, \u10ec\u10d0\u10d5\u10d8\u10d3\u10d0 \u10d3\u10d0 \u10db\u10e7\u10d8\u10e1\u10d5\u10d4 \u10d3\u10d0\u10d0\u10d5\u10d8\u10ec\u10e7\u10d3\u10d0, \u10e0\u10dd\u10d2\u10dd\u10e0\u10d8\u10d0 \u10d8\u10d2\u10d8."
                },
                "25": {
                    "verse_nr": "25",
                    "verse": "\u10db\u10d0\u10d2\u10e0\u10d0\u10db, \u10d5\u10d8\u10dc\u10ea \u10e9\u10d0\u10e3\u10d9\u10d5\u10d8\u10e0\u10d3\u10d4\u10d1\u10d0 \u10d7\u10d0\u10d5\u10d8\u10e1\u10e3\u10e4\u10da\u10d4\u10d1\u10d8\u10e1 \u10e1\u10e0\u10e3\u10da\u10e7\u10dd\u10e4\u10d8\u10da \u10e0\u10ef\u10e3\u10da\u10e1 \u10d3\u10d0 \u10d0\u10e1\u10d4 \u10d2\u10d0\u10dc\u10d0\u10d2\u10e0\u10eb\u10dd\u10d1\u10e1, \u10db\u10dd\u10db\u10e1\u10db\u10d4\u10dc\u10d8 \u10d3\u10d0 \u10d3\u10d0\u10db\u10d5\u10d8\u10ec\u10e7\u10d4\u10d1\u10d4\u10da\u10d8 \u10d9\u10d8 \u10d0\u10e6\u10d0\u10e0\u10d0\u10d0, \u10d0\u10e0\u10d0\u10db\u10d4\u10d3 \u10e1\u10d0\u10e5\u10db\u10d8\u10e1 \u10db\u10dd\u10e5\u10db\u10d4\u10d3\u10d8. \u10d9\u10e3\u10e0\u10d7\u10ee\u10d4\u10e3\u10da\u10d8 \u10d8\u10e5\u10dc\u10d4\u10d1\u10d0 \u10d8\u10d2\u10d8 \u10d7\u10d0\u10d5\u10d8\u10e1 \u10db\u10dd\u10e5\u10db\u10d4\u10d3\u10d4\u10d1\u10d0\u10e8\u10d8."
                },
                "26": {
                    "verse_nr": "26",
                    "verse": "\u10d7\u10e3 \u10e0\u10dd\u10db\u10d4\u10da\u10d8\u10db\u10d4 \u10d7\u10e5\u10d5\u10d4\u10dc\u10d2\u10d0\u10dc\u10e1 \u10f0\u10d2\u10dd\u10dc\u10d8\u10d0, \u10e0\u10dd\u10db \u10db\u10dd\u10e0\u10ec\u10db\u10e3\u10dc\u10d4\u10d0 \u10d3\u10d0 \u10d4\u10dc\u10d0\u10e1 \u10d0\u10e0 \u10d0\u10da\u10d0\u10d2\u10db\u10d0\u10d5\u10e1, \u10d0\u10e0\u10d0\u10db\u10d4\u10d3 \u10d7\u10d0\u10d5\u10d8\u10e1 \u10d2\u10e3\u10da\u10e1 \u10d0\u10ea\u10d3\u10e3\u10dc\u10d4\u10d1\u10e1, \u10e4\u10e3\u10ed\u10d8\u10d0 \u10db\u10d8\u10e1\u10d8 \u10e1\u10d0\u10e0\u10ec\u10db\u10e3\u10dc\u10dd\u10d4\u10d1\u10d0."
                },
                "27": {
                    "verse_nr": "27",
                    "verse": "\u10ec\u10db\u10d8\u10d3\u10d0 \u10d3\u10d0 \u10e8\u10d4\u10e3\u10d1\u10e6\u10d0\u10da\u10d0\u10d5\u10d8 \u10e1\u10d0\u10ec\u10db\u10e3\u10dc\u10dd\u10d4\u10d1\u10d0 \u10db\u10d0\u10db\u10d8\u10e1 \u10ec\u10d8\u10dc\u10d0\u10e8\u10d4 \u10d8\u10e1\u10d0\u10d0, \u10e0\u10dd\u10db \u10db\u10d8\u10ee\u10d4\u10d3\u10dd \u10e5\u10d5\u10e0\u10d8\u10d5-\u10dd\u10d1\u10da\u10d4\u10d1\u10e1 \u10db\u10d0\u10d7 \u10d2\u10d0\u10e1\u10d0\u10ed\u10d8\u10e0\u10e8\u10d8 \u10d3\u10d0 \u10e8\u10d4\u10e3\u10e0\u10e7\u10d5\u10dc\u10d4\u10da\u10d0\u10d3 \u10d3\u10d0\u10d8\u10ea\u10d5\u10d0 \u10d7\u10d0\u10d5\u10d8 \u10e1\u10dd\u10e4\u10da\u10d8\u10e1\u10d0\u10d2\u10d0\u10dc."
                }
            }
        },
        "2": {
            "chapter_nr": "2",
            "chapter": {
                "1": {
                    "verse_nr": "1",
                    "verse": "\u10e9\u10d4\u10db\u10dd \u10eb\u10db\u10d4\u10d1\u10dd, \u10db\u10d8\u10d9\u10d4\u10e0\u10eb\u10dd\u10d4\u10d1\u10d8\u10d7 \u10dc\u10e3 \u10d2\u10d4\u10e5\u10dc\u10d4\u10d1\u10d0\u10d7 \u10e9\u10d5\u10d4\u10dc\u10d8 \u10e3\u10e4\u10da\u10d8\u10e1, \u10d8\u10d4\u10e1\u10dd \u10e5\u10e0\u10d8\u10e1\u10e2\u10d4\u10e1, \u10d3\u10d8\u10d3\u10d4\u10d1\u10d8\u10e1 \u10e0\u10ec\u10db\u10d4\u10dc\u10d0."
                },
                "2": {
                    "verse_nr": "2",
                    "verse": "\u10e0\u10d0\u10d3\u10d2\u10d0\u10dc, \u10d7\u10e3 \u10e8\u10d4\u10db\u10dd\u10d5\u10d0 \u10d9\u10d0\u10ea\u10d8 \u10d7\u10e5\u10d5\u10d4\u10dc\u10e1 \u10e1\u10d8\u10dc\u10d0\u10d2\u10dd\u10d2\u10d0\u10e8\u10d8, \u10dd\u10e5\u10e0\u10dd\u10e1\u10d1\u10d4\u10ed\u10d3\u10d8\u10d0\u10dc\u10d8 \u10d3\u10d0 \u10d1\u10e0\u10ec\u10e7\u10d8\u10dc\u10d5\u10d0\u10da\u10d4 \u10e1\u10d0\u10db\u10dd\u10e1\u10d4\u10da\u10e8\u10d8 \u10d2\u10d0\u10db\u10dd\u10ec\u10e7\u10dd\u10d1\u10d8\u10da\u10d8, \u10d3\u10d0 \u10e8\u10d4\u10db\u10dd\u10d5\u10d0 \u10d0\u10d2\u10e0\u10d4\u10d7\u10d5\u10d4 \u10e6\u10d0\u10e0\u10d8\u10d1\u10d8 \u10ed\u10e3\u10ed\u10e7\u10d8\u10d0\u10dc\u10d8 \u10e1\u10d0\u10db\u10dd\u10e1\u10d8\u10d7"
                },
                "3": {
                    "verse_nr": "3",
                    "verse": "\u10e0\u10dd\u10ea\u10d0 \u10e8\u10d4\u10ee\u10d4\u10d3\u10d0\u10d5\u10d7 \u10d1\u10e0\u10ec\u10e7\u10d8\u10dc\u10d5\u10d0\u10da\u10d4 \u10e1\u10d0\u10db\u10dd\u10e1\u10e8\u10d8 \u10d2\u10d0\u10db\u10dd\u10ec\u10e7\u10dd\u10d1\u10d8\u10da\u10e1 \u10d3\u10d0 \u10d4\u10e2\u10e7\u10d5\u10d8\u10d7 \u10db\u10d0\u10e1: \u201e\u10d0\u10e5 \u10d3\u10d0\u10d1\u10e0\u10eb\u10d0\u10dc\u10d3\u10d8 \u10d9\u10d0\u10e0\u10d2\u10d0\u10d3.\u201c \u10e6\u10d0\u10e0\u10d8\u10d1\u10e1 \u10d9\u10d8 \u10d4\u10e2\u10e7\u10d5\u10d8\u10d7: \u10e8\u10d4\u10dc \u10d8\u10e5 \u10d3\u10d0\u10d3\u10d4\u10e5\u10d8, \u10d0\u10dc\u10d3\u10d0: \u10d0\u10e5 \u10d3\u10d0\u10ef\u10d4\u10e5\u10d8, \u10e9\u10d4\u10db\u10e1 \u10e4\u10d4\u10e0\u10ee\u10d7\u10d8\u10d7\u10dd"
                },
                "4": {
                    "verse_nr": "4",
                    "verse": "\u10d2\u10d0\u10dc\u10d0 \u10d0\u10e0 \u10d0\u10e0\u10e9\u10d4\u10d5\u10d7 \u10d7\u10e5\u10d5\u10d4\u10dc\u10e1 \u10e8\u10dd\u10e0\u10d8\u10e1 \u10d3\u10d0 \u10ea\u10e3-\u10d3\u10d8 \u10e4\u10d8\u10e5\u10e0\u10d4\u10d1\u10d8\u10d7 \u10d2\u10d0\u10dc\u10db\u10d9\u10d8\u10d7\u10ee\u10d5\u10d4\u10da\u10dc\u10d8 \u10d0\u10e0 \u10d2\u10d0\u10db\u10dd\u10d3\u10d8\u10ee\u10d0\u10e0\u10d7?"
                },
                "5": {
                    "verse_nr": "5",
                    "verse": "\u10d8\u10e1\u10db\u10d8\u10dc\u10d4\u10d7, \u10e9\u10d4\u10db\u10dd \u10e1\u10d0\u10e7\u10d5\u10d0\u10e0\u10d4\u10da\u10dd \u10eb\u10db\u10d4\u10d1\u10dd, \u10d2\u10d0\u10dc\u10d0 \u10e6\u10db\u10d4\u10e0\u10d7\u10db\u10d0 \u10e1\u10dd\u10e4\u10da\u10d8\u10e1 \u10e6\u10d0\u10e0\u10d8\u10d1\u10d4\u10d1\u10d8 \u10d0\u10e0 \u10d0\u10d8\u10e0\u10e9\u10d8\u10d0 \u10e0\u10ec\u10db\u10d4\u10dc\u10d8\u10d7 \u10db\u10d3\u10d8\u10d3\u10e0\u10d4\u10d1\u10d0\u10d3 \u10d3\u10d0 \u10d8\u10db \u10e1\u10d0\u10e1\u10e3\u10e4\u10d4\u10d5\u10da\u10d8\u10e1 \u10db\u10d4\u10db\u10d9\u10d5\u10d8\u10d3\u10e0\u10d4\u10d4\u10d1\u10d0\u10d3, \u10e0\u10dd\u10db\u10d4\u10da\u10d8\u10ea \u10d7\u10d0\u10d5\u10d8\u10e1 \u10db\u10dd\u10e7\u10d5\u10d0\u10e0\u10e3\u10da\u10d4\u10d1\u10e1 \u10d0\u10e6\u10e3\u10d7\u10e5\u10d5\u10d0?"
                },
                "6": {
                    "verse_nr": "6",
                    "verse": "\u10d7\u10e5\u10d5\u10d4\u10dc \u10d9\u10d8 \u10d3\u10d0\u10d0\u10db\u10ea\u10d8\u10e0\u10d4\u10d7 \u10e6\u10d0\u10e0\u10d8\u10d1\u10d8. \u10d2\u10d0\u10dc\u10d0 \u10db\u10d3\u10d8\u10d3\u10e0\u10d4\u10d1\u10d8 \u10d0\u10e0 \u10d2\u10e9\u10d0\u10d2\u10e0\u10d0\u10d5\u10d4\u10dc \u10d7\u10e5\u10d5\u10d4\u10dc \u10d3\u10d0 \u10d0\u10e0 \u10db\u10d8\u10d2\u10d0\u10d7\u10e0\u10d4\u10d5\u10d4\u10dc \u10e1\u10d0\u10db\u10e1\u10ef\u10d0\u10d5\u10e0\u10dd\u10d4\u10d1\u10e8\u10d8?"
                },
                "7": {
                    "verse_nr": "7",
                    "verse": "\u10d2\u10d0\u10dc\u10d0 \u10d8\u10e1\u10d8\u10dc\u10d8 \u10d0\u10e0 \u10d2\u10db\u10dd\u10d1\u10d4\u10dc \u10d7\u10e5\u10d5\u10d4\u10dc\u10e1 \u10d9\u10d4\u10d7\u10d8\u10da \u10e1\u10d0\u10ee\u10d4\u10da\u10e1, \u10e0\u10dd\u10db\u10da\u10d8\u10d7\u10d0\u10ea \u10d7\u10e5\u10d5\u10d4\u10dc \u10d8\u10ec\u10dd\u10d3\u10d4\u10d1\u10d8\u10d7?"
                },
                "8": {
                    "verse_nr": "8",
                    "verse": "\u10d7\u10e3 \u10d0\u10e1\u10e0\u10e3\u10da\u10d4\u10d1\u10d7 \u10e1\u10d0\u10db\u10d4\u10e3\u10e4\u10dd \u10e0\u10ef\u10e3\u10da\u10e1, \u10ec\u10d4\u10e0\u10d8\u10da\u10d8\u10e1 \u10db\u10d8\u10ee\u10d4\u10d3\u10d5\u10d8\u10d7: \u201e\u10e8\u10d4\u10d8\u10e7\u10d5\u10d0\u10e0\u10d4 \u10db\u10dd\u10e7\u10d5\u10d0\u10e1\u10d8 \u10e8\u10d4\u10dc\u10d8, \u10d5\u10d8\u10d7\u10d0\u10e0\u10ea\u10d0 \u10d7\u10d0\u10d5\u10d8 \u10e8\u10d4\u10dc\u10d8,\u201c \u10d9\u10d0\u10e0\u10d2\u10e1 \u10e8\u10d5\u10e0\u10d4\u10d1\u10d8\u10d7."
                },
                "9": {
                    "verse_nr": "9",
                    "verse": "\u10db\u10d0\u10d2\u10e0\u10d0\u10db, \u10d7\u10e3 \u10db\u10d8\u10d9\u10d4\u10e0\u10eb\u10dd\u10d4\u10d1\u10d8\u10d7 \u10d8\u10e5\u10ea\u10d4\u10d5\u10d8\u10d7, \u10ea\u10dd\u10d3\u10d5\u10d0\u10e1 \u10e1\u10e9\u10d0\u10d3\u10d8\u10ee\u10d0\u10e0\u10d7, \u10e0\u10ef\u10e3\u10da\u10d8 \u10d2\u10d0\u10db\u10ee\u10d8\u10da\u10d4\u10d1\u10d7, \u10e0\u10dd\u10d2\u10dd\u10e0\u10ea \u10e0\u10ef\u10e3\u10da\u10d8\u10e1 \u10d3\u10d0\u10db\u10e0\u10e6\u10d5\u10d4\u10d5\u10d7."
                },
                "10": {
                    "verse_nr": "10",
                    "verse": "\u10e0\u10d0\u10d3\u10d2\u10d0\u10dc, \u10d5\u10d8\u10dc\u10ea \u10db\u10d7\u10d4\u10da \u10e0\u10ef\u10e3\u10da\u10e1 \u10d8\u10ea\u10d0\u10d5\u10e1 \u10d3\u10d0 \u10d4\u10e0\u10d7\u10e8\u10d8 \u10e8\u10d4\u10e1\u10ea\u10dd\u10d3\u10d0\u10d5\u10e1, \u10d8\u10d2\u10d8 \u10e7\u10d5\u10d4\u10da\u10d0\u10e4\u10d4\u10e0\u10e8\u10d8 \u10d3\u10d0\u10db\u10dc\u10d0\u10e8\u10d0\u10d5\u10d4 \u10ee\u10d3\u10d4\u10d1\u10d0."
                },
                "11": {
                    "verse_nr": "11",
                    "verse": "\u10e0\u10d0\u10d3\u10d2\u10d0\u10dc \u10db\u10d7\u10e5\u10db\u10d4\u10da\u10db\u10d0: \u201e\u10d0\u10e0 \u10d8\u10db\u10e0\u10e3\u10e8\u10dd!\u201c \u10d4\u10e1\u10d4\u10ea \u10d7\u10e5\u10d5\u10d0: \u201e\u10d0\u10e0 \u10db\u10dd\u10d9\u10da\u10d0!\u201c \u10d3\u10d0 \u10d7\u10e3 \u10d0\u10e0 \u10db\u10e0\u10e3\u10e8\u10dd\u10d1, \u10db\u10d0\u10d2\u10e0\u10d0\u10db \u10d9\u10da\u10d0\u10d5, \u10d3\u10d0\u10db\u10dc\u10d0\u10e8\u10d0\u10d5\u10d4\u10d4\u10d1\u10e1."
                },
                "12": {
                    "verse_nr": "12",
                    "verse": "\u10d8\u10e1\u10d4 \u10d8\u10da\u10d0\u10de\u10d0\u10e0\u10d0\u10d9\u10d4\u10d7 \u10d3\u10d0 \u10d8\u10e1\u10d4 \u10db\u10dd\u10d8\u10e5\u10d4\u10ea\u10d8\u10d7, \u10e0\u10dd\u10d2\u10dd\u10e0\u10ea \u10d7\u10d0\u10d5\u10d8\u10e1\u10e3\u10e4\u10da\u10d4\u10d1\u10d8\u10e1 \u10e0\u10ef\u10e3\u10da\u10d8\u10d7 \u10d2\u10d0\u10dc\u10e1\u10d0\u10d9\u10d8\u10d7\u10ee\u10d5\u10d4\u10da\u10d4\u10d1\u10db\u10d0."
                },
                "13": {
                    "verse_nr": "13",
                    "verse": "\u10e0\u10d0\u10d3\u10d2\u10d0\u10dc, \u10e3\u10ec\u10e7\u10d0\u10da\u10dd \u10db\u10e1\u10ef\u10d0\u10d5\u10e0\u10d8 \u2013 \u10e3\u10db\u10dd\u10ec\u10e7\u10d0\u10da\u10dd\u10e1. \u10ec\u10e7\u10d0\u10da\u10dd\u10d1\u10d0 \u10d0\u10e6\u10d4\u10db\u10d0\u10e2\u10d4\u10d1\u10d0 \u10db\u10e1\u10ef\u10d0\u10d5\u10e0\u10e1."
                },
                "14": {
                    "verse_nr": "14",
                    "verse": "\u10e9\u10d4\u10db\u10dd \u10eb\u10db\u10d4\u10d1\u10dd, \u10e0\u10d0 \u10e1\u10d0\u10e0\u10d2\u10d4\u10d1\u10d4\u10da\u10d8\u10d0, \u10d7\u10e3 \u10d5\u10d8\u10dc\u10db\u10d4 \u10d8\u10e2\u10e7\u10d5\u10d8\u10e1, \u10e0\u10dd\u10db \u10e0\u10ec\u10db\u10d4\u10dc\u10d0 \u10d0\u10e5\u10d5\u10e1, \u10e1\u10d0\u10e5\u10db\u10d4\u10dc\u10d8 \u10d9\u10d8 \u10d0\u10e0 \u10d2\u10d0\u10d0\u10e9\u10dc\u10d8\u10d0? \u10d2\u10d0\u10dc\u10d0 \u10d0\u10db \u10e0\u10ec\u10db\u10d4\u10dc\u10d0\u10e1 \u10e8\u10d4\u10e3\u10eb\u10da\u10d8\u10d0 \u10db\u10d8\u10e1\u10d8 \u10ee\u10e1\u10dc\u10d0?"
                },
                "15": {
                    "verse_nr": "15",
                    "verse": "\u10d7\u10e3 \u10eb\u10db\u10d0 \u10d0\u10dc \u10d3\u10d0 \u10e8\u10d8\u10e8\u10d5\u10d4\u10da\u10d8\u10d0 \u10d3\u10d0 \u10d3\u10e6\u10d8\u10e3\u10e0\u10d8 \u10e1\u10d0\u10d6\u10e0\u10d3\u10dd \u10d0\u10d9\u10da\u10d8\u10d0"
                },
                "16": {
                    "verse_nr": "16",
                    "verse": "\u10e0\u10dd\u10db\u10d4\u10da\u10d8\u10db\u10d4 \u10d7\u10e5\u10d5\u10d4\u10dc\u10d2\u10d0\u10dc\u10d8 \u10d9\u10d8 \u10d4\u10e2\u10e7\u10d5\u10d8\u10e1 \u10db\u10d0\u10e1: \u201e\u10db\u10e8\u10d5\u10d8\u10d3\u10dd\u10d1\u10d8\u10d7 \u10d8\u10d0\u10e0\u10d4, \u10d2\u10d0\u10d7\u10d1\u10d8 \u10d3\u10d0 \u10d8\u10e1\u10d0\u10d6\u10e0\u10d3\u10dd\u10d4\u201c, \u10e1\u10ee\u10d4\u10e3\u10da\u10d8\u10e1\u10d0\u10d7\u10d5\u10d8\u10e1 \u10e1\u10d0\u10ed\u10d8\u10e0\u10dd\u10e1 \u10d9\u10d8 \u10d0\u10e0\u10d0\u10e1 \u10db\u10d8\u10e1\u10ea\u10d4\u10db\u10d7, \u10e0\u10d0 \u10e1\u10d0\u10e0\u10d2\u10d4\u10d1\u10d4\u10da\u10d8\u10d0?"
                },
                "17": {
                    "verse_nr": "17",
                    "verse": "\u10d0\u10e1\u10d4\u10d5\u10d4\u10d0 \u10e0\u10ec\u10db\u10d4\u10dc\u10d0\u10ea: \u10d7\u10e3 \u10e1\u10d0\u10e5\u10db\u10d4\u10dc\u10d8 \u10d0\u10e0 \u10d2\u10d0\u10d0\u10e9\u10dc\u10d8\u10d0, \u10d7\u10d0\u10d5\u10d8\u10e1\u10d7\u10d0\u10d5\u10d0\u10d3 \u10db\u10d9\u10d5\u10d3\u10d0\u10e0\u10d8\u10d0."
                },
                "18": {
                    "verse_nr": "18",
                    "verse": "\u10db\u10d0\u10d2\u10e0\u10d0\u10db \u10d8\u10e2\u10e7\u10d5\u10d8\u10e1 \u10d5\u10d8\u10dc\u10db\u10d4: \u201e\u10e8\u10d4\u10dc \u10d2\u10d0\u10e5\u10d5\u10e1 \u10e0\u10ec\u10db\u10d4\u10dc\u10d0, \u10db\u10d4 \u10d9\u10d8 \u10db\u10d0\u10e5\u10d5\u10e1 \u10e1\u10d0\u10e5\u10db\u10d4\u10dc\u10d8. \u10db\u10d8\u10e9\u10d5\u10d4\u10dc\u10d4 \u10e8\u10d4\u10dc\u10d8 \u10e0\u10ec\u10db\u10d4\u10dc\u10d0 \u10e1\u10d0\u10e5\u10db\u10d4\u10d7\u10d0 \u10d2\u10d0\u10e0\u10d4\u10e8\u10d4 \u10d3\u10d0 \u10d2\u10d8\u10e9\u10d5\u10d4\u10dc\u10d4\u10d1 \u10e9\u10d4\u10db\u10e1 \u10e0\u10ec\u10db\u10d4\u10dc\u10d0\u10e1 \u10e9\u10d4\u10db\u10e1 \u10e1\u10d0\u10e5\u10db\u10d4\u10d7\u10d0\u10d2\u10d0\u10dc.\u201c"
                },
                "19": {
                    "verse_nr": "19",
                    "verse": "\u10e8\u10d4\u10dc \u10d2\u10ec\u10d0\u10db\u10e1, \u10e0\u10dd\u10db \u10e6\u10db\u10d4\u10e0\u10d7\u10d8 \u10d4\u10e0\u10d7\u10d8\u10d0, \u10d9\u10d0\u10e0\u10d2\u10e1 \u10e8\u10d5\u10e0\u10d4\u10d1\u10d8. \u10db\u10d0\u10d2\u10e0\u10d0\u10db \u10d4\u10e8\u10db\u10d0\u10d9\u10d4\u10d1\u10e1\u10d0\u10ea \u10e1\u10ec\u10d0\u10db\u10d7 \u10d8\u10d2\u10d8 \u10d3\u10d0 \u10d7\u10e0\u10d7\u10d8\u10d0\u10dc."
                },
                "20": {
                    "verse_nr": "20",
                    "verse": "\u10d2\u10e1\u10e3\u10e0\u10e1, \u10d0\u10db\u10d0\u10dd \u10d0\u10d3\u10d0\u10db\u10d8\u10d0\u10dc\u10dd, \u10d2\u10d0\u10d8\u10d2\u10dd, \u10e0\u10dd\u10db \u10e0\u10ec\u10db\u10d4\u10dc\u10d0 \u10e1\u10d0\u10e5\u10db\u10d4\u10d7\u10d0 \u10d2\u10d0\u10e0\u10d4\u10e8\u10d4 \u10db\u10d9\u10d5\u10d3\u10d0\u10e0\u10d8\u10d0?"
                },
                "21": {
                    "verse_nr": "21",
                    "verse": "\u10d2\u10d0\u10dc\u10d0 \u10e9\u10d5\u10d4\u10dc\u10d8 \u10db\u10d0\u10db\u10d0, \u10d0\u10d1\u10e0\u10d0\u10d0\u10db\u10d8, \u10e1\u10d0\u10e5\u10db\u10d4\u10d4\u10d1\u10d8\u10d7 \u10d0\u10e0 \u10d2\u10d0\u10db\u10d0\u10e0\u10d7\u10da\u10d3\u10d0, \u10e0\u10dd\u10ea\u10d0 \u10d7\u10d0\u10d5\u10d8\u10e1 \u10eb\u10d4\u10e1, \u10d8\u10e1\u10d0\u10d9\u10e1, \u10e1\u10d0\u10db\u10e1\u10ee\u10d5\u10d4\u10e0\u10de\u10da\u10dd\u10d6\u10d4 \u10e1\u10ec\u10d8\u10e0\u10d0\u10d5\u10d3\u10d0?"
                },
                "22": {
                    "verse_nr": "22",
                    "verse": "\u10ee\u10d4\u10d3\u10d0\u10d5, \u10e0\u10ec\u10db\u10d4\u10dc\u10d0 \u10db\u10dd\u10e5\u10db\u10d4\u10d3\u10d4\u10d1\u10d3\u10d0 \u10db\u10d8\u10e1 \u10e1\u10d0\u10e5\u10db\u10d4\u10d4\u10d1\u10d7\u10d0\u10dc \u10d4\u10e0\u10d7\u10d0\u10d3. \u10e1\u10d0\u10e5\u10db\u10d4\u10d4\u10d1\u10d8\u10d7 \u10d9\u10d8 \u10e1\u10e0\u10e3\u10da\u10e7\u10dd\u10e4\u10d8\u10da\u10d8 \u10e8\u10d4\u10d8\u10e5\u10db\u10dc\u10d0 \u10e0\u10ec\u10db\u10d4\u10dc\u10d0."
                },
                "23": {
                    "verse_nr": "23",
                    "verse": "\u10d0\u10e6\u10e1\u10e0\u10e3\u10da\u10d3\u10d0 \u10ec\u10d4\u10e0\u10d8\u10da\u10d8, \u10e0\u10dd\u10db\u10d4\u10da\u10d8\u10ea \u10d0\u10db\u10d1\u10dd\u10d1\u10e1: \u201e\u10d3\u10d0 \u10d4\u10e0\u10ec\u10db\u10e3\u10dc\u10d0 \u10d0\u10d1\u10e0\u10d0\u10d0\u10db\u10d8 \u10e6\u10db\u10d4\u10e0\u10d7\u10e1.\u201c \u10d4\u10e1 \u10db\u10d0\u10e1 \u10e1\u10d8\u10db\u10d0\u10e0\u10d7\u10da\u10d4\u10e8\u10d8 \u10e9\u10d0\u10d4\u10d7\u10d5\u10d0\u10da\u10d0 \u10d3\u10d0 \u10e6\u10d5\u10d7\u10d8\u10e1 \u10db\u10d4\u10d2\u10dd\u10d1\u10d0\u10e0\u10d8 \u10d4\u10ec\u10dd\u10d3\u10d0."
                },
                "24": {
                    "verse_nr": "24",
                    "verse": "\u10d7\u10e5\u10d5\u10d4\u10dc \u10ee\u10d4\u10d3\u10d0\u10d5\u10d7, \u10e0\u10dd\u10db \u10e1\u10d0\u10e5\u10db\u10d8\u10d7 \u10db\u10d0\u10e0\u10d7\u10da\u10d3\u10d4\u10d1\u10d0 \u10d9\u10d0\u10ea\u10d8 \u10d3\u10d0 \u10d0\u10e0\u10d0 \u10db\u10ee\u10dd\u10da\u10dd\u10d3 \u10e0\u10ec\u10db\u10d4\u10dc\u10d8\u10d7."
                },
                "25": {
                    "verse_nr": "25",
                    "verse": "\u10d0\u10e1\u10d4\u10d5\u10d4 \u10e0\u10d0\u10ee\u10d0\u10d1 \u10db\u10d4\u10eb\u10d0\u10d5\u10d8. \u10d2\u10d0\u10dc\u10d0 \u10e1\u10d0\u10e5\u10db\u10d4\u10d4\u10d1\u10d8\u10d7 \u10d0\u10e0 \u10d2\u10d0\u10db\u10d0\u10e0\u10d7\u10da\u10d3\u10d0, \u10e0\u10dd\u10ea\u10d0 \u10db\u10d6\u10d5\u10d4\u10e0\u10d0\u10d5\u10d4\u10d1\u10d8 \u10db\u10d8\u10d8\u10e6\u10dd \u10e8\u10d8\u10dc \u10d3\u10d0 \u10e1\u10ee\u10d5\u10d0 \u10d2\u10d6\u10d8\u10d7 \u10d2\u10d0\u10d8\u10e1\u10e2\u10e3\u10db\u10e0\u10d0?"
                },
                "26": {
                    "verse_nr": "26",
                    "verse": "\u10e0\u10d0\u10d3\u10d2\u10d0\u10dc, \u10e0\u10dd\u10d2\u10dd\u10e0\u10ea \u10e1\u10ee\u10d4\u10e3\u10da\u10d8\u10d0 \u10db\u10d9\u10d5\u10d3\u10d0\u10e0\u10d8 \u10e1\u10e3\u10da\u10d8\u10e1 \u10d2\u10d0\u10e0\u10d4\u10e8\u10d4, \u10d0\u10e1\u10d4\u10d5\u10d4 \u10e0\u10ec\u10db\u10d4\u10dc\u10d0\u10ea \u10db\u10d9\u10d5\u10d3\u10d0\u10e0\u10d8\u10d0 \u10e1\u10d0\u10e5\u10db\u10d4\u10d7\u10d0 \u10d2\u10d0\u10e0\u10d4\u10e8\u10d4."
                }
            }
        },
        "3": {
            "chapter_nr": "3",
            "chapter": {
                "1": {
                    "verse_nr": "1",
                    "verse": "\u10e9\u10d4\u10db\u10dd \u10eb\u10db\u10d4\u10d1\u10dd, \u10d1\u10d4\u10d5\u10e0\u10dc\u10d8 \u10dc\u10e3 \u10d2\u10d0\u10ee\u10d3\u10d4\u10d1\u10d8\u10d7 \u10db\u10d0\u10e1\u10ec\u10d0\u10d5\u10da\u10d4\u10d1\u10da\u10d4\u10d1\u10d8. \u10d8\u10ea\u10dd\u10d3\u10d4\u10d7, \u10e0\u10dd\u10db \u10e3\u10e4\u10e0\u10dd \u10d3\u10d8\u10d3 \u10db\u10e1\u10ef\u10d0\u10d5\u10e0\u10e1 \u10db\u10d8\u10d5\u10d8\u10e6\u10d4\u10d1\u10d7"
                },
                "2": {
                    "verse_nr": "2",
                    "verse": "\u10e0\u10d0\u10d3\u10d2\u10d0\u10dc \u10e9\u10d5\u10d4\u10dc \u10e7\u10d5\u10d4\u10da\u10d0\u10dc\u10d8 \u10d1\u10d4\u10d5\u10e0\u10e1 \u10d5\u10ea\u10dd\u10d3\u10d0\u10d5\u10d7. \u10d5\u10d8\u10dc\u10ea \u10e1\u10d8\u10e2\u10e7\u10d5\u10d8\u10d7 \u10d0\u10e0 \u10ea\u10d3\u10d4\u10d1\u10d0, \u10e1\u10e0\u10e3\u10da\u10e7\u10dd\u10e4\u10d8\u10da\u10d8 \u10d0\u10d3\u10d0\u10db\u10d8\u10d0\u10dc\u10d8\u10d0. \u10db\u10d0\u10e1 \u10e8\u10d4\u10e3\u10eb\u10da\u10d8\u10d0, \u10d0\u10da\u10d0\u10d2\u10db\u10dd\u10e1 \u10db\u10d7\u10d4\u10da\u10d8 \u10e1\u10ee\u10d4\u10e3\u10da\u10d8\u10ea."
                },
                "3": {
                    "verse_nr": "3",
                    "verse": "\u10d0\u10f0\u10d0, \u10ea\u10ee\u10d4\u10dc\u10d4\u10d1\u10e1 \u10da\u10d0\u10d2\u10d0\u10db\u10e1 \u10d0\u10db\u10dd\u10d5\u10d3\u10d4\u10d1\u10d7, \u10e0\u10d0\u10d7\u10d0 \u10d3\u10d0\u10d2\u10d5\u10d4\u10db\u10dd\u10e0\u10e9\u10d8\u10da\u10dd\u10dc \u10d3\u10d0 \u10d5\u10db\u10d0\u10e0\u10d7\u10d0\u10d5\u10d7 \u10db\u10d7\u10d4\u10da \u10db\u10d0\u10d7 \u10e1\u10ee\u10d4\u10e3\u10da\u10e1."
                },
                "4": {
                    "verse_nr": "4",
                    "verse": "\u10d0\u10f0\u10d0, \u10ee\u10dd\u10db\u10d0\u10da\u10d3\u10d4\u10d1\u10d8. \u10e0\u10dd\u10d2\u10dd\u10e0\u10d8 \u10d3\u10d8\u10d3\u10d4\u10d1\u10d8\u10ea \u10d0\u10e0 \u10e3\u10dc\u10d3\u10d0 \u10d8\u10e7\u10d5\u10dc\u10d4\u10dc \u10d3\u10d0 \u10e0\u10dd\u10d2\u10dd\u10e0\u10db\u10d0 \u10eb\u10da\u10d8\u10d4\u10e0\u10db\u10d0 \u10e5\u10d0\u10e0\u10d4\u10d1\u10db\u10d0\u10ea \u10d0\u10e0 \u10e3\u10dc\u10d3\u10d0 \u10d0\u10e2\u10dd\u10e0\u10e2\u10db\u10d0\u10dc\u10dd\u10dc, \u10de\u10d0\u10e2\u10d0\u10e0\u10d0 \u10e1\u10d0\u10ed\u10d4 \u10d8\u10e5\u10d8\u10d7 \u10db\u10d8\u10d0\u10d1\u10e0\u10e3\u10dc\u10d4\u10d1\u10e1 \u10db\u10d0\u10d7, \u10e1\u10d0\u10d8\u10d7\u10d0\u10ea \u10db\u10d4\u10e1\u10d0\u10ed\u10d4 \u10db\u10dd\u10d8\u10dc\u10d3\u10dd\u10db\u10d4\u10d1\u10e1."
                },
                "5": {
                    "verse_nr": "5",
                    "verse": "\u10d0\u10e1\u10d4\u10d5\u10d4\u10d0 \u10d4\u10dc\u10d0\u10ea. \u10de\u10d0\u10e2\u10d0\u10e0\u10d0 \u10d0\u10e1\u10dd\u10d0 \u10d3\u10d0 \u10d1\u10d4\u10d5\u10e0\u10e1 \u10d8\u10e5\u10d0\u10d3\u10d8\u10e1. \u10d0\u10f0\u10d0, \u10e0\u10d0 \u10db\u10ea\u10d8\u10e0\u10d4 \u10ea\u10d4\u10ea\u10ee\u10da\u10d8 \u10f0\u10d1\u10e3\u10d2\u10d0\u10d5\u10e1 \u10d3\u10d8\u10d3 \u10e2\u10e7\u10d4\u10e1."
                },
                "6": {
                    "verse_nr": "6",
                    "verse": "\u10d4\u10dc\u10d0\u10ea \u10ea\u10d4\u10ea\u10ee\u10da\u10d8\u10d0, \u10e3\u10e1\u10d0\u10db\u10d0\u10e0\u10d7\u10da\u10dd\u10d1\u10d8\u10e1 \u10e1\u10d0\u10db\u10e7\u10d0\u10e0\u10dd\u10d0 \u10d8\u10d2\u10d8. \u10d4\u10dc\u10d0 \u10e9\u10d5\u10d4\u10dc\u10e1 \u10d0\u10e1\u10dd\u10d4\u10d1\u10e1 \u10e8\u10dd\u10e0\u10d8\u10e1\u10d0\u10d0 \u10db\u10dd\u10d7\u10d0\u10d5\u10e1\u10d4\u10d1\u10e3\u10da\u10d8. \u10d8\u10d2\u10d8\u10d0 \u10db\u10d7\u10d4\u10da\u10d8 \u10e1\u10ee\u10d4\u10e3\u10da\u10d8\u10e1 \u10ec\u10d0\u10db\u10d1\u10d8\u10da\u10ec\u10d0\u10d5\u10d8 \u10d3\u10d0, \u10e9\u10d5\u10d4\u10dc\u10d8 \u10d3\u10d0\u10d1\u10d0\u10d3\u10d4\u10d1\u10d8\u10e1 \u10d1\u10dd\u10e0\u10d1\u10da\u10d8\u10e1 \u10d0\u10e6\u10db\u10d0\u10d2\u10d6\u10dc\u10d4\u10d1\u10d4\u10da\u10d8, \u10d7\u10d5\u10d8\u10d7 \u10d0\u10e6\u10d2\u10d6\u10dc\u10d4\u10d1\u10e3\u10da\u10d8\u10d0 \u10ef\u10dd\u10ef\u10dd\u10ee\u10d4\u10d7\u10d8\u10e1\u10d0\u10d2\u10d0\u10dc."
                },
                "7": {
                    "verse_nr": "7",
                    "verse": "\u10e0\u10d0\u10d3\u10d2\u10d0\u10dc \u10e7\u10dd\u10d5\u10d4\u10da\u10d2\u10d5\u10d0\u10e0\u10d8 \u10d1\u10e3\u10dc\u10d4\u10d1\u10d0 \u10db\u10ee\u10d4\u10ea\u10d7\u10d0 \u10d3\u10d0 \u10e4\u10e0\u10d8\u10dc\u10d5\u10d4\u10da\u10d7\u10d0, \u10e5\u10d5\u10d4\u10ec\u10d0\u10e0\u10db\u10d0\u10d5\u10d0\u10da\u10d7\u10d0 \u10d3\u10d0 \u10d6\u10e6\u10d5\u10d8\u10e1 \u10ea\u10ee\u10dd\u10d5\u10d4\u10da\u10d7\u10d0 \u10d7\u10d5\u10d8\u10dc\u10d8\u10d4\u10e0\u10d3\u10d4\u10d1\u10d0 \u10d3\u10d0 \u10db\u10dd\u10d7\u10d5\u10d8\u10dc\u10d8\u10d4\u10e0\u10d4\u10d1\u10e3\u10da\u10d8\u10d0 \u10d0\u10d3\u10d0\u10db\u10d8\u10d0\u10dc\u10d8\u10e1 \u10d1\u10e3\u10dc\u10d4\u10d1\u10d8\u10e1 \u10db\u10d8\u10d4\u10e0."
                },
                "8": {
                    "verse_nr": "8",
                    "verse": "\u10d4\u10dc\u10d8\u10e1 \u10db\u10dd\u10d7\u10d5\u10d8\u10dc\u10d8\u10d4\u10e0\u10d4\u10d1\u10d0 \u10d9\u10d8 \u10d9\u10d0\u10ea\u10d8\u10e8\u10d5\u10d8\u10da\u10e1 \u10d0\u10e0 \u10e8\u10d4\u10e3\u10eb\u10da\u10d8\u10d0. \u10d3\u10d0\u10e3\u10dd\u10d9\u10d4\u10d1\u10d4\u10da\u10d8\u10d0 \u10d4\u10e1 \u10d1\u10dd\u10e0\u10dd\u10e2\u10d4\u10d1\u10d0 \u10d3\u10d0 \u10db\u10dd\u10db\u10d0\u10d9\u10d5\u10d3\u10d8\u10dc\u10d4\u10d1\u10d4\u10da\u10d8 \u10d2\u10d4\u10e1\u10da\u10d8\u10d7\u10d0\u10d0 \u10e1\u10d0\u10d5\u10e1\u10d4."
                },
                "9": {
                    "verse_nr": "9",
                    "verse": "\u10db\u10d8\u10d7 \u10d5\u10d0\u10d9\u10e3\u10e0\u10d7\u10ee\u10d4\u10d1\u10d7 \u10e6\u10db\u10d4\u10e0\u10d7\u10e1\u10d0 \u10d3\u10d0 \u10db\u10d0\u10db\u10d0\u10e1 \u10d3\u10d0 \u10db\u10d8\u10d7 \u10d5\u10ec\u10e7\u10d4\u10d5\u10da\u10d8\u10d7 \u10e6\u10d5\u10d7\u10d8\u10e1 \u10ee\u10d0\u10e2\u10d0\u10d3 \u10e8\u10d4\u10e5\u10db\u10dc\u10d8\u10da \u10d0\u10d3\u10d0\u10db\u10d8\u10d0\u10dc\u10d4\u10d1\u10e1."
                },
                "10": {
                    "verse_nr": "10",
                    "verse": "\u10d4\u10e0\u10d7\u10d8 \u10de\u10d8\u10e0\u10d8\u10d3\u10d0\u10dc \u10d2\u10d0\u10db\u10dd\u10d3\u10d8\u10e1 \u10da\u10dd\u10ea\u10d5\u10d0-\u10d9\u10e3\u10e0\u10d7\u10ee\u10d4\u10d5\u10d0 \u10d3\u10d0 \u10ec\u10e7\u10d4\u10d5\u10da\u10d0. \u10d0\u10e1\u10d4 \u10d0\u10e0 \u10e3\u10dc\u10d3\u10d0 \u10d8\u10e7\u10dd\u10e1, \u10e9\u10d4\u10db\u10dd \u10eb\u10db\u10d4\u10d1\u10dd."
                },
                "11": {
                    "verse_nr": "11",
                    "verse": "\u10d2\u10d0\u10dc\u10d0 \u10db\u10dd\u10d4\u10d3\u10d8\u10dc\u10d4\u10d1\u10d0 \u10d4\u10e0\u10d7\u10d8 \u10ec\u10e7\u10d0\u10e0\u10dd\u10e1\u10d7\u10d5\u10d0\u10da\u10d8\u10d3\u10d0\u10dc \u10e2\u10d9\u10d1\u10d8\u10da\u10d8 \u10d3\u10d0 \u10db\u10ec\u10d0\u10e0\u10d4?"
                },
                "12": {
                    "verse_nr": "12",
                    "verse": "\u10e9\u10d4\u10db\u10dd \u10eb\u10db\u10d4\u10d1\u10dd, \u10d2\u10d0\u10dc\u10d0 \u10e8\u10d4\u10e3\u10eb\u10da\u10d8\u10d0 \u10da\u10d4\u10e6\u10d5\u10d8\u10e1 \u10ee\u10d4\u10e1 \u10d6\u10d4\u10d7\u10d8\u10e1\u10ee\u10d8\u10da\u10d8 \u10db\u10dd\u10d8\u10e1\u10ee\u10d0\u10e1, \u10d0\u10dc\u10d3\u10d0 \u10d5\u10d0\u10d6\u10e1 \u2013 \u10da\u10d4\u10e6\u10d5\u10d8? \u10d0\u10e1\u10d4\u10d5\u10d4 \u10d4\u10e0\u10d7\u10d8 \u10ec\u10e7\u10d0\u10e0\u10dd\u10d3\u10d0\u10dc \u10d0\u10e0 \u10e8\u10d4\u10d8\u10eb\u10da\u10d4\u10d1\u10d0 \u10db\u10dd\u10d4\u10d3\u10d8\u10dc\u10d4\u10d1\u10dd\u10d3\u10d4\u10e1 \u10db\u10da\u10d0\u10e8\u10d4 \u10d3\u10d0 \u10e2\u10d9\u10d1\u10d8\u10da\u10d8 \u10ec\u10e7\u10d0\u10da\u10d8."
                },
                "13": {
                    "verse_nr": "13",
                    "verse": "\u10d5\u10d8\u10dc\u10d0\u10d0 \u10d7\u10e5\u10d5\u10d4\u10dc\u10e1 \u10e8\u10dd\u10e0\u10d8\u10e1 \u10d1\u10e0\u10eb\u10d4\u10dc\u10d8 \u10d3\u10d0 \u10d2\u10dd\u10dc\u10d8\u10d4\u10e0\u10d8? \u10d9\u10d0\u10e0\u10d2\u10d8 \u10e1\u10d0\u10e5\u10ea\u10d8\u10d4\u10da\u10d8\u10d7 \u10d0\u10e9\u10d5\u10d4\u10dc\u10dd\u10e1 \u10d7\u10d0\u10d5\u10d8\u10e1\u10d8 \u10e1\u10d0\u10e5\u10db\u10d4\u10dc\u10d8 \u10d1\u10e0\u10eb\u10dc\u10e3\u10da \u10db\u10dd\u10d7\u10db\u10d8\u10dc\u10d4\u10d1\u10d0\u10e8\u10d8."
                },
                "14": {
                    "verse_nr": "14",
                    "verse": "\u10db\u10d0\u10d2\u10e0\u10d0\u10db \u10d7\u10e3 \u10d2\u10e3\u10da\u10e8\u10d8 \u10db\u10ec\u10d0\u10e0\u10d4 \u10e8\u10e3\u10e0\u10d8 \u10d3\u10d0 \u10e8\u10e3\u10e6\u10da\u10d8 \u10d2\u10d0\u10e5\u10d5\u10d7, \u10dc\u10e3 \u10e2\u10e0\u10d0\u10d1\u10d0\u10ee\u10dd\u10d1\u10d7 \u10d3\u10d0 \u10dc\u10e3 \u10ea\u10e0\u10e3\u10dd\u10d1\u10d7 \u10ed\u10d4\u10e8\u10db\u10d0\u10e0\u10d8\u10e2\u10d4\u10d1\u10d8\u10e1 \u10ec\u10d8\u10dc\u10d0\u10d0\u10e6\u10db\u10d3\u10d4\u10d2."
                },
                "15": {
                    "verse_nr": "15",
                    "verse": "\u10d4\u10e1 \u10d0\u10e0\u10d0\u10d0 \u10db\u10d0\u10d3\u10da\u10d8\u10d7 \u10d2\u10d0\u10e0\u10d3\u10db\u10dd\u10d5\u10da\u10d4\u10dc\u10d8\u10da\u10d8 \u10e1\u10d8\u10d1\u10e0\u10eb\u10dc\u10d4, \u10d0\u10e0\u10d0\u10db\u10d4\u10d3 \u10e5\u10d5\u10d4\u10e7\u10dc\u10d8\u10e3\u10e0\u10d8, \u10db\u10d8\u10ec\u10d8\u10d4\u10e0\u10d8, \u10d4\u10e8\u10db\u10d0\u10d9\u10d8\u10e1\u10d0."
                },
                "16": {
                    "verse_nr": "16",
                    "verse": "\u10e0\u10d0\u10d3\u10d2\u10d0\u10dc, \u10e1\u10d0\u10d3\u10d0\u10ea \u10e8\u10e3\u10e0\u10d8 \u10d3\u10d0 \u10e8\u10e3\u10e6\u10da\u10d8\u10d0, \u10d8\u10e5 \u10e8\u10e4\u10dd\u10d7\u10d8 \u10d3\u10d0 \u10e7\u10dd\u10d5\u10d4\u10da\u10d2\u10d5\u10d0\u10e0\u10d8 \u10d1\u10dd\u10e0\u10dd\u10e2\u10db\u10dd\u10e5\u10db\u10d4\u10d3\u10d4\u10d1\u10d0\u10d0."
                },
                "17": {
                    "verse_nr": "17",
                    "verse": "\u10ee\u10dd\u10da\u10dd \u10db\u10d0\u10e6\u10da\u10d8\u10d3\u10d0\u10dc \u10d2\u10d0\u10e0\u10d3\u10db\u10dd\u10db\u10d0\u10d5\u10d0\u10da\u10d8 \u10e1\u10d8\u10d1\u10e0\u10eb\u10dc\u10d4, \u10de\u10d8\u10e0\u10d5\u10d4\u10da\u10e7\u10dd\u10d5\u10da\u10d8\u10e1\u10d0, \u10ec\u10db\u10d8\u10d3\u10d0\u10d0, \u10db\u10d4\u10e0\u10d4 \u10db\u10e8\u10d5\u10d8\u10d3\u10dd\u10d1\u10d8\u10d0\u10dc\u10d8, \u10da\u10db\u10dd\u10d1\u10d8\u10d4\u10e0\u10d8, \u10dc\u10d4\u10d1\u10d8\u10d4\u10e0\u10d8, \u10ec\u10e7\u10d0\u10da\u10dd\u10d1\u10d8\u10d7\u10d0 \u10d3\u10d0 \u10d9\u10d4\u10d7\u10d8\u10da\u10d8 \u10dc\u10d0\u10e7\u10dd\u10e4\u10d8\u10d7 \u10e1\u10d0\u10d5\u10e1\u10d4, \u10db\u10d8\u10e3\u10d9\u10d4\u10e0\u10eb\u10dd\u10d4\u10d1\u10d4\u10da\u10d8 \u10d3\u10d0 \u10e3\u10d7\u10d5\u10d0\u10da\u10d7\u10db\u10d0\u10e5\u10ea\u10dd."
                },
                "18": {
                    "verse_nr": "18",
                    "verse": "\u10e1\u10d8\u10db\u10d0\u10e0\u10d7\u10da\u10d8\u10e1 \u10dc\u10d0\u10e7\u10dd\u10e4\u10d8 \u10db\u10e8\u10d5\u10d8\u10d3\u10dd\u10d1\u10d8\u10d7 \u10d4\u10d7\u10d4\u10e1\u10d4\u10d1\u10d0\u10d7 \u10db\u10e8\u10d5\u10d8\u10d3\u10dd\u10d1\u10d8\u10e1\u10db\u10e7\u10dd\u10e4\u10d4\u10da\u10d7."
                }
            }
        },
        "4": {
            "chapter_nr": "4",
            "chapter": {
                "1": {
                    "verse_nr": "1",
                    "verse": "\u10e1\u10d0\u10d8\u10d3\u10d0\u10dc \u10db\u10dd\u10d3\u10d8\u10e1 \u10d1\u10e0\u10eb\u10dd\u10da\u10d4\u10d1\u10d8 \u10d3\u10d0 \u10e8\u10e3\u10e6\u10da\u10d8 \u10d7\u10e5\u10d5\u10d4\u10dc\u10e1 \u10e8\u10dd\u10e0\u10d8\u10e1? \u10d7\u10e3 \u10d0\u10e0\u10d0 \u10d7\u10e5\u10d5\u10d4\u10dc\u10d8\u10d5\u10d4 \u10d2\u10e3\u10da\u10d8\u10e1\u10d7\u10e5\u10db\u10d0\u10d7\u10d0\u10d2\u10d0\u10dc, \u10e0\u10dd\u10db\u10da\u10d4\u10d1\u10d8\u10ea \u10d7\u10e5\u10d5\u10d4\u10dc\u10e1 \u10d0\u10e1\u10dd\u10d4\u10d1\u10e1 \u10e8\u10dd\u10e0\u10d8\u10e1 \u10d8\u10d1\u10e0\u10eb\u10d5\u10d8\u10d0\u10dc."
                },
                "2": {
                    "verse_nr": "2",
                    "verse": "\u10d2\u10e1\u10e3\u10e0\u10d7 \u10d3\u10d0 \u10d0\u10e0 \u10d2\u10d0\u10e5\u10d5\u10d7, \u10d9\u10da\u10d0\u10d5\u10d7 \u10d3\u10d0 \u10d2\u10e8\u10e3\u10e0\u10d7, \u10db\u10d0\u10d2\u10e0\u10d0\u10db \u10d5\u10d4\u10e0 \u10d0\u10e6\u10ec\u10d4\u10d5\u10d7. \u10e9\u10ee\u10e3\u10d1\u10dd\u10d1\u10d7 \u10d3\u10d0 \u10d8\u10d1\u10e0\u10eb\u10d5\u10d8\u10d7 \u10d3\u10d0 \u10d0\u10e0 \u10d2\u10d0\u10e5\u10d5\u10d7, \u10e0\u10d0\u10d3\u10d2\u10d0\u10dc \u10d0\u10e0 \u10d8\u10d7\u10ee\u10dd\u10d5\u10d7."
                },
                "3": {
                    "verse_nr": "3",
                    "verse": "\u10d8\u10d7\u10ee\u10dd\u10d5\u10d7 \u10d3\u10d0 \u10d0\u10e0 \u10d2\u10d4\u10eb\u10da\u10d4\u10d5\u10d0\u10d7, \u10e0\u10d0\u10d3\u10d2\u10d0\u10dc \u10d1\u10dd\u10e0\u10dd\u10e2\u10e1 \u10d8\u10d7\u10ee\u10dd\u10d5\u10d7, \u10e0\u10d0\u10d7\u10d0 \u10d7\u10e5\u10d5\u10d4\u10dc\u10d8 \u10d2\u10e3\u10da\u10d8\u10e1\u10d7\u10e5\u10db\u10d0\u10dc\u10d8 \u10d3\u10d0\u10d8\u10d9\u10db\u10d0\u10e7\u10dd\u10e4\u10d8\u10da\u10dd\u10d7."
                },
                "4": {
                    "verse_nr": "4",
                    "verse": "\u10db\u10e0\u10e3\u10e8\u10dc\u10dd, \u10d2\u10d0\u10dc\u10d0 \u10d0\u10e0 \u10d8\u10ea\u10d8\u10d7, \u10e0\u10dd\u10db \u10e1\u10dd\u10e4\u10d4\u10da\u10d7\u10d0\u10dc \u10db\u10d4\u10d2\u10dd\u10d1\u10e0\u10dd\u10d1\u10d0 \u10e6\u10d5\u10d7\u10d8\u10e1 \u10db\u10e2\u10e0\u10dd\u10d1\u10d0\u10d0? \u10d0\u10e1\u10d4\u10d0, \u10d5\u10d8\u10e1\u10d0\u10ea \u10e1\u10dd\u10e4\u10d4\u10da\u10d7\u10d0\u10dc \u10db\u10d4\u10d2\u10dd\u10d1\u10e0\u10dd\u10d1\u10d0 \u10e1\u10e3\u10e0\u10e1, \u10d8\u10d2\u10d8 \u10e6\u10d5\u10d7\u10d8\u10e1 \u10db\u10e2\u10d4\u10e0\u10d8 \u10ee\u10d3\u10d4\u10d1\u10d0."
                },
                "5": {
                    "verse_nr": "5",
                    "verse": "\u10dc\u10e3\u10d7\u10e3 \u10d2\u10d2\u10dd\u10dc\u10d8\u10d0\u10d7, \u10e0\u10dd\u10db \u10d0\u10db\u10d0\u10dd\u10d3 \u10d0\u10db\u10d1\u10dd\u10d1\u10e1 \u10ec\u10d4\u10e0\u10d8\u10da\u10d8: \u201e\u10e8\u10e3\u10e0\u10d8\u10d7 \u10e1\u10ec\u10d0\u10d3\u10d8\u10d0 \u10e9\u10d5\u10d4\u10dc\u10e8\u10d8 \u10d3\u10d0\u10d5\u10d0\u10dc\u10d4\u10d1\u10e3\u10da \u10e1\u10e3\u10da\u10e1?\u201c"
                },
                "6": {
                    "verse_nr": "6",
                    "verse": "\u10db\u10d0\u10d2\u10e0\u10d0\u10db \u10db\u10d8\u10d7 \u10e3\u10e4\u10e0\u10dd \u10db\u10d4\u10e2 \u10db\u10d0\u10d3\u10da\u10e1\u10d0\u10ea \u10d8\u10eb\u10da\u10d4\u10d5\u10d0. \u10d0\u10db\u10d8\u10e2\u10dd\u10db \u10d0\u10db\u10d1\u10dd\u10d1\u10e1: \u201e\u10e6\u10db\u10d4\u10e0\u10d7\u10d8 \u10d0\u10db\u10de\u10d0\u10e0\u10e2\u10d0\u10d5\u10dc\u10d4\u10d1\u10e1 \u10d4\u10ec\u10d8\u10dc\u10d0\u10d0\u10e6\u10db\u10d3\u10d4\u10d2\u10d4\u10d1\u10d0, \u10d7\u10d0\u10d5\u10db\u10d3\u10d0\u10d1\u10da\u10d4\u10d1\u10e1 \u10d9\u10d8 \u10db\u10d0\u10d3\u10da\u10e1 \u10d0\u10dc\u10d8\u10ed\u10d4\u10d1\u10e1.\u201c"
                },
                "7": {
                    "verse_nr": "7",
                    "verse": "\u10d0\u10db\u10d8\u10e2\u10dd\u10db \u10d3\u10d0\u10d4\u10db\u10dd\u10e0\u10e9\u10d8\u10da\u10d4\u10d7 \u10e6\u10db\u10d4\u10e0\u10d7\u10e1, \u10ec\u10d8\u10dc \u10d0\u10e6\u10e3\u10d3\u10d4\u10e5\u10d8\u10d7 \u10d4\u10e8\u10db\u10d0\u10d9\u10e1 \u10d3\u10d0 \u10d2\u10d0\u10d8\u10e5\u10ea\u10d4\u10d5\u10d0 \u10d7\u10e5\u10d5\u10d4\u10dc\u10d2\u10d0\u10dc."
                },
                "8": {
                    "verse_nr": "8",
                    "verse": "\u10db\u10d8\u10e3\u10d0\u10ee\u10da\u10dd\u10d5\u10d3\u10d8\u10d7 \u10e6\u10db\u10d4\u10e0\u10d7\u10e1 \u10d3\u10d0 \u10d8\u10e1\u10d8\u10ea \u10db\u10dd\u10d2\u10d8\u10d0\u10ee\u10da\u10dd\u10d5\u10d3\u10d4\u10d1\u10d0\u10d7 \u10d7\u10e5\u10d5\u10d4\u10dc. \u10d3\u10d0\u10d8\u10d1\u10d0\u10dc\u10d4\u10d7 \u10ee\u10d4\u10da\u10d4\u10d1\u10d8, \u10ea\u10dd\u10d3\u10d5\u10d8\u10da\u10dc\u10dd, \u10d2\u10d0\u10dc\u10d8\u10ec\u10db\u10d8\u10d3\u10d4\u10d7 \u10d2\u10e3\u10da\u10d4\u10d1\u10d8, \u10dd\u10e0\u10ed\u10dd\u10e4\u10dc\u10dd."
                },
                "9": {
                    "verse_nr": "9",
                    "verse": "\u10d3\u10d0\u10dc\u10d0\u10e6\u10d5\u10da\u10d8\u10d0\u10dc\u10d3\u10d8\u10d7, \u10d8\u10d2\u10da\u10dd\u10d5\u10d4\u10d7 \u10d3\u10d0 \u10d8\u10e2\u10d8\u10e0\u10d4\u10d7. \u10d7\u10e5\u10d5\u10d4\u10dc\u10d8 \u10e1\u10d8\u10ea\u10d8\u10da\u10d8 \u10d2\u10da\u10dd\u10d5\u10d0\u10d3 \u10d8\u10e5\u10ea\u10d4\u10e1, \u10e1\u10d8\u10ee\u10d0\u10e0\u10e3\u10da\u10d8 \u2013 \u10db\u10ec\u10e3\u10ee\u10d0\u10e0\u10d4\u10d1\u10d0\u10d3."
                },
                "10": {
                    "verse_nr": "10",
                    "verse": "\u10d3\u10d0\u10db\u10d3\u10d0\u10d1\u10da\u10d3\u10d8\u10d7 \u10e3\u10e4\u10da\u10d8\u10e1 \u10ec\u10d8\u10dc\u10d0\u10e8\u10d4 \u10d3\u10d0 \u10d8\u10d2\u10d8 \u10d0\u10d2\u10d0\u10db\u10d0\u10e6\u10da\u10d4\u10d1\u10d7 \u10d7\u10e5\u10d5\u10d4\u10dc."
                },
                "11": {
                    "verse_nr": "11",
                    "verse": "\u10eb\u10db\u10d4\u10d1\u10dd, \u10dc\u10e3 \u10eb\u10e0\u10d0\u10ee\u10d0\u10d5\u10d7 \u10d4\u10e0\u10d7\u10db\u10d0\u10dc\u10d4\u10d7\u10e1. \u10eb\u10db\u10d8\u10e1 \u10db\u10eb\u10e0\u10d0\u10ee\u10d0\u10d5\u10d8 \u10d3\u10d0 \u10d7\u10d0\u10d5\u10d8\u10e1\u10d8 \u10eb\u10db\u10d8\u10e1 \u10d2\u10d0\u10dc\u10db\u10e1\u10ef\u10d4\u10da\u10d8 \u10eb\u10e0\u10d0\u10ee\u10d0\u10d5\u10e1 \u10d3\u10d0 \u10d2\u10d0\u10dc\u10e1\u10ef\u10d8\u10e1 \u10e0\u10ef\u10e3\u10da\u10e1. \u10d7\u10e3 \u10e0\u10ef\u10e3\u10da\u10e1 \u10d2\u10d0\u10dc\u10d8\u10d9\u10d8\u10d7\u10ee\u10d0\u10d5, \u10d0\u10e6\u10db\u10e1\u10e0\u10e3\u10da\u10d4\u10d1\u10d4\u10da\u10d8 \u10d9\u10d8 \u10d0\u10e6\u10d0\u10e0\u10d0 \u10ee\u10d0\u10e0, \u10d0\u10e0\u10d0\u10db\u10d4\u10d3 \u10d2\u10d0\u10dc\u10db\u10d9\u10d8\u10d7\u10ee\u10d5\u10d4\u10da\u10d8."
                },
                "12": {
                    "verse_nr": "12",
                    "verse": "\u10d4\u10e0\u10d7\u10d8\u10d0 \u10e0\u10ef\u10e3\u10da\u10db\u10d3\u10d4\u10d1\u10d4\u10da\u10d8 \u10d3\u10d0 \u10d2\u10d0\u10dc\u10db\u10d9\u10d8\u10d7\u10ee\u10d5\u10d4\u10da\u10d8, \u10e0\u10dd\u10db\u10d4\u10da\u10e1\u10d0\u10ea \u10e8\u10d4\u10e3\u10eb\u10da\u10d8\u10d0 \u10ee\u10e1\u10dc\u10d0 \u10d3\u10d0 \u10d3\u10d0\u10e6\u10e3\u10de\u10d5\u10d0. \u10e8\u10d4\u10dc \u10d5\u10d8\u10dc\u10d0 \u10ee\u10d0\u10e0, \u10e1\u10ee\u10d5\u10d0\u10e1 \u10e0\u10dd\u10db \u10d2\u10d0\u10dc\u10d8\u10d9\u10d8\u10d7\u10ee\u10d0\u10d5?"
                },
                "13": {
                    "verse_nr": "13",
                    "verse": "\u10d0\u10ee\u10da\u10d0 \u10d7\u10e5\u10d5\u10d4\u10dc, \u10d5\u10d8\u10dc\u10ea \u10d0\u10db\u10d1\u10dd\u10d1\u10d7: \u10d3\u10e6\u10d4\u10e1 \u10d7\u10e3 \u10ee\u10d5\u10d0\u10da \u10d0\u10db\u10d0 \u10d3\u10d0 \u10d0\u10db \u10e5\u10d0\u10da\u10d0\u10e5\u10e8\u10d8 \u10ec\u10d0\u10d5\u10d0\u10da\u10d7, \u10d8\u10e5 \u10d4\u10e0\u10d7 \u10ec\u10d4\u10da\u10e1 \u10d3\u10d0\u10d5\u10e7\u10dd\u10e4\u10d7, \u10d5\u10d8\u10d5\u10d0\u10ed\u10e0\u10d4\u10d1\u10d7 \u10d3\u10d0 \u10db\u10dd\u10d5\u10d8\u10d2\u10d4\u10d1\u10d7\u10dd"
                },
                "14": {
                    "verse_nr": "14",
                    "verse": "\u10e0\u10dd\u10db\u10d4\u10da\u10d7\u10d0\u10ea \u10d0\u10e0 \u10d8\u10ea\u10d8\u10d7, \u10e0\u10d0 \u10db\u10dd\u10ee\u10d3\u10d4\u10d1\u10d0 \u10ee\u10d5\u10d0\u10da, \u10e0\u10d0\u10d3\u10d2\u10d0\u10dc \u10e0\u10d0 \u10d0\u10e0\u10d8\u10e1 \u10d7\u10e5\u10d5\u10d4\u10dc\u10d8 \u10e1\u10d8\u10ea\u10dd\u10ea\u10ee\u10da\u10d4? \u10dc\u10d8\u10e1\u10da\u10d8, \u10e0\u10dd\u10db\u10d4\u10da\u10d8\u10ea \u10d4\u10e0\u10d7\u10ee\u10d0\u10dc\u10e1 \u10d2\u10d0\u10db\u10dd\u10e9\u10dc\u10d3\u10d4\u10d1\u10d0, \u10db\u10d4\u10e0\u10d4 \u10d9\u10d8 \u10d2\u10d0\u10e5\u10e0\u10d4\u10d1\u10d0."
                },
                "15": {
                    "verse_nr": "15",
                    "verse": "\u10dc\u10d0\u10ea\u10d5\u10da\u10d0\u10d3 \u10d8\u10db\u10d8\u10e1\u10d0, \u10e0\u10dd\u10db \u10d7\u10e5\u10d5\u10d0\u10d7: \u201e\u10d7\u10e3 \u10d8\u10dc\u10d4\u10d1\u10d4\u10d1\u10e1 \u10e3\u10e4\u10d0\u10da\u10d8 \u10d3\u10d0 \u10d5\u10d8\u10ea\u10dd\u10ea\u10ee\u10da\u10d4\u10d1\u10d7, \u10d0\u10db\u10d0\u10e1 \u10d3\u10d0 \u10d0\u10db\u10d0\u10e1 \u10d2\u10d0\u10d5\u10d0\u10d9\u10d4\u10d7\u10d4\u10d1\u10d7\u201c,"
                },
                "16": {
                    "verse_nr": "16",
                    "verse": "\u10d0\u10ee\u10da\u10d0 \u10d7\u10e5\u10d5\u10d4\u10dc\u10d8 \u10d0\u10db\u10de\u10d0\u10e0\u10e2\u10d0\u10d5\u10dc\u10d4\u10d1\u10d8\u10d7 \u10de\u10d0\u10e2\u10d8\u10d5\u10db\u10dd\u10e7\u10d5\u10d0\u10e0\u10d4\u10dd\u10d1\u10d7. \u10e7\u10dd\u10d5\u10d4\u10da\u10d8 \u10d0\u10db\u10d2\u10d5\u10d0\u10e0\u10d8 \u10d0\u10db\u10de\u10d0\u10e0\u10e2\u10d0\u10d5\u10dc\u10d4\u10d1\u10d0 \u10d1\u10dd\u10e0\u10dd\u10e2\u10d4\u10d1\u10d0\u10d0."
                },
                "17": {
                    "verse_nr": "17",
                    "verse": "\u10d0\u10db\u10d8\u10e2\u10dd\u10db, \u10d5\u10d8\u10dc\u10ea \u10e1\u10d8\u10d9\u10d4\u10d7\u10d8\u10e1 \u10d9\u10d4\u10d7\u10d4\u10d1\u10d0 \u10d8\u10ea\u10d8\u10e1 \u10d3\u10d0 \u10d0\u10e0 \u10d0\u10d9\u10d4\u10d7\u10d4\u10d1\u10e1, \u10d4\u10e1 \u10ea\u10dd\u10d3\u10d5\u10d0\u10d3 \u10d4\u10d7\u10d5\u10da\u10d4\u10d1\u10d0 \u10db\u10d0\u10e1."
                }
            }
        },
        "5": {
            "chapter_nr": "5",
            "chapter": {
                "1": {
                    "verse_nr": "1",
                    "verse": "\u10db\u10dd\u10d3\u10d8\u10d7, \u10d0\u10ee\u10da\u10d0 \u10d7\u10e5\u10d5\u10d4\u10dc\u10ea \u10d8\u10e2\u10d8\u10e0\u10d4\u10d7, \u10db\u10d3\u10d8\u10d3\u10e0\u10d4\u10d1\u10dd, \u10d3\u10d0 \u10d8\u10d5\u10d0\u10d2\u10da\u10d0\u10ee\u10d4\u10d7 \u10d8\u10db \u10e3\u10d1\u10d4\u10d3\u10e3\u10e0\u10d4\u10d1\u10d0\u10d6\u10d4, \u10d7\u10e5\u10d5\u10d4\u10dc\u10d6\u10d4 \u10e0\u10dd\u10db \u10db\u10dd\u10d3\u10d8\u10e1."
                },
                "2": {
                    "verse_nr": "2",
                    "verse": "\u10d7\u10e5\u10d5\u10d4\u10dc\u10d8 \u10e1\u10d8\u10db\u10d3\u10d8\u10d3\u10e0\u10d4 \u10d3\u10d0\u10da\u10de\u10d0, \u10d7\u10e5\u10d5\u10d4\u10dc\u10d8 \u10e1\u10d0\u10db\u10dd\u10e1\u10d4\u10da\u10d8 \u10d9\u10d8 \u10e9\u10e0\u10e9\u10d8\u10da\u10db\u10d0 \u10d3\u10d0\u10ed\u10d0\u10db\u10d0."
                },
                "3": {
                    "verse_nr": "3",
                    "verse": "\u10d7\u10e5\u10d5\u10d4\u10dc\u10d8 \u10dd\u10e5\u10e0\u10dd \u10d3\u10d0 \u10d5\u10d4\u10e0\u10ea\u10ee\u10da\u10d8 \u10d3\u10d0\u10df\u10d0\u10dc\u10d2\u10d3\u10d0. \u10db\u10d0\u10d7\u10d8 \u10df\u10d0\u10dc\u10d2\u10d8 \u10d8\u10e5\u10dc\u10d4\u10d1\u10d0 \u10db\u10dd\u10ec\u10db\u10dd\u10d1\u10d0 \u10d7\u10e5\u10d5\u10d4\u10dc\u10e1 \u10ec\u10d8\u10dc\u10d0\u10d0\u10e6\u10db\u10d3\u10d4\u10d2, \u10d3\u10d0 \u10d7\u10e5\u10d5\u10d4\u10dc\u10e1 \u10ee\u10dd\u10e0\u10ea\u10e1 \u10ea\u10d4\u10ea\u10ee\u10da\u10d8\u10d5\u10d8\u10d7 \u10e8\u10d4\u10ed\u10d0\u10db\u10e1 \u10d8\u10d2\u10d8. \u10d3\u10d0\u10e3\u10dc\u10ef\u10d4\u10d1\u10e3\u10da\u10d8 \u10d2\u10d0\u10e5\u10d5\u10d7 \u10d2\u10d0\u10dc\u10eb\u10d8 \u10e3\u10d9\u10d0\u10dc\u10d0\u10e1\u10d9\u10dc\u10d4\u10da\u10d8 \u10d3\u10e6\u10d4\u10d4\u10d1\u10d8\u10e1\u10d0\u10d7\u10d5\u10d8\u10e1."
                },
                "4": {
                    "verse_nr": "4",
                    "verse": "\u10d0\u10f0\u10d0, \u10db\u10e3\u10e8\u10d0\u10d9\u10d7\u10d0 \u10e1\u10d0\u10d6\u10e6\u10d0\u10e3\u10e0\u10d8, \u10e0\u10dd\u10db\u10d4\u10da\u10d8\u10ea \u10d3\u10d0\u10e3\u10d9\u10d0\u10d5\u10d4\u10d7 \u10d7\u10e5\u10d5\u10d4\u10dc\u10d8 \u10e7\u10d0\u10dc\u10d4\u10d1\u10d8\u10e1 \u10db\u10dd\u10db\u10d9\u10d4\u10da\u10d7, \u10e6\u10d0\u10e6\u10d0\u10d3\u10d4\u10d1\u10e1, \u10d3\u10d0 \u10db\u10dd\u10db\u10d9\u10d4\u10da\u10d7\u10d0 \u10e6\u10d0\u10e6\u10d0\u10d3\u10d8 \u10e3\u10e4\u10d0\u10da \u10ea\u10d0\u10d1\u10d0\u10dd\u10d7\u10d8\u10e1 \u10e7\u10e3\u10e0\u10d0\u10db\u10d3\u10d4 \u10d0\u10e6\u10ec\u10d4\u10d5\u10e1."
                },
                "5": {
                    "verse_nr": "5",
                    "verse": "\u10d7\u10e5\u10d5\u10d4\u10dc \u10d2\u10d0\u10dc\u10ea\u10ee\u10e0\u10dd\u10db\u10d0\u10e1 \u10d4\u10eb\u10da\u10d4\u10dd\u10d3\u10d8\u10d7 \u10e5\u10d5\u10d4\u10e7\u10d0\u10dc\u10d0\u10d6\u10d4 \u10d3\u10d0 \u10dc\u10d4\u10d1\u10d8\u10d5\u10e0\u10dd\u10d1\u10d3\u10d8\u10d7, \u10d7\u10d8\u10d7\u10e5\u10dd\u10e1 \u10d3\u10d0\u10d9\u10d5\u10da\u10d8\u10e1 \u10d3\u10e6\u10d8\u10e1\u10d7\u10d5\u10d8\u10e1 \u10d2\u10e3\u10da\u10d4\u10d1\u10d8 \u10d3\u10d0\u10d8\u10e1\u10e3\u10e5\u10d4\u10d7."
                },
                "6": {
                    "verse_nr": "6",
                    "verse": "\u10d7\u10e5\u10d5\u10d4\u10dc \u10db\u10e1\u10ef\u10d0\u10d5\u10e0\u10d8 \u10d3\u10d0\u10e1\u10d3\u10d4\u10d7 \u10d3\u10d0 \u10db\u10dd\u10f0\u10d9\u10d0\u10da\u10d8\u10d7 \u10db\u10d0\u10e0\u10d7\u10d0\u10da\u10d8, \u10d8\u10e1 \u10d9\u10d8 \u10d0\u10e0 \u10d2\u10d0\u10d2\u10d8\u10eb\u10d0\u10da\u10d8\u10d0\u10dc\u10d3\u10d0\u10d7."
                },
                "7": {
                    "verse_nr": "7",
                    "verse": "\u10d0\u10db\u10d8\u10e2\u10dd\u10db, \u10eb\u10db\u10d4\u10d1\u10dd, \u10e1\u10e3\u10da\u10d2\u10e0\u10eb\u10d4\u10da\u10dc\u10d8 \u10d8\u10e7\u10d0\u10d5\u10d8\u10d7 \u10e3\u10e4\u10da\u10d8\u10e1 \u10db\u10dd\u10e1\u10d5\u10da\u10d0\u10db\u10d3\u10d4. \u10d0\u10f0\u10d0, \u10db\u10d8\u10ec\u10d8\u10e1\u10db\u10e3\u10e8\u10d0\u10d9\u10d8 \u10d4\u10da\u10dd\u10d3\u10d4\u10d1\u10d0 \u10db\u10d8\u10ec\u10d8\u10e1 \u10eb\u10d5\u10d8\u10e0\u10e4\u10d0\u10e1 \u10dc\u10d0\u10e7\u10dd\u10e4\u10e1, \u10e1\u10e3\u10da\u10d2\u10e0\u10eb\u10d4\u10da\u10d0\u10d3 \u10d4\u10da\u10d8\u10e1 \u10d0\u10d3\u10e0\u10d4\u10e3\u10da\u10d8 \u10d3\u10d0 \u10d2\u10d5\u10d8\u10d0\u10dc\u10d8 \u10ec\u10d5\u10d8\u10db\u10d8\u10e1 \u10db\u10dd\u10e1\u10d5\u10da\u10d0\u10e1."
                },
                "8": {
                    "verse_nr": "8",
                    "verse": "\u10d7\u10e5\u10d5\u10d4\u10dc\u10ea \u10d8\u10e1\u10e3\u10da\u10d2\u10e0\u10eb\u10d4\u10da\u10d4\u10d7 \u10d3\u10d0 \u10d2\u10e3\u10da\u10d4\u10d1\u10d8 \u10d2\u10d0\u10d8\u10db\u10d0\u10d2\u10e0\u10d4\u10d7, \u10e0\u10d0\u10d3\u10d2\u10d0\u10dc \u10db\u10dd\u10d0\u10ee\u10da\u10dd\u10d4\u10d1\u10e3\u10da\u10d8\u10d0 \u10e3\u10e4\u10da\u10d8\u10e1 \u10db\u10dd\u10e1\u10d5\u10da\u10d0."
                },
                "9": {
                    "verse_nr": "9",
                    "verse": "\u10e9\u10d4\u10db\u10dd \u10eb\u10db\u10d4\u10d1\u10dd, \u10dc\u10e3 \u10e9\u10d8\u10d5\u10d8\u10d7 \u10d4\u10e0\u10d7\u10db\u10d0\u10dc\u10d4\u10d7\u10d6\u10d4, \u10e0\u10d0\u10d7\u10d0 \u10d0\u10e0 \u10d8\u10e7\u10dd\u10d7 \u10db\u10e1\u10ef\u10d0\u10d5\u10e0\u10d3\u10d0\u10d3\u10d4\u10d1\u10e3\u10da\u10dc\u10d8. \u10d0\u10f0\u10d0, \u10d2\u10d0\u10dc\u10db\u10d9\u10d8\u10d7\u10ee\u10d0\u10d5\u10d8 \u10d9\u10d0\u10e0\u10d6\u10d4\u10d0 \u10db\u10dd\u10db\u10d3\u10d2\u10d0\u10e0\u10d8."
                },
                "10": {
                    "verse_nr": "10",
                    "verse": "\u10e9\u10d4\u10db\u10dd \u10eb\u10db\u10d4\u10d1\u10dd, \u10ec\u10d8\u10dc\u10d0\u10e1\u10ec\u10d0\u10e0\u10db\u10d4\u10e2\u10e7\u10d5\u10d4\u10da\u10d4\u10d1\u10d8, \u10e0\u10dd\u10db\u10da\u10d4\u10d1\u10d8\u10ea \u10e3\u10e4\u10da\u10d8\u10e1 \u10e1\u10d0\u10ee\u10d4\u10da\u10d8\u10d7 \u10da\u10d0\u10de\u10d0\u10e0\u10d0\u10d9\u10dd\u10d1\u10d3\u10dc\u10d4\u10dc, \u10e2\u10d0\u10dc\u10ef\u10d5\u10d8\u10e1\u10d0 \u10d3\u10d0 \u10e1\u10e3\u10da\u10d2\u10e0\u10eb\u10d4\u10da\u10d4\u10d1\u10d8\u10e1 \u10db\u10d0\u10d2\u10d0\u10da\u10d8\u10d7\u10d0\u10d3 \u10d0\u10d8\u10e6\u10d4\u10d7 \u10d7\u10e5\u10d5\u10d4\u10dc\u10d7\u10d5\u10d8\u10e1."
                },
                "11": {
                    "verse_nr": "11",
                    "verse": "\u10d0\u10f0\u10d0, \u10e9\u10d5\u10d4\u10dc \u10e8\u10d4\u10d5\u10dc\u10d0\u10e2\u10e0\u10d8\u10d7 \u10d8\u10db \u10db\u10dd\u10db\u10d7\u10db\u10d4\u10dc\u10d7. \u10d8\u10dd\u10d1\u10d8\u10e1 \u10db\u10dd\u10d7\u10db\u10d8\u10dc\u10d4\u10d1\u10d0 \u10d2\u10d0\u10d2\u10d8\u10d2\u10dd\u10dc\u10d8\u10d0\u10d7 \u10d3\u10d0 \u10e3\u10e4\u10da\u10d8\u10e1\u10db\u10d8\u10d4\u10e0\u10d8 \u10d1\u10dd\u10da\u10dd \u10d2\u10d8\u10dc\u10d0\u10ee\u10d0\u10d5\u10d7, \u10e0\u10d0\u10d3\u10d2\u10d0\u10dc \u10db\u10e0\u10d0\u10d5\u10d0\u10da\u10db\u10dd\u10ec\u10e7\u10d0\u10da\u10d4 \u10d3\u10d0 \u10db\u10ec\u10e7\u10d0\u10da\u10dd\u10d1\u10d4\u10da\u10d8\u10d0 \u10e3\u10e4\u10d0\u10da\u10d8."
                },
                "12": {
                    "verse_nr": "12",
                    "verse": "\u10de\u10d8\u10e0\u10d5\u10d4\u10da\u10e7\u10dd\u10d5\u10da\u10d8\u10e1\u10d0, \u10e9\u10d4\u10db\u10dd \u10eb\u10db\u10d4\u10d1\u10dd, \u10dc\u10e3 \u10d3\u10d0\u10d8\u10e4\u10d8\u10ea\u10d4\u10d1\u10d7 \u10dc\u10e3\u10e0\u10ea \u10d6\u10d4\u10ea\u10d0\u10e1 \u10d3\u10d0 \u10dc\u10e3\u10e0\u10ea \u10db\u10d8\u10ec\u10d0\u10e1, \u10dc\u10e3\u10e0\u10ea \u10e1\u10ee\u10d5\u10d0 \u10e0\u10d0\u10d8\u10db\u10d4 \u10e1\u10d0\u10e4\u10d8\u10ea\u10d0\u10e0\u10e1. \u10d7\u10e5\u10d5\u10d4\u10dc\u10d8 \u2018\u10f0\u10dd\u2019 \u10d8\u10e7\u10dd\u10e1 \u10f0\u10dd \u10d3\u10d0 \u2018\u10d0\u10e0\u10d0\u2019 \u10d0\u10e0\u10d0, \u10e0\u10d0\u10d7\u10d0 \u10e1\u10d0\u10db\u10e1\u10ef\u10d0\u10d5\u10e0\u10dd\u10e8\u10d8 \u10d0\u10e0 \u10db\u10dd\u10ee\u10d5\u10d3\u10d4\u10d7."
                },
                "13": {
                    "verse_nr": "13",
                    "verse": "\u10d5\u10d8\u10dc\u10ea \u10d8\u10e2\u10d0\u10dc\u10ef\u10d4\u10d1\u10d0 \u10d7\u10e5\u10d5\u10d4\u10dc\u10e1 \u10e8\u10dd\u10e0\u10d8\u10e1, \u10d8\u10da\u10dd\u10ea\u10dd\u10e1, \u10d5\u10d8\u10e1\u10d0\u10ea \u10e3\u10ee\u10d0\u10e0\u10d8\u10d0, \u10d8\u10d2\u10d0\u10da\u10dd\u10d1\u10dd\u10e1."
                },
                "14": {
                    "verse_nr": "14",
                    "verse": "\u10d0\u10e0\u10d8\u10e1 \u10d7\u10e5\u10d5\u10d4\u10dc\u10e1 \u10e8\u10dd\u10e0\u10d8\u10e1 \u10d5\u10d8\u10dc\u10db\u10d4 \u10d0\u10d5\u10d0\u10d3? \u10db\u10dd\u10d8\u10ee\u10db\u10dd\u10e1 \u10d4\u10d9\u10da\u10d4\u10e1\u10d8\u10d8\u10e1 \u10ee\u10e3\u10ea\u10d4\u10e1\u10dc\u10d8 \u10d3\u10d0 \u10d8\u10da\u10dd\u10ea\u10dd\u10dc \u10db\u10d0\u10d7\u10d6\u10d4 \u10d3\u10d0 \u10e1\u10ea\u10ee\u10dd\u10dc \u10d6\u10d4\u10d7\u10d8 \u10e3\u10e4\u10da\u10d8\u10e1 \u10e1\u10d0\u10ee\u10d4\u10da\u10d8\u10d7."
                },
                "15": {
                    "verse_nr": "15",
                    "verse": "\u10e0\u10ec\u10db\u10d4\u10dc\u10d8\u10e1 \u10da\u10dd\u10ea\u10d5\u10d0 \u10d8\u10ee\u10e1\u10dc\u10d8\u10e1 \u10d0\u10d5\u10d0\u10d3\u10db\u10e7\u10dd\u10e4\u10e1. \u10e3\u10e4\u10d0\u10da\u10d8 \u10ec\u10d0\u10db\u10dd\u10d0\u10e7\u10d4\u10dc\u10d4\u10d1\u10e1 \u10db\u10d0\u10e1 \u10d3\u10d0, \u10d7\u10e3 \u10e0\u10d0\u10db \u10ea\u10dd\u10d3\u10d5\u10d4\u10d1\u10d8 \u10e9\u10d0\u10e3\u10d3\u10d4\u10dc\u10d8\u10d0, \u10db\u10d8\u10d4\u10e2\u10d4\u10d5\u10d4\u10d1\u10d0."
                },
                "16": {
                    "verse_nr": "16",
                    "verse": "\u10d0\u10e6\u10d8\u10d0\u10e0\u10d4\u10d7 \u10ea\u10dd\u10d3\u10d5\u10d4\u10d1\u10d8 \u10d4\u10e0\u10d7\u10db\u10d0\u10dc\u10d4\u10d7\u10d8\u10e1 \u10ec\u10d8\u10dc\u10d0\u10e8\u10d4 \u10d3\u10d0 \u10d8\u10da\u10dd\u10ea\u10d4\u10d7 \u10d4\u10e0\u10d7\u10db\u10d0\u10dc\u10d4\u10d7\u10d8\u10e1\u10d0\u10d7\u10d5\u10d8\u10e1, \u10e0\u10d0\u10d7\u10d0 \u10d2\u10d0\u10dc\u10d8\u10d9\u10e3\u10e0\u10dc\u10dd\u10d7, \u10e0\u10d0\u10d3\u10d2\u10d0\u10dc \u10d1\u10d4\u10d5\u10e0\u10d8 \u10e0\u10d0\u10db \u10e8\u10d4\u10e3\u10eb\u10da\u10d8\u10d0 \u10db\u10d0\u10e0\u10d7\u10da\u10d8\u10e1 \u10eb\u10da\u10d8\u10d4\u10e0 \u10da\u10dd\u10ea\u10d5\u10d0\u10e1."
                },
                "17": {
                    "verse_nr": "17",
                    "verse": "\u10d4\u10da\u10d8\u10d0 \u10e9\u10d5\u10d4\u10dc\u10d8 \u10db\u10e1\u10d2\u10d0\u10d5\u10e1\u10d8 \u10d9\u10d0\u10ea\u10d8 \u10d8\u10e7\u10dd \u10d3\u10d0 \u10da\u10dd\u10ea\u10d5\u10d8\u10d7 \u10d8\u10da\u10dd\u10ea\u10d0, \u10e0\u10dd\u10db \u10d0\u10e0 \u10db\u10dd\u10e1\u10e3\u10da\u10d8\u10e7\u10dd \u10ec\u10d5\u10d8\u10db\u10d0 \u10d3\u10d0 \u10d0\u10e0 \u10db\u10dd\u10e1\u10e3\u10da\u10d0 \u10e5\u10d5\u10d4\u10e7\u10dc\u10d0\u10d3 \u10ec\u10d5\u10d8\u10db\u10d0 \u10e1\u10d0\u10db \u10ec\u10d4\u10da\u10e1\u10d0 \u10d3\u10d0 \u10d4\u10e5\u10d5\u10e1 \u10d7\u10d5\u10d4\u10e1."
                },
                "18": {
                    "verse_nr": "18",
                    "verse": "\u10d9\u10d5\u10da\u10d0\u10d5 \u10d8\u10da\u10dd\u10ea\u10d0 \u10d3\u10d0 \u10ea\u10d0\u10db \u10db\u10dd\u10e1\u10ea\u10d0 \u10ec\u10d5\u10d8\u10db\u10d0 \u10d3\u10d0 \u10db\u10d8\u10ec\u10d0\u10db \u10d0\u10e6\u10db\u10dd\u10d0\u10ea\u10d4\u10dc\u10d0 \u10d7\u10d0\u10d5\u10d8\u10e1\u10d8 \u10dc\u10d0\u10e7\u10dd\u10e4\u10d8."
                },
                "19": {
                    "verse_nr": "19",
                    "verse": "\u10e9\u10d4\u10db\u10dd \u10eb\u10db\u10d4\u10d1\u10dd, \u10d7\u10e3 \u10d5\u10d8\u10dc\u10db\u10d4 \u10d7\u10e5\u10d5\u10d4\u10dc\u10d2\u10d0\u10dc\u10d8 \u10d2\u10d0\u10d3\u10d0\u10ea\u10d3\u10d4\u10d1\u10d0 \u10ed\u10d4\u10e8\u10db\u10d0\u10e0\u10d8\u10e2\u10d4\u10d1\u10d0\u10e1 \u10d3\u10d0 \u10d5\u10d8\u10dc\u10db\u10d4 \u10db\u10dd\u10d0\u10e5\u10ea\u10d4\u10d5\u10e1 \u10db\u10d0\u10e1"
                },
                "20": {
                    "verse_nr": "20",
                    "verse": "\u10d8\u10ea\u10dd\u10d3\u10d4\u10e1, \u10e0\u10dd\u10db \u10ea\u10dd\u10d3\u10d5\u10d8\u10da\u10d8\u10e1 \u10db\u10dd\u10db\u10e5\u10ea\u10d4\u10d5\u10d8 \u10db\u10d8\u10e1\u10d8 \u10ea\u10d3\u10dd\u10db\u10d8\u10da\u10d4\u10d1\u10d8\u10e1 \u10d2\u10d6\u10d8\u10d3\u10d0\u10dc, \u10e1\u10d8\u10d9\u10d5\u10d3\u10d8\u10da\u10d8\u10e1\u10d0\u10d2\u10d0\u10dc \u10d8\u10ee\u10e1\u10dc\u10d8\u10e1 \u10db\u10d8\u10e1 \u10e1\u10e3\u10da\u10e1 \u10d3\u10d0 \u10db\u10e0\u10d0\u10d5\u10d0\u10da \u10ea\u10dd\u10d3\u10d5\u10d0\u10e1 \u10d3\u10d0\u10e4\u10d0\u10e0\u10d0\u10d5\u10e1."
                }
            }
        }
    }
}