{
    "version": "JBS",
    "book_name": "Philemon",
    "book_nr": "57",
    "book": {
        "1": {
            "chapter_nr": "1",
            "chapter": {
                "1": {
                    "verse_nr": "1",
                    "verse": "\u00b6 Pablo, preso por causa de Cristo Jes\u00fas, y el hermano Timoteo, a Filem\u00f3n amado, y ayudador nuestro;"
                },
                "2": {
                    "verse_nr": "2",
                    "verse": "y a la amada Apia hermana, y a Arquipo, compa\u00f1ero de nuestra milicia, y a la Iglesia que est\u00e1 en tu casa:"
                },
                "3": {
                    "verse_nr": "3",
                    "verse": "Gracia y paz hall\u00e9is del Dios nuestro Padre, y del Se\u00f1or Jes\u00fas el Cristo."
                },
                "4": {
                    "verse_nr": "4",
                    "verse": "Doy gracias a mi Dios, haciendo siempre memoria de ti en mis oraciones."
                },
                "5": {
                    "verse_nr": "5",
                    "verse": "Oyendo tu caridad, y la fe que tienes en el Se\u00f1or Jes\u00fas, y para con todos los santos;"
                },
                "6": {
                    "verse_nr": "6",
                    "verse": "que la comunicaci\u00f3n de tu fe sea eficaz, para conocimiento de todo el bien que est\u00e1 en vosotros, por Cristo Jes\u00fas."
                },
                "7": {
                    "verse_nr": "7",
                    "verse": "Porque tenemos gran gozo y consolaci\u00f3n en tu caridad, de que por ti, oh hermano, han sido recreadas las entra\u00f1as de los santos."
                },
                "8": {
                    "verse_nr": "8",
                    "verse": "\u00b6 Por lo cual, aunque tengo mucha resoluci\u00f3n en Cristo de mandarte en lo que te conviene,"
                },
                "9": {
                    "verse_nr": "9",
                    "verse": "ruego antes por la caridad porque soy tal, es a saber, Pablo ya anciano, y aun ahora preso por amor de Jes\u00fas, el Cristo;"
                },
                "10": {
                    "verse_nr": "10",
                    "verse": "lo que ruego es por mi hijo On\u00e9simo, que he engendrado en mi prisi\u00f3n,"
                },
                "11": {
                    "verse_nr": "11",
                    "verse": "el cual en otro tiempo te fue in\u00fatil, mas ahora a ti y a m\u00ed nos es \u00fatil;"
                },
                "12": {
                    "verse_nr": "12",
                    "verse": "el cual te vuelvo a enviar; t\u00fa pues, rec\u00edbele como a m\u00ed mismo."
                },
                "13": {
                    "verse_nr": "13",
                    "verse": "Yo quisiera detenerle conmigo, para que en lugar de ti me sirviera en la prisi\u00f3n del Evangelio;"
                },
                "14": {
                    "verse_nr": "14",
                    "verse": "mas nada quise hacer sin tu consejo, porque tu beneficio no fuera como de necesidad, sino voluntario."
                },
                "15": {
                    "verse_nr": "15",
                    "verse": "Porque quiz\u00e1s para esto se apart\u00f3 de ti por alg\u00fan tiempo, para que le vuelvas a tener para siempre;"
                },
                "16": {
                    "verse_nr": "16",
                    "verse": "ya no como esclavo, antes m\u00e1s que esclavo, a saber como hermano amado, mayormente de m\u00ed, y cu\u00e1nto m\u00e1s de ti, en la carne y en el Se\u00f1or."
                },
                "17": {
                    "verse_nr": "17",
                    "verse": "As\u00ed que, si me tienes por compa\u00f1ero, rec\u00edbele como a m\u00ed."
                },
                "18": {
                    "verse_nr": "18",
                    "verse": "Y si en algo te da\u00f1\u00f3, o te debe, ponlo a mi cuenta."
                },
                "19": {
                    "verse_nr": "19",
                    "verse": "Yo Pablo lo escrib\u00ed de mi mano, yo lo pagar\u00e9; por no decirte que aun a ti mismo te me debes."
                },
                "20": {
                    "verse_nr": "20",
                    "verse": "As\u00ed, hermano, yo me goce de ti en el Se\u00f1or; que recrees mi coraz\u00f3n en el Se\u00f1or."
                },
                "21": {
                    "verse_nr": "21",
                    "verse": "Te he escrito confiando en tu obediencia, sabiendo que aun har\u00e1s m\u00e1s de lo que digo."
                },
                "22": {
                    "verse_nr": "22",
                    "verse": "Y asimismo prep\u00e1rame tambi\u00e9n alojamiento; porque espero que por vuestras oraciones os tengo de ser concedido."
                },
                "23": {
                    "verse_nr": "23",
                    "verse": "Te saludan Epafras, mi compa\u00f1ero en la prisi\u00f3n por el Cristo Jes\u00fas."
                },
                "24": {
                    "verse_nr": "24",
                    "verse": "Marcos, Aristarco, Demas, y Lucas, mis ayudadores."
                },
                "25": {
                    "verse_nr": "25",
                    "verse": "La gracia de nuestro Se\u00f1or Jes\u00fas el Cristo sea con vuestro esp\u00edritu, Am\u00e9n."
                }
            }
        }
    }
}