{
    "version": "cus",
    "book_name": "Haggai",
    "book_nr": "37",
    "book": {
        "1": {
            "chapter_nr": 1,
            "chapter": {
                "1": {
                    "verse_nr": 1,
                    "verse": "\u5927 \u5229 \u4e4c \u738b \u7b2c \u4e8c \u5e74 \u516d \u6708 \u521d \u4e00 \u65e5 \uff0c \u8036 \u548c \u534e \u7684 \u8bdd \u85c9 \u5148 \u77e5 \u54c8 \u8be5 \u5411 \u72b9 \u5927 \u7701 \u957f \u6492 \u62c9 \u94c1 \u7684 \u513f \u5b50 \u6240 \u7f57 \u5df4 \u4f2f \u548c \u7ea6 \u6492 \u7b54 \u7684 \u513f \u5b50 \u5927 \u796d \u53f8 \u7ea6 \u4e66 \u4e9a \u8bf4 \uff1a\n"
                },
                "2": {
                    "verse_nr": 2,
                    "verse": "\u4e07 \u519b \u4e4b \u8036 \u548c \u534e \u5982 \u6b64 \u8bf4 \uff1a \u8fd9 \u767e \u59d3 \u8bf4 \uff0c \u5efa \u9020 \u8036 \u548c \u534e \u6bbf \u7684 \u65f6 \u5019 \u5c1a \u672a \u6765 \u5230 \u3002\n"
                },
                "3": {
                    "verse_nr": 3,
                    "verse": "\u90a3 \u65f6 \u8036 \u548c \u534e \u7684 \u8bdd \u4e34 \u5230 \u5148 \u77e5 \u54c8 \u8be5 \u8bf4 \uff1a\n"
                },
                "4": {
                    "verse_nr": 4,
                    "verse": "\u8fd9 \u6bbf \u4ecd \u7136 \u8352 \u51c9 \uff0c \u4f60 \u4eec \u81ea \u5df1 \u8fd8 \u4f4f \u5929 \u82b1 \u677f \u7684 \u623f \u5c4b \u9ebd \uff1f\n"
                },
                "5": {
                    "verse_nr": 5,
                    "verse": "\u73b0 \u5728 \u4e07 \u519b \u4e4b \u8036 \u548c \u534e \u5982 \u6b64 \u8bf4 \uff1a \u4f60 \u4eec \u8981 \u7701 \u5bdf \u81ea \u5df1 \u7684 \u884c \u4e3a \u3002\n"
                },
                "6": {
                    "verse_nr": 6,
                    "verse": "\u4f60 \u4eec \u6492 \u7684 \u79cd \u591a \uff0c \u6536 \u7684 \u5374 \u5c11 \uff1b \u4f60 \u4eec \u5403 \uff0c \u5374 \u4e0d \u5f97 \u9971 \uff1b \u559d \uff0c \u5374 \u4e0d \u5f97 \u8db3 \uff1b \u7a7f \u8863 \u670d \uff0c \u5374 \u4e0d \u5f97 \u6696 \uff1b \u5f97 \u5de5 \u94b1 \u7684 \uff0c \u5c06 \u5de5 \u94b1 \u88c5 \u5728 \u7834 \u6f0f \u7684 \u56ca \u4e2d \u3002\n"
                },
                "7": {
                    "verse_nr": 7,
                    "verse": "\u4e07 \u519b \u4e4b \u8036 \u548c \u534e \u5982 \u6b64 \u8bf4 \uff1a \u4f60 \u4eec \u8981 \u7701 \u5bdf \u81ea \u5df1 \u7684 \u884c \u4e3a \u3002\n"
                },
                "8": {
                    "verse_nr": 8,
                    "verse": "\u4f60 \u4eec \u8981 \u4e0a \u5c71 \u53d6 \u6728 \u6599 \uff0c \u5efa \u9020 \u8fd9 \u6bbf \uff0c \u6211 \u5c31 \u56e0 \u6b64 \u559c \u4e50 \uff0c \u4e14 \u5f97 \u8363 \u8000 \u3002 \u8fd9 \u662f \u8036 \u548c \u534e \u8bf4 \u7684 \u3002\n"
                },
                "9": {
                    "verse_nr": 9,
                    "verse": "\u4f60 \u4eec \u76fc \u671b \u591a \u5f97 \uff0c \u6240 \u5f97 \u7684 \u5374 \u5c11 \uff1b \u4f60 \u4eec \u6536 \u5230 \u5bb6 \u4e2d \uff0c \u6211 \u5c31 \u5439 \u53bb \u3002 \u8fd9 \u662f \u4e3a \u751a \u9ebd \u5462 \uff1f \u56e0 \u4e3a \u6211 \u7684 \u6bbf \u8352 \u51c9 \uff0c \u4f60 \u4eec \u5404 \u4eba \u5374 \u987e \uff08 \u539f \u6587 \u662f \u5954 \uff09 \u81ea \u5df1 \u7684 \u623f \u5c4b \u3002 \u8fd9 \u662f \u4e07 \u519b \u4e4b \u8036 \u548c \u534e \u8bf4 \u7684 \u3002\n"
                },
                "10": {
                    "verse_nr": 10,
                    "verse": "\u6240 \u4ee5 \u4e3a \u4f60 \u4eec \u7684 \u7f18 \u6545 \uff0c \u5929 \u5c31 \u4e0d \u964d \u7518 \u9732 \uff0c \u5730 \u4e5f \u4e0d \u51fa \u571f \u4ea7 \u3002\n"
                },
                "11": {
                    "verse_nr": 11,
                    "verse": "\u6211 \u547d \u4e7e \u65f1 \u4e34 \u5230 \u5730 \u571f \u3001 \u5c71 \u5188 \u3001 \u4e94 \u8c37 \u3001 \u65b0 \u9152 \uff0c \u548c \u6cb9 \uff0c \u5e76 \u5730 \u4e0a \u7684 \u51fa \u4ea7 \u3001 \u4eba \u6c11 \u3001 \u7272 \u755c \uff0c \u4ee5 \u53ca \u4eba \u624b \u4e00 \u5207 \u52b3 \u788c \u5f97 \u6765 \u7684 \u3002\n"
                },
                "12": {
                    "verse_nr": 12,
                    "verse": "\u90a3 \u65f6 \uff0c \u6492 \u62c9 \u94c1 \u7684 \u513f \u5b50 \u6240 \u7f57 \u5df4 \u4f2f \u548c \u7ea6 \u6492 \u7b54 \u7684 \u513f \u5b50 \u5927 \u796d \u53f8 \u7ea6 \u4e66 \u4e9a \uff0c \u5e76 \u5269 \u4e0b \u7684 \u767e \u59d3 \uff0c \u90fd \u542c \u4ece \u8036 \u548c \u534e \u2500 \u4ed6 \u4eec \u3000 \u795e \u7684 \u8bdd \u548c \u5148 \u77e5 \u54c8 \u8be5 \u5949 \u8036 \u548c \u534e \u2500 \u4ed6 \u4eec \u3000 \u795e \u5dee \u6765 \u6240 \u8bf4 \u7684 \u8bdd \uff1b \u767e \u59d3 \u4e5f \u5728 \u8036 \u548c \u534e \u9762 \u524d \u5b58 \u656c \u754f \u7684 \u5fc3 \u3002\n"
                },
                "13": {
                    "verse_nr": 13,
                    "verse": "\u8036 \u548c \u534e \u7684 \u4f7f \u8005 \u54c8 \u8be5 \u5949 \u8036 \u548c \u534e \u5dee \u9063 \u5bf9 \u767e \u59d3 \u8bf4 \uff1a \u8036 \u548c \u534e \u8bf4 \uff1a \u6211 \u4e0e \u4f60 \u4eec \u540c \u5728 \u3002\n"
                },
                "14": {
                    "verse_nr": 14,
                    "verse": "\u8036 \u548c \u534e \u6fc0 \u52a8 \u72b9 \u5927 \u7701 \u957f \u6492 \u62c9 \u94c1 \u7684 \u513f \u5b50 \u6240 \u7f57 \u5df4 \u4f2f \u548c \u7ea6 \u6492 \u7b54 \u7684 \u513f \u5b50 \u5927 \u796d \u53f8 \u7ea6 \u4e66 \u4e9a \uff0c \u5e76 \u5269 \u4e0b \u4e4b \u767e \u59d3 \u7684 \u5fc3 \uff0c \u4ed6 \u4eec \u5c31 \u6765 \u4e3a \u4e07 \u519b \u4e4b \u8036 \u548c \u534e \u2500 \u4ed6 \u4eec \u3000 \u795e \u7684 \u6bbf \u505a \u5de5 \u3002\n"
                },
                "15": {
                    "verse_nr": 15,
                    "verse": "\u8fd9 \u662f \u5728 \u5927 \u5229 \u4e4c \u738b \u7b2c \u4e8c \u5e74 \u516d \u6708 \u4e8c \u5341 \u56db \u65e5 \u3002\n"
                }
            }
        },
        "2": {
            "chapter_nr": 2,
            "chapter": {
                "1": {
                    "verse_nr": 1,
                    "verse": "\u4e03 \u6708 \u4e8c \u5341 \u4e00 \u65e5 \uff0c \u8036 \u548c \u534e \u7684 \u8bdd \u4e34 \u5230 \u5148 \u77e5 \u54c8 \u8be5 \u8bf4 \uff1a\n"
                },
                "2": {
                    "verse_nr": 2,
                    "verse": "\u4f60 \u8981 \u6653 \u8c15 \u72b9 \u5927 \u7701 \u957f \u6492 \u62c9 \u94c1 \u7684 \u513f \u5b50 \u6240 \u7f57 \u5df4 \u4f2f \u548c \u7ea6 \u6492 \u7b54 \u7684 \u513f \u5b50 \u5927 \u796d \u53f8 \u7ea6 \u4e66 \u4e9a \uff0c \u5e76 \u5269 \u4e0b \u7684 \u767e \u59d3 \uff0c \u8bf4 \uff1a\n"
                },
                "3": {
                    "verse_nr": 3,
                    "verse": "\u4f60 \u4eec \u4e2d \u95f4 \u5b58 \u7559 \u7684 \uff0c \u6709 \u8c01 \u89c1 \u8fc7 \u8fd9 \u6bbf \u4ece \u524d \u7684 \u8363 \u8000 \u5462 \uff1f \u73b0 \u5728 \u4f60 \u4eec \u770b \u7740 \u5982 \u4f55 \uff1f \u5c82 \u4e0d \u5728 \u773c \u4e2d \u770b \u5982 \u65e0 \u6709 \u9ebd \uff1f\n"
                },
                "4": {
                    "verse_nr": 4,
                    "verse": "\u8036 \u548c \u534e \u8bf4 \uff1a \u6240 \u7f57 \u5df4 \u4f2f \u554a \uff0c \u867d \u7136 \u5982 \u6b64 \uff0c \u4f60 \u5f53 \u521a \u5f3a \uff01 \u7ea6 \u6492 \u7b54 \u7684 \u513f \u5b50 \u5927 \u796d \u53f8 \u7ea6 \u4e66 \u4e9a \u554a \uff0c \u4f60 \u4e5f \u5f53 \u521a \u5f3a \uff01 \u8fd9 \u5730 \u7684 \u767e \u59d3 \uff0c \u4f60 \u4eec \u90fd \u5f53 \u521a \u5f3a \u4f5c \u5de5 \uff0c \u56e0 \u4e3a \u6211 \u4e0e \u4f60 \u4eec \u540c \u5728 \u3002 \u8fd9 \u662f \u4e07 \u519b \u4e4b \u8036 \u548c \u534e \u8bf4 \u7684 \u3002\n"
                },
                "5": {
                    "verse_nr": 5,
                    "verse": "\u8fd9 \u662f \u7167 \u7740 \u4f60 \u4eec \u51fa \u57c3 \u53ca \u6211 \u4e0e \u4f60 \u4eec \u7acb \u7ea6 \u7684 \u8bdd \u3002 \u90a3 \u65f6 \uff0c \u6211 \u7684 \u7075 \u4f4f \u5728 \u4f60 \u4eec \u4e2d \u95f4 \uff0c \u4f60 \u4eec \u4e0d \u8981 \u60e7 \u6015 \u3002\n"
                },
                "6": {
                    "verse_nr": 6,
                    "verse": "\u4e07 \u519b \u4e4b \u8036 \u548c \u534e \u5982 \u6b64 \u8bf4 \uff1a \u8fc7 \u4e0d \u591a \u65f6 \uff0c \u6211 \u5fc5 \u518d \u4e00 \u6b21 \u9707 \u52a8 \u5929 \u5730 \u3001 \u6ca7 \u6d77 \uff0c \u4e0e \u65f1 \u5730 \u3002\n"
                },
                "7": {
                    "verse_nr": 7,
                    "verse": "\u6211 \u5fc5 \u9707 \u52a8 \u4e07 \u56fd \uff1b \u4e07 \u56fd \u7684 \u73cd \u5b9d \u5fc5 \u90fd \u8fd0 \u6765 \uff08 \u6216 \u8bd1 \uff1a \u4e07 \u56fd \u6240 \u7fa1 \u6155 \u7684 \u5fc5 \u6765 \u5230 \uff09 \uff0c \u6211 \u5c31 \u4f7f \u8fd9 \u6bbf \u6ee1 \u4e86 \u8363 \u8000 \u3002 \u8fd9 \u662f \u4e07 \u519b \u4e4b \u8036 \u548c \u534e \u8bf4 \u7684 \u3002\n"
                },
                "8": {
                    "verse_nr": 8,
                    "verse": "\u4e07 \u519b \u4e4b \u8036 \u548c \u534e \u8bf4 \uff1a \u94f6 \u5b50 \u662f \u6211 \u7684 \uff0c \u91d1 \u5b50 \u4e5f \u662f \u6211 \u7684 \u3002\n"
                },
                "9": {
                    "verse_nr": 9,
                    "verse": "\u8fd9 \u6bbf \u5f8c \u6765 \u7684 \u8363 \u8000 \u5fc5 \u5927 \u8fc7 \u5148 \u524d \u7684 \u8363 \u8000 \uff1b \u5728 \u8fd9 \u5730 \u65b9 \u6211 \u5fc5 \u8d50 \u5e73 \u5b89 \u3002 \u8fd9 \u662f \u4e07 \u519b \u4e4b \u8036 \u548c \u534e \u8bf4 \u7684 \u3002\n"
                },
                "10": {
                    "verse_nr": 10,
                    "verse": "\u5927 \u5229 \u4e4c \u738b \u7b2c \u4e8c \u5e74 \u4e5d \u6708 \u4e8c \u5341 \u56db \u65e5 \uff0c \u8036 \u548c \u534e \u7684 \u8bdd \u4e34 \u5230 \u5148 \u77e5 \u54c8 \u8be5 \u8bf4 \uff1a\n"
                },
                "11": {
                    "verse_nr": 11,
                    "verse": "\u4e07 \u519b \u4e4b \u8036 \u548c \u534e \u5982 \u6b64 \u8bf4 \uff1a \u4f60 \u8981 \u5411 \u796d \u53f8 \u95ee \u5f8b \u6cd5 \uff0c\n"
                },
                "12": {
                    "verse_nr": 12,
                    "verse": "\u8bf4 \uff1a \u82e5 \u6709 \u4eba \u7528 \u8863 \u895f \u515c \u5723 \u8089 \uff0c \u8fd9 \u8863 \u895f \u6328 \u7740 \u997c \uff0c \u6216 \u6c64 \uff0c \u6216 \u9152 \uff0c \u6216 \u6cb9 \uff0c \u6216 \u522b \u7684 \u98df \u7269 \uff0c \u4fbf \u7b97 \u4e3a \u5723 \u9ebd \uff1f \u796d \u53f8 \u8bf4 \uff1a \u4e0d \u7b97 \u4e3a \u5723 \u3002\n"
                },
                "13": {
                    "verse_nr": 13,
                    "verse": "\u54c8 \u8be5 \u53c8 \u8bf4 \uff1a \u82e5 \u6709 \u4eba \u56e0 \u6478 \u6b7b \u5c38 \u67d3 \u4e86 \u6c61 \u79fd \uff0c \u7136 \u5f8c \u6328 \u7740 \u8fd9 \u4e9b \u7269 \u7684 \u54ea \u4e00 \u6837 \uff0c \u8fd9 \u7269 \u7b97 \u6c61 \u79fd \u9ebd \uff1f \u796d \u53f8 \u8bf4 \uff1a \u5fc5 \u7b97 \u6c61 \u79fd \u3002\n"
                },
                "14": {
                    "verse_nr": 14,
                    "verse": "\u65bc \u662f \u54c8 \u8be5 \u8bf4 \uff1a \u8036 \u548c \u534e \u8bf4 \uff1a \u8fd9 \u6c11 \u8fd9 \u56fd \uff0c \u5728 \u6211 \u9762 \u524d \u4e5f \u662f \u5982 \u6b64 \uff1b \u4ed6 \u4eec \u624b \u4e0b \u7684 \u5404 \u6837 \u5de5 \u4f5c \u90fd \u662f \u5982 \u6b64 \uff1b \u4ed6 \u4eec \u5728 \u575b \u4e0a \u6240 \u732e \u7684 \u4e5f \u662f \u5982 \u6b64 \u3002\n"
                },
                "15": {
                    "verse_nr": 15,
                    "verse": "\u73b0 \u5728 \u4f60 \u4eec \u8981 \u8ffd \u60f3 \uff0c \u6b64 \u65e5 \u4ee5 \u524d \uff0c \u8036 \u548c \u534e \u7684 \u6bbf \u6ca1 \u6709 \u4e00 \u5757 \u77f3 \u5934 \u5792 \u5728 \u77f3 \u5934 \u4e0a \u7684 \u5149 \u666f \u3002\n"
                },
                "16": {
                    "verse_nr": 16,
                    "verse": "\u5728 \u90a3 \u4e00 \u5207 \u65e5 \u5b50 \uff0c \u6709 \u4eba \u6765 \u5230 \u8c37 \u5806 \uff0c \u60f3 \u5f97 \u4e8c \u5341 \u6597 \uff0c \u53ea \u5f97 \u4e86 \u5341 \u6597 \u3002 \u6709 \u4eba \u6765 \u5230 \u9152 \u6c60 \uff0c \u60f3 \u5f97 \u4e94 \u5341 \u6876 \uff0c \u53ea \u5f97 \u4e86 \u4e8c \u5341 \u6876 \u3002\n"
                },
                "17": {
                    "verse_nr": 17,
                    "verse": "\u5728 \u4f60 \u4eec \u624b \u4e0b \u7684 \u5404 \u6837 \u5de5 \u4f5c \u4e0a \uff0c \u6211 \u4ee5 \u65f1 \u98ce \u3001 \u9709 \u70c2 \u3001 \u51b0 \u96f9 \u653b \u51fb \u4f60 \u4eec \uff0c \u4f60 \u4eec \u4ecd \u4e0d \u5f52 \u5411 \u6211 \u3002 \u8fd9 \u662f \u8036 \u548c \u534e \u8bf4 \u7684 \u3002\n"
                },
                "18": {
                    "verse_nr": 18,
                    "verse": "\u4f60 \u4eec \u8981 \u8ffd \u60f3 \u6b64 \u65e5 \u4ee5 \u524d \uff0c \u5c31 \u662f \u4ece \u8fd9 \u4e5d \u6708 \u4e8c \u5341 \u56db \u65e5 \u8d77 \uff0c \u8ffd \u60f3 \u5230 \u7acb \u8036 \u548c \u534e \u6bbf \u6839 \u57fa \u7684 \u65e5 \u5b50 \u3002\n"
                },
                "19": {
                    "verse_nr": 19,
                    "verse": "\u4ed3 \u91cc \u6709 \u8c37 \u79cd \u9ebd \uff1f \u8461 \u8404 \u6811 \u3001 \u65e0 \u82b1 \u679c \u6811 \u3001 \u77f3 \u69b4 \u6811 \u3001 \u6a44 \u6984 \u6811 \u90fd \u6ca1 \u6709 \u7ed3 \u679c \u5b50 \u3002 \u4ece \u4eca \u65e5 \u8d77 \uff0c \u6211 \u5fc5 \u8d50 \u798f \u4e0e \u4f60 \u4eec \u3002\n"
                },
                "20": {
                    "verse_nr": 20,
                    "verse": "\u8fd9 \u6708 \u4e8c \u5341 \u56db \u65e5 \uff0c \u8036 \u548c \u534e \u7684 \u8bdd \u4e8c \u6b21 \u4e34 \u5230 \u54c8 \u8be5 \u8bf4 \uff1a\n"
                },
                "21": {
                    "verse_nr": 21,
                    "verse": "\u4f60 \u8981 \u544a \u8bc9 \u72b9 \u5927 \u7701 \u957f \u6240 \u7f57 \u5df4 \u4f2f \u8bf4 \uff1a \u6211 \u5fc5 \u9707 \u52a8 \u5929 \u5730 \u3002\n"
                },
                "22": {
                    "verse_nr": 22,
                    "verse": "\u6211 \u5fc5 \u503e \u8986 \u5217 \u56fd \u7684 \u5b9d \u5ea7 \uff0c \u9664 \u706d \u5217 \u90a6 \u7684 \u52bf \u529b \uff0c \u5e76 \u503e \u8986 \u6218 \u8f66 \u548c \u5750 \u5728 \u5176 \u4e0a \u7684 \u3002 \u9a6c \u5fc5 \u8dcc \u5012 \uff0c \u9a91 \u9a6c \u7684 \u8d25 \u843d \uff0c \u5404 \u4eba \u88ab \u5f1f \u5144 \u7684 \u5200 \u6240 \u6740 \u3002\n"
                },
                "23": {
                    "verse_nr": 23,
                    "verse": "\u4e07 \u519b \u4e4b \u8036 \u548c \u534e \u8bf4 \uff1a \u6211 \u4ec6 \u4eba \u6492 \u62c9 \u94c1 \u7684 \u513f \u5b50 \u6240 \u7f57 \u5df4 \u4f2f \u554a \uff0c \u5230 \u90a3 \u65e5 \uff0c \u6211 \u5fc5 \u4ee5 \u4f60 \u4e3a \u5370 \uff0c \u56e0 \u6211 \u62e3 \u9009 \u4e86 \u4f60 \u3002 \u8fd9 \u662f \u4e07 \u519b \u4e4b \u8036 \u548c \u534e \u8bf4 \u7684 \u3002\n"
                }
            }
        }
    }
}