{
    "version": "darby",
    "book_name": "2 Corinthians",
    "book_nr": "47",
    "book": {
        "1": {
            "chapter_nr": 1,
            "chapter": {
                "1": {
                    "verse_nr": 1,
                    "verse": "\u00b6 Paul, ap\u00f4tre de J\u00e9sus Christ par la volont\u00e9 de Dieu, et Timoth\u00e9e, le fr\u00e8re, \u00e0 l'assembl\u00e9e de Dieu qui est \u00e0 Corinthe, avec tous les saints qui sont dans l'Acha\u00efe tout enti\u00e8re:\n"
                },
                "2": {
                    "verse_nr": 2,
                    "verse": "Gr\u00e2ce et paix \u00e0 vous de la part de Dieu notre P\u00e8re et du Seigneur J\u00e9sus Christ!\n"
                },
                "3": {
                    "verse_nr": 3,
                    "verse": "\u00b6 B\u00e9ni soit le Dieu et P\u00e8re de notre Seigneur J\u00e9sus Christ, le p\u00e8re des mis\u00e9ricordes et le Dieu de toute consolation,\n"
                },
                "4": {
                    "verse_nr": 4,
                    "verse": "qui nous console \u00e0 l'\u00e9gard de toute notre affliction, afin que nous soyons capables de consoler ceux qui sont dans quelque affliction que ce soit, par la consolation dont nous sommes nous-m\u00eames consol\u00e9s de Dieu.\n"
                },
                "5": {
                    "verse_nr": 5,
                    "verse": "Car comme les souffrances du Christ abondent \u00e0 notre \u00e9gard, ainsi, par le Christ, notre consolation aussi abonde.\n"
                },
                "6": {
                    "verse_nr": 6,
                    "verse": "Et soit que nous soyons afflig\u00e9s, c'est pour votre consolation et votre salut, qui est op\u00e9r\u00e9 en ce que vous endurez les m\u00eames souffrances que nous aussi nous souffrons (et notre esp\u00e9rance \u00e0 votre \u00e9gard est ferme); soit que nous soyons consol\u00e9s, c'est pour votre consolation et votre salut;\n"
                },
                "7": {
                    "verse_nr": 7,
                    "verse": "\u00b6 sachant que, comme vous avez part aux souffrances, de m\u00eame aussi vous avez part \u00e0 la consolation.\n"
                },
                "8": {
                    "verse_nr": 8,
                    "verse": "Car nous ne voulons pas, fr\u00e8res, que vous ignoriez, quant \u00e0 notre affliction qui nous est arriv\u00e9e en Asie, que nous avons \u00e9t\u00e9 excessivement charg\u00e9s, au del\u00e0 de notre force, de sorte que nous avons d\u00e9sesp\u00e9r\u00e9 m\u00eame de vivre.\n"
                },
                "9": {
                    "verse_nr": 9,
                    "verse": "Mais nous-m\u00eames nous avions en nous-m\u00eames la sentence de mort, afin que nous n'eussions pas confiance en nous-m\u00eames, mais en Dieu qui ressuscite les morts,\n"
                },
                "10": {
                    "verse_nr": 10,
                    "verse": "qui nous a d\u00e9livr\u00e9s d'une si grande mort, et qui nous d\u00e9livre; en qui nous esp\u00e9rons qu'il nous d\u00e9livrera aussi encore,\n"
                },
                "11": {
                    "verse_nr": 11,
                    "verse": "vous aussi coop\u00e9rant par vos supplications pour nous, afin que, pour le don de gr\u00e2ce qui nous est accord\u00e9 par le moyen de plusieurs personnes, des actions de gr\u00e2ce soient rendues pour nous par plusieurs.\n"
                },
                "12": {
                    "verse_nr": 12,
                    "verse": "\u00b6 Car notre gloire est celle-ci, savoir le t\u00e9moignage de notre conscience, qu'avec simplicit\u00e9 et sinc\u00e9rit\u00e9 de Dieu, non pas avec une sagesse charnelle, mais par la gr\u00e2ce de Dieu, nous nous sommes conduits dans le monde et plus encore envers vous.\n"
                },
                "13": {
                    "verse_nr": 13,
                    "verse": "Car nous ne vous \u00e9crivons pas autre chose que ce que vous savez, et que vous reconnaissez, et que vous reconna\u00eetrez, je l'esp\u00e8re, jusqu'\u00e0 la fin,\n"
                },
                "14": {
                    "verse_nr": 14,
                    "verse": "comme aussi vous nous avez reconnus en partie, que nous sommes votre sujet de gloire, comme vous \u00eates aussi le n\u00f4tre dans la journ\u00e9e du Seigneur J\u00e9sus.\n"
                },
                "15": {
                    "verse_nr": 15,
                    "verse": "\u00b6 Et dans cette confiance j'avais voulu aller aupr\u00e8s de vous d'abord, afin que vous eussiez une seconde gr\u00e2ce,\n"
                },
                "16": {
                    "verse_nr": 16,
                    "verse": "et par chez vous passer en Mac\u00e9doine, et de Mac\u00e9doine de nouveau aller aupr\u00e8s de vous; et puis que vous me fissiez la conduite vers la Jud\u00e9e.\n"
                },
                "17": {
                    "verse_nr": 17,
                    "verse": "En me proposant donc cela, est-ce que j'aurais us\u00e9 de l\u00e9g\u00e8ret\u00e9? Ou les choses que je me propose, me les propos\u00e9-je selon la chair, en sorte qu'il y ait en moi le oui, oui, et le non, non?\n"
                },
                "18": {
                    "verse_nr": 18,
                    "verse": "Mais Dieu est fid\u00e8le, que notre parole que nous vous avons adress\u00e9e, n'est pas oui et non.\n"
                },
                "19": {
                    "verse_nr": 19,
                    "verse": "Car le Fils de Dieu, J\u00e9sus Christ, qui a \u00e9t\u00e9 pr\u00each\u00e9 par nous au milieu de vous, savoir par moi et par Silvain et par Timoth\u00e9e, n'a pas \u00e9t\u00e9 oui et non, mais il y a oui en lui;\n"
                },
                "20": {
                    "verse_nr": 20,
                    "verse": "car autant il y a de promesses de Dieu, en lui est le oui et en lui l'amen, \u00e0 la gloire de Dieu par nous.\n"
                },
                "21": {
                    "verse_nr": 21,
                    "verse": "Or celui qui nous lie fermement avec vous \u00e0 Christ et qui nous a oints, c'est Dieu,\n"
                },
                "22": {
                    "verse_nr": 22,
                    "verse": "qui aussi nous a scell\u00e9s, et nous a donn\u00e9 les arrhes de l'Esprit dans nos coeurs.\n"
                },
                "23": {
                    "verse_nr": 23,
                    "verse": "Or, moi, j'appelle Dieu \u00e0 t\u00e9moin sur mon \u00e2me, que \u00e7'a \u00e9t\u00e9 pour vous \u00e9pargner que je ne suis pas encore all\u00e9 \u00e0 Corinthe,\n"
                },
                "24": {
                    "verse_nr": 24,
                    "verse": "non que nous dominions sur votre foi, mais nous coop\u00e9rons \u00e0 votre joie: car c'est par la foi que vous \u00eates debout.\n"
                }
            }
        },
        "2": {
            "chapter_nr": 2,
            "chapter": {
                "1": {
                    "verse_nr": 1,
                    "verse": "\u00b6 Mais j'ai jug\u00e9 ceci en moi-m\u00eame, de ne pas retourner aupr\u00e8s de vous avec de la tristesse.\n"
                },
                "2": {
                    "verse_nr": 2,
                    "verse": "Car si moi je vous attriste, qui est-ce donc qui me r\u00e9jouit, sinon celui qui est attrist\u00e9 par moi?\n"
                },
                "3": {
                    "verse_nr": 3,
                    "verse": "Et j'ai \u00e9crit ceci m\u00eame, afin que, quand j'arriverai, je n'aie pas de tristesse de la part de ceux de qui je devais me r\u00e9jouir, ayant cette confiance \u00e0 l'\u00e9gard de vous tous, que ma joie est celle de vous tous;\n"
                },
                "4": {
                    "verse_nr": 4,
                    "verse": "car je vous ai \u00e9crit dans une grande affliction et avec serrement de coeur, avec beaucoup de larmes, non afin que vous fussiez attrist\u00e9s, mais afin que vous connussiez l'amour que j'ai si abondamment pour vous.\n"
                },
                "5": {
                    "verse_nr": 5,
                    "verse": "\u00b6 Mais si quelqu'un a caus\u00e9 de la tristesse, ce n'est pas moi qu'il a attrist\u00e9, mais, en quelque sorte (afin que je ne vous surcharge pas), c'est vous tous.\n"
                },
                "6": {
                    "verse_nr": 6,
                    "verse": "Il suffit, pour un tel homme, de cette punition qui lui a \u00e9t\u00e9 inflig\u00e9e par le grand nombre,\n"
                },
                "7": {
                    "verse_nr": 7,
                    "verse": "de sorte qu'au contraire vous devriez plut\u00f4t pardonner et consoler, de peur qu'un tel homme ne soit accabl\u00e9 par une tristesse excessive.\n"
                },
                "8": {
                    "verse_nr": 8,
                    "verse": "C'est pourquoi je vous exhorte \u00e0 ratifier envers lui votre amour.\n"
                },
                "9": {
                    "verse_nr": 9,
                    "verse": "Car c'est aussi pour cela que je vous ai \u00e9crit, afin que je connaisse, \u00e0 l'\u00e9preuve, si vous \u00eates ob\u00e9issants en toutes choses.\n"
                },
                "10": {
                    "verse_nr": 10,
                    "verse": "Or \u00e0 celui \u00e0 qui vous pardonnez quelque chose, moi aussi je pardonne; car moi aussi, ce que j'ai pardonn\u00e9, si j'ai pardonn\u00e9 quelque chose, je l'ai fait \u00e0 cause de vous dans la personne de Christ;\n"
                },
                "11": {
                    "verse_nr": 11,
                    "verse": "afin que nous ne soyons pas circonvenus par Satan, car nous n'ignorons pas ses desseins.\n"
                },
                "12": {
                    "verse_nr": 12,
                    "verse": "\u00b6 Or \u00e9tant arriv\u00e9 dans la Troade pour l'\u00e9vangile du Christ, et une porte m'y \u00e9tant ouverte dans le Seigneur,\n"
                },
                "13": {
                    "verse_nr": 13,
                    "verse": "je n'ai point eu de repos dans mon esprit, parce que je n'ai pas trouv\u00e9 Tite, mon fr\u00e8re; mais, ayant pris cong\u00e9 d'eux, je suis parti pour la Mac\u00e9doine.\n"
                },
                "14": {
                    "verse_nr": 14,
                    "verse": "Or gr\u00e2ces \u00e0 Dieu qui nous m\u00e8ne toujours en triomphe dans le Christ et manifeste par nous l'odeur de sa connaissance en tout lieu.\n"
                },
                "15": {
                    "verse_nr": 15,
                    "verse": "Car nous sommes la bonne odeur de Christ pour Dieu, \u00e0 l'\u00e9gard de ceux qui sont sauv\u00e9s et \u00e0 l'\u00e9gard de ceux qui p\u00e9rissent:\n"
                },
                "16": {
                    "verse_nr": 16,
                    "verse": "aux uns une odeur de mort pour la mort, et aux autres une odeur de vie pour la vie. Et qui est suffisant pour ces choses?\n"
                },
                "17": {
                    "verse_nr": 17,
                    "verse": "Car nous ne sommes pas comme plusieurs, qui frelatent la parole de Dieu; mais comme avec sinc\u00e9rit\u00e9, comme de la part de Dieu, devant Dieu, nous parlons en Christ.\n"
                }
            }
        },
        "3": {
            "chapter_nr": 3,
            "chapter": {
                "1": {
                    "verse_nr": 1,
                    "verse": "\u00b6 Commen\u00e7ons-nous de nouveau \u00e0 nous recommander nous-m\u00eames? Ou avons-nous besoin, comme quelques-uns, de lettres de recommandation pour vous ou de lettres de recommandation de votre part?\n"
                },
                "2": {
                    "verse_nr": 2,
                    "verse": "Vous \u00eates, vous, notre lettre, \u00e9crite dans nos coeurs, connue et lue de tous les hommes;\n"
                },
                "3": {
                    "verse_nr": 3,
                    "verse": "car vous \u00eates manifest\u00e9s comme \u00e9tant la lettre de Christ, dress\u00e9e par notre minist\u00e8re, \u00e9crite non avec de l'encre, mais par l'esprit du Dieu vivant, non sur des tables de pierre, mais sur les tables de chair du coeur.\n"
                },
                "4": {
                    "verse_nr": 4,
                    "verse": "Or nous avons une telle confiance par le Christ envers Dieu:\n"
                },
                "5": {
                    "verse_nr": 5,
                    "verse": "non que nous soyons capables par nous-m\u00eames de penser quelque chose comme de nous-m\u00eames, mais notre capacit\u00e9 vient de Dieu,\n"
                },
                "6": {
                    "verse_nr": 6,
                    "verse": "\u00b6 qui nous a rendus propres aussi pour \u00eatre des ministres de la nouvelle alliance, non de la lettre, mais de l'esprit, car la lettre tue, mais l'Esprit vivifie.\n"
                },
                "7": {
                    "verse_nr": 7,
                    "verse": "(Or si le minist\u00e8re de la mort, grav\u00e9 en lettres sur des pierres, a \u00e9t\u00e9 introduit avec gloire, de sorte que les fils d'Isra\u00ebl ne pouvaient arr\u00eater leurs yeux sur la face de Mo\u00efse, \u00e0 cause de la gloire de sa face, laquelle devait prendre fin,\n"
                },
                "8": {
                    "verse_nr": 8,
                    "verse": "combien plus le minist\u00e8re de l'Esprit ne subsistera-t-il pas en gloire!\n"
                },
                "9": {
                    "verse_nr": 9,
                    "verse": "Car si le minist\u00e8re de la condamnation a \u00e9t\u00e9 gloire, combien plus le minist\u00e8re de la justice abonde-t-il en gloire!\n"
                },
                "10": {
                    "verse_nr": 10,
                    "verse": "Car aussi ce qui a \u00e9t\u00e9 glorifi\u00e9 n'a pas \u00e9t\u00e9 glorifi\u00e9 sous ce rapport, \u00e0 cause de la gloire qui l'emporte de beaucoup.\n"
                },
                "11": {
                    "verse_nr": 11,
                    "verse": "Car si ce qui devait prendre fin a \u00e9t\u00e9 introduit avec gloire, bien plus ce qui demeure subsistera-t-il en gloire!\n"
                },
                "12": {
                    "verse_nr": 12,
                    "verse": "\u00b6 Ayant donc une telle esp\u00e9rance, nous usons d'une grande libert\u00e9;\n"
                },
                "13": {
                    "verse_nr": 13,
                    "verse": "et nous ne faisons pas comme Mo\u00efse qui mettait un voile sur sa face, pour que les fils d'Isra\u00ebl n'arr\u00eatassent pas leurs yeux sur la consommation de ce qui devait prendre fin.\n"
                },
                "14": {
                    "verse_nr": 14,
                    "verse": "Mais leurs entendements ont \u00e9t\u00e9s endurcis, car jusqu'\u00e0 aujourd'hui, dans la lecture de l'ancienne alliance, ce m\u00eame voile demeure sans \u00eatre lev\u00e9, lequel prend fin en Christ.\n"
                },
                "15": {
                    "verse_nr": 15,
                    "verse": "Mais jusqu'\u00e0 aujourd'hui, lorsque Mo\u00efse est lu, le voile demeure sur leur coeur;\n"
                },
                "16": {
                    "verse_nr": 16,
                    "verse": "mais quand il se tournera vers le Seigneur, le voile sera \u00f4t\u00e9.)\n"
                },
                "17": {
                    "verse_nr": 17,
                    "verse": "Or le Seigneur est l'esprit; mais l\u00e0 o\u00f9 est l'Esprit du Seigneur, il y a la libert\u00e9.\n"
                },
                "18": {
                    "verse_nr": 18,
                    "verse": "Or nous tous, contemplant \u00e0 face d\u00e9couverte la gloire de Seigneur, nous sommes transform\u00e9s en la m\u00eame image, de gloire en gloire, par le Seigneur en Esprit.\n"
                }
            }
        },
        "4": {
            "chapter_nr": 4,
            "chapter": {
                "1": {
                    "verse_nr": 1,
                    "verse": "\u00b6 C'est pourquoi, ayant ce minist\u00e8re comme ayant obtenu mis\u00e9ricorde, nous ne nous lassons point,\n"
                },
                "2": {
                    "verse_nr": 2,
                    "verse": "mais nous avons enti\u00e8rement renonc\u00e9 aux choses honteuses qui se font en secret, ne marchant point avec ruse et ne falsifiant point la parole de Dieu, mais, par la manifestation de la v\u00e9rit\u00e9, nous recommandant nous-m\u00eames \u00e0 toute conscience d'homme devant Dieu:\n"
                },
                "3": {
                    "verse_nr": 3,
                    "verse": "et si aussi notre \u00e9vangile est voil\u00e9, il est voil\u00e9 en ceux qui p\u00e9rissent,\n"
                },
                "4": {
                    "verse_nr": 4,
                    "verse": "en lesquels le dieu de ce si\u00e8cle a aveugl\u00e9 les pens\u00e9es des incr\u00e9dules, pour que la lumi\u00e8re de l'\u00e9vangile de la gloire du Christ qui est l'image de Dieu, ne resplend\u00eet pas pour eux.\n"
                },
                "5": {
                    "verse_nr": 5,
                    "verse": "Car nous ne nous pr\u00eachons pas nous-m\u00eames, mais nous pr\u00eachons le Christ J\u00e9sus comme Seigneur, et nous-m\u00eames comme vos esclaves pour l'amour de J\u00e9sus.\n"
                },
                "6": {
                    "verse_nr": 6,
                    "verse": "Car c'est le Dieu qui a dit que du sein des t\u00e9n\u00e8bres la lumi\u00e8re resplend\u00eet, qui a relui dans nos coeurs pour faire luire la connaissance de la gloire de Dieu dans la face de Christ.\n"
                },
                "7": {
                    "verse_nr": 7,
                    "verse": "Mais nous avons ce tr\u00e9sor dans des vases de terre, afin que l'excellence de la puissance soit de Dieu et non pas de nous:\n"
                },
                "8": {
                    "verse_nr": 8,
                    "verse": "\u00b6 \u00e9tant dans la tribulation de toute mani\u00e8re, mais non pas r\u00e9duits \u00e0 l'\u00e9troit; dans la perplexit\u00e9 mais non pas sans ressource;\n"
                },
                "9": {
                    "verse_nr": 9,
                    "verse": "pers\u00e9cut\u00e9s, mais non pas abandonn\u00e9s; abattus, mais ne p\u00e9rissant pas;\n"
                },
                "10": {
                    "verse_nr": 10,
                    "verse": "portant toujours partout dans le corps la mort de J\u00e9sus, afin que la vie aussi de J\u00e9sus soit manifest\u00e9e dans nos corps.\n"
                },
                "11": {
                    "verse_nr": 11,
                    "verse": "Car nous qui vivons, nous sommes toujours livr\u00e9s \u00e0 la mort pour l'amour de J\u00e9sus, afin que la vie aussi de J\u00e9sus soit manifest\u00e9e dans notre chair mortelle.\n"
                },
                "12": {
                    "verse_nr": 12,
                    "verse": "Ainsi donc la mort op\u00e8re en nous, mais la vie en vous.\n"
                },
                "13": {
                    "verse_nr": 13,
                    "verse": "Or, ayant le m\u00eame esprit de foi, selon ce qui est \u00e9crit: \"J'ai cru, c'est pourquoi j'ai parl\u00e9\", nous aussi nous croyons, c'est pourquoi aussi nous parlons:\n"
                },
                "14": {
                    "verse_nr": 14,
                    "verse": "sachant que celui qui a ressuscit\u00e9 le Seigneur J\u00e9sus, nous ressuscitera avec J\u00e9sus, et nous pr\u00e9sentera avec vous.\n"
                },
                "15": {
                    "verse_nr": 15,
                    "verse": "Car toutes choses sont pour vous, afin que la gr\u00e2ce, abondant par le moyen de plusieurs, multiplie les actions de gr\u00e2ces \u00e0 la gloire de Dieu.\n"
                },
                "16": {
                    "verse_nr": 16,
                    "verse": "C'est pourquoi nous ne nous lassons point; mais si m\u00eame notre homme ext\u00e9rieur d\u00e9p\u00e9rit, toutefois l'homme int\u00e9rieur est renouvel\u00e9 de jour en jour.\n"
                },
                "17": {
                    "verse_nr": 17,
                    "verse": "Car notre l\u00e9g\u00e8re tribulation d'un moment, op\u00e8re pour nous, en mesure surabondante, un poids \u00e9ternel de gloire,\n"
                },
                "18": {
                    "verse_nr": 18,
                    "verse": "nos regards n'\u00e9tant pas fix\u00e9s sur les choses qui se voient, mais sur celles qui ne se voient pas: car les choses qui se voient sont pour un temps, mais celles qui ne se voient pas sont \u00e9ternelles.\n"
                }
            }
        },
        "5": {
            "chapter_nr": 5,
            "chapter": {
                "1": {
                    "verse_nr": 1,
                    "verse": "\u00b6 Car nous savons que, si notre maison terrestre qui n'est qu'une tente, est d\u00e9truite, nous avons un \u00e9difice de la part de Dieu, une maison qui n'est pas faite de main, \u00e9ternelle, dans les cieux.\n"
                },
                "2": {
                    "verse_nr": 2,
                    "verse": "Car aussi, dans cette tente, nous g\u00e9missons, d\u00e9sirant avec ardeur d'avoir rev\u00eatu notre domicile qui est du ciel,\n"
                },
                "3": {
                    "verse_nr": 3,
                    "verse": "si toutefois, m\u00eame en \u00e9tant v\u00eatus, nous ne sommes pas trouv\u00e9s nus.\n"
                },
                "4": {
                    "verse_nr": 4,
                    "verse": "Car aussi nous qui sommes dans la tente, nous g\u00e9missons, \u00e9tant charg\u00e9s; non pas que nous d\u00e9sirions d'\u00eatre d\u00e9pouill\u00e9s, mais nous d\u00e9sirons d'\u00eatre rev\u00eatus, afin que ce qui est mortel soit absorb\u00e9 par la vie.\n"
                },
                "5": {
                    "verse_nr": 5,
                    "verse": "Or celui qui nous a form\u00e9s \u00e0 cela m\u00eame, c'est Dieu, qui nous a aussi donn\u00e9 les arrhes de l'Esprit.\n"
                },
                "6": {
                    "verse_nr": 6,
                    "verse": "Nous avons donc toujours confiance, et nous savons qu'\u00e9tant pr\u00e9sents dans le corps, nous sommes absents du Seigneur,\n"
                },
                "7": {
                    "verse_nr": 7,
                    "verse": "car nous marchons par la foi, non par la vue;\n"
                },
                "8": {
                    "verse_nr": 8,
                    "verse": "nous avons, dis-je, de la confiance, et nous aimons mieux \u00eatre absents du corps et pr\u00e9sents avec le Seigneur.\n"
                },
                "9": {
                    "verse_nr": 9,
                    "verse": "C'est pourquoi aussi, que nous soyons pr\u00e9sents ou que nous soyons absents, nous nous appliquons avec ardeur \u00e0 lui \u00eatre agr\u00e9ables;\n"
                },
                "10": {
                    "verse_nr": 10,
                    "verse": "car il faut que nous soyons tous manifest\u00e9s devant le tribunal du Christ, afin que chacun re\u00e7oive les choses accomplies dans le corps, selon ce qu'il aura fait, soit bien, soit mal.\n"
                },
                "11": {
                    "verse_nr": 11,
                    "verse": "Connaissant donc combien le Seigneur doit \u00eatre craint, nous persuadons les hommes, mais nous nous avons \u00e9t\u00e9 manifest\u00e9s \u00e0 Dieu, et j'esp\u00e8re aussi que nous avons \u00e9t\u00e9s manifest\u00e9s dans vos consciences.\n"
                },
                "12": {
                    "verse_nr": 12,
                    "verse": "\u00b6 Nous ne nous recommandons pas de nouveau \u00e0 vous, mais nous vous donnons occasion de vous glorifier de nous, afin que vous ayez de quoi r\u00e9pondre \u00e0 ceux qui se glorifient ext\u00e9rieurement et non pas du coeur.\n"
                },
                "13": {
                    "verse_nr": 13,
                    "verse": "Car si nous sommes hors de nous-m\u00eames, c'est pour Dieu; si nous sommes de sens rassis, c'est pour vous.\n"
                },
                "14": {
                    "verse_nr": 14,
                    "verse": "Car l'amour du Christ nous \u00e9treint, en ce que nous avons jug\u00e9 ceci, que si un est mort pour tous, tous donc sont morts,\n"
                },
                "15": {
                    "verse_nr": 15,
                    "verse": "et qu'il est mort pour tous, afin que ceux qui vivent ne vivent plus pour eux-m\u00eames, mais pour celui qui pour eux est mort et a \u00e9t\u00e9 ressuscit\u00e9.\n"
                },
                "16": {
                    "verse_nr": 16,
                    "verse": "\u00b6 En sorte que nous, d\u00e9sormais, nous ne connaissons personne selon la chair; et, si m\u00eame nous avons connu Christ selon la chair, toutefois maintenant nous ne le connaissons plus ainsi.\n"
                },
                "17": {
                    "verse_nr": 17,
                    "verse": "En sorte que si quelqu'un est en Christ, c'est une nouvelle cr\u00e9ation: les choses vieilles sont pass\u00e9es; voici, toutes choses sont faites nouvelles;\n"
                },
                "18": {
                    "verse_nr": 18,
                    "verse": "et toutes sont du Dieu qui nous a r\u00e9concili\u00e9s avec lui-m\u00eame par Christ, et qui nous a donn\u00e9 le service de la r\u00e9conciliation,\n"
                },
                "19": {
                    "verse_nr": 19,
                    "verse": "savoir, que Dieu \u00e9tait en Christ, r\u00e9conciliant le monde avec lui-m\u00eame, ne leur imputant pas leurs fautes et mettant en nous la parole de la r\u00e9conciliation.\n"
                },
                "20": {
                    "verse_nr": 20,
                    "verse": "Nous sommes donc ambassadeurs pour Christ, -Dieu, pour ainsi dire, exhortant par notre moyen; nous supplions pour Christ: Soyez r\u00e9concili\u00e9s avec Dieu!\n"
                },
                "21": {
                    "verse_nr": 21,
                    "verse": "Celui qui n'a pas connu le p\u00e9ch\u00e9, il l'a fait p\u00e9ch\u00e9 pour nous, afin que nous devinssions justice de Dieu en lui.\n"
                }
            }
        },
        "6": {
            "chapter_nr": 6,
            "chapter": {
                "1": {
                    "verse_nr": 1,
                    "verse": "\u00b6 Or, travaillant \u00e0 cette m\u00eame oeuvre, nous aussi, nous exhortons \u00e0 ce que vous n'ayez pas re\u00e7u la gr\u00e2ce de Dieu en vain;\n"
                },
                "2": {
                    "verse_nr": 2,
                    "verse": "(car il dit: \"Au temps agr\u00e9\u00e9 je t'ai exauc\u00e9, et en un jour de salut je t'ai secouru\". Voici, c'est maintenant le temps agr\u00e9able; voici, c'est maintenant le jour du salut)\n"
                },
                "3": {
                    "verse_nr": 3,
                    "verse": "-ne donnant aucun scandale en rien, afin que le service ne soit pas bl\u00e2m\u00e9,\n"
                },
                "4": {
                    "verse_nr": 4,
                    "verse": "en toutes choses nous recommandant comme serviteurs de Dieu, par une grande patience, dans les tribulations, dans les n\u00e9cessit\u00e9s, dans les d\u00e9tresses,\n"
                },
                "5": {
                    "verse_nr": 5,
                    "verse": "les coups, dans les prisons, dans les troubles, dans les travaux, dans les veilles, dans les je\u00fbnes,\n"
                },
                "6": {
                    "verse_nr": 6,
                    "verse": "par la puret\u00e9, par la connaissance, par la longanimit\u00e9, par la bont\u00e9, par l'Esprit Saint, par un amour sans hypocrisie,\n"
                },
                "7": {
                    "verse_nr": 7,
                    "verse": "par la parole de la v\u00e9rit\u00e9, par la puissance de Dieu, par les armes de justice de la main droite et de la main gauche,\n"
                },
                "8": {
                    "verse_nr": 8,
                    "verse": "dans la gloire et dans l'ignominie, dans la mauvaise et dans la bonne renomm\u00e9e; comme s\u00e9ducteurs, et v\u00e9ritables;\n"
                },
                "9": {
                    "verse_nr": 9,
                    "verse": "comme inconnus, et bien connus; comme mourants, et voici, nous vivons; comme ch\u00e2ti\u00e9s, et non mis \u00e0 mort;\n"
                },
                "10": {
                    "verse_nr": 10,
                    "verse": "comme attrist\u00e9s, mais toujours joyeux; comme pauvres, mais enrichissant plusieurs; comme n'ayant rien, et poss\u00e9dant toutes choses.\n"
                },
                "11": {
                    "verse_nr": 11,
                    "verse": "\u00b6 Notre bouche est ouverte pour vous, \u00f4 Corinthiens! notre coeur s'est \u00e9largi:\n"
                },
                "12": {
                    "verse_nr": 12,
                    "verse": "vous n'\u00eates pas \u00e0 l'\u00e9troit en nous, mais vous \u00eates \u00e0 l'\u00e9troit dans vos entrailles;\n"
                },
                "13": {
                    "verse_nr": 13,
                    "verse": "et, en juste r\u00e9compense, (je vous parle comme \u00e0 mes enfants,) \u00e9largissez-vous, vous aussi.\n"
                },
                "14": {
                    "verse_nr": 14,
                    "verse": "Ne vous mettez pas sous un joug mal assorti avec les incr\u00e9dules; car quelle participation y a-t-il entre la justice et l'iniquit\u00e9? ou quelle communion entre la lumi\u00e8re et les t\u00e9n\u00e8bres?\n"
                },
                "15": {
                    "verse_nr": 15,
                    "verse": "et quel accord de Christ avec B\u00e9liar? ou quelle part a le croyant avec l'incr\u00e9dule?\n"
                },
                "16": {
                    "verse_nr": 16,
                    "verse": "et quelle convenance y a-t-il entre le temple de Dieu et les idoles? Car vous \u00eates le temple du Dieu vivant, selon ce que Dieu a dit: \"J'habiterai au milieu d'eux, et j'y marcherai, et je serai leur Dieu, et eux seront mon peuple\".\n"
                },
                "17": {
                    "verse_nr": 17,
                    "verse": "\"C'est pourquoi sortez du milieu d'eux, et soyez s\u00e9par\u00e9s, dit le *Seigneur, et ne touchez pas \u00e0 ce qui est impur, et moi, je vous recevrai\";\n"
                },
                "18": {
                    "verse_nr": 18,
                    "verse": "\"et je vous serai pour p\u00e8re, et vous, vous me serez pour fils et pour filles, dit le *Seigneur, le Tout-puissant.\"\n"
                }
            }
        },
        "7": {
            "chapter_nr": 7,
            "chapter": {
                "1": {
                    "verse_nr": 1,
                    "verse": "\u00b6 Ayant donc ces promesses, bien-aim\u00e9s, Purifions-nous nous-m\u00eames de toute souillure de chair et d'esprit, achevant la saintet\u00e9 dans la crainte de Dieu.\n"
                },
                "2": {
                    "verse_nr": 2,
                    "verse": "Recevez-nous: nous n'avons fait tort \u00e0 personne, nous n'avons ruin\u00e9 personne, nous ne nous sommes enrichis aux d\u00e9pens de personne.\n"
                },
                "3": {
                    "verse_nr": 3,
                    "verse": "Je ne dis pas ceci pour vous condamner, car j'ai d\u00e9j\u00e0 dit que vous \u00eates dans nos coeurs \u00e0 mourir ensemble et \u00e0 vivre ensemble.\n"
                },
                "4": {
                    "verse_nr": 4,
                    "verse": "Ma franchise est grande envers vous, je me glorifie grandement de vous; je suis rempli de consolation; ma joie surabonde au milieu de toute notre affliction.\n"
                },
                "5": {
                    "verse_nr": 5,
                    "verse": "\u00b6 Car aussi, lorsque nous arriv\u00e2mes en Mac\u00e9doine, notre chair n'eut aucun repos, mais nous f\u00fbmes afflig\u00e9s en toute mani\u00e8re: au dehors, des combats; au dedans, des craintes.\n"
                },
                "6": {
                    "verse_nr": 6,
                    "verse": "Mais celui qui console ceux qui sont abaiss\u00e9s, Dieu, nous a consol\u00e9s par la venue de Tite,\n"
                },
                "7": {
                    "verse_nr": 7,
                    "verse": "et non seulement par sa venue, mais aussi par la consolation dont il a \u00e9t\u00e9 rempli \u00e0 votre sujet, en nous racontant votre grand d\u00e9sir, vos larmes, votre affection ardente envers moi, de sorte que je me suis d'autant plus r\u00e9joui.\n"
                },
                "8": {
                    "verse_nr": 8,
                    "verse": "Car si aussi je vous ai attrist\u00e9s par ma lettre, je n'en ai pas de regret, si m\u00eame j'en ai eu du regret (car je vois que cette lettre vous a attrist\u00e9s, lors m\u00eame que ce n'a \u00e9t\u00e9 que pour un temps).\n"
                },
                "9": {
                    "verse_nr": 9,
                    "verse": "Maintenant je me r\u00e9jouis, non de ce que vous avez \u00e9t\u00e9s attrist\u00e9s, mais de ce que vous avez \u00e9t\u00e9 attrist\u00e9s \u00e0 repentance; car vous avez \u00e9t\u00e9 attrist\u00e9s selon Dieu, afin qu'en rien vous ne receviez de pr\u00e9judice de notre part.\n"
                },
                "10": {
                    "verse_nr": 10,
                    "verse": "Car la tristesse qui est selon Dieu op\u00e8re une repentance \u00e0 salut dont on n'a pas de regret, mais la tristesse du monde op\u00e8re la mort.\n"
                },
                "11": {
                    "verse_nr": 11,
                    "verse": "Car voici, ce fait m\u00eame que vous avez \u00e9t\u00e9 attrist\u00e9s selon Dieu, quel empressement il a produit en vous, mais quelles excuses, mais quelle indignation, mais quelle crainte, mais quel ardent d\u00e9sir, mais quel z\u00e8le, mais quelle vengeance: A tous \u00e9gards, vous avez montr\u00e9 que vous \u00eates purs dans l'affaire.\n"
                },
                "12": {
                    "verse_nr": 12,
                    "verse": "\u00b6 Ainsi, si m\u00eame je vous ai \u00e9crit, ce n'a point \u00e9t\u00e9 \u00e0 cause de celui qui a fait le tort ni \u00e0 cause de celui \u00e0 qui on a fait tort, mais afin que le z\u00e8le que nous avons pour vous, vous f\u00fbt manifest\u00e9 devant Dieu.\n"
                },
                "13": {
                    "verse_nr": 13,
                    "verse": "C'est pourquoi nous avons \u00e9t\u00e9 consol\u00e9s. Et nous nous sommes r\u00e9jouis d'autant plus abondamment, dans notre consolation, de la joie de Tite, parce que son esprit a \u00e9t\u00e9 r\u00e9cr\u00e9\u00e9 par vous tous.\n"
                },
                "14": {
                    "verse_nr": 14,
                    "verse": "Parce que, si en quelque chose je me suis glorifi\u00e9 de vous aupr\u00e8s de lui, je n'en ai pas \u00e9t\u00e9 confus; mais comme nous vous avons dit toutes choses selon la v\u00e9rit\u00e9, ainsi aussi ce dont nous nous \u00e9tions glorifi\u00e9s aupr\u00e8s de Tite s'est trouv\u00e9 vrai,\n"
                },
                "15": {
                    "verse_nr": 15,
                    "verse": "et son affection se porte plus abondamment sur vous, quand il se souvient de l'ob\u00e9issance de vous tous, comment vous l'avez re\u00e7u avec crainte et tremblement.\n"
                },
                "16": {
                    "verse_nr": 16,
                    "verse": "Je me r\u00e9jouis de ce qu'en toutes choses j'ai de la confiance \u00e0 votre \u00e9gard.\n"
                }
            }
        },
        "8": {
            "chapter_nr": 8,
            "chapter": {
                "1": {
                    "verse_nr": 1,
                    "verse": "\u00b6 Or nous vous faisons conna\u00eetre, fr\u00e8res, la gr\u00e2ce de Dieu donn\u00e9e aux saints dans les assembl\u00e9es de la Mac\u00e9doine:\n"
                },
                "2": {
                    "verse_nr": 2,
                    "verse": "c'est que, dans une grande \u00e9preuve de tribulation, l'abondance de leur joie et leur profonde pauvret\u00e9 ont abond\u00e9 dans la richesse de leur lib\u00e9ralit\u00e9.\n"
                },
                "3": {
                    "verse_nr": 3,
                    "verse": "Car selon leur pouvoir (j'en rends t\u00e9moignage), et au del\u00e0 de leur pouvoir, ils ont agi spontan\u00e9ment,\n"
                },
                "4": {
                    "verse_nr": 4,
                    "verse": "nous demandant avec de grandes instances la gr\u00e2ce et la communion de ce service envers les saints;\n"
                },
                "5": {
                    "verse_nr": 5,
                    "verse": "et non seulement comme nous l'avions esp\u00e9r\u00e9, mais ils se sont donn\u00e9s premi\u00e8rement eux-m\u00eames au Seigneur, et puis \u00e0 nous, par la volont\u00e9 de Dieu;\n"
                },
                "6": {
                    "verse_nr": 6,
                    "verse": "de sorte que nous avons exhort\u00e9 Tite, afin que, comme il l'avait auparavant commenc\u00e9e, ainsi aussi il achev\u00e2t \u00e0 votre \u00e9gard cette gr\u00e2ce aussi.\n"
                },
                "7": {
                    "verse_nr": 7,
                    "verse": "\u00b6 Mais comme vous abondez en toutes choses: en foi, et en parole, et en connaissance, et en toute diligence, et dans votre amour envers nous, -que vous abondiez aussi dans cette gr\u00e2ce.\n"
                },
                "8": {
                    "verse_nr": 8,
                    "verse": "Je ne parle pas comme donnant un commandement, mais \u00e0 cause de la diligence d'autres personnes, et pour mettre \u00e0 l'\u00e9preuve la sinc\u00e9rit\u00e9 de votre amour.\n"
                },
                "9": {
                    "verse_nr": 9,
                    "verse": "Car vous connaissez la gr\u00e2ce de notre Seigneur J\u00e9sus Christ, comment, \u00e9tant riche, il a v\u00e9cu dans la pauvret\u00e9 pour vous, afin que par sa pauvret\u00e9 vous fussiez enrichis.\n"
                },
                "10": {
                    "verse_nr": 10,
                    "verse": "Et en cela je vous donne un avis, car cela vous est profitable, \u00e0 vous qui avez d\u00e9j\u00e0 commenc\u00e9 d\u00e8s l'ann\u00e9e pass\u00e9e, non seulement de faire, mais aussi de vouloir.\n"
                },
                "11": {
                    "verse_nr": 11,
                    "verse": "Or maintenant, achevez aussi de faire, de sorte que, comme vous avez \u00e9t\u00e9 prompts \u00e0 vouloir, ainsi aussi vous soyez prompts \u00e0 achever en prenant sur ce que vous avez;\n"
                },
                "12": {
                    "verse_nr": 12,
                    "verse": "car si la promptitude \u00e0 donner existe, elle est agr\u00e9able selon ce qu'on a, non selon ce qu'on n'a pas;\n"
                },
                "13": {
                    "verse_nr": 13,
                    "verse": "car ce n'est pas afin que d'autres soient \u00e0 leur aise et que vous, vous soyez opprim\u00e9s, mais sur un principe d'\u00e9galit\u00e9: que dans le temps pr\u00e9sent votre abondance suppl\u00e9e \u00e0 leurs besoins,\n"
                },
                "14": {
                    "verse_nr": 14,
                    "verse": "afin qu'aussi leur abondance suppl\u00e9e \u00e0 vos besoins, de sorte qu'il y ait \u00e9galit\u00e9,\n"
                },
                "15": {
                    "verse_nr": 15,
                    "verse": "qu'il est \u00e9crit: \"Celui qui recueillait beaucoup n'avait pas plus, et celui qui recueillait peu n'avait pas moins\".\n"
                },
                "16": {
                    "verse_nr": 16,
                    "verse": "\u00b6 Or gr\u00e2ces \u00e0 Dieu qui met le m\u00eame z\u00e8le pour vous dans le coeur de Tite;\n"
                },
                "17": {
                    "verse_nr": 17,
                    "verse": "car il a re\u00e7u l'exhortation; mais, \u00e9tant tr\u00e8s-z\u00e9l\u00e9, il est all\u00e9 spontan\u00e9ment aupr\u00e8s de vous.\n"
                },
                "18": {
                    "verse_nr": 18,
                    "verse": "Et nous avons envoy\u00e9 avec lui le fr\u00e8re dont la louange dans l'\u00e9vangile est r\u00e9pandue dans toutes les assembl\u00e9es\n"
                },
                "19": {
                    "verse_nr": 19,
                    "verse": "(et non seulement cela, mais aussi il a \u00e9t\u00e9 choisi par les assembl\u00e9es pour notre compagnon de voyage, avec cette gr\u00e2ce qui est administr\u00e9e par nous \u00e0 la gloire du Seigneur lui-m\u00eame, et pour montrer notre empressement);\n"
                },
                "20": {
                    "verse_nr": 20,
                    "verse": "\u00e9vitant que personne ne nous bl\u00e2me dans cette abondance qui est administr\u00e9e par nous;\n"
                },
                "21": {
                    "verse_nr": 21,
                    "verse": "car nous veillons \u00e0 ce qui est honn\u00eate, non seulement devant le Seigneur, mais aussi devant les hommes.\n"
                },
                "22": {
                    "verse_nr": 22,
                    "verse": "Et nous avons envoy\u00e9 avec eux notre fr\u00e8re, du z\u00e8le duquel, en plusieurs choses, nous avons souvent fait l'\u00e9preuve, et qui maintenant est beaucoup plus z\u00e9l\u00e9 \u00e0 cause de la grande confiance qu'il a en vous.\n"
                },
                "23": {
                    "verse_nr": 23,
                    "verse": "Quant \u00e0 Tite, il est mon associ\u00e9 et mon compagnon d'oeuvre aupr\u00e8s de vous; quant \u00e0 nos fr\u00e8res, ils sont les envoy\u00e9s des assembl\u00e9es, la gloire de Christ.\n"
                },
                "24": {
                    "verse_nr": 24,
                    "verse": "Montrez donc envers eux, devant les assembl\u00e9es, la preuve de votre amour et du sujet que nous avons eu de nous glorifier de vous.\n"
                }
            }
        },
        "9": {
            "chapter_nr": 9,
            "chapter": {
                "1": {
                    "verse_nr": 1,
                    "verse": "\u00b6 Car pour ce qui est du service envers les saints, il est superflu que je vous en \u00e9crive;\n"
                },
                "2": {
                    "verse_nr": 2,
                    "verse": "car je connais votre promptitude, au sujet de laquelle je me glorifie de vous aupr\u00e8s des Mac\u00e9doniens, leur disant que l'Acha\u00efe est pr\u00eate d\u00e8s l'ann\u00e9e pass\u00e9e; et le z\u00e8le de chez vous a excit\u00e9 la g\u00e9n\u00e9ralit\u00e9 des fr\u00e8res;\n"
                },
                "3": {
                    "verse_nr": 3,
                    "verse": "mais j'ai envoy\u00e9 les fr\u00e8res, afin que ce en quoi nous nous sommes glorifi\u00e9s de vous ne soit pas mis \u00e0 n\u00e9ant \u00e0 cet \u00e9gard, afin que, comme je l'ai dit, vous soyez pr\u00eats,\n"
                },
                "4": {
                    "verse_nr": 4,
                    "verse": "de peur que si des Mac\u00e9doniens venaient avec moi et ne vous trouvaient pas pr\u00eats, nous (pour ne pas dire vous), nous ne fussions confus de cette assurance.\n"
                },
                "5": {
                    "verse_nr": 5,
                    "verse": "J'ai donc estim\u00e9 n\u00e9cessaire de prier les fr\u00e8res d'aller au pr\u00e9alable vers vous, et de compl\u00e9ter d'avance votre lib\u00e9ralit\u00e9, annonc\u00e9e d'avance, annonc\u00e9e d'avance, afin quelle soit ainsi pr\u00eate comme une lib\u00e9ralit\u00e9 et non comme une chose extorqu\u00e9e.\n"
                },
                "6": {
                    "verse_nr": 6,
                    "verse": "\u00b6 Or je dis ceci: Celui qui s\u00e8me chichement moissonnera aussi chichement, et celui qui s\u00e8me lib\u00e9ralement moissonnera aussi lib\u00e9ralement.\n"
                },
                "7": {
                    "verse_nr": 7,
                    "verse": "Que chacun fasse selon qu'il se l'est propos\u00e9 dans son coeur, non \u00e0 regret, ou par contrainte, car Dieu aime celui qui donne joyeusement.\n"
                },
                "8": {
                    "verse_nr": 8,
                    "verse": "Mais Dieu est puissant pour faire abonder toute gr\u00e2ce envers vous, afin qu'ayant toujours en toutes choses tout ce qui suffit, vous abondiez pour toute bonne oeuvre,\n"
                },
                "9": {
                    "verse_nr": 9,
                    "verse": "selon qu'il est \u00e9crit: \"Il a r\u00e9pandu, il a donn\u00e9 aux pauvres, sa justice demeure \u00e9ternellement\".\n"
                },
                "10": {
                    "verse_nr": 10,
                    "verse": "Or celui qui fournit de la semence au semeur et du pain \u00e0 manger, fournira et multipliera votre semence, et augmentera les fruits de votre justice,\n"
                },
                "11": {
                    "verse_nr": 11,
                    "verse": "\u00e9tant de toute mani\u00e8re enrichis pour une enti\u00e8re lib\u00e9ralit\u00e9, qui produit par nous des actions de gr\u00e2ces \u00e0 Dieu.\n"
                },
                "12": {
                    "verse_nr": 12,
                    "verse": "Parce que l'administration de cette charge, non seulement comble les besoins des saints, mais aussi abonde par beaucoup d'actions de gr\u00e2ces rendues \u00e0 Dieu;\n"
                },
                "13": {
                    "verse_nr": 13,
                    "verse": "puisque, par l'exp\u00e9rience qu'ils font de ce service, ils glorifient Dieu pour la soumission dont vous faites profession \u00e0 l'\u00e9gard de l'\u00e9vangile du Christ, et pour la lib\u00e9ralit\u00e9 de vos dons envers eux et envers tous,\n"
                },
                "14": {
                    "verse_nr": 14,
                    "verse": "et par les supplications qu'ils font pour vous, \u00e9tant anim\u00e9s d'une ardente affection envers vous, \u00e0 cause de la surabondante gr\u00e2ce de Dieu qui repose sur vous.\n"
                },
                "15": {
                    "verse_nr": 15,
                    "verse": "Gr\u00e2ces \u00e0 Dieu pour son don inexprimable!\n"
                }
            }
        },
        "10": {
            "chapter_nr": 10,
            "chapter": {
                "1": {
                    "verse_nr": 1,
                    "verse": "\u00b6 Or moi-m\u00eame, Paul, je vous exhorte par la douceur et la d\u00e9bonnairet\u00e9 du Christ, moi qui, pr\u00e9sent, quant \u00e0 l'apparence suis ch\u00e9tif au milieu de vous, mais qui, absent, use de hardiesse envers vous...;\n"
                },
                "2": {
                    "verse_nr": 2,
                    "verse": "mais je vous supplie que, lorsque je serai pr\u00e9sent, je n'use pas de hardiesse avec cette assurance avec laquelle je pense que je prendrai sur moi d'agir envers quelques-uns qui pensent que nous marchons selon la chair.\n"
                },
                "3": {
                    "verse_nr": 3,
                    "verse": "Car, en marchant dans la chair, nous ne combattons pas selon la chair;\n"
                },
                "4": {
                    "verse_nr": 4,
                    "verse": "car les armes de notre guerre ne sont pas charnelles, mais puissantes par Dieu pour la destruction des forteresses,\n"
                },
                "5": {
                    "verse_nr": 5,
                    "verse": "d\u00e9truisant les raisonnements et toute hauteur qui s'\u00e9l\u00e8ve contre la connaissance de Dieu, et amenant toute pens\u00e9e captive \u00e0 l'ob\u00e9issance du Christ,\n"
                },
                "6": {
                    "verse_nr": 6,
                    "verse": "\u00e9tant pr\u00eats \u00e0 tirer vengeance de toute d\u00e9sob\u00e9issance, apr\u00e8s que votre ob\u00e9issance aura \u00e9t\u00e9 rendue compl\u00e8te.\n"
                },
                "7": {
                    "verse_nr": 7,
                    "verse": "\u00b6 Consid\u00e9rez-vous les choses selon l'apparence? Si quelqu'un a la confiance en lui-m\u00eame d'\u00eatre \u00e0 Christ, qu'il pense encore ceci en lui-m\u00eame, que, comme lui-m\u00eame est \u00e0 Christ, ainsi nous aussi nous sommes \u00e0 Christ.\n"
                },
                "8": {
                    "verse_nr": 8,
                    "verse": "Car si m\u00eame je me glorifiais un peu plus de notre autorit\u00e9 que le Seigneur nous a donn\u00e9e pour l'\u00e9dification et non pas pour votre destruction, je ne serais pas confus;\n"
                },
                "9": {
                    "verse_nr": 9,
                    "verse": "-afin que je ne paraisse pas comme si je vous effrayais par mes lettres.\n"
                },
                "10": {
                    "verse_nr": 10,
                    "verse": "Car ses lettres, dit-on, sont graves et fortes, mais sa pr\u00e9sence personnelle est faible et sa parole m\u00e9prisable.\n"
                },
                "11": {
                    "verse_nr": 11,
                    "verse": "Qu'un tel homme estime que, tels que nous sommes en parole par nos lettres, \u00e9tant absents, tels aussi nous sommes de fait, \u00e9tant pr\u00e9sents.\n"
                },
                "12": {
                    "verse_nr": 12,
                    "verse": "\u00b6 Car nous n'osons pas nous ranger parmi quelques-uns qui se recommandent eux-m\u00eames, ou nous comparer \u00e0 eux, mais eux, se mesurant eux-m\u00eames par eux-m\u00eames, et se comparant eux-m\u00eames \u00e0 eux-m\u00eames, ne sont pas intelligents;\n"
                },
                "13": {
                    "verse_nr": 13,
                    "verse": "mais nous, nous ne nous glorifierons pas dans ce qui est au del\u00e0 de notre mesure, mais selon la mesure de la r\u00e8gle que le Dieu de mesure nous a d\u00e9partie pour parvenir aussi jusqu'\u00e0 vous.\n"
                },
                "14": {
                    "verse_nr": 14,
                    "verse": "Car nous ne nous \u00e9tendons pas nous-m\u00eames plus qu'il ne faut, comme si nous ne parvenions pas jusqu'\u00e0 vous, (car nous sommes arriv\u00e9s m\u00eame jusqu'\u00e0 vous dans la pr\u00e9dication de l'\u00e9vangile du Christ,)\n"
                },
                "15": {
                    "verse_nr": 15,
                    "verse": "ne nous glorifiant pas dans ce qui est au del\u00e0 de notre mesure, dans les travaux d'autrui, mais ayant esp\u00e9rance, votre foi s'accroissant, d'\u00eatre abondamment agrandis au milieu de vous, selon notre r\u00e8gle,\n"
                },
                "16": {
                    "verse_nr": 16,
                    "verse": "pour \u00e9vang\u00e9liser dans les lieux qui sont au del\u00e0 de vous, non pas pour nous glorifier dans la r\u00e8gle d'autrui, des choses d\u00e9j\u00e0 toutes pr\u00e9par\u00e9es.\n"
                },
                "17": {
                    "verse_nr": 17,
                    "verse": "Mais que celui qui se glorifie, se glorifie dans le Seigneur;\n"
                },
                "18": {
                    "verse_nr": 18,
                    "verse": "car ce n'est pas celui qui se recommande lui-m\u00eame qui est approuv\u00e9, mais celui que le Seigneur recommande.\n"
                }
            }
        },
        "11": {
            "chapter_nr": 11,
            "chapter": {
                "1": {
                    "verse_nr": 1,
                    "verse": "\u00b6 Je voudrais que vous supportassiez un peu ma folie! Mais aussi supportez-moi.\n"
                },
                "2": {
                    "verse_nr": 2,
                    "verse": "Car je suis jaloux \u00e0 votre \u00e9gard d'une jalousie de Dieu; car je vous ai fianc\u00e9s \u00e0 un seul mari, pour vous pr\u00e9senter au Christ comme une vierge chaste.\n"
                },
                "3": {
                    "verse_nr": 3,
                    "verse": "Mais je crains que, en quelque mani\u00e8re, comme le serpent s\u00e9duisit Eve par sa ruse, ainsi vos pens\u00e9es ne soient corrompues et d\u00e9tourn\u00e9es de la simplicit\u00e9 quant au Christ.\n"
                },
                "4": {
                    "verse_nr": 4,
                    "verse": "Car si celui qui vient pr\u00eache un autre J\u00e9sus que nous n'avons pas pr\u00each\u00e9, ou que vous receviez un esprit diff\u00e9rent que vous n'avez pas re\u00e7u, ou un \u00e9vangile diff\u00e9rent que vous n'avez pas re\u00e7u, vous pourriez bien le supporter.\n"
                },
                "5": {
                    "verse_nr": 5,
                    "verse": "\u00b6 Car j'estime que je n'ai \u00e9t\u00e9 en rien moindre que les plus excellents ap\u00f4tres.\n"
                },
                "6": {
                    "verse_nr": 6,
                    "verse": "Et si m\u00eame je suis un homme simple quant au langage, je ne le suis pourtant pas quant \u00e0 la connaissance; mais nous avons \u00e9t\u00e9 manifest\u00e9s de toute mani\u00e8re, en toutes choses, envers vous.\n"
                },
                "7": {
                    "verse_nr": 7,
                    "verse": "Ai-je commis une faute en m'abaissant moi-m\u00eame, afin que vous fussiez \u00e9lev\u00e9s, parce que je vous ai annonc\u00e9 gratuitement l'\u00e9vangile de Dieu?\n"
                },
                "8": {
                    "verse_nr": 8,
                    "verse": "J'ai d\u00e9pouill\u00e9 d'autres assembl\u00e9es en recevant un salaire pour vous servir. Et me trouvant aupr\u00e8s de vous et dans le besoin, je n'ai \u00e9t\u00e9 \u00e0 charge \u00e0 personne;\n"
                },
                "9": {
                    "verse_nr": 9,
                    "verse": "(car les fr\u00e8res venus de Mac\u00e9doine ont suppl\u00e9\u00e9 \u00e0 mes besoins;) et je me suis gard\u00e9 de vous \u00eatre \u00e0 charge en quoi que ce soit, et je m'en garderai.\n"
                },
                "10": {
                    "verse_nr": 10,
                    "verse": "Comme la v\u00e9rit\u00e9 de Christ est en moi, cette gloire ne me sera pas interdite dans les contr\u00e9es de l'Acha\u00efe.\n"
                },
                "11": {
                    "verse_nr": 11,
                    "verse": "Pourquoi? Est-ce parce que je ne vous aime pas? Dieu le sait.\n"
                },
                "12": {
                    "verse_nr": 12,
                    "verse": "Mais ce que je fais, je le ferai encore, pour retrancher l'occasion \u00e0 ceux qui veulent une occasion, afin qu'en ce de quoi ils se glorifient, ils soient trouv\u00e9s aussi tels que nous.\n"
                },
                "13": {
                    "verse_nr": 13,
                    "verse": "Car de tels hommes sont de faux ap\u00f4tres, des ouvriers trompeurs, se transformant en ap\u00f4tres de Christ;\n"
                },
                "14": {
                    "verse_nr": 14,
                    "verse": "et ce n'est pas \u00e9tonnant, car Satan lui-m\u00eame se transforme en ange de lumi\u00e8re:\n"
                },
                "15": {
                    "verse_nr": 15,
                    "verse": "ce n'est donc pas chose \u00e9trange si ses ministres aussi se transforment en ministres de justice, desquels la fin sera selon leurs oeuvres.\n"
                },
                "16": {
                    "verse_nr": 16,
                    "verse": "\u00b6 Je le dis encore: que personne ne me tienne pour un insens\u00e9; ou bien, s'il en est autrement, recevez-moi, m\u00eame comme un insens\u00e9, afin que moi aussi je me glorifie un peu.\n"
                },
                "17": {
                    "verse_nr": 17,
                    "verse": "Ce que je dis, je ne le dis pas selon le Seigneur, mais comme un insens\u00e9, dans cette assurance dont j'use en me glorifiant.\n"
                },
                "18": {
                    "verse_nr": 18,
                    "verse": "Puisque plusieurs se glorifient selon la chair, moi aussi je me glorifierai.\n"
                },
                "19": {
                    "verse_nr": 19,
                    "verse": "Car vous supportez volontiers les insens\u00e9s, \u00e9tant sages vous-m\u00eames.\n"
                },
                "20": {
                    "verse_nr": 20,
                    "verse": "Car si quelqu'un vous asservit, si quelqu'un vous d\u00e9vore, si quelqu'un prend votre bien, si quelqu'un s'\u00e9l\u00e8ve, si quelqu'un vous frappe au visage, vous le supportez.\n"
                },
                "21": {
                    "verse_nr": 21,
                    "verse": "Je le dis pour ce qui regarde le d\u00e9shonneur, comme si nous, nous avions \u00e9t\u00e9 faibles; mais dans ce en quoi quelqu'un pourrait \u00eatre os\u00e9 (je parle en insens\u00e9), moi aussi je suis os\u00e9.\n"
                },
                "22": {
                    "verse_nr": 22,
                    "verse": "\u00b6 Sont-ils H\u00e9breux? -moi aussi. Sont-ils Isra\u00e9lites? -moi aussi. Sont-ils la semence d'Abraham? -moi aussi.\n"
                },
                "23": {
                    "verse_nr": 23,
                    "verse": "Sont-ils ministres de Christ? (je parle comme un homme hors de sens,) -moi outre mesure; dans les travaux surabondamment, sous les coups excessivement, dans les prisons surabondamment, dans les morts souvent\n"
                },
                "24": {
                    "verse_nr": 24,
                    "verse": "(cinq fois j'ai re\u00e7u des Juifs quarante coups moins un;\n"
                },
                "25": {
                    "verse_nr": 25,
                    "verse": "trois fois j'ai \u00e9t\u00e9 battu de verges; une fois j'ai \u00e9t\u00e9 lapid\u00e9; trois fois j'ai fait naufrage; j'ai pass\u00e9 un jour et une nuit dans les profondeurs de la mer);\n"
                },
                "26": {
                    "verse_nr": 26,
                    "verse": "en voyages souvent, dans les p\u00e9rils sur les fleuves, dans les p\u00e9rils de la part des brigands, dans les p\u00e9rils de la part de mes compatriotes, dans les p\u00e9rils de la part des nations, dans les p\u00e9rils \u00e0 la ville, dans les p\u00e9rils au d\u00e9sert, dans les p\u00e9rils en mer, dans les p\u00e9rils parmi de faux fr\u00e8res,\n"
                },
                "27": {
                    "verse_nr": 27,
                    "verse": "peine et en labeur, en veilles souvent, dans la faim et la soif, dans les je\u00fbnes souvent, dans le froid et la nudit\u00e9:\n"
                },
                "28": {
                    "verse_nr": 28,
                    "verse": "outre ces choses exceptionnelles, il y a ce qui me tient assi\u00e9g\u00e9 tous les jours, la sollicitude pour toutes les assembl\u00e9es.\n"
                },
                "29": {
                    "verse_nr": 29,
                    "verse": "Qui est faible, que je ne sois faible aussi? Qui est scandalis\u00e9, que moi aussi je ne br\u00fble?\n"
                },
                "30": {
                    "verse_nr": 30,
                    "verse": "S'il faut se glorifier, je me glorifierai dans ce qui est de mon infirmit\u00e9.\n"
                },
                "31": {
                    "verse_nr": 31,
                    "verse": "Dieu et P\u00e8re du Seigneur J\u00e9sus (lui qui est b\u00e9ni \u00e9ternellement), sait que je ne mens point.\n"
                },
                "32": {
                    "verse_nr": 32,
                    "verse": "A Damas, l'ethnarque du roi Ar\u00e9tas faisait garder la ville des Damasc\u00e9niens, voulant se saisir de moi;\n"
                },
                "33": {
                    "verse_nr": 33,
                    "verse": "et je fus d\u00e9val\u00e9 dans une corbeille par une fen\u00eatre \u00e0 travers la muraille, et j'\u00e9chappai \u00e0 ses mains.\n"
                }
            }
        },
        "12": {
            "chapter_nr": 12,
            "chapter": {
                "1": {
                    "verse_nr": 1,
                    "verse": "\u00b6 Il est vrai qu'il est sans profit pour moi de me glorifier, car j'en viendrai \u00e0 des visions et \u00e0 des r\u00e9v\u00e9lations du Seigneur.\n"
                },
                "2": {
                    "verse_nr": 2,
                    "verse": "Je connais un homme en Christ, qui, il y a quatorze ans (si ce fut dans le corps, je ne sais; si ce fut hors du corps, je ne sais: Dieu le sait), je connais un tel homme qui a \u00e9t\u00e9 ravi jusqu'au troisi\u00e8me ciel.\n"
                },
                "3": {
                    "verse_nr": 3,
                    "verse": "Et je connais un tel homme, (si ce fut dans le corps, si ce fut hors du corps, je ne sais, Dieu le sait,)\n"
                },
                "4": {
                    "verse_nr": 4,
                    "verse": "-qu'il a \u00e9t\u00e9 ravi dans le paradis, et a entendu des paroles ineffables qu'il n'est pas permis \u00e0 l'homme d'exprimer.\n"
                },
                "5": {
                    "verse_nr": 5,
                    "verse": "Je me glorifierai d'un tel homme, mais je ne me glorifierai pas de moi-m\u00eame, si ce n'est dans mes infirmit\u00e9s.\n"
                },
                "6": {
                    "verse_nr": 6,
                    "verse": "Car quand je voudrais me glorifier, je ne serais pas insens\u00e9, car je dirais la v\u00e9rit\u00e9; mais je m'en abstiens, de peur que quelqu'un ne m'estime au-dessus de ce qu'il me voit \u00eatre ou de ce qu'il a pu entendre dire de moi.\n"
                },
                "7": {
                    "verse_nr": 7,
                    "verse": "Et afin que je ne m'enorgueillisse pas \u00e0 cause de l'extraordinaire des r\u00e9v\u00e9lations, il m'a \u00e9t\u00e9 donn\u00e9 une \u00e9charde pour la chair, un ange de Satan pour me souffleter, afin que je ne m'enorgueillisse pas.\n"
                },
                "8": {
                    "verse_nr": 8,
                    "verse": "A ce sujet j'ai suppli\u00e9 trois fois le Seigneur, afin qu'elle se retir\u00e2t de moi;\n"
                },
                "9": {
                    "verse_nr": 9,
                    "verse": "et il m'a dit: Ma gr\u00e2ce te suffit, car ma puissance s'accomplit dans l'infirmit\u00e9. Je me glorifierai donc tr\u00e8s-volontiers plut\u00f4t dans mes infirmit\u00e9s, afin que la puissance du Christ demeure sur moi.\n"
                },
                "10": {
                    "verse_nr": 10,
                    "verse": "C'est pourquoi je prends plaisir dans les infirmit\u00e9s, dans les outrages, dans les n\u00e9cessit\u00e9s, dans les pers\u00e9cutions, dans les d\u00e9tresses pour Christ: car quand je suis faible, alors je suis fort.\n"
                },
                "11": {
                    "verse_nr": 11,
                    "verse": "\u00b6 Je suis devenu insens\u00e9: vous m'y avez contraint; car moi, j'aurais d\u00fb \u00eatre recommand\u00e9 par vous; car je n'ai \u00e9t\u00e9 en rien moindre que les plus excellents ap\u00f4tres, quoique je ne sois rien.\n"
                },
                "12": {
                    "verse_nr": 12,
                    "verse": "Certainement les signes d'un ap\u00f4tre ont \u00e9t\u00e9 op\u00e9r\u00e9s au milieu de vous avec toute patience, par signes, et des prodiges, et des miracles.\n"
                },
                "13": {
                    "verse_nr": 13,
                    "verse": "Car en quoi avez-vous \u00e9t\u00e9 inf\u00e9rieurs aux autres assembl\u00e9es, sinon en ce que moi-m\u00eame je ne vous ai pas \u00e9t\u00e9 \u00e0 charge? Pardonnez-moi ce tort.\n"
                },
                "14": {
                    "verse_nr": 14,
                    "verse": "Voici, cette troisi\u00e8me fois, je suis pr\u00eat \u00e0 aller aupr\u00e8s de vous; et je ne vous serai pas \u00e0 charge, car je ne cherche pas vos biens, mais vous-m\u00eames; car ce ne sont pas les enfants qui doivent amasser pour leurs parents, mais les parents pour leurs enfants.\n"
                },
                "15": {
                    "verse_nr": 15,
                    "verse": "Or moi, tr\u00e8s-volontiers je d\u00e9penserai et je serai enti\u00e8rement d\u00e9pens\u00e9 pour vos \u00e2mes, si m\u00eame, vous aimant beaucoup plus, je devais \u00eatre moins aim\u00e9.\n"
                },
                "16": {
                    "verse_nr": 16,
                    "verse": "Mais soit! moi, je ne vous ai pas \u00e9t\u00e9 \u00e0 charge, mais, \u00e9tant rus\u00e9, je vous ai pris par finesse.\n"
                },
                "17": {
                    "verse_nr": 17,
                    "verse": "Me suis-je enrichi \u00e0 vos d\u00e9pens par aucun de ceux que je vous ai envoy\u00e9s?\n"
                },
                "18": {
                    "verse_nr": 18,
                    "verse": "J'ai pri\u00e9 Tite et j'ai envoy\u00e9 le fr\u00e8re avec lui. Tite s'est-il enrichi \u00e0 vos d\u00e9pens? N'avons-nous pas march\u00e9 dans le m\u00eame esprit? N'avons-nous pas march\u00e9 sur les m\u00eames traces?\n"
                },
                "19": {
                    "verse_nr": 19,
                    "verse": "Vous avez longtemps pens\u00e9 que nous nous justifions aupr\u00e8s de vous. Nous parlons devant Dieu en Christ, et toutes choses, bien-aim\u00e9s, pour votre \u00e9dification.\n"
                },
                "20": {
                    "verse_nr": 20,
                    "verse": "Car je crains que, quand j'arriverai, je ne vous trouve pas tels que je voudrais, et que moi je ne sois trouv\u00e9 par vous tel que vous ne voudriez pas, et qu'il n'y ait des querelles, des jalousies, des col\u00e8res, des intrigues, des m\u00e9disances, des insinuations, des enflures d'orgueil,\n"
                },
                "21": {
                    "verse_nr": 21,
                    "verse": "des d\u00e9sordres, et qu'\u00e9tant de nouveau revenu au milieu de vous, mon Dieu ne m'humilie quant \u00e0 vous, et que je ne sois afflig\u00e9 \u00e0 l'occasion de plusieurs de ceux qui ont p\u00e9ch\u00e9 auparavant et qui ne se sont pas repentis de l'impuret\u00e9 et de la fornication et de l'impudicit\u00e9 qu'ils ont commises.\n"
                }
            }
        },
        "13": {
            "chapter_nr": 13,
            "chapter": {
                "1": {
                    "verse_nr": 1,
                    "verse": "\u00b6 C'est ici la troisi\u00e8me fois que je viens \u00e0 vous: par la bouche de deux ou de trois t\u00e9moins toute affaire sera \u00e9tablie.\n"
                },
                "2": {
                    "verse_nr": 2,
                    "verse": "J'ai d\u00e9j\u00e0 dit, et je dis \u00e0 l'avance, comme si j'\u00e9tais pr\u00e9sent pour la seconde fois, et maintenant \u00e9tant absent, \u00e0 ceux qui ont p\u00e9ch\u00e9 auparavant et \u00e0 tous les autres, que si je viens encore une fois, je n'\u00e9pargnerai pas.\n"
                },
                "3": {
                    "verse_nr": 3,
                    "verse": "Puisque vous cherchez une preuve que Christ parle en moi (lequel n'est pas faible envers vous, mais puissant au milieu de vous;\n"
                },
                "4": {
                    "verse_nr": 4,
                    "verse": "car m\u00eame s'il a \u00e9t\u00e9 crucifi\u00e9 en infirmit\u00e9, n\u00e9anmoins il vit par la puissance de Dieu; car aussi nous, nous sommes faibles en lui, mais nous vivrons avec lui, par la puissance de Dieu envers vous),\n"
                },
                "5": {
                    "verse_nr": 5,
                    "verse": "examinez-vous vous-m\u00eames, et voyez si vous \u00eates dans la foi; \u00e9prouvez-vous vous-m\u00eames. Ne reconnaissez-vous pas \u00e0 l'\u00e9gard de vous-m\u00eames que J\u00e9sus Christ est en vous? \u00e0 moins que vous ne soyez des r\u00e9prouv\u00e9s;\n"
                },
                "6": {
                    "verse_nr": 6,
                    "verse": "mais j'esp\u00e8re que vous conna\u00eetrez que nous, nous ne sommes pas des r\u00e9prouv\u00e9s.\n"
                },
                "7": {
                    "verse_nr": 7,
                    "verse": "\u00b6 Mais nous prions Dieu que vous ne fassiez aucun mal, non afin que nous, nous paraissions approuv\u00e9s, mais afin que vous, vous fassiez ce qui est bon, et que nous, nous soyons comme des r\u00e9prouv\u00e9s;\n"
                },
                "8": {
                    "verse_nr": 8,
                    "verse": "car nous ne pouvons rien contre la v\u00e9rit\u00e9, mais pour la v\u00e9rit\u00e9.\n"
                },
                "9": {
                    "verse_nr": 9,
                    "verse": "Car nous nous r\u00e9jouissons lorsque nous, sous sommes faibles, et que vous, vous \u00eates puissants: et nous demandons ceci aussi, votre perfectionnement.\n"
                },
                "10": {
                    "verse_nr": 10,
                    "verse": "C'est pourquoi j'\u00e9cris ces choses \u00e9tant absent, afin que, quand je serai pr\u00e9sent, je n'use pas de s\u00e9v\u00e9rit\u00e9, selon l'autorit\u00e9 que le Seigneur m'a donn\u00e9e pour l'\u00e9dification et non pas pour la destruction.\n"
                },
                "11": {
                    "verse_nr": 11,
                    "verse": "\u00b6 Au reste, fr\u00e8res, r\u00e9jouissez-vous; perfectionnez-vous; soyez consol\u00e9s; ayez un m\u00eame sentiment; vivez en paix: et le Dieu d'amour et de paix sera avec vous.\n"
                },
                "12": {
                    "verse_nr": 12,
                    "verse": "Saluez-vous les uns les autres par un saint baiser.\n"
                },
                "13": {
                    "verse_nr": 13,
                    "verse": "Tous les saints vous saluent.\n"
                },
                "14": {
                    "verse_nr": 14,
                    "verse": "(13:13b) Que la gr\u00e2ce du Seigneur J\u00e9sus Christ, et l'amour de Dieu, et la communion du Saint Esprit, soient avec vous tous!\n"
                }
            }
        }
    }
}