{
    "version": "darby",
    "book_name": "Ezra",
    "book_nr": "15",
    "book": {
        "1": {
            "chapter_nr": 1,
            "chapter": {
                "1": {
                    "verse_nr": 1,
                    "verse": "\u00b6 Et la premi\u00e8re ann\u00e9e de Cyrus, roi de Perse, afin que f\u00fbt accomplie la parole de l'\u00c9ternel dite par la bouche de J\u00e9r\u00e9mie, l'\u00c9ternel r\u00e9veilla l'esprit de Cyrus, roi de Perse; et il fit une proclamation dans tout son royaume, et la publia aussi par \u00e9crit, disant:\n"
                },
                "2": {
                    "verse_nr": 2,
                    "verse": "Ainsi dit Cyrus, roi de Perse: L'\u00c9ternel, le Dieu des cieux, m'a donn\u00e9 tous les royaumes de la terre, et il m'a charg\u00e9 de lui b\u00e2tir une maison \u00e0 J\u00e9rusalem, qui est en Juda.\n"
                },
                "3": {
                    "verse_nr": 3,
                    "verse": "Qui d'entre vous, quel qu'il soit, est de son peuple, -que son Dieu soit avec lui, et qu'il monte \u00e0 J\u00e9rusalem, qui est en Juda, et qu'il b\u00e2tisse la maison de l'\u00c9ternel, le Dieu d'Isra\u00ebl (lui est Dieu), \u00e0 J\u00e9rusalem.\n"
                },
                "4": {
                    "verse_nr": 4,
                    "verse": "Et celui qui est de reste, dans tous les lieux o\u00f9 chacun s\u00e9journe, que les hommes du lieu lui viennent en aide, avec de l'argent, et avec de l'or, et avec des biens, et avec du b\u00e9tail, outre les offrandes volontaires pour la maison de Dieu qui est \u00e0 J\u00e9rusalem.\n"
                },
                "5": {
                    "verse_nr": 5,
                    "verse": "\u00b6 Alors se lev\u00e8rent les chefs des p\u00e8res de Juda et de Benjamin, et les sacrificateurs et les l\u00e9vites, tous ceux dont Dieu avait r\u00e9veill\u00e9 l'esprit, afin de monter pour b\u00e2tir la maison de l'\u00c9ternel qui est \u00e0 J\u00e9rusalem.\n"
                },
                "6": {
                    "verse_nr": 6,
                    "verse": "Et tous ceux qui les entouraient les aid\u00e8rent avec des objets d'argent, avec de l'or, avec des biens, et avec du b\u00e9tail, et avec des choses pr\u00e9cieuses, outre tout ce qu'on offrit volontairement.\n"
                },
                "7": {
                    "verse_nr": 7,
                    "verse": "Et le roi Cyrus fit sortir les ustensiles de la maison de l'\u00c9ternel, que Nebucadnetsar avait fait sortir de J\u00e9rusalem et qu'il avait mis dans la maison de son dieu.\n"
                },
                "8": {
                    "verse_nr": 8,
                    "verse": "Et Cyrus, roi de Perse, les fit sortir par Mithredath, le tr\u00e9sorier, qui les compta \u00e0 Sheshbatsar, prince de Juda.\n"
                },
                "9": {
                    "verse_nr": 9,
                    "verse": "Et en voici le nombre: trente bassins d'or, mille bassins d'argent, vingt-neuf couteaux,\n"
                },
                "10": {
                    "verse_nr": 10,
                    "verse": "trente coupes d'or, quatre cent dix coupes d'argent de second ordre, et mille autres ustensiles;\n"
                },
                "11": {
                    "verse_nr": 11,
                    "verse": "tous les ustensiles d'or et d'argent \u00e9taient au nombre de cinq mille quatre cents. Sheshbatsar apporta le tout lorsqu'on fit monter de Babylone \u00e0 J\u00e9rusalem ceux de la transportation.\n"
                }
            }
        },
        "2": {
            "chapter_nr": 2,
            "chapter": {
                "1": {
                    "verse_nr": 1,
                    "verse": "\u00b6 Et voici ceux de la province qui remont\u00e8rent de la captivit\u00e9 de ceux qui avaient \u00e9t\u00e9 transport\u00e9s, lesquels Nebucadnetsar, roi de Babylone, avait transport\u00e9s \u00e0 Babylone, et qui retourn\u00e8rent \u00e0 J\u00e9rusalem et en Juda, chacun \u00e0 sa ville,\n"
                },
                "2": {
                    "verse_nr": 2,
                    "verse": "lesquels vinrent avec Zorobabel, J\u00e9shua, N\u00e9h\u00e9mie, Sera\u00efa, Re\u00e9la\u00efa, Mardoch\u00e9e, Bilshan, Mispar, Bigva\u00ef, Rehum, et Baana. Nombre des hommes du peuple d'Isra\u00ebl:\n"
                },
                "3": {
                    "verse_nr": 3,
                    "verse": "Les fils de Parhosh, deux mille cent soixante-douze;\n"
                },
                "4": {
                    "verse_nr": 4,
                    "verse": "les fils de Shephatia, trois cent soixante-douze;\n"
                },
                "5": {
                    "verse_nr": 5,
                    "verse": "les fils d'Arakh, sept cent soixante-quinze;\n"
                },
                "6": {
                    "verse_nr": 6,
                    "verse": "les fils de Pakhath-Moab, des fils de J\u00e9shua et de Joab, deux mille huit cents douze;\n"
                },
                "7": {
                    "verse_nr": 7,
                    "verse": "les fils d'\u00c9lam, mille deux cent cinquante-quatre;\n"
                },
                "8": {
                    "verse_nr": 8,
                    "verse": "les fils de Zatthu, neuf cent quarante-cinq;\n"
                },
                "9": {
                    "verse_nr": 9,
                    "verse": "les fils de Zacca\u00ef, sept cent soixante;\n"
                },
                "10": {
                    "verse_nr": 10,
                    "verse": "les fils de Bani, six cent quarante-deux;\n"
                },
                "11": {
                    "verse_nr": 11,
                    "verse": "les fils de B\u00e9ba\u00ef, six cent vingt-trois;\n"
                },
                "12": {
                    "verse_nr": 12,
                    "verse": "les fils d'Azgad, mille deux cent vingt-deux;\n"
                },
                "13": {
                    "verse_nr": 13,
                    "verse": "les fils d'Adonikam, six cent soixante-six;\n"
                },
                "14": {
                    "verse_nr": 14,
                    "verse": "les fils de Bigva\u00ef, deux mille cinquante-six;\n"
                },
                "15": {
                    "verse_nr": 15,
                    "verse": "les fils d'Adin, quatre cent cinquante-quatre;\n"
                },
                "16": {
                    "verse_nr": 16,
                    "verse": "les fils d'Ater, de la famille d'\u00c9z\u00e9chias, quatre-vingt-dix-huit;\n"
                },
                "17": {
                    "verse_nr": 17,
                    "verse": "les fils de B\u00e9tsa\u00ef, trois cent vingt-trois;\n"
                },
                "18": {
                    "verse_nr": 18,
                    "verse": "les fils de Jora, cent douze;\n"
                },
                "19": {
                    "verse_nr": 19,
                    "verse": "les fils de Hashum, deux cent vingt-trois;\n"
                },
                "20": {
                    "verse_nr": 20,
                    "verse": "les fils de Guibbar, quatre-vingt-quinze;\n"
                },
                "21": {
                    "verse_nr": 21,
                    "verse": "les fils de Bethl\u00e9hem, cent vingt-trois,\n"
                },
                "22": {
                    "verse_nr": 22,
                    "verse": "les hommes de Netopha, cinquante-six;\n"
                },
                "23": {
                    "verse_nr": 23,
                    "verse": "les hommes d'Anathoth, cent vingt-huit;\n"
                },
                "24": {
                    "verse_nr": 24,
                    "verse": "les fils d'Azmaveth, quarante-deux;\n"
                },
                "25": {
                    "verse_nr": 25,
                    "verse": "les fils de Kiriath-Arim, de Kephira et de Be\u00e9roth, sept cent quarante-trois;\n"
                },
                "26": {
                    "verse_nr": 26,
                    "verse": "les fils de Rama et de Gu\u00e9ba, six cent vingt et un;\n"
                },
                "27": {
                    "verse_nr": 27,
                    "verse": "les hommes de Micmas, cent vingt-deux;\n"
                },
                "28": {
                    "verse_nr": 28,
                    "verse": "les hommes de B\u00e9thel et d'A\u00ef, deux cent vingt-trois;\n"
                },
                "29": {
                    "verse_nr": 29,
                    "verse": "les fils de Nebo, cinquante-deux;\n"
                },
                "30": {
                    "verse_nr": 30,
                    "verse": "les fils de Magbish, cent cinquante-six;\n"
                },
                "31": {
                    "verse_nr": 31,
                    "verse": "les fils de l'autre \u00c9lam, mille deux cent cinquante-quatre;\n"
                },
                "32": {
                    "verse_nr": 32,
                    "verse": "les fils de Harim, trois cent vingt;\n"
                },
                "33": {
                    "verse_nr": 33,
                    "verse": "les fils de Lod, de Hadid et d'Ono, sept cent vingt-cinq;\n"
                },
                "34": {
                    "verse_nr": 34,
                    "verse": "les fils de J\u00e9richo, trois cent quarante-cinq;\n"
                },
                "35": {
                    "verse_nr": 35,
                    "verse": "les fils de Senaa, trois mille six cent trente.\n"
                },
                "36": {
                    "verse_nr": 36,
                    "verse": "\u00b6 Sacrificateurs: les fils de Jedahia, de la maison de J\u00e9shua, neuf cent soixante-treize;\n"
                },
                "37": {
                    "verse_nr": 37,
                    "verse": "les fils d'Immer, mille cinquante-deux;\n"
                },
                "38": {
                    "verse_nr": 38,
                    "verse": "les fils de Pashkhur, mille deux cent quarante-sept;\n"
                },
                "39": {
                    "verse_nr": 39,
                    "verse": "les fils de Harim, mille dix-sept.\n"
                },
                "40": {
                    "verse_nr": 40,
                    "verse": "L\u00e9vites: les fils de J\u00e9shua et de Kadmiel, d'entre les fils d'Hodavia, soixante-quatorze.\n"
                },
                "41": {
                    "verse_nr": 41,
                    "verse": "Chantres: les fils d'Asaph, cent vingt-huit.\n"
                },
                "42": {
                    "verse_nr": 42,
                    "verse": "Fils des portiers: les fils de Shallum, les fils d'Ater, les fils de Talmon, les fils d'Akkub, les fils de Hatita, les fils de Shoba\u00ef, en tout cent trente-neuf.\n"
                },
                "43": {
                    "verse_nr": 43,
                    "verse": "Nethiniens: les fils de Tsikha, les fils de Hasupha, les fils de Tabbaoth,\n"
                },
                "44": {
                    "verse_nr": 44,
                    "verse": "les fils de K\u00e9ros, les fils de Siaha,\n"
                },
                "45": {
                    "verse_nr": 45,
                    "verse": "les fils de Padon, les fils de Lebana, les fils de Hagaba,\n"
                },
                "46": {
                    "verse_nr": 46,
                    "verse": "les fils d'Akkub, les fils de Hagab, les fils de Shamla\u00ef, les fils de Hanan,\n"
                },
                "47": {
                    "verse_nr": 47,
                    "verse": "les fils de Guiddel, les fils de Gakhar,\n"
                },
                "48": {
                    "verse_nr": 48,
                    "verse": "les fils de Rea\u00efa, les fils de Retsin, les fils de Nekoda, les fils de Gazzam,\n"
                },
                "49": {
                    "verse_nr": 49,
                    "verse": "les fils d'Uzza, les fils de Pas\u00e9akh, les fils de B\u00e9sa\u00ef,\n"
                },
                "50": {
                    "verse_nr": 50,
                    "verse": "les fils d'Asna, les fils de Me\u00fcnim,\n"
                },
                "51": {
                    "verse_nr": 51,
                    "verse": "les fils de Nephusim, les fils de Bakbuk, les fils de Hakupha, les fils de Harkhur,\n"
                },
                "52": {
                    "verse_nr": 52,
                    "verse": "les fils de Batsluth, les fils de Mekhida, les fils de Harsha,\n"
                },
                "53": {
                    "verse_nr": 53,
                    "verse": "les fils de Barkos, les fils de Sisera,\n"
                },
                "54": {
                    "verse_nr": 54,
                    "verse": "les fils de Thamakh, les fils de Netsiakh, les fils de Hatipha.\n"
                },
                "55": {
                    "verse_nr": 55,
                    "verse": "Fils des serviteurs de Salomon: les fils de Sota\u00ef, les fils de Soph\u00e9reth,\n"
                },
                "56": {
                    "verse_nr": 56,
                    "verse": "les fils de Peruda, les fils de Jaala, les fils de Darkon, les fils de Guiddel,\n"
                },
                "57": {
                    "verse_nr": 57,
                    "verse": "les fils de Shephatia, les fils de Hattil, les fils de Pok\u00e9reth-Hatseba\u00efm, les fils d'Ami.\n"
                },
                "58": {
                    "verse_nr": 58,
                    "verse": "Tous les Nethiniens et les fils des serviteurs de Salomon, trois cent quatre-vingt-douze.\n"
                },
                "59": {
                    "verse_nr": 59,
                    "verse": "Et voici ceux qui mont\u00e8rent de Thel-M\u00e9lakh, de Thel-Harsha, de Kerub-Addan, d'Immer; mais ils ne purent pas montrer leurs maisons de p\u00e8res et leur descendance, s'ils \u00e9taient d'Isra\u00ebl:\n"
                },
                "60": {
                    "verse_nr": 60,
                    "verse": "les fils de Dela\u00efa, les fils de Tobija, les fils de Nekoda, six cent cinquante-deux; et des fils des sacrificateurs,\n"
                },
                "61": {
                    "verse_nr": 61,
                    "verse": "les fils de Hoba\u00efa, les fils d'Hakkots, les fils de Barzilla\u00ef, qui prit une femme d'entre les filles de Barzilla\u00ef, le Galaadite, et fut appel\u00e9 de leur nom.\n"
                },
                "62": {
                    "verse_nr": 62,
                    "verse": "Ceux-ci cherch\u00e8rent leur inscription g\u00e9n\u00e9alogique, mais elle ne se trouva pas; et ils furent exclus, comme profanes, de la sacrificature.\n"
                },
                "63": {
                    "verse_nr": 63,
                    "verse": "Et le Thirshatha leur dit qu'ils ne devaient point manger des choses tr\u00e8s-saintes, jusqu'\u00e0 ce que f\u00fbt suscit\u00e9 un sacrificateur avec les urim et les thummim.\n"
                },
                "64": {
                    "verse_nr": 64,
                    "verse": "\u00b6 Toute la congr\u00e9gation r\u00e9unie \u00e9tait de quarante-deux mille trois cent soixante personnes,\n"
                },
                "65": {
                    "verse_nr": 65,
                    "verse": "sans compter leurs serviteurs et leurs servantes; ceux-ci \u00e9taient au nombre de sept mille trois cent trente-sept; et parmi eux, il y avait deux cents chanteurs et chanteuses.\n"
                },
                "66": {
                    "verse_nr": 66,
                    "verse": "Ils avaient sept cent trente-six chevaux, deux cent quarante-cinq mulets,\n"
                },
                "67": {
                    "verse_nr": 67,
                    "verse": "quatre cent trente-cinq chameaux, et six mille sept cent vingt \u00e2nes.\n"
                },
                "68": {
                    "verse_nr": 68,
                    "verse": "Et des chefs des p\u00e8res, quand ils arriv\u00e8rent \u00e0 la maison de l'\u00c9ternel qui est \u00e0 J\u00e9rusalem, donn\u00e8rent volontairement pour la maison de Dieu, pour la relever sur son emplacement;\n"
                },
                "69": {
                    "verse_nr": 69,
                    "verse": "ils donn\u00e8rent au tr\u00e9sor de l'oeuvre, selon leur pouvoir, soixante et un mille dariques d'or, et cinq mille mines d'argent, et cent tuniques de sacrificateurs.\n"
                },
                "70": {
                    "verse_nr": 70,
                    "verse": "Et les sacrificateurs, et les l\u00e9vites, et ceux du peuple, et les chantres, et les portiers, et les Nethiniens, habit\u00e8rent dans leurs villes: tout Isra\u00ebl se trouva dans ses villes.\n"
                }
            }
        },
        "3": {
            "chapter_nr": 3,
            "chapter": {
                "1": {
                    "verse_nr": 1,
                    "verse": "\u00b6 Et quand arriva le septi\u00e8me mois, les fils d'Isra\u00ebl \u00e9tant dans leurs villes, le peuple s'assembla comme un seul homme \u00e0 J\u00e9rusalem.\n"
                },
                "2": {
                    "verse_nr": 2,
                    "verse": "Et J\u00e9shua, fils de Jotsadak, et ses fr\u00e8res les sacrificateurs, et Zorobabel, fils de Shealthiel, et ses fr\u00e8res, se lev\u00e8rent et b\u00e2tirent l'autel du Dieu d'Isra\u00ebl, pour y offrir des holocaustes, selon ce qui est \u00e9crit dans la loi de Mo\u00efse, homme de Dieu.\n"
                },
                "3": {
                    "verse_nr": 3,
                    "verse": "Et ils \u00e9tablirent l'autel sur son emplacement; car la terreur des peuples de ces contr\u00e9es \u00e9tait sur eux: et ils offrirent dessus des holocaustes \u00e0 l'\u00c9ternel, les holocaustes du matin et du soir.\n"
                },
                "4": {
                    "verse_nr": 4,
                    "verse": "Et ils firent la f\u00eate des tabernacles selon ce qui est \u00e9crit, et les holocaustes, jour par jour, selon leur nombre, selon l'ordonnance, le service de chaque jour en son jour,\n"
                },
                "5": {
                    "verse_nr": 5,
                    "verse": "et apr\u00e8s cela l'holocauste continuel, et celui des nouvelles lunes et de tous les jours solennels de l'\u00c9ternel qui \u00e9taient sanctifi\u00e9s, et les holocaustes de tous ceux qui offraient une offrande volontaire \u00e0 l'\u00c9ternel.\n"
                },
                "6": {
                    "verse_nr": 6,
                    "verse": "Depuis le premier jour du septi\u00e8me mois ils commenc\u00e8rent \u00e0 offrir des holocaustes \u00e0 l'\u00c9ternel; mais les fondements du temple de l'\u00c9ternel n'\u00e9taient pas encore pos\u00e9s.\n"
                },
                "7": {
                    "verse_nr": 7,
                    "verse": "Et ils donn\u00e8rent de l'argent aux tailleurs de pierres et aux charpentiers, et des vivres et des boissons et de l'huile aux Sidoniens et aux Tyriens, pour amener du Liban des bois de c\u00e8dre \u00e0 la mer de Japho, suivant l'autorisation qu'ils avaient de Cyrus, roi de Perse.\n"
                },
                "8": {
                    "verse_nr": 8,
                    "verse": "\u00b6 Et la seconde ann\u00e9e de leur arriv\u00e9e \u00e0 la maison de Dieu \u00e0 J\u00e9rusalem, au second mois, Zorobabel, fils de Shealthiel, et J\u00e9shua, fils de Jotsadak, et le reste de leurs fr\u00e8res, les sacrificateurs et les l\u00e9vites, et tous ceux qui \u00e9taient venus de la captivit\u00e9 \u00e0 J\u00e9rusalem, commenc\u00e8rent; et ils \u00e9tablirent les l\u00e9vites, depuis l'\u00e2ge de vingt ans et au-dessus, pour surveiller l'oeuvre de la maison de l'\u00c9ternel.\n"
                },
                "9": {
                    "verse_nr": 9,
                    "verse": "Alors J\u00e9shua et ses fils et ses fr\u00e8res, Kadmiel et ses fils, les fils de Juda, se tinrent l\u00e0 comme un seul homme pour surveiller ceux qui faisaient l'ouvrage dans la maison de Dieu, et aussi les fils de H\u00e9nadad, leurs fils et leurs fr\u00e8res, les l\u00e9vites.\n"
                },
                "10": {
                    "verse_nr": 10,
                    "verse": "Et lorsque ceux qui b\u00e2tissaient pos\u00e8rent les fondements du temple de l'\u00c9ternel, on fit assister les sacrificateurs rev\u00eatus de leurs robes, avec des trompettes, et les l\u00e9vites, fils d'Asaph, avec des cymbales, pour louer l'\u00c9ternel selon les directions de David, roi d'Isra\u00ebl.\n"
                },
                "11": {
                    "verse_nr": 11,
                    "verse": "Et ils s'entre-r\u00e9pondaient en louant et en c\u00e9l\u00e9brant l'\u00c9ternel: Car il est bon, car sa bont\u00e9 envers Isra\u00ebl demeure \u00e0 toujours. Et tout le peuple poussa de grands cris, en louant l'\u00c9ternel, parce qu'on posait les fondements de la maison de l'\u00c9ternel.\n"
                },
                "12": {
                    "verse_nr": 12,
                    "verse": "Et beaucoup d'entre les sacrificateurs, et d'entre les l\u00e9vites, et d'entre les chefs des p\u00e8res, les vieillards qui avaient vu la premi\u00e8re maison, pleuraient \u00e0 haute voix lorsque les fondements de cette maison furent pos\u00e9s devant leurs yeux, et beaucoup poussaient des cris de joie, en \u00e9levant leur voix;\n"
                },
                "13": {
                    "verse_nr": 13,
                    "verse": "et le peuple ne pouvait distinguer entre le bruit des cris de joie et la voix du peuple qui pleurait; car le peuple poussait de grands cris, et le bruit s'entendait au loin.\n"
                }
            }
        },
        "4": {
            "chapter_nr": 4,
            "chapter": {
                "1": {
                    "verse_nr": 1,
                    "verse": "\u00b6 Et les ennemis de Juda et de Benjamin entendirent que les fils de la transportation b\u00e2tissaient le temple de l'\u00c9ternel, le Dieu d'Isra\u00ebl;\n"
                },
                "2": {
                    "verse_nr": 2,
                    "verse": "et ils s'approch\u00e8rent de Zorobabel et des chefs des p\u00e8res, et leur dirent: Nous b\u00e2tirons avec vous, car nous recherchons votre Dieu, comme vous, et nous lui offrons des sacrifices depuis les jours d'\u00c9sar-Haddon, roi d'Assyrie, qui nous a fait monter ici.\n"
                },
                "3": {
                    "verse_nr": 3,
                    "verse": "Et Zorobabel, et J\u00e9shua, et le reste des chefs des p\u00e8res d'Isra\u00ebl, leur dirent: Vous n'avez pas affaire avec nous pour b\u00e2tir une maison \u00e0 notre Dieu, mais nous seuls, nous b\u00e2tirons \u00e0 l'\u00c9ternel, le Dieu d'Isra\u00ebl, comme nous l'a command\u00e9 le roi Cyrus, roi de Perse.\n"
                },
                "4": {
                    "verse_nr": 4,
                    "verse": "Alors le peuple du pays rendit l\u00e2ches les mains du peuple de Juda;\n"
                },
                "5": {
                    "verse_nr": 5,
                    "verse": "et ils leur firent peur de b\u00e2tir, et ils soudoy\u00e8rent contre eux des conseillers pour faire \u00e9chouer leur plan, durant tous les jours de Cyrus, roi de Perse, et jusqu'au r\u00e8gne de Darius, roi de Perse.\n"
                },
                "6": {
                    "verse_nr": 6,
                    "verse": "\u00b6 Et sous le r\u00e8gne d'Assu\u00e9rus, au commencement de son r\u00e8gne, ils \u00e9crivirent une accusation contre les habitants de Juda et de J\u00e9rusalem.\n"
                },
                "7": {
                    "verse_nr": 7,
                    "verse": "Et aux jours d'Artaxerx\u00e8s, Bishlam, Mithredath, Tabe\u00ebl et le reste de ses coll\u00e8gues, \u00e9crivirent \u00e0 Artaxerx\u00e8s, roi de Perse; et la lettre \u00e9tait \u00e9crite en \u00e9criture syriaque et traduite en syriaque:\n"
                },
                "8": {
                    "verse_nr": 8,
                    "verse": "Rehum, chancelier, et Shimsha\u00ef, secr\u00e9taire, \u00e9crivirent une lettre contre J\u00e9rusalem au roi Artaxerx\u00e8s, en ces termes.\n"
                },
                "9": {
                    "verse_nr": 9,
                    "verse": "Alors Rehum, chancelier, et Shimsha\u00ef, secr\u00e9taire, et le reste de leurs coll\u00e8gues, les Dinites, les Apharsathkites, les Tarpelites, les Apharsites, les Ark\u00e9vites, les Babyloniens, les Susankites, les D\u00e9haviens, les \u00c9lamites,\n"
                },
                "10": {
                    "verse_nr": 10,
                    "verse": "et le reste des peuplades que le grand et noble Osnappar transporta et fit habiter dans les villes de Samarie et dans le reste du pays de ce c\u00f4t\u00e9 du fleuve, etc...\n"
                },
                "11": {
                    "verse_nr": 11,
                    "verse": "C'est ici la copie de la lettre qu'ils lui envoy\u00e8rent: Au roi Artaxerx\u00e8s: Tes serviteurs, les hommes de ce c\u00f4t\u00e9 du fleuve, etc.\n"
                },
                "12": {
                    "verse_nr": 12,
                    "verse": "Que le roi sache que les Juifs qui sont mont\u00e9s de chez toi vers nous et sont venus \u00e0 J\u00e9rusalem, b\u00e2tissent la ville rebelle et m\u00e9chante, et que les murailles s'ach\u00e8vent, et qu'ils restaurent les fondements.\n"
                },
                "13": {
                    "verse_nr": 13,
                    "verse": "Que le roi sache donc que si cette ville est b\u00e2tie et que ses murailles s'ach\u00e8vent, ils ne payeront ni tribut, ni imp\u00f4t, ni p\u00e9age, et, plus tard, cela portera pr\u00e9judice aux rois.\n"
                },
                "14": {
                    "verse_nr": 14,
                    "verse": "Or comme nous mangeons le sel du palais, et qu'il n'\u00e9tait pas convenable pour nous de voir qu'on faisait tort au roi, \u00e0 cause de cela nous avons envoy\u00e9 et nous avons inform\u00e9 le roi,\n"
                },
                "15": {
                    "verse_nr": 15,
                    "verse": "afin qu'on cherche dans le livre des annales de tes p\u00e8res: et tu trouveras dans le livre des annales et tu sauras que cette ville est une ville rebelle, et qu'elle a port\u00e9 pr\u00e9judice aux rois et aux provinces, et que, d\u00e8s les jours anciens, on y a fait des s\u00e9ditions; c'est pourquoi cette ville a \u00e9t\u00e9 d\u00e9truite.\n"
                },
                "16": {
                    "verse_nr": 16,
                    "verse": "Nous faisons savoir au roi que cette ville est reb\u00e2tie et que ses murailles s'ach\u00e8vent, \u00e0 cause de cela, tu n'auras plus de possession de ce c\u00f4t\u00e9 du fleuve.\n"
                },
                "17": {
                    "verse_nr": 17,
                    "verse": "\u00b6 Le roi envoya un rescrit \u00e0 Rehum, chancelier, et \u00e0 Shimsha\u00ef, secr\u00e9taire, et au reste de leurs coll\u00e8gues qui habitaient \u00e0 Samarie, et dans le reste du pays de l'autre c\u00f4t\u00e9 du fleuve: Paix, etc.\n"
                },
                "18": {
                    "verse_nr": 18,
                    "verse": "La lettre que vous nous avez envoy\u00e9e a \u00e9t\u00e9 lue exactement devant moi.\n"
                },
                "19": {
                    "verse_nr": 19,
                    "verse": "Et de par moi un ordre a \u00e9t\u00e9 donn\u00e9, et on a cherch\u00e9, et on a trouv\u00e9 que, d\u00e8s les jours anciens, cette ville s'est soulev\u00e9e contre les rois, et qu'il s'y est fait des r\u00e9voltes et des s\u00e9ditions,\n"
                },
                "20": {
                    "verse_nr": 20,
                    "verse": "et qu'il y a eu sur J\u00e9rusalem de puissants rois qui ont r\u00e9gn\u00e9 sur tout ce qui est de l'autre c\u00f4t\u00e9 du fleuve, et que le tribut, l'imp\u00f4t, et le p\u00e9age leur ont \u00e9t\u00e9 pay\u00e9s.\n"
                },
                "21": {
                    "verse_nr": 21,
                    "verse": "Ainsi, donnez ordre de faire cesser ces hommes, et que cette ville ne soit pas b\u00e2tie, jusqu'\u00e0 ce que l'ordre en soit donn\u00e9 de par moi.\n"
                },
                "22": {
                    "verse_nr": 22,
                    "verse": "Gardez-vous de manquer \u00e0 faire cela: pourquoi le dommage augmenterait-il au pr\u00e9judice des rois?\n"
                },
                "23": {
                    "verse_nr": 23,
                    "verse": "Alors, aussit\u00f4t que la copie de la lettre du roi Artaxerx\u00e8s eut \u00e9t\u00e9 lue devant Rehum et Shimsha\u00ef, le secr\u00e9taire, et leurs coll\u00e8gues, ils all\u00e8rent en h\u00e2te \u00e0 J\u00e9rusalem vers les Juifs, et les firent cesser par force et par puissance.\n"
                },
                "24": {
                    "verse_nr": 24,
                    "verse": "Alors le travail de la maison de Dieu qui est \u00e0 J\u00e9rusalem cessa; et il fut arr\u00eat\u00e9 jusqu'\u00e0 la seconde ann\u00e9e du r\u00e8gne de Darius, roi de Perse.\n"
                }
            }
        },
        "5": {
            "chapter_nr": 5,
            "chapter": {
                "1": {
                    "verse_nr": 1,
                    "verse": "\u00b6 Et les proph\u00e8tes, Agg\u00e9e le proph\u00e8te, et Zacharie, fils d'Iddo, proph\u00e9tis\u00e8rent aux Juifs qui \u00e9taient en Juda et \u00e0 J\u00e9rusalem, au nom du Dieu d'Isra\u00ebl.\n"
                },
                "2": {
                    "verse_nr": 2,
                    "verse": "Alors Zorobabel, fils de Shealthiel, et J\u00e9shua, fils de Jotsadak, se lev\u00e8rent et commenc\u00e8rent \u00e0 b\u00e2tir la maison de Dieu qui est \u00e0 J\u00e9rusalem, et avec eux, les proph\u00e8tes de Dieu, qui les assistaient.\n"
                },
                "3": {
                    "verse_nr": 3,
                    "verse": "\u00b6 En ce temps-l\u00e0, Thathna\u00ef, gouverneur de ce c\u00f4t\u00e9 du fleuve, et Shethar-Bozna\u00ef, et leurs coll\u00e8gues, vinrent vers eux, et leur parl\u00e8rent ainsi: Qui vous a donn\u00e9 ordre de b\u00e2tir cette maison et d'achever cette muraille?\n"
                },
                "4": {
                    "verse_nr": 4,
                    "verse": "Alors nous leur d\u00eemes quels \u00e9taient les noms des hommes qui b\u00e2tissaient cet \u00e9difice.\n"
                },
                "5": {
                    "verse_nr": 5,
                    "verse": "Et l'oeil de leur Dieu \u00e9tait sur les anciens des Juifs; et ils ne les firent pas cesser jusqu'\u00e0 ce que l'affaire parv\u00eent \u00e0 Darius; et alors ils r\u00e9pondirent par lettre \u00e0 ce sujet.\n"
                },
                "6": {
                    "verse_nr": 6,
                    "verse": "Copie de la lettre que Thathna\u00ef, gouverneur de ce c\u00f4t\u00e9 du fleuve, et Shethar-Bozna\u00ef et ses coll\u00e8gues les Apharsakites, qui \u00e9taient de ce c\u00f4t\u00e9 du fleuve, envoy\u00e8rent au roi Darius.\n"
                },
                "7": {
                    "verse_nr": 7,
                    "verse": "Ils lui envoy\u00e8rent un rapport dans lequel il \u00e9tait ainsi \u00e9crit: Au roi Darius, toute paix!\n"
                },
                "8": {
                    "verse_nr": 8,
                    "verse": "Qu'il soit connu du roi que nous sommes all\u00e9s dans la province de Juda, \u00e0 la maison du grand Dieu; et elle se b\u00e2tit avec de grandes pierres, et le bois se pose dans les murs; et cet ouvrage se poursuit avec z\u00e8le et prosp\u00e8re dans leurs mains.\n"
                },
                "9": {
                    "verse_nr": 9,
                    "verse": "Alors nous avons interrog\u00e9 ces anciens, nous leur avons parl\u00e9 ainsi: Qui vous a donn\u00e9 ordre de b\u00e2tir cette maison et d'achever cette muraille?\n"
                },
                "10": {
                    "verse_nr": 10,
                    "verse": "Et nous leur demand\u00e2mes aussi leurs noms pour te les faire savoir, afin de t'\u00e9crire les noms des hommes qui sont les principaux parmi eux;\n"
                },
                "11": {
                    "verse_nr": 11,
                    "verse": "et ils r\u00e9pondirent ainsi, disant: Nous sommes les serviteurs du Dieu des cieux et de la terre, et nous b\u00e2tissons la maison qui fut b\u00e2tie anciennement, il y a bien des ann\u00e9es; et un grand roi d'Isra\u00ebl l'a b\u00e2tie et achev\u00e9e.\n"
                },
                "12": {
                    "verse_nr": 12,
                    "verse": "Mais quand nos p\u00e8res provoqu\u00e8rent le Dieu des cieux, il les livra en la main de Nebucadnetsar, roi de Babylone, le Chald\u00e9en, et il d\u00e9truisit cette maison et transporta le peuple \u00e0 Babylone.\n"
                },
                "13": {
                    "verse_nr": 13,
                    "verse": "Mais la premi\u00e8re ann\u00e9e de Cyrus, roi de Babylone, le roi Cyrus donna ordre de b\u00e2tir cette maison de Dieu.\n"
                },
                "14": {
                    "verse_nr": 14,
                    "verse": "Et aussi les ustensiles d'or et d'argent de la maison de Dieu, que Nebucadnetsar a sortis du temple qui \u00e9tait \u00e0 J\u00e9rusalem et a emport\u00e9s dans le temple de Babylone, le roi Cyrus les sortit du temple de Babylone, et les livra au nomm\u00e9 Sheshbatsar, qu'il avait fait gouverneur;\n"
                },
                "15": {
                    "verse_nr": 15,
                    "verse": "et il lui dit: Prends ces ustensiles, va, place-les dans le temple qui est \u00e0 J\u00e9rusalem, et qu'on b\u00e2tisse la maison de Dieu sur son emplacement.\n"
                },
                "16": {
                    "verse_nr": 16,
                    "verse": "Alors ce Sheshbatsar est venu et a pos\u00e9 les fondements de la maison de Dieu qui est \u00e0 J\u00e9rusalem, et depuis lors jusqu'\u00e0 pr\u00e9sent elle se b\u00e2tit; mais elle n'est pas achev\u00e9e.\n"
                },
                "17": {
                    "verse_nr": 17,
                    "verse": "Et maintenant, s'il semble bon au roi, qu'on recherche dans la maison des tr\u00e9sors du roi, qui est l\u00e0 \u00e0 Babylone, s'il est vrai que, de par le roi Cyrus, ordre a \u00e9t\u00e9 donn\u00e9 de b\u00e2tir cette maison de Dieu \u00e0 J\u00e9rusalem; et que le roi nous envoie sa volont\u00e9 sur cela.\n"
                }
            }
        },
        "6": {
            "chapter_nr": 6,
            "chapter": {
                "1": {
                    "verse_nr": 1,
                    "verse": "\u00b6 Alors le roi Darius donna ordre, et on chercha dans la maison des archives o\u00f9 \u00e9taient d\u00e9pos\u00e9s les tr\u00e9sors, \u00e0 Babylone.\n"
                },
                "2": {
                    "verse_nr": 2,
                    "verse": "Et on trouva \u00e0 Akhmetha, dans la capitale qui est dans la province de M\u00e9die, un rouleau, et, dedans, un m\u00e9moire ainsi \u00e9crit:\n"
                },
                "3": {
                    "verse_nr": 3,
                    "verse": "La premi\u00e8re ann\u00e9e du roi Cyrus, le roi Cyrus donna l'ordre, touchant la maison de Dieu \u00e0 J\u00e9rusalem: Que la maison soit b\u00e2tie pour \u00eatre un lieu o\u00f9 l'on offre des sacrifices, et que ses fondements soient solides. Sa hauteur sera de soixante coud\u00e9es, sa largeur de soixante coud\u00e9es,\n"
                },
                "4": {
                    "verse_nr": 4,
                    "verse": "avec trois rang\u00e9es de grandes pierres, et une rang\u00e9e de bois neuf; et que les d\u00e9penses soient pay\u00e9es par la maison du roi;\n"
                },
                "5": {
                    "verse_nr": 5,
                    "verse": "et aussi que les ustensiles d'or et d'argent de la maison de Dieu, que Nebucadnetsar a sortis du temple de J\u00e9rusalem et a emport\u00e9s \u00e0 Babylone, soient rendus, et qu'on les porte au temple de J\u00e9rusalem, en leur lieu; et tu les placeras dans la maison de Dieu.\n"
                },
                "6": {
                    "verse_nr": 6,
                    "verse": "Ainsi, Thathna\u00ef, gouverneur de l'autre c\u00f4t\u00e9 du fleuve, Shethar-Bozna\u00ef, et leurs coll\u00e8gues, les Apharsakites, qui \u00eates de l'autre c\u00f4t\u00e9 du fleuve, tenez-vous loin de l\u00e0;\n"
                },
                "7": {
                    "verse_nr": 7,
                    "verse": "laissez se faire le travail de cette maison de Dieu. Que le gouverneur des Juifs et les anciens des Juifs b\u00e2tissent cette maison de Dieu sur son emplacement.\n"
                },
                "8": {
                    "verse_nr": 8,
                    "verse": "Et, de par moi, ordre est donn\u00e9 touchant ce que vous ferez \u00e0 l'\u00e9gard de ces anciens des Juifs pour la construction de cette maison de Dieu: Que, des biens du roi provenant du tribut de l'autre c\u00f4t\u00e9 du fleuve, les d\u00e9penses soient promptement pay\u00e9es \u00e0 ces hommes, pour qu'ils ne soient pas interrompus;\n"
                },
                "9": {
                    "verse_nr": 9,
                    "verse": "et que ce qui leur est n\u00e9cessaire, jeunes taureaux, et b\u00e9liers, et agneaux, pour les holocaustes au Dieu des cieux, froment, sel, vin, et huile, selon l'ordre des sacrificateurs qui sont \u00e0 J\u00e9rusalem, leur soit donn\u00e9, jour par jour, sans manquer,\n"
                },
                "10": {
                    "verse_nr": 10,
                    "verse": "afin qu'ils offrent de l'encens au Dieu des cieux et qu'ils prient pour la vie du roi et de ses fils.\n"
                },
                "11": {
                    "verse_nr": 11,
                    "verse": "Et de par moi ordre est donn\u00e9, que si quelque homme change ce rescrit, un bois soit arrach\u00e9 de sa maison et dress\u00e9, et qu'il y soit attach\u00e9, et que sa maison soit r\u00e9duite en un tas de fumier \u00e0 cause de cela.\n"
                },
                "12": {
                    "verse_nr": 12,
                    "verse": "Et que le Dieu qui y a fait demeurer son nom renverse tout roi et peuple qui \u00e9tendrait sa main pour changer et pour d\u00e9truire cette maison de Dieu qui est \u00e0 J\u00e9rusalem. Moi, Darius, j'ai donn\u00e9 cet ordre; qu'il soit promptement ex\u00e9cut\u00e9.\n"
                },
                "13": {
                    "verse_nr": 13,
                    "verse": "\u00b6 Alors Thathna\u00ef, gouverneur de ce c\u00f4t\u00e9 du fleuve, Shethar-Bozna\u00ef, et leurs coll\u00e8gues, firent ainsi promptement, selon l'ordre que le roi Darius avait envoy\u00e9.\n"
                },
                "14": {
                    "verse_nr": 14,
                    "verse": "Et les anciens des Juifs b\u00e2tirent et prosp\u00e9r\u00e8rent par la proph\u00e9tie d'Agg\u00e9e, le proph\u00e8te, et de Zacharie, fils d'Iddo. Et ils b\u00e2tirent et achev\u00e8rent, selon l'ordre du Dieu d'Isra\u00ebl et selon l'ordre de Cyrus, et de Darius, et d'Artaxerx\u00e8s, roi de Perse.\n"
                },
                "15": {
                    "verse_nr": 15,
                    "verse": "Et cette maison fut achev\u00e9e le troisi\u00e8me jour du mois d'Adar: c'\u00e9tait la sixi\u00e8me ann\u00e9e du r\u00e8gne du roi Darius.\n"
                },
                "16": {
                    "verse_nr": 16,
                    "verse": "Et les fils d'Isra\u00ebl, les sacrificateurs et les l\u00e9vites, et le reste des fils de la transportation, c\u00e9l\u00e9br\u00e8rent la d\u00e9dicace de cette maison de Dieu avec joie;\n"
                },
                "17": {
                    "verse_nr": 17,
                    "verse": "et ils offrirent pour la d\u00e9dicace de cette maison de Dieu, cent taureaux, deux cents b\u00e9liers, quatre cents agneaux, et, comme sacrifice pour le p\u00e9ch\u00e9, pour tout Isra\u00ebl, douze boucs, selon le nombre des tribus d'Isra\u00ebl.\n"
                },
                "18": {
                    "verse_nr": 18,
                    "verse": "Et ils \u00e9tablirent les sacrificateurs dans leurs classes, et les l\u00e9vites dans leurs divisions, pour le service de Dieu \u00e0 J\u00e9rusalem, selon ce qui est \u00e9crit au livre de Mo\u00efse.\n"
                },
                "19": {
                    "verse_nr": 19,
                    "verse": "Et les fils de la transportation c\u00e9l\u00e9br\u00e8rent la P\u00e2que le quatorzi\u00e8me jour du premier mois;\n"
                },
                "20": {
                    "verse_nr": 20,
                    "verse": "car les sacrificateurs et les l\u00e9vites s'\u00e9taient purifi\u00e9s comme un seul homme: ils \u00e9taient tous purs; et ils \u00e9gorg\u00e8rent la p\u00e2que pour tous les fils de la transportation, et pour leurs fr\u00e8res les sacrificateurs, et pour eux-m\u00eames.\n"
                },
                "21": {
                    "verse_nr": 21,
                    "verse": "Et les fils d'Isra\u00ebl qui \u00e9taient de retour de la transportation, en mang\u00e8rent, et, avec eux, tous ceux qui s'\u00e9taient s\u00e9par\u00e9s de l'impuret\u00e9 des nations du pays pour rechercher l'\u00c9ternel, le Dieu d'Isra\u00ebl.\n"
                },
                "22": {
                    "verse_nr": 22,
                    "verse": "Et ils c\u00e9l\u00e9br\u00e8rent la f\u00eate des pains sans levain pendant sept jours, avec joie; car l'\u00c9ternel les avait rendus joyeux, et il avait tourn\u00e9 vers eux le coeur du roi d'Assyrie, pour fortifier leurs mains dans l'oeuvre de la maison de Dieu, du Dieu d'Isra\u00ebl.\n"
                }
            }
        },
        "7": {
            "chapter_nr": 7,
            "chapter": {
                "1": {
                    "verse_nr": 1,
                    "verse": "\u00b6 Et apr\u00e8s ces choses, sous le r\u00e8gne d'Artaxerx\u00e8s, roi de Perse, Esdras, fils de Sera\u00efa, fils d'Azaria, fils de Hilkija,\n"
                },
                "2": {
                    "verse_nr": 2,
                    "verse": "fils de Shallum, fils de Tsadok, fils d'Akhitub,\n"
                },
                "3": {
                    "verse_nr": 3,
                    "verse": "fils d'Amaria, fils d'Azaria, fils de Mera\u00efoth,\n"
                },
                "4": {
                    "verse_nr": 4,
                    "verse": "fils de Zerakhia, fils d'Uzzi, fils de Bukki,\n"
                },
                "5": {
                    "verse_nr": 5,
                    "verse": "fils d'Abishua, fils de Phin\u00e9es, fils d'\u00c9l\u00e9azar, fils d'Aaron, le chef des sacrificateurs,\n"
                },
                "6": {
                    "verse_nr": 6,
                    "verse": "-cet Esdras monta de Babylone: il \u00e9tait un scribe vers\u00e9 dans la loi de Mo\u00efse qu'avait donn\u00e9e l'\u00c9ternel, le Dieu d'Isra\u00ebl. Et le roi lui accorda toute sa requ\u00eate, selon que la main de l'\u00c9ternel, son Dieu, \u00e9tait sur lui.\n"
                },
                "7": {
                    "verse_nr": 7,
                    "verse": "(Et un certain nombre des fils d'Isra\u00ebl, et des sacrificateurs, et des l\u00e9vites, et des chantres, et des portiers, et des Nethiniens, mont\u00e8rent \u00e0 J\u00e9rusalem, la septi\u00e8me ann\u00e9e du roi Artaxerx\u00e8s.)\n"
                },
                "8": {
                    "verse_nr": 8,
                    "verse": "Et il arriva \u00e0 J\u00e9rusalem, le cinqui\u00e8me mois; c'\u00e9tait la septi\u00e8me ann\u00e9e du roi.\n"
                },
                "9": {
                    "verse_nr": 9,
                    "verse": "Car le premier jour du premier mois le projet de partir de Babylone fut arr\u00eat\u00e9; et le premier jour du cinqui\u00e8me mois il arriva \u00e0 J\u00e9rusalem, selon que la bonne main de son Dieu \u00e9tait sur lui.\n"
                },
                "10": {
                    "verse_nr": 10,
                    "verse": "Car Esdras avait dispos\u00e9 son coeur \u00e0 rechercher la loi de l'\u00c9ternel, et \u00e0 la faire, et \u00e0 enseigner en Isra\u00ebl les statuts et les ordonnances.\n"
                },
                "11": {
                    "verse_nr": 11,
                    "verse": "\u00b6 Et c'est ici la copie de la lettre que le roi Artaxerx\u00e8s donna \u00e0 Esdras le sacrificateur, le scribe, scribe des paroles des commandements de l'\u00c9ternel et de ses statuts donn\u00e9s \u00e0 Isra\u00ebl:\n"
                },
                "12": {
                    "verse_nr": 12,
                    "verse": "Artaxerx\u00e8s, roi des rois, \u00e0 Esdras, sacrificateur, scribe accompli de la loi du Dieu des cieux, etc.\n"
                },
                "13": {
                    "verse_nr": 13,
                    "verse": "De par moi ordre est donn\u00e9 que tous ceux du peuple d'Isra\u00ebl et de ses sacrificateurs et des l\u00e9vites, qui, dans mon royaume, sont dispos\u00e9s \u00e0 aller \u00e0 J\u00e9rusalem avec toi, y aillent;\n"
                },
                "14": {
                    "verse_nr": 14,
                    "verse": "puisque tu es envoy\u00e9 par le roi et ses sept conseillers pour t'enqu\u00e9rir au sujet de Juda et de J\u00e9rusalem, selon la loi de ton Dieu, qui est dans ta main,\n"
                },
                "15": {
                    "verse_nr": 15,
                    "verse": "et pour porter l'argent et l'or que le roi et ses conseillers ont librement offert au Dieu d'Isra\u00ebl, dont la demeure est \u00e0 J\u00e9rusalem,\n"
                },
                "16": {
                    "verse_nr": 16,
                    "verse": "ainsi que tout l'argent et l'or que tu trouveras dans toute la province de Babylone, avec l'offrande volontaire du peuple et des sacrificateurs qui offrent volontairement pour la maison de leur Dieu qui est \u00e0 J\u00e9rusalem;\n"
                },
                "17": {
                    "verse_nr": 17,
                    "verse": "tu ach\u00e8teras donc promptement, avec cet argent, des boeufs, des b\u00e9liers, des agneaux, et leurs offrandes de g\u00e2teaux et leurs libations, et tu les offriras sur l'autel de la maison de votre Dieu, qui est \u00e0 J\u00e9rusalem.\n"
                },
                "18": {
                    "verse_nr": 18,
                    "verse": "Et ce qu'il vous para\u00eetra bon \u00e0 toi et \u00e0 tes fr\u00e8res de faire avec le reste de l'argent et de l'or, faites-le selon la volont\u00e9 de votre Dieu.\n"
                },
                "19": {
                    "verse_nr": 19,
                    "verse": "Et les ustensiles qui te sont donn\u00e9s pour le service de la maison de ton Dieu, remets-les devant le Dieu de J\u00e9rusalem.\n"
                },
                "20": {
                    "verse_nr": 20,
                    "verse": "Et le reste des choses n\u00e9cessaires pour la maison de ton Dieu que tu pourras avoir \u00e0 donner, tu les donneras de la maison des tr\u00e9sors du roi.\n"
                },
                "21": {
                    "verse_nr": 21,
                    "verse": "Et de par moi, moi Artaxerx\u00e8s, le roi, ordre est donn\u00e9 \u00e0 tous les tr\u00e9soriers de l'autre c\u00f4t\u00e9 du fleuve, de faire promptement tout ce qu'Esdras, sacrificateur, scribe de la loi du Dieu des cieux, vous demandera,\n"
                },
                "22": {
                    "verse_nr": 22,
                    "verse": "jusqu'\u00e0 cent talents d'argent, et jusqu'\u00e0 cent cors de froment, et jusqu'\u00e0 cent baths de vin, et jusqu'\u00e0 cent baths d'huile, et du sel, sans prescription de quantit\u00e9:\n"
                },
                "23": {
                    "verse_nr": 23,
                    "verse": "que tout ce qui est ordonn\u00e9 par le Dieu des cieux soit fait exactement pour la maison du Dieu des cieux; car pourquoi y aurait-il col\u00e8re contre le royaume du roi et de ses fils?\n"
                },
                "24": {
                    "verse_nr": 24,
                    "verse": "Et nous vous faisons savoir que sur tous les sacrificateurs et les l\u00e9vites, chantres, portiers, Nethiniens, et serviteurs de cette maison de Dieu, il ne peut \u00eatre lev\u00e9 aucun tribut, ni imp\u00f4t, ni p\u00e9age.\n"
                },
                "25": {
                    "verse_nr": 25,
                    "verse": "Et toi, Esdras, selon la sagesse de ton Dieu, laquelle est en ta main, \u00e9tablis des magistrats et des juges qui jugeront tout le peuple de l'autre c\u00f4t\u00e9 du fleuve, tous ceux qui connaissent les lois de ton Dieu; et \u00e0 celui qui ne les conna\u00eet pas, faites-les conna\u00eetre;\n"
                },
                "26": {
                    "verse_nr": 26,
                    "verse": "et quiconque ne pratique pas la loi de ton Dieu et la loi du roi, qu'il en soit fait justice promptement, ou par la mort, ou par l'exil, ou par la confiscation de ses biens, ou par l'emprisonnement.\n"
                },
                "27": {
                    "verse_nr": 27,
                    "verse": "\u00b6 B\u00e9ni soit l'\u00c9ternel, le Dieu de nos p\u00e8res, qui a mis de telles pens\u00e9es dans le coeur du roi, d'orner la maison de l'\u00c9ternel qui est \u00e0 J\u00e9rusalem,\n"
                },
                "28": {
                    "verse_nr": 28,
                    "verse": "et qui a \u00e9tendu sur moi sa bont\u00e9 devant le roi, et ses conseillers, et tous les puissants princes du roi! Et moi, je fus fortifi\u00e9 selon que la main de l'\u00c9ternel, mon Dieu, \u00e9tait sur moi, et je rassemblai d'Isra\u00ebl des chefs pour monter avec moi.\n"
                }
            }
        },
        "8": {
            "chapter_nr": 8,
            "chapter": {
                "1": {
                    "verse_nr": 1,
                    "verse": "\u00b6 Et voici les chefs des p\u00e8res et la g\u00e9n\u00e9alogie de ceux qui mont\u00e8rent avec moi de Babylone, sous le r\u00e8gne d'Artaxerx\u00e8s: des fils de Phin\u00e9es, Guershom;\n"
                },
                "2": {
                    "verse_nr": 2,
                    "verse": "des fils d'Ithamar, Daniel; des fils de David, Hattush;\n"
                },
                "3": {
                    "verse_nr": 3,
                    "verse": "des fils de Shecania, des fils de Parhosh, Zacharie, et avec lui, enregistr\u00e9s par g\u00e9n\u00e9alogies, les m\u00e2les, cent cinquante:\n"
                },
                "4": {
                    "verse_nr": 4,
                    "verse": "des fils de Pakhath-Moab, Elio\u00e9na\u00ef, fils de Zerakhia, et avec lui deux cents hommes;\n"
                },
                "5": {
                    "verse_nr": 5,
                    "verse": "des fils de Shecania, le fils de Jakhaziel, et avec lui trois cents hommes;\n"
                },
                "6": {
                    "verse_nr": 6,
                    "verse": "et des fils d'Adin, \u00c9bed, fils de Jonathan, et avec lui cinquante hommes;\n"
                },
                "7": {
                    "verse_nr": 7,
                    "verse": "et des fils d'\u00c9lam, \u00c9sa\u00efe, fils d'Athalia, et avec lui soixante-dix hommes;\n"
                },
                "8": {
                    "verse_nr": 8,
                    "verse": "et des fils de Shephatia, Zebadia, fils de Mica\u00ebl, et avec lui quatre-vingt hommes;\n"
                },
                "9": {
                    "verse_nr": 9,
                    "verse": "et des fils de Joab, Abdias, fils de Jekhiel, et avec lui deux cent dix-huit hommes;\n"
                },
                "10": {
                    "verse_nr": 10,
                    "verse": "et des fils de Shelomith, le fils de Josiphia, et avec lui cent soixante hommes;\n"
                },
                "11": {
                    "verse_nr": 11,
                    "verse": "et des fils de B\u00e9ba\u00ef, Zacharie, fils de B\u00e9ba\u00ef, et avec lui vingt-huit hommes;\n"
                },
                "12": {
                    "verse_nr": 12,
                    "verse": "et des fils d'Azgad, Jokhanan, fils d'Hakkatan, et avec lui cent dix hommes;\n"
                },
                "13": {
                    "verse_nr": 13,
                    "verse": "et des fils d'Adonikam, les derniers, et ce sont ici leurs noms: \u00c9liph\u00e9leth, Jehiel, et Shemahia, et avec eux soixante hommes;\n"
                },
                "14": {
                    "verse_nr": 14,
                    "verse": "et des fils de Bigva\u00ef, Utha\u00ef et Zabbud, et avec eux soixante-dix hommes.\n"
                },
                "15": {
                    "verse_nr": 15,
                    "verse": "Et je les rassemblai vers le fleuve qui s'en va vers Ahava, et nous camp\u00e2mes l\u00e0 trois jours; et je consid\u00e9rai le peuple et les sacrificateurs, et je n'y trouvai aucun des fils de L\u00e9vi.\n"
                },
                "16": {
                    "verse_nr": 16,
                    "verse": "Alors j'envoyai chercher \u00c9li\u00e9zer, Ariel, Shemahia, et Elnathan, et Jarib, et Elnathan, et Nathan, et Zacharie, et Meshullam, qui \u00e9taient des chefs, et Jo\u00efarib, et Elnathan, hommes intelligents;\n"
                },
                "17": {
                    "verse_nr": 17,
                    "verse": "et je les envoyai \u00e0 Iddo, qui \u00e9tait chef dans la localit\u00e9 appel\u00e9e Casiphia, et je mis dans leurs bouches des paroles pour les dire \u00e0 Iddo et \u00e0 ses fr\u00e8res, les Nethiniens, dans la localit\u00e9 appel\u00e9e Casiphia, pour nous amener des serviteurs pour la maison de notre Dieu.\n"
                },
                "18": {
                    "verse_nr": 18,
                    "verse": "Et ils nous amen\u00e8rent, selon que la bonne main de notre Dieu \u00e9tait sur nous, un homme intelligent d'entre les fils de Makhli, fils de L\u00e9vi, fils d'Isra\u00ebl, et Sh\u00e9r\u00e9bia et ses fils et ses fr\u00e8res, au nombre de dix-huit;\n"
                },
                "19": {
                    "verse_nr": 19,
                    "verse": "et Hashabia, et avec lui \u00c9sa\u00efe, d'entre les fils de Merari, ses fr\u00e8res et leurs fils, au nombre de vingt;\n"
                },
                "20": {
                    "verse_nr": 20,
                    "verse": "et des Nethiniens, que David et les princes avaient donn\u00e9s pour le service des l\u00e9vites, deux cent vingt Nethiniens, tous d\u00e9sign\u00e9s par leurs noms.\n"
                },
                "21": {
                    "verse_nr": 21,
                    "verse": "\u00b6 Et l\u00e0, pr\u00e8s du fleuve Ahava, je publiai un je\u00fbne, pour nous humilier devant notre Dieu, pour lui demander le vrai chemin, pour nous et pour nos enfants, et pour tout notre avoir.\n"
                },
                "22": {
                    "verse_nr": 22,
                    "verse": "Car j'avais honte de demander au roi des forces et de la cavalerie pour nous aider en chemin contre l'ennemi; car nous avions parl\u00e9 au roi, en disant: La main de notre Dieu est en bien sur tous ceux qui le cherchent; et sa force et sa col\u00e8re sont contre tous ceux qui l'abandonnent.\n"
                },
                "23": {
                    "verse_nr": 23,
                    "verse": "Et nous je\u00fbn\u00e2mes, et nous demand\u00e2mes cela \u00e0 notre Dieu, et il nous exau\u00e7a.\n"
                },
                "24": {
                    "verse_nr": 24,
                    "verse": "\u00b6 Et je s\u00e9parai douze des chefs des sacrificateurs, Sh\u00e9r\u00e9bia, Hashabia, et dix de leurs fr\u00e8res avec eux,\n"
                },
                "25": {
                    "verse_nr": 25,
                    "verse": "et je leur pesai l'argent et l'or, et les ustensiles, l'offrande pour la maison de notre Dieu, qu'avaient offerte le roi, et ses conseillers, et ses princes, et tout Isra\u00ebl qui se trouvait l\u00e0.\n"
                },
                "26": {
                    "verse_nr": 26,
                    "verse": "Et je pesai en leurs mains six cent cinquante talents d'argent, et en ustensiles d'argent cent talents, et en or cent talents,\n"
                },
                "27": {
                    "verse_nr": 27,
                    "verse": "et vingt coupes d'or valant mille dariques, et deux vases d'airain d'un beau brillant, pr\u00e9cieux comme l'or.\n"
                },
                "28": {
                    "verse_nr": 28,
                    "verse": "Et je leur dis: Vous \u00eates saints, consacr\u00e9s \u00e0 l'\u00c9ternel, et les ustensiles sont saints, et l'argent et l'or sont une offrande volontaire \u00e0 l'\u00c9ternel, le Dieu de vos p\u00e8res.\n"
                },
                "29": {
                    "verse_nr": 29,
                    "verse": "Veillez, et gardez-les jusqu'\u00e0 ce que vous les pesiez devant les chefs des sacrificateurs et des l\u00e9vites, et devant les chefs des p\u00e8res d'Isra\u00ebl \u00e0 J\u00e9rusalem, dans les chambres de la maison de l'\u00c9ternel.\n"
                },
                "30": {
                    "verse_nr": 30,
                    "verse": "Et les sacrificateurs et les l\u00e9vites re\u00e7urent au poids l'argent et l'or, et les ustensiles, pour les porter \u00e0 J\u00e9rusalem, \u00e0 la maison de notre Dieu.\n"
                },
                "31": {
                    "verse_nr": 31,
                    "verse": "\u00b6 Et nous part\u00eemes du fleuve Ahava le douzi\u00e8me jour du premier mois, pour aller \u00e0 J\u00e9rusalem. Et la main de notre Dieu fut sur nous, et il nous d\u00e9livra de la main de l'ennemi et de toute emb\u00fbche sur le chemin.\n"
                },
                "32": {
                    "verse_nr": 32,
                    "verse": "Et nous arriv\u00e2mes \u00e0 J\u00e9rusalem, et nous demeur\u00e2mes l\u00e0 trois jours.\n"
                },
                "33": {
                    "verse_nr": 33,
                    "verse": "Et le quatri\u00e8me jour, l'argent et l'or et les ustensiles furent pes\u00e9s dans la maison de notre Dieu, entre les mains de Mer\u00e9moth, fils d'Urie, le sacrificateur (et avec lui \u00e9tait  \u00c9l\u00e9azar, fils de Phin\u00e9es, et avec eux Jozabad, fils de J\u00e9shua, et Noadia, fils de Binnu\u00ef, l\u00e9vites),\n"
                },
                "34": {
                    "verse_nr": 34,
                    "verse": "selon le nombre et selon le poids du tout; et en m\u00eame temps tout le poids en fut inscrit.\n"
                },
                "35": {
                    "verse_nr": 35,
                    "verse": "Les fils de la transportation qui \u00e9taient revenus de la captivit\u00e9 pr\u00e9sent\u00e8rent des holocaustes au Dieu d'Isra\u00ebl, douze taureaux pour tout Isra\u00ebl, quatre-vingt-seize b\u00e9liers, soixante-dix-sept agneaux, douze boucs en sacrifice pour le p\u00e9ch\u00e9, le tout en holocauste \u00e0 l'\u00c9ternel.\n"
                },
                "36": {
                    "verse_nr": 36,
                    "verse": "Et ils remirent les \u00e9dits du roi aux satrapes du roi et aux gouverneurs de ce c\u00f4t\u00e9 du fleuve, et ceux-ci donn\u00e8rent leur appui au peuple et \u00e0 la maison de Dieu.\n"
                }
            }
        },
        "9": {
            "chapter_nr": 9,
            "chapter": {
                "1": {
                    "verse_nr": 1,
                    "verse": "\u00b6 Et quand ces choses furent termin\u00e9es, les chefs s'approch\u00e8rent de moi, en disant: Le peuple d'Isra\u00ebl, et les sacrificateurs et les l\u00e9vites, ne se sont pas s\u00e9par\u00e9s des peuples des pays, quant \u00e0 leurs abominations, savoir celles des Canan\u00e9ens, des H\u00e9thiens, des Ph\u00e9r\u00e9ziens, des J\u00e9busiens, des Ammonites, des Moabites, des \u00c9gyptiens, et des Amor\u00e9ens,\n"
                },
                "2": {
                    "verse_nr": 2,
                    "verse": "car ils ont pris de leurs filles pour eux et pour leurs fils, et ont m\u00eal\u00e9 la semence sainte avec les peuples des pays; et la main des chefs et des gouverneurs a \u00e9t\u00e9 la premi\u00e8re dans ce p\u00e9ch\u00e9.\n"
                },
                "3": {
                    "verse_nr": 3,
                    "verse": "Et quand j'entendis cela, je d\u00e9chirai mon manteau et ma robe, et j'arrachai les cheveux de ma t\u00eate et ma barbe, et je m'assis d\u00e9sol\u00e9;\n"
                },
                "4": {
                    "verse_nr": 4,
                    "verse": "et vers moi s'assembl\u00e8rent tous ceux qui tremblaient aux paroles du Dieu d'Isra\u00ebl, \u00e0 cause du p\u00e9ch\u00e9 de ceux qui avaient \u00e9t\u00e9 transport\u00e9s; et je restai assis, d\u00e9sol\u00e9, jusqu'\u00e0 l'offrande du soir.\n"
                },
                "5": {
                    "verse_nr": 5,
                    "verse": "\u00b6 Et lors de l'offrande du soir, je me levai de mon humiliation, et, mon manteau et ma robe d\u00e9chir\u00e9s, je m'agenouillai, et j'\u00e9tendis mes mains vers l'\u00c9ternel, mon Dieu,\n"
                },
                "6": {
                    "verse_nr": 6,
                    "verse": "et je dis: Mon Dieu, je suis confus, et j'ai honte de lever ma face vers toi, \u00f4 mon Dieu; car nos iniquit\u00e9s se sont multipli\u00e9es par-dessus nos t\u00eates, et notre coulpe a grandi jusqu'aux cieux.\n"
                },
                "7": {
                    "verse_nr": 7,
                    "verse": "D\u00e8s les jours de nos p\u00e8res jusqu'\u00e0 ce jour, nous avons \u00e9t\u00e9 grandement coupables; et \u00e0 cause de nos iniquit\u00e9s, nous, nos rois, nos sacrificateurs, nous avons \u00e9t\u00e9 livr\u00e9s en la main des rois des pays, \u00e0 l'\u00e9p\u00e9e, \u00e0 la captivit\u00e9, et au pillage, et \u00e0 la confusion de face, comme il para\u00eet aujourd'hui;\n"
                },
                "8": {
                    "verse_nr": 8,
                    "verse": "et maintenant, pour un moment, nous est arriv\u00e9e une faveur de la part de l'\u00c9ternel, notre Dieu, pour nous laisser des r\u00e9chapp\u00e9s et pour nous donner un clou dans son saint lieu, afin que notre Dieu \u00e9claire nos yeux et nous redonne un peu de vie dans notre servitude, car nous sommes serviteurs;\n"
                },
                "9": {
                    "verse_nr": 9,
                    "verse": "mais, dans notre servitude, notre Dieu ne nous a pas abandonn\u00e9s, et il a \u00e9tendu sa bont\u00e9 sur nous devant les rois de Perse, afin de nous redonner de la vie pour \u00e9lever la maison de notre Dieu et pour restaurer ses ruines, et pour nous donner des murs en Juda et \u00e0 J\u00e9rusalem.\n"
                },
                "10": {
                    "verse_nr": 10,
                    "verse": "Et maintenant, \u00f4 notre Dieu, que dirons-nous apr\u00e8s cela? Car nous avons abandonn\u00e9 tes commandements,\n"
                },
                "11": {
                    "verse_nr": 11,
                    "verse": "que tu as command\u00e9s par tes serviteurs les proph\u00e8tes, en disant: Le pays dans lequel vous entrez pour le poss\u00e9der, est un pays rendu impur par l'impuret\u00e9 des peuples des pays, par les abominations dont ils l'ont rempli d'un bout \u00e0 l'autre par leurs souillures.\n"
                },
                "12": {
                    "verse_nr": 12,
                    "verse": "Et maintenant, ne donnez pas vos filles \u00e0 leurs fils, et ne prenez pas leurs filles pour vos fils, et ne cherchez pas leur paix ou leur bien, \u00e0 jamais, afin que vous soyez forts, et que vous mangiez les biens du pays, et que vous les laissiez en possession \u00e0 vos fils \u00e0 toujours.\n"
                },
                "13": {
                    "verse_nr": 13,
                    "verse": "Et apr\u00e8s tout ce qui nous est arriv\u00e9 \u00e0 cause de nos mauvaises oeuvres et \u00e0 cause de notre grand p\u00e9ch\u00e9...; mais toi, notre Dieu, tu nous as moins punis que ne m\u00e9ritaient nos iniquit\u00e9s, et tu nous as donn\u00e9 une d\u00e9livrance comme celle-ci;\n"
                },
                "14": {
                    "verse_nr": 14,
                    "verse": "-est-ce que nous retournerions \u00e0 enfreindre tes commandements et \u00e0 nous allier par mariage avec les peuples qui font ces abominations? Ne serais-tu pas courrouc\u00e9 contre nous jusqu'\u00e0 nous consumer, en sorte qu'il n'y aurait ni reste ni r\u00e9chapp\u00e9s?\n"
                },
                "15": {
                    "verse_nr": 15,
                    "verse": "\u00c9ternel, Dieu d'Isra\u00ebl, tu es juste, car nous sommes un reste de r\u00e9chapp\u00e9s, comme il para\u00eet aujourd'hui. Nous voici devant toi dans notre culpabilit\u00e9, car, \u00e0 cause de cela, on ne peut se tenir devant toi.\n"
                }
            }
        },
        "10": {
            "chapter_nr": 10,
            "chapter": {
                "1": {
                    "verse_nr": 1,
                    "verse": "\u00b6 Et comme Esdras priait et faisait sa confession, pleurant et se prosternant devant la maison de Dieu, il se rassembla vers lui, d'Isra\u00ebl, une tr\u00e8s-grande congr\u00e9gation d'hommes et de femmes et d'enfants, car le peuple pleurait beaucoup.\n"
                },
                "2": {
                    "verse_nr": 2,
                    "verse": "Et Shecania, fils de Jekhiel, des fils d'\u00c9lam, prit la parole et dit \u00e0 Esdras: Nous avons \u00e9t\u00e9 infid\u00e8les \u00e0 notre Dieu, et nous avons pris des femmes \u00e9trang\u00e8res d'entre les peuples du pays. Mais maintenant, il y a esp\u00e9rance pour Isra\u00ebl \u00e0 cet \u00e9gard.\n"
                },
                "3": {
                    "verse_nr": 3,
                    "verse": "Et maintenant, faisons alliance avec notre Dieu pour renvoyer toutes les femmes et ceux qui sont n\u00e9s d'elles, selon le conseil de mon seigneur et de ceux qui tremblent aux commandements de notre Dieu, et qu'il soit fait selon la loi.\n"
                },
                "4": {
                    "verse_nr": 4,
                    "verse": "L\u00e8ve-toi, car la chose repose sur toi, et nous serons avec toi; sois fort et agis.\n"
                },
                "5": {
                    "verse_nr": 5,
                    "verse": "Et Esdras se leva, et il fit jurer aux chefs des sacrificateurs, des l\u00e9vites, et de tout Isra\u00ebl, d'agir selon cette parole; et ils jur\u00e8rent.\n"
                },
                "6": {
                    "verse_nr": 6,
                    "verse": "\u00b6 Et Esdras se leva de devant la maison de Dieu, et alla dans la chambre de Jokhanan, fils d'\u00c9liashib; et il entra l\u00e0: il ne mangea point de pain et ne but point d'eau, car il menait deuil sur le p\u00e9ch\u00e9 de ceux qui avaient \u00e9t\u00e9 transport\u00e9s.\n"
                },
                "7": {
                    "verse_nr": 7,
                    "verse": "Et on fit passer en Juda et \u00e0 J\u00e9rusalem un appel \u00e0 tous les fils de la transportation de se rassembler \u00e0 J\u00e9rusalem,\n"
                },
                "8": {
                    "verse_nr": 8,
                    "verse": "et pour que quiconque ne viendrait pas dans les trois jours selon le conseil des chefs et des anciens tous ses biens fussent confisqu\u00e9s, et que lui-m\u00eame f\u00fbt s\u00e9par\u00e9 de la congr\u00e9gation de ceux qui avaient \u00e9t\u00e9 transport\u00e9s.\n"
                },
                "9": {
                    "verse_nr": 9,
                    "verse": "Et tous les hommes de Juda et de Benjamin se rassembl\u00e8rent \u00e0 J\u00e9rusalem dans les trois jours: c'\u00e9tait le neuvi\u00e8me mois, le vingti\u00e8me jour du mois; et tout le peuple \u00e9tait assis dans la place de la maison de Dieu, tremblant \u00e0 cause de cette affaire et \u00e0 cause des pluies.\n"
                },
                "10": {
                    "verse_nr": 10,
                    "verse": "Et Esdras, le sacrificateur, se leva et leur dit: Vous avez \u00e9t\u00e9 infid\u00e8les, et vous avez pris des femmes \u00e9trang\u00e8res, pour ajouter \u00e0 la coulpe d'Isra\u00ebl.\n"
                },
                "11": {
                    "verse_nr": 11,
                    "verse": "Et maintenant, faites confession \u00e0 l'\u00c9ternel, le Dieu de vos p\u00e8res, et faites ce qui lui est agr\u00e9able, et s\u00e9parez-vous des peuples du pays et des femmes \u00e9trang\u00e8res.\n"
                },
                "12": {
                    "verse_nr": 12,
                    "verse": "Et toute la congr\u00e9gation r\u00e9pondit et dit \u00e0 haute voix:\n"
                },
                "13": {
                    "verse_nr": 13,
                    "verse": "Oui, \u00e0 nous de faire selon tes paroles; mais le peuple est nombreux, et c'est la saison des pluies, et il n'y a pas moyen de se tenir dehors; et ce n'est pas l'oeuvre d'un jour ni de deux, car nous avons grandement p\u00e9ch\u00e9 dans cette affaire.\n"
                },
                "14": {
                    "verse_nr": 14,
                    "verse": "Que nos chefs donc, pendant cette affaire, se tiennent l\u00e0 pour toute la congr\u00e9gation, et que tous ceux qui, dans nos villes, ont pris des femmes \u00e9trang\u00e8res, viennent \u00e0 des \u00e9poques d\u00e9termin\u00e9es, et avec eux les anciens de chaque ville et ses juges, jusqu'\u00e0 ce que l'ardeur de la col\u00e8re de notre Dieu soit d\u00e9tourn\u00e9e de nous.\n"
                },
                "15": {
                    "verse_nr": 15,
                    "verse": "\u00b6 Seuls, Jonathan, fils d'As\u00e7a\u00ebl, et Jakhzia, fils de Thikva, s'oppos\u00e8rent \u00e0 cela; et Meshullam, et Shabtha\u00ef, le l\u00e9vite, les appuy\u00e8rent.\n"
                },
                "16": {
                    "verse_nr": 16,
                    "verse": "Et les fils de la transportation firent ainsi. Et Esdras, le sacrificateur, et des hommes qui \u00e9taient chefs des p\u00e8res, furent s\u00e9par\u00e9s selon leurs maisons de p\u00e8res, et tous par leurs noms. Et ils s'assirent le premier jour du dixi\u00e8me mois pour examiner l'affaire;\n"
                },
                "17": {
                    "verse_nr": 17,
                    "verse": "et, le premier jour du premier mois, ils en eurent fini avec tous les hommes qui avaient pris des femmes \u00e9trang\u00e8res.\n"
                },
                "18": {
                    "verse_nr": 18,
                    "verse": "Et, parmi les fils des sacrificateurs, il s'en trouva qui avaient pris des femmes \u00e9trang\u00e8res: des fils de J\u00e9shua, fils de Jotsadak, et de ses fr\u00e8res: Maasc\u00e9\u00efa, et \u00c9li\u00e9zer, et Jarib, et Guedalia.\n"
                },
                "19": {
                    "verse_nr": 19,
                    "verse": "Et ils s'engag\u00e8rent \u00e0 renvoyer leurs femmes, et ils offrirent pour leur faute, un b\u00e9lier du troupeau comme offrande pour le d\u00e9lit.\n"
                },
                "20": {
                    "verse_nr": 20,
                    "verse": "Et des fils d'Immer: Hanani et Zebadia;\n"
                },
                "21": {
                    "verse_nr": 21,
                    "verse": "et des fils de Harim, Maasc\u00e9\u00efa, et \u00c9lie, et Shemahia, et Jekhiel, et Ozias;\n"
                },
                "22": {
                    "verse_nr": 22,
                    "verse": "et des fils de Pashkhur, Elio\u00e9na\u00ef, Maasc\u00e9\u00efa, Isma\u00ebl, Nethane\u00ebl, Jozabad, et Elhas\u00e7a.\n"
                },
                "23": {
                    "verse_nr": 23,
                    "verse": "Et des l\u00e9vites: Jozabad, et Shimhi, et K\u00e9la\u00efa (c'est Kelita), Pethakhia, Juda, et \u00c9li\u00e9zer. Et des chantres: \u00c9liashib.\n"
                },
                "24": {
                    "verse_nr": 24,
                    "verse": "Et des portiers: Shallum, et T\u00e9lem, et Uri.\n"
                },
                "25": {
                    "verse_nr": 25,
                    "verse": "Et de ceux d'Isra\u00ebl: des fils de Parhosh, Ramia et Jizzija, et Malkija, et Mijamin, et \u00c9l\u00e9azar, et Malkija, et Bena\u00efa;\n"
                },
                "26": {
                    "verse_nr": 26,
                    "verse": "et des fils d'\u00c9lam, Matthania, Zacharie, et Jekhiel, et Abdi, et Jer\u00e9moth, et \u00c9lie;\n"
                },
                "27": {
                    "verse_nr": 27,
                    "verse": "et des fils de Zatthu, Elio\u00e9na\u00ef, \u00c9liashib, Matthania, et Jer\u00e9moth, et Zabad, et Aziza;\n"
                },
                "28": {
                    "verse_nr": 28,
                    "verse": "et des fils de B\u00e9ba\u00ef, Jokhanan, Hanania, Zabba\u00ef, Athla\u00ef;\n"
                },
                "29": {
                    "verse_nr": 29,
                    "verse": "et des fils de Bani, Meshullam, Malluc, et Ada\u00efa, Jashub, et Sheal, et Ramoth;\n"
                },
                "30": {
                    "verse_nr": 30,
                    "verse": "et des fils de Pakhath-Moab, Adna, et Kelal, Bena\u00efa, Maasc\u00e9\u00efa, Matthania, Betsale\u00ebl, et Binnu\u00ef, et Manass\u00e9;\n"
                },
                "31": {
                    "verse_nr": 31,
                    "verse": "et les fils de Harim, \u00c9li\u00e9zer, Jishija, Malkija,\n"
                },
                "32": {
                    "verse_nr": 32,
                    "verse": "Shemahia, Sim\u00e9on, Benjamin, Malluc, Shemaria;\n"
                },
                "33": {
                    "verse_nr": 33,
                    "verse": "des fils de Hashum, Mathna\u00ef, Matthattha, Zabad, \u00c9liph\u00e9leth, Jer\u00e9ma\u00ef, Manass\u00e9, Shimhi;\n"
                },
                "34": {
                    "verse_nr": 34,
                    "verse": "des fils de Bani, Maada\u00ef, Amram, et Uel,\n"
                },
                "35": {
                    "verse_nr": 35,
                    "verse": "Bena\u00efa, B\u00e9dia, Keluhu,\n"
                },
                "36": {
                    "verse_nr": 36,
                    "verse": "Vania, Mer\u00e9moth, \u00c9liashib,\n"
                },
                "37": {
                    "verse_nr": 37,
                    "verse": "Matthania, Mathna\u00ef, et Jaas\u00e7a\u00ef,\n"
                },
                "38": {
                    "verse_nr": 38,
                    "verse": "et Bani, et Binnu\u00ef, et Shimhi,\n"
                },
                "39": {
                    "verse_nr": 39,
                    "verse": "et Sh\u00e9l\u00e9mia, et Nathan, et Ada\u00efa,\n"
                },
                "40": {
                    "verse_nr": 40,
                    "verse": "Macnadba\u00ef, Shasha\u00ef, Shara\u00ef,\n"
                },
                "41": {
                    "verse_nr": 41,
                    "verse": "Azare\u00ebl, et Sh\u00e9l\u00e9mia, Shemaria,\n"
                },
                "42": {
                    "verse_nr": 42,
                    "verse": "Shallum, Amaria, Joseph;\n"
                },
                "43": {
                    "verse_nr": 43,
                    "verse": "des fils de Nebo, Jehiel, Matthithia, Zabad, Zebina, Jadda\u00ef, et Jo\u00ebl, Bena\u00efa.\n"
                },
                "44": {
                    "verse_nr": 44,
                    "verse": "Tous ceux-ci avaient pris des femmes \u00e9trang\u00e8res, et il y en avait parmi eux dont les femmes avaient eu des enfants.\n"
                }
            }
        }
    }
}