{
    "version": "CRO",
    "book_name": "2 Corinthians",
    "book_nr": "47",
    "book": {
        "1": {
            "chapter_nr": "1",
            "chapter": {
                "1": {
                    "verse_nr": "1",
                    "verse": "verse doesn't exist in this bible version"
                },
                "2": {
                    "verse_nr": "2",
                    "verse": "\u017eelimo vam milost i mir od Boga, na\u0161ega Oca, i od Gospodina Isusa Krista!"
                },
                "3": {
                    "verse_nr": "3",
                    "verse": "Bog pru\u017ea utjehu svima -Slava Bogu, Ocu na\u0161ega Gospodina Isusa Krista. On je izvor svakog milosr\u0111a i Bog koji nas tje\u0161i."
                },
                "4": {
                    "verse_nr": "4",
                    "verse": "On nas tje\u0161i u svim nevoljama, da bismo i mi mogli druge tje\u0161iti u nevoljama istom utjehom kojom Bog tje\u0161i nas."
                },
                "5": {
                    "verse_nr": "5",
                    "verse": "Koliko se obilno patnje za Krista izlijevaju na nas, toliko je preobilna i na\u0161a utjeha u Kristu."
                },
                "6": {
                    "verse_nr": "6",
                    "verse": "Podnosimo li nevolje, to je zaradi va\u0161e utjehe i spasenja. Primamo li utjehu, to je zato da bismo vas mogli hrabriti kako biste strpljivo mogli podnositi iste patnje koje i mi podnosimo."
                },
                "7": {
                    "verse_nr": "7",
                    "verse": "\u010cvrsto vjerujemo da \u0107ete, kao \u0161to s nama dijelite patnje, tako\u0111er dijeliti s nama i Bo\u017eju utjehu."
                },
                "8": {
                    "verse_nr": "8",
                    "verse": "\u017eeljeli bismo da znate, bra\u0107o, kakve su nas nevolje zapale u Aziji. Opteretile su nas preko svake mjere, toliko preko na\u0161e snage da smo ve\u0107 bili izgubili nadu da \u0107emo pre\u017eivjeti."
                },
                "9": {
                    "verse_nr": "9",
                    "verse": "Smatrali smo se ve\u0107 osu\u0111enima na smrt, ali sve se to zbilo zato da se ne bismo uzdali u sebe, ve\u0107 u Boga koji uskrisuje mrtve."
                },
                "10": {
                    "verse_nr": "10",
                    "verse": "Od tolike nas je smrtne pogibli izbavio onaj u kojega se uzdamo da \u0107e nas i dalje izbavljati!"
                },
                "11": {
                    "verse_nr": "11",
                    "verse": "I vi poma\u017eete mole\u0107i za nas, da bi mnogi mogli zahvaljivati za usli\u0161ane molitve mnogih."
                },
                "12": {
                    "verse_nr": "12",
                    "verse": "Pavlova promjena plana -Mo\u017eemo s pouzdanjem i s \u010distom savje\u0161\u0107u re\u0107i da smo prema svima, a posebice prema vama, postupali sveto i iskreno u svemu \u0161to smo \u010dinili, ne oslanjaju\u0107i se na tjelesnu mudrost, ve\u0107 na Bo\u017eju milost."
                },
                "13": {
                    "verse_nr": "13",
                    "verse": "Nismo vam pisali ni\u0161ta \u0161to ne biste mogli pro\u010ditati ili razumjeti. Nadam se da \u0107ete nas, kao \u0161to ste nas djelomice ve\u0107 razumjeli,"
                },
                "14": {
                    "verse_nr": "14",
                    "verse": "jednoga dana potpuno razumjeti. Tako \u0107emo i mi vama, kao i vi nama, biti na ponos u dan na\u0161ega Gospodina Isusa."
                },
                "15": {
                    "verse_nr": "15",
                    "verse": "U tome sam pouzdanju kanio do\u0107i tako da primite dvostruki blagoslov:"
                },
                "16": {
                    "verse_nr": "16",
                    "verse": "svratiti najprije k vama na putu u Makedoniju, a zatim i vra\u0107aju\u0107i se iz Makedonije, kako biste me mogli otpraviti na put u Judeju."
                },
                "17": {
                    "verse_nr": "17",
                    "verse": "Jesam li, dakle, o tome lakomisleno odlu\u010dio, ili sam poput ljudi iz svijeta koji ka\u017eu &#39;da"
                },
                "18": {
                    "verse_nr": "18",
                    "verse": "Bog mi je svjedok da nisam takav. Moje &#39;da&#39; zna\u010di &#39;da&#39;"
                },
                "19": {
                    "verse_nr": "19",
                    "verse": "jer u Isusa Krista, Bo\u017ejega Sina o kojemu smo vam Timotej, Silvan i ja propovijedali, nema dvojbe izme\u0111u &#39;da&#39; i &#39;ne&#39;; naprotiv, on je Bo\u017eje &#39;da"
                },
                "20": {
                    "verse_nr": "20",
                    "verse": "U njemu su tako ostvarena sva Bo\u017eja obe\u0107anja; zato mo\u017eemo re\u0107i &#39;Amen&#39; kad proslavljamo Boga kroz Krista."
                },
                "21": {
                    "verse_nr": "21",
                    "verse": "Bog je taj koji i vas i nas \u010dini sna\u017enima u Kristu i koji nas je pomazao."
                },
                "22": {
                    "verse_nr": "22",
                    "verse": "Obilje\u017eio nas je pe\u010datom da smo njegovo vlasni\u0161tvo i u srca nam stavio zalog: Svetoga Duha."
                },
                "23": {
                    "verse_nr": "23",
                    "verse": "Prizivam Boga za svjedoka da vam govorim istinu: nisam ponovno do\u0161ao u Korint samo zato \u0161to vas nisam htio ra\u017ealostiti o\u0161trim prijekorom."
                },
                "24": {
                    "verse_nr": "24",
                    "verse": "Jer, ne bismo vam htjeli nare\u0111ivati \u0161to i kako da vjerujete, ve\u0107 sura\u0111ivati s vama da biste bili radosni, jer vi u vjeri \u010dvrsto stojite."
                }
            }
        },
        "2": {
            "chapter_nr": "2",
            "chapter": {
                "1": {
                    "verse_nr": "1",
                    "verse": "Zato sam sebi rekao: &#39;Ne\u0107u ponovno do\u0107i tako da ih ra\u017ealostim.&#39;"
                },
                "2": {
                    "verse_nr": "2",
                    "verse": "Jer ako ja vas ra\u017ealostim, tko \u0107e mene razveseliti ako ne vi?"
                },
                "3": {
                    "verse_nr": "3",
                    "verse": "Ovo sam vam i napisao zato da me, kad do\u0111em, ne bi o\u017ealostili oni koji bi me trebali razveseliti, jer sam uvjeren da \u0107ete vi biti sretni ako sam i ja sretan."
                },
                "4": {
                    "verse_nr": "4",
                    "verse": "Pi\u0161em vam ovo shrvan \u017ealo\u0161\u0107u, s bolom u srcu i sa suzama, ne da bih vas ra\u017ealostio, ve\u0107 da bih vam pokazao koliko vas silno volim."
                },
                "5": {
                    "verse_nr": "5",
                    "verse": "Gre\u0161niku treba oprostiti -Ne\u0107u pretjerati ako ka\u017eem da \u010dovjek koji mi je nanio zlo nije ra\u017ealostio samo mene ve\u0107 i sve vas."
                },
                "6": {
                    "verse_nr": "6",
                    "verse": "On je ve\u0107 dovoljno ka\u017enjen time \u0161to ga je ve\u0107ina vas zbog toga osudila."
                },
                "7": {
                    "verse_nr": "7",
                    "verse": "Sada mu, naprotiv, oprostite i utje\u0161ite ga, da ga prevelika \u017ealost ne bi slomila."
                },
                "8": {
                    "verse_nr": "8",
                    "verse": "Molim vas, poka\u017eite mu da ga jo\u0161 uvijek volite."
                },
                "9": {
                    "verse_nr": "9",
                    "verse": "Zato sam vam i pisao, da vidim ho\u0107ete li me u svemu poslu\u0161ati."
                },
                "10": {
                    "verse_nr": "10",
                    "verse": "Kad vi nekome oprostite, i ja mu oprostim. A \u0161to sam oprostio, ako sam imao \u0161to oprostiti, u\u010dinio sam po Kristovu ovla\u0161tenju i za va\u0161u dobrobit,"
                },
                "11": {
                    "verse_nr": "11",
                    "verse": "da nas ne bi nadmudrio Sotona jer njegove nakane dobro poznajemo!"
                },
                "12": {
                    "verse_nr": "12",
                    "verse": "U slu\u017ebi Novoga saveza -Kad sam stigao u Troadu propovijedati Radosnu vijest o Kristu, Gospodin mi je za to otvorio vrata,"
                },
                "13": {
                    "verse_nr": "13",
                    "verse": "ali nisam imao du\u0161evnog mira jer ondje nisam na\u0161ao brata Tita. Zato sam se oprostio od druge bra\u0107e i krenuo u Makedoniju."
                },
                "14": {
                    "verse_nr": "14",
                    "verse": "Ali hvala Bogu koji nas u Kristu uvijek vodi u pobjedonosnom slavlju i koji kroz nas, poput ugodna mirisa, posvuda \u0161iri spoznaju o sebi."
                },
                "15": {
                    "verse_nr": "15",
                    "verse": "Mi smo Bogu ugodan Kristov miris i me\u0111u onima koji se spa\u0161avaju i me\u0111u onima koji propadaju;"
                },
                "16": {
                    "verse_nr": "16",
                    "verse": "prvima miris koji ih iz smrti vodi u \u017eivot, a drugima koji ih iz \u017eivota vodi u smrt. A tko je podoban za takav posao?"
                },
                "17": {
                    "verse_nr": "17",
                    "verse": "Nismo mi kao varalice koji na Bo\u017ejoj rije\u010di nastoje zaraditi, ve\u0107 iz iskrenih pobuda, poslani od Boga, govorimo o Kristu. I znamo da nas Bog promatra."
                }
            }
        },
        "3": {
            "chapter_nr": "3",
            "chapter": {
                "1": {
                    "verse_nr": "1",
                    "verse": "Po\u010dinjemo li to opet sami sebe hvaliti? Ili nam mo\u017eda za vas, ili od vas, trebaju pisma preporuke?"
                },
                "2": {
                    "verse_nr": "2",
                    "verse": "Vi ste na\u0161a preporuka, upisana u na\u0161a srca, koju poznaju i \u010ditaju svi ljudi."
                },
                "3": {
                    "verse_nr": "3",
                    "verse": "Jasno je da ste vi Kristovo pismo ispisano na\u0161om skrbi, ne crnilom, ve\u0107 Duhom \u017eivoga Boga, ne na kamenim plo\u010dama, ve\u0107 u ljudskim srcima."
                },
                "4": {
                    "verse_nr": "4",
                    "verse": "U to se pouzdajemo jer imamo \u010dvrsto pouzdanje u Boga po Kristu"
                },
                "5": {
                    "verse_nr": "5",
                    "verse": "- ali to ne zna\u010di da smatramo kako smo sami sposobni i\u0161ta u\u010diniti. Ne; svaka sposobnost dolazi od Boga."
                },
                "6": {
                    "verse_nr": "6",
                    "verse": "On nas je osposobio da budemo poslu\u017eiteljima njegova Novog saveza. To nije savez pisanih zakona, ve\u0107 savez Duha. Zakon je vodio u smrt, a Sveti Duh daje \u017eivot."
                },
                "7": {
                    "verse_nr": "7",
                    "verse": "Slava novoga saveza -Stari sustav Zakona, koji je vodio u smrt, ipak je zapo\u010deo s takvom slavom da narod nije mogao podnijeti pogled na Mojsijevo lice. Dok im je davao Bo\u017eji zakon, njegovo je lice neobi\u010dno sjalo Bo\u017ejom slavom, iako je sjaj postupno blijedio."
                },
                "8": {
                    "verse_nr": "8",
                    "verse": "Ne\u0107e li onda slu\u017eba Svetoga Duha sjati jo\u0161 ve\u0107om slavom?"
                },
                "9": {
                    "verse_nr": "9",
                    "verse": "Ako je Stari savez, koji je ljude vodio k osudi, bio slavan, jo\u0161 je mnogo slavniji Novi savez, koji ljude dovodi pravednosti."
                },
                "10": {
                    "verse_nr": "10",
                    "verse": "Ona prva slava nije ni imala sjaja u usporedbi s najuzvi\u0161enijom slavom Novoga saveza."
                },
                "11": {
                    "verse_nr": "11",
                    "verse": "Ako je Stari savez, koji je imao biti ukinut, bio tako pun slave, onda Novi savez, koji ostaje zauvijek, jo\u0161 vi\u0161e njome obiluje."
                },
                "12": {
                    "verse_nr": "12",
                    "verse": "I zato \u0161to imamo takvu nadu vrlo smo hrabri,"
                },
                "13": {
                    "verse_nr": "13",
                    "verse": "a nismo poput Mojsija, koji je preko lica stavljao pokrivalo da Izraelci ne bi vidjeli tu prolaznu slavu."
                },
                "14": {
                    "verse_nr": "14",
                    "verse": "Ali i njihov je um otupio tako da je i danas, pri \u010ditanju Staroga zavjeta, zastrt istim pokrivalom te ne razumiju da je Stari savez s Kristom ukinut."
                },
                "15": {
                    "verse_nr": "15",
                    "verse": "Do danas su im pri \u010ditanju Mojsijevih knjiga srca ostala zastrta tim velom."
                },
                "16": {
                    "verse_nr": "16",
                    "verse": "Kad se tko obrati od svojih grijeha Gospodinu, pokrivalo se uklanja."
                },
                "17": {
                    "verse_nr": "17",
                    "verse": "Gospodin je Duh, a gdje god je Duh Gospodnji, ondje je sloboda."
                },
                "18": {
                    "verse_nr": "18",
                    "verse": "A mi svi otkrivena lica zrcalimo slavu Gospodnju, i kako Duh Gospodnji djeluje u nama, sve se vi\u0161e suobli\u010dujemo njegovoj sve sjajnijoj slici."
                }
            }
        },
        "4": {
            "chapter_nr": "4",
            "chapter": {
                "1": {
                    "verse_nr": "1",
                    "verse": "Blago u propadljivim posudama -Tako nam je Bog po svojemu milosr\u0111u dao ovu slu\u017ebu, i nikada ne odustajemo,"
                },
                "2": {
                    "verse_nr": "2",
                    "verse": "ve\u0107 odbacujemo potajne i sramotne na\u010dine rada. Ne slu\u017eimo se lukavstvima i ne izvr\u0107emo Bo\u017eju rije\u010d. Govorimo, naprotiv, istinu pred Bogom, i to zna svatko tko savjesno pred Bogom prosu\u0111uje."
                },
                "3": {
                    "verse_nr": "3",
                    "verse": "Ako je Radosna vijest koju navije\u0161tamo nekome zastrta, zastrta je onima koji su na putu u vje\u010dnu propast."
                },
                "4": {
                    "verse_nr": "4",
                    "verse": "Njima je bog ovoga svijeta, Sotona, posve oslijepio nevjerni\u010dku pamet, pa ju ne mo\u017ee prosvijetliti sjajna svjetlost Radosne vijesti o Kristu, koji je Bo\u017eja slika."
                },
                "5": {
                    "verse_nr": "5",
                    "verse": "Mi ne propovijedamo sebe, nego Gospodina Isusa Krista. Za sebe ka\u017eemo samo da smo va\u0161i sluge radi Isusa."
                },
                "6": {
                    "verse_nr": "6",
                    "verse": "Bog koji je rekao: &#39;Neka u tami zasja svjetlo!&#39; prosvijetlio je na\u0161a srca spoznajom Bo\u017eje slave na licu Isusa Krista."
                },
                "7": {
                    "verse_nr": "7",
                    "verse": "Ali blago tog prosvjetljenja \u010duva se u propadljivim posudama, u na\u0161ima slabim tijelima. Tako svatko mo\u017ee vidjeti da ta mo\u0107na sila dolazi od Boga, a ne od nas."
                },
                "8": {
                    "verse_nr": "8",
                    "verse": "Sa svih smo strana pritisnuti nevoljama, ali nismo slomljeni. Zdvojni smo, ali ne o\u010dajavamo."
                },
                "9": {
                    "verse_nr": "9",
                    "verse": "Progone nas, ali nas Bog ne ostavlja. Obaraju nas, ali nas ne mogu uni\u0161titi."
                },
                "10": {
                    "verse_nr": "10",
                    "verse": "Na\u0161a tijela kroz patnju neprekidno imaju dijela u Isusovim smrtnim patnjama, da bi se na njima tako\u0111er mogao o\u010ditovati Isusov \u017eivot."
                },
                "11": {
                    "verse_nr": "11",
                    "verse": "Mi koji smo \u017eivi, predajemo se smrti zaradi Isusa, da bi se njegov \u017eivot o\u010ditovao u na\u0161emu smrtnom tijelu."
                },
                "12": {
                    "verse_nr": "12",
                    "verse": "Suo\u010deni smo sa smr\u0107u, ali vama je to donijelo vje\u010dni \u017eivot."
                },
                "13": {
                    "verse_nr": "13",
                    "verse": "A kako imamo isti duh vjere kao i onaj tko je u Svetome pismu napisao &#39;Vjerujem kad govorim"
                },
                "14": {
                    "verse_nr": "14",
                    "verse": "Znamo da \u0107e isti Bog koji je podignuo Gospodina Isusa od mrtvih i nas uskrisiti s Isusom te nas, skupa s vama, postaviti uza se."
                },
                "15": {
                    "verse_nr": "15",
                    "verse": "Sve se to doga\u0111a zaradi va\u0161e dobrobiti, da sve vi\u0161e i vi\u0161e ljudi primi Bo\u017eju milost. Tada \u0107e vi\u0161e ljudi zahvaljivati Bogu, pa \u0107e se Bog tako vi\u0161e proslaviti."
                },
                "16": {
                    "verse_nr": "16",
                    "verse": "Zato ne malak\u0161emo. Iako na\u0161a tijela polako propadaju, na\u0161e se unutarnje bi\u0107e obnavlja iz dana u dan."
                },
                "17": {
                    "verse_nr": "17",
                    "verse": "Jer na\u0161e male i prolazne nevolje pribavljaju nam vje\u010dnu i golemu slavu."
                },
                "18": {
                    "verse_nr": "18",
                    "verse": "Zato ne gledamo na ono \u0161to je vidljivo, nego na nevidljivo. Jer to \u0161to je vidljivo \u0107e pro\u0107i, a nevidljivo je vje\u010dno."
                }
            }
        },
        "5": {
            "chapter_nr": "5",
            "chapter": {
                "1": {
                    "verse_nr": "1",
                    "verse": "Nova tijela -Znamo da \u0107emo, kad se ovaj \u0161ator u kojemu sada \u017eivimo sru\u0161i - kad umremo i napustimo tijela - imati nova tijela, vje\u010dni dom u nebu, koji \u0107e biti Bo\u017eje djelo, a ne djelo ljudskih ruku."
                },
                "2": {
                    "verse_nr": "2",
                    "verse": "Zato uzdi\u0161emo u ovim tijelima i \u010deznemo za danom kada \u0107emo obu\u0107i nebeska tijela."
                },
                "3": {
                    "verse_nr": "3",
                    "verse": "U njih obu\u010deni, ne\u0107emo se na\u0107i golima."
                },
                "4": {
                    "verse_nr": "4",
                    "verse": "U ovima zemaljskim tijelima uzdi\u0161emo i stenjemo, ali ne zato \u0161to bismo \u017eeljeli umrijeti i izi\u0107i iz njih, ve\u0107 zato \u0161to se \u017eelimo obu\u0107i u nova tijela, tako da vje\u010dni \u017eivot proguta ova na\u0161a smrtna tijela."
                },
                "5": {
                    "verse_nr": "5",
                    "verse": "Za to nas je pripremio sam Bog i dao nam svojega Svetog Duha kao jamstvo."
                },
                "6": {
                    "verse_nr": "6",
                    "verse": "Stoga uvijek imamo pouzdanja iako znamo da dokle god smo u ovome tijelu, nismo kod ku\u0107e, kod Gospodina."
                },
                "7": {
                    "verse_nr": "7",
                    "verse": "\u017eivimo po vjeri, a ne po onome \u0161to vidimo."
                },
                "8": {
                    "verse_nr": "8",
                    "verse": "Puni smo pouzdanja i radije bismo izi\u0161li iz ovih tijela jer \u0107emo tada biti u svojem domu, kod Gospodina."
                },
                "9": {
                    "verse_nr": "9",
                    "verse": "Zato mu uvijek nastojimo ugoditi, bilo da ostajemo u ovomu tijelu ili iz njega odlazimo,"
                },
                "10": {
                    "verse_nr": "10",
                    "verse": "jer \u0107emo svi morati stati pred Kristov sud i svatko \u0107e primiti \u0161to je zaslu\u017eio: nagradu ili kaznu, ve\u0107 prema tome je li u ovomu tijelu \u010dinio dobro ili zlo."
                },
                "11": {
                    "verse_nr": "11",
                    "verse": "Bo\u017eji smo poslanici -Zato puni straha Gospodnjega nastojimo pridobiti ljude za Boga. Bog zna da smo iskreni, a nadam se da i vi to znate."
                },
                "12": {
                    "verse_nr": "12",
                    "verse": "Ne hvalimo to opet sami sebe, nego vam dajemo razlog da se ponosite nama, kako biste imali \u0161to odgovoriti onima koji se ponose izvanjskim stvarima umjesto iskrenim srcem."
                },
                "13": {
                    "verse_nr": "13",
                    "verse": "Ako se \u010dini da smo nerazumni, neka to ostane izme\u0111u Boga i nas. Ako smo zdrave pameti, to je za va\u0161e dobro."
                },
                "14": {
                    "verse_nr": "14",
                    "verse": "Kristova ljubav prema nama ne ostavlja nam izbora kad shvatimo da je on jedan umro umjesto svih, pa su prema tome i svi oni ne\u010demu umrli."
                },
                "15": {
                    "verse_nr": "15",
                    "verse": "On je, naime, umro umjesto svih kako oni koji su \u017eivi, vi\u0161e ne bi \u017eivjeli da ugode sebi, ve\u0107 da njemu koji je umro i uskrsnuo za njih."
                },
                "16": {
                    "verse_nr": "16",
                    "verse": "Zato mi vi\u0161e nikoga ne procjenjujemo po tjelesnim stvarima. Prije smo i Krista cijenili prema ljudskim mjerilima, ali sada to vi\u0161e ne \u010dinimo."
                },
                "17": {
                    "verse_nr": "17",
                    "verse": "Kad je tko u Kristu, on je novo stvorenje. Stari je \u010dovjek nestao, a rodio se novi."
                },
                "18": {
                    "verse_nr": "18",
                    "verse": "Sve to dolazi od Boga, koji nas je kroz Krista pomirio sa sobom i koji nam je povjerio zada\u0107u da izmirujemo ljude s njim."
                },
                "19": {
                    "verse_nr": "19",
                    "verse": "Jer Bog je u Kristu pomirio svijet sa sobom da vi\u0161e ljudima ne ura\u010dunava njihove prijestupe, a nama je dao da govorimo o tome pomirenju."
                },
                "20": {
                    "verse_nr": "20",
                    "verse": "Tako obavljamo poslani\u010dku slu\u017ebu i u ime samoga Krista vas preklinjemo: pomirite se s Bogom!"
                },
                "21": {
                    "verse_nr": "21",
                    "verse": "Jer je Bog Krista koji nikada nije zgrije\u0161io u\u010dinio umjesto nas grijehom da bismo mi u njemu mogli postati Bo\u017ejom pravedno\u0161\u0107u."
                }
            }
        },
        "6": {
            "chapter_nr": "6",
            "chapter": {
                "1": {
                    "verse_nr": "1",
                    "verse": "Kao Bo\u017eji suradnici preklinjemo vas da ne primite Bo\u017eju milost uzalud."
                },
                "2": {
                    "verse_nr": "2",
                    "verse": "Jer Bog ka\u017ee:&#39;Usli\u0161ih te u pravo vrijeme.Pomogoh ti u dan spasenja.&#39;Pazite! Sada je pravo vrijeme. Danas je dan spasenja."
                },
                "3": {
                    "verse_nr": "3",
                    "verse": "Pavlove nevolje -Trudimo se \u017eivjeti tako da nikoga ne sablaznimo i time ga sprije\u010dimo da prihvati Boga te da na\u0161a slu\u017eba ne do\u0111e na zao glas."
                },
                "4": {
                    "verse_nr": "4",
                    "verse": "U svemu \u0161to \u010dinimo nastojimo pokazati da smo pravi Bo\u017eji sluge. Strpljivo podnosimo svakovrsne nevolje, nu\u017ede i tjeskobe."
                },
                "5": {
                    "verse_nr": "5",
                    "verse": "Batinali su nas, bacali nas u tamnice, suo\u010davali smo se s razjarenom svjetinom, radili smo do iznemoglosti, no\u0107ima smo bdjeli i gladovali."
                },
                "6": {
                    "verse_nr": "6",
                    "verse": "Dokazali smo se \u010disto\u0107om, razumijevanjem, strpljivo\u0161\u0107u, dobrotom, iskrenom ljubavlju i silom Svetoga Duha."
                },
                "7": {
                    "verse_nr": "7",
                    "verse": "Vjerno smo propovijedali istinu. Kroz nas je djelovala Bo\u017eja sila. Pravda je na\u0161e oru\u017eje za napad i za obranu."
                },
                "8": {
                    "verse_nr": "8",
                    "verse": "Slu\u017eimo Bogu bez obzira na to po\u0161tuju li nas drugi ili preziru, napadaju li nas ili hvale. Po\u0161teni smo, a nazivaju nas varalicama."
                },
                "9": {
                    "verse_nr": "9",
                    "verse": "Dobro smo poznati, ali se prema nama odnose kao da nas ne poznaju. Stalno smo suo\u010deni sa smr\u0107u, ali, eto, jo\u0161 smo \u017eivi. Tukli su nas, ali nas nisu dotukli."
                },
                "10": {
                    "verse_nr": "10",
                    "verse": "Srce nam se kida od bola, ali uvijek smo radosni u Gospodinu. Siroma\u0161ni smo, ali mnoge oboga\u0107ujemo. \u010cini se da nemamo ni\u0161ta, a ipak imamo sve."
                },
                "11": {
                    "verse_nr": "11",
                    "verse": "Dragi moji Korin\u0107ani! Sve smo vam iskreno rekli. Na\u0161e vam je srce \u0161irom otvoreno."
                },
                "12": {
                    "verse_nr": "12",
                    "verse": "U nas ne manjka ljubavi prema vama, ali vi ste nama u svojem srcu ostavili oskudno prostora."
                },
                "13": {
                    "verse_nr": "13",
                    "verse": "Govorim vam ovo kao ro\u0111enoj djeci: otvorite i vi zauzvrat svoja srca prema nama!"
                },
                "14": {
                    "verse_nr": "14",
                    "verse": "Hram \u017eivoga Boga -Ne udru\u017eujte se s nevjernicima, ne upre\u017eite se u isti jaram! \u0160to pravednost mo\u017ee imati zajedni\u010dkoga s bezakonjem? Kakvo zajedni\u0161tvo mo\u017ee imati svjetlo s tamom?"
                },
                "15": {
                    "verse_nr": "15",
                    "verse": "Mo\u017ee li biti sloge izme\u0111u Krista i Belijara? Kakvo zajedni\u0161tvo mo\u017ee onaj tko vjeruje u Krista imati s nevjernikom?"
                },
                "16": {
                    "verse_nr": "16",
                    "verse": "Kakvog zajedni\u0161tva mo\u017ee imati Bo\u017eji hram s idolima? A mi smo hram u kojemu stanuje \u017eivi Bog. Kao \u0161to je Bog rekao:&#39;Stanovat \u0107u u njimai hoditi me\u0111u njima.Bit \u0107u im Bog,A oni \u0107e biti moj narod.&#39;"
                },
                "17": {
                    "verse_nr": "17",
                    "verse": "&#39;Zato &#34;izi\u0111ite izme\u0111u njihi odvojite se od njih"
                },
                "18": {
                    "verse_nr": "18",
                    "verse": "&#39;&#34;I bit \u0107u vam Otac,a vi \u0107ete biti moji sinovi i k\u0107eri"
                }
            }
        },
        "7": {
            "chapter_nr": "7",
            "chapter": {
                "1": {
                    "verse_nr": "1",
                    "verse": "Budu\u0107i da imamo ta obe\u0107anja, dragi moji, o\u010distimo se od svega \u0161to prlja na\u0161e tijelo i na\u0161 duh. Trudimo se biti \u0161to je vi\u0161e mogu\u0107e svetima, u strahu Bo\u017ejemu."
                },
                "2": {
                    "verse_nr": "2",
                    "verse": "Pavao se raduje pokajanju Crkve -Otvorite za nas srca jer nikome od vas nismo nanijeli zla, nikoga nismo zaveli na krivi put, niti smo koga na prevaru iskoristili."
                },
                "3": {
                    "verse_nr": "3",
                    "verse": "Ne ka\u017eem vam to da bih vas osu\u0111ivao. Rekao sam vam ve\u0107 da ste zauvijek u na\u0161emu srcu. \u017eivimo i umiremo s vama."
                },
                "4": {
                    "verse_nr": "4",
                    "verse": "\u010cvrsto se u vas pouzdajem i veoma se ponosim vama. Uvelike ste me utje\u0161ili unato\u010d svoj na\u0161oj nevolji. Silno se radujem."
                },
                "5": {
                    "verse_nr": "5",
                    "verse": "Kad smo stigli u Makedoniju, nije bilo odmora za na\u0161a slaba ljudska bi\u0107a. Sa svih su nas strana, naprotiv, sna\u0161le nevolje: izvana sukobi, a iznutra tjeskoba."
                },
                "6": {
                    "verse_nr": "6",
                    "verse": "Ali nas je Bog, koji tje\u0161i poti\u0161tene, utje\u0161io Titovim dolaskom."
                },
                "7": {
                    "verse_nr": "7",
                    "verse": "Ne samo njegovim dolaskom nego i ohrabrenjem koje ste mu pru\u017eili. Kad nam je kazao o va\u0161oj velikoj \u017eelji da vas posjetim, o tome koliko ste \u017ealosni zbog onoga \u0161to se dogodilo i o va\u0161oj \u017earkoj ljubavi prema meni, jo\u0161 sam se vi\u0161e razveselio."
                },
                "8": {
                    "verse_nr": "8",
                    "verse": "Nije mi vi\u0161e \u017eao \u0161to sam vam napisao ono pismo, iako mi je bilo \u017eao jer znam da sam vas njime nakratko ra\u017ealostio."
                },
                "9": {
                    "verse_nr": "9",
                    "verse": "Ali sada se radujem - ne \u0161to sam vas ra\u017ealostio, ve\u0107 zato \u0161to vas je ta \u017ealost navela na pokajanje. Bila je to \u017ealost po Bo\u017ejoj volji, pa vam tako nismo nanijeli nikakvu \u0161tetu."
                },
                "10": {
                    "verse_nr": "10",
                    "verse": "Bo\u017eja \u017ealost donosi pokajanje koje vodi spasenju, kao \u0161to \u017ealost ovoga svijeta vodi u smrt."
                },
                "11": {
                    "verse_nr": "11",
                    "verse": "Pogledajte samo kakvu je gorljivost proizvela u vama ta \u017ealost po Bo\u017ejoj volji! Takvo opravdavanje! Takvo negodovanje, takav strah! Toliku \u010de\u017enju! Toliki \u017ear! Toliku \u017eelju da se krivac kazni! Postupili ste najispravnije \u0161to ste mogli."
                },
                "12": {
                    "verse_nr": "12",
                    "verse": "Nisam vam pisao ni radi prijestupnika ni radi onoga kome je nanesena nepravda, ve\u0107 zato da pred Bogom poka\u017eete svoju \u017earku ljubav prema nama."
                },
                "13": {
                    "verse_nr": "13",
                    "verse": "Uz to ohrabrenje posebno smo se razveselili i Titovoj radosti zbog toga \u0161to ste ga umirili da ne bude zabrinut."
                },
                "14": {
                    "verse_nr": "14",
                    "verse": "Ja sam vas i prije pred njim hvalio i niste me postidjeli. Kao \u0161to sam vama govorio istinu, tako se i ono \u010dime sam se hvalio pred Titom pokazalo istinitim."
                },
                "15": {
                    "verse_nr": "15",
                    "verse": "Njegovo je srce prema vama jo\u0161 otvorenije kad se prisjeti kako ste ga primili s velikim po\u0161tovanjem, duboko zabrinuti."
                },
                "16": {
                    "verse_nr": "16",
                    "verse": "Radujem se \u0161to se u svemu mogu pouzdati u vas."
                }
            }
        },
        "8": {
            "chapter_nr": "8",
            "chapter": {
                "1": {
                    "verse_nr": "1",
                    "verse": "Poziv na dare\u017eljivost -A sada bih vam, bra\u0107o, htio re\u0107i o milosti koju je Bog iskazao crkvama u Makedoniji."
                },
                "2": {
                    "verse_nr": "2",
                    "verse": "Iako su ljudi tamo pro\u017eivjeli brojne ku\u0161nje i nevolje, obilovali su rado\u0161\u0107u te je njihovo krajnje siroma\u0161tvo urodilo izobilnom dare\u017eljivo\u0161\u0107u."
                },
                "3": {
                    "verse_nr": "3",
                    "verse": "Svjedok sam, naime, da su dragovoljno dali ne samo ono \u0161to su mogli ve\u0107 i mnogo vi\u0161e."
                },
                "4": {
                    "verse_nr": "4",
                    "verse": "Usrdno su nas molili za milost da mogu sudjelovati u prikupljanju pomo\u0107i za svete."
                },
                "5": {
                    "verse_nr": "5",
                    "verse": "Ne samo da su se ponijeli kako smo se nadali ve\u0107 su sami sebe prije svega stavili na raspolaganje Gospodinu, a onda i nama, pokoravaju\u0107i se Bo\u017ejoj volji."
                },
                "6": {
                    "verse_nr": "6",
                    "verse": "Zamolili smo zato Tita, koji vas je prvi potaknuo na darivanje, da se vrati k vama i ohrabri vas da dovr\u0161ite svoj udjel u toj slu\u017ebi darivanja."
                },
                "7": {
                    "verse_nr": "7",
                    "verse": "Vi ste u svemu odli\u010dni - imate toliko vjere, toliko nadarenih propovjednika, toliko znanje i revnost, takvu ljubav prema nama - istaknite se sada i u ovoj milosrdnoj slu\u017ebi!"
                },
                "8": {
                    "verse_nr": "8",
                    "verse": "Ne zapovijedam vam to, ve\u0107 vam kao primjer navodim revnost drugih da bih isku\u0161ao iskrenost va\u0161e ljubavi."
                },
                "9": {
                    "verse_nr": "9",
                    "verse": "Znate kakvu nam je milost iskazao Gospodin Isus Krist. Radi vas je od bogata\u0161a postao siromahom, da bi vas svojim siroma\u0161tvom mogao obogatiti ."
                },
                "10": {
                    "verse_nr": "10",
                    "verse": "Savjetujem vam samo da dovr\u0161ite ono \u0161to ste zapo\u010deli jo\u0161 prije godinu dana, jer ste vi prvi do\u0161li na tu zamisao i prvi ste ju po\u010deli ostvarivati."
                },
                "11": {
                    "verse_nr": "11",
                    "verse": "Sada biste tu zamisao trebali provesti do kraja s istim odu\u0161evljenjem s kojim ste ju i zapo\u010deli. Darujte koliko mo\u017eete, prema svojim mogu\u0107nostima."
                },
                "12": {
                    "verse_nr": "12",
                    "verse": "Ako ste doista spremni darivati druge, nije va\u017eno koliko mo\u017eete dati. Bog o\u010dekuje da date ono \u0161to imate, a ne ono \u0161to nemate."
                },
                "13": {
                    "verse_nr": "13",
                    "verse": "Nije nakana da pomognete drugima, a da vi zapadnete u oskudicu, ve\u0107 da bude jednakost."
                },
                "14": {
                    "verse_nr": "14",
                    "verse": "Sada vi obilujete i mo\u017eete njima pomo\u0107i. Nekom drugom prigodom, kad vama bude trebalo, oni \u0107e svoj suvi\u0161ak podijeliti s vama. Tako \u0107e sva\u010dije potrebe biti jednako zadovoljene."
                },
                "15": {
                    "verse_nr": "15",
                    "verse": "Sje\u0107ate li se \u0161to o tome pi\u0161e u Svetome pismu: &#39;Onima koji su mnogo skupili, ni\u0161ta nije ostalo, a oni koji su skupili malo, imali su dovoljno.&#39;"
                },
                "16": {
                    "verse_nr": "16",
                    "verse": "Tit i suputnici -Zahvalan sam Bogu da je Titu u srce ulio jednaku gorljivost za vas kao i meni."
                },
                "17": {
                    "verse_nr": "17",
                    "verse": "Spremno je prihvatio na\u0161u molbu da vas posjetimo, ali rekao bih da bi vas on i sam drage volje obi\u0161ao."
                },
                "18": {
                    "verse_nr": "18",
                    "verse": "S njime vam \u0161aljemo jo\u0161 jednog brata, dobro poznatoga u svim crkvama po zaslugama u propovijedanju Radosne vijesti."
                },
                "19": {
                    "verse_nr": "19",
                    "verse": "Njega su crkve odabrale da nas prati kad budemo nosili dar u Jeruzalem slu\u017ee\u0107i na slavu Gospodinu i pokazuju\u0107i svoju revnost."
                },
                "20": {
                    "verse_nr": "20",
                    "verse": "Tako \u0107emo izbjegnuti i da tko prigovori zbog na\u010dina na koji upravljamo tim velikodu\u0161nim iznosom."
                },
                "21": {
                    "verse_nr": "21",
                    "verse": "Trudimo se tako \u010diniti dobro pred Bogom, ali i pred ljudima."
                },
                "22": {
                    "verse_nr": "22",
                    "verse": "\u0160aljemo s njima jo\u0161 jednoga brata koji je vi\u0161estruko proku\u0161an i pokazao se revnim. Sada je jo\u0161 revniji zbog velikog pouzdanja u vas."
                },
                "23": {
                    "verse_nr": "23",
                    "verse": "Upita li vas tko za Tita, recite mu da je on moj suradnik na pomaganju vama. A ta su bra\u0107a izaslanici svojih crkava, ljudi na slavu Kristu."
                },
                "24": {
                    "verse_nr": "24",
                    "verse": "Poka\u017eite im stoga da ih volite i doka\u017eite svim crkvama da sam vas s razlogom hvalio."
                }
            }
        },
        "9": {
            "chapter_nr": "9",
            "chapter": {
                "1": {
                    "verse_nr": "1",
                    "verse": "Prikupljanje milodara za jeruzalemske kr\u0161\u0107ane -Nije, razumije se, ni potrebno da vam vi\u0161e pi\u0161em o tome milodaru za svete u Jeruzalemu."
                },
                "2": {
                    "verse_nr": "2",
                    "verse": "Znam kako ste gorljivi u pomaganju i time sam vas hvalio pred Makedoncima, isti\u010du\u0107i da su u Ahaji bili pripravni davati jo\u0161 od lani. Svojom ste gorljivo\u0161\u0107u potaknuli i mnoge druge da po\u010dnu pomagati."
                },
                "3": {
                    "verse_nr": "3",
                    "verse": "\u0160aljem vam ovu bra\u0107u kako bih bio siguran da ste zaista spremni kao \u0161to sam se hvalio da \u0107ete biti."
                },
                "4": {
                    "verse_nr": "4",
                    "verse": "Bio bih posramljen, a i vi tako\u0111er, kad bi sa mnom do\u0161li neki Makedonci, a vi bili nepripremljeni."
                },
                "5": {
                    "verse_nr": "5",
                    "verse": "Zato sam poslao bra\u0107u da odu k vama prije nas i da se pobrinu da va\u0161 ve\u0107 obe\u0107ani dar bude spreman. Ali htio bih da on bude iskaz velikodu\u0161nosti, a ne \u0161krtarenja."
                },
                "6": {
                    "verse_nr": "6",
                    "verse": "Poslu\u0161ajte me: tko \u0161krto posije, \u0161krto \u0107e i \u017eeti; tko sije obilno, i \u017eet \u0107e obilno."
                },
                "7": {
                    "verse_nr": "7",
                    "verse": "Neka svatko odlu\u010di koliko \u0107e dati, ali od srca, a ne te\u0161ka srca ili na silu, jer Bog voli darovatelje dragovoljna srca."
                },
                "8": {
                    "verse_nr": "8",
                    "verse": "Bog po svojoj milosti mo\u017ee na vas izliti svakovrsno obilje tako da imate svega dovoljno i da vam jo\u0161 pretekne, da \u010dinite dobra djela."
                },
                "9": {
                    "verse_nr": "9",
                    "verse": "U Svetome pismu pi\u0161e:Pravedan \u010dovjek &#39;daje siromahu obilno.Njegova dobra djela nikada ne\u0107e biti zaboravljena.&#39;"
                },
                "10": {
                    "verse_nr": "10",
                    "verse": "Jer Bog koji daje sjeme za sjetvu, daje i kruh za jelo. On \u0107e jednako tako umno\u017eiti va\u0161e sjeme i dati da u vama uzrastu plodovi va\u0161e pravednosti."
                },
                "11": {
                    "verse_nr": "11",
                    "verse": "Bog \u0107e vam dati obilje da biste ga mogli dare\u017eljivo dijeliti s drugim ljudima, pa \u0107e oni za va\u0161 dar zahvaljivati Bogu."
                },
                "12": {
                    "verse_nr": "12",
                    "verse": "Tako \u0107ete ispunjavanjem te svete zada\u0107e ne samo namiriti potrebe svetih u Jeruzalemu koji su u oskudici ve\u0107 \u0107ete i mnogima dati povoda da zahvaljuju Bogu."
                },
                "13": {
                    "verse_nr": "13",
                    "verse": "Oni \u0107e zahvaljivati Bogu za va\u0161u proku\u0161anost u toj slu\u017ebi milosr\u0111a i hvaliti ga zbog va\u0161ega pokoravanja Kristovoj Radosnoj vijesti, \u0161to ste pokazali dijele\u0107i dobra s njima i s drugima."
                },
                "14": {
                    "verse_nr": "14",
                    "verse": "S velikom \u0107e ljubavi moliti za vas zbog divne Bo\u017eje milosti koju je Bog na vas izlio."
                },
                "15": {
                    "verse_nr": "15",
                    "verse": "Hvala Bogu za njegova Sina - za njegov neizrecivo dragocjeni dar!"
                }
            }
        },
        "10": {
            "chapter_nr": "10",
            "chapter": {
                "1": {
                    "verse_nr": "1",
                    "verse": "Odgovori na optu\u017ebu -Ja, Pavao, preklinjem vas s blago\u0161\u0107u i krotko\u0161\u0107u Kristovom, iako neki ka\u017eu da sam odva\u017ean kad sam daleko od vas, ali popustljiv kad sam me\u0111u vama,"
                },
                "2": {
                    "verse_nr": "2",
                    "verse": "nemojte da moram biti vrlo odva\u017ean, kao \u0161to sam odlu\u010dio biti prema onima koji pogre\u0161no dr\u017ee da mi postupamo iz ljudskih pobuda."
                },
                "3": {
                    "verse_nr": "3",
                    "verse": "Istina, \u017eivimo u tijelu, ali ne slu\u017eimo se zato tjelesnim oru\u017ejem."
                },
                "4": {
                    "verse_nr": "4",
                    "verse": "Slu\u017eimo se Bo\u017ejim mo\u0107nim oru\u017ejem, a ne ljudskim, da ru\u0161imo utvrde."
                },
                "5": {
                    "verse_nr": "5",
                    "verse": "Obaramo mudrovanja i svaku oholost koja se podi\u017ee protiv spoznaje Boga te zarobljujemo svaki razum da se pokorava Kristu."
                },
                "6": {
                    "verse_nr": "6",
                    "verse": "Pripravan sam kazniti svaku nepokornost kad va\u0161a pokornost bude savr\u0161ena."
                },
                "7": {
                    "verse_nr": "7",
                    "verse": "Vi vidite samo vanj\u0161tinu! Ako tko sebe zasigurno dr\u017ei Kristovim, neka zna da smo i mi Kristovi kao \u0161to je i on."
                },
                "8": {
                    "verse_nr": "8",
                    "verse": "Ako sam se malo vi\u0161e i pohvalio vla\u0161\u0107u koju nam je Gospodin dao, ne stidim se toga. Jer on nam je tu vlast dao za va\u0161u izgradnju, a ne vama na propast."
                },
                "9": {
                    "verse_nr": "9",
                    "verse": "Govorim vam to da ne biste pomislili kako vas svojim poslanicama \u017eelim prestra\u0161iti."
                },
                "10": {
                    "verse_nr": "10",
                    "verse": "Jer neki ka\u017eu:Poslanice su mu ozbiljne i stroge, ali kad je osobno nazo\u010dan, onda je slabi\u0107, a i slab je propovjednik!&#39;"
                },
                "11": {
                    "verse_nr": "11",
                    "verse": "Oni koji tako govore, neka znaju da \u0107u, kada do\u0111em, biti isti kao i u svojim poslanicama!"
                },
                "12": {
                    "verse_nr": "12",
                    "verse": "Ne usu\u0111ujem se, razumije se, izjedna\u010diti ili usporediti s onima koji vam sami sebe preporu\u010duju. Ali oni sebe procjenjuju samo vlastitim mjerilima i me\u0111usobno se uspore\u0111uju\u0107i! Nerazumno postupaju."
                },
                "13": {
                    "verse_nr": "13",
                    "verse": "Mi se ipak ne\u0107emo hvaliti vla\u0161\u0107u koju nemamo. Cilj nam je mjeriti se prema Bo\u017ejoj nakani za nas, koja obuhva\u0107a i na\u0161 rad s vama."
                },
                "14": {
                    "verse_nr": "14",
                    "verse": "Ne idemo predaleko tvrde\u0107i da imamo odre\u0111enu vlast nad vama jer smo bili prvi koji smo vam donijeli Radosnu vijest o Kristu."
                },
                "15": {
                    "verse_nr": "15",
                    "verse": "Ne hvalimo se prekomjerno pripisuju\u0107i sebi tu\u0111e zasluge. Nadamo se, naprotiv, da \u0107e va\u0161a vjera rasti, tako da i na\u0161e djelo me\u0111u vama uvelike poraste."
                },
                "16": {
                    "verse_nr": "16",
                    "verse": "Tada \u0107emo mo\u0107i navije\u0161tati Radosnu vijest i u drugim krajevima, gdje jo\u0161 nitko ne radi; tada nitko ne\u0107e postavljati pitanje za\u0161to djelujemo na tu\u0111em podru\u010dju."
                },
                "17": {
                    "verse_nr": "17",
                    "verse": "Kao \u0161to pi\u0161e u Svetome pismu:&#39;Ako se tko hvali, neka se hvalisamo onime \u0161to je Bog u\u010dinio.&#39;"
                },
                "18": {
                    "verse_nr": "18",
                    "verse": "Kad se tko hvali samim sobom i dobrima koja je u\u010dinio, ne ra\u010duna mu se mnogo. Ali kad Bog nekoga preporu\u010duje, to je ne\u0161to drugo!"
                }
            }
        },
        "11": {
            "chapter_nr": "11",
            "chapter": {
                "1": {
                    "verse_nr": "1",
                    "verse": "Pavao i la\u017eni apostoli -Nadam se da \u0107ete imati strpljenja i podnijeti da vam jo\u0161 malo govorim poput bezumnika. Podnesite me jo\u0161 malo."
                },
                "2": {
                    "verse_nr": "2",
                    "verse": "Ljubomoran sam na vas Bo\u017ejom ljubomorom jer sam vas kao \u010distu nevjestu obe\u0107ao mlado\u017eenji: Kristu."
                },
                "3": {
                    "verse_nr": "3",
                    "verse": "Bojim se, me\u0111utim, da \u0107e se va\u0161e misli pokvariti te da \u0107e zastraniti od \u010diste i iskrene odanosti Kristu, kao \u0161to je i zmija lukavo prevarila Evu u edenskome vrtu."
                },
                "4": {
                    "verse_nr": "4",
                    "verse": "Ma tko do\u0161ao i propovijedao vam drugoga Isusa umjesto onoga kojega smo vam mi propovijedali, ili drugoga Duha, a ne onoga kojega ste primili, ili drugo evan\u0111elje od onoga u koje ste povjerovali, vi sve to lijepo podnosite."
                },
                "5": {
                    "verse_nr": "5",
                    "verse": "Ipak ne smatram da su ti &#39;nadapostoli"
                },
                "6": {
                    "verse_nr": "6",
                    "verse": "Ako sam i lo\u0161 govornik, barem znam \u0161to govorim, a nadam se da ste to dosada i vi shvatili jer sam vam se neprestano dokazivao."
                },
                "7": {
                    "verse_nr": "7",
                    "verse": "Jesam li pogrije\u0161io ponizuju\u0107i sebe, a vas uzvisuju\u0107i time \u0161to sam vam besplatno navje\u0161\u0107ivao Bo\u017eju Radosnu vijest?"
                },
                "8": {
                    "verse_nr": "8",
                    "verse": "&#39;Plijenio&#39; sam druge crkve uzimaju\u0107i od njih novac da bih mogao vama slu\u017eiti."
                },
                "9": {
                    "verse_nr": "9",
                    "verse": "A kad sam borave\u0107i kod vas zapao u oskudicu, nisam vas molio da mi pomognete. Pomogla su mi bra\u0107a koja su do\u0161la iz Makedonije. Uvijek sam pazio, a i nadalje \u0107u paziti da vam ne budem na teret."
                },
                "10": {
                    "verse_nr": "10",
                    "verse": "Sigurno kao \u0161to je sigurna Kristova istina u meni, nitko me ne\u0107e sprije\u010diti da se time hvalim po cijeloj Ahaji!"
                },
                "11": {
                    "verse_nr": "11",
                    "verse": "Za\u0161to? Zar zato \u0161to vas ne volim? Bog zna da vas volim!"
                },
                "12": {
                    "verse_nr": "12",
                    "verse": "Ali \u010dinit \u0107u to i dalje da bih oduzeo priliku onima koji je tra\u017ee da bi se hvalili kako su jednaki nama."
                },
                "13": {
                    "verse_nr": "13",
                    "verse": "Takvi su ljudi la\u017eni apostoli. Prevarili su vas pretvaraju\u0107i se da su Kristovi apostoli."
                },
                "14": {
                    "verse_nr": "14",
                    "verse": "Ne \u010dudi me to jer se i sam Sotona pretvara u an\u0111ela svjetla."
                },
                "15": {
                    "verse_nr": "15",
                    "verse": "Onda nije \u010dudno da i njegovi sluge \u010dine isto pretvaraju\u0107i se da su sluge pravednosti. Na koncu \u0107e zavr\u0161iti kako su svojim djelima zaslu\u017eili."
                },
                "16": {
                    "verse_nr": "16",
                    "verse": "Pavlove ku\u0161nje -Jo\u0161 jedanput vas molim, ne smatrajte me bezumnikom \u0161to tako govorim. Ali \u010dak ako me takvim i smatrate, poslu\u0161ajte me kao \u0161to biste i nekoga bezumnog \u010dovjeka, da se malo pohvalim."
                },
                "17": {
                    "verse_nr": "17",
                    "verse": "Takvo hvalisanje nije mi Bog naredio; pona\u0161am se kao nerazuman \u010dovjek."
                },
                "18": {
                    "verse_nr": "18",
                    "verse": "A kako se oni drugi neprestano hvale po ljudsku, onda \u0107u se tako i ja pohvaliti."
                },
                "19": {
                    "verse_nr": "19",
                    "verse": "Uostalom, vi koji ste mudri, rado slu\u0161ate one bezumnike!"
                },
                "20": {
                    "verse_nr": "20",
                    "verse": "Zaista, podnosite da se prema vama odnose kao prema robovima, da vam uzimaju sve \u0161to imate, da s vama postupaju s visoka, da vas udaraju po licu."
                },
                "21": {
                    "verse_nr": "21",
                    "verse": "Sa stidom moram priznati da smo mi bili preslabi da bismo tako postupali!Ali \u010dime god da se tko usu\u0111uje hvaliti (opet govorim poput bezumnika), i ja se usu\u0111ujem!"
                },
                "22": {
                    "verse_nr": "22",
                    "verse": "Ka\u017eu da su Hebreji? I ja sam. Da su Izraelci? I ja sam. Da su Abrahamovi potomci? Ja sam tako\u0111er."
                },
                "23": {
                    "verse_nr": "23",
                    "verse": "Da su Kristovi sluge? Sada ve\u0107 govorim kao lu\u0111ak: ja sam to jo\u0161 i vi\u0161e! Radio sam jo\u0161 napornije, \u010de\u0161\u0107e sam bio u tamnicama, bezbroj su me puta bi\u010devali i uvijek sam se iznova suo\u010davao sa smr\u0107u."
                },
                "24": {
                    "verse_nr": "24",
                    "verse": "Pet su me puta \u017eidovi pretukli s trideset devet udaraca."
                },
                "25": {
                    "verse_nr": "25",
                    "verse": "Triput su me \u0161ibali, jedanput kamenovali, do\u017eivio sam tri brodoloma, a jednom sam cijelu no\u0107 i dan proveo na pu\u010dini."
                },
                "26": {
                    "verse_nr": "26",
                    "verse": "Naporno sam i daleko putovao i zapadao u opasnosti od nabujalih rijeka, od razbojnika, od vlastitih sunarodnjaka, kao i od pogana. Opasnosti su mi prijetile u gradovima, u pustinjama, na olujnim morima. Vrebala su me la\u017ena bra\u0107a, ljudi koji tvrde da su Kristovi sljedbenici, ali to nisu."
                },
                "27": {
                    "verse_nr": "27",
                    "verse": "\u017eivio sam u trudu i muci, probdio mnoge neprospavane no\u0107i. \u010cesto sam bio gladan i \u017eedan jer nisam imao \u0161to jesti, \u010desto sam drhtao od studeni jer nisam imao \u0161to obu\u0107i."
                },
                "28": {
                    "verse_nr": "28",
                    "verse": "A povrh svega toga, svakog sam se dana brinuo za sve crkve."
                },
                "29": {
                    "verse_nr": "29",
                    "verse": "Tko je slab a da ja ne osje\u0107am tu slabost? Tko je naveden na grijeh a da ja ne izgaram od gnjeva?"
                },
                "30": {
                    "verse_nr": "30",
                    "verse": "Ako se ve\u0107 moram hvaliti, radije bih se hvalio onime \u0161to pokazuje moju slabost."
                },
                "31": {
                    "verse_nr": "31",
                    "verse": "Bog i Otac na\u0161ega Gospodina Isusa, neka je slavljen uvijeke, zna da govorim istinu."
                },
                "32": {
                    "verse_nr": "32",
                    "verse": "U Damasku je namjesnik kralja Arete postavio stra\u017eu kod gradskih vrata da me uhvati;"
                },
                "33": {
                    "verse_nr": "33",
                    "verse": "ali spustili su me po u\u017eetu u ko\u0161ari preko gradskoga zida i tako sam im umaknuo."
                }
            }
        },
        "12": {
            "chapter_nr": "12",
            "chapter": {
                "1": {
                    "verse_nr": "1",
                    "verse": "Pavlovo vi\u0111enje i trn u tijelu -Nije uputno tako se hvastati, ali re\u0107i \u0107u vam i o vi\u0111enjima i otkrivenjima Gospodnjim."
                },
                "2": {
                    "verse_nr": "2",
                    "verse": "Poznajem \u010dovjeka u Kristu koji je prije \u010detrnaest godina bio uznesen do tre\u0107ega neba. Ne znam je li u tijelu ili bez njega; Bog zna."
                },
                "3": {
                    "verse_nr": "3",
                    "verse": "Za toga \u010dovjeka znam da je - u tijelu ili izvan tijela, to samo Bog zna -"
                },
                "4": {
                    "verse_nr": "4",
                    "verse": "uznesen u raj i da je \u010duo neizrecive rije\u010di koje \u010dovjeku nije dopu\u0161teno govoriti."
                },
                "5": {
                    "verse_nr": "5",
                    "verse": "Iskustvom tog \u010dovjeka mogao bih se hvaliti, ali se sobom ne\u0107u hvaliti osim svojim slabostima."
                },
                "6": {
                    "verse_nr": "6",
                    "verse": "Kad bih se i htio hvaliti, ne bih bio bezuman, ve\u0107 bih govorio istinu. Ali ne\u0107u to \u010diniti da tko ne bi o meni mislio vi\u0161e od onoga \u0161to na meni vidi ili \u0161to me \u010duje propovijedati."
                },
                "7": {
                    "verse_nr": "7",
                    "verse": "Da se ne bih umislio zbog izobilja Bo\u017ejih otkrivenja, Bog mi je dao trn u tijelo, Sotonina poslanika, da me mu\u010di da se ne uzoholim."
                },
                "8": {
                    "verse_nr": "8",
                    "verse": "Ve\u0107 sam triput molio Gospodina da me toga oslobodi."
                },
                "9": {
                    "verse_nr": "9",
                    "verse": "Svaki put mi je odgovorio: &#39;Dosta ti je moja milost, jer se moja snaga najbolje o\u010dituje u slabosti.&#39; Radostan sam \u0161to se mogu hvaliti svojom slabo\u0161\u0107u, da kroz mene mo\u017ee djelovati Kristova snaga."
                },
                "10": {
                    "verse_nr": "10",
                    "verse": "U\u017eivam u slabostima, uvredama, nevoljama, progonstvima i te\u0161ko\u0107ama jer znam da to sve podnosim za Krista; jer kad sam slab - jak sam."
                },
                "11": {
                    "verse_nr": "11",
                    "verse": "Pavlova briga za Korin\u0107ane -Natjerali ste me, eto, da se ponesem poput bezumnika! Vi biste, zapravo, meni trebali pisati preporuke jer nisam nimalo gori od tih &#39;nadapostola"
                },
                "12": {
                    "verse_nr": "12",
                    "verse": "A da sam od Boga poslan apostol, dokazao sam vam, dok bijah s vama, s mnogo strpljenja, brojnim znakovima i \u010dudesnim djelima."
                },
                "13": {
                    "verse_nr": "13",
                    "verse": "Pa u \u010demu sam to onda lo\u0161ije postupio prema vama nego prema ostalim crkvama, osim \u0161to vam nisam bio na teret? Oprostite mi za tu &#39;nepravdu&#39;!"
                },
                "14": {
                    "verse_nr": "14",
                    "verse": "Spreman sam vam do\u0107i i tre\u0107i put i ne\u0107u vam biti na teret jer ne \u017eelim va\u0161 novac. Vas \u017eelim! I tako ste moja djeca, a nisu djeca du\u017ena prehranjivati roditelje, ve\u0107 roditelji djecu."
                },
                "15": {
                    "verse_nr": "15",
                    "verse": "Rado \u0107u potro\u0161iti sve \u0161to imam, pa i samoga sebe, za va\u0161u duhovnu hranu, iako mi se \u010dini da \u0161to ja vas vi\u0161e volim, vi mene volite manje."
                },
                "16": {
                    "verse_nr": "16",
                    "verse": "Nisam vam bio na teret, ali sam vas, &#39;lukav&#39; kakav ve\u0107 jesam, &#39;uhvatio na prijevaru&#39;?"
                },
                "17": {
                    "verse_nr": "17",
                    "verse": "Ali kako? Zar sam vas iskoristio po nekom svojem suradniku kojega sam vam poslao?"
                },
                "18": {
                    "verse_nr": "18",
                    "verse": "Kad sam zamolio Tita da vas posjeti i s njime poslao drugog brata, zar su se oni okoristili vama i u ne\u010demu vas zakinuli? Jer mi smo istoga Duha, te hodimo istim stopama rade\u0107i isto."
                },
                "19": {
                    "verse_nr": "19",
                    "verse": "Mo\u017eda smatrate da vam sve to govorimo zato da bismo se pred vama opravdali. Nije tako! Govorimo vam pred Bogom i u Kristu: sve je to zbog va\u0161e duhovne izgradnje."
                },
                "20": {
                    "verse_nr": "20",
                    "verse": "Bojim se da vas, kada do\u0111em, ne zateknem kakve bih \u017eelio, a vama se onda ne\u0107e svidjeti moj postupak. Bojim se da \u0107u vas zate\u0107i u sva\u0111i, srd\u017ebi, suparni\u0161tvu, klevetama, ogovaranju, oholosti i neredu."
                },
                "21": {
                    "verse_nr": "21",
                    "verse": "Bojim se da \u0107e me Bog, kad do\u0111em, poniziti pred vama i da \u0107u biti \u017ealostan, da \u0107u oplakivati mnoge koji su zgrije\u0161ili, a nisu se pokajali za ne\u010disto\u0107u, razvrat i blud koji su po\u010dinili."
                }
            }
        },
        "13": {
            "chapter_nr": "13",
            "chapter": {
                "1": {
                    "verse_nr": "1",
                    "verse": "Pavlov posljednji savjet -Ovo je tre\u0107i put \u0161to vam dolazim. U Svetome pismu pi\u0161e da se kazna za svaki prekr\u0161aj mora temeljiti na iskazu dvojice ili trojice svjedoka."
                },
                "2": {
                    "verse_nr": "2",
                    "verse": "Kad sam drugi put do\u0161ao k vama, rekao sam onima koji su zgrije\u0161ili i svima ostalima - a to vam ponavljam i sada, iako odsutan - da ih, kad ponovno do\u0111em, ne\u0107u po\u0161tedjeti."
                },
                "3": {
                    "verse_nr": "3",
                    "verse": "Jer vi ho\u0107ete dokaz da iz mene govori Krist - a on prema vama nije slab, nego je sna\u017ena sila me\u0111u vama."
                },
                "4": {
                    "verse_nr": "4",
                    "verse": "Jer, iako je u slabosti raspet, ipak \u017eivi u mo\u0107noj Bo\u017ejoj sili. Tako smo i mi u njemu slabi, ali ipak \u0107emo po mo\u0107noj Bo\u017ejoj sili \u017eivjeti da vam slu\u017eimo."
                },
                "5": {
                    "verse_nr": "5",
                    "verse": "Preispitajte se \u017eivite li u skladu sa svojom vjerom. Mo\u017eete li sebe prepoznati kao ljude u kojima prebiva Krist? Ako ne mo\u017eete, niste polo\u017eili ispit."
                },
                "6": {
                    "verse_nr": "6",
                    "verse": "Nadam se da shva\u0107ate kako ja na tome ispitu nisam pao."
                },
                "7": {
                    "verse_nr": "7",
                    "verse": "Molimo Boga da vi ne \u010dinite nikakva zla, ne zato da bi se na\u0161a slu\u017eba kod vas pokazala uspje\u0161nom, ve\u0107 da biste vi trajno \u010dinili dobro \u010dak i ako smo mi bili neuspje\u0161ni."
                },
                "8": {
                    "verse_nr": "8",
                    "verse": "Protiv istine ne mo\u017eemo u\u010diniti ni\u0161ta - ve\u0107 samo za istinu."
                },
                "9": {
                    "verse_nr": "9",
                    "verse": "Radujemo se kad god smo mi slabi, a vi jaki. Molimo se da bivate sve savr\u0161enijima."
                },
                "10": {
                    "verse_nr": "10",
                    "verse": "Pi\u0161em vam ovo u odsutnosti, prije nego \u0161to do\u0111em, da ne bih morao o\u0161tro s vama postupati kad budem nazo\u010dan. Jer vlast koju mi je Gospodin dao \u017eelim uporabiti za va\u0161u izgradnju, a ne da vas sru\u0161im."
                },
                "11": {
                    "verse_nr": "11",
                    "verse": "Pavlovi zaklju\u010dni pozdravi -I na posljetku, bra\u0107o: radujte se, te\u017eite da budete savr\u0161eni, hrabrite jedni druge, \u017eivite u slozi i miru, pa \u0107e Bog ljubavi i mira biti s vama!"
                },
                "12": {
                    "verse_nr": "12",
                    "verse": "Pozdravite jedni druge svetim cjelovom u Gospodinu. Pozdravljaju vas svi sveti."
                },
                "13": {
                    "verse_nr": "13",
                    "verse": "Neka milost na\u0161ega Gospodina Isusa Krista, Bo\u017eja ljubav i zajednica Svetoga Duha budu sa svima vama!IBS-CRO"
                },
                "14": {
                    "verse_nr": "14",
                    "verse": "verse doesn't exist in this bible version"
                }
            }
        }
    }
}