{
    "version": "SWN",
    "book_name": "Ezra",
    "book_nr": "15",
    "book": {
        "1": {
            "chapter_nr": "1",
            "chapter": {
                "1": {
                    "verse_nr": "1",
                    "verse": "Katika mwaka wa kwanza wa Koreshi, mfalme wa Uajemi, Yahwe akatimiza neno lake ambalo Yeremia alisema, na kuinua roho ya Koreshi. Sauti ya Koreshi ikasambaa na kusikika katika ufalme wake. Hiki ndicho kilichoandikwa na kusemwa:"
                },
                "2": {
                    "verse_nr": "2",
                    "verse": "\u201cKoreshi, mfalme wa Uajemi, anasema: Yahwe, Mungu wa mbinguni, amenipa mimi ufalme wote wa dunia, na ameniteua mimi kumjengea yeye nyumba katika Yerusalem ya Yuda."
                },
                "3": {
                    "verse_nr": "3",
                    "verse": "Yeyote katika watu wake (Mungu awe pamoja naye) anaweza kwenda Yerusalem na kujenga nyumba kwa ajili ya Yahwe, Mungu wa Israel, Mungu ambaye yuko Yerusalem."
                },
                "4": {
                    "verse_nr": "4",
                    "verse": "Watu wa kila sehemu katika ufalme waliosalia katika nchi na kuishi wanapaswa kuwapa wao fedha na dhahabu, mali na wanyama, pamoja na kutoa kwa hiari kwenye nyumba ya Mungu Yerusalem.\u201d"
                },
                "5": {
                    "verse_nr": "5",
                    "verse": "Ndipo wakuu wa jamii ya Yuda na Benjamini, makuhani na walawi, na kila mmoja ambaye Roho wa Mungu alimwinua kuondoka na kujenga nyumba yake alisimama."
                },
                "6": {
                    "verse_nr": "6",
                    "verse": "Wale waliowazunguka karibu waliwasaidia kwa kuwapa fedha na vitu vya dhahabu, mali, wanyama, vitu vya thamani, na kutoa kwa hiari."
                },
                "7": {
                    "verse_nr": "7",
                    "verse": "Mfalme Koreshi akarusu vitu ambavyo vilikuwa kwenye nyumba ya Yahwe, ambavyo Nebukadreza alitoa kutoka Yerusalem na kuviweka katika nyumba ya miungu yake."
                },
                "8": {
                    "verse_nr": "8",
                    "verse": "Koreshi akavikabidhi kwenye mikono ya Mithredathi mtunza fedha, ambaye akavitoa na kuhesabu kwa Sheshbaza, kiongozi wa Yuda"
                },
                "9": {
                    "verse_nr": "9",
                    "verse": "Hii ilikuwa idadi yake: beseni thelathini za dhahabu, beseni elfu moja za fedha, beseni zingine ishirini na tisa,"
                },
                "10": {
                    "verse_nr": "10",
                    "verse": "mabakuli thelathini ya dhahabu, mabakuli madogo ya fedha 410, na vitu elfu moja vya kuongezea."
                },
                "11": {
                    "verse_nr": "11",
                    "verse": "Kulikuwa na vitu 5, 400 vya fedha na dhahabu. Sheshbaza akavileta vyote wakati wa uhamisho kutoka Babeli kwenda Yerusalem."
                }
            }
        },
        "2": {
            "chapter_nr": "2",
            "chapter": {
                "1": {
                    "verse_nr": "1",
                    "verse": "Hawa ndio watu katika jimbo waliochukuliwa mateka na kwenda na mfalme Nebukadneza, yeye aliwachukua utumwani Babeli, watu wakarudi katika miji yao ya Yerusalem na Yuda."
                },
                "2": {
                    "verse_nr": "2",
                    "verse": "Walikuja pamoja na Zerubabeli, Yoshua, Nehemia, Seraya, Reelaya, Mordekai, Bilshani, Mispari., Bigwai, Rehumu, na Baana. Hii ndio idadi ya wanaume ya watu wa Israeli."
                },
                "3": {
                    "verse_nr": "3",
                    "verse": "Waporoshi: 2, 172"
                },
                "4": {
                    "verse_nr": "4",
                    "verse": "Wana wa Shefatia: 372"
                },
                "5": {
                    "verse_nr": "5",
                    "verse": "Wana wa Ara: 775."
                },
                "6": {
                    "verse_nr": "6",
                    "verse": "Wana wa Path-Moabu, kupitia Yeshua na Yoabu: 2, 812."
                },
                "7": {
                    "verse_nr": "7",
                    "verse": "Wana wa Eliamu: 1, 254."
                },
                "8": {
                    "verse_nr": "8",
                    "verse": "Wana wa Zatu: 945."
                },
                "9": {
                    "verse_nr": "9",
                    "verse": "Wana wa Zakai: 760."
                },
                "10": {
                    "verse_nr": "10",
                    "verse": "Wana wa Binui: 642."
                },
                "11": {
                    "verse_nr": "11",
                    "verse": "Wana wa Bebai: 623."
                },
                "12": {
                    "verse_nr": "12",
                    "verse": "Wana wa Azgadi: 1, 222."
                },
                "13": {
                    "verse_nr": "13",
                    "verse": "Wana wa Adonikamu: 666."
                },
                "14": {
                    "verse_nr": "14",
                    "verse": "Wana wa Bigwai: 2, 056."
                },
                "15": {
                    "verse_nr": "15",
                    "verse": "Wana wa Adini: 454."
                },
                "16": {
                    "verse_nr": "16",
                    "verse": "Wana wa Ateri kupitia Hezekiah: tisini na nane."
                },
                "17": {
                    "verse_nr": "17",
                    "verse": "Wana wa Besai: 323."
                },
                "18": {
                    "verse_nr": "18",
                    "verse": "Wana wa Harifu: 112."
                },
                "19": {
                    "verse_nr": "19",
                    "verse": "Wanaume wa Hashimu: 223."
                },
                "20": {
                    "verse_nr": "20",
                    "verse": "Wanaume wa Gibeoni: Tisini na tano."
                },
                "21": {
                    "verse_nr": "21",
                    "verse": "Wanaume wa Bethlehemu: 123."
                },
                "22": {
                    "verse_nr": "22",
                    "verse": "Wanaume wa Netofa: Hamsini na sita."
                },
                "23": {
                    "verse_nr": "23",
                    "verse": "Wanaume wa Anathothi: 128."
                },
                "24": {
                    "verse_nr": "24",
                    "verse": "Wanaume wa Beth-Azmawethi: Arobaini na mbili."
                },
                "25": {
                    "verse_nr": "25",
                    "verse": "Wanaume wa Kiriath-Yearimu, na Kefira, na Beerothi: Mia saba arobaini na tatu."
                },
                "26": {
                    "verse_nr": "26",
                    "verse": "Wanaume wa Rama na Geba: 621."
                },
                "27": {
                    "verse_nr": "27",
                    "verse": "Wanaume wa Mikmashi: 122."
                },
                "28": {
                    "verse_nr": "28",
                    "verse": "Wanaume wa Betheli, na Ai: 223."
                },
                "29": {
                    "verse_nr": "29",
                    "verse": "Wanaume wa Nebo: Hamsini na mbili."
                },
                "30": {
                    "verse_nr": "30",
                    "verse": "Wanaume wa Magbishi: 156."
                },
                "31": {
                    "verse_nr": "31",
                    "verse": "Wanaume wengine wa Elamu: 1, 254."
                },
                "32": {
                    "verse_nr": "32",
                    "verse": "nne. Wanaume wa Harimu: 320."
                },
                "33": {
                    "verse_nr": "33",
                    "verse": "Wanaume wa Lodi, na Hadidi, na Ono: 725."
                },
                "34": {
                    "verse_nr": "34",
                    "verse": "Wanaume wa Yeriko: 345."
                },
                "35": {
                    "verse_nr": "35",
                    "verse": "Wanaume wa Senaa: 3, 630."
                },
                "36": {
                    "verse_nr": "36",
                    "verse": "Wana wa Yedaya kuhani wa nyumba ya Yoshua: 973."
                },
                "37": {
                    "verse_nr": "37",
                    "verse": "Wana wa Imeri: 1, 052."
                },
                "38": {
                    "verse_nr": "38",
                    "verse": "Wana wa Pashuri: 1, 247."
                },
                "39": {
                    "verse_nr": "39",
                    "verse": "Wana wa Harimu: 1, 017."
                },
                "40": {
                    "verse_nr": "40",
                    "verse": "Walawi: Wana wa Yeshua, na Kadmieli, wana wa Hodavia: Sabini na"
                },
                "41": {
                    "verse_nr": "41",
                    "verse": "nne. Waimbaji hekaluni wana wa Asafu: 128."
                },
                "42": {
                    "verse_nr": "42",
                    "verse": "Walinzi: wana wa Shalumu, Ateri na, Talmoni, Akubu, Hatita na Shobai: 139 jumla."
                },
                "43": {
                    "verse_nr": "43",
                    "verse": "Wale walichaguliwa kuhudumu ndani ya Hekalu: wana wa Siha, Hasufa, Tabaothi:"
                },
                "44": {
                    "verse_nr": "44",
                    "verse": "Keros, Siaha, Padoni."
                },
                "45": {
                    "verse_nr": "45",
                    "verse": "Lebana, Hagaba, Akubu,"
                },
                "46": {
                    "verse_nr": "46",
                    "verse": "Hagabu, Salmai, Hanani"
                },
                "47": {
                    "verse_nr": "47",
                    "verse": "Wana wa Gideli, Gahari, Reaya,"
                },
                "48": {
                    "verse_nr": "48",
                    "verse": "Resini, Nekoda, Gazamu,"
                },
                "49": {
                    "verse_nr": "49",
                    "verse": "Uza, Pasea, Besai,"
                },
                "50": {
                    "verse_nr": "50",
                    "verse": "Asna, Meunimu, Nefusimu:"
                },
                "51": {
                    "verse_nr": "51",
                    "verse": "Wana wa Bakbuki, Hakufa, Harhuri:"
                },
                "52": {
                    "verse_nr": "52",
                    "verse": "Basluthi, Mehida, Barsha:"
                },
                "53": {
                    "verse_nr": "53",
                    "verse": "Barkosi, Sisera, Tema:"
                },
                "54": {
                    "verse_nr": "54",
                    "verse": "Nesia, Tefa"
                },
                "55": {
                    "verse_nr": "55",
                    "verse": "Wana wa watumishi wa Selemani: Wana wa Sotai, Soferethi, Peruda,"
                },
                "56": {
                    "verse_nr": "56",
                    "verse": "Yaala, Darkoni, Gideli,"
                },
                "57": {
                    "verse_nr": "57",
                    "verse": "Shefatia, Hatili, Pokereth-Sebaimu, Amoni,"
                },
                "58": {
                    "verse_nr": "58",
                    "verse": "Walikuwa jumla ya watumishi mia tatu tisini na mbili waliochaguliwa kutumika katika Hekalu pamoja na wana wa watumishi wa Selemani."
                },
                "59": {
                    "verse_nr": "59",
                    "verse": "Wale ambao walitoka Tel-mela, Tel-harsha, Kerubu, Adani, na Imeri, Lakini hawakuweza kuthibitisha kizazi chao kilitoka Israeli-"
                },
                "60": {
                    "verse_nr": "60",
                    "verse": "pamoja na mia sita hamsini na mbili wana wa Delaya, Tobia na Nekoda."
                },
                "61": {
                    "verse_nr": "61",
                    "verse": "Vilevile, kutoka kwa wana wa kuhani: Wana wa Habaya, Hakosi, Barzilai (ambaye alipata mke kutoka kwa binti ya Barzilai, Mgileadi na akaitwa kwa jina lao)"
                },
                "62": {
                    "verse_nr": "62",
                    "verse": "Walitafuta kumbukumbu ya kizazi chao, lakini haikupatikana, hivyo wakaondolewa kwenye ukuhani kama wasiosafi."
                },
                "63": {
                    "verse_nr": "63",
                    "verse": "Hivyo kiongozi akawakataza wasile kitu chochote kitakatifu kilichotakaswa mpaka kuhani mwenye Urimu na Thumimu athibitishe."
                },
                "64": {
                    "verse_nr": "64",
                    "verse": "Jumla ya kundi 42, 360,"
                },
                "65": {
                    "verse_nr": "65",
                    "verse": "ukiondoa watumishi na wasaidizi (wao walikuwa 7, 337) waimbaji Hekaluni wanaume na wanawake (mia mbili)"
                },
                "66": {
                    "verse_nr": "66",
                    "verse": "Farasi wao: 736, Nyumbu wao: 245."
                },
                "67": {
                    "verse_nr": "67",
                    "verse": "Ngamia wao: 435. Punda wao: 6, 720."
                },
                "68": {
                    "verse_nr": "68",
                    "verse": "Walipokwenda kwenye nyumba ya Yahwe Yerusalem, wakuu wa mababa walijitoa kwa hiari kujenga nyumba."
                },
                "69": {
                    "verse_nr": "69",
                    "verse": "Walitoa kadiri ya uwezo wao katika kufadhili kazi: Dhahabu za darkoni sitini na moja elfu, mane za fedha elfi tano na mavazi mia moja ya makuhani."
                },
                "70": {
                    "verse_nr": "70",
                    "verse": "Basi makuhani na walawi, watu, waimbaji hekaluni, na walinzi wa getini, na wale waliochaguliwa kutumika katika Hekalu walikaa katika miji yao. Watu wote katika Israel walikuwa katika miji yao."
                }
            }
        },
        "3": {
            "chapter_nr": "3",
            "chapter": {
                "1": {
                    "verse_nr": "1",
                    "verse": "Ilikuwa miezi saba baaada ya watu wa Israeli kurudi kwenye miji yao, ndipo walipojikusanya pamoja kama mtu mmoja katika Yerusalem."
                },
                "2": {
                    "verse_nr": "2",
                    "verse": "Yeshua mwana wa Yosadaki na kaka yake kuhani, na Zerubabeli mwana wa Sheatieli na kaka yake wakainuka na kujenga madhabahu ya Mungu wa Israeli na kutoa sadaka ya kuteketezwa kama ilivyoagizwa katika sheria ya Musa, Mtu wa Mungu."
                },
                "3": {
                    "verse_nr": "3",
                    "verse": "Ndipo wakaanzisha madhabahu juu ya msingi, kwa hofu waliokuwa nayo kwa sababu ya watu wa nchi/ Wakatoa sadaka ya kuteketezwa kwa Yahwe asubuhi na jioni."
                },
                "4": {
                    "verse_nr": "4",
                    "verse": "Pia vilevile wakaichunguza sikukuu ya vibanda kama ilivyoandikwa na wakatoa sadaka ya kuteketezwa siku kwa siku kama ilivyoagizwa, kila siku kwa siku yake."
                },
                "5": {
                    "verse_nr": "5",
                    "verse": "Kulikuwa na sadaka ya kila siku ya kuteketezwa na mwezi mara moja na sadaka za siku ya Yahwe za kudumu, pamoja na sadaka zote za hiari."
                },
                "6": {
                    "verse_nr": "6",
                    "verse": "Walianza kutoa sadaka za kuteketezwa za Yahwe siku ya kwanza ya mwezi wa saba, ingawa hekalu lilikuwa halijaanza kujengwa."
                },
                "7": {
                    "verse_nr": "7",
                    "verse": "Hivyo wakatoa fedha kwa wahunzi na fundi wa mkono, na wakawapa chakula, vinywaji na mafuta kwa watu wa Sidoni na Tiro, ili kwamba walete miti ya mierezi kupitia baharini kutoka Lebanoni mpaka Yafa, na kama walivyo ruhusiwa na mfalme Koreshi wa Uajemi."
                },
                "8": {
                    "verse_nr": "8",
                    "verse": "Ndipo mwezi wa pili katika mwaka wa pili baadae wakaja kwenye nyumba ya Mungu Yerusalem, Zerubabeli, Yoshua mwana wa Yosadaki, na baadhi ya makuhani na walawi na wale walikuja kutoka uhamishoni kurudi Yerusalem wakaanza kazi. Wakawachagua walawi walikuwa na miaka ishirini na zaidi kusimamia kazi ya nyumba ya Yahwe,"
                },
                "9": {
                    "verse_nr": "9",
                    "verse": "Yoshua akamsimamisha kijana wake na kaka yake, Kadmiel na watoto wake, na kizazi cha yuda kusimamia kufanya kazi katika nyumba ya Mungu. Pamoja na wao kulikuwa na wana wa Henadadi, na uzao wao, na pia jamaa zao walawi."
                },
                "10": {
                    "verse_nr": "10",
                    "verse": "Wajenzi wakasimamisha msingi wa Hekalu la Yahwe, Na hii ikawawezesha makuhani kusimama na mavazi yao wakiwa na tarumbeta, na walawi wana wa Asafu, kumtukuza Yahwe kwa matoazi, kama mkono wa mfalme Daudi wa Israel alivyoagiza."
                },
                "11": {
                    "verse_nr": "11",
                    "verse": "Waliimba kwa kumsifu na kumshukuru Yahwe. \u201cYeye ni mwema! Agano lake ni kweli kwa Israel ladumu milele.\u201dWatu wote wakapiga kelele kwa sauti kuu za shangwe wakimsifu Yahwe kwa sababu misingi ya Hekalu ilikuwa imekamilika."
                },
                "12": {
                    "verse_nr": "12",
                    "verse": "Lakini wengi wa Makuhani, walawi, wakuu wa kale, na wazeee wa zamani walioiona nyumba ya kwanza, wakati misingi ilipowekwa wakaishuhudia kwa macho yao, walilia kwa sauti. Lakiniwengi walipiga kelele kwa sauti za shangwe na furaha na sauti za kushangaza."
                },
                "13": {
                    "verse_nr": "13",
                    "verse": "Na matokeo yake, watu hawakuweza kutofautisha sauti za furaha na sauti za shangwe na sauti za watu waliokuwa wanalia, kwa kuwa watu walikuwa wanalia kwa sauti kuu ya shangwe na sauti ilisikika kutoka mbali."
                }
            }
        },
        "4": {
            "chapter_nr": "4",
            "chapter": {
                "1": {
                    "verse_nr": "1",
                    "verse": "Ndipo maadui wa Yuda na Benjamini waliposikia kwamba watu waliokuwa uhamishoni walikuwa wanajenga Hekalu la Yahwe, Mungu wa Israel."
                },
                "2": {
                    "verse_nr": "2",
                    "verse": "Hivyo wakamkaribia Zerubabeli na wakuu wa jamii yao. Wakawaambia: Mturuhusu tujenge pamoja nanyi, kama ninyi, tunamtafuta mungu wenu, na tumejitoa kwake tangu siku ambapo, Esar-hadoni, mfalme wa Ashuru alipotuleta mahali hapa.\u201d"
                },
                "3": {
                    "verse_nr": "3",
                    "verse": "Lakini Zerubabeli, Yoshua na wakuu wa kale wa jamii wakasema, \u201csio wewe, lakini sisi ndio tunaowajibika kujenga nyumba ya Mungu wetu, Sisi ndio tutakaomjengea Yawe, Mungu wa Israel, kama vile mfalme koreshi mfalme wa Ashuru alivyoagiza.\u201d"
                },
                "4": {
                    "verse_nr": "4",
                    "verse": "Hivyo watu wa nchi wakadhoofisha mikono ya wayahudi, wakawafanya wayahudi waogope kujenga nyumba."
                },
                "5": {
                    "verse_nr": "5",
                    "verse": "Pia wakawahonga washauri ili kuwachanganya katika mipango yao. Walitenda haya kipindi chote cha Koreshi na kipindi cha utawala wa Dario mfalme wa Uajemi."
                },
                "6": {
                    "verse_nr": "6",
                    "verse": "Tena katika kuanza kutawala kwake Ahasuero wakaandika mashitaka dhidi ya wenyeji wa Yuda na Yerusalem"
                },
                "7": {
                    "verse_nr": "7",
                    "verse": "Ilikuwa siku za Ahasuero ambazo Artashasta, Mithredathi, na Tabeeli na wenzake wakamwandikia Ahasuero. Barua iliandikwa Kiaramu na kutafsiliwa."
                },
                "8": {
                    "verse_nr": "8",
                    "verse": "Rehumu jemedari na Shimshai mwandishi wakaandika hivi kwa Artashasta kuhusu Yerusalem."
                },
                "9": {
                    "verse_nr": "9",
                    "verse": "Tena Rehumu, Shimshai na wenzao ambao ni waamuzi na maofisa wengine wa Serikali, kutoka Waarkewi, Wababeli na washushami katika Waelami,"
                },
                "10": {
                    "verse_nr": "10",
                    "verse": "nao wakaandika barua na waliungana na watu wakuu na mheshimiwa Asur - bani - pali aliwalazimisha kukaa Samalia pamoja na waliobaki katika mji ngambo ya mto."
                },
                "11": {
                    "verse_nr": "11",
                    "verse": "Hii ni nakala waliotuma kwa Artashasta: \u201cWatumishi wako, watu wa mji ngambo ya mto, waandika hivi:"
                },
                "12": {
                    "verse_nr": "12",
                    "verse": "Mfalme atambue kwamba Wayahudi waliotoka kwako wamefanya kinyume chetu hapa Yerusalem wamejenga mji wa uasi. Wamekamilisha ukuta na marekebisho ya misingi."
                },
                "13": {
                    "verse_nr": "13",
                    "verse": "Sasa mfalme atambue kwamba endapo mji utajengwa na kuta zake kukamilika, hawatatoa ushuru na kodi, lakini watawadhuru wafalme."
                },
                "14": {
                    "verse_nr": "14",
                    "verse": "Hakika kwa kuwa tumekula chumvi ya Ikulu, haitopendeza sisi kuona heshima ya mfalme inavunjwa, kwa sababu hiyo tunamtaarifu mfalme"
                },
                "15": {
                    "verse_nr": "15",
                    "verse": "kufanya uchunguzi wa kumbukumbu ya baba yake, na kujiridhisha kuwa mji huu ulikuwa wa uharibifu ambao utawadhuru wafalme na miji. Ulisababisha matatizo mengi kwa wafalme na miji. Ilikuwa ni kitovu cha uhalibifu tokea siku nyingi. Ni kwa sababu hiyo mji uliteketezwa."
                },
                "16": {
                    "verse_nr": "16",
                    "verse": "Tunamtaarifu mfalme kuwa endapo mji na ukuta ukijengwa, Hakuna kitakachobakia kwa ajili yako katika mji ngambo ya mto.\u201d"
                },
                "17": {
                    "verse_nr": "17",
                    "verse": "Ndipo mfalme akarudisha majibu kwa Rehumu na Shimshai na wenzao katika Samalia na waliobaki katika mji ngambo ya mto. \u201cAmani iwe pamoja nanyi."
                },
                "18": {
                    "verse_nr": "18",
                    "verse": "Barua mliyonitumia imetafsiliwa na kusomwa kwangu."
                },
                "19": {
                    "verse_nr": "19",
                    "verse": "Hivyo niliagiza uchunguzi ufanywe na ikabainika kwamba zamani uliasi na kuwafitinisha wafalme."
                },
                "20": {
                    "verse_nr": "20",
                    "verse": "Wafalme wakuu walitawala Yerusalem yote na kuongoza kila sehemu ya mji ngambo ya mto. Ada na kodi walilipwa."
                },
                "21": {
                    "verse_nr": "21",
                    "verse": "Sasa, wekeni agizo kwa watu hawa wasiendelee na kujenga mji mpaka nitakapotoa amri."
                },
                "22": {
                    "verse_nr": "22",
                    "verse": "Muwe waangalifu msipuuze hili. Kwa nini kuruhusu tishio hili kuongezeka na kusababisha hasara kwa matakwa ya ufalme?"
                },
                "23": {
                    "verse_nr": "23",
                    "verse": "Baada ya amri ya mfalme Artashasta kusomwa mbele ya Rehumu, Shimshai na wenzao, wakaondoka haraka kwenda Yerusalem, na wakawalazimisha Wayahudi kuacha kujenga."
                },
                "24": {
                    "verse_nr": "24",
                    "verse": "Hivyo kazi ya nyumba ya Mungu Yerusalem ikasitishwa mpaka kutawala mara ya pili kwa mfalme Dario wa Uajemi."
                }
            }
        },
        "5": {
            "chapter_nr": "5",
            "chapter": {
                "1": {
                    "verse_nr": "1",
                    "verse": "Ndipo Hagai nabii na Zakaria mtoto wa Ido nabii wakatabiri kwa jina la Mungu wa Israel kwa wayahudi wa Yuda na Yerusalem."
                },
                "2": {
                    "verse_nr": "2",
                    "verse": "Zerubabeli mtoto wa Shealtieli na Yoshua mtoto wa Yosadaki wakainuka na kuanza kujenga nyumba ya Mungu Yerusalem pamoja na manabii ambao waliwahamasisha wao."
                },
                "3": {
                    "verse_nr": "3",
                    "verse": "Ndipo Tatenai Mkuu wa mji ngambo ya mto, Shethar - Bozenai, na mshirika wao, wakaja na kusema kwao, \u201cNani aliyewapa agizo la kujenga nyumba hii na kukamilisha ukuta?\u201d"
                },
                "4": {
                    "verse_nr": "4",
                    "verse": "Vilevile walisema, \u201cNi majina ya watu gani wanaoshughulika na ujenzi huu?\u201d"
                },
                "5": {
                    "verse_nr": "5",
                    "verse": "Lakini jicho la Mungu lilikuwa pamoja na viongozi wa Wayahudi na maadui wao hawakuweza kuwazuia. Walikuwa wakisubiri barua kutumwa kwa mfalme na amri kurudi kwao kwa ajili ya suala hili."
                },
                "6": {
                    "verse_nr": "6",
                    "verse": "Hii ni nakala ya barua kwa Tatenai, mkuu wa mji ngambo ya mto, na Shethar - Bozenai na wenzao katika mji ngambo ya Mto, ambao waliwatuma kwa mfalme Dario."
                },
                "7": {
                    "verse_nr": "7",
                    "verse": "Wakatuma ujumbe, wakiandika kwa mfalme Dario, \u201cAmani tele iwe kwako\u201d"
                },
                "8": {
                    "verse_nr": "8",
                    "verse": "Mfalme atambue kwamba tulikwenda Yuda kwenye nyumba ya Mungu Mkuu. Imeshajengwa kwa mawe makubwa na mbao zimewekwa katika kuta. Hii kazi inafanyika kwa utaratibu na inaendelea vizuri kwa mikono yao."
                },
                "9": {
                    "verse_nr": "9",
                    "verse": "Tukawauliza wazee, ni nani aliyewapa agizo la kujenga nyumba na ukuta?'"
                },
                "10": {
                    "verse_nr": "10",
                    "verse": "Pia tuliwauliza majina yao ili kwamba ujue majina ya kila mtu ambaye aliwaongoza."
                },
                "11": {
                    "verse_nr": "11",
                    "verse": "Nao wakatujibu na kusema, \u201cSisi tu watumishi wa Mungu wa mbingu na nchi na sisi tunaijenga nyumba hii ambayo ilijengwa miaka mingi iliyopita wakati mfalme mkuu wa Israel alijenga na kuikamisha."
                },
                "12": {
                    "verse_nr": "12",
                    "verse": "Ingawa, watangulizi wetu walipomchukiza Mungu wa mbinguni, Mungu akawatia katika mikono ya mfalme wa Babeli Nebukadineza, ambaye alivunja nyumba na kuwachukua watu mateka Babeli."
                },
                "13": {
                    "verse_nr": "13",
                    "verse": "Pia, katika mwaka wa kwanza wa kutawala Koreshi mfalme wa Babeli, Koreshi aliamuru nyumba ya Mungu kujengwa."
                },
                "14": {
                    "verse_nr": "14",
                    "verse": "Mfalme Koreshi pia alirudisha vitu vya dhahabu na fedha vya nyumba ya Mungu ambavyo Nebukadineza alivichukua kwenye hekalu Yerusalem na kuvipeleka kwenye hekalu Babeli. Naye akavitunza kwa Sheshbaza, ambaye alimchagua kuwa kiongozi."
                },
                "15": {
                    "verse_nr": "15",
                    "verse": "Naye akamwambia, \u201cChukua hivi vitu. Uondoke na kuviweka kwenye Hekalu Yerusalem. Na nyumba ya Mungu ijengwe kule.\u201d"
                },
                "16": {
                    "verse_nr": "16",
                    "verse": "Ndipo huyu Sheshbaza akaja na kuweka msingi kwa nyumba ya Mungu katika Yerusalem: na ikaendelea kujengwa, lakini bado haijakamilika"
                },
                "17": {
                    "verse_nr": "17",
                    "verse": "Sasa ikiwa itampendeza mfalme, na uchunguzi ufanyike kwenye nyumba ya ukumbusho Babeli Ikiwapo hukumu ya mfalme wa Koreshi ya kujenga nyumba ya Mungu Yerusalem. Na mfalme anaweza kutuma uamuzi wake kwetu."
                }
            }
        },
        "6": {
            "chapter_nr": "6",
            "chapter": {
                "1": {
                    "verse_nr": "1",
                    "verse": "Na mfalme dario akaamuru uchunguzi ufanyike katika nyumba ya kumbukumbu Babeli."
                },
                "2": {
                    "verse_nr": "2",
                    "verse": "Na katika mji wa Akmetha huko media chuo kilionekana: Kumbukumbu yake ilisema:"
                },
                "3": {
                    "verse_nr": "3",
                    "verse": "\u201cKatika mwaka wa kwanza mfalme Koresh, Koreshi alitoa amri kuhusu nyumba ya Mungu Yerusalem:'Na nyumba ijengwe iwe sehemu ya kutoa dhabihu, misingi yake iwekwe, urefu wake uwe sitini,"
                },
                "4": {
                    "verse_nr": "4",
                    "verse": "na upana wake uwe sitini, sehemu tatu za mawe makubwa na sehemu moja ya mbao mpya, na gharama hizo zitalipwa kutoka nyumba ya mfalme."
                },
                "5": {
                    "verse_nr": "5",
                    "verse": "Sasa vilirudishwe tena vitu vya dhahabu na fedha vilivyokuwa kwenye nyumba ya Mungu ambavyo Nebukadineza alivichukua kuvipeleka Babeli kutoka kwenye Hekalu Yerusalem. Na avirudishe tena Yerusalem Hekaluni. Na utaviweka tena kwenye nyumba ya Mungu."
                },
                "6": {
                    "verse_nr": "6",
                    "verse": "Sasa Tetanai, mkuu wa jimbo ngambo ya mto, Shethar - Bozenai na wenzao walio katika mji ngambo ya mto, wakajitenga,"
                },
                "7": {
                    "verse_nr": "7",
                    "verse": "wakaacha kazi ya nyumba ya Mungu pekee. Viongozi na wazee wa kiyahudi watajenga nyumba ya Mungu mahali pake."
                },
                "8": {
                    "verse_nr": "8",
                    "verse": "Ninatoa agizo kwamba lazima lifanyike kwa wazee wa kiyahudi wanaojenga nyumba ya Mungu: Mchango kutoka kwa mfalme ushuru ngambo ya mto, utatumika katika kuwalipa watu hawa ili kwamba kazi yao isiweze kusimama."
                },
                "9": {
                    "verse_nr": "9",
                    "verse": "Chochote kitakachohitajika, ngombe wachanga, kondoo au kondoo wa sadaka ya kutekezwa kwa ajili ya Mungu wa mbinguni, ngano, chumvi, divai na mafuta kadri ya maagizo ya makuhani wa Yerusalem - wapatie vitu hivi kila siku bila kikomo."
                },
                "10": {
                    "verse_nr": "10",
                    "verse": "fanya hivyo ili kwamba wataleta sadaka kwa Mungu wa mbinguni na wataomba kwa ajili yangu mfalme na watoto wangu."
                },
                "11": {
                    "verse_nr": "11",
                    "verse": "Mimi nina agiza kwamba yeyote atakayevunja amri hii, Chuma kitolewe katika nyumba yake. Na awekwe juu yake. Na nyumba yake itabadilishwa kuwa takataka kwa sababu hii."
                },
                "12": {
                    "verse_nr": "12",
                    "verse": "Mungu huyu aliyesababisha jina lake kuwepo atamwondoa mfalme au mtu atakayebadili agizo hili au kuondosha nyumba ya Mungu katika Yerusalem. Mimi Dario nimeagiza hili, lifanyike kwa makini."
                },
                "13": {
                    "verse_nr": "13",
                    "verse": "Na kwa sababu ya amri iliyotumwa na mfalme Dario, Tatenai kiongozi mji ngambo ya mto na Sheshthar -Bozenai na wenzao. wakafanya kila kitu kama Mfalme Dario alivyoagiza."
                },
                "14": {
                    "verse_nr": "14",
                    "verse": "Hivyo wazee wa kiyahudi wakajenga kama Hagai na Zakaria walivyoelekeza kwa kutabiri. Wakajenga kama amri ilivyotolewa na Mungu wa Israel na Koreshi, Dario na Artashasta mfalme wa Uajemi."
                },
                "15": {
                    "verse_nr": "15",
                    "verse": "Nyumba ikakamilika siku ya tatu ya mwezi wa adari, katika mwaka wa sita wa kutawala mfalme Dario."
                },
                "16": {
                    "verse_nr": "16",
                    "verse": "watu wa Israel, makuhani, walawi na watu waliobaki wa uhamisho wakasheherekea kuweka wakfu nyumba ya Mungu kwa furaha."
                },
                "17": {
                    "verse_nr": "17",
                    "verse": "Wakatoa ngombe mia moja, kondoo mia moja na kondoo wengine mia nne kwa ajili ya kuweka wakfu nyumba ya Mungu. Mbuzi wa kiume kumi na wawili walitolewa kama sadaka ya dhambi kwa ajili ya waisrael wote kila kabila katika Israel."
                },
                "18": {
                    "verse_nr": "18",
                    "verse": "Pia wakawapa wajibu makuhani na walawi kufanya mgawanyo wa kazi ya Mungu katika Yerusalem. Kama ilivyoandikwa katika kitabu cha Musa."
                },
                "19": {
                    "verse_nr": "19",
                    "verse": "Hivyo wale waliokuwa utumwani wakasherehekea pasaka siku ya kumi na nne ya mwezi wa kwanza."
                },
                "20": {
                    "verse_nr": "20",
                    "verse": "Makuhani na walawi wakajitakasa wenyewe na wakachinja pasaka ya sadaka kwa ajili ya waliokuwa mateka wakiwemo na wao wenyewe."
                },
                "21": {
                    "verse_nr": "21",
                    "verse": "watu wa Israel ambao walikula nyama ya Pasaka ni wale waliorudi kutoka uhamishoni na walikuwa wamejitenga wenyewe kutoka kwa watu wasio safi wa nchi ile na kumchagua Yahwe, Mungu wa Israel."
                },
                "22": {
                    "verse_nr": "22",
                    "verse": "Walifurahi na kushangilia siku kuu ya mikate isiyochacha kwa siku saba, kwa sababu Yahwe amewarejeshea furaha na ameugeuza moyo wa mfalme wa Ashuru, na kuwatia nguvu kwa kazi ya nyumba, nyumba ya Mungu wa Israel."
                }
            }
        },
        "7": {
            "chapter_nr": "7",
            "chapter": {
                "1": {
                    "verse_nr": "1",
                    "verse": "Sasa baada ya hili, kipindi cha kutawala Artashasta mfalme wa Uajemi, Ezra akaja kutoka Babeli. Watangulizi wa Ezra walikuwa: Seraya, Azaria, Hilkia,"
                },
                "2": {
                    "verse_nr": "2",
                    "verse": "Shalumu, Sadoki, Ahitubu,"
                },
                "3": {
                    "verse_nr": "3",
                    "verse": "Amaria, Azaria, Merayothi,"
                },
                "4": {
                    "verse_nr": "4",
                    "verse": "Zerahia, Uzi, Buki,"
                },
                "5": {
                    "verse_nr": "5",
                    "verse": "Abishaua, Fineasi, Eliazari ambaye ni mtoto wa Haruni kuhani mkuu."
                },
                "6": {
                    "verse_nr": "6",
                    "verse": "Ezra akaja kutoka Babeli na alikuwa mtalaam mwandishi wa sheria ya Musa, ambayo Yahwe, Mungu wa Israel aliwapa. Mfalme akampatia kila kitu alichooomba kwa kuwa mkono wa Yahwe ulikuwa pamoja naye."
                },
                "7": {
                    "verse_nr": "7",
                    "verse": "Baadhi ya wazao wa Israel, na makuhani, walawi, waimbaji, walinzi, na wale waliochaguliwa kuhudumu katika Hekalu pia wakaenda Yerusalem katika mwaka wa saba wa mfalme Artashasta."
                },
                "8": {
                    "verse_nr": "8",
                    "verse": "Naye akafika Yerusalem mwezi wa tano kama mwaka huo."
                },
                "9": {
                    "verse_nr": "9",
                    "verse": "Naye akaondoka Babeli siku ya kwanza ya mwezi wa kwanza. Ilikuwa siku ya kwanza ya mwezi wa tano ambapo alifika Yerusalem, kwa kuwa mkono mzuri wa Mungu ulikuwa pamoja naye."
                },
                "10": {
                    "verse_nr": "10",
                    "verse": "Ezra alikuwa ametoa moyo wake kusoma, kutenda, na kufundisha maagizo na sheria za Yahwe."
                },
                "11": {
                    "verse_nr": "11",
                    "verse": "Hii ndio amri ambayo mfalme Artashasta alimpa Ezra kuhani na mwandishi wa sheria za Yahwe na maagizo kwa Israeli."
                },
                "12": {
                    "verse_nr": "12",
                    "verse": "Mfalme wa wafalme Artashasta, kwa kuhani Ezra, mwandishi wa sheria za Mungu wa mbinguni."
                },
                "13": {
                    "verse_nr": "13",
                    "verse": "Ninatoa amri kwamba mtu yeyote Israel katika ufalme wangu pamoja na makuhani na walawi ambao wanatamani kwenda Yerusalem, wanaweza kwenda pamoja na wewe."
                },
                "14": {
                    "verse_nr": "14",
                    "verse": "Mimi mfalme na washauri wangu saba, tunawatuma wote kwenda kufahamu kuhusu Yuda na Yerusalem kuhusiana na sheria ya Mungu, ambayo iko mkononi mwako."
                },
                "15": {
                    "verse_nr": "15",
                    "verse": "Itakupasa kuleta Dhahabu na fedha ambazo walitoa kwa ajili ya Mungu wa Israel, ambaye makazi yake ni Yerusalem."
                },
                "16": {
                    "verse_nr": "16",
                    "verse": "Fedha iliyotolewa kwa hiari na Dhahabu yote iliyotolewa Babeli pamoja na matoleo ya hiari waliotoa watu na makuhani kwa ajili ya nyumba ya Mungu katika Yerusalem."
                },
                "17": {
                    "verse_nr": "17",
                    "verse": "Basi ununue vyote sadaka ya kondoo, beberu, kondoo, unga na kinywaji, uvitoe kwenye madhabahu ambayo ni nyumba ya Mungu wako katika Yerusalem."
                },
                "18": {
                    "verse_nr": "18",
                    "verse": "Fanya hivyo pamoja na sehemu ya fedha na dhahabu, vyovyote utakavyoona inakupendeza wewe na ndugu zako, kumpendeza Mungu."
                },
                "19": {
                    "verse_nr": "19",
                    "verse": "Viweke vitu vilivyotolewa kwa hiari mbele yako kwa ajili ya huduma ya nyumba ya Mungu Yerusalem."
                },
                "20": {
                    "verse_nr": "20",
                    "verse": "Kitu chochote kingine ambacho kinahitajika kwenye nyumba ya Mungu wako ambacho unahitaji, Gharama yake itatoka kwenye hazina yangu."
                },
                "21": {
                    "verse_nr": "21",
                    "verse": "Mimi mfalme Artashasta, natoa amri kwa wotunza hazina wote mjini ngambo ya mto, chochote Ezra atakachoomba kwenu anapaswa kupewa chote,"
                },
                "22": {
                    "verse_nr": "22",
                    "verse": "hata zaidi ya talanta mia moja za fedha, vipimo mia vya ngano, bathi mia za divai na bathi mia za mafuta, pia na chumvi isiyo na kikomo."
                },
                "23": {
                    "verse_nr": "23",
                    "verse": "Chochote ambacho kimeamriwa kutoka kwa Mungu wa mbinguni, kifanye hicho kwa utukufu wa nyumba yake. Kwa nini hasira yake ije kwenye ufalme wangu na watoto wangu?"
                },
                "24": {
                    "verse_nr": "24",
                    "verse": "Tutawapa taarifa wao kuhusu ninyi kwamba wasiwatoze ushuru wowote au kodi kwa kuhani, mlawi, mwimbaji, mlinzi au kwa mtu aliyechaguliwa kwenye huduma ya Hekalu na mtumishi katika nyumba ya Mungu."
                },
                "25": {
                    "verse_nr": "25",
                    "verse": "Ezra, kwa hekima aliyokupa Mungu, inakulazimu kuteua waamuzi na mtu muelewa kuwahudumia watu katika mji ngambo ya mto na kusaidia yeyote anayejua sheria za Mungu wako. Pia inakubidi ufundishe wale ambao hawajui sheria."
                },
                "26": {
                    "verse_nr": "26",
                    "verse": "Toa adhabu kwa yeyote asiyetii sheria ya Mungu au sheria ya mfalme, ikiwezekana kwa kifo, kuhamishwa, kuchukuliwa mali zake au kufungwa."
                },
                "27": {
                    "verse_nr": "27",
                    "verse": "Atukuzwe, Yahwe, Mungu wa watangulizi wetu, ambaye aliweka ndani ya moyo wa mfalme ili kutuza Nyumba ya Yahwe Yerusalem,"
                },
                "28": {
                    "verse_nr": "28",
                    "verse": "ambaye akaendeleza agano kwangu kwa uaminifu mbele ya mfalme, na washauri wake na wakuu wake wenye mamlaka, nilitiwa nguvu na mikono ya Yahwe, Mungu wangu, nami nikawakusanya viongozi kutoka Israel kwenda pamoja nami."
                }
            }
        },
        "8": {
            "chapter_nr": "8",
            "chapter": {
                "1": {
                    "verse_nr": "1",
                    "verse": "Hawa ni viongozi wa watangulizi familia ambazo zilitoka babeli pamoja nami kipindi cha utawala wa mfalme Artashasta."
                },
                "2": {
                    "verse_nr": "2",
                    "verse": "Mwana wa Finehasi, Gershoni. Mwana wa Ithamari, Daniel. Mwana wa Daudi, Hatushi ambaye ni mwana Shekania,"
                },
                "3": {
                    "verse_nr": "3",
                    "verse": "ambaye pia ni mwana wa Paroshi na Zekaria na pamoja na yeye kulikuwa na wanaume mia moja na hamsini walitajwa kwenye idadi ya ukoo wake."
                },
                "4": {
                    "verse_nr": "4",
                    "verse": "Wana wa Pahath- Moabu, Eliehoenai mwana wa Zerahia na pamoja naye wanaume mia mbili. Wana wa"
                },
                "5": {
                    "verse_nr": "5",
                    "verse": "Shekaniah, Yahazieli na pamoja naye wanaume mia tatu. Wana wa"
                },
                "6": {
                    "verse_nr": "6",
                    "verse": "adini, Ebedi mwana wa Yonathani na pamoja naye waliorodheshwa wanaume hamsini."
                },
                "7": {
                    "verse_nr": "7",
                    "verse": "Wana wa Elamu, Yeshaya mwana wa Athalia na pamoja naye waliorodheshwa wanaume sabini."
                },
                "8": {
                    "verse_nr": "8",
                    "verse": "Wana wa Shefatia, Zebadia, mwana wa Mikaeli na pamoja naye waliorodheshwa wanaume themanini."
                },
                "9": {
                    "verse_nr": "9",
                    "verse": "Wana wa Yoabu, Obadia mwana wa Yehieli pamoja na yeye waliorodheshwa wanaume mia mbili kumi na wanane. Wana wa Binui,"
                },
                "10": {
                    "verse_nr": "10",
                    "verse": "Sheromithi, mwana wa Yosifia na pamoja na yeye waliorodheshwa wanaume mia moja na sitini."
                },
                "11": {
                    "verse_nr": "11",
                    "verse": "Wana wa Bebai, zekaria mwana wa Bebai na pamoja na yeye waliorodheshwa wanaume ishirini na wanane."
                },
                "12": {
                    "verse_nr": "12",
                    "verse": "Wana wa Azgadi, Yohana mwana wa Hakatani na pamoja na yeye waliorodheshwa wanaume mia moja na kumi."
                },
                "13": {
                    "verse_nr": "13",
                    "verse": "Wale wana wa Adonikamu wakaja baadaye. Na haya ndio majina yao: Elifereti, Yeueli na Shemaya na pamoja na wao wakaja wanaume sitini."
                },
                "14": {
                    "verse_nr": "14",
                    "verse": "Wana wa Bigwai, Uthai, mwana wa zabudi na pamoja na yeye waliorodheshwa wanaume sabini"
                },
                "15": {
                    "verse_nr": "15",
                    "verse": "Nikawakusanya wasafiri bandari iliyokuwa inaelekea Ahava. Tukaweka kambi muda wa siku tatu, nikawachunguza watu na makuhani, lakini sikuwaona wana wa Levi miongoni."
                },
                "16": {
                    "verse_nr": "16",
                    "verse": "Hivyo nikatuma kwa Eliezeri, arieli, Shemaya, Elnathani, Yaribu na Elnathani na Nathani, Zekaria na Meshulamu waliokuwa viongozi na kwa Yoyaribu na Elnathani ambao walikuwa ni walimu."
                },
                "17": {
                    "verse_nr": "17",
                    "verse": "Tena nikawatuma kwa Ido, kiongozi wa Kasifia. Nikawaaambia kile watachomweleza Ido. na jamaa zake, watumishi wa Hekalu waliishi Kasifia, kwa hiyo, kutuma kwetu watumishi kwa ajili ya nyumba ya Mungu."
                },
                "18": {
                    "verse_nr": "18",
                    "verse": "Hivyo wakatutuma sisi kwa Mungu na mkono mzuri wa mtu aliyeitwa Ishekeli. Alikuwa mwana wa mali Mwana wa Levi mwana wa Israel. Akaja na wana kumi na wanane na ndugu,"
                },
                "19": {
                    "verse_nr": "19",
                    "verse": "pamoja naye Hashabia, pamoja na Yeshaya wa wana wa Merari na ndugu zake na wana wake jumla watu ishirini wote. Miongoni"
                },
                "20": {
                    "verse_nr": "20",
                    "verse": "mwao walichaguliwa kutumika katika Hekalu, ambapo Daudi na wakuu waliwapa kuwahudumia walawi: mia mbili ishirini kila mmoja wao aliagizwa kwa majina."
                },
                "21": {
                    "verse_nr": "21",
                    "verse": "Tena nikatangaza kufunga mto Ahava ili kujinyenyekeza mbele za Mungu, kutafuta njia iliyoonyoka kutoka kwake kwa ajili yetu, watoto wetu na mali zetu,"
                },
                "22": {
                    "verse_nr": "22",
                    "verse": "Niliona aibu kumwomba mfalme kwa ajili ya jeshi au mpandafarasi kwa ajili ya kutulinda tunapokuwa njiani, tangu tumemwambia mfalme \u201cmkono wa Mungu uko pamoja na wote wanaomtafuta kwa mazuri. lakini uweza wake na ghazabu yake ni juu ya wale wote wanaomwasi yeye."
                },
                "23": {
                    "verse_nr": "23",
                    "verse": "Hivyo tulifunga na kumsihi Mungu kwa jambo hilo."
                },
                "24": {
                    "verse_nr": "24",
                    "verse": "Tena nikachagua watu kumi na wawili kutoka kwa kuhani: Sherebia na Hashabia na ndugu zao wengine kumi."
                },
                "25": {
                    "verse_nr": "25",
                    "verse": "Nikapima kwa ajili yao fedha, dhahabu na vyombo na sadaka kwa ajili ya nyumba ya Mungu kwa wafalme, washauri, na wakuu na Israel wote walitoa kwa hiari."
                },
                "26": {
                    "verse_nr": "26",
                    "verse": "Hivyo nikawapimia kwenye mikono yao talanta za fedha mia sita na hamsini, talanta mia moja ya vyombo vya fedha, talanta mia moja za dhahabu."
                },
                "27": {
                    "verse_nr": "27",
                    "verse": "vifaa ishirini vya dhahabu kwa pamoja vilikuwa na thamani ya elfu moja darkoni na vitu viwili vya sanamu vivyonakshiwa kama dhahabu ya kupendeza."
                },
                "28": {
                    "verse_nr": "28",
                    "verse": "Kisha nikawaambia, mmewekwa wakfu kwa Bwana, na hivi vyombo pia na fedha na dhahabu, vimetolewa kwa hiari kwa Yahwe, Mungu wa watangulizi wenu."
                },
                "29": {
                    "verse_nr": "29",
                    "verse": "mviangalie na kuvitunza hadi mtakapovipima mbele ya makuhani, walawi, na viongozi wa wataangulizi wa jamii ya Israel katika Yerusalem katika nyumba ya Mungu."
                },
                "30": {
                    "verse_nr": "30",
                    "verse": "Makuhani na walawi walikubali vipimo vya fedha na dhahabu na vyombo kwa ajili ya kuvichukua na kuvipeleka Yerusalem, kwenye nyumba ya Mungu wetu."
                },
                "31": {
                    "verse_nr": "31",
                    "verse": "Tukatoka kwenda mto Ahava siku ya kumi na mbili katika mwezi wa kwanza kwenda Yerusalem, Mkono wa Mungu ulikuwa pamoja nasi, ulitulinda na mikono ya adui na wale waliotaka kutufanyia fujo njiani."
                },
                "32": {
                    "verse_nr": "32",
                    "verse": "Hivyo tukaingia Yerusalem na kukaa humo kwa siku tatu."
                },
                "33": {
                    "verse_nr": "33",
                    "verse": "Tena siku ya nne fedha na dhahabu na vyombo vilipimwa ndani ya nyumba ya Mungu wetu kwa mikono ya Meremothi mwana wa Uria kuhani, na pamoja nao alikuwepo Eleazari mwana wa Finehasi, Yozabadi mwana wa Yeshua, na Noadia mwana wa Binui, Walawi."
                },
                "34": {
                    "verse_nr": "34",
                    "verse": "Idadi na uzito wa kila kitu uliweza kujulikana. Uzito wote uliweza kuandikwa katika kipindi hicho"
                },
                "35": {
                    "verse_nr": "35",
                    "verse": "Na wale waliokuja kutoka matekani, watu wa uhamisho, wakatoa sadaka ya kutekezwa kwa Mungu wa Israel, kondoo tisini na sita, wana-kondoo sabini na saba na mbuzi wa kiume kumi na wawili kama sadaka ya dhambi. Zote zilikuwa sadaka za kutekezwa kwa ajili ya Yahwe."
                },
                "36": {
                    "verse_nr": "36",
                    "verse": "Tena wakawapa amri za mfalme kwa wakuu wa wafalme na wakuu katika mji ngambo ya mto, na wakawasaidia watu na nyumba ya Mungu."
                }
            }
        },
        "9": {
            "chapter_nr": "9",
            "chapter": {
                "1": {
                    "verse_nr": "1",
                    "verse": "Kipindi mambo hayo yanatendeka, wakuu wakaja kwangu na kuniambia,\u201dWatu wa Israel, Makuhani na walawi hawakuweza kujitenga wenyewe kutoka kwa watu wa nchi zingine na maovu yao: Wakanaani, Wahiti, Waperuzi, wayebusi, Waamoni, Wamoabu, Wamisri na Waamori."
                },
                "2": {
                    "verse_nr": "2",
                    "verse": "Kwa kuwa wamewachukua baadhi ya binti na watoto wa kiume, wamejichanganya watu watakatifu na watu wa nchi nyingine na wakuu na viongozi wamekuwa wa kwanza katika imani hii potofu."
                },
                "3": {
                    "verse_nr": "3",
                    "verse": "Niliposikia haya, nikachana nguo zangu na kanzu na kunyoa nywele kichwani na ndevu na nikakaa chini kutafakari."
                },
                "4": {
                    "verse_nr": "4",
                    "verse": "Na wale wote waliotetemeka kwa neno la Mungu wa Israel kuhusu imani potofu walikusanyika kwangu wakati nimakaa chini nikiwa na aibu hadi kufikia kipindi cha sadaka za jioni."
                },
                "5": {
                    "verse_nr": "5",
                    "verse": "Lakini katika sadaka ya jioni nikasimama kwenye nafasi yangu nikiwa mnyenyekevu na nguo ilichanika na kanzu, na nikapiga magoti na kunyoosha mikono yangu kwa Yahwe Mungu wangu. Nikasema"
                },
                "6": {
                    "verse_nr": "6",
                    "verse": "\u201cMungu wangu, nina aibu na sistahili kuinua uso wangu kwako, makosa yetu yamekuwa hadi kuvuka kichwani na maovu yetu yameongezeka kufika mbinguni."
                },
                "7": {
                    "verse_nr": "7",
                    "verse": "Kuanzia siku ya watangulizi wetu mpaka sasa tumekuwa katika maovu makuu. Makosa yetu, viongozi, makuhani, walikuwa katika mikono ya mfalme wa dunia hii, katika upanga, matekani na kunyanyaswa na tuna aibu ya uso hata leo."
                },
                "8": {
                    "verse_nr": "8",
                    "verse": "sasa kwa kipindi kifupi, neema kutoka kwa Yahwe Mungu wetu imekuja kutuacha mabaki wachache na kutupa kuhimmili sehemu takatifu. Hii ilikuwa ni kwa ajili ya Mungu wetu kututia nuru macho yetu na kutupa unafuuu sisi tulio watumwa."
                },
                "9": {
                    "verse_nr": "9",
                    "verse": "Kwa kuwa sisi tu watumwa, lakini Mungu bado hajatusahau lakini ameongeza agano la uaminifu kwetu, ameyatenda haya mbele ya macho ya mfalme wa Uajemi ili kwamba haweze kutupatia nguvu mpya. Ili kwamba tuweze kujenga nyumba ya Mungu na tuweze kuondoa majuto. Alitenda hayo ili kwamba aweze kutupatia msingi wa usalama katika Yuda na Yerusalem."
                },
                "10": {
                    "verse_nr": "10",
                    "verse": "Lakini sasa Mungu wetu, tuseme nini baaada ya haya? Tumesahau amri zako."
                },
                "11": {
                    "verse_nr": "11",
                    "verse": "amri ambazo uliwapa manabii watumishi wako, pale uliposema, \u201cNchi hii mnayoingia kuimiliki ni nchi chafu. Imechanganyikana na watu wasio na utaratibu. ameenea kutoka sehemu moja hadi nyingine kwa uchafu wao."
                },
                "12": {
                    "verse_nr": "12",
                    "verse": "Hivyo sasa, msiwape binti zenu kwa watoto wao, msichukue binti zao kwa ajili ya watoto wenu, msitafute amani kwao na fadhili, ili kwamba muweze kuwa imara na kula vizuri vya nchi, hivyo utasababisha watoto wenu kumiliki kwa wakati wote.\u201d"
                },
                "13": {
                    "verse_nr": "13",
                    "verse": "Baada ya yote kutokea kwetu kwa sababu ya uovu wetu na makosa yetu makuu, tokea hapo, Mungu wetu, hukutazama makosa yetu na kutuadhibu tulivyostahili na ukatuacha kama mabaki."
                },
                "14": {
                    "verse_nr": "14",
                    "verse": "Tunaweza kuvunja tena amri zako na kuingiliana katika ndoa, na hawa watu wasiofuata utaratibu? Je hautachukia na kututowesha sote hakuna wa kubaki, hakuna wa kutoroka?"
                },
                "15": {
                    "verse_nr": "15",
                    "verse": "Yahwe, Mungu wa Israel, wewe ni mwenye haki, kwa kuwa tumebaki wachache mabaki hadi siku ya leo. Tazama, tuko mbele yako na makosa yetu, kwa kuwa hakuna hata mmoja anayeweza kusimama mbele kwa sababu ya hili."
                }
            }
        },
        "10": {
            "chapter_nr": "10",
            "chapter": {
                "1": {
                    "verse_nr": "1",
                    "verse": "Wakati Ezra akiomba na kutubu, akalia na kujirusha chini mbele ya nyumba ya Mungu, kusanyiko kubwa la wanaume Israel, wanawake na watoto wakakusanyika kwake, kwa kuwa watu walikuwa wakilia sana."
                },
                "2": {
                    "verse_nr": "2",
                    "verse": "Shekania mtoto wa Yehieli, mwana wa Elamu akamwambia Ezra, \u201cTumekuwa sio waaminifu kwa Mungu na tumeoa wanawake wa kigeni kutoka nchi nyingine. Lakini pamoja na hilo, bado kuna tumaini kwa Israel."
                },
                "3": {
                    "verse_nr": "3",
                    "verse": "sasa natuweke agano pamoja na Mungu wetu kuwaondoa wanawake wote na watoto wao kulingana na maelekezo ya Bwana, na maelekezo ya wale wanaotetemeka kutokana na amri za Mungu wetu. na hii ifanyike kutokana na sheria."
                },
                "4": {
                    "verse_nr": "4",
                    "verse": "Simama, jambo hili linakuhusu wewe, na sisis tuko pamoja na wewe, Uwe imara na kufanya hili."
                },
                "5": {
                    "verse_nr": "5",
                    "verse": "Hivyo Ezra akasimama na kufanya makuhani na walawi na waisrael wote wakaahidi kufanya kwa njia hiyo. Hivyo wote wakatoa kiapo."
                },
                "6": {
                    "verse_nr": "6",
                    "verse": "Ndipo Ezra akainuka kutoka mbele ya nyumba ya Mungu na kwenda kwenye chumba ya Yehohanani mtoto wa Eliashibu, Yeye hakula mkate au kunywa maji. Tangu alipokuwa akiomboleza kuhusiana na wale wenye imani haba waliokuwa uhamishoni."
                },
                "7": {
                    "verse_nr": "7",
                    "verse": "Hivyo wakatuma neno katika Yuda na Yerusalem kwa watu wote waliorudi kutoka utumwani kukusanyika Yerusalem."
                },
                "8": {
                    "verse_nr": "8",
                    "verse": "Yeyote ambaye hakuja katika siku tatu kutokana na maelekezo kutoka kwa wakuu na viongozi atachukuliwa mali zote na atatengwa na kusanyiko kuu la watu ambao walikuja kutoka uhamisho."
                },
                "9": {
                    "verse_nr": "9",
                    "verse": "Hivyo watu wote wa Yuda na Benjamini wakakusanyika Yerusalem kwa siku tatu. Ilikuwa ni mwezi wa tisa na siku ya ishirini ya mwezi. watu wote wakasimama mbele ya nyumba ya Mungu na wakatetemeka kwa sababu ya neno na mvua."
                },
                "10": {
                    "verse_nr": "10",
                    "verse": "Ezra kuhani akasimama na kusema, \u201cNinyi wenyewe mmefanya uasi, ninyi mmeishi na wanawake wa kigeni na kuongeza makosa ya Israel."
                },
                "11": {
                    "verse_nr": "11",
                    "verse": "Lakini sasa mpeni sifa Yahwe, Mungu wa watangulizi wenu, na mfanye mapenzi yake, mjitenge na watu wa nchi na wanawake wa kigeni."
                },
                "12": {
                    "verse_nr": "12",
                    "verse": "Kusanyiko lote likajibu kwa sauti. \u201cTutatenda kama ulivyosema,"
                },
                "13": {
                    "verse_nr": "13",
                    "verse": "haijalishi, kuna watu wengi na ni kipindi cha mvua. Hatuna nguvu ya kusimama nje na hii si siku moja au mbili za kufanya kazi, kwa kuwa tumekosea katika jambo hili."
                },
                "14": {
                    "verse_nr": "14",
                    "verse": "Hivyo wakuu wetu wawakilishe kusanyiko lote, iwe kwamba wote walioruhusu wanawake wa kigeni kuishi katika miji yetu waje katika muda uliopangwa na viongozi wa mji na waamuzi wa mji hadi hapo hasira ya Mungu itakapoondoka kutoka kwetu."
                },
                "15": {
                    "verse_nr": "15",
                    "verse": "Yonathan mtoto Asaheli na Yazeya mwana wa Tikwa wakapinga hili, Meshulamu na Shabethai mlawi wakawaunga mkono wao."
                },
                "16": {
                    "verse_nr": "16",
                    "verse": "Hivyo watu waliotoka uhamishoni wakafanya hivi, Ezra kuhani akachagua wanaume, viongozi watamgulizi wa ukoo na nyumba, wao wote kwa majina na wakaliangalia suala hili siku ya kwanza ya mwezi wa kumi."
                },
                "17": {
                    "verse_nr": "17",
                    "verse": "Siku ya kwanza ya mwezi wa kwanza wakawa wamemaliza kuchunguza wale wanaume walioishi na wanawake wa kigeni."
                },
                "18": {
                    "verse_nr": "18",
                    "verse": "Miongoni mwa wana wa kikuhani kuna wale walioishi na wanawake wa kigeni. Miongoni mwa wana wa Yoshua mtoto wa Yosadaki na kaka zake ambao walikuwa Maasela, Eliazeri, na Yaribu na Gedalia."
                },
                "19": {
                    "verse_nr": "19",
                    "verse": "Hivyo wakaamua kuwaondoa wake zao. kwa kuwa walikuwa na makosa, wakatoa sadaka ya kondoo kwenye mifugo kwa ajili ya makosa yao."
                },
                "20": {
                    "verse_nr": "20",
                    "verse": "Miongoni mwa wana wa Imeri, Hanani, na Zebadia."
                },
                "21": {
                    "verse_nr": "21",
                    "verse": "Miongoni mwa wana wa Harimu, Maaseya, na Eliya na Shemaya, na Yehieli na Uzia."
                },
                "22": {
                    "verse_nr": "22",
                    "verse": "Miongoni mwa wana wa Pashuri, Elasa"
                },
                "23": {
                    "verse_nr": "23",
                    "verse": "Miongoni mwa walawi: Yozabadi na Shimei na Kelaya (ndiye Kelita) na Pethaia, na Yuda na Eliezeri. Miongoni mwa waimbaji Eliashibu na. Miongoni mwa walinzi Shalumu, Telemu na Uri."
                },
                "24": {
                    "verse_nr": "24",
                    "verse": "Miongoni mwa Israel waliobaki -"
                },
                "25": {
                    "verse_nr": "25",
                    "verse": "Miongoni mwa wana wa Paroshi, Ramia na Izia na Malkiya na Miyamini na Eliazari na Malkiya na Benaya"
                },
                "26": {
                    "verse_nr": "26",
                    "verse": "Miongoni mwa wana wa Elamu Mataniana Zekaria, na yeehieli, na Abdi na Yeremothi na Eliya."
                },
                "27": {
                    "verse_nr": "27",
                    "verse": "Miongoni mwa wana wa Zatu: Elionai, na Eliashibu, na Matania na Yeremothi na Zabadi na Aziza."
                },
                "28": {
                    "verse_nr": "28",
                    "verse": "Miongoni mwa wana wa Bebai Yehohanani, na Hanania na Zakai na Athlai."
                },
                "29": {
                    "verse_nr": "29",
                    "verse": "Miongoni mwa wana wa bani: Meshulami na Maluki, na Adaya na Yashubu na Sheali na Yeremothi."
                },
                "30": {
                    "verse_nr": "30",
                    "verse": "Miongoni mwa wana wa Pahath-Moabu, Adna, na kelali, na Benaya na Maaseya, na Matania, na Besaleli na Binti na Manase."
                },
                "31": {
                    "verse_nr": "31",
                    "verse": "Na miongoni mwa wana wa Harimu: Eliezeri na Ishiya, na Malkiya na Shemaya na Shimeoni, na"
                },
                "32": {
                    "verse_nr": "32",
                    "verse": "Benyamini na Maluki na Shemaria"
                },
                "33": {
                    "verse_nr": "33",
                    "verse": "Miongoni mwa wana Hashumu: Matenai, na Matatana Zabadi, na Elifereti na Yeremai, na Manase, na Shimei."
                },
                "34": {
                    "verse_nr": "34",
                    "verse": "Miongoni mwa wana wa Bani: Maadai, na Amramu na Aueli, na"
                },
                "35": {
                    "verse_nr": "35",
                    "verse": "Benaya, na Bedeya na Keluhi, na"
                },
                "36": {
                    "verse_nr": "36",
                    "verse": "wania, na Meremothi, Eliashibu,"
                },
                "37": {
                    "verse_nr": "37",
                    "verse": "Matania, na Matenai. na"
                },
                "38": {
                    "verse_nr": "38",
                    "verse": "Yaasi. Miongoni mwa wana wa Binui: Shimei,"
                },
                "39": {
                    "verse_nr": "39",
                    "verse": "Sheremia, na Nathani, na Adaya, na"
                },
                "40": {
                    "verse_nr": "40",
                    "verse": "Maknadebai, na Shashai, na Sharai"
                },
                "41": {
                    "verse_nr": "41",
                    "verse": "Azareri, na Sheremia, na Shemaria, na"
                },
                "42": {
                    "verse_nr": "42",
                    "verse": "Shalumu, na Amaria, na Yusufu."
                },
                "43": {
                    "verse_nr": "43",
                    "verse": "Miongoni wa wana wa Nebo: Yeieli, na Mathiana zabadi, na Zebina, na Ido, na Yoeli na Benaya."
                },
                "44": {
                    "verse_nr": "44",
                    "verse": "Hawa wote walikuwa wameoa wanawake wa kigeni na walikuwa wamezaa watoto baadhi yao."
                }
            }
        }
    }
}