{
    "version": "SWN",
    "book_name": "Micah",
    "book_nr": "33",
    "book": {
        "1": {
            "chapter_nr": "1",
            "chapter": {
                "1": {
                    "verse_nr": "1",
                    "verse": "Hili ni neno la Yahwe ambalo lilikuja kwa Mika Mmorashti katika siku za Yotahamu, Ahazi, na Hezekeia, mfalme wa Yuda, lile neno aliloliona kuhusiana na Samaria na Yerusalemu."
                },
                "2": {
                    "verse_nr": "2",
                    "verse": "Sikilizeni, ninyi watu wote. Sikilizeni, dunia, na vyote vilivyomo kwenye dunia. Acheni Yahwe ashuhudiwe dhidi yenu, Bwana kutoka kwenye hekalu lake takatifu."
                },
                "3": {
                    "verse_nr": "3",
                    "verse": "Tazama, Yahwe anakuja kutoka mahali pake; atashuka chini na kupakanyaga mahali pa juu katika dunia."
                },
                "4": {
                    "verse_nr": "4",
                    "verse": "Milima itayeyuka chini yake; mabonde yatapasuka vipande vipande kama mshumaa mbele ya moto, kama maji ambayo yamemwagika chini ya mteremko mkali."
                },
                "5": {
                    "verse_nr": "5",
                    "verse": "Haya yote ni kwasababu ya uasi wa Yakobo, na kwasababu ya dhambi za nyumba ya Israeli. Je sababu ilikuwa nini kwa uasi wa Yakobo? Je ilikuwa Samaria? Je sababu ilikuwa nini kwa mahali pa juu pa Yuda? Je haiukuwa Yerusalemu?"
                },
                "6": {
                    "verse_nr": "6",
                    "verse": "\u201cNitaifanya Samaria rundo la uharibifu katika shamba, kama eneo la kupandia mizabibu. Nitayavuta mawe ya jengo lake kwenda kwenye bonde; Nitaifunua misingi yake."
                },
                "7": {
                    "verse_nr": "7",
                    "verse": "Sanamu zake zote za kuchonga zitapondwa vipande vipande; na zawadi zake zote zitachomwa moto. Kwa kuwa zawadi zake za ukahaba amezikusanya, na kama malipo ya ukahaba yatarudi.\u201d"
                },
                "8": {
                    "verse_nr": "8",
                    "verse": "Kwa sababu hii nitalia na kuomboleza; nitaenda peku peku na uchi; Nitaomboleza kama mbeha na kuomboleza kama bundi."
                },
                "9": {
                    "verse_nr": "9",
                    "verse": "Kwa kuwa jeraha lake haliponi, kwa kuwa imefika kwa Yuda. Imefikia lango la watu wangu, hadi Yerusalemu."
                },
                "10": {
                    "verse_nr": "10",
                    "verse": "Msiache kuwambia kuhusu katika Gathi; msilie tena. Katika Bethi Leafra nabiringisha mwenyewe kwenye mavumbi."
                },
                "11": {
                    "verse_nr": "11",
                    "verse": "Piteni karibu na, makao ya Shafiri, katika uchi na aibu. Makazi ya Zaanani hayatatoka nje. Maombolezo ya Beth Ezeli, kwa ajili ya ulinzi yamechukuliwa."
                },
                "12": {
                    "verse_nr": "12",
                    "verse": "Kwa kuwa wakaaji wa Marothi hungoja habari njema, kwa sababu hofu, kwa sababu msiba umetoka kwa Yahwe hadi kwenye malango ya Yerusalemu."
                },
                "13": {
                    "verse_nr": "13",
                    "verse": "Wfuungeni lijamu farasi wakokote gari la farasi, makazi ya Lakishi. Wewe Lakishi, ulikuwa mwanzo wa dhambi kwa binti Sayuni, kwa kuwa makosa ya Israeli yalionekana kwako."
                },
                "14": {
                    "verse_nr": "14",
                    "verse": "Hivyo utaipa zawadi ya kuagia Moreshethi Gathi; mji wa Akzibu utawavunja moyo wafalme wa Israeli."
                },
                "15": {
                    "verse_nr": "15",
                    "verse": "Tena nitaleta ushindi kwako, makazi ya Maresha; uzuri wa Israeli utakuja Adulamu."
                },
                "16": {
                    "verse_nr": "16",
                    "verse": "Kata kipara chako na kata nywele zako kwa ajili ya watoto ambao unaowafurahisha. Fanya kipara chako mwenyewe kama tai, kwa ajili ya watoto wako watakao kwenda utumwani kutoka kwako"
                }
            }
        },
        "2": {
            "chapter_nr": "2",
            "chapter": {
                "1": {
                    "verse_nr": "1",
                    "verse": "Ole wao wale wanao wanaokusudia mabaya, kwa wale wanaokusudia kwenye vitanda vyao kufanya maovu. Katika asubuhi wanayafanya kwa sababu wana nguvu."
                },
                "2": {
                    "verse_nr": "2",
                    "verse": "Wanatamani mashamba na kuyapunguza; wanazitamani nyumba na kuzichukua. Wanadhulumu mtu na nyumba yake, mtu na urithi wake."
                },
                "3": {
                    "verse_nr": "3",
                    "verse": "Kwa hiyo Yahwe asema hivi, \u201cTazama, nakaribia kuleta janga dhidi ya huu ukoo, ambalo hamtazitoa shingo zenu. Hamtatembea kwa kiburi, kwa kuwa itakuwa wakati wa uovu."
                },
                "4": {
                    "verse_nr": "4",
                    "verse": "Katika siku hiyo maadui zako wataimba wimbo kuhusu wewe, na kuomboleza kwa maombolezo ya huzuni. Wataimba, 'Sisi Waisraeli tumeangamizwa kabisa; Yahwe hubadilisha eneo la watu wangu. Je ataliondoaje kutoka kwangu? Huwagawia mshamba yetu kusaliti.\u201d'"
                },
                "5": {
                    "verse_nr": "5",
                    "verse": "Kwa hiyo, ninyi watu matajiri hamtakuwa uzao kugawanya eneo kwa kupiga kura katika mkutano wa Yahwe."
                },
                "6": {
                    "verse_nr": "6",
                    "verse": "\u201cMsitabiri,\u201d wanasema. \u201cHawatayatabiri haya mambo; lawama hazitakuja.\u201d"
                },
                "7": {
                    "verse_nr": "7",
                    "verse": "Je litasemwa kweli, nyumba ya Yakobo, \u201cje Roho ya Yahwe? Je haya ni matendo yake kweli?\u201d Maneno yangu hayafai kwa kila mmoja atembeaye kwa unyoofu?"
                },
                "8": {
                    "verse_nr": "8",
                    "verse": "Hivi karibuni watu wangu wameinuka kama adui. Mmelivua joho, nguo, kutoka wale wapitao wasioshutumiwa, kama maaskari kurudi kutoka kwenye vita kwa kile wakifikiriacho ni salama."
                },
                "9": {
                    "verse_nr": "9",
                    "verse": "Mnawaendesha wanawake wangu kwa watu wangu kutoka kwenye nyumba nzuri; mnachukua baraka kutoka kwa watoto wao wadogo daima."
                },
                "10": {
                    "verse_nr": "10",
                    "verse": "Inukeni na muondoke, kwa kuwa hii sio sehemu ambayo mnaweza kuishi, kwa sababu ya unajisi wake; imeangamizwa kwa maangamizo kabisa."
                },
                "11": {
                    "verse_nr": "11",
                    "verse": "Kama mtu akija kwenu katika roho ya uongo na kudanganya na kusema, \u201cNitatabiri kwenu kuhusu mvinyo na kilevi kikali,\u201d angeweza kufikiriwa kuwa nabii kwa ajili ya hawa watu."
                },
                "12": {
                    "verse_nr": "12",
                    "verse": "Nitawaleta pamoja wote hakika, Yakobo. Hakika nitawakusanya mabaki ya Israeli. Nitawaleta pamoja kama kondoo katika zizi, kama kundi la wanyama katika malisho. Kutakuwa na kelele kwasababu ya wingi wa watu."
                },
                "13": {
                    "verse_nr": "13",
                    "verse": "Mtu avunjaye hufungua njia zao kwa ajili yao kwenda mbele yao. Wamebomoa kupitia lango na kutoka nje; mfalme wao atapita mbele yao. Yahwe atakuwa mbele yao."
                }
            }
        },
        "3": {
            "chapter_nr": "3",
            "chapter": {
                "1": {
                    "verse_nr": "1",
                    "verse": "Nimesema'\u201dSasa sikilizeni, ninyi viongozi wa Yakobo na kutawala nyumba ya Israeli: Je siyo sahihi kwenu kuielewa haki?"
                },
                "2": {
                    "verse_nr": "2",
                    "verse": "Ninyi manaochukia mazuri na kupenda uovu, ninyi mnaoambua ngozi yao, miili yao kutoka kwenye mifupa yao-"
                },
                "3": {
                    "verse_nr": "3",
                    "verse": "ninyi mnaokula pia miili ya watu wangu, na kuambua ngozi yao, kuvunja mifupa yao, na kuwakatakata katika vipande vipande, kama nyama kwenye chungu, kama nyama kwenye sufuria kubwa."
                },
                "4": {
                    "verse_nr": "4",
                    "verse": "Kisha ninyi watawala mtalia kwa Yahwe, lakini hatawajibu. Atauficha uso wake kutoka kwenu kipindi hicho, kwasababu mmefanya matendo maovu.\u201d"
                },
                "5": {
                    "verse_nr": "5",
                    "verse": "Yahwe asema hivi kuhusu manabii ambao wawafanyao watu wangu kushindwa, \u201cKwa wale wawalishao wanatangaza, 'Kutakuwa na ustawi.' Lakini kwa wale wasioweka kitu kwenye vinywa vyao, wanaanzisha vita dhidi yake."
                },
                "6": {
                    "verse_nr": "6",
                    "verse": "Kwa hiyo, itakuwa usiku kwenu usiokuwa na maono juu yenu; itakuwa giza ili kwamba msiweze kubashiri. Jua litakwenda chini juu ya manabii, na siku itakuwa giza juu yao."
                },
                "7": {
                    "verse_nr": "7",
                    "verse": "Waonaji watawekwa kwenye aibu, waaguzi wa watachanganyikiwa. Wote watafunga midomo yao, kwa kuwa hakuna jibu kutoka kwangu.\u201d"
                },
                "8": {
                    "verse_nr": "8",
                    "verse": "Lakini kwangu, nimejazwa nguvu kutoka kwa Roho wa Yahwe, na nimejaa haki na uweza, kumwambia Yakobo kosa lake, na Israeli dhambi yake."
                },
                "9": {
                    "verse_nr": "9",
                    "verse": "Sasa sikieni hii, ninyi viongozi wa nyumba ya Yakobo, na watawala wa nyumba ya Israeli, ninyi ambao mnaochukia haki, na kupotosha kila haki."
                },
                "10": {
                    "verse_nr": "10",
                    "verse": "Mnaijenga Sayuni kwa damu na Yerusalemu kwa uovu."
                },
                "11": {
                    "verse_nr": "11",
                    "verse": "Viongozi wenu huhukumu kwa rushwa, makuhani wenu hufundisha kwa hijara, na manabii wenu hufanya utabiri kwa ajili ya pesa. Hata hivyo bado mtamtegemea Yahwe na kusema, \u201cJe hayupo Yahwe pamoja nasi? Hakuna uovu utakaokuja juu yetu.\u201d"
                },
                "12": {
                    "verse_nr": "12",
                    "verse": "Kwa hiyo, kwasababu yenu, Sayuni italimwa kama shamba, Yerusalemu itakuwa rundo la kifusi, na mwinuko wa hekalu utakuwa kama mwinuko wa msituni."
                }
            }
        },
        "4": {
            "chapter_nr": "4",
            "chapter": {
                "1": {
                    "verse_nr": "1",
                    "verse": "Lakini katika siku za mwisho itakuja kuhusu kwamba mlima wa nyumba ya Yahwe utawekwa imare juu ya milima mingine. Utainuliwa juu ya milima, na watu watautakabisha."
                },
                "2": {
                    "verse_nr": "2",
                    "verse": "Mataifa mengi yataenda na kusema, \u201cNjoni, twendeni juu kwenye mlima wa Yahwe, kwenye nyumba ya Mungu wa Yakobo. Atatufundisha njia zake, na tutembea katika njia zake.\u201d Kwa kuwa kutoka Sayuni sheria itatoka, na neno la Yahwe kutoka Yerusalemu."
                },
                "3": {
                    "verse_nr": "3",
                    "verse": "Atahukumu miongoni mwa watu na kuamua kuhusiana na mataifa mengi ya mbali. Watapoga mapanga yao kuwa plau na mikuki yao kuwa miuundu ya kupogolea. Taifa halitainua upanga dhidi ya taifa, wala kutawala kwa vita tena."
                },
                "4": {
                    "verse_nr": "4",
                    "verse": "Badala yake, wataketi kila mtu chini ya mzabibu wake na chini ya mtini wake. Hakuna mtu atakayewafanya waogope, kwa kuwa mdomo wa Yahwe wa majeshi umesema."
                },
                "5": {
                    "verse_nr": "5",
                    "verse": "Kwa kuwa watu wote wataenenda, kila mmoja, katika jina la mungu wake. Lakini sisi tutaenenda katika jina la Yahwe Mungu wetu milele na milele."
                },
                "6": {
                    "verse_nr": "6",
                    "verse": "\u201cKatika siku hiyo,\u201d aseme Yahwe, \u201cNitamkusanya achechemeaye na kumkusanya aliyefukuzwa, wale ambao nimewatesa."
                },
                "7": {
                    "verse_nr": "7",
                    "verse": "Nitamrudisha aliyechechemea kwenye mabaki, na yeye aliyetupwa kwenye taifa imara, na mimi, Yahwe, nitatawala juu yao katika Milima Sayuni, sasa na milele."
                },
                "8": {
                    "verse_nr": "8",
                    "verse": "Kama kwako, mnara wa saa kwa ajili ya kundi, mlima wa binti wa Sayuni-utakuja kwenu, utawala wenu wa zamani utarudishwa, ufalme ambao unaomilikiwa na binti wa Yerusalemu."
                },
                "9": {
                    "verse_nr": "9",
                    "verse": "Sasa, kwa nini unapiga kelele kwa sauti kuu? Je hakuna mfalme miongoni mwenu? Je mshauri wako amekufa? Kwa nini uchungu umekushika kama yule mwanamke akiwa anazaa?"
                },
                "10": {
                    "verse_nr": "10",
                    "verse": "Kuwa katika uchungu wa kuzaa ili uzae, binti Sayuni, kama mwanamke mwenye uchungu. Kwa sasa utatoka nje ya mji, kuishi kwenye shamba, na kwenda Babeli. Huko utaokolewa. Huko Yahwe atakuokoa kutoka kwenye mikono ya maadui."
                },
                "11": {
                    "verse_nr": "11",
                    "verse": "Sasa mataifa mengi yamekusanyika juu yako; wakisema; 'Atiwe unajisi; macho yenu yaangalie Sayuni.\u201d'"
                },
                "12": {
                    "verse_nr": "12",
                    "verse": "Nabii asema, \u201cHawayajui mawazo ya Yahwe, wala hawaelewi mpango wake, kwa kuwa wamewakusanaya kama miganda kupura sakafuni.\u201d"
                },
                "13": {
                    "verse_nr": "13",
                    "verse": "Yahwe asema, \u201csiamama na upure, binti Sayuni, kwa kuwa nitaifanya pembe yako kuwa chuma, na nitazifanya kwato zako kuwa shaba. Utaponda watu wengi. Nitaweka wakfu udhalimu wao kwangu mwenyewe, Yahwe, miliki zao kwangu, Bwana wa dunia nzima.\u201d"
                }
            }
        },
        "5": {
            "chapter_nr": "5",
            "chapter": {
                "1": {
                    "verse_nr": "1",
                    "verse": "Sasa njoni pamoja katika safu ya kupigana, binti wa maaskari; maaskari wameuzingira mji, kwa ufito watampiga mwamuzi wa Israeli kwenye shavu."
                },
                "2": {
                    "verse_nr": "2",
                    "verse": "Lakini wewe, Bethlehemu Efrata, hata kama uko mdogo miongoni mwa koo za Yuda, kutoka kweko mmoja atakuja kwangu kutawala Israeli, ambaye mwanzo wake ni kutoka nyakati za kale, toka milele."
                },
                "3": {
                    "verse_nr": "3",
                    "verse": "Kwa hiyo Mungu atawapa, hata mda wa yeye aliye katika uchungu kuzaa mtoto, na mabaki ya ndugu zake yatawarudia wana wa Israeli."
                },
                "4": {
                    "verse_nr": "4",
                    "verse": "Atasimama na kuchunga kundi lake kwa nguvu za Yahwe, kwa ukuu wa enzi ya jina la Yahwe Mungu wake. Watabaki, kwa kuwa atakuwa mashuhuri hata mwisho wa dunia."
                },
                "5": {
                    "verse_nr": "5",
                    "verse": "Atakuwa amani yetu. Wakati Waashuru watakapokuja kwenye nchi yetu, wakati wakitembea dhidi ya boma yetu, kisha kisha tutainuka juu yao wachungaji saba na viongozi nane juu ya watu."
                },
                "6": {
                    "verse_nr": "6",
                    "verse": "Watachunga nchi ya Ashuru kwa upanga, na nchi ya Nimrodi katika malango yake. Atatuokoa kutoka kwa Waashuru, watakapokuja kwenye nchi yetu, watakapoingia kwenye mipaka yetu."
                },
                "7": {
                    "verse_nr": "7",
                    "verse": "Mabaki ya Yakobo yatakuwa katika kabila za watu wengi, kama umande utokao kwa Yahwe, kama manyunyu kwenye majani, ambayo hayamsubiri mtu, na hayawasubiri watoto wa mwanadamu."
                },
                "8": {
                    "verse_nr": "8",
                    "verse": "Mabaki ya Yakobo yatakuwa miongoni mwa mataifa, miongoni mwa watu wengi, kama simba katikati ya kundi la kondoo. wakati akipita katikati yao, atawakanyaga juu yao na kuwachachana kuwa vipande vipande, na hakutakuwa na mtu wa kuwaokoa."
                },
                "9": {
                    "verse_nr": "9",
                    "verse": "Mkono wako utainuliwa dhidi ya maadui zako, na utawaharibu."
                },
                "10": {
                    "verse_nr": "10",
                    "verse": "\u201cItatokea siku hiyo,\u201d asema Yahwe, \u201ckwamba nitawaharibu farasi wako kutoka miongoni mwenu na nitayavunja magari yako ya farasi."
                },
                "11": {
                    "verse_nr": "11",
                    "verse": "Nitaiharibu miji katika nchi yako na kuzingusha ngome zako zote."
                },
                "12": {
                    "verse_nr": "12",
                    "verse": "Nitauharibu uchawi kwenye mkono wako, na hakutakuwa na waaguzi tena."
                },
                "13": {
                    "verse_nr": "13",
                    "verse": "Nitaziaharibu sanamu zako za pango na nguzo za mawe kutoka miongoni mwako. Hautaabudu tena ustadi wa mikono yako."
                },
                "14": {
                    "verse_nr": "14",
                    "verse": "Nitazin'goa nguzo zako za Ashera kutoka miongoni mwenu, na nitaiharibu miji yenu."
                },
                "15": {
                    "verse_nr": "15",
                    "verse": "Nitalipiza kisasi kwa hasira na ghadhabu juu ya mataifa ambayo hayakusikiliza.\u201d"
                }
            }
        },
        "6": {
            "chapter_nr": "6",
            "chapter": {
                "1": {
                    "verse_nr": "1",
                    "verse": "Sasa sikilizeni kile ambacho Yahwe asemacho, \u201cInuka na ueleze kesi yako mbele ya milima; acha milima isikie sauti yako."
                },
                "2": {
                    "verse_nr": "2",
                    "verse": "Sikilizeni madai ya Yahwe, enyi milima, na ninyi misingi mivumilivu ya dunia. Kwa kuwa Yahwe anavumilia pamoja na watu wake, na atapigana katika mahakama juu ya Israeli.\u201d"
                },
                "3": {
                    "verse_nr": "3",
                    "verse": "Watu wangu, nimefanya nini kwenu? nimewachosha mara ngapi? shuhudieni dhidi yangu!"
                },
                "4": {
                    "verse_nr": "4",
                    "verse": "Kwa kuwa niliwaleta kutoka nchi ya Msiri na kuwaokoa kutoka kwenye nyumba ya utumwa. Nawatuma Musa, Aruni, na Mariamu kwako."
                },
                "5": {
                    "verse_nr": "5",
                    "verse": "Watu wangu, kumbukeni ambavyo Balaki mfalme wa Moabu alivyotunga, na vile ambavyo Balamu mwana wa Beori alivyomjibu kama ulipokuwa ukienda kutoka kwa Gilgali, hivyo mnaweza kujua matendo ya haki ya Yahwe.\u201d"
                },
                "6": {
                    "verse_nr": "6",
                    "verse": "Je nilete nini kwa Yahwe, ninapoenda kumwinamia Mungu aliye juu? Je ninaweza kuja kwake na sadaka za kuteketeza, pamoja na ndama wenye mwaka mmoja?"
                },
                "7": {
                    "verse_nr": "7",
                    "verse": "Je Yahwe atapendezwa na maelfu ya kondoo waume, au na elfu kumi za mito ya mafuta? Je nimtoe mzaliwa wangu wa kwanza kwa ajili ya kosa langu, tunda la mwili wangu kwa ajili ya dhambi yangu mwenyewe?"
                },
                "8": {
                    "verse_nr": "8",
                    "verse": "Amekwambia, mtu, kile kilicho bora, na kile ambacho Yahwe atakacho kutoka kwako: Kutenda haki, kupenda ukarimu, na kutembea kwa unyenyekevu pamoja na Mungu wako."
                },
                "9": {
                    "verse_nr": "9",
                    "verse": "Sauti ya Yahwe inatangaza kwenye mji-hata sasa hekima hukukiri jina lako: \u201cKaa tayari kwa ajili ya fimbo, na kwa yule aliyeiweka."
                },
                "10": {
                    "verse_nr": "10",
                    "verse": "Kuna utajiri katika nyumba za waovu, na kipimo cha uongo hilo ni chukizo mno."
                },
                "11": {
                    "verse_nr": "11",
                    "verse": "Ningeweza kumfikira mtu kuwa hana hatia kama anatumia kipimo cha ulaghai, pamoja na mfuko wa kipimo wa udanganyifu?"
                },
                "12": {
                    "verse_nr": "12",
                    "verse": "Matajiri wamejaa uharibifu, makazi yao yamesema uongo, na ulimi wao katika midomo yao unaudanganyifu."
                },
                "13": {
                    "verse_nr": "13",
                    "verse": "Kwa hiyo nimekupiga kwa pigo linaloumiza, nimekufanya gofu kwa sababu ya dhambi zako."
                },
                "14": {
                    "verse_nr": "14",
                    "verse": "Utakula lakini hutatosheka; utupu wako utabakia ndani yako. Utatunza mizigo mbali lakini hutahifadhi, na kile unachokihifadhi nitakitoa kwa upanga."
                },
                "15": {
                    "verse_nr": "15",
                    "verse": "Utapanda lakini huatavuna; utazikusanya zaituni lakini hutajipaka mafuta; utasindika zabibu lakini hutakunywa divai."
                },
                "16": {
                    "verse_nr": "16",
                    "verse": "Kanuni zilizotengenezwa na Omri zimetunzwa, na matendo yote ya nyumba ya Ahabu. Mnatembea kwa ushauri wao. Hivyo nitakufanya wewe, mji, gofu, na makazi yako jambo la zomeo, na matabeba dharau kama watu wangu.\u201d"
                }
            }
        },
        "7": {
            "chapter_nr": "7",
            "chapter": {
                "1": {
                    "verse_nr": "1",
                    "verse": "Ole wangu! Kwangu mimi ni kama msimu wa mavuno ulipokwisha, na pia makombo ya mavuno ya zabibu kwenye shamba la mizabibu: Hakuna tena kishamba cha matunda kinachoonekana, hakuna matini ya malimbuka ambayo ninayoyatamani."
                },
                "2": {
                    "verse_nr": "2",
                    "verse": "Watu waaminifu wamepotelea kutoka kwenye nchi, hakuna mtu mwadilifu katika wanadamu wote. Wote hudanganya katika kusubiri kumwaga damu; kila mtu humuwinda ndugu yake mwenyewe kwa wavu."
                },
                "3": {
                    "verse_nr": "3",
                    "verse": "Mikono yao ni mizuri mno kwa kufanya madhara. watawala huuliza pesa, hakimu yuko tayari kwa rushwa, na mtu mwenye nguvu anawaambia wengine kile anachokitaka kujipatia. Hivyo ndivyo waundavyo kwa pamoja."
                },
                "4": {
                    "verse_nr": "4",
                    "verse": "Mtu bora kwao ni kama mitemba, mwadilifu sana ni kama mche wa miba. Imefika siku iliyosemwa nyuma na walinzi wako, siku ya hukumu. Sasa ni mda wa machafuko."
                },
                "5": {
                    "verse_nr": "5",
                    "verse": "Msimwamini kila jirani; msimuweke kiongozi katika rafiki yeyote. Kuweni makini kuhusiana na kile msemacho hata kwa mwanamke ambaye adanganyaye kwenye mikono yenu."
                },
                "6": {
                    "verse_nr": "6",
                    "verse": "Kwa kuwa mwana humfedhehesha baba yake, binti huinuka kushindana na mama yake, na mke wa mwana wa kiume hushindana na mama mkwe wake. Adui wa watu ni watu wa nyumba yake mwenyewe."
                },
                "7": {
                    "verse_nr": "7",
                    "verse": "Lakini kama kwangu mimi, nitamtazama Yahwe. Nitamsubiri Mungu wa wokovu wangu; Mungu wangu ataniskia."
                },
                "8": {
                    "verse_nr": "8",
                    "verse": "Usifurahi juu yangu, adui yangu. Niangukapo, nitainuka. Wakati nitakapokuwa nimekaa katika giza, Yahwe atakuwa mwanga kwangu."
                },
                "9": {
                    "verse_nr": "9",
                    "verse": "Kwasababu nimetenda dhambi dhidi ya Yahwe, nitachukua ghadhabu yake hata aniteteapo kosa langu, na kutekeleza hukumu kwa ajili yangu. Atanileta kwenye nuru, na nitamwona akiniokoa kwenye haki yake."
                },
                "10": {
                    "verse_nr": "10",
                    "verse": "Kisha adui yangu atakapoliona hilo, na aibu itamfunika yule aliyeniambia, \u201cYahwe Mungu wako yuko wapi?\u201d macho yangu yatamtazama; atakanyagwa chini kama tope kwenye mitaa."
                },
                "11": {
                    "verse_nr": "11",
                    "verse": "Siku ya ya kujenga kuta zako zitafika; siku hiyo mipaka itasogezwa mbali sana."
                },
                "12": {
                    "verse_nr": "12",
                    "verse": "Siku hiyo watu watakuja kwako, kutoka Ashuru na miji katika Misri, kutoka Misri hata mto mkubwa, kutoka bahari kwenda bahari, na kutoka mlima kwenda mlima."
                },
                "13": {
                    "verse_nr": "13",
                    "verse": "Hizo nchi zitakuwa zimejitenga kwasababu ya watu ambao wanaishi huko sasa, kwasababu ya tunda la matendo yao."
                },
                "14": {
                    "verse_nr": "14",
                    "verse": "Chunga watu wako kwa fimbo yako, kundi la urithi wako. Wanaishi wenyewe kwenye msitu, katikati ya msitu. Wachunge katika Bashani na Gileadi kama siku za zamani."
                },
                "15": {
                    "verse_nr": "15",
                    "verse": "Kama katika siku wakati mlipotoka nje ya nchi ya Misri, nitawaonyesha maajabu."
                },
                "16": {
                    "verse_nr": "16",
                    "verse": "Mataifa yataona na kuwa na aibu ya nguvu zao zote. Wataweka mikono yao kwenye midomo yao; masikio yao yatakuwa kiziwi."
                },
                "17": {
                    "verse_nr": "17",
                    "verse": "Watalamba vumbi kama nyoka, kama viumbe vitaambavyo juu ya nchi. Watatoka nje kwenye maficho kwa hofu; watakuja kwako kwa hofu, Yahwe Mungu wetu, na wataogopa kwa sababu yako."
                },
                "18": {
                    "verse_nr": "18",
                    "verse": "Ni nani aliye Mungu kama wewe, wewe uchukuaye dhambi, wewe upitaye juu ya kosa la mabaki ya mrithi wako? Hutunzi hasira yako milele, kwa sababu unapenda kutuonyesha agano lako la aminifu."
                },
                "19": {
                    "verse_nr": "19",
                    "verse": "Tena utakuwa na huruma juu yetu; utayakanyaga maovu chini ya miguu yako. Utazitupa dhambi zetu zote kwenye vilindi vya bahari."
                },
                "20": {
                    "verse_nr": "20",
                    "verse": "Utampatia ukweli Yakobo na agano aminifu kwa Abrahamu, ulipoapa kwa babu zetu katika siku za kale."
                }
            }
        }
    }
}