{
    "version": "SWN",
    "book_name": "Zechariah",
    "book_nr": "38",
    "book": {
        "1": {
            "chapter_nr": "1",
            "chapter": {
                "1": {
                    "verse_nr": "1",
                    "verse": "Katika mwezi wa nane mwaka wa pili wa kutawala kwake Dario, neno la Yahwe lilimjia nabii Zekaria, mwana wa Berekia mwana wa Ido, kusema,"
                },
                "2": {
                    "verse_nr": "2",
                    "verse": "\u201cYawhe alikuwa na hasira sana juu ya baba zenu!"
                },
                "3": {
                    "verse_nr": "3",
                    "verse": "Wambie, 'Yahwe wa majeshi asema hivi: Nirudieni! - nami nitawarudia ninyi, asema Yahwe wa majeshi."
                },
                "4": {
                    "verse_nr": "4",
                    "verse": "Msiwe kama baba zenu ambao hapo zamani manabii waliwambia, wakisema, \u201cYahwe wa majeshi asema hivi: Geukeni kutoka katika njia zenu za mbaya na matendo yenu mabaya!\u201d Lakini hawakuweza kusikia wala kunijari - asema Yahwe.'"
                },
                "5": {
                    "verse_nr": "5",
                    "verse": "Wako wapi baba zenu? Na manabii, je wapo hapa daima?"
                },
                "6": {
                    "verse_nr": "6",
                    "verse": "Lakini maneno yangu na maagizo niliyowaamru watumishi wangu manabii, je hayakuwapata baba zenu? Hivyo walitubu na kusema, 'Kama vile Yahwe wa majeshi alivyokusudia kututenda kwa kadili zinavyostahili njia na matendo yetu, ndivyo alivyotutenda.\u201d"
                },
                "7": {
                    "verse_nr": "7",
                    "verse": "Katika siku ya ishirini na nne ya mwezi wa kumi na moja, ndiyo mwezi wa Shebati, mwaka wa pili wa utawala wa Dario, neno la Yahwe lilimjia nabii Zekaria mwana wa Berekia mwana wa Ido, akasema,"
                },
                "8": {
                    "verse_nr": "8",
                    "verse": "\u201cniliona wakati wa usiku, na tazama! mtu alikuwa amepanda farasi mwekundu, naye alikuwa kati ya miti ya mihadasi iliyoko bondeni; na nyuma yake kulikuwa na farasi mwekundu, farasi wa kijivu, na farasi mweupe.\u201d"
                },
                "9": {
                    "verse_nr": "9",
                    "verse": "Nikauliza, \u201cBwana, hivi ni vitu gani?\u201d Malaika aliyesema nami akaniambia, \u201cNitakueleza vitu hivi ni nini.\u201d"
                },
                "10": {
                    "verse_nr": "10",
                    "verse": "Kisha mtu aliyesimama kati ya miti ya mihadasi akajibu na kusema, \u201cHawa ndiyo Yahwe aliowatuma kuzunguka katika dunia yote.\u201d"
                },
                "11": {
                    "verse_nr": "11",
                    "verse": "Wakamjibu malaika wa Yahwe aliyekuwa amesimama kati ya miti ya mihadasi na kumwambia, \u201cTumekuwa tukizunguka duniani pote; tazama, dunia yote imekaa na kutulia.\u201d"
                },
                "12": {
                    "verse_nr": "12",
                    "verse": "Ndipo malaika wa Yahwe alipojibu na kusema, \u201cYahwe wa majeshi, hata lini usiuhurumie Yerusalemu na miji ya Yuda ambayo imeteswa na kudhurumiwa miaka hii sabini?\u201d"
                },
                "13": {
                    "verse_nr": "13",
                    "verse": "Yahwe akamjibu malaika aliyekuwa amesema nami, kwa maneno mazuri, maneno ya faraja."
                },
                "14": {
                    "verse_nr": "14",
                    "verse": "Hivyo malaika aliyekuwa anaongea nami akaniambia, \u201cIta kwa sauti na useme 'Yahwe wa majeshi asema: Nina wivu kwa ajili ya Yerusalemu yaani Sayuni kwa uchungu mkubwa!"
                },
                "15": {
                    "verse_nr": "15",
                    "verse": "Nami nina hasira juu ya mataifa yaliyo na utulivu. Kwa maana nilikasirika kidogo tu, lakini wao wakasababisha madhara mabaya."
                },
                "16": {
                    "verse_nr": "16",
                    "verse": "Kwa hiyo Yahwe wa majeshi asema hivi: Nimeirudia Yerusalema kwa huruma. Hivyo nyumba yangu itajengwa ndani yake - asema Yahwe wa majeshi. Kipimo kitanyoshwa juu ya Yerusalemu!"
                },
                "17": {
                    "verse_nr": "17",
                    "verse": "Ita tena, ukisema, 'Yahwe wa majeshi asema hivi: Miji yangu kwa mara nyingine itajawa na uzuri, na Yahwe ataifariji tena Sayuni, na kuichagua Yerusalemu kwa mara nyingine tena.\u201d"
                },
                "18": {
                    "verse_nr": "18",
                    "verse": "Kisha nikainua macho na kuona pembe nne!"
                },
                "19": {
                    "verse_nr": "19",
                    "verse": "Nikaongea na malaika aliyesema nami, \u201cHivi ni vitu gani? Akanijibu \u201chizi ni pembe zilisosababisha kutawanyika kwa Yuda, Israeli, na Yerusalemu.\u201d"
                },
                "20": {
                    "verse_nr": "20",
                    "verse": "Kisha Yahwe akanionesha mafundi stadi wanne."
                },
                "21": {
                    "verse_nr": "21",
                    "verse": "Nikasema, \u201cWatu hawa wanakuja kufanya nini?\u201d Akajibu na kusema, \u201cHizi ni pembe zililoitawanya Yuda na hakuna mtu angeweza kuinua kichwa chake. Lakini watu hawa wanakuja kuziondoa, kutupa chini pembe za mataifa yaliyoinua nguvu zao kinyume cha nchi ya Yuda na kuisambaza.\u201d"
                }
            }
        },
        "2": {
            "chapter_nr": "2",
            "chapter": {
                "1": {
                    "verse_nr": "1",
                    "verse": "Kisha nikainua macho yangu na kuona mtu akiwa na timazi mkononi mwake."
                },
                "2": {
                    "verse_nr": "2",
                    "verse": "Nikamwuliza, \u201cUnakwenda wapi?\u201d Akaniambia, \u201cNinakwenda kuupima Yerusalemu ili kujua upana na urefu wake.\u201d"
                },
                "3": {
                    "verse_nr": "3",
                    "verse": "Ndipo malaika aliyekuwa anaongea nami akaondoka na malaika mwingine akaenda kukutana naye."
                },
                "4": {
                    "verse_nr": "4",
                    "verse": "Malaika wa pili akamwambia, \u201cNenda uongee na yule kijana umwambie, 'Yerusalemu utakuwa bila kuta kwa sababu ya wingi wa watu na wanyama ndani yake."
                },
                "5": {
                    "verse_nr": "5",
                    "verse": "Kwa maana Yahwe asema, Nitakuwa ulinzi wake, na nitakuwa utukufu katikati yake."
                },
                "6": {
                    "verse_nr": "6",
                    "verse": "Kimbieni! kimbieni! kimbieni kutoka nchi ya kaskazini - asema Yahwe - kwa maana nimewatawanya kama pepo nne za anga! - Asema Yahwe."
                },
                "7": {
                    "verse_nr": "7",
                    "verse": "Kimbilieni Sayuni haraka! ninyi mnaokaa na binti Babeli!\u201d Asema Yahwe."
                },
                "8": {
                    "verse_nr": "8",
                    "verse": "Kwa maana baada ya Yahwe wa majeshi kuniheshimu aliniweka kinyume na mataifa yaliyowateka - kwani awagusaye, agusa mboni ya jicho la Mungu! - baada ya Yahwe kutenda hivi, alisema,"
                },
                "9": {
                    "verse_nr": "9",
                    "verse": "\u201cMimi mwenyewe nitatikisa mkono wangu juu yao, nao watakuwa mateka kwa watumwa wao.\u201d Ndipo mtakapojua kwamba Yahwe wa majeshi amenituma."
                },
                "10": {
                    "verse_nr": "10",
                    "verse": "\u201cImba kwa furaha, binti Sayuni, kwa maana mimi mwenyewe nitakaa nawe! - asema Yahwe"
                },
                "11": {
                    "verse_nr": "11",
                    "verse": "Mataifa makubwa yataungana na Yahwe siku hiyo. \u201cNanyi mtakuwa watu wangu; kwa kuwa nitakaa kati yenu,\u201d nanyi mtajua kuwa Yahwe wa majeshi amenituma kwenu."
                },
                "12": {
                    "verse_nr": "12",
                    "verse": "Kwa maana Yahwe ataimilki Yuda kama milki yake halali katika nchi takatifu na kwa mara nyingine tena atauchagua Yerusalema kwa ajili yake mwenyewe."
                },
                "13": {
                    "verse_nr": "13",
                    "verse": "Nyamazeni, mbele za Yahwe, ninyi wote wenye mwili, maana ameinuka kutoka mahali patakatifu pake!"
                }
            }
        },
        "3": {
            "chapter_nr": "3",
            "chapter": {
                "1": {
                    "verse_nr": "1",
                    "verse": "Kisha Yahwe akanionesha Yoshua kuhani mkuu amesimama mbele za malaika wa Yahwe na Shetani amesimama mkono wake wa kushoto kumshitaki kwa ajili ya dhambi."
                },
                "2": {
                    "verse_nr": "2",
                    "verse": "Malaika wa Yahwe akamwambia Shetani, \u201cYahwe na akukemee, Yahwe, aliyeuchagua Yerusalemu, akukemee! Je hiki si kinga kilichotolewa motoni\u201d"
                },
                "3": {
                    "verse_nr": "3",
                    "verse": "Yoshua alikuwa na mavazi machafu aliposimama mbele ya malaika."
                },
                "4": {
                    "verse_nr": "4",
                    "verse": "Malaika akawaambia waliosimama mbele yake, \u201cMvulisheni hayo mavazi machafu.\u201d Kisha akamwambia Yoshua, \u201cTazama! nimeuondoa uovu wako na nitakuvika mavazi safi.\u201d"
                },
                "5": {
                    "verse_nr": "5",
                    "verse": "Haya wamvike kilemba safi kichwani!\u201d Hivyo wakaweka kilemba safi kichwani pa Yoshua na wakamvika mavazi safi wakati malaika wa Yahwe amesimama kando."
                },
                "6": {
                    "verse_nr": "6",
                    "verse": "Kisha malaika wa Yahwe akamwagiza Yoshua na kusema,"
                },
                "7": {
                    "verse_nr": "7",
                    "verse": "Yahwe wa majeshi asema hivi: \u201cIkiwa utatembea katika njia zangu, na kutunza amri zangu, ndipo utakapoisimamia nyumba yangu na kulinda nyua zangu, kwa maana nitakuruhusu kwenda na kutoka kati ya wasimamao mbele zangu."
                },
                "8": {
                    "verse_nr": "8",
                    "verse": "WeweYoshua kuhani mkuu na wenzako wanaoishi nawe! Sikilizeni. Watu hawa ni ishara, kwa kuwa mimi mwenyewe nitamwinua mtumishi wangu aitwaye Tawi."
                },
                "9": {
                    "verse_nr": "9",
                    "verse": "Tazameni jiwe nililoliweka mbele ya Yoshua. Kuna macho saba juu ya jiwe hili moja, nami nitaandika maneno juu yake - asema Yahwe wa majeshi - nami nitaondoa dhambi katika nchi hii kwa siku moja."
                },
                "10": {
                    "verse_nr": "10",
                    "verse": "Katika siku hiyo kila mtu atamwalika jirani yake kukaa chini ya mzabibu na mtini wake.\u201d asema Yahwe wa majeshi."
                }
            }
        },
        "4": {
            "chapter_nr": "4",
            "chapter": {
                "1": {
                    "verse_nr": "1",
                    "verse": "Ndipo malaika aliyekuwa akiongea nami akageuka na kuniamsha kama mtu aamshwavyo usingizini."
                },
                "2": {
                    "verse_nr": "2",
                    "verse": "Akaniuliza, \u201cUnaona nini?\u201d Nikasema, \u201cNinaona kinara cha taa kimetengenezwa kwa dhahabu tupu, na bakuli juu yake. Kina taa saba juu yake na mirija mmoja kwa kila taa."
                },
                "3": {
                    "verse_nr": "3",
                    "verse": "Kando yake kuna mizeituni miwili, mmoja upande wa kulia na mwingine upande wa kushoto.\u201d"
                },
                "4": {
                    "verse_nr": "4",
                    "verse": "Kisha nikamwiliza tena na malaika aliyeongea nami. \u201cMambo haya yanamaana gani, bwana wangu?\u201d"
                },
                "5": {
                    "verse_nr": "5",
                    "verse": "Naye akanijibu na kusema, Haujui mambo haya yanamaanisha nini?\u201d Nikasema, \u201cndiyo sijui bwana wangu.\u201d"
                },
                "6": {
                    "verse_nr": "6",
                    "verse": "Hivyo akaniambia, \u201cHili ni neno la Yahwe kwa Zerubabeli: lisemalo siyo kwa uwezo wala kwa nguvu, lakini ni kwa Roho wangu, asema Yahwe wa majeshi."
                },
                "7": {
                    "verse_nr": "7",
                    "verse": "U nini wewe, mlima mrefu? Mbele ya Zerubabeli utakuwa tambarare, naye ataondoa jiwe la juu kwa kelele ya 'Neema! Neema kwake!\u201d"
                },
                "8": {
                    "verse_nr": "8",
                    "verse": "Neno la Yahwe likanijia kusema,"
                },
                "9": {
                    "verse_nr": "9",
                    "verse": "\u201cMikono ya Zerubabeli imeweka misingi ya nyumba hii nayo itaimaliza. Ndipo mtakapojua kuwa Yahwe wa majeshi amenituma kwenu."
                },
                "10": {
                    "verse_nr": "10",
                    "verse": "Ni nani aliyedharau siku ya mambo madogo? Watu hawa wataona jiwe la kupimia mkononi mwa Zerubabeli, nao watafurahi. (Taa saba ni macho ya Yahwe yanayozunguka duniani mwote.)\u201d"
                },
                "11": {
                    "verse_nr": "11",
                    "verse": "Ndipo nilipomwuliza malaika, Mizeituni hii miwili isimamayo upande wa kushoto na kulia wa kinara cha taa ni nini?\u201d"
                },
                "12": {
                    "verse_nr": "12",
                    "verse": "Nikauliza kwa mara nyingine tena, \u201cHaya matawi mawili ya mizeituni kando ya mirija miwili ya dhahabu iliyo na mafuta ya dhahabu yanatiririka kutoka ndani yake?"
                },
                "13": {
                    "verse_nr": "13",
                    "verse": "Naye akaniambia, \u201cHauvijui vitu hivi ni nini?\u201d Nami nikasema, \u201cHapana, bwana wangu.\u201d"
                },
                "14": {
                    "verse_nr": "14",
                    "verse": "Akasema, \u201cHawa ni wana wa mafuta mabichi ya mizeituni wasimamao mbele ya Bwana wa dunia yote.\u201d"
                }
            }
        },
        "5": {
            "chapter_nr": "5",
            "chapter": {
                "1": {
                    "verse_nr": "1",
                    "verse": "Kisha nikageuka na kuinua macho yangu, nami nikaona, tazama, gombo lirukalo!"
                },
                "2": {
                    "verse_nr": "2",
                    "verse": "Malaika akaniuliza, \u201cUnaona nini?\u201d Nikajibu, \u201cNinaona gombo lirukalo, urefu wake dhiraa ishirini na upana wake dhiraa kumi.\u201d"
                },
                "3": {
                    "verse_nr": "3",
                    "verse": "Ndipo aliponiambia, \u201cHii ni laana iendayo juu ya uso wa nchi yote, kwani tangu sasa kila mwivi ataondolewa kulingana na lisemavyo upande mmoja, wakati kila aapaye kiapo cha uongo ataondolewa kulingana na lisemavyo upande mwingine, kwa kadili ya maneno yake."
                },
                "4": {
                    "verse_nr": "4",
                    "verse": "\u201cNitalituma - asema Yahwe wa majeshi - hivyo litaingia nyumbani mwa mwivi na nyumbani mwa aapaye kwa uongo kwa jina langu. Litasalia nyumbani mwake na kuteketeza mbao na mawe yake.\u201d"
                },
                "5": {
                    "verse_nr": "5",
                    "verse": "Ndipo malaika aliyekuwa akisema nami alipoenda nje na kuniambia, \u201cInua macho yako uone kinachokuja!\u201d"
                },
                "6": {
                    "verse_nr": "6",
                    "verse": "Nikasema, \u201cNi nini hiki?\u201d Akasema, \u201cHiki ni kikapu kilicho na efa ijayo. Huu ni uovu wao katika nchi yote.\u201d"
                },
                "7": {
                    "verse_nr": "7",
                    "verse": "Kisha mfuniko wa risasi ukainuliwa kutoka ndani ya kikapu na kulikuwa na mwanamke chini yake amekaa ndani yake!"
                },
                "8": {
                    "verse_nr": "8",
                    "verse": "Malaika akasema, \u201cHuu ni uovu!\u201d na akamtupa tena kikapuni, na kurusha mfuniko wa risasi mlango pake."
                },
                "9": {
                    "verse_nr": "9",
                    "verse": "Nilipoinua macho nikaona wanawake wawili wakija kwangu, na upepo ulikuwa ndani ya mabawa yao - walikuwa na mabawa kama mabawa ya korongo. Wakainua kikapu kati ya mbingu na nchi."
                },
                "10": {
                    "verse_nr": "10",
                    "verse": "Hivyo nikamwuliza malaika aliyesema nami, \u201cWanapeleka wapi kikapu?\u201d"
                },
                "11": {
                    "verse_nr": "11",
                    "verse": "Akaniambia, \u201cWanakwenda kujengea hekalu katika nchi ya Shinari kwa ajili yake, hekalu litakapokuwa tayari, kikapu kitawekwa kwenye msingi ulioandaliwa kwa ajili yake.\u201d"
                }
            }
        },
        "6": {
            "chapter_nr": "6",
            "chapter": {
                "1": {
                    "verse_nr": "1",
                    "verse": "Kisha nikageuka na kuinua macho na nikaona vibandawazi vinne vya farasi vikija kutoka kati ya milima miwili; na milima hiyo ilikuwa imetengenezwa kwa shaba."
                },
                "2": {
                    "verse_nr": "2",
                    "verse": "Kibandawazi cha kwanza kilikuwa na farasi wekundu, kibandawazi cha pili kilikuwa na farasi weusi,"
                },
                "3": {
                    "verse_nr": "3",
                    "verse": "kibandawazi cha tatu kilikuwa na farasi weupe, na kibandawazi cha nne kilikuwa na farasi wa kijivu."
                },
                "4": {
                    "verse_nr": "4",
                    "verse": "Hivyo nikamwuliza malaika aliyesema nami, \u201cNi vitu gani hivi bwana wangu?\u201d"
                },
                "5": {
                    "verse_nr": "5",
                    "verse": "Malaika akajibu na kuniambia, \u201cHizi ni pepo nne za mbinguni zisimamazo mbele ya Bwana wa dunia yote."
                },
                "6": {
                    "verse_nr": "6",
                    "verse": "Lenye farasi weusi linakwenda nchi ya kaskazini; farasi weupe wanakwenda nchi ya magharibi; na farasi wa kijivu wanakwenda nchi ya kusini.\u201d"
                },
                "7": {
                    "verse_nr": "7",
                    "verse": "Farasi hawa wenye nguvu walitoka na wanatafuta kwenda na kuzunguka juu ya nchi, hivyo malaika akasema, \u201cNendeni na mzunguke juu ya nchi!\u201d nao wakaenda juu ya dunia yote."
                },
                "8": {
                    "verse_nr": "8",
                    "verse": "Kisha akaniita na kuniambia, \u201cTazama wale wanaokwenda nchi ya kaskazini, wataituliza roho yangu juu nchi hiyo.\u201d"
                },
                "9": {
                    "verse_nr": "9",
                    "verse": "Hivyo neno la Yahwe likanijia kusema,"
                },
                "10": {
                    "verse_nr": "10",
                    "verse": "\u201cChukua sadaka kutoka kwa waliohamishwa - kutoka kwa Helidai, Tobiya na Yedaya - leo hii uende na kuipeleka katika nyumba ya Yosia mwana wa Zefania, aliyetoka Babeli."
                },
                "11": {
                    "verse_nr": "11",
                    "verse": "Kisha uchukue fedha na dhahabu, ufanye taji na uivike katika kichwa cha Yoshua mwana wa Yehosadaki kuhani mkuu."
                },
                "12": {
                    "verse_nr": "12",
                    "verse": "Ongea naye na useme, Yahwe wa majeshi asema hivi: Mtu huyu, jina lake Tawi! Naye atakuwa alipo na kisha atajenga hekalu la Yahwe!"
                },
                "13": {
                    "verse_nr": "13",
                    "verse": "Ndiye atakayejenga hekalu la Yahwe naye atauinua utukufu wake; kisha ataketi na kutawala katika kiti chake cha enzi. Atakuwa kuhani juu ya kiti cha enzi na ufahamu wa amani utakuwa kati ya vyote viwili."
                },
                "14": {
                    "verse_nr": "14",
                    "verse": "Taji itawekwa hekaluni mwa Yahwe kwa heshima ya Heldai, Tobiya na Yedaya na kama kumbukumbu ya ukarimu wa mwana wa Zefania."
                },
                "15": {
                    "verse_nr": "15",
                    "verse": "Ndipo waliombali watakapokuja na kulijenga hekalu la Yahwe, hivyo mtajua kuwa Yahwe wa majeshi amenituma kwenu; kwani ikiwa kweli mnaisikiliza sauti ya Yahwe Mungu wenu hili litatendeka!\u201d"
                }
            }
        },
        "7": {
            "chapter_nr": "7",
            "chapter": {
                "1": {
                    "verse_nr": "1",
                    "verse": "Mwaka wa minne wa utawala mfalme Dario, siku ya nne ya mwezi wa Kisleu(ambao ni mwezi wa tisa), neno la Yahwe lilimjia Zekaria kusema."
                },
                "2": {
                    "verse_nr": "2",
                    "verse": "Watu wa Betheli wamemtuma Shareza, Regemu Meleki na watu wao kuomba mbele ya uso wa Yahwe."
                },
                "3": {
                    "verse_nr": "3",
                    "verse": "Wakaongea na makuhani waliokuwa katika nyumba ya Yahwe wa majeshi na kwa manabii; wakasema, \u201cJe niomboleze katika mwezi wa tano kwa njia ya kufunga, kama nilivyofanya miaka mingi hii?\u201d"
                },
                "4": {
                    "verse_nr": "4",
                    "verse": "Ndipo neno la Yahwe wa majeshi liliponijia kusema,"
                },
                "5": {
                    "verse_nr": "5",
                    "verse": "\u201cOngea na watu wote wa nchi na makuhani uwaambie, \u201cMlipofunga na kuomboleza katika mwezi wa tano na wa saba katika hii miaka sabini, je kweli mlifunga kwa ajili yangu?"
                },
                "6": {
                    "verse_nr": "6",
                    "verse": "Na mlipokula na kunywa, hamkula na kunywa kwa ajili yenu wenyewe?"
                },
                "7": {
                    "verse_nr": "7",
                    "verse": "Je hayo siyo maneno aliyosema Yahwe kwa vinywa vya manabii wa zamani, mlipokuwa bado mnaishi Yerusalemu na miji ya kandokando yenye mafanikio na iliyokaa Negebu, na upande wa magharibi chini ya vilima?\u201d"
                },
                "8": {
                    "verse_nr": "8",
                    "verse": "Neno la Yahwe likamjia Zekaria kusema,"
                },
                "9": {
                    "verse_nr": "9",
                    "verse": "\u201cYahwe wa majeshi asema hivi, 'Hukumuni kwa haki, uaminifu wa agano, na rehema. Kila mtu na amtendee hivi ndugu yake."
                },
                "10": {
                    "verse_nr": "10",
                    "verse": "Juu ya mjane na yatima, mgeni, na masikini - usiwanyanyase, na asiwepo miongoni mwenu anayepanga madhara yoyote dhidi ya mwingine mioyoni mwenu."
                },
                "11": {
                    "verse_nr": "11",
                    "verse": "Lakini waliyashupaza mabega yao na hawakujari. Waliziba masikio yao ili wasisikie."
                },
                "12": {
                    "verse_nr": "12",
                    "verse": "Waliifanya mioyo yao kuwa migumu kama mwamba ili wasiisikie sheria au neno la Yahwe wa majeshi. Alipeleka ujumbe kwa watu nyakati za zamani kwa Roho wake, kwa vinywa vya manabii. Lakini watu hawakusikia, hivyo Yahwe wa majeshi aliwakasirikia sana."
                },
                "13": {
                    "verse_nr": "13",
                    "verse": "Hata ikawa alipoita hawakusikia. Vilevile,\u201d asema Yahwe wa majeshi, \u201cwataniita, lakini sitasikiliza."
                },
                "14": {
                    "verse_nr": "14",
                    "verse": "Kwa maana nitawatawanya kwa upepo wa kisurisuri katika mataifa yote ambayo hawajawai kuyaona, na baada yao nchi itakuwa wazi. Kwa kuwa hakuna hata mmoja atakayepita au kukaa katika hiyo nchi kwa kuwa wameigeuza nchi yao yenye kupendeza kuwa isiyofaa."
                }
            }
        },
        "8": {
            "chapter_nr": "8",
            "chapter": {
                "1": {
                    "verse_nr": "1",
                    "verse": "Neno la Yahwe wa majeshi likanijia kusema,"
                },
                "2": {
                    "verse_nr": "2",
                    "verse": "\u201cYahwe wa majeshi asema hivi: Nina huzuni kwa ajili ya Sayuni kwa wivu mkuu na ninamaumivu kwa hasira nyingi!"
                },
                "3": {
                    "verse_nr": "3",
                    "verse": "Yahwe wa majeshi asema hivi: Nitairudia Sayuni nami nitakaa kati ya Yerusalemu, kwa kuwa Yerusalemu itaitwa mji wa kweli na mlima wa Yahwe wa majeshi utaitwa Mlima Mtakatifu!"
                },
                "4": {
                    "verse_nr": "4",
                    "verse": "Yahwe wa majeshi asema hivi: Kwa mara nyingine tena kutakuwa na vikongwe katika mitaa ya Yerusalemu, na kila mtu ataitaji mkongojo mkononi mwake kwa vile alivyo mzee."
                },
                "5": {
                    "verse_nr": "5",
                    "verse": "Pia mitaa ya mji itajazwa na vijana wa kiume na kike wachezao."
                },
                "6": {
                    "verse_nr": "6",
                    "verse": "Yahwe wa majeshi asema hivi: ikiwa jambo laonekana haliwezekani katika macho ya masalia ya watu hawa katika siku hizo, je haliwezekani pia machoni pangu? - asema Yahwe."
                },
                "7": {
                    "verse_nr": "7",
                    "verse": "Yahwe wa majeshi asema hivi: Tazama, nipo tayari kuwaokoa watu wangu kutoka nchi ya mawio na ya machweo ya jua!"
                },
                "8": {
                    "verse_nr": "8",
                    "verse": "Kwa maana nitawarudisha tena, nao wataishi ndani ya Yerusalemu, hivyo watakuwa watu wangu tena, nami nitakuwa Mungu wao katika kweli na utakatifu!"
                },
                "9": {
                    "verse_nr": "9",
                    "verse": "Yahwe wa majeshi asema hivi: Ninyi mnaoendelea kusikia maneno yaleyale yaliyotoka katika vinywa vya manabii msingi wa nyumba yangu ulipowekwa - hii nyumba yangu, Yahwe wa majeshi: Itieni nguvu mikono yenu ili hekalu lijengwe."
                },
                "10": {
                    "verse_nr": "10",
                    "verse": "Kwani kabla ya siku hizo hakuna mazao yaliyokusanywa na yeyote ndani yake, hakukuwa na faida siyo kwa mtu hata mnyama, na hakukuwa na amani kutoka kwa adui kwa kila aliyekwenda au kuja. Nilimfanya kila mtu kuwa kinyume cha mwenzake."
                },
                "11": {
                    "verse_nr": "11",
                    "verse": "Lakini sasa haitakuwa kama mwanzo, nitakuwa pamoja na masalia ya watu hawa - asema Yahwe wa majeshi."
                },
                "12": {
                    "verse_nr": "12",
                    "verse": "Kwani mbegu za amani zitapandwa; mzabibu unaokua utatoa matunda yake na nchi itatoa mazao yake; anga zitatoa umande, kwa maana nitawapa masalia ya watu hawa kumilki haya yote."
                },
                "13": {
                    "verse_nr": "13",
                    "verse": "Ulikuwa mfano wa laana kwa mataifa mengine, enyi nyumba ya Yuda na nyumba ya Israeli. Hivyo nitawaokoa nanyi mtakuwa baraka. Msiogope; haya mikono yenu itiwe nguvu!"
                },
                "14": {
                    "verse_nr": "14",
                    "verse": "Kwa maana Yahwe wa majeshi asema hivi: Kama nilivyopanga kuwatenda mabaya babu zenu walipochokoza hasira yangu - asema Yahwe wa majeshi - na wala sikujuta,"
                },
                "15": {
                    "verse_nr": "15",
                    "verse": "ndivyo nitakavyoazimia kuutenda mema tena Yerusalemu na nyumba ya Yuda katika siku hizi! Msiogope!"
                },
                "16": {
                    "verse_nr": "16",
                    "verse": "Haya ndiyo mambo mnayopaswa kufanya: Kasemeni kweli, kila mtu na jirani yake. Hukumuni kwa haki, usawa na amani katika malango yenu."
                },
                "17": {
                    "verse_nr": "17",
                    "verse": "Na asiwepo miongoni mwenu anayeazimu uovu moyoni mwake dhidi ya jirani yake, wala kuvutwa na viapo vya uongo; kwani haya yote ndiyo mambo ninayoyachukia! - asema Yahwe.\u201d"
                },
                "18": {
                    "verse_nr": "18",
                    "verse": "Kisha neno la Yahwe wa majeshi likanijia kusema,"
                },
                "19": {
                    "verse_nr": "19",
                    "verse": "\u201cYahwe wa majeshi asema hivi: Mifungo ya mwezi wa nne, mwezi wa tano, mwezi wa saba na mwezi wa kumi itakuwa nyakati za furaha ya kila aina, kwa nyumba ya Yuda! Kwa hiyo pendeni kweli na amani!"
                },
                "20": {
                    "verse_nr": "20",
                    "verse": "Yahwe wa majeshi asema hivi: Watu watakuja tena, hata wanaoishi miji mingine."
                },
                "21": {
                    "verse_nr": "21",
                    "verse": "Watu wa mji mmoja watakwenda mji mwingine na kusema, \u201cHaya twendeni haraka mbele ya Yahwe tukaombe na kumtafuta Yahwe wa majeshi! Sisi wenyewe tunakwenda pia."
                },
                "22": {
                    "verse_nr": "22",
                    "verse": "Watu wengi na mataifa yenye nguvu yatakuja kumtafuta Yahwe wa majeshi huko Yerusalemu na kuomba upendeleo kwa Yahwe!"
                },
                "23": {
                    "verse_nr": "23",
                    "verse": "Yahwe wa majeshi asema hivi: Katika siku hizo watu kumi kutoka katika kila lugha na taifa watashika upindo wa kanzu zenu na kusema, \u201cHaya sisi nasi tutakwenda pamoja nanyi, kwani tumesikia kwamba Mungu yu pamoja nayi!\u201d"
                }
            }
        },
        "9": {
            "chapter_nr": "9",
            "chapter": {
                "1": {
                    "verse_nr": "1",
                    "verse": "Hili ni tamko la neno la Yahwe kuhusu nchi ya Hadraki na Damesiki. Kwa maana jicho la Yahwe liko juu ya wanadamu wote, na juu ya kabila zote za Israeli pia."
                },
                "2": {
                    "verse_nr": "2",
                    "verse": "Azimio hili pia linaihusu Hamathi, inayopakana na Damesiki, na linahusu Tiro na Sidoni, japokuwa ni werevu sana."
                },
                "3": {
                    "verse_nr": "3",
                    "verse": "Tiro amejijengea ngome na kurundika fedha kama mavumbi na dhahabu safi kama matope mitaani."
                },
                "4": {
                    "verse_nr": "4",
                    "verse": "Tazama! Bwana atamnyang'anya na kuharibu nguvu zake juu ya bahari, kwa hiyo atateketezwa kwa moto."
                },
                "5": {
                    "verse_nr": "5",
                    "verse": "Ashikeloni ataona na kuogopa! Gaza pia atatemeka sana! Ekroni, tumanini lake litatikiswa! Mfalme ataangamizwa kuanzia Gaza, na Ashikeloni haitakuwa na watu tena!"
                },
                "6": {
                    "verse_nr": "6",
                    "verse": "Wageni watafanya makao yao katika Ashidodi, nami nitakiondoa kiburi cha Wafilisiti."
                },
                "7": {
                    "verse_nr": "7",
                    "verse": "Kwani nitaondoa damu yao katika vinywa vyao na machukizo yao kutoka kati ya meno yao. Ndipo watakapokuwa masalia kwa Mungu wetu kama ukoo katika Yuda, na Ekironi atakuwa kama Wayebusi."
                },
                "8": {
                    "verse_nr": "8",
                    "verse": "Nitaweka kambi kuzunguka nchi yangu kinyume cha majeshi ya adui hata hakuna atakayeweza kupita ndani yake tena, kwani hakuna mtesaji atakayeipita tena. Kwa kuwa sasa nitaangalia nchi yangu kwa macho yangu mwenyewe!"
                },
                "9": {
                    "verse_nr": "9",
                    "verse": "Piga kelele kwa furaha, ewe binti Sayuni! Piga kelele kwa shangwe, ewe binti Yerusalem! Tazama! Mfalme wako anakuja kwako pamoja na uadilifu na anakuokoa. Ni mnyenyekevu, amepanda punda, mwanapunda."
                },
                "10": {
                    "verse_nr": "10",
                    "verse": "Ndipo nitakapoondoa kibandawazi kutoka Efraimu na farasi kutoka Yerusalemu, na upinde utaondolewa katika vita; kwani atasema amani kwa mataifa, na utawala wake utakuwa kutoka bahari hata bahari, na kutoka katika mto hadi miisho ya dunia!"
                },
                "11": {
                    "verse_nr": "11",
                    "verse": "Lakini kwenu, kwa sababu ya damu ya agano langu nanyi, nitawaweka wafungwa wenu huru kutoka shimoni pasipo na maji."
                },
                "12": {
                    "verse_nr": "12",
                    "verse": "Rudini ngomeni, wafungwa wa matumaini! Hata leo natamka kwamba nitawarudishia mara mbili, kwani nimempinda Yuda kama upinde wangu."
                },
                "13": {
                    "verse_nr": "13",
                    "verse": "Hata nimelijaza podo langu pamoja na Efraimu. Nimewainua wana wenu, Sayuni, kinyume cha wana wenu, Ugiriki, na amekufanya wewe, Sayuni, kama upanga wa shujaa!"
                },
                "14": {
                    "verse_nr": "14",
                    "verse": "Yahwe atawatokea, na mishale yake itapiga kama radi! Kwa maana Yahwe Bwana wangu atapiga tarumbeta naye ataendelea pamoja na dhoruba kutoka Temani."
                },
                "15": {
                    "verse_nr": "15",
                    "verse": "Yahwe wa majeshi atawatetea, nao watawararua na kuyashinda mawe ya kombeo. Ndipo watakapo kunywa na kupiga kelele kama mtu aliyelewa kwa mvunyo, nao watajazwa na mvinyo kama mabakuri, kama pembe za madhabahu."
                },
                "16": {
                    "verse_nr": "16",
                    "verse": "Hivyo Yahwe Mungu wao atawaokoa siku hiyo; watakuwa kama kundi la kondoo lililo na watu wake, kwani watakuwa mapambo ya taji, yaliyoinuliwa juu ya nchi yake."
                },
                "17": {
                    "verse_nr": "17",
                    "verse": "Jinsi gani watakavyokuwa wazuri na warembo! vijana watastawi juu ya nafaka na bikra juu ya divai tamu!"
                }
            }
        },
        "10": {
            "chapter_nr": "10",
            "chapter": {
                "1": {
                    "verse_nr": "1",
                    "verse": "Mwombeni Yahwe mvua nyakati za kipupwe - Yahwe afanyaye mvua ya radi - naye hufanya mvua inyeshe kwa kila mmoja na uoto kondeni."
                },
                "2": {
                    "verse_nr": "2",
                    "verse": "Kwani sanamu za wenye nyumba husema uongo; waganga hunena uongo; wanasema ndoto za udanganyifu na hutoa faraja tupu, hivyo wapotea kama kondoo na wanaumia kwa sababu hakuna mchungaji."
                },
                "3": {
                    "verse_nr": "3",
                    "verse": "Gadhabu yangu inawaka dhidi ya wachungaji; ni mabeberu - viongozi - nitakao waadhibu. Yahwe wa majeshi atalihudumia pia kundi la kondoo wake, nyumba ya Yuda, na kuwafanya kama farasi wake wa vita!"
                },
                "4": {
                    "verse_nr": "4",
                    "verse": "Kutoka kwao litatoka jiwe kuu la pembeni; kutoka kwao kitatoka kigingi cha hema; kutoka kwao utatoka upinde wa vita; kutoka kwao watakuja viongozi wote kwa pamoja."
                },
                "5": {
                    "verse_nr": "5",
                    "verse": "Watakuwa kama mashujaa wawakanyagao adui zao katika matope ya mitaani vitani; watafanya vita, kwa maana Yahwe yu pamoja nao, nao watawaabisha wapanda farasi wa vita."
                },
                "6": {
                    "verse_nr": "6",
                    "verse": "Nitaitia nguvu nyumba ya Yuda na kuiokoa nyumba ya Yusufu; kwani nitawarejesha na kuwahurumia. Watakuwa kama nilikuwa sijawaondoa, kwani mimi ni Yahwe Mungu wao, nami nitawaitikia."
                },
                "7": {
                    "verse_nr": "7",
                    "verse": "Ndipo Efraimu atakapokuwa kama shujaa, na mioyo yao itafurahi kama kwa mvinyo; wana wao wataona na kufurahi. Mioyo yao itanifurahia!"
                },
                "8": {
                    "verse_nr": "8",
                    "verse": "Nitawanong'oneza na kuwakusanya, kwani nitawaokoa, nao watakuwa wakuu kama walivyokuwa mwanzo!"
                },
                "9": {
                    "verse_nr": "9",
                    "verse": "Niliwapanda kati ya watu, lakini watanikumbuka katika nchi ya mbali, hivyo wao na wana wao wataishi na kurejea."
                },
                "10": {
                    "verse_nr": "10",
                    "verse": "Kwa maana nitawarejesha kutoka nchi ya Misri na kuwakusanya kutoka Ashuru. Nitawaleta katika nchi ya Gileadi na Lebanoni mpaka kutakapokuwa hakuna nafasi tena kwa ajili yao."
                },
                "11": {
                    "verse_nr": "11",
                    "verse": "Nitapita katika bahari ya mateso yao; nitayapiga mawimbi ya bahari hiyo na nitavikausha vilindi vyote vya Nile. Utukufu wa Ashuru utashushwa chini, na fimbo ya Misri itakwenda mbali kutoka kwa Wamisri."
                },
                "12": {
                    "verse_nr": "12",
                    "verse": "Nitawatia nguvu katika mimi mwenyewe, nao watatembea katika jina langu - asema Yahwe."
                }
            }
        },
        "11": {
            "chapter_nr": "11",
            "chapter": {
                "1": {
                    "verse_nr": "1",
                    "verse": "Fungua milango yako, ee Lebanoni, ili moto uteketeze mielezi yako!"
                },
                "2": {
                    "verse_nr": "2",
                    "verse": "Omboleza, enyi miti ya misonobari, kwani mierezi imeanguka! Kilichokuwa cha fahari kimeteketezwa! Ombolezeni, enyi mialoni ya Bashani, kwani msitu wenye nguvu umeshushwa."
                },
                "3": {
                    "verse_nr": "3",
                    "verse": "Wachungaji wanapiga yowe, kwa kuwa utukufu wao umeharibiwa! Sauti ya mungurumo wa wana simba, kwa kuwa kiburi cha Mto Yordani kimeharibiwa!"
                },
                "4": {
                    "verse_nr": "4",
                    "verse": "Hivi ndivyo asemavyo Yahwe Mungu wangu, \u201cLichungeni kundi la kondoo lililotiyari kuchinjwa!"
                },
                "5": {
                    "verse_nr": "5",
                    "verse": "(Wanaowanunua wanawachinja bila kuhadhibiwa, nao wawauzao husema, 'Atukuzwe Yahwe! Nimetajirika! Kwa maana wachungaji wafanyao kazi kwa wenye kondoo hawawahurumii.)"
                },
                "6": {
                    "verse_nr": "6",
                    "verse": "Kwa maana hiyo sitawahurumia tena wenyeji wa nchi! - hivi ndivyo asemavyo Yahwe. Tazama! Mimi mwenyewe nipo tiyari kumwelekeza kila mtu katika mkono wa jirani yake na katika mkono wa mfalme wake, nao wataiharibu nchi na hakuna hata mmoja wao nitakayemwokoa kutoka katika mkono wao.\u201d"
                },
                "7": {
                    "verse_nr": "7",
                    "verse": "Hivyo nikawa mchungaji wa kondoo walioamriwa kuchinjwa, kwa wanaowashughulikia kondoo. Nilichukua fimbo mbili; fimbo moja nikaiita \u201cNeema\u201d na nyingine nikaiita \u201cUmoja.\u201d Kwa njia hii niliwachunga kondoo."
                },
                "8": {
                    "verse_nr": "8",
                    "verse": "Ndani ya mwezi mmoja niliwaangamiza wachungaji watatu, kwa maana sikuwavumilia tena, wao pia walinichukia."
                },
                "9": {
                    "verse_nr": "9",
                    "verse": "Ndipo nilipowaambia wamiliki, \u201cSitafanya kazi kama mchungaji wenu tena. Wakondoo wafao - na wafe; kondoo wanaoangamizwa - na waangamizwe. Na kondoo wasaliao kila mmoja ale nyama ya jirani yake.\u201d"
                },
                "10": {
                    "verse_nr": "10",
                    "verse": "Hivyo nikaichukua fimbo yangu \u201cNeema\u201d na nikaivunja kuvunja agano nililokuwa nimelifanya na kabila zangu zote."
                },
                "11": {
                    "verse_nr": "11",
                    "verse": "Katika siku hiyo agano lilivunjwa, na wale wanaoshughulika na kondoo na waliokuwa wakiniangalia walifahamu kwamba Yahwe amesema."
                },
                "12": {
                    "verse_nr": "12",
                    "verse": "Nikawaambia, \u201cIkiwa itawapendeza, nilipeni ujira wangu. Kama sivyo, msifanye hivyo.\u201d Hivyo wakapima ujira wangu - vipande thelathini vya fedha."
                },
                "13": {
                    "verse_nr": "13",
                    "verse": "Kisha Yahwe akaniambia, \u201cWeka fedha katika hazina, thamani nzuri zaidi ambayo walikupa!\u201d Hivyo nikachukua vipande thelathini vya fedha na kuviweka katika hazina ndani ya nyumbani Yahwe."
                },
                "14": {
                    "verse_nr": "14",
                    "verse": "Kisha nikavunja fimbo yangu ya pili, \u201cUmoja,\u201d kuvunja undugu kati ya Yuda na Israeli."
                },
                "15": {
                    "verse_nr": "15",
                    "verse": "Yahwe akaniambia, \u201cTena, chukua chombo cha mchungaji mpumbavu kwa ajili yako mwenyewe,"
                },
                "16": {
                    "verse_nr": "16",
                    "verse": "kwa maana tazama, niko tiyari kumweka mahali mchungaji katika nchi. Hataangalia kondoo wanaoangamia. Hatatafuta kondoo wapoteao, wala kuwaponya kondoo wachechemeao. Hatawalisha kondoo wenye afya, lakini atakula nyama ya kondoo walionona naye atapasua kwato zao."
                },
                "17": {
                    "verse_nr": "17",
                    "verse": "Ole kwa wachungaji wasiofaa wanaoliacha kundi la kondoo! Upanga na uje dhidi ya mkono wake na jicho lake la kulia! Mkono wake na ukauke na jicho lake la kulia lipofuke!"
                }
            }
        },
        "12": {
            "chapter_nr": "12",
            "chapter": {
                "1": {
                    "verse_nr": "1",
                    "verse": "Hili ni tamko la neno la Yahwe kwa Israeli - Bwana asema, azitandaye mbingu na kuweka msingi wa dunia, aiumbaye roho ya mtu ndani yake,"
                },
                "2": {
                    "verse_nr": "2",
                    "verse": "\u201cTazama, nitaifanya Yerusalemu kuwa kikombe kiwafadhaishacho watu wote wamzungukao. Itakuwa hivyo hivyo pia kwa Yuda wakati wa kuhusuriwa kwa Yerusalemu."
                },
                "3": {
                    "verse_nr": "3",
                    "verse": "Katika siku hiyo, nitaifanya Yerusalemu kuwa jiwe zito kwa watu wa jamaa zote. Kila atakayejaribu kuliinua jiwe hilo atajihumiza sana, na mataifa yote ya dunia yatakusanyika kinyume cha mji huo."
                },
                "4": {
                    "verse_nr": "4",
                    "verse": "Katika siku hiyo asema Yahwe - nitampiga kila farasi kwa ushangao na kila mpanda farasi kwa wendawazimu. Nitaiangalia nyumba ya Yuda kwa upendeleo na nami nitawapiga kwa upofu farasi wa majeshi."
                },
                "5": {
                    "verse_nr": "5",
                    "verse": "Ndipo watawala wa Yuda watakapojisemea mioyoni mwao, 'Wakaao Yerusalemu ndio nguvu yetu kwa sababu ya Yahwe wa majeshi, Mungu wao.'"
                },
                "6": {
                    "verse_nr": "6",
                    "verse": "Katika siku hiyo nitawafanya watawala wa Yuda kuwa kama mitungi ya moto katika miti na kama miali ya moto kati ya nafaka isimamayo, kwani utateketeza watu wote walio karibu upande wao wa kulia na kushoto. Yerusalemu atakaa mahali pake tena."
                },
                "7": {
                    "verse_nr": "7",
                    "verse": "Yahwe ataziokoa hema za Yuda kwanza, ili kwamba utukufu ya nyumba ya Daudi na utukufu wa wale waishio Yerusalemu hautazidi sehemu iliyosalia ya Yuda."
                },
                "8": {
                    "verse_nr": "8",
                    "verse": "Katika siku hiyo Yahwe atakuwa mtetezi wa wakao Yerusalemu, na siku hiyo waliodhaifu miongoni mwao watakuwa kama Daudi, wakati nyumba ya Daudi watakuwa kama Mungu, kama malaika wa Yahwe mbele yao."
                },
                "9": {
                    "verse_nr": "9",
                    "verse": "\u201cItakuwa kwamba katika siku hiyo nitaanza kuyaharibu mataifa yote yajayo kinyume cha Yerusalemu."
                },
                "10": {
                    "verse_nr": "10",
                    "verse": "Lakini nitamwaga roho ya huruma na kuiombea nyumba ya Daudi na wakao Yerusalemu, hivyo wataniangalia mimi, waliomchoma kwa mkuki. Wataniombolezea, kama amwombolezeaye mwana wa pekee; watamwombolezea kwa uchungu sana kama aombolezaye kifo cha mzaliwa wa kwanza."
                },
                "11": {
                    "verse_nr": "11",
                    "verse": "Katika siku hiyo maombolezo huko Yerusalemu yatakuwa kama maombolezo ya Hadadi Rimoni katika tambarare za Megido."
                },
                "12": {
                    "verse_nr": "12",
                    "verse": "Nchi itaomboleza, kila ukoo peke yao. Ukoo wa nyumba ya Daudi utakuwa peke yake na wake zao watakuwa peke yao mbali na wanaume. Ukoo wa nyumba ya Nathani utakuwa peke yao na wake zao watakuwa peke yao mbali na waume."
                },
                "13": {
                    "verse_nr": "13",
                    "verse": "Ukoo wa nyumba ya Lawi utakuwa peke yao na wake zao watakuwa peke yao mbali na waume. Ukoo wa Washimei utakuwa peke yao na wake zao watakuwa peke yao mbali na waume."
                },
                "14": {
                    "verse_nr": "14",
                    "verse": "Kila ukoo uliosalia - kila mmoja utakuwa peke yake na wake watakuwa pekee mbali na waume."
                }
            }
        },
        "13": {
            "chapter_nr": "13",
            "chapter": {
                "1": {
                    "verse_nr": "1",
                    "verse": "Katika siku hiyo kijito kitafunguliwa kwa ajili ya nyumba ya Daudi na wenyeji wa Yerusalemu, kwa ajili ya dhambi na uchafu wao."
                },
                "2": {
                    "verse_nr": "2",
                    "verse": "Katika siku hiyo - asema Yahwe wa majeshi - kwamba nitaondoa majina ya sanamu katika nchi ili kwamba yasikumbukwe tena. Nitawaondoa pia katika nchi manabii wa uongo na roho wao mchafu"
                },
                "3": {
                    "verse_nr": "3",
                    "verse": "Ikiwa mtu yeyote ataendelea kutoa unabii, baba yake na mama yake waliomzaa watamwambia, 'Hautaishi, kwa kuwa umenena uongo kwa jina la Yahwe! Ndipo baba na mama waliomzaa watakapomchoma wakati akitabiri."
                },
                "4": {
                    "verse_nr": "4",
                    "verse": "Katika siku hiyo kila nabii ataonea aibu maono yake aelekeapo kutoa unabii. Manabii hawa hawatavaa tena vazi la singa, ili kuwadanganya watu."
                },
                "5": {
                    "verse_nr": "5",
                    "verse": "Kwa maana kila mmoja atasema, 'Mimi siyo nabii! mimi ni mkulima, kwa maana ardhi ndiyo kazi yangu tangu ujana wangu!"
                },
                "6": {
                    "verse_nr": "6",
                    "verse": "Lakini mtu mwingine atamwambia, 'Majeraha haya kati ya mikono yako ni ya nini?' naye atajibu, nilijeruhiwa na waliokuwa katika nyumba ya rafiki zangu.\u201d"
                },
                "7": {
                    "verse_nr": "7",
                    "verse": "Upanga! inuka mwenyewe dhidi ya mchungaji wangu, mtu asimamaye karibu nami - hivi ndivyo asemavyo Yahwe wa majeshi. Mpige mchungaji, na kondoo watatawanyika! Kwa maana nitageuza mkono wangu dhidi ya wadogo."
                },
                "8": {
                    "verse_nr": "8",
                    "verse": "Kisha itakuwa kwamba katika nchi yote - hivi ndivyo asemavyo Yahwe - kwamba theluthi mbili yake itaondolewa! Watu hao wataangamia; theluthi moja tu ndiyo itakayosalia."
                },
                "9": {
                    "verse_nr": "9",
                    "verse": "Nitaipitisha hiyo ya tatu motoni na kuwasafisha kama fedha isafishwavyo; nitawajaribu kama dhahabu ijaribiwavyo. Wataliitia jina langu nami nitawajibu na kusema, 'Hawa ni watu wangu!' nao watasema, Yahwe ndiye Mungu wangu!\u201d"
                }
            }
        },
        "14": {
            "chapter_nr": "14",
            "chapter": {
                "1": {
                    "verse_nr": "1",
                    "verse": "Tazama! Siku ya Yahwe inakuja wakati mateka wenu watakapogawanywa katikati yenu."
                },
                "2": {
                    "verse_nr": "2",
                    "verse": "Kwa maana nitayakusanya mataifa yote kinyume cha Yerusalemu kwa vita na mji utatekwa. Nyumba zitatekwa na wanawake watabakwa. Nusu ya mji itapelekwa matekani, lakini kumbukumbu ya watu haitaondolewa mjini."
                },
                "3": {
                    "verse_nr": "3",
                    "verse": "Lakini Yahwe ataondoka na kufanya vita dhidi ya mataifa kama apigavyo vita katika siku ya vita."
                },
                "4": {
                    "verse_nr": "4",
                    "verse": "Siku hiyo miguu yake itasimama juu ya Mlima wa Mizeituni, uliopo kando ya Yerusalemu upande wa mashariki. Mlima wa Mizeituni utagawanyika katikati kati ya mashariki na magharibi kwa bonde kubwa sana na nusu ya mlima itarudi nyuma kuelekea kaskazini na nusu kuelekea kusini."
                },
                "5": {
                    "verse_nr": "5",
                    "verse": "Ndipo mtakapokimbia katika bonde kati ya milima ya Yahwe, kwa kuwa bonde kati ya hiyo milima litafika hata Azali. Mtakimbia kama siku mliyokimbia tetemeko la nchi siku za Uzia, mfalme wa Yuda. Ndipo Yahwe Mungu wangu atakapokuja na watakatifu wake wote."
                },
                "6": {
                    "verse_nr": "6",
                    "verse": "Hakutakuwa na nuru katika siku hiyo, lakini hakuna baridi wala barafu."
                },
                "7": {
                    "verse_nr": "7",
                    "verse": "Siku hiyo, siku aijuaye Yahwe peke yake, hakutakuwa tena na mchana wala usiku, kwani jioni itakuwa wakati wa nuru."
                },
                "8": {
                    "verse_nr": "8",
                    "verse": "Siku hiyo maji yaliyo hai yatatiririka kutoka Yerusalemu. Nusu yake yatatiririka kuelekea bahari ya mashariki na nusu bahari ya magharibi, wakati wa masika na wakati wa kiangazi."
                },
                "9": {
                    "verse_nr": "9",
                    "verse": "Yahwe atakuwa mfalme juu ya dunia yote. Katika siku hiyo kutakuwa na Yahwe, Mungu mmoja, na jina lake pekee."
                },
                "10": {
                    "verse_nr": "10",
                    "verse": "Nchi yote itakuwa kama Araba, kuanzia Geba hadi Rimoni kusini mwa Yerusalemu. Na Yerusalemu itaendelea kuwa juu. Ataishi mahali pake mwenyewe, kutoka lango la Benjamini hata mahali lilipokuwa lango la kwanza, hata Lango la Pembeni, na kutoka Mnara wa Hananeli hata shinikizo la mfalme."
                },
                "11": {
                    "verse_nr": "11",
                    "verse": "Watu watakaa Yerusalemu na hakutakuwa na maangamizi kamili tena kutoka kwa Mungu dhidi yao. Yerusalemu itakuwa salama."
                },
                "12": {
                    "verse_nr": "12",
                    "verse": "Hii itakuwa tauni ambayo kwayo Yahwe atawapiga jamaa zote za watu wapigao vita juu ya Yerusalemu: miili yao itaoza hata wakiwa wamesimama kwa miguu yao. Macho yao yataoza katika matundu yake na ndimi zao zitaoza katika vinywa vyao."
                },
                "13": {
                    "verse_nr": "13",
                    "verse": "Siku hiyo ile hofu kuu kutoka kwa Yahwe itakuwa miongoni mwao. Kila mmoja ataushika mkono wa mwingine, na mkono wa mwingine utainuliwa kinyume cha mkono wa mwenzake."
                },
                "14": {
                    "verse_nr": "14",
                    "verse": "Yuda pia atapigana na Yerusalemu. Watakusanya utajiri wa mataifa yote yanayowazunguka - dhahabu, fedha, na wingi wa nguo safi."
                },
                "15": {
                    "verse_nr": "15",
                    "verse": "Tauni itakuwa pia juu ya farasi na nyumbu, ngamia na punda, na kila mnyama katika kambi hizo atapigwa kwa hilo pigo."
                },
                "16": {
                    "verse_nr": "16",
                    "verse": "Kisha itakuwa wote watakaosalia katika mataifa yaliyo kinyume na Yerusalemu watakwenda mwaka kwa mwaka kumwabudu mfalme, Yahwe wa majeshi, na kutunza Sikukuu ya Vibanda."
                },
                "17": {
                    "verse_nr": "17",
                    "verse": "Na itakuwa kwamba ikiwa mtu yeyote kutoka katika mataifa yote ya dunia haendi Yerusalemu kumwabudu mfalme, Yahwe wa majeshi, ndipo Yahwe hataleta mvua juu yao."
                },
                "18": {
                    "verse_nr": "18",
                    "verse": "Na ikiwa nchi ya Misri hawatakwenda, ndipo hawatapata mvua. Tauni kutoka kwa Yahwe itayashambulia mataifa yote yasiyokwea kutunza Sikukuu ya Vibanda."
                },
                "19": {
                    "verse_nr": "19",
                    "verse": "Hii itakuwa ni adhabu kwa Misri na adhabu kwa kila taifa lisilopanda kutunza Sikukuu ya Vibanda."
                },
                "20": {
                    "verse_nr": "20",
                    "verse": "Lakini katika siku hiyo, kengele za farasi zitasema, \u201cJitengeni kwa ajili ya Yahwe,\u201d na makalai katika nyumba ya Yahwe yatakuwa kama mabakuri mbele ya madhabahu."
                },
                "21": {
                    "verse_nr": "21",
                    "verse": "Kwa kuwa kila chungu katika Yerusalemu na Yuda kitatengwa kwa ajili ya Yahwe wa majeshi na kila mmoja aletaye sadaka atakula ndani yake na kuyachemshia. Hakutakuwa na wafanyabiashara tena katika nyumba ya Yahwe wa majeshi siku hiyo."
                }
            }
        }
    }
}