{
    "version": "VOICE",
    "book_name": "Esther",
    "book_nr": "17",
    "book": {
        "1": {
            "chapter_nr": "1",
            "chapter": {
                "1": {
                    "verse_nr": "1",
                    "verse": "The following events occurred in Persia during the reign of King Ahasuerus, the same man who ruled 127 provinces stretching from India to Ethiopia."
                },
                "2": {
                    "verse_nr": "2",
                    "verse": "In those days King Ahasuerus\u2019 throne was in the citadel of Susa."
                },
                "3": {
                    "verse_nr": "3",
                    "verse": "During the 3rd year of his reign, Ahasuerus gathered together all of Persia\u2019s ruling authorities\u2014nobles and officials, leaders of Persia and Media, and nobles of his provinces\u2014for a grand, state banquet."
                },
                "4": {
                    "verse_nr": "4",
                    "verse": "For 180 days, King Ahasuerus continuously paraded his glorious kingdom\u2019s riches and the splendor of his own notoriety in front of his nobles. Day after day the party continued with Persia\u2019s grandeur on display."
                },
                "5": {
                    "verse_nr": "5",
                    "verse": "Kings in general, and Persian kings in particular, enjoy throwing lavish feasts and banquets for honored guests. It is their best opportunity to show off their wealth and power. Occasions like this are useful for impressing and intimidating foreign agents, making treaties and deals, maintaining the illusion of greatness, making the powerless feel especially helpless, and even bullying would-be troublemakers. It is during these occasions that much of the business of ruling is accomplished. But only men are allowed at this party. After these days of feasting were over, the king held another banquet for all who lived in the citadel of Susa. For seven days, wealthy and poor men alike danced, drank, and made merry together in the lush enclosed gardens of King Ahasuerus\u2019 palace."
                },
                "6": {
                    "verse_nr": "6",
                    "verse": "His gardens were lavishly dressed with white and blue linen draperies, which hung from large marble pillars and were tied to silver rings with cord made out of fine purple linen. Gold and silver couches were arranged on a grand patio\u2014a mosaic beautifully crafted of crystalline burgundy porphyry, marble, mother-of-pearl stone, and other beautiful stones."
                },
                "7": {
                    "verse_nr": "7",
                    "verse": "King Ahasuerus generously served his guests wine from the royal cellar in goblets made out of gold, each uniquely designed."
                },
                "8": {
                    "verse_nr": "8",
                    "verse": "But no one was required to drink. The king merely ordered his servants to let his guests do as they wished."
                },
                "9": {
                    "verse_nr": "9",
                    "verse": "Meanwhile, as the men enjoyed the goodwill of King Ahasuerus, Queen Vashti gathered all of the women together for a celebration in one of the banquet halls of the royal palace."
                },
                "10": {
                    "verse_nr": "10",
                    "verse": "On the seventh and last day of the celebration, when the king was in a very good mood from the wine, he gave special orders to his eunuchs, who served as his personal assistants. (These seven men were Mehuman, Biztha, Harbona, Bigtha, Abagtha, Zethar, and Carkas.)"
                },
                "11": {
                    "verse_nr": "11",
                    "verse": "King Ahasuerus: Bring Queen Vashti to my party! Tell her to put on her royal crown and to wear her finest clothes. I want to show off her beauty in front of my distinguished guests. He did this because Queen Vashti was very beautiful."
                },
                "12": {
                    "verse_nr": "12",
                    "verse": "But when she heard the king\u2019s order from his eunuchs, she refused to join him and his guests. King Ahasuerus was infuriated when he heard the news from his assistants. In fact, the more he thought of it, the more King Ahasuerus burned with anger."
                },
                "13": {
                    "verse_nr": "13",
                    "verse": "Immediately, King Ahasuerus called a meeting with his wise counsel, men who understood the laws and customs that had made the Persian Empire great."
                },
                "14": {
                    "verse_nr": "14",
                    "verse": "These seven nobles\u2014the king\u2019s most elite confidants\u2014came from Persia and Media and were named Carshena, Shethar, Admatha, Tarshish, Meres, Marsena, and Memucan."
                },
                "15": {
                    "verse_nr": "15",
                    "verse": "King Ahasuerus: Queen Vashti has blatantly defied me and refused the order I gave her through my assistants! Tell me, good men, what do the laws of this land suggest should be done to a queen who has disobeyed her king?"
                },
                "16": {
                    "verse_nr": "16",
                    "verse": "Memucan (before the king and nobles): Your queen has wronged you, my king. She has also offended every noble of the land and all the people who reside in your provinces. Something must be done!"
                },
                "17": {
                    "verse_nr": "17",
                    "verse": "If we don\u2019t act quickly, every woman in this kingdom will hear about Queen Vashti\u2019s disrespect for you and they will follow her example in dishonoring their husbands. I can hear the women now, talking among each other: \u201cWhy should we listen to our husbands when Queen Vashti doesn\u2019t come when King Ahasuerus calls for her?\u201d"
                },
                "18": {
                    "verse_nr": "18",
                    "verse": "This day the noble women of Persia and Media who hear what the queen has done will respond in kind to your nobles, and there will be chaos all across the land."
                },
                "19": {
                    "verse_nr": "19",
                    "verse": "But my king, don\u2019t worry; I have an idea! With your permission, of course, I recommend that a decree be issued among the Persians and the Medes, a law which cannot be repealed, that forbids Vashti from ever being allowed in your presence again. In fact, I would further suggest that you give her position to another woman, someone who is more honorable than she is."
                },
                "20": {
                    "verse_nr": "20",
                    "verse": "As your subjects hear about your decree in the far reaches of your kingdom, all the women will stop and give their husbands the honor they deserve, those of royal blood as well as the commoners. Oh, this is a great idea!"
                },
                "21": {
                    "verse_nr": "21",
                    "verse": "Memucan\u2019s advice was well received by the king and his advisors. King Ahasuerus: That is a brilliant idea! I say we make Memucan\u2019s counsel into law!"
                },
                "22": {
                    "verse_nr": "22",
                    "verse": "The king drafted letters and sent them to all of his provinces. His emissaries spread the news quickly at the king\u2019s directive that each province receive the decree in their own script and language: \u201cIn Persia every man will be master of his own home and speak in the language of his own people\u2014regardless of the language his wife speaks.\u201d"
                }
            }
        },
        "2": {
            "chapter_nr": "2",
            "chapter": {
                "1": {
                    "verse_nr": "1",
                    "verse": "A little while later, when King Ahasuerus was no longer angry, he began thinking about Vashti, her actions that night at the party, and his decision to dismiss her from his presence."
                },
                "2": {
                    "verse_nr": "2",
                    "verse": "Seeing the king\u2019s mood, his servants had a suggestion. Servants: King Ahasuerus, someone should find beautiful young women who are old enough to be married for you."
                },
                "3": {
                    "verse_nr": "3",
                    "verse": "We suggest you appoint officers in every province of Persia to round up every eligible woman and add her to your harem in the citadel of Susa. Hegai, the king\u2019s eunuch who is in charge of the harem, will see to it that all of the women are properly prepared and receive all the needed cosmetics."
                },
                "4": {
                    "verse_nr": "4",
                    "verse": "Then whichever young woman delights you the most will reign as queen in Vashti\u2019s place. King Ahasuerus liked the advice of his servants and gave them permission to execute the plan."
                },
                "5": {
                    "verse_nr": "5",
                    "verse": "Meanwhile in the citadel of Susa, there was a Jewish man from the tribe of Benjamin named Mordecai. He was the son of Jair who was a descendent of Shimei and Kish."
                },
                "6": {
                    "verse_nr": "6",
                    "verse": "It was at the hand of King Nebuchadnezzar of Babylon that Jeconiah (king of Judah) and Mordecai\u2019s ancestors had been forced out of the city of Jerusalem to live as exiles in Babylon."
                },
                "7": {
                    "verse_nr": "7",
                    "verse": "Mordecai had a cousin who was a young and beautiful girl named Hadassah, and she was also called Esther. After her mother and father died, Mordecai adopted her into his family as his daughter."
                },
                "8": {
                    "verse_nr": "8",
                    "verse": "As the result of the king\u2019s decree, Esther, along with many other young women, was brought to the royal palace in the citadel of Susa, and she was put in the care of Hegai (who was in charge of the harem)."
                },
                "9": {
                    "verse_nr": "9",
                    "verse": "Esther soon impressed Hegai and was favored. He arranged that she be given the most lustrous beauty treatments and fed the finest fruits and vegetables from the king\u2019s garden. He assigned to her seven servants and moved her and her servants to the harem\u2019s finest rooms."
                },
                "10": {
                    "verse_nr": "10",
                    "verse": "Mordecai had instructed Esther to keep her Jewish heritage a secret, and so she told no one. Still her cousin worried about her."
                },
                "11": {
                    "verse_nr": "11",
                    "verse": "Every day Mordecai paced back and forth near the courtyard of the harem to see if he could find out some news, any news, about Esther."
                },
                "12": {
                    "verse_nr": "12",
                    "verse": "Before going in to the king, each young woman went through 12 months of beauty treatments, as the harem\u2019s rules prescribed. For the first 6 months the women were treated with the palace\u2019s finest myrrh oil, and that was followed by 6 months in perfume and other women\u2019s cosmetics."
                },
                "13": {
                    "verse_nr": "13",
                    "verse": "This is how a young woman would go in to the king: each woman was allowed to take whatever she wanted or needed from the harem into the king\u2019s rooms."
                },
                "14": {
                    "verse_nr": "14",
                    "verse": "In the evening the woman would go in to King Ahasuerus\u2019 chambers and then, the next morning, she would return to the harem again, but now she would be watched over by Shaashgaz, the king\u2019s eunuch in charge of his concubines. No woman returned to the king\u2019s rooms unless he was pleased by her and called for her by name."
                },
                "15": {
                    "verse_nr": "15",
                    "verse": "Esther was the daughter of Abihail who in turn was the uncle of Mordecai. When it was time for Esther, whom Mordecai had adopted, to go in to the king, she didn\u2019t ask for anything special. She took only what Hegai suggested. Since he was the king\u2019s eunuch in charge of the women, he would know what was best. Now Esther had some special qualities, and all who met her favored her."
                },
                "16": {
                    "verse_nr": "16",
                    "verse": "In the 10th month (the month of Tebeth) during the 7th year of his reign, four years after King Ahasuerus dethroned Queen Vashti, Esther was taken to King Ahasuerus in the king\u2019s rooms."
                },
                "17": {
                    "verse_nr": "17",
                    "verse": "The king found her to be more desirable than all of the other women. Unlike the other young women brought before him, she alone won his heart and his favor. So he made her his queen instead of Vashti and placed the royal crown on her head."
                },
                "18": {
                    "verse_nr": "18",
                    "verse": "King Ahasuerus invited all of the nobles and officials to a state banquet in honor of Esther, his new queen. He declared that day as a holiday throughout his entire kingdom and distributed extravagant gifts."
                },
                "19": {
                    "verse_nr": "19",
                    "verse": "When the young women were gathered together for a second time, Mordecai was sitting at the palace gate where the men gathered for business and legal decisions."
                },
                "20": {
                    "verse_nr": "20",
                    "verse": "Since Mordecai had required Esther to keep her Jewish heritage a secret, she had told no one. She continued to obey him as she did when he took care of her."
                },
                "21": {
                    "verse_nr": "21",
                    "verse": "One day while Mordecai was at the gate, Bigthan and Teresh, two of the king\u2019s eunuchs who guarded the door, were plotting to kill King Ahasuerus. They were angry over some matter."
                },
                "22": {
                    "verse_nr": "22",
                    "verse": "But Mordecai learned of their plan and reported it to Queen Esther who told the king about the plot, giving credit to her cousin."
                },
                "23": {
                    "verse_nr": "23",
                    "verse": "After a thorough investigation, the report was proven true. So the two officers were killed and displayed on a pole. All of this information was chronicled in the presence of the king, in the public record."
                }
            }
        },
        "3": {
            "chapter_nr": "3",
            "chapter": {
                "1": {
                    "verse_nr": "1",
                    "verse": "The Persians execute their criminals by impaling them on a sharpened pole. A little while later, according to King Ahasuerus\u2019 wishes, Haman (son of Hammedatha, an Agagite) was promoted to a rank above all his fellow nobles in the kingdom."
                },
                "2": {
                    "verse_nr": "2",
                    "verse": "The officials at the king\u2019s gate all bowed down before Haman and paid him homage because the king commanded this. But Mordecai, the Jew, refused to kneel and refused to honor him."
                },
                "3": {
                    "verse_nr": "3",
                    "verse": "The bad blood between the families of Benjamin and Agag goes back a long way to the time when Saul, a Benjaminite, destroyed the Amalekites and took their king, Agag, as his captive (1 Samuel 15:7\u20139). Now the tables are turned, and Agag\u2019s descendant exercises nearly supreme power over Mordecai and the other subjects of Persian power. But, true to his Jewish teaching, Mordecai bows to no man nor pays him homage. That honor is reserved for God and Him alone. Mordecai\u2019s actions came to the attention of the king\u2019s officials standing at the gate. Officials (looking at Mordecai): Why are you disobeying the king\u2019s command?"
                },
                "4": {
                    "verse_nr": "4",
                    "verse": "The officers questioned him daily about his disobedience to the king, but Mordecai refused to listen and bow down. The officers reported this to Haman to learn whether or not Mordecai\u2019s excuse would be tolerated, for Mordecai had told them he was a Jew."
                },
                "5": {
                    "verse_nr": "5",
                    "verse": "Haman was furious when he saw that Mordecai refused to bow and pay him the respect he was due."
                },
                "6": {
                    "verse_nr": "6",
                    "verse": "But Haman wasn\u2019t to be satisfied with killing only Mordecai, so he began to think of ways to destroy all of Mordecai\u2019s people, the Jews, throughout the kingdom of Ahasuerus."
                },
                "7": {
                    "verse_nr": "7",
                    "verse": "During the 1st month (the month of Nisan) of Ahasuerus\u2019 12th year as king, they cast lots (also known as \u201cpurim\u201d) in the presence of Haman in order to select a day and month. [The lot fell on the 13th day of] the 12th month (the month of Adar), a day nearly one year in the future."
                },
                "8": {
                    "verse_nr": "8",
                    "verse": "Haman (to the king): All the provinces in your kingdom are overrun with one insignificant group of foreigners, people who haven\u2019t adopted our customs. Their laws differ from all other peoples\u2019, and they do not keep your laws. Therefore it\u2019s not a good idea for you to tolerate them or their actions any longer."
                },
                "9": {
                    "verse_nr": "9",
                    "verse": "If it is your wish, sign an order that these people be destroyed, and I will bear all the costs. I\u2019ll pay 375 tons of silver directly to those who carry out the king\u2019s business in order to relieve the royal treasury of the expense."
                },
                "10": {
                    "verse_nr": "10",
                    "verse": "Not knowing which group of foreigners was being targeted, the king took his signet ring, the symbol of his power and authority, from his finger and passed it to Haman (son of Hammedatha, the Agagite), who hated the Jews."
                },
                "11": {
                    "verse_nr": "11",
                    "verse": "King Ahasuerus (to Haman): The money is yours and the people are yours also to do with as you wish."
                },
                "12": {
                    "verse_nr": "12",
                    "verse": "On the 13th day of the 1st month, the royal secretaries were summoned. The king\u2019s order was written down exactly the way Haman dictated it to all of the king\u2019s rulers of the regions, governors of the provinces, and nobles of the ethnic groups. The orders were written in every script and every language spoken in the provinces in the name of the king, and they were sealed into law with his ring."
                },
                "13": {
                    "verse_nr": "13",
                    "verse": "Messengers were sent out to all the royal provinces with the official law giving the order to destroy, kill, and annihilate all of the Jews. They were to kill everyone, including women and children, young and old, on the 13th day of the 12th month (the month of Adar), and they were free to take everything the Jews owned."
                },
                "14": {
                    "verse_nr": "14",
                    "verse": "An official copy of the king\u2019s order was to be issued to every province and read publicly, so that the people could get ready for that day."
                },
                "15": {
                    "verse_nr": "15",
                    "verse": "The messengers were quickly dispatched by order of the king. Then the decree was publicly proclaimed in the citadel of Susa. As the king and Haman relaxed and drank wine, the city of Susa was thrown into chaos."
                }
            }
        },
        "4": {
            "chapter_nr": "4",
            "chapter": {
                "1": {
                    "verse_nr": "1",
                    "verse": "Mordecai mourned when he found out what had happened. He ripped his clothes, put on sackcloth, and wiped ash onto his body. Then he went through the city, weeping loudly in anguish."
                },
                "2": {
                    "verse_nr": "2",
                    "verse": "When he came to the king\u2019s gate, not far from the palace, he stopped since those wearing sackcloth were not permitted to enter it and disrupt the mood of the court."
                },
                "3": {
                    "verse_nr": "3",
                    "verse": "In the meantime, as word of the king\u2019s decree began to spread throughout all of the provinces, terrible distress grew among the Jews. They fasted, wept, and screamed out in misery. Like Mordecai, many put on sackcloth and ashes."
                },
                "4": {
                    "verse_nr": "4",
                    "verse": "Back in Susa, Esther\u2019s maids and eunuchs witnessed Mordecai mourning outside of the king\u2019s gate. They went and reported to the queen all that they saw. Esther: What is wrong? Why is he doing this? It breaks my heart to think of him like this. Take these clothes to Mordecai so he can put them on instead of wearing sackcloth. But when the servants arrived, Mordecai refused to wear the clothes Queen Esther had sent."
                },
                "5": {
                    "verse_nr": "5",
                    "verse": "So Esther sent for Hathach, who was one of the king\u2019s eunuchs assigned to serve her. Esther: Hathach, go to Mordecai at once. Find out why he is mourning, and report back to me all that he says."
                },
                "6": {
                    "verse_nr": "6",
                    "verse": "Hathach went to Mordecai in the open square of the city in front of the king\u2019s gate."
                },
                "7": {
                    "verse_nr": "7",
                    "verse": "Mordecai told the queen\u2019s servant everything that had happened and how much money Haman had pledged to place into the royal treasury in exchange for the destruction of the Jews."
                },
                "8": {
                    "verse_nr": "8",
                    "verse": "Then he gave Hathach a copy of the order for mass murder of the Jews, the same order issued in the city of Susa. Mordecai: Show it to Esther. Tell her everything I have told you. Convince her to go before her king and plead for his favor, not only for her life, but also for the lives of her people."
                },
                "9": {
                    "verse_nr": "9",
                    "verse": "Hathach returned to Esther and told her everything Mordecai had said."
                },
                "10": {
                    "verse_nr": "10",
                    "verse": "Esther ordered Hathach to return to the city gate and reply to Mordecai."
                },
                "11": {
                    "verse_nr": "11",
                    "verse": "Esther: How am I supposed to see the king? It\u2019s known throughout the land, from the greatest of the king\u2019s officials to the common folk who live in the provinces, that any person who approaches the king in the inner chamber without being invited is sentenced to death. That\u2019s the law! There\u2019s only one exception, and that\u2019s if the king were to hold out the gold scepter to that person and spare his or her life. It\u2019s been 30 days since the king last summoned me!"
                },
                "12": {
                    "verse_nr": "12",
                    "verse": "Hathach and the other servants took Esther\u2019s response to Mordecai."
                },
                "13": {
                    "verse_nr": "13",
                    "verse": "Mordecai: Tell Esther, \u201cDon\u2019t be fooled. Just because you are living inside the king\u2019s palace doesn\u2019t mean that you out of all of the Jews will escape the carnage. You must go before your king."
                },
                "14": {
                    "verse_nr": "14",
                    "verse": "If you stay silent during this time, deliverance for the Jews will come from somewhere, but you, my child, and all of your father\u2019s family will die. And who knows? Perhaps you have been made queen for such a time as this.\u201d"
                },
                "15": {
                    "verse_nr": "15",
                    "verse": "Of all the books in the Bible, Esther is unique because God is never once mentioned explicitly. Still, for those who know God and who know history, God is in the story, behind it, above it, beneath it. He is the main actor in history, even if He is not acknowledged. Here, Mordecai shows great wisdom. The Jews, God\u2019s chosen people, will be delivered whether Esther involves herself or not. Divine Providence has ways and means that go beyond human understanding. Still Providence has made Esther queen for a purpose, a purpose she cannot easily escape. Once again, Hathach returned to Queen Esther with Mordecai\u2019s message. In turn she sent a reply back to Mordecai. Esther: Tell Mordecai,"
                },
                "16": {
                    "verse_nr": "16",
                    "verse": "\u201cIn preparation for my audience with the king, do this: gather together all the Jews in Susa, and fast and pray for me. Intercede for me. For three days and nights, abstain from all food and drink. My maids and I will join you in this time. And after the three days, I will go in to the king and plead my people\u2019s case, even though it means breaking the law. And if I die, then I die!\u201d"
                },
                "17": {
                    "verse_nr": "17",
                    "verse": "Mordecai left the king\u2019s gate and put all of Esther\u2019s instructions into action."
                }
            }
        },
        "5": {
            "chapter_nr": "5",
            "chapter": {
                "1": {
                    "verse_nr": "1",
                    "verse": "When the third day arrived, Esther put on her royal robes and stood in the inner court of the palace across from the king\u2019s rooms. The king was sitting on his throne facing the palace entrance."
                },
                "2": {
                    "verse_nr": "2",
                    "verse": "He was pleased when he noticed Queen Esther waiting in the court. He extended his gold scepter with his hand, inviting her in. Esther walked toward him, and when she was close enough, she reached out and touched the king\u2019s scepter."
                },
                "3": {
                    "verse_nr": "3",
                    "verse": "King Ahasuerus: What is it, Queen Esther? What is your request? I\u2019ll give you anything\u2014even half of my kingdom\u2014all you need to do is ask."
                },
                "4": {
                    "verse_nr": "4",
                    "verse": "Queen Esther: If it would please you, my king, I\u2019d like for you and Haman to come today to a banquet I have made in your honor."
                },
                "5": {
                    "verse_nr": "5",
                    "verse": "King Ahasuerus (looking at his servants): Go and find Haman this instant, so we can do as Esther desires. So the king and Haman came to Esther\u2019s banquet."
                },
                "6": {
                    "verse_nr": "6",
                    "verse": "As Haman, the king, and Esther were enjoying the wine at the end of her banquet, the king pressed the question. King Ahasuerus: Now, my queen, what is your request? I promise that half of my kingdom is not too much to ask! Don\u2019t be afraid to ask for whatever you want."
                },
                "7": {
                    "verse_nr": "7",
                    "verse": "Queen Esther: I do want something. My request is:"
                },
                "8": {
                    "verse_nr": "8",
                    "verse": "If I have found favor before you, and if you truly desire to grant my request, would you and Haman join me again tomorrow for another banquet I will prepare? Then I will answer your question."
                },
                "9": {
                    "verse_nr": "9",
                    "verse": "Haman left dinner in high spirits, almost gleeful, but his joy was short lived. As he walked through the king\u2019s gate, he passed by Mordecai. It angered Haman to see the Jew unwilling to stand and, worse still, seemingly unafraid."
                },
                "10": {
                    "verse_nr": "10",
                    "verse": "But he resisted showing his anger right then and there. Instead, he went home and spent time with friends and Zeresh, his wife."
                },
                "11": {
                    "verse_nr": "11",
                    "verse": "Haman spent the evening bragging to them about being rich and having lots of sons in his family. He even boasted about his relationship with the king, talking to his guests about his promotion above all of his fellow nobles and the officials of the king."
                },
                "12": {
                    "verse_nr": "12",
                    "verse": "Haman: And that\u2019s not all! Queen Esther invited me today to dine with her and the king. Just the three of us! And guess what? She\u2019s invited me again tomorrow. What do you think about that?"
                },
                "13": {
                    "verse_nr": "13",
                    "verse": "But I must be honest; seeing that Jew, Mordecai, as I pass through the gate makes it difficult to celebrate any of my good fortune."
                },
                "14": {
                    "verse_nr": "14",
                    "verse": "Then his wife Zeresh and all of his friends came up with an idea. Zeresh and His Friends: You should make a wood pole 75 feet high! Tomorrow morning, have the king sentence Mordecai to be executed on it. Then you\u2019ll be able to have a good time at the banquet with the king. Haman thought the idea was brilliant. So he had the pole made."
                }
            }
        },
        "6": {
            "chapter_nr": "6",
            "chapter": {
                "1": {
                    "verse_nr": "1",
                    "verse": "The Persians have a particularly grisly way of humiliating and killing those they hate. A tree is cut down and sharpened to a point at one end. In some cases, the condemned are killed, and their lifeless bodies are impaled on it. Others are hung on the pole as a mode of torture and execution. It is erected in some public place as an example for others, and the 75-foot pole described here is high enough to be seen over most buildings and small trees. Soon birds and insects begin eating away at the dead or dying. Political enemies, criminals, and dissidents often end their lives this way. The threat of public death and humiliation has kept many from disobeying the law, but not Mordecai. That same night the king was unable to sleep, so he ordered the official records of his reign to be brought and read before him."
                },
                "2": {
                    "verse_nr": "2",
                    "verse": "As the record was read, the king was reminded of the time when Mordecai saved his life. Mordecai had been the one who reported that Bigthana and Teresh, two of the royal eunuchs who guarded the doors, were plotting to assassinate the king."
                },
                "3": {
                    "verse_nr": "3",
                    "verse": "King Ahasuerus (to his servants): Did Mordecai receive any recognition for this action? Was he honored in any way? Servants: He received no recognition for this."
                },
                "4": {
                    "verse_nr": "4",
                    "verse": "King Ahasuerus: Is anyone out in the court now? Haman had just arrived at the outer court of King Ahasuerus\u2019 palace. He hoped to speak with the king about executing Mordecai and hanging him on the pole he had prepared."
                },
                "5": {
                    "verse_nr": "5",
                    "verse": "Servants: Haman is here waiting in the court to see you. King Ahasuerus: Allow him to come in."
                },
                "6": {
                    "verse_nr": "6",
                    "verse": "So Haman entered the king\u2019s chambers. He waited for the king to speak first. King Ahasuerus: Haman, I want to ask you something. What do you believe is the proper manner in which to honor a man who has pleased me? Then Haman thought to himself, \u201cThere is no one the king wishes to honor more than me.\u201d"
                },
                "7": {
                    "verse_nr": "7",
                    "verse": "Haman: If you desire to honor a man, I believe you should do this:"
                },
                "8": {
                    "verse_nr": "8",
                    "verse": "First, have your servants bring one of the robes you have worn and one of the horses you have ridden that has worn the royal crown on its head."
                },
                "9": {
                    "verse_nr": "9",
                    "verse": "Then, you should give the robe and horse to one of your most noble officials. Have him robe the man whom you want to honor and then lead the man on horseback throughout the center of the city. It should be announced that this is what happens for the man whom the king wants to honor."
                },
                "10": {
                    "verse_nr": "10",
                    "verse": "King Ahasuerus: Your idea is perfect, Haman. I want you to go and do this immediately. Take one of my robes and one of my horses and do exactly what you have suggested to Mordecai, the Jewish man who sits at my gate. Do everything you have said, and don\u2019t leave out one single detail. Not one!"
                },
                "11": {
                    "verse_nr": "11",
                    "verse": "The situation is now reversed, and Haman is forced to honor the man he has sought to kill. Haman was mortified. He took the robe and horse; he dressed Mordecai in the king\u2019s robe and led him throughout the square of the city. Haman (shouting): This is what happens for the man whom the king desires to honor!"
                },
                "12": {
                    "verse_nr": "12",
                    "verse": "When it was done, Mordecai returned to the king\u2019s gate. But Haman fled to his home, mourning and covering his head in humiliation."
                },
                "13": {
                    "verse_nr": "13",
                    "verse": "He told his wife, Zeresh, and all his friends everything that had happened to him. They offered him a bit of wise advice. Zeresh and His Friends: You must be very careful with how you handle Mordecai! If he really is a Jew, a descendant of the nation that defeated your ancestors, then you won\u2019t be able to succeed. In fact, you will most certainly be destroyed! Look, you\u2019ve already begun to bow to him."
                },
                "14": {
                    "verse_nr": "14",
                    "verse": "In the middle of their conversation, the king\u2019s eunuchs arrived at Haman\u2019s house and rushed him off to have dinner with Esther and the king."
                }
            }
        },
        "7": {
            "chapter_nr": "7",
            "chapter": {
                "1": {
                    "verse_nr": "1",
                    "verse": "King Ahasuerus and Haman came to dine with Queen Esther;"
                },
                "2": {
                    "verse_nr": "2",
                    "verse": "and while they were drinking wine, the king posed his question once again. King Ahasuerus: What is your request, Queen Esther? I\u2019m willing to give you anything you want. Just make your request. Even if it\u2019s half the kingdom you desire, I will make it happen!"
                },
                "3": {
                    "verse_nr": "3",
                    "verse": "Queen Esther: If you favor me, my king, and if it pleases you, spare my life. That\u2019s all I\u2019m asking for\u2014that my people and I be spared. That is my wish."
                },
                "4": {
                    "verse_nr": "4",
                    "verse": "There are some, my king, who wish to rid your kingdom of us. For my people and I have been sold, marked for destruction and massacre. Now if the plan were simply to sell our men and women into slavery, I would have kept my mouth closed because that would not have been important enough to disturb you, my king."
                },
                "5": {
                    "verse_nr": "5",
                    "verse": "Esther\u2019s plea to Ahasuerus echoes the words of Moses to Pharaoh: \u201cLet my people go.\u201d King Ahasuerus: Who has targeted your people? Where is this man who dares to do this?"
                },
                "6": {
                    "verse_nr": "6",
                    "verse": "Queen Esther (pointing to Haman): The man responsible for these actions is wicked Haman. He is vile, and an enemy to my people. In that moment, Haman\u2019s joy turned to terror before the king and queen."
                },
                "7": {
                    "verse_nr": "7",
                    "verse": "Angered, the king shoved away from the table, left his wine, and walked into the palace garden. But Haman, aware that King Ahasuerus had already sealed his fate, didn\u2019t follow behind. Instead, he pleaded with Queen Esther to spare his life."
                },
                "8": {
                    "verse_nr": "8",
                    "verse": "In desperation, he threw himself onto the couch where Queen Esther was sitting, just as King Ahasuerus walked back from the garden to the place where the wine and the banquet had been set. King Ahasuerus: Haman, will you even violate my queen right here in the palace, where I can see you? As soon as the king gave the order, the royal eunuchs covered Haman\u2019s face. His fate had been sealed."
                },
                "9": {
                    "verse_nr": "9",
                    "verse": "One of those eunuchs was Harbonah. Harbonah: Look! Haman has prepared a 75-foot pole for execution in his own courtyard. He was hoping to use it to hang Mordecai, the man who spoke up and saved the king. King Ahasuerus: Well, hang him on it!"
                },
                "10": {
                    "verse_nr": "10",
                    "verse": "So they took Haman and killed him and displayed him on the pole he had made ready for Mordecai. And King Ahasuerus\u2019 anger subsided."
                }
            }
        },
        "8": {
            "chapter_nr": "8",
            "chapter": {
                "1": {
                    "verse_nr": "1",
                    "verse": "On the same day, King Ahasuerus gave Queen Esther all the household of Haman, the enemy of the Jews. Then Mordecai was brought before King Ahasuerus, for Queen Esther had told the king how they were related."
                },
                "2": {
                    "verse_nr": "2",
                    "verse": "The king took off his signet ring (the one he had taken back from Haman) and gave it to Mordecai. Then Esther put Mordecai in charge of all of Haman\u2019s household."
                },
                "3": {
                    "verse_nr": "3",
                    "verse": "Esther came before the king once more. This time she fell at his feet, wept, and begged the king to do something to stop the evil plan that Haman (the Agagite) had brought upon the Jews."
                },
                "4": {
                    "verse_nr": "4",
                    "verse": "The king, as before, extended his golden scepter to Queen Esther; and she stood to her feet before him."
                },
                "5": {
                    "verse_nr": "5",
                    "verse": "Queen Esther: If it pleases the king, and if I am in his favor, and if the king believes it is the right and just thing to do, let there be an official decree written that will cancel out the order that Haman (son of Hammedatha, the Agagite) had written to rid all the king\u2019s provinces of the Jews."
                },
                "6": {
                    "verse_nr": "6",
                    "verse": "For I can\u2019t bear to see this catastrophe brought against my people; how can I live another day if I witness the destruction of my kindred?"
                },
                "7": {
                    "verse_nr": "7",
                    "verse": "King Ahasuerus (to Queen Esther and Mordecai the Jew): Look, I have given you, Queen Esther, Haman\u2019s household because of his vengeful actions against your people. That is also why he hangs on the pole he had made for Mordecai. I have done all I can do; the rest is your responsibility"
                },
                "8": {
                    "verse_nr": "8",
                    "verse": "because no order that has been written in the name of the king and sealed with the king\u2019s signet ring can be overturned. So you must write a new order to the Jews to remedy the situation; it, too, must be written in the king\u2019s name and sealed with the king\u2019s signet ring."
                },
                "9": {
                    "verse_nr": "9",
                    "verse": "Although Haman is dead, the order to kill all the Jews in the Persian Empire is very much alive. Once the king has signed an order, it cannot be reversed. Such kings never reverse themselves; it is too risky. So a new order must be written and sent to the far reaches of the empire; and Mordecai, the Jew, is just the person to do it. Now that he has been elevated to the supreme position where he has use of the king\u2019s signet ring, he can exercise royal power. So the royal secretaries were summoned together on the 23rd day of the 3rd month (the month of Sivan). The king\u2019s new orders were written down exactly the way Mordecai dictated them, and they were written to the Jews, the rulers, the governors, and the nobles of the 127 provinces stretching from India to Ethiopia. The orders were written down in every script and every language spoken in the provinces, including the Jewish script and the Jewish language."
                },
                "10": {
                    "verse_nr": "10",
                    "verse": "Mordecai wrote in the name of King Ahasuerus and sealed it with his signet ring. Then, these orders were dispatched to the provinces by couriers who rode on the finely bred horses sired by the royal stud."
                },
                "11": {
                    "verse_nr": "11",
                    "verse": "The king\u2019s new orders gave the Jews in every city the right to gather together, to protect themselves, and to kill or destroy any army of any nation or province (including their women and children) who might attack them. The orders also gave the Jews the right to take over the assets of their enemies."
                },
                "12": {
                    "verse_nr": "12",
                    "verse": "These new orders were set to go into effect on the 13th day of the 12th month (the month of Adar). This was the same day Haman had determined by casting lots to kill the Jews."
                },
                "13": {
                    "verse_nr": "13",
                    "verse": "An official copy of the king\u2019s order was to be issued to every province and read publicly to all nationalities, so that the Jews would be ready to protect themselves against their enemies."
                },
                "14": {
                    "verse_nr": "14",
                    "verse": "The couriers were quickly dispatched by order of the king, and they left the capital riding on royal steeds. Then the decree was publicly proclaimed in the citadel of Susa."
                },
                "15": {
                    "verse_nr": "15",
                    "verse": "Mordecai went out from the king\u2019s presence donning blue and white royal robes, a large gold crown, and a fine linen and purple cape. When the people of the city of Susa saw this, they exploded into joy."
                },
                "16": {
                    "verse_nr": "16",
                    "verse": "For the Jews, it was a time of celebration. Darkness had turned to light. Sadness to joy. Shame to honor."
                },
                "17": {
                    "verse_nr": "17",
                    "verse": "In every city and province, wherever the king\u2019s law and orders were received, there was happiness and joy among the Jews. They feasted, they danced, they celebrated\u2014and people from other nations living among the Jews professed to be Jews because they were afraid of the Jews\u2019 sudden political power in Persia."
                }
            }
        },
        "9": {
            "chapter_nr": "9",
            "chapter": {
                "1": {
                    "verse_nr": "1",
                    "verse": "The new law and orders of King Ahasuerus took effect on the 13th day of the 12th month (the month of Adar). It was on this day that those who were enemies of the Jews had planned to overtake them, but that was not the way it happened. Instead, the Jews got the upper hand over those who conspired against them."
                },
                "2": {
                    "verse_nr": "2",
                    "verse": "On that day, the Jews gathered together in their respective cities in all the provinces of King Ahasuerus to fight those who sought their destruction. No army or nation could stand against them, because they were all frightened of the Jews."
                },
                "3": {
                    "verse_nr": "3",
                    "verse": "The nobles and governors of the provinces and also the king\u2019s officials did what they could to help the Jews, but that was because they feared what Mordecai might do to them."
                },
                "4": {
                    "verse_nr": "4",
                    "verse": "In King Ahasuerus\u2019 palace, Mordecai grew more powerful. Word spread quickly throughout the provinces about Mordecai\u2019s authority and influence."
                },
                "5": {
                    "verse_nr": "5",
                    "verse": "The Jews took this opportunity to attack their enemies with swords, killing them. And then they did whatever they deemed reasonable with those who despised them."
                },
                "6": {
                    "verse_nr": "6",
                    "verse": "Just in the city of Susa, the capital of the empire, the Jews killed 500 men."
                },
                "7": {
                    "verse_nr": "7",
                    "verse": "That didn\u2019t include the 10 sons of Haman (son of Hammedatha, enemy of the Jews): Parshandatha, Dalphon, Aspatha, Poratha, Adalia, Aridatha, Parmashta, Arisai, Aridai, and Vaizatha. They were also put to death. All of them were considered enemies of the Jews. But they did not touch the assets of their victims."
                },
                "8": {
                    "verse_nr": "8",
                    "verse": "That didn\u2019t include the 10 sons of Haman (son of Hammedatha, enemy of the Jews): Parshandatha, Dalphon, Aspatha, Poratha, Adalia, Aridatha, Parmashta, Arisai, Aridai, and Vaizatha. They were also put to death. All of them were considered enemies of the Jews. But they did not touch the assets of their victims."
                },
                "9": {
                    "verse_nr": "9",
                    "verse": "That didn\u2019t include the 10 sons of Haman (son of Hammedatha, enemy of the Jews): Parshandatha, Dalphon, Aspatha, Poratha, Adalia, Aridatha, Parmashta, Arisai, Aridai, and Vaizatha. They were also put to death. All of them were considered enemies of the Jews. But they did not touch the assets of their victims."
                },
                "10": {
                    "verse_nr": "10",
                    "verse": "That didn\u2019t include the 10 sons of Haman (son of Hammedatha, enemy of the Jews): Parshandatha, Dalphon, Aspatha, Poratha, Adalia, Aridatha, Parmashta, Arisai, Aridai, and Vaizatha. They were also put to death. All of them were considered enemies of the Jews. But they did not touch the assets of their victims."
                },
                "11": {
                    "verse_nr": "11",
                    "verse": "When the day was over, the number of those killed in his capital, Susa, was reported to King Ahasuerus."
                },
                "12": {
                    "verse_nr": "12",
                    "verse": "Then the king spoke to Queen Esther. King Ahasuerus: The Jews have killed 500 men in the capital of Susa alone, and also the 10 sons of Haman. How many must they have killed in the other provinces? Now, do you want anything more? Whatever you ask will be given to you. So, tell me; what further do you need? I will grant whatever that is."
                },
                "13": {
                    "verse_nr": "13",
                    "verse": "Queen Esther: If it pleases the king, allow the Jews in Susa one more day to exact justice on their enemies according to your decree. And let Haman\u2019s 10 sons be displayed on the pole."
                },
                "14": {
                    "verse_nr": "14",
                    "verse": "The king honored Queen Esther\u2019s wishes. An order was issued in the city of Susa, and the dead bodies of the 10 sons of Haman were displayed."
                },
                "15": {
                    "verse_nr": "15",
                    "verse": "So on the 14th day of the month of Adar, the Jews killed 300 men in Susa. But they didn\u2019t touch any of their assets."
                },
                "16": {
                    "verse_nr": "16",
                    "verse": "In the meantime, the Jews who lived outside Susa in the king\u2019s provinces also gathered together to defend themselves and find freedom from their enemies. In total, the rural Jews killed 75,000 of their enemies, but they didn\u2019t touch any of their assets."
                },
                "17": {
                    "verse_nr": "17",
                    "verse": "All of this took place in the provinces on the 13th day of the month of Adar, and on the 14th day the Jews rested and celebrated with food and drink."
                },
                "18": {
                    "verse_nr": "18",
                    "verse": "According to custom and Persian law, the Jews have every right to seize the assets of those they kill in this battle. But it is important to note that they do not. The reason for this odd behavior may well lie in history: Hundreds of years earlier, Saul and the Israelites defeated King Agag (the ancestor of Haman) and helped themselves to the plunder, violating God\u2019s clear directive. That violation brought them irreparable harm. So now, when they have the opportunity, the Jews leave the Agagites\u2019 assets alone. Obedience deferred is still obedience. Since the Jews in Susa had gathered together to defend themselves on the 13th and 14th days of the month of Adar, they rested on the 15th and celebrated with food and drink."
                },
                "19": {
                    "verse_nr": "19",
                    "verse": "(This explains why the Jews who live in rural areas and villages continue to celebrate on the 14th day of Adar with food and drinks and send gifts to one another.)"
                },
                "20": {
                    "verse_nr": "20",
                    "verse": "Mordecai kept a detailed journal of all these events, and he corresponded often with all of the Jews from every corner of King Ahasuerus\u2019 kingdom, regardless of its distance from Susa."
                },
                "21": {
                    "verse_nr": "21",
                    "verse": "He reminded them to remember and celebrate the 14th and 15th days of Adar every year (based on the day of each group)"
                },
                "22": {
                    "verse_nr": "22",
                    "verse": "and to celebrate as faithfully as they did on the days in which the Jews were granted relief from their enemies. He wanted them to savor the month of Adar as a time when their sadness turned into gladness and their mourning into celebration. He encouraged them to celebrate with food and drink, to send gifts, and to offer help to the poor."
                },
                "23": {
                    "verse_nr": "23",
                    "verse": "The Jews in every part of the kingdom took Mordecai\u2019s advice and celebrated on the 14th and 15th days of the month of Adar, making it an annual custom."
                },
                "24": {
                    "verse_nr": "24",
                    "verse": "In short, Haman (son of Hammedatha, the Agagite), the enemy of all Jews everywhere, had schemed against the Jews to destroy them. He did so by casting the lot (also known as the \u201cpur\u201d). That was the beginning of the plan to annihilate them and bring about their ruin."
                },
                "25": {
                    "verse_nr": "25",
                    "verse": "But King Ahasuerus learned about his evil plot and wrote an order that Haman should receive the very punishment that he himself wanted the Jewish people to suffer. So the king directed that Haman and all ten of his sons be killed and displayed on the pole."
                },
                "26": {
                    "verse_nr": "26",
                    "verse": "So this is why they call these days of feasting \u201cPurim,\u201d from the word \u201cpur,\u201d which means \u201clot.\u201d It is also because Mordecai\u2019s correspondence had instructed Jews across the empire to remember what they had seen and what had happened to them."
                },
                "27": {
                    "verse_nr": "27",
                    "verse": "So, the Jews made it their custom that every family, and every descendant, and every future convert would observe these two days each year in the way that Mordecai asked."
                },
                "28": {
                    "verse_nr": "28",
                    "verse": "(This explains why these days were remembered and celebrated by all Jews in all places, and at all times; the days of Purim would never be forgotten and their celebration would never stop.)"
                },
                "29": {
                    "verse_nr": "29",
                    "verse": "Queen Esther (daughter of Abihail) utilized her full authority as queen to affirm a second letter by Mordecai the Jew regarding Purim."
                },
                "30": {
                    "verse_nr": "30",
                    "verse": "So Mordecai sent letters to all the Jews in the 127 provinces of King Ahasuerus\u2019 kingdom. His letter included encouraging words of peace and truth;"
                },
                "31": {
                    "verse_nr": "31",
                    "verse": "and it was his hope to establish these days of Purim permanently on the calendar as days of mourning and fasting for future generations as it was for themselves."
                },
                "32": {
                    "verse_nr": "32",
                    "verse": "Esther\u2019s authority affirmed the tradition of Purim and it was written down in the official records."
                }
            }
        },
        "10": {
            "chapter_nr": "10",
            "chapter": {
                "1": {
                    "verse_nr": "1",
                    "verse": "In all of Jewish history, Esther\u2019s story is unique. Her meteoric rise from common Jewish girl to queen of the vast Persian Empire is evidence that God can use some unlikely characters. In this case, He uses Esther to halt a terrible injustice and to settle an ancient score. To be used by God in any capacity, however, requires courage; it requires taking a risk. In Esther\u2019s case, she risks her own life in order to save her people, and in a greater sense to ensure that the story of redemption continues. The world has always endured times of great injustice, times of great need. Yet God is at work, transforming sorrow to joy, shame to honor, and injustice to justice. Each person is called to impact the age in which he or she lives. Across his empire, on the land and along the coasts, King Ahasuerus imposed taxation upon the people."
                },
                "2": {
                    "verse_nr": "2",
                    "verse": "All of King Ahasuerus\u2019 accomplishments, as well as the great work of Mordecai, whom the king promoted, are written down in the chronicles of the kings of Media and Persia."
                },
                "3": {
                    "verse_nr": "3",
                    "verse": "For Mordecai the Jew became second-in-command to King Ahasuerus, and he was highly revered among the Jews because he worked for the prosperity of his people and was an advocate for their well-being."
                }
            }
        }
    }
}