{
    "version": "bis",
    "book_name": "Zechariah",
    "book_nr": "38",
    "book": {
        "1": {
            "chapter_nr": "1",
            "chapter": {
                "1": {
                    "verse_nr": "1",
                    "verse": "Pada bulan kedelapan dalam tahun kedua pemerintahan Raja Darius atas Persia, TUHAN menyampaikan pesan ini kepadaku, Nabi Zakharia anak Berekhya dan cucu Ido."
                },
                "2": {
                    "verse_nr": "2",
                    "verse": "TUHAN memerintahkan aku untuk berkata begini kepada umat-Nya, \"Di zaman lampau Aku, TUHAN Yang Mahakuasa, amat marah kepada nenek moyangmu."
                },
                "3": {
                    "verse_nr": "3",
                    "verse": "Tetapi sekarang Aku berkata kepadamu: Kembalilah kepada-Ku, maka Aku juga akan kembali kepadamu."
                },
                "4": {
                    "verse_nr": "4",
                    "verse": "Janganlah seperti nenek moyangmu. Dahulu kala para nabi menyampaikan pesan-Ku kepada mereka agar mereka jangan lagi berbuat jahat dan berbuat dosa. Tetapi mereka tidak perduli dan tak mau taat kepada-Ku."
                },
                "5": {
                    "verse_nr": "5",
                    "verse": "Di manakah nenek moyangmu dan nabi-nabi itu sekarang? Mereka sudah tidak ada lagi."
                },
                "6": {
                    "verse_nr": "6",
                    "verse": "Melalui para nabi hamba-hamba-Ku itu, Kusampaikan perintah-perintah dan peringatan-peringatan-Ku kepada nenek moyangmu. Tetapi mereka tidak menghiraukannya sehingga mereka harus menanggung akibatnya. Lalu mereka menyesal dan mengakui bahwa Aku, TUHAN Yang Mahakuasa, telah menghukum mereka setimpal dengan kesalahan mereka, dan sesuai dengan ketentuan-Ku.\""
                },
                "7": {
                    "verse_nr": "7",
                    "verse": "Pada tanggal dua puluh empat bulan Syebat, yaitu bulan sebelas, dalam tahun kedua pemerintahan Raja Darius, TUHAN menyampaikan pesan-Nya kepadaku. Dalam suatu penglihatan pada waktu malam,"
                },
                "8": {
                    "verse_nr": "8",
                    "verse": "aku melihat malaikat TUHAN menunggang seekor kuda merah. Ia berhenti di sebuah lembah di antara pohon-pohon murad. Di belakangnya berdiri beberapa ekor kuda yang lain, ada yang merah, yang merah jambu dan yang putih."
                },
                "9": {
                    "verse_nr": "9",
                    "verse": "Aku bertanya kepadanya, \"Tuan, apakah artinya semua kuda ini?\" Ia menjawab, \"Akan kutunjukkan artinya kepadamu."
                },
                "10": {
                    "verse_nr": "10",
                    "verse": "Mereka dikirim TUHAN untuk memeriksa bumi.\""
                },
                "11": {
                    "verse_nr": "11",
                    "verse": "Semua kuda itu melaporkan kepada malaikat, \"Kami telah menjelajahi seluruh muka bumi, ternyata dunia ini tenang dan tentram.\""
                },
                "12": {
                    "verse_nr": "12",
                    "verse": "Lalu malaikat itu berkata, \"TUHAN Yang Mahakuasa, tujuh puluh tahun lamanya Engkau murka kepada Yerusalem dan kota-kota di Yehuda. Sampai kapan Engkau akan tetap marah dan tidak mengampuni mereka?\""
                },
                "13": {
                    "verse_nr": "13",
                    "verse": "TUHAN menjawab malaikat itu dengan kata-kata yang menghibur,"
                },
                "14": {
                    "verse_nr": "14",
                    "verse": "dan malaikat itu menyuruh aku menyampaikan apa yang dikatakan oleh TUHAN Yang Mahakuasa, \"Aku amat mengasihi dan memprihatinkan kota Yerusalem, kota-Ku yang suci."
                },
                "15": {
                    "verse_nr": "15",
                    "verse": "Tetapi Aku amat marah kepada bangsa-bangsa yang merasa aman dan tentram. Karena ketika Aku menahan kemarahan-Ku atas umat-Ku, bangsa-bangsa itu menambah penderitaan umat-Ku."
                },
                "16": {
                    "verse_nr": "16",
                    "verse": "Sekarang Aku kembali ke Yerusalem untuk memberi pengampunan kepada kota itu. Rumah-Ku akan dibangun kembali dan kota Yerusalem akan dipulihkan lagi.\""
                },
                "17": {
                    "verse_nr": "17",
                    "verse": "Malaikat itu menyuruh aku menyampaikan pesan ini juga, \"TUHAN Yang Mahakuasa berjanji bahwa kota-kota-Nya akan menjadi makmur kembali dan bahwa sekali lagi Ia akan menolong Yerusalem dan mengakuinya sebagai milik-Nya sendiri.\""
                },
                "18": {
                    "verse_nr": "18",
                    "verse": "Dalam penglihatan yang lain, aku melihat empat tanduk sapi."
                },
                "19": {
                    "verse_nr": "19",
                    "verse": "Aku bertanya kepada malaikat yang telah berbicara kepadaku, \"Apakah arti tanduk-tanduk itu?\" Ia menjawab, \"Tanduk-tanduk itu adalah lambang kerajaan-kerajaan kuat yang menceraiberaikan penduduk Yehuda, Israel dan Yerusalem.\""
                },
                "20": {
                    "verse_nr": "20",
                    "verse": "Lalu TUHAN memperlihatkan kepadaku empat orang tukang besi yang membawa palu."
                },
                "21": {
                    "verse_nr": "21",
                    "verse": "Aku bertanya, \"Apa maksud kedatangan mereka?\" Ia menjawab, \"Untuk menggetarkan dan menggulingkan bangsa-bangsa yang telah menghancurleburkan Yehuda serta menceraiberaikan penduduknya.\""
                }
            }
        },
        "2": {
            "chapter_nr": "2",
            "chapter": {
                "1": {
                    "verse_nr": "1",
                    "verse": "Dalam penglihatan berikutnya aku melihat seorang laki-laki yang memegang tali pengukur."
                },
                "2": {
                    "verse_nr": "2",
                    "verse": "\"Mau ke mana?\" tanyaku. \"Mau mengukur Yerusalem,\" jawabnya, \"aku ingin tahu berapa panjang dan lebar kota itu.\""
                },
                "3": {
                    "verse_nr": "3",
                    "verse": "Kemudian kulihat malaikat yang telah berbicara dengan aku itu, melangkah maju, dan seorang malaikat lain menemuinya."
                },
                "4": {
                    "verse_nr": "4",
                    "verse": "Malaikat yang pertama berkata kepada malaikat yang kedua, \"Pergilah cepat kepada pemuda itu, dan katakan kepadanya bahwa Yerusalem akan begitu padat dengan manusia dan ternak sehingga tak mungkin dibangun tembok di sekelilingnya."
                },
                "5": {
                    "verse_nr": "5",
                    "verse": "TUHAN telah berjanji bahwa Ia sendiri akan menjadi tembok api yang mengelilingi kota itu untuk melindunginya dan Ia akan tinggal di sana dalam segala kuasa dan keagungan-Nya.\""
                },
                "6": {
                    "verse_nr": "6",
                    "verse": "TUHAN berkata kepada umat-Nya, \"Aku telah menceraiberaikan kamu ke segala penjuru. Tetapi sekarang hai orang-orang buangan, larilah dari Babel dan kembalilah ke Yerusalem."
                },
                "7": {
                    "verse_nr": "7",
                    "verse": ""
                },
                "8": {
                    "verse_nr": "8",
                    "verse": "Siapa yang menyerang kamu, menyerang buah hati-Ku.\" Maka TUHAN Yang Mahakuasa menyuruh aku menyampaikan pesan ini kepada bangsa-bangsa yang telah merampoki umat-Nya,"
                },
                "9": {
                    "verse_nr": "9",
                    "verse": "\"TUHAN sendiri akan melawan kamu! Dan kamu akan dirampok oleh bekas hamba-hambamu sendiri. Bila hal itu terjadi, kamu akan tahu bahwa TUHAN Yang Mahakuasa telah menyuruh aku.\""
                },
                "10": {
                    "verse_nr": "10",
                    "verse": "TUHAN berkata, \"Bernyanyilah dengan gembira hai penduduk Yerusalem! Aku akan tinggal di tengah-tengahmu!\""
                },
                "11": {
                    "verse_nr": "11",
                    "verse": "Pada masa itu banyak bangsa akan datang kepada TUHAN untuk menjadi umat-Nya. Ia akan tinggal di tengah-tengahmu, dan kamu akan tahu bahwa TUHAN telah mengirim aku kepadamu."
                },
                "12": {
                    "verse_nr": "12",
                    "verse": "Sekali lagi Yehuda akan menjadi milik khusus TUHAN di tanah-Nya yang suci, dan Yerusalem akan menjadi kota yang paling disayangi-Nya."
                },
                "13": {
                    "verse_nr": "13",
                    "verse": "Diamlah kamu semua di hadapan TUHAN! Karena Ia telah berangkat dari tempat kediaman-Nya di surga."
                }
            }
        },
        "3": {
            "chapter_nr": "3",
            "chapter": {
                "1": {
                    "verse_nr": "1",
                    "verse": "Dalam penglihatan yang lain lagi, TUHAN memperlihatkan kepadaku Imam Agung Yosua sedang berdiri di hadapan malaikat TUHAN. Di sebelah Yosua, berdirilah Setan yang telah siap untuk menuduhnya."
                },
                "2": {
                    "verse_nr": "2",
                    "verse": "Malaikat TUHAN berkata kepada Setan, \"Kiranya TUHAN menghukum engkau hai Setan! Kiranya TUHAN yang menyayangi Yerusalem menghukum engkau. Orang ini bagaikan puntung kayu yang ditarik dari nyala api.\""
                },
                "3": {
                    "verse_nr": "3",
                    "verse": "Yosua berdiri di situ memakai pakaian yang kotor sekali."
                },
                "4": {
                    "verse_nr": "4",
                    "verse": "Maka berkatalah malaikat itu kepada pembantu-pembantu di surga, \"Buanglah pakaian kotor yang dipakai orang ini.\" Dan kepada Yosua ia berkata, \"Dosamu telah kubuang, engkau akan kuberi pakaian yang baru.\""
                },
                "5": {
                    "verse_nr": "5",
                    "verse": "Ia pun memerintahkan pembantu-pembantunya untuk memasang serban yang bersih pada kepala Yosua. Mereka menurut dan setelah itu mereka memakaikan pakaian yang baru itu kepadanya dengan diawasi oleh malaikat TUHAN."
                },
                "6": {
                    "verse_nr": "6",
                    "verse": "Kemudian malaikat itu menyampaikan perkataan TUHAN kepada Yosua,"
                },
                "7": {
                    "verse_nr": "7",
                    "verse": "\"Kalau engkau mematuhi hukum-hukum-Ku dan melakukan tugas-tugas yang Kuberikan kepadamu, maka untuk seterusnya engkau boleh menjadi pemimpin di dalam Rumah-Ku dan mengurus pelatarannya. Aku akan mendengarkan doa-doamu, seperti Aku mendengarkan doa para malaikat yang berada di dekat-Ku."
                },
                "8": {
                    "verse_nr": "8",
                    "verse": "Dengarlah hai Imam Agung Yosua, juga kamu imam-imam yang menjadi rekan-rekannya, kamu semua adalah lambang dari masa depan yang baik. Pada masa itu Aku akan mengutus hamba-Ku yang disebut 'Sang Tunas'."
                },
                "9": {
                    "verse_nr": "9",
                    "verse": "Kuletakkan di depan Yosua sebuah batu bersegi tujuh yang akan Kuukir dengan tulisan-tulisan. Dalam satu hari akan Kubuang dosa dari negeri ini."
                },
                "10": {
                    "verse_nr": "10",
                    "verse": "Bilamana hari itu tiba, setiap orang akan mengundang tetangganya untuk datang dan menikmati damai dan sentosa di tengah-tengah kebun-kebun anggur dan pohon-pohon aramu.\""
                }
            }
        },
        "4": {
            "chapter_nr": "4",
            "chapter": {
                "1": {
                    "verse_nr": "1",
                    "verse": "Malaikat yang telah bicara kepadaku itu datang lagi dan membangunkan aku seperti membangunkan orang tidur."
                },
                "2": {
                    "verse_nr": "2",
                    "verse": "\"Apa yang kaulihat?\" tanyanya. \"Sebuah kaki lampu dari emas,\" jawabku. \"Pada ujung atasnya ada tempat minyaknya, dan di sekelilingnya ada tujuh lampu, yang masing-masing mempunyai tujuh tempat sumbu."
                },
                "3": {
                    "verse_nr": "3",
                    "verse": "Di sebelah kiri dan kanan kaki lampu itu ada dua pohon zaitun.\""
                },
                "4": {
                    "verse_nr": "4",
                    "verse": "Kemudian aku bertanya kepada malaikat itu, \"Apa yang dilambangkan oleh benda-benda itu, Tuan?\""
                },
                "5": {
                    "verse_nr": "5",
                    "verse": "\"Tidak tahukah engkau?\" tanyanya kepadaku. \"Tidak Tuan,\" jawabku."
                },
                "6": {
                    "verse_nr": "6",
                    "verse": "Malaikat itu menyuruh aku menyampaikan kepada Zerubabel pesan TUHAN ini, \"Bukan dengan kekuatan militer dan bukan pula dengan kekuatanmu sendiri engkau akan berhasil, melainkan dengan roh-Ku."
                },
                "7": {
                    "verse_nr": "7",
                    "verse": "Rintangan sebesar gunung pun akan tersingkir dari depanmu. Engkau akan membangun kembali Rumah-Ku, dan pada saat engkau meletakkan batu yang utama di tempatnya, orang-orang akan berseru, 'Alangkah indahnya!'\""
                },
                "8": {
                    "verse_nr": "8",
                    "verse": "Lalu datang lagi pesan yang lain dari TUHAN."
                },
                "9": {
                    "verse_nr": "9",
                    "verse": "Kata-Nya, \"Zerubabel telah meletakkan fondasi Rumah-Ku, dan ia akan menyelesaikan seluruh bangunan itu. Jika itu terjadi, umat-Ku akan tahu bahwa Akulah yang telah mengutus engkau Zakharia kepada mereka."
                },
                "10": {
                    "verse_nr": "10",
                    "verse": "Ada yang meremehkan peristiwa ini. Tetapi mereka akan melihat Zerubabel melanjutkan pembangunan Rumah-Ku, dan mereka akan bergembira.\" Malaikat itu berkata kepadaku, \"Ketujuh lampu itu adalah ketujuh mata TUHAN yang mengawasi seluruh muka bumi.\""
                },
                "11": {
                    "verse_nr": "11",
                    "verse": "Kemudian aku bertanya lagi kepadanya, \"Apa arti kedua batang pohon zaitun di kanan kiri kaki lampu itu?"
                },
                "12": {
                    "verse_nr": "12",
                    "verse": "Apa pula arti kedua cabang zaitun di samping kedua pipa emas yang menyalurkan minyak zaitun itu?\""
                },
                "13": {
                    "verse_nr": "13",
                    "verse": "Sahutnya kepadaku, \"Tidak tahukah engkau?\" \"Tidak Tuan,\" jawabku."
                },
                "14": {
                    "verse_nr": "14",
                    "verse": "Ia pun berkata, \"Itu adalah dua orang yang telah dipilih oleh TUHAN alam semesta dan ditunjuk untuk melayani Dia.\""
                }
            }
        },
        "5": {
            "chapter_nr": "5",
            "chapter": {
                "1": {
                    "verse_nr": "1",
                    "verse": "Aku memperhatikan lagi, dan kali ini kulihat sebuah kitab gulungan terbang di udara."
                },
                "2": {
                    "verse_nr": "2",
                    "verse": "Malaikat itu menanyakan apa yang kulihat. Jawabku, \"Sebuah kitab gulungan terbang di udara. Panjangnya sembilan meter dan lebarnya empat setengah meter.\""
                },
                "3": {
                    "verse_nr": "3",
                    "verse": "Lalu ia berkata kepadaku, \"Pada kitab gulungan itu tertulis kutukan terhadap seluruh negeri ini. Pada satu muka tertulis bahwa setiap pencuri akan dikeluarkan dari negeri ini. Dan pada muka lainnya tertulis bahwa setiap orang yang bersumpah palsu juga akan dikeluarkan."
                },
                "4": {
                    "verse_nr": "4",
                    "verse": "TUHAN Yang Mahakuasa berkata bahwa kutukan itu akan ditimpakannya ke atas rumah setiap pencuri dan rumah setiap orang yang bersumpah palsu. Rumah-rumah itu akan terus kena kutukan itu sampai menjadi puing-puing.\""
                },
                "5": {
                    "verse_nr": "5",
                    "verse": "Malaikat itu muncul lagi dan berkata, \"Lihat! Ada lagi yang datang!\""
                },
                "6": {
                    "verse_nr": "6",
                    "verse": "\"Apa itu?\" tanyaku. Jawabnya, \"Sebuah keranjang. Itulah lambang dosa dari seluruh negeri ini.\""
                },
                "7": {
                    "verse_nr": "7",
                    "verse": "Keranjang itu mempunyai tutup dari timah. Sementara kuperhatikan, tutup itu terangkat dan ternyata di dalam keranjang itu duduk seorang wanita."
                },
                "8": {
                    "verse_nr": "8",
                    "verse": "Malaikat itu berkata, \"Wanita ini melambangkan kejahatan.\" Lalu ditekannya wanita itu kembali ke dalam keranjang dan ditutupnya keranjang itu."
                },
                "9": {
                    "verse_nr": "9",
                    "verse": "Aku menengok ke atas dan melihat dua wanita terbang ke arahku. Mereka mempunyai sayap yang kokoh seperti sayap burung bangau. Keranjang tadi mereka ambil lalu mereka bawa terbang."
                },
                "10": {
                    "verse_nr": "10",
                    "verse": "Aku bertanya kepada malaikat itu, \"Ke mana mereka bawa keranjang itu?\""
                },
                "11": {
                    "verse_nr": "11",
                    "verse": "Jawabnya, \"Ke Babel, di sana mereka akan membangun kuil baginya. Jika kuil itu selesai, keranjang itu akan ditempatkan di situ untuk disembah.\""
                }
            }
        },
        "6": {
            "chapter_nr": "6",
            "chapter": {
                "1": {
                    "verse_nr": "1",
                    "verse": "Aku mendapat penglihatan yang lain. Kali ini kulihat empat buah kereta perang keluar dari antara dua gunung perunggu."
                },
                "2": {
                    "verse_nr": "2",
                    "verse": "Kereta-kereta itu ditarik oleh pasangan-pasangan kuda, yang pertama kuda merah, yang kedua kuda hitam,"
                },
                "3": {
                    "verse_nr": "3",
                    "verse": "yang ketiga kuda putih dan yang keempat kuda yang belang."
                },
                "4": {
                    "verse_nr": "4",
                    "verse": "Aku bertanya kepada malaikat itu, \"Tuan, apa artinya kereta-kereta perang ini?\""
                },
                "5": {
                    "verse_nr": "5",
                    "verse": "Ia menjawab, \"Mereka berangkat ke empat jurusan setelah menghadap TUHAN semesta alam."
                },
                "6": {
                    "verse_nr": "6",
                    "verse": "Kereta perang yang ditarik oleh kuda hitam menuju ke Babel di utara. Kuda putih menuju ke barat dan kuda yang belang menuju ke negara di selatan.\""
                },
                "7": {
                    "verse_nr": "7",
                    "verse": "Ketika kuda yang belang itu keluar, mereka tampak tak sabar untuk pergi memeriksa bumi. Malaikat itu berkata, \"Pergilah untuk memeriksa bumi!\" Lalu pergilah mereka."
                },
                "8": {
                    "verse_nr": "8",
                    "verse": "Kemudian malaikat itu berseru kepadaku, \"Kuda yang pergi ke Babel itu telah meredakan kemarahan TUHAN.\""
                },
                "9": {
                    "verse_nr": "9",
                    "verse": "TUHAN memberikan pesan ini kepadaku."
                },
                "10": {
                    "verse_nr": "10",
                    "verse": "Kata-Nya, \"Ambillah persembahan yang diberikan oleh Heldai, Tobia dan Yedaya, yaitu orang-orang yang baru kembali dari pembuangan di Babel. Bawalah segera persembahan mereka itu ke rumah Yosia anak Zefanya."
                },
                "11": {
                    "verse_nr": "11",
                    "verse": "Dari emas dan perak pemberian mereka itu, buatlah sebuah mahkota dan pasanglah pada kepala Imam Agung Yosua anak Yozadak."
                },
                "12": {
                    "verse_nr": "12",
                    "verse": "Sampaikan kepadanya bahwa Aku TUHAN Yang Mahakuasa berkata, 'Orang yang disebut Sang Tunas, akan berhasil di tempat ia berada dan ia akan membangun kembali Rumah TUHAN."
                },
                "13": {
                    "verse_nr": "13",
                    "verse": "Dialah yang akan membangun Rumah-Ku dan menerima kehormatan seperti seorang raja, dan ia akan memerintah atas rakyatnya. Seorang imam akan mendampingi dia dan mereka akan bekerja sama dengan rukun.'"
                },
                "14": {
                    "verse_nr": "14",
                    "verse": "Mahkota itu disimpan di Rumah-Ku untuk memperingati Heldai, Tobia, Yedaya, dan Yosia."
                },
                "15": {
                    "verse_nr": "15",
                    "verse": "Orang-orang akan datang dari tempat yang jauh dan menolong membangun Rumah-Ku. Kalau pembangunan itu selesai, mereka akan tahu bahwa Aku TUHAN Yang Mahakuasa telah mengutus engkau kepada mereka. Semua itu akan terjadi jika mereka benar-benar mematuhi perintah-perintah-Ku, TUHAN Allah mereka.\""
                }
            }
        },
        "7": {
            "chapter_nr": "7",
            "chapter": {
                "1": {
                    "verse_nr": "1",
                    "verse": "Pada tanggal empat bulan Kislew, yaitu bulan sembilan, dalam tahun keempat pemerintahan Raja Darius, TUHAN memberi pesan lagi kepadaku."
                },
                "2": {
                    "verse_nr": "2",
                    "verse": "Penduduk Betel telah mengutus Sarezer dan Regem-Melekh serta anak buah mereka ke Rumah TUHAN Yang Mahakuasa untuk memohon berkat-Nya."
                },
                "3": {
                    "verse_nr": "3",
                    "verse": "Mereka juga disuruh bertanya kepada imam-imam dan para nabi, begini, \"Masih perlukah kami meratapi kehancuran Rumah TUHAN dengan berpuasa pada tiap bulan kelima seperti yang telah kami lakukan bertahun-tahun lamanya?\""
                },
                "4": {
                    "verse_nr": "4",
                    "verse": "Inilah pesan TUHAN yang datang kepadaku."
                },
                "5": {
                    "verse_nr": "5",
                    "verse": "Kata-Nya, \"Sampaikanlah kepada seluruh penduduk negeri ini dan kepada para imam, bahwa puasa dan ratapan yang mereka lakukan pada bulan kelima dan ketujuh selama tujuh puluh tahun ini bukanlah penghormatan bagi-Ku."
                },
                "6": {
                    "verse_nr": "6",
                    "verse": "Juga ketika mereka makan dan minum, mereka mencari kepuasan sendiri.\""
                },
                "7": {
                    "verse_nr": "7",
                    "verse": "Itulah yang dikatakan TUHAN melalui nabi-nabi di zaman lampau pada waktu Yerusalem masih didiami dan penduduknya makmur. Pada waktu itu orang tidak hanya tinggal di desa-desa di sekitar kota tetapi bahkan di bagian selatan dan di kaki-kaki bukit di sebelah barat."
                },
                "8": {
                    "verse_nr": "8",
                    "verse": "TUHAN Yang Mahakuasa memberikan pesan ini kepadaku,"
                },
                "9": {
                    "verse_nr": "9",
                    "verse": "\"Bertahun-tahun yang lalu Kuberikan perintah-perintah ini kepada umat-Ku, 'Kamu harus bersikap adil, berbelaskasihan dan baik hati terhadap sesamamu."
                },
                "10": {
                    "verse_nr": "10",
                    "verse": "Janganlah menindas para janda, anak-anak yatim-piatu, orang-orang asing yang menetap di tengah-tengah kamu, atau siapa saja yang dalam keadaan susah. Dan jangan pula merencanakan yang jahat terhadap sesamamu.'"
                },
                "11": {
                    "verse_nr": "11",
                    "verse": "Tetapi umat-Ku keras kepala dan sama sekali tak mau mendengarkan; mereka menyumbat telinga mereka supaya tidak mendengar."
                },
                "12": {
                    "verse_nr": "12",
                    "verse": "Mereka mengeraskan hati mereka sehingga menjadi sekeras batu. Aku marah sekali karena mereka tidak menurut ajaran-ajaran yang telah Kuberikan kepada mereka dengan perantaraan nabi-nabi yang dahulu."
                },
                "13": {
                    "verse_nr": "13",
                    "verse": "Aku tidak menjawab doa mereka, karena mereka pun tidak mendengarkan ketika Aku berbicara."
                },
                "14": {
                    "verse_nr": "14",
                    "verse": "Seperti badai, Aku telah menyapu mereka sehingga mereka terpaksa tinggal di negeri-negeri asing. Tanah yang subur ini telah menjadi sunyi sepi tak berpenghuni dan tandus.\""
                }
            }
        },
        "8": {
            "chapter_nr": "8",
            "chapter": {
                "1": {
                    "verse_nr": "1",
                    "verse": "TUHAN Yang Mahakuasa memberikan pesan ini kepadaku,"
                },
                "2": {
                    "verse_nr": "2",
                    "verse": "\"Aku ingin sekali menolong Yerusalem karena Aku amat mengasihi penduduknya, dan karena kasih-Ku itu, hati-Ku panas kepada musuh-musuh kota itu."
                },
                "3": {
                    "verse_nr": "3",
                    "verse": "Aku akan kembali ke Yerusalem, kota-Ku yang suci itu, dan tinggal di situ. Yerusalem akan dikenal sebagai kota yang setia, dan bukit TUHAN Yang Mahakuasa akan disebut Bukit Suci."
                },
                "4": {
                    "verse_nr": "4",
                    "verse": "Di lapangan kota Yerusalem, akan duduk lagi kakek-kakek dan nenek-nenek yang sudah sangat tua sehingga harus berjalan dengan tongkat."
                },
                "5": {
                    "verse_nr": "5",
                    "verse": "Jalan-jalan di kota akan penuh lagi dengan anak-anak yang bermain-main."
                },
                "6": {
                    "verse_nr": "6",
                    "verse": "Hal itu mungkin tampak mustahil bagi orang-orang yang masih hidup dari bangsa ini, namun tidak mustahil bagi-Ku."
                },
                "7": {
                    "verse_nr": "7",
                    "verse": "Aku akan menyelamatkan umat-Ku dari negeri-negeri tempat mereka telah diangkut,"
                },
                "8": {
                    "verse_nr": "8",
                    "verse": "dan membawa mereka kembali dari timur dan dari barat, sehingga mereka tinggal di Yerusalem lagi. Mereka akan menjadi umat-Ku dan Aku Allah mereka. Aku akan memerintah mereka dengan setia dan adil.\""
                },
                "9": {
                    "verse_nr": "9",
                    "verse": "TUHAN berkata kepada umat-Nya, \"Kuatkanlah hatimu! Sekarang kamu mendengar kata-kata yang juga telah diucapkan oleh para nabi pada waktu fondasi diletakkan, untuk membangun kembali Rumah-Ku."
                },
                "10": {
                    "verse_nr": "10",
                    "verse": "Sebelum masa itu tak ada yang mampu menyewa tenaga manusia atau binatang, dan tak ada yang merasa aman dari gangguan musuh. Aku telah mengadu domba seorang dengan yang lain."
                },
                "11": {
                    "verse_nr": "11",
                    "verse": "Tetapi sekarang orang-orang yang masih hidup dari bangsa ini Kuperlakukan berbeda dengan dahulu."
                },
                "12": {
                    "verse_nr": "12",
                    "verse": "Mereka akan menabur benih dengan damai. Pohon-pohon anggur mereka akan berbuah, tanah akan memberi hasilnya, dan hujan akan turun dengan berlimpah-limpah. Segala berkat itu Kuberikan kepada orang-orang yang masih hidup dari bangsa ini."
                },
                "13": {
                    "verse_nr": "13",
                    "verse": "Hai penduduk Yehuda dan Israel! Di masa yang lampau, bilamana orang-orang asing saling mengutuk, mereka berkata, 'Semoga bencana yang menimpa Yehuda dan Israel menimpa engkau juga!' Tetapi Aku akan menyelamatkan kamu, sehingga orang-orang asing itu akan berkata sesama mereka, 'Semoga berkat yang turun atas Yehuda dan Israel, turun juga atas dirimu!' Sebab itu kuatkanlah hatimu dan janganlah takut!\""
                },
                "14": {
                    "verse_nr": "14",
                    "verse": "TUHAN Yang Mahakuasa berkata, \"Ketika nenek moyangmu membuat Aku marah, Aku memutuskan untuk menghukum mereka dengan keras. Aku tidak mengubah keputusan-Ku itu, melainkan melaksanakannya."
                },
                "15": {
                    "verse_nr": "15",
                    "verse": "Tetapi sekarang Aku hendak memberkati penduduk Yerusalem dan penduduk Yehuda. Jadi, janganlah takut."
                },
                "16": {
                    "verse_nr": "16",
                    "verse": "Inilah perintah-perintah yang harus kamu lakukan: Kalau bicara, katakanlah yang benar kepada sesamamu. Berilah keputusan pengadilan yang adil dan yang membawa damai."
                },
                "17": {
                    "verse_nr": "17",
                    "verse": "Janganlah merencanakan yang jahat terhadap sesamamu. Janganlah mengucapkan sumpah palsu. Aku benci kepada dusta dan ketidakadilan serta kekerasan.\""
                },
                "18": {
                    "verse_nr": "18",
                    "verse": "TUHAN Yang Mahakuasa memberikan pesan ini kepadaku untuk umat-Nya,"
                },
                "19": {
                    "verse_nr": "19",
                    "verse": "\"Puasa yang dilakukan dalam bulan keempat, kelima, ketujuh, dan kesepuluh akan menjadi perayaan-perayaan yang penuh kegembiraan dan kesenangan bagi penduduk Yehuda. Cintailah kebenaran dan damai!\""
                },
                "20": {
                    "verse_nr": "20",
                    "verse": "TUHAN Yang Mahakuasa berkata, \"Masanya akan tiba penduduk dari banyak kota akan datang ke Yerusalem."
                },
                "21": {
                    "verse_nr": "21",
                    "verse": "Penduduk dari kota yang satu akan berkata kepada penduduk kota yang lain, 'Mari kita pergi menyembah TUHAN Yang Mahakuasa dan memohon berkat-Nya. Ikutlah dengan kami!'"
                },
                "22": {
                    "verse_nr": "22",
                    "verse": "Lalu banyak orang dan banyak bangsa yang kuat akan datang ke Yerusalem untuk menyembah Aku TUHAN Yang Mahakuasa dan memohon berkat-Ku."
                },
                "23": {
                    "verse_nr": "23",
                    "verse": "Pada hari-hari itu sepuluh orang asing akan datang kepada satu orang Yahudi dan berkata, 'Kami ingin juga beruntung seperti kamu; sebab kami mendengar bahwa Allah memberkati kamu.'\" TUHAN Yang Mahakuasa telah berbicara."
                }
            }
        },
        "9": {
            "chapter_nr": "9",
            "chapter": {
                "1": {
                    "verse_nr": "1",
                    "verse": "Inilah pesan TUHAN. Ia telah memutuskan untuk menghukum negeri Hadrakh dan kota Damsyik. Bukan hanya suku-suku Israel, tetapi juga ibukota Siria adalah milik TUHAN."
                },
                "2": {
                    "verse_nr": "2",
                    "verse": "Hamat yang berbatasan dengan Hadrakh juga kepunyaan-Nya, begitu pula kota-kota Tirus dan Sidon dengan segala keahlian penduduknya."
                },
                "3": {
                    "verse_nr": "3",
                    "verse": "Tirus telah membangun benteng-benteng bagi dirinya dan menimbun banyak sekali emas dan perak sehingga menjadi seperti barang biasa seperti pasir dan lumpur di jalan."
                },
                "4": {
                    "verse_nr": "4",
                    "verse": "Tetapi TUHAN akan membuatnya miskin. Seluruh kekayaan kota itu akan dibuang-Nya ke dalam laut dan kota itu sendiri akan habis dimakan api."
                },
                "5": {
                    "verse_nr": "5",
                    "verse": "Kota Askelon dan Gaza akan melihatnya dan menjadi takut. Ekron akan melihatnya juga dan kehilangan segala harapannya. Gaza akan kehilangan rajanya, dan Askelon akan menjadi sepi tanpa penghuni."
                },
                "6": {
                    "verse_nr": "6",
                    "verse": "Asdod akan didiami oleh orang-orang dari bangsa campuran. TUHAN berkata, \"Orang Filistin yang angkuh itu akan Kutumpas."
                },
                "7": {
                    "verse_nr": "7",
                    "verse": "Mereka tidak akan lagi makan daging yang masih berdarah atau makanan lain yang terlarang. Semua orang yang tertinggal akan menjadi umat-Ku dan dianggap sebagai bagian dari suku Yehuda. Ekron akan menjadi anggota umat-Ku, seperti orang Yebus di zaman dulu."
                },
                "8": {
                    "verse_nr": "8",
                    "verse": "Aku akan menjaga tanah-Ku dan menghalangi pasukan-pasukan asing yang hendak melewatinya. Aku tak akan lagi mengizinkan para penindas menjajah umat-Ku. Sebab penderitaan mereka telah Kulihat.\""
                },
                "9": {
                    "verse_nr": "9",
                    "verse": "Hai penduduk Sion, bergembiralah! Hai penduduk Yerusalem, bersoraklah! Lihatlah! Rajamu datang dengan kemenangan! Ia raja adil yang membawa keselamatan. Tetapi penuh kerendahan hati ia tiba mengendarai keledai, seekor keledai muda."
                },
                "10": {
                    "verse_nr": "10",
                    "verse": "TUHAN berkata, \"Kereta-kereta perang dari Efraim akan Kubuang, semua kuda di Yerusalem akan Kulenyapkan dan segala panah akan Kuhancurkan. Rajamu akan mengumumkan perdamaian antara bangsa-bangsa. Dari laut ke laut ia akan berkuasa, dari Sungai Efrat sampai ke ujung dunia.\""
                },
                "11": {
                    "verse_nr": "11",
                    "verse": "TUHAN berkata kepada umat-Nya, \"Demi perjanjian yang Kubuat dengan kamu, perjanjian yang disahkan dengan darah kurban persembahan, akan Kubebaskan rakyatmu yang menderita dalam pembuangan seperti orang yang terkurung dalam sumur kering."
                },
                "12": {
                    "verse_nr": "12",
                    "verse": "Kembalilah hai orang-orang buangan, kini kamu mempunyai harapan. Kembalilah ke tempat perlindunganmu, Aku akan tetap memberkati kamu. Dengarlah: Dua kali lipat kamu akan Kuberkati karena segala penderitaan yang telah kamu alami."
                },
                "13": {
                    "verse_nr": "13",
                    "verse": "Yehuda akan Kupakai sebagai panah pahlawan, dan Israel sebagai anak panah yang siap ditembakkan. Penduduk Sion Kupakai sebagai pedang; dengan pedang itu orang-orang Yunani akan Kuserang.\""
                },
                "14": {
                    "verse_nr": "14",
                    "verse": "TUHAN akan menampakkan diri kepada umat-Nya, seperti kilat anak-anak panah-Nya ditembakkan-Nya. TUHAN Yang Mahatinggi akan meniup trompet tanda menyerang lalu berjalan maju dalam badai dari selatan."
                },
                "15": {
                    "verse_nr": "15",
                    "verse": "Umat-Nya pasti diberi-Nya perlindungan, sehingga segala musuh dapat mereka kalahkan. Seperti pekik orang yang mabuk minuman, begitulah pekik mereka dalam pertempuran. Bagai darah kurban yang dituang ke atas mezbah, begitulah darah musuh mereka tertumpah."
                },
                "16": {
                    "verse_nr": "16",
                    "verse": "Bila hari itu tiba, TUHAN akan menyelamatkan umat-Nya, seperti gembala menyelamatkan dombanya dari bahaya. Mereka akan bercahaya di tanah TUHAN, seperti permata mahkota yang berkilauan."
                },
                "17": {
                    "verse_nr": "17",
                    "verse": "Alangkah baik tanah TUHAN nantinya, alangkah baik dan indahnya! Di situ anggur dan gandum tumbuh pesat, membuat pemuda-pemudi bertambah kuat."
                }
            }
        },
        "10": {
            "chapter_nr": "10",
            "chapter": {
                "1": {
                    "verse_nr": "1",
                    "verse": "Jika musim semi tiba, mintalah hujan kepada TUHAN. Maka TUHAN akan mengumpulkan awan mendung, dan menurunkan hujan lebat sehingga ladang-ladang menjadi hijau dan segar bagi semua orang."
                },
                "2": {
                    "verse_nr": "2",
                    "verse": "Orang-orang minta petunjuk kepada berhala-berhala dan para peramal, tetapi jawaban-jawaban yang mereka dapat adalah dusta serta omong kosong belaka. Ada yang menerangkan mimpi, tetapi keterangan mereka hanya menyesatkan kamu, dan hiburan yang diberikannya tak ada artinya. Sebab itu rakyat tercerai-berai seperti domba. Mereka merana karena tidak punya pemimpin."
                },
                "3": {
                    "verse_nr": "3",
                    "verse": "TUHAN berkata, \"Aku marah sekali kepada penguasa yang memerintah umat-Ku, dan mereka akan Kuhukum. Tetapi penduduk Yehuda adalah milik-Ku, dan Aku, TUHAN Yang Mahakuasa akan memelihara mereka. Mereka akan Kujadikan kuda perang yang perkasa bagi-Ku."
                },
                "4": {
                    "verse_nr": "4",
                    "verse": "Dari antara mereka akan Kupilih penguasa, pemimpin, dan panglima yang akan memerintah umat-Ku.\""
                },
                "5": {
                    "verse_nr": "5",
                    "verse": "Penduduk Yehuda akan menang seperti pejuang-pejuang yang menginjak-injak musuh bagai lumpur di jalanan. Mereka akan berjuang karena Aku, TUHAN membantu mereka, dan pasukan musuh yang menunggang kuda akan mereka kalahkan semua."
                },
                "6": {
                    "verse_nr": "6",
                    "verse": "\"Penduduk Yehuda akan Kukuatkan, umat Israel akan Kuselamatkan. Kubawa mereka kembali ke negerinya karena Aku sayang kepada mereka. Akan Kuperlakukan mereka seperti bangsa yang tak pernah Kuingkari. Akulah TUHAN Allah mereka, segala doanya akan Kuperhatikan lagi."
                },
                "7": {
                    "verse_nr": "7",
                    "verse": "Umat Israel akan seperti pahlawan yang kuat, seperti orang yang minum anggur, mereka akan gembira. Keturunan mereka dari zaman ke zaman tak akan melupakan kemenangan ini yang Kuberikan. Mereka akan bersukacita karena perbuatan-Ku bagi mereka."
                },
                "8": {
                    "verse_nr": "8",
                    "verse": "Umat-Ku akan Kupanggil dan Kukumpulkan menjadi satu. Mereka Kubebaskan dan Kubuat sebanyak dahulu."
                },
                "9": {
                    "verse_nr": "9",
                    "verse": "Meskipun Kusebar mereka ke tengah bangsa-bangsa, mereka akan tetap mengingat Aku di sana. Mereka akan selamat, begitu juga anak-anaknya dan akan pulang bersama-sama ke negerinya."
                },
                "10": {
                    "verse_nr": "10",
                    "verse": "Dari Mesir dan Asyur, mereka akan Kupulangkan. Di negerinya sendiri mereka akan Kutempatkan. Kubawa mereka ke Gilead dan Libanon juga, sehingga seluruh negeri penuh dengan mereka."
                },
                "11": {
                    "verse_nr": "11",
                    "verse": "Bila mereka menyeberangi lautan kesukaran, Aku, TUHAN akan memukul gelombang-gelombang; maka dasar Sungai Nil menjadi kering kerontang. Bangsa Asyur yang sombong akan direndahkan, dan Mesir yang perkasa akan kehilangan kekuasaan."
                },
                "12": {
                    "verse_nr": "12",
                    "verse": "Aku akan menguatkan umat-Ku, mereka akan taat dan berbakti kepada-Ku. Aku, TUHAN, telah berbicara.\""
                }
            }
        },
        "11": {
            "chapter_nr": "11",
            "chapter": {
                "1": {
                    "verse_nr": "1",
                    "verse": "Hai Libanon, bukalah pintu-pintumu, agar api membakar pohon-pohon arasmu!"
                },
                "2": {
                    "verse_nr": "2",
                    "verse": "Hai pohon daru, merataplah, karena telah tumbang pohon-pohon cemara, pohon yang hebat-hebat telah rebah. Hai pohon-pohon besar di Basan, menangislah. Sebab hutan-hutan raya telah terbabat rata."
                },
                "3": {
                    "verse_nr": "3",
                    "verse": "Dengarlah ratapan para penguasa lenyap sudah kejayaan mereka! Dengarlah aum singa-singa di hutan; sebab rusaklah kediaman mereka di sepanjang Sungai Yordan."
                },
                "4": {
                    "verse_nr": "4",
                    "verse": "TUHAN Allah berkata kepadaku, \"Berbuatlah seolah-olah engkau gembala yang menggembalakan domba yang akan dipotong."
                },
                "5": {
                    "verse_nr": "5",
                    "verse": "Para pembelinya membunuh domba-domba itu tanpa mendapat hukuman. Mereka yang menjual daging domba-domba itu berkata, 'Terpujilah TUHAN! Sekarang kita tambah kaya!' Gembala-gembala itu tidak merasa kasihan kepada domba-domba piaraan mereka."
                },
                "6": {
                    "verse_nr": "6",
                    "verse": "Aku tidak mau lagi menaruh kasihan kepada siapa pun di negeri ini. Aku sendiri akan menyerahkan seluruh penduduknya kepada para penguasa. Mereka itu akan menghancurkan negeri ini, dan Aku tidak akan merebutnya dari kekuasaan mereka.\""
                },
                "7": {
                    "verse_nr": "7",
                    "verse": "Aku, Zakharia, lalu diupah oleh para pedagang domba untuk menggembalakan domba-domba yang akan dipotong. Aku punya dua tongkat; yang satu kunamai \"Kemurahan\" dan yang satu lagi \"Ikatan\". Kemudian aku mulai menjaga dan memelihara domba-domba itu."
                },
                "8": {
                    "verse_nr": "8",
                    "verse": "Tiga orang gembala yang membenciku menghabiskan kesabaranku. Mereka kuusir dalam waktu satu bulan."
                },
                "9": {
                    "verse_nr": "9",
                    "verse": "Kemudian aku berkata kepada kawanan domba itu, \"Aku tak mau menggembalakan kamu lagi. Yang harus mati biar saja mati, dan yang harus binasa, biar saja binasa. Lalu sisanya boleh saling membunuh.\""
                },
                "10": {
                    "verse_nr": "10",
                    "verse": "Lalu tongkat yang kunamai \"Kemurahan\" itu kuambil dan kupatahkan untuk membatalkan perjanjian yang dibuat TUHAN dengan semua bangsa."
                },
                "11": {
                    "verse_nr": "11",
                    "verse": "Pada hari itu juga perjanjian itu dibatalkan. Para pedagang domba itu mengawasi aku, dan mereka sadar bahwa TUHAN sedang berkata-kata melalui segala perbuatanku."
                },
                "12": {
                    "verse_nr": "12",
                    "verse": "Aku berkata kepada mereka, \"Kalau Tuan-tuan setuju, berikanlah upah saya; kalau tidak, tidak usah.\" Lalu mereka memberikan kepadaku tiga puluh uang perak untuk upahku. TUHAN berkata kepadaku, \"Masukkan uang itu ke dalam kas Rumah-Ku.\" Jadi kumasukkan ketiga puluh uang perak itu ke dalam kas Rumah TUHAN. Hanya sekianlah penghargaan mereka kepadaku!"
                },
                "13": {
                    "verse_nr": "13",
                    "verse": ""
                },
                "14": {
                    "verse_nr": "14",
                    "verse": "Setelah itu kupatahkan tongkatku yang kedua, yaitu yang kunamai \"Ikatan\", maka pecahlah persatuan Yehuda dan Israel."
                },
                "15": {
                    "verse_nr": "15",
                    "verse": "Lalu berkatalah TUHAN kepadaku, \"Berbuatlah sekali lagi seolah-olah engkau gembala, tetapi kali ini sebagai gembala yang tidak baik."
                },
                "16": {
                    "verse_nr": "16",
                    "verse": "Karena Aku akan menugaskan seorang gembala untuk menjaga kawanan domba-Ku, tetapi dia tidak menghiraukan domba yang hilang; dia tidak mencari domba yang tersesat, tidak pula mengobati domba yang luka, dan tidak memberi makan kepada domba yang masih hidup. Malahan ia sendiri makan daging domba yang paling gemuk dan mencabut kuku-kuku binatang itu."
                },
                "17": {
                    "verse_nr": "17",
                    "verse": "Terkutuklah gembala yang tidak berguna itu! Ia telah meninggalkan kawanan dombanya. Perang akan mengakhiri kekuasaannya. Lengannya akan menjadi lemah dan mata kanannya menjadi buta.\""
                }
            }
        },
        "12": {
            "chapter_nr": "12",
            "chapter": {
                "1": {
                    "verse_nr": "1",
                    "verse": "Inilah pesan TUHAN mengenai Israel. TUHAN yang membentangkan langit, menciptakan bumi serta memberi hidup kepada manusia, berkata,"
                },
                "2": {
                    "verse_nr": "2",
                    "verse": "\"Aku akan membuat Yerusalem seperti piala berisi anggur; negeri-negeri tetangganya akan meminumnya dan terhuyung-huyung seperti orang mabuk. Dan jika Yerusalem dikepung, kota-kota di negeri Yehuda yang masih tinggal, akan dikepung juga."
                },
                "3": {
                    "verse_nr": "3",
                    "verse": "Tetapi bilamana hari itu tiba, Aku akan membuat Yerusalem seperti batu yang berat; bangsa mana pun yang mencoba mengangkatnya akan mendapat celaka. Semua bangsa di dunia akan bergabung untuk menyerang Yerusalem."
                },
                "4": {
                    "verse_nr": "4",
                    "verse": "Pada hari itu semua kuda Kubuat bingung dan penunggang-penunggangnya Kujadikan gila, penduduk Yehuda akan Kujaga, tetapi segala kuda musuhnya Kubuat buta."
                },
                "5": {
                    "verse_nr": "5",
                    "verse": "Lalu keluarga-keluarga Yehuda akan berkata dalam hati, 'TUHAN Yang Mahakuasalah yang memberi kekuatan kepada umat-Nya yang tinggal di Yerusalem.'"
                },
                "6": {
                    "verse_nr": "6",
                    "verse": "Pada hari itu keluarga-keluarga Yehuda akan Kujadikan seperti api dalam timbunan kayu bakar atau obor bernyala di bawah berkas-berkas gandum; mereka akan membinasakan bangsa-bangsa di sekelilingnya. Tetapi penduduk Yerusalem akan tetap tinggal di dalam kota dengan aman."
                },
                "7": {
                    "verse_nr": "7",
                    "verse": "Aku, TUHAN, akan pertama-tama memberi kemenangan kepada tentara Yehuda, supaya kehormatan yang diterima oleh keturunan Daud serta penduduk Yerusalem tidak melebihi kehormatan yang diterima oleh penduduk Yehuda lainnya."
                },
                "8": {
                    "verse_nr": "8",
                    "verse": "Pada hari itu Aku akan melindungi penduduk Yerusalem; dan yang paling lemah pun di antara mereka akan menjadi sekuat Daud. Mereka akan dibimbing oleh keturunan Daud seperti oleh malaikat-Ku, malahan seperti oleh-Ku sendiri."
                },
                "9": {
                    "verse_nr": "9",
                    "verse": "Pada hari itu Aku akan membinasakan setiap bangsa yang mencoba menyerang Yerusalem."
                },
                "10": {
                    "verse_nr": "10",
                    "verse": "Kemudian keturunan Daud serta penduduk Yerusalem akan Kuberi hati yang suka mengasihani dan suka berdoa. Mereka akan memandang dia yang telah mereka tikam dan meratapinya seperti orang meratapi kematian anak tunggal. Mereka akan meratap dengan pilu, seperti orang yang telah kehilangan anak sulung."
                },
                "11": {
                    "verse_nr": "11",
                    "verse": "Pada hari itu akan ada ratapan yang hebat di Yerusalem, seperti ratapan bagi Hadad-Rimon di Lembah Megido."
                },
                "12": {
                    "verse_nr": "12",
                    "verse": "Lalu setiap keluarga di negeri itu akan meratap sendiri-sendiri; keluarga keturunan Daud, keluarga keturunan Natan, keluarga keturunan Lewi, keluarga keturunan Simei, dan semua keluarga lainnya. Setiap keluarga akan meratap sendiri-sendiri, dan orang-orang lelaki dari setiap keluarga akan meratap terpisah dari para wanita.\""
                },
                "13": {
                    "verse_nr": "13",
                    "verse": ""
                },
                "14": {
                    "verse_nr": "14",
                    "verse": ""
                }
            }
        },
        "13": {
            "chapter_nr": "13",
            "chapter": {
                "1": {
                    "verse_nr": "1",
                    "verse": "TUHAN Yang Mahakuasa berkata, \"Pada hari itu akan memancar sebuah mata air untuk menyucikan keturunan Daud dan penduduk Yerusalem dari dosa dan penyembahan berhala yang telah mereka lakukan."
                },
                "2": {
                    "verse_nr": "2",
                    "verse": "Pada hari itu akan Kuhapus nama berhala-berhala dari tanah ini, sehingga tak seorang pun masih mengingatnya. Semua orang yang mengaku dirinya nabi akan Kuusir beserta mereka yang kerasukan roh yang curang."
                },
                "3": {
                    "verse_nr": "3",
                    "verse": "Dan apabila masih ada orang yang mengatakan bahwa dia menyampaikan pesan, ayah ibunya sendiri akan mengatakan kepadanya bahwa ia harus dihukum mati, sebab yang diucapkannya ialah dusta. Jika ia tetap mengaku dirinya sebagai nabi juga, ia akan ditikam sampai mati oleh ayah dan ibunya sendiri."
                },
                "4": {
                    "verse_nr": "4",
                    "verse": "Pada hari itu, para nabi akan merasa malu untuk bertindak seperti nabi. Mereka tak akan memakai pakaian nabi untuk menipu dan membanggakan penglihatan-penglihatannya."
                },
                "5": {
                    "verse_nr": "5",
                    "verse": "Sebaliknya, mereka akan berkata, 'Aku bukan nabi. Aku hanya seorang petani yang bekerja di ladang seumur hidup.'"
                },
                "6": {
                    "verse_nr": "6",
                    "verse": "Dan jika orang bertanya kepadanya, 'Luka apa yang ada di dadamu itu?', ia akan menjawab, 'Aku kena luka itu di rumah temanku.'\""
                },
                "7": {
                    "verse_nr": "7",
                    "verse": "TUHAN Yang Mahakuasa berkata, \"Bangkitlah, hai pedang, dan seranglah gembala yang bekerja bagi-Ku! Bunuhlah dia, maka domba-domba akan tercerai-berai. Aku akan menyerang umat-Ku,"
                },
                "8": {
                    "verse_nr": "8",
                    "verse": "dan di seluruh negeri dua pertiga dari penduduknya akan tewas."
                },
                "9": {
                    "verse_nr": "9",
                    "verse": "Hanya sepertiganya akan selamat. Dan mereka itu akan Kusucikan seperti perak yang dimurnikan oleh api. Mereka akan Kuuji seperti orang menguji emas. Lalu mereka akan berdoa kepada-Ku, dan Aku akan menjawab mereka. Aku akan mengatakan kepada mereka bahwa mereka adalah umat-Ku, dan mereka pun akan mengaku bahwa Akulah TUHAN Allah mereka.\""
                }
            }
        },
        "14": {
            "chapter_nr": "14",
            "chapter": {
                "1": {
                    "verse_nr": "1",
                    "verse": "Hari penghakiman TUHAN sudah dekat. Maka Yerusalem akan dirampoki, dan hasilnya akan dibagi-bagi di depan matamu."
                },
                "2": {
                    "verse_nr": "2",
                    "verse": "TUHAN akan mengumpulkan semua bangsa untuk menyerang Yerusalem. Kota itu akan direbut, rumah-rumahnya dirampoki, dan para wanitanya diperkosa. Setengah dari penduduknya akan diangkut ke pembuangan, tetapi selebihnya akan tinggal di kota itu."
                },
                "3": {
                    "verse_nr": "3",
                    "verse": "Lalu TUHAN akan maju dan berperang melawan bangsa-bangsa itu, seperti yang dilakukan-Nya di zaman dahulu."
                },
                "4": {
                    "verse_nr": "4",
                    "verse": "Pada hari itu Ia akan berdiri di Bukit Zaitun, di sebelah timur Yerusalem. Maka Bukit Zaitun akan terbelah oleh lembah yang luas, mulai dari timur sampai ke barat. Setengah dari bukit itu akan bergerak ke utara, dan setengah lagi ke selatan."
                },
                "5": {
                    "verse_nr": "5",
                    "verse": "Kamu akan lari melalui lembah yang membagi bukit itu menjadi dua. Kamu akan lari seperti nenek moyangmu ketika terjadi gempa bumi di masa pemerintahan Uzia, raja Yehuda. Lalu datanglah TUHAN Allahku, diiringi semua malaikat."
                },
                "6": {
                    "verse_nr": "6",
                    "verse": "Jika hari itu tiba, tak akan ada lagi udara dingin atau es."
                },
                "7": {
                    "verse_nr": "7",
                    "verse": "Pada hari itu tak ada lagi kegelapan. Hari akan tetap terang, juga pada waktu malam. Tetapi hanya TUHAN yang tahu kapan hari itu tiba."
                },
                "8": {
                    "verse_nr": "8",
                    "verse": "Pada hari itu, air segar akan mengalir dari Yerusalem; setengah dari air itu akan menuju ke Laut Mati dan setengahnya lagi ke Laut Tengah. Air itu akan mengalir sepanjang tahun, baik di musim hujan maupun di musim kemarau."
                },
                "9": {
                    "verse_nr": "9",
                    "verse": "Maka TUHAN akan memerintah sebagai raja atas seluruh muka bumi; setiap orang akan menyembah Dia sebagai Allah dan mengenal Dia dengan nama yang sama."
                },
                "10": {
                    "verse_nr": "10",
                    "verse": "Seluruh negeri dari Geba di utara sampai Rimon di selatan, akan menjadi dataran. Tetapi Yerusalem akan menjulang tinggi, lebih tinggi daripada tanah di sekitarnya; kota itu akan meluas dari Pintu Gerbang Benyamin sampai ke Pintu Gerbang Sudut, yaitu tempat pintu gerbang Pertama dan dari Menara Hananel sampai ke tempat pemerasan anggur milik raja."
                },
                "11": {
                    "verse_nr": "11",
                    "verse": "Orang-orang akan tinggal dengan aman di kota itu, tanpa ancaman kebinasaan."
                },
                "12": {
                    "verse_nr": "12",
                    "verse": "TUHAN akan mendatangkan penyakit yang mengerikan ke atas semua bangsa yang telah berperang melawan Yerusalem. Mata dan lidah mereka, bahkan seluruh tubuh mereka akan membusuk sementara mereka masih hidup."
                },
                "13": {
                    "verse_nr": "13",
                    "verse": "Pada hari itu TUHAN akan membuat bangsa-bangsa itu sangat kebingungan dan ketakutan sehingga setiap orang akan menangkap temannya yang ada di sebelahnya dan menyerangnya."
                },
                "14": {
                    "verse_nr": "14",
                    "verse": "Orang-orang lelaki di Yehuda akan berperang untuk membela Yerusalem. Sebagai barang rampasan mereka akan mengambil semua harta bangsa-bangsa di sekitarnya berupa emas, perak dan pakaian bertumpuk-tumpuk."
                },
                "15": {
                    "verse_nr": "15",
                    "verse": "Suatu penyakit yang dahysat juga akan menimpa kuda, bagal, unta dan keledai, serta semua binatang di perkemahan musuh."
                },
                "16": {
                    "verse_nr": "16",
                    "verse": "Kemudian semua orang yang masih hidup di antara bangsa-bangsa yang menyerang Yerusalem, akan pergi ke kota itu untuk menyembah Raja, TUHAN Yang Mahakuasa, dan untuk merayakan Pesta Pondok Daun."
                },
                "17": {
                    "verse_nr": "17",
                    "verse": "Bilamana ada bangsa yang tidak mau pergi ke Yerusalem untuk menyembah Raja, TUHAN Yang Mahakuasa, maka di negerinya tidak akan turun hujan."
                },
                "18": {
                    "verse_nr": "18",
                    "verse": "Dan jika orang Mesir tidak mau merayakan Pesta Pondok Daun, maka mereka pun akan ditimpa penyakit yang didatangkan TUHAN ke atas setiap bangsa yang tak mau pergi beribadat."
                },
                "19": {
                    "verse_nr": "19",
                    "verse": "Itulah hukuman bagi Mesir dan bagi semua bangsa yang tidak mau merayakan Pesta Pondok Daun."
                },
                "20": {
                    "verse_nr": "20",
                    "verse": "Pada hari itu lonceng-lonceng pada pakaian kuda akan diukir dengan kata-kata \"Dikhususkan untuk TUHAN\". Panci-panci di Rumah TUHAN akan dihargai seperti mangkuk-mangkuk persembahan di depan mezbah."
                },
                "21": {
                    "verse_nr": "21",
                    "verse": "Semua panci di Yerusalem dan di seluruh Yehuda akan dikhususkan menjadi milik TUHAN Yang Mahakuasa. Penduduk yang mempersembahkan kurban akan memakainya untuk merebus daging persembahan. Apabila masa itu tiba, tak akan ada lagi pedagang di Rumah TUHAN Yang Mahakuasa."
                }
            }
        }
    }
}