{
    "version": "ABHIL82",
    "book_name": "Ezra",
    "book_nr": "15",
    "book": {
        "1": {
            "chapter_nr": "1",
            "chapter": {
                "1": {
                    "verse_nr": "1",
                    "verse": "Sa nahaunang tuig ni Ciro nga hari sang Persia, agud nga matuman ang polong sang GINOO paagi sa baba ni Jeremias, ginpukaw sang GINOO ang espiritu ni Ciro nga hari sang Persia sa bagay nga nagpabantala sia sa bug-os niya nga ginharian kag ginsulat man ini"
                },
                "2": {
                    "verse_nr": "2",
                    "verse": "\u201cAmo ini ang ginasiling ni Ciro nga hari sang Persia:\nAng GINOO, nga Dios sang langit, naghatag sa akon sang tanan nga ginharian sang duta, kag gintulinan niya ako sa pagpatindug sa iya sing balay sa Jerusalem, nga yara sa Juda."
                },
                "3": {
                    "verse_nr": "3",
                    "verse": "Ang bisan sin-o nga yara sa inyo sang bug-os niya nga katawohan, ang iya Dios manginkaupud niya, kag magtaklad sia sa Jerusalem, nga yara sa Juda, kag magpatindug sang balay sang GINOO, ang Dios sang Israel\u2014sia amo ang Dios nga yara sa Jerusalem"
                },
                "4": {
                    "verse_nr": "4",
                    "verse": "kag ang bisan sin-o nga mabilin, sa bisan ano nga duug nga iya ginapanlugayawan, buligan sia sang mga tawo sang iya duug sing pilak kag bulawan, kag mga pagkabutang kag mga kasapatan, luwas sang mga halad-nga-kinabubut-on nga sa balay sang Dios nga yara sa Jerusalem.\u201d"
                },
                "5": {
                    "verse_nr": "5",
                    "verse": "Niyan nagtindug ang mga pangolo sang mga kabaranggayan sang Juda kag Benjamin, kag ang mga sacerdote kag ang mga Levinhon, bisan ang tanan nga ang ila espiritu ginpukaw sang Dios sa pagtaklad sa pagpatindug sang balay sang GINOO nga yara sa Jerusalem"
                },
                "6": {
                    "verse_nr": "6",
                    "verse": "kag ang tanan nga yara sa palibut nila nagpalig-on sa ila mga kamut sang mga gamit nga pilak, sang bulawan, sang mga pagkabutang, sang mga kasapatan, kag sang mga butang nga bilidhon, luwas sang tanan nga ginhalad sing kinabubut-on."
                },
                "7": {
                    "verse_nr": "7",
                    "verse": "Ginpagowa man ni Ciro ang mga gamit sang balay sang GINOO nga gindala ni Nabucodonosor gikan sa Jerusalem kag ginbutang sa balay sang iya mga dios."
                },
                "8": {
                    "verse_nr": "8",
                    "verse": "Bisan yadto sila ginpadala ni Ciro nga hari sang Persia sa kamut ni Mitridates nga manugtipig sang bahandi, kag gin-isip sila kay Sesbasar nga principe sang Juda."
                },
                "9": {
                    "verse_nr": "9",
                    "verse": "Kag ini amo ang kadamuon nila: katloan ka tazon nga bulawan, isa ka libo ka tazon nga pilak, duha ka pulo kag siam ka sundang"
                },
                "10": {
                    "verse_nr": "10",
                    "verse": "katloan ka yahong nga bulawan, apat ka gatus kag napulo ka yahong nga pilak nga ikaduha nga sari, kag isa ka libo sang iban nga mga gamit"
                },
                "11": {
                    "verse_nr": "11",
                    "verse": "ang tanan nga gamit nga bulawan kag pilak lima ka libo kag apat ka gatus. Sila tanan gindala ni Sesbasar, sang ginpataklad ang mga sa kabihagan gikan sa Babilonia pa Jerusalem."
                }
            }
        },
        "2": {
            "chapter_nr": "2",
            "chapter": {
                "1": {
                    "verse_nr": "1",
                    "verse": "Karon amo ini ang katawohan sang puud nga nagtaklad gikan sa kabihagan sang mga binihag nga gindala sa Babilonia ni Nabucodonosor nga hari sang Babilonia; nagbalik sila sa Jerusalem kag Juda, ang tagsatagsa sa iya banwa."
                },
                "2": {
                    "verse_nr": "2",
                    "verse": "Nag-abut sila upud kay Zorobabel, kay Jesua, kay Nehemias, kay Seraya, kay Reelaya, kay Mardoqueo, kay Belsan, kay Mispar, kay Bigvai, kay Rehum, kag kay Baana.\nAng kadamuon sang mga tawo sang banwa sang Israel"
                },
                "3": {
                    "verse_nr": "3",
                    "verse": "ang mga lalaking anak ni Paros, duha ka libo kag isa ka gatus kag kapitoan kag duha."
                },
                "4": {
                    "verse_nr": "4",
                    "verse": "Ang mga lalaking anak ni Sefatias, tatlo ka gatus kag kapitoan kag duha."
                },
                "5": {
                    "verse_nr": "5",
                    "verse": "Ang mga lalaking anak ni Ara, pito ka gatus kag kapitoan kag lima."
                },
                "6": {
                    "verse_nr": "6",
                    "verse": "Ang mga lalaking anak ni Pahat-moab, gikan sa mga anak ni Jesua kag ni Joab, duha ka libo kag walo ka gatus kag napulo kag duha."
                },
                "7": {
                    "verse_nr": "7",
                    "verse": "Ang mga lalaking anak ni Elam, isa ka libo kag duha ka gatus kag kalim-an kag apat."
                },
                "8": {
                    "verse_nr": "8",
                    "verse": "Ang mga lalaking anak ni Zatu, siam ka gatus kag kap-atan kag lima."
                },
                "9": {
                    "verse_nr": "9",
                    "verse": "Ang mga lalaking anak ni Zacai, pito ka gatus kag kan-uman."
                },
                "10": {
                    "verse_nr": "10",
                    "verse": "Ang mga lalaking anak ni Bani, anum ka gatus kag kap-atan kag duha."
                },
                "11": {
                    "verse_nr": "11",
                    "verse": "Ang mga lalaking anak ni Bebai, anum ka gatus kag duha ka pulo kag tatlo."
                },
                "12": {
                    "verse_nr": "12",
                    "verse": "Ang mga lalaking anak ni Azgad, isa ka libo kag duha ka gatus kag duha ka pulo kag duha."
                },
                "13": {
                    "verse_nr": "13",
                    "verse": "Ang mga lalaking anak ni Adonicam, anum ka gatus kag kan-uman kag anum."
                },
                "14": {
                    "verse_nr": "14",
                    "verse": "Ang mga lalaking anak ni Bigvai, duha ka libo kag kalim-an kag anum."
                },
                "15": {
                    "verse_nr": "15",
                    "verse": "Ang mga lalaking anak ni Adin, apat ka gatus kag kalim-an kag apat."
                },
                "16": {
                    "verse_nr": "16",
                    "verse": "Ang mga lalaking anak ni Ater, ni Ezequias, kasiaman kag walo."
                },
                "17": {
                    "verse_nr": "17",
                    "verse": "Ang mga lalaking anak ni Bezai, tatlo ka gatus kag duha ka pulo kag tatlo."
                },
                "18": {
                    "verse_nr": "18",
                    "verse": "Ang mga lalaking anak ni Jora, isa ka gatus kag napulo kag duha."
                },
                "19": {
                    "verse_nr": "19",
                    "verse": "Ang mga lalaking anak ni Hasum, duha ka gatus kag duha ka pulo kag tatlo."
                },
                "20": {
                    "verse_nr": "20",
                    "verse": "Ang mga lalaking anak ni Gibar, kasiaman kag lima."
                },
                "21": {
                    "verse_nr": "21",
                    "verse": "Ang mga lalaking anak sang Bet-lehem, isa ka gatus kag duha ka pulo kag tatlo."
                },
                "22": {
                    "verse_nr": "22",
                    "verse": "Ang mga tawo sang Netopa, kalim-an kag anum."
                },
                "23": {
                    "verse_nr": "23",
                    "verse": "Ang mga tawo sang Anatot, isa ka gatus kag duha ka pulo kag walo."
                },
                "24": {
                    "verse_nr": "24",
                    "verse": "Ang mga lalaking anak sang Azmavet, kap-atan kag duha."
                },
                "25": {
                    "verse_nr": "25",
                    "verse": "Ang mga lalaking anak sang Kiryat-jearim, sang Cafira, kag sang Beerot, pito ka gatus kag kap-atan kag tatlo."
                },
                "26": {
                    "verse_nr": "26",
                    "verse": "Ang mga lalaking anak sang Rama kag sang Geba, anum ka gatus kag duha ka pulo kag-isa."
                },
                "27": {
                    "verse_nr": "27",
                    "verse": "Ang mga tawo sang Micmas, isa ka gatus kag duha ka pulo kag duha."
                },
                "28": {
                    "verse_nr": "28",
                    "verse": "Ang mga tawo sang Bet-el kag sang Ai, duha ka gatus kag duha ka pulo kag tatlo."
                },
                "29": {
                    "verse_nr": "29",
                    "verse": "Ang mga lalaking anak sang Nebo, kalim-an kag duha."
                },
                "30": {
                    "verse_nr": "30",
                    "verse": "Ang mga lalaking anak sang Magbis, isa ka gatus kag kalim-an kag anum."
                },
                "31": {
                    "verse_nr": "31",
                    "verse": "Ang mga lalaking anak sang isa pa ka Elam, isa ka libo kag duha ka gatus kag kalim-an kag apat."
                },
                "32": {
                    "verse_nr": "32",
                    "verse": "Ang mga lalaking anak sang Harim, tatlo ka gatus kag duha ka pulo."
                },
                "33": {
                    "verse_nr": "33",
                    "verse": "Ang mga lalaking anak sang Lod, sang Hadid, kag sang Ono, pito ka gatus kag duha ka pulo kag lima."
                },
                "34": {
                    "verse_nr": "34",
                    "verse": "Ang mga lalaking anak sang Jerico, tatlo ka gatus kag kap-atan kag lima."
                },
                "35": {
                    "verse_nr": "35",
                    "verse": "Ang mga lalaking anak sang Senaa, tatlo ka libo kag anum ka gatus kag katloan."
                },
                "36": {
                    "verse_nr": "36",
                    "verse": "Ang mga sacerdote: Ang mga lalaking anak ni Jedaya, gikan sa panimalay ni Jesua, siam ka gatus kag kapitoan kag tatlo."
                },
                "37": {
                    "verse_nr": "37",
                    "verse": "Ang mga lalaking anak sang Imer, isa ka libo kag kalim-an kag duha."
                },
                "38": {
                    "verse_nr": "38",
                    "verse": "Ang mga lalaking anak sang Pasur, isa ka libo kag duha ka gatus kag kap-atan kag pito."
                },
                "39": {
                    "verse_nr": "39",
                    "verse": "Ang mga lalaking anak sang Harim, isa ka libo kag napulo kag pito."
                },
                "40": {
                    "verse_nr": "40",
                    "verse": "Ang mga Levinhon: ang mga lalaking anak ni Jesua kag ni Cadmiel, gikan sa mga lalaking anak ni Obadias, kapitoan kag apat."
                },
                "41": {
                    "verse_nr": "41",
                    "verse": "Ang mga manug-amba: ang mga lalaking anak ni Asaf, isa ka gatus kag duha ka pulo kag walo."
                },
                "42": {
                    "verse_nr": "42",
                    "verse": "Ang mga lalaking anak sang mga manugbantay sang gawang: ang mga lalaking anak ni Sallum, ang mga lalaking anak ni Ater, ang mga lalaking anak ni Talmon, ang mga lalaking anak ni Acub, ang mga lalaking anak ni Hatita, ang mga lalaking anak ni Sobai, ang tanan isa ka gatus kag katloan kag siam."
                },
                "43": {
                    "verse_nr": "43",
                    "verse": "Ang mga Netinim: ang mga lalaking anak ni Ziha, ang mga lalaking anak ni Hasufa, ang mga lalaking anak ni Tabaot"
                },
                "44": {
                    "verse_nr": "44",
                    "verse": "ang mga lalaking anak ni Keros, ang mga lalaking anak ni Siaha, ang mga lalaking anak ni Padon"
                },
                "45": {
                    "verse_nr": "45",
                    "verse": "ang mga lalaking anak ni Lebana, ang mga lalaking anak ni Hagaba, ang mga lalaking anak ni Acub"
                },
                "46": {
                    "verse_nr": "46",
                    "verse": "ang mga lalaking anak ni Hagab, ang mga lalaking anak ni Samlai, ang mga lalaking anak ni Hanan"
                },
                "47": {
                    "verse_nr": "47",
                    "verse": "ang mga lalaking anak ni Gidel, ang mga lalaking anak ni Gahar, ang mga lalaking anak ni Reaya"
                },
                "48": {
                    "verse_nr": "48",
                    "verse": "ang mga lalaking anak ni Rezin, ang mga lalaking anak ni Necoda, ang mga lalaking anak ni Gazam"
                },
                "49": {
                    "verse_nr": "49",
                    "verse": "ang mga lalaking anak ni Uza, ang mga lalaking anak ni Pasea, ang mga lalaking anak ni Besai"
                },
                "50": {
                    "verse_nr": "50",
                    "verse": "ang mga lalaking anak ni Asna, ang mga lalaking anak ni Meunim, ang mga lalaking anak ni Nefsim"
                },
                "51": {
                    "verse_nr": "51",
                    "verse": "ang mga lalaking anak ni Bacbuc, ang mga lalaking anak ni Hakufa, ang mga lalaking anak ni Harhur"
                },
                "52": {
                    "verse_nr": "52",
                    "verse": "ang mga lalaking anak ni Bazlut, ang mga lalaking anak ni Mehida, ang mga lalaking anak ni Harsa"
                },
                "53": {
                    "verse_nr": "53",
                    "verse": "ang mga lalaking anak ni Barcos, ang mga lalaking anak ni Sisera, ang mga lalaking anak ni Tema"
                },
                "54": {
                    "verse_nr": "54",
                    "verse": "ang mga lalaking anak ni Nezia, kag ang mga lalaking anak ni Hatifa."
                },
                "55": {
                    "verse_nr": "55",
                    "verse": "Ang mga lalaking anak sang mga alagad ni Salomon: ang mga lalaking anak ni Sotai, ang mga lalaking anak ni Hasoferet, ang mga lalaking anak ni Peruda"
                },
                "56": {
                    "verse_nr": "56",
                    "verse": "ang mga lalaking anak ni Jaala, ang mga lalaking anak ni Darcon, ang mga lalaking anak ni Gidel"
                },
                "57": {
                    "verse_nr": "57",
                    "verse": "ang mga lalaking anak ni Sefatias, ang mga lalaking anak ni Hatil, ang mga lalaking anak ni Poqueret-hazebaim, kag ang mga lalaking anak ni Ami."
                },
                "58": {
                    "verse_nr": "58",
                    "verse": "Ang tanan nga Netinim kag ang mga lalaking anak sang mga alagad ni Salomon tatlo ka gatus kag kasiaman kag duha."
                },
                "59": {
                    "verse_nr": "59",
                    "verse": "Amo ini sila ang nagtaklad gikan sa Tel-mela, sa Tel-harsa, sa Querub, sa Adam, kag sa Imer, apang indi sila makapahayag sang ila mga kabaranggayan kag sang ila kaliwat, kon bala gikan sila sa Israel"
                },
                "60": {
                    "verse_nr": "60",
                    "verse": "ang mga lalaking anak ni Delaya, ang mga lalaking anak ni Tobias, ang mga lalaking anak ni Necoda, anum ka gatus kag kalim-an kag duha."
                },
                "61": {
                    "verse_nr": "61",
                    "verse": "Ang mga lalaking anak sang mga sacerdote: ang mga lalaking anak ni Habaya, ang mga lalaking anak ni Hacoz, ang mga lalaking anak ni Barzillai (nga nagpangasawa gikan sa babayi nga mga anak ni Barzillai nga Galaadnon, kag ginhingadlan sono sa ngalan nila)."
                },
                "62": {
                    "verse_nr": "62",
                    "verse": "Ini sila nagpangita sang ila listahan sa mga naisipan sono sa lista sang kaliwatan, apang wala sila makita, busa ginkabig sila nga nadagtaan kag ginpagowa sa pagkasacerdote"
                },
                "63": {
                    "verse_nr": "63",
                    "verse": "ang pangolo-puud nagsiling sa ila nga indi sila magkaon sang labi gid ka balaan nga mga butang, tubtub nga may magtindug nga sacerdote nga may Urim kag Tummim."
                },
                "64": {
                    "verse_nr": "64",
                    "verse": "Ang bug-os nga katilingban sa tingub kap-atan kag duha ka libo kag tatlo ka gatus kag kan-uman"
                },
                "65": {
                    "verse_nr": "65",
                    "verse": "luwas sang ila mga ulipon nga lalaki kag sang ila mga ulipon nga babayi, nga sa ila may pito ka libo kag tatlo ka gatus kag katloan kag pito; kag sila may duha ka gatus ka manug-amba nga mga lalaki kag mga babayi."
                },
                "66": {
                    "verse_nr": "66",
                    "verse": "Ang ila mga kabayo pito ka gatus kag katloan kag anum; ang ila mga mula, duha ka gatus kag kap-atan kag lima"
                },
                "67": {
                    "verse_nr": "67",
                    "verse": "ang ila mga camelyo apat ka gatus kag katloan kag lima, kag ang ila mga asno anum ka libo kag pito ka gatus kag duha ka pulo."
                },
                "68": {
                    "verse_nr": "68",
                    "verse": "Ang iban sang mga pangolo sang mga kabaranggayan, sang nag-abut sila sa balay sang GINOO nga yara sa Jerusalem, naghalad sing kinabubut-on nga sa balay sang Dios, sa pagpatindug sini sa iya duug"
                },
                "69": {
                    "verse_nr": "69",
                    "verse": "naghatag sila sono sa ila ikasarang sa bahandian sang buluhaton sing kan-uman kag isa ka libo ka darico nga bulawan, lima ka libo ka mina nga pilak, kag isa ka gatus ka panapton sang mga sacerdote."
                },
                "70": {
                    "verse_nr": "70",
                    "verse": "Ang mga sacerdote, ang mga Levinhon, ang iban sang mga tawo, ang mga manug-amba, ang mga manugbantay sang gawang, kag ang mga Netinim nagpuyo sa ila mga banwa, kag ang bug-os nga Israel sa ila mga banwa."
                }
            }
        },
        "3": {
            "chapter_nr": "3",
            "chapter": {
                "1": {
                    "verse_nr": "1",
                    "verse": "Sang pag-abut sang ikapito nga bulan, kag ang mga lalaking anak sang Israel yara na sa mga banwa, ang katawohan nagtipon sila sing tingub sa Jerusalem subong sang isa ka tawo."
                },
                "2": {
                    "verse_nr": "2",
                    "verse": "Niyan nagtindug si Jesua nga lalaking anak ni Josadac, kag ang iya mga utud nga mga sacerdote, kag si Zorobabel nga lalaking anak ni Sealtiel kag ang iya mga himata, kag nagpatindug sila sang halaran sang Dios sang Israel, sa pagdolot sa ibabaw sini sing mga halad-nga-sinonog, sono sa nasulat sa kasogoan ni Moises nga tawo sang Dios."
                },
                "3": {
                    "verse_nr": "3",
                    "verse": "Ginpahamtang nila ang halaran sa iya tulungtungan, kay ang kahadluk yara sa ila bangud sang katawohan sang mga duta, kag nagdolot sila sa GINOO sa ibabaw sini sing mga halad-nga-sinonog, mga halad-nga-sinonog sa aga kag sa hapon."
                },
                "4": {
                    "verse_nr": "4",
                    "verse": "Kag naghiwat sila sang piesta sang mga kayangkayang, sono sa nasulat, kag nagdolot sang inadlaw nga mga halad-nga-sinonog sa kadamuon sono sa pagsolondan, sono sa katungdanan nga ginkinahanglan sa tagsa ka adlaw"
                },
                "5": {
                    "verse_nr": "5",
                    "verse": "kag ugaling ang dalayon nga halad-nga-sinonog, ang mga dolot sang mga lati kag sang tanan nga pinat-ud nga piesta sang GINOO nga ginpakabalaan, kag sang tagsatagsa nga sa kinabubut-on naghalad sing halad-nga-kinabubut-on sa GINOO."
                },
                "6": {
                    "verse_nr": "6",
                    "verse": "Kutub sa nahaunang adlaw sang ikapitong bulan nagsugud sila sa pagdolot sing mga halad-nga-sinonog sa GINOO. Apang ang sadsaran sang templo sang GINOO wala pa mapasad."
                },
                "7": {
                    "verse_nr": "7",
                    "verse": "Naghatag man sila sing cuarta sa mga cantero kag sa mga panday, kag kalan-on, ilimnon, kag lana sa mga Sidoniahanon, kag sa mga Tirohanon, sa pagdala sing mga kahoy nga cedro gikan sa Libano pakadto sa dagat, pa Jope, sono sa pahanugut sa ila ni Ciro nga hari sang Persia."
                },
                "8": {
                    "verse_nr": "8",
                    "verse": "Karon sa ikaduhang tuig sang ila pag-abut sa balay sang Dios sa Jerusalem, sa ikaduhang bulan, nagsugud si Zorobabel nga lalaking anak ni Sealtiel, kag si Jesua nga lalaking anak ni Josadac, kag ang iban sang ila mga utud nga mga sacerdote kag mga Levinhon kag ang tanan nga nagbalik sa Jerusalem gikan sa kabihagan. Nagtangdo sila sang mga Levinhon, kutub sa duha ka pulo ka tuig kag paibabaw, sa pagtatap sang buluhaton sang balay sang GINOO."
                },
                "9": {
                    "verse_nr": "9",
                    "verse": "Niyan nagtindug sing tingub si Jesua pati ang iya mga lalaking anak kag ang iya mga himata, si Cadmiel kag ang iya mga lalaking anak, ang mga anak sang Juda, sa pagtatap sang mga manugpangabudlay sa balay sang Dios, kag ang mga lalaking anak ni Henadad, pati ang ila mga lalaking anak kag ang ila mga himata nga mga Levinhon."
                },
                "10": {
                    "verse_nr": "10",
                    "verse": "Kag sang napasad sang mga manugpatindug ang sadsaran sang templo sang GINOO, ginpatindug nila angmga sacerdote nga napanaptan nga may mga budyong, kag ang mga Levinhon nga mga lalaking anak ni Asaf nga may mga apiping, sa pagdayaw sa GINOO, sono sa sogo ni David nga hari sang Israel"
                },
                "11": {
                    "verse_nr": "11",
                    "verse": "kag nag-ambahanay sila, sa pagdayaw kag pagpasalamat sa GINOO,\n\u201cKay maayo sia,\nkay ang iya malig-on nga paghigugma nagapadayon sa gihapon sa Israel.\u201d\nKag ang bug-os nga katawohan nagsinggit sing mabaskug, sang nagdayaw sila sa GINOO, bangud nga ginpasad ang sadsaran sang balay sang GINOO."
                },
                "12": {
                    "verse_nr": "12",
                    "verse": "Apang madamu sang mga sacerdote kag sang mga Levinhon kag sang mga pangolo sang mga kabaranggayan, ang katigulangan nga nakakita sang nahaunang balay, naghibi sing mabaskug sang ginpasad ang sadsaran sining balay sa atubangan sang ila mga mata, bisan madamu ang nagsinggit sing mabaskug sa kalipay"
                },
                "13": {
                    "verse_nr": "13",
                    "verse": "sa bagay nga ang katawohan indi makakilala sang kagahud sang hinugyaw sa kalipay gikan sa kagahud sang hinibi sang katawohan, kay ang katawohan nagsinggit sing mabaskug, kag ang kagahud nabatian sa malayo."
                }
            }
        },
        "4": {
            "chapter_nr": "4",
            "chapter": {
                "1": {
                    "verse_nr": "1",
                    "verse": "Karon sang nakabati ang mga kasumpung sang Juda kag Benjamin nga ang mga anak sang kabihagan nagapatindug sing templo sa GINOO, ang Dios sang Israel"
                },
                "2": {
                    "verse_nr": "2",
                    "verse": "niyan nagpalapit sila kay Zorobabel kag sa mga pangolo sang mga kabaranggayan kag nagsiling sa ila, \u201cTuguti kami nga magpatindug upud sa inyo; kay nagapangita kami sa inyo Dios subong sang ginahimo ninyo, kag nagahalad kami sa iya kutub sang mga adlaw ni Esar-hadon nga hari sang Asiria nga nagpataklad sa amon diri."
                },
                "3": {
                    "verse_nr": "3",
                    "verse": "Apang si Zorobabel, si Jesua, kag ang iban nga mga pangolo sang mga kabaranggayan sang Israel nagsiling sa ila, \u201cWala kamo sing labut sa amon sa pagpatindug sing balay sa amon Dios; kondi kami amon sing tingub magapatindug sa GINOO, ang Dios sang Israel, sono sa ginsogo sa amon ni Hari Ciro nga hari sang Persia.\u201d"
                },
                "4": {
                    "verse_nr": "4",
                    "verse": "Niyan ang katawohan sang duta nagpaluya sang mga kamut sang katawohan sang Juda, kag nagtublag sa ila sa pagpatindug"
                },
                "5": {
                    "verse_nr": "5",
                    "verse": "kag nagsohol sing mga manuglaygay batok sa ila sa paglaglag sang ila tinutuyo, sa tanan nga adlaw ni Ciro nga hari sang Persia, bisan tubtub sa paghari ni Dario nga hari sang Persia."
                },
                "6": {
                    "verse_nr": "6",
                    "verse": "Kag sa paghari ni Asuero, sa pamuno sang iya paghari, nagsulat sila sing sumbung batok sa mga pumuluyo sa Juda kag sa Jerusalem."
                },
                "7": {
                    "verse_nr": "7",
                    "verse": "Kag sa mga adlaw ni Artajerjes si Bislam kag si Mitridates kag si Tabeel kag ang iban sang iya kaupdanan nagsulat kay Artajerjes nga hari sang Persia; ang sulat nasulat sa Sirianhon nga paagi kag napahamtang sa Sirianhon nga hambal."
                },
                "8": {
                    "verse_nr": "8",
                    "verse": "Si Rehum nga pangolo nga harianon kag si Simsai nga escriba nagsulat sing sulat batok sa Jerusalem kay Artajerjes nga hari sa sining bagay"
                },
                "9": {
                    "verse_nr": "9",
                    "verse": "niyan nagsulat si Rehum nga pangolo nga harianon, si Simsai nga escriba, kag ang iban sang ila kaupdanan, ang mga Dinahanon, kag ang mga Afarsacnon, ang mga Tarpelinhon, ang mga Afarsinhon, ang mga Arquebinhon, ang mga Babiloniahanon, ang mga Susanhon, ang mga Dehanhon, ang mga Elamnon"
                },
                "10": {
                    "verse_nr": "10",
                    "verse": "kag ang iban sang mga pungsud nga ginbihag sang daku kag dungganon nga Osnapar kag ginpahamtang sa banwa sang Samaria kag sa iban sang duta sa Tabok sang Suba, kag iban pa."
                },
                "11": {
                    "verse_nr": "11",
                    "verse": "Amo ini ang huwad sang sulat nga ila ginpadala\u2014\u201cKay Artajerjes nga hari: Ang imo mga alagad, mga tawo sa Tabok sang Suba, nagapadala sing pag-abiabi."
                },
                "12": {
                    "verse_nr": "12",
                    "verse": "Kag karon mahibaloan sang hari nga ang mga Judio nga nagtaklad gikan sa imo nag-abut sa amon sa Jerusalem. Nagpatindug sila sang banwa nga malalison kag malain; ginahingapus nila ang mga kuta kag ginakaayo ang mga sadsaran."
                },
                "13": {
                    "verse_nr": "13",
                    "verse": "Mahibaloan karon sang hari nga, kon ining banwa mapatindug kag ang mga kuta matapus, indi sila magbayad sing buhis, alcabala, ukon balayran, kag sa katapusan makadaut ini sa mga hari."
                },
                "14": {
                    "verse_nr": "14",
                    "verse": "Karon bangud nga nagakaon kami sang asin sang palacio kag indi nagakaigo sa amon nga magtan-aw sang kahuluy-an sang hari, busa nagapadala kami kag nagapamatuud sa hari"
                },
                "15": {
                    "verse_nr": "15",
                    "verse": "nga usisaon sa tolon-an sang mga sinulat sang imo mga ginikanan. Makita mo sa tolon-an sang mga sinulat kag mahibaloan nga ining banwa mabinatoon nga banwa, nga makadaut sa mga hari kag sa mga puud, kag nga naghikut sila sing pagluib sa sulud sang amo sa dumaan nga tion. Sa among kabangdanan ining banwa ginlaglag."
                },
                "16": {
                    "verse_nr": "16",
                    "verse": "Nagapamatuud kami sa hari nga, kon ining banwa mapatindug kag ang mga kuta matapus, tungud sini nga paagi manginwalay bahin ka sa Tabok sang Suba.\u201d"
                },
                "17": {
                    "verse_nr": "17",
                    "verse": "Ang hari nagpadala sing sabat: \u201cKay Rehum nga pangolong harianon kag kay Simsai nga escriba kag sa iban sang ila mga kaupdanan nga nagapuyo sa Samaria kag sa iban sang duta sa Tabok sang Suba, paghidait, Kag karon"
                },
                "18": {
                    "verse_nr": "18",
                    "verse": "ang sulat nga ginpadala ninyo sa amon ginbasa sing maathag sa atubangan ko."
                },
                "19": {
                    "verse_nr": "19",
                    "verse": "Kag nagmando ako, kag nagpangusisa, kag nasapwan nga ining banwa sa dumaan nga tion nagbato sa mga hari, kag nga ang pagribuk kag pagluib nahimo sa sulud niya."
                },
                "20": {
                    "verse_nr": "20",
                    "verse": "Kag may gamhanan nga mga hari sa Jerusalem, nga naghari sa bug-os nga duta sa Tabok sang Suba, nga ginbayaran sila sing buhis, alcabala, kag balayran."
                },
                "21": {
                    "verse_nr": "21",
                    "verse": "Karon himo kamo sing mando sa pagpauntat sining mga tawo, kag nga ining banwa dili pagpatindugon, tubtub nga magmando ako."
                },
                "22": {
                    "verse_nr": "22",
                    "verse": "Kag mag-andam kamo nga dili magpatumbaya sini; ngaa bala nga magdugang ang kasamaran sa kadautan sang mga hari?\u201d"
                },
                "23": {
                    "verse_nr": "23",
                    "verse": "Niyan, sang ginbasa ang huwad sang sulat ni Hari Artajerjes sa atubangan ni Rehum kag ni Simsai nga escriba kag sa ila mga kaupdanan, nagkadto sila sing dalidali sa Jerusalem sa mga Judio kag ginpauntat sila paagi sa kusug kag gahum."
                },
                "24": {
                    "verse_nr": "24",
                    "verse": "Niyan nag-untat ang buluhaton sa balay sang Dios nga yara sa Jerusalem; kag nag-untat ini tubtub sa ikaduhang tuig sang paghari ni Dario nga hari sang Persia."
                }
            }
        },
        "5": {
            "chapter_nr": "5",
            "chapter": {
                "1": {
                    "verse_nr": "1",
                    "verse": "Karon ang mga manalagna, si Hageo nga manalagna kag si Zacarias nga lalaking anak ni Iddo, nagtagna sa mga Judio nga didto sa Juda kag sa Jerusalem, sa ngalan sang Dios sang Israel nga yara sa ibabaw nila."
                },
                "2": {
                    "verse_nr": "2",
                    "verse": "Niyan nagtindug si Zorobabel nga lalaking anak ni Sealtiel kag si Jesua nga lalaking anak ni Josadac kag nagsugud sa pagpatindug sang balay sang Dios nga yara sa Jerusalem; kag upud sa ila ang mga manalagna sang Dios, nga nagabulig sa ila."
                },
                "3": {
                    "verse_nr": "3",
                    "verse": "Sa among tion nag-abut sa ila si Tatnai nga pangolo-puud sa Tabok sang Suba kag si Setar-boznai kag ang ila mga kaupdanan kag nagsiling sa ila sing subong sini, \u201cSin-o bala ang naghatag sa inyo sing mando sa pagpatindug sining balay kag sa pagtapus sining kuta?\u201d"
                },
                "4": {
                    "verse_nr": "4",
                    "verse": "Nagpamangkut man sila sa ila sini, \u201cSin-o ang mga ngalan sang mga tawo nga nagabuhat sining balay?\u201d"
                },
                "5": {
                    "verse_nr": "5",
                    "verse": "Apang ang mata sang ila Dios yara sa mga tigulang sang mga Judio, kag wala nila pagpauntata sila tubtub nga ang butang mag-abut kay Dario kag niyan ang sabat magbalik paagi sa sulat nahanungud sini."
                },
                "6": {
                    "verse_nr": "6",
                    "verse": "Ang huwad sang sulat nga ginpadala ni Tatnai nga pangolo-puud sa Tabok sang Suba kag ni Setar-boznai kag sang iya mga kaupdanan nga mga Afarsacnon, nga didto sa Tabok sang Suba kay Dario nga hari"
                },
                "7": {
                    "verse_nr": "7",
                    "verse": "nagpadala sila sing sulat sa iya, diin nasulat sing subong sini: \u201cKay Dario nga hari, ang bug-os nga paghidait."
                },
                "8": {
                    "verse_nr": "8",
                    "verse": "Mahibaloan ini sang hari nga nagkadto kami sa puud sang Juda, sa balay sang dakung Dios. Ginpatindug ini nga may dalagkung mga bato, kag mga tablon nga napahamtang sa mga kuta; ining buluhaton nagapadayon sing makugihon kag nagauswag sa ila mga kamut."
                },
                "9": {
                    "verse_nr": "9",
                    "verse": "Niyan nagpamangkot kami sa sadtong mga tigulang kag nagsiling sa ila sing subong sini, \u2018Sin-o bala ang naghatag sa inyo sing mando sa pagpatindug sining balay kag sa pagtapus sining kuta?\u2019"
                },
                "10": {
                    "verse_nr": "10",
                    "verse": "Ginpamangkot man namon ang ila mga ngalan, sa pagpamatuud sa imo, agud nga masulat namon ang mga ngalan sang mga tawong nagpangolo sa ila."
                },
                "11": {
                    "verse_nr": "11",
                    "verse": "Kag amo ini ang balus nila nga sabat sa amon: \u2018Mga alagad kami sang Dios sang langit kag duta, kag nagapatindug sang balay nga ginpatindug sining madamu na nga tuig, nga ginpatindug kag gintapus sang dakung hari sang Israel."
                },
                "12": {
                    "verse_nr": "12",
                    "verse": "Apang sa tapus nga napasingkal sang amon nga ginikanan ang Dios sang langit, gintugyan niya sila sa kamut ni Nabucodonosor nga hari sang Babilonia, ang Caldeanhon, nga naglaglag sining balay kag nagdala sang katawohan sa Babilonia."
                },
                "13": {
                    "verse_nr": "13",
                    "verse": "Apang sa nahaunang tuig ni Ciro nga hari sang Babilonia, si Ciro nga hari naghimo sing mando sa pagpatindug sining balay sang Dios."
                },
                "14": {
                    "verse_nr": "14",
                    "verse": "Kag ang mga gamit man nga bulawan kag pilak sang balay sang Dios, nga ginkuha ni Nabucodonosor gikan sa templo nga yara sa Jerusalem kag ginpadala sa templo sang Babilonia, yadto sila ginkuha ni Ciro nga hari gikan sa templo sang Babilonia, kag gintugyan sila sa isa nga ang iya ngalan si Sesbasar, nga ginhimo niya nga pangolo-puud"
                },
                "15": {
                    "verse_nr": "15",
                    "verse": "kag nagsiling sia sa iya, \u201cDalha ining mga gamit, lakat kag ibutang sila sa templo nga yara sa Jerusalem, kag ipatindug ang balay sang Dios sa iya duug.\u201d"
                },
                "16": {
                    "verse_nr": "16",
                    "verse": "Niyan nag-abut ang among Sesbasar kag nagpasad sang mga sadsaran sang balay sang Dios nga yara sa Jerusalem; kag kutub sadtong tion tubtub karon ginapatindug ini, kag wala pa gihapon mahuman.\u2019"
                },
                "17": {
                    "verse_nr": "17",
                    "verse": "Busa karon, kon maayo ini sa hari, ipausisa sa bahandian nga balay sang hari nga yara sa Babilonia, kon bala matuud ini nga si Ciro naghimo sing mando sa pagpatindug sining balay sang Dios sa Jerusalem. Kag ang hari magpadala sa amon sang iya nahamut-an nahanungud sining butang.\u201d"
                }
            }
        },
        "6": {
            "chapter_nr": "6",
            "chapter": {
                "1": {
                    "verse_nr": "1",
                    "verse": "Niyan si Dario nga hari nagmando, kag nagpausisa sa balay sang mga tolon-an, diin nahamtang ang mga bahandi sa Babilonia."
                },
                "2": {
                    "verse_nr": "2",
                    "verse": "Kag nakita sa Ecbatana, sa palacio sa puud sang Media, ang linukot nga sa sini nasulat ini: \u201cAng sinulat."
                },
                "3": {
                    "verse_nr": "3",
                    "verse": "Sa nahaunang tuig ni Ciro nga hari, si Ciro nga hari naghimo sing mando: Nahanungud sang balay sang Dios sa Jerusalem, ipatindug ang balay, sa duug diin sila nagadolot sing mga halad: kag ipapasad sing malig-on ang iya mga sadsaran; ang iya kataason kan-uman ka maniko kag kan-uman ka maniko ang iya kasangkaron"
                },
                "4": {
                    "verse_nr": "4",
                    "verse": "nga may tatlo ka anib nga dalagku nga mga bato kag isa ka anib nga bag-ong tablon; ang mga kagastohan kuhaon sa balay sang hari."
                },
                "5": {
                    "verse_nr": "5",
                    "verse": "Kag ang mga gamit man nga bulawan kag pilak sang balay sang Dios, nga ginkuha ni Nabucodonosor gikan sa templo nga yara sa Jerusalem kag gindala sa Babilonia, iuli kag isulud liwat sa templo nga yara sa Jerusalem, ang tagsatagsa sa iya duug; ibutang mo sila sa balay sang Dios.\u201d"
                },
                "6": {
                    "verse_nr": "6",
                    "verse": "\u201cBusa karon, Tatnai, pangolo-puud sa Tabok sang Suba, Setar-boznai, kag ang inyo mga kaupdanan nga mga Afarsacnon, nga yara sa Tabok sang Suba, palayo kamo gikan dira"
                },
                "7": {
                    "verse_nr": "7",
                    "verse": "pabayai ninyo ang buluhaton sining balay sang Dios; ang pangolo-puud sang mga Judio kag ang mga tigulang sang mga Judio magpatindug sining balay sang Dios sa iya duug."
                },
                "8": {
                    "verse_nr": "8",
                    "verse": "Labut pa nagahimo ako sing mando kon ano ang himoon ninyo sining mga tigulang sang mga Judio tungud sa pagpatindug sining balay sang Dios; gikan sa mga pagkabutang sang hari, gikan sa buhis sa Tabok sang Suba, sa bug-os nga kakugi ihatag ang mga galastohon sa sining mga tawo, agud nga indi sila masablagan."
                },
                "9": {
                    "verse_nr": "9",
                    "verse": "Kag ang ila kinahanglan\u2014ang mga tinday sang baka, mga carnero, ukon mga cordero nga sa mga halad-nga-sinonog sa Dios sang langit, trigo, asin, alak, ukon lana, sono sa polong sang mga sacerdote nga yara sa Jerusalem\u2014ihatag sa ila adlawadlaw sa walay langan"
                },
                "10": {
                    "verse_nr": "10",
                    "verse": "agud nga magdolot sila sing mga halad nga maamyon sa Dios sang langit, kag magpangamuyo tungud sa kabuhi sang hari kag sang iya mga lalaking anak."
                },
                "11": {
                    "verse_nr": "11",
                    "verse": "Naghimo ako sing mando man nga ang bisan sin-o nga magbalhin sining polong, pakuhaan sing balayan ang iya balay, kag bayawon sia kag ilansang sa sini, kag tungud sini ang iya balay himoon nga talampukan sang ipot."
                },
                "12": {
                    "verse_nr": "12",
                    "verse": "Ang Dios nga nagapapuyo sang iya ngalan didto maglaglag sang tanan nga hari kag katawohan nga mag-untay sang ila kamut sa pagliwat sang amo, sa paglaglag sining balay sang Dios nga yara sa Jerusalem. Ako si Dario naghimo sing mando; paghimoon ini sa bug-os nga kakugi.\u201d"
                },
                "13": {
                    "verse_nr": "13",
                    "verse": "Niyan si Tatnai, ang pangolo-puud sa Tabok sang Suba, si Setar-boznai, kag ang ila mga kaupdanan bangud sang ginpadala ni Dario nga hari, naghimo sono sa bug-os nga kakugi."
                },
                "14": {
                    "verse_nr": "14",
                    "verse": "Kag ang mga tigulang sang mga Judio nagpatindug kag nag-uswag, paagi sa mga pagtagna ni Hageo nga manalagna kag ni Zacarias nga anak ni Iddo. Ginpatindug nila kag gintapus ini sono sa sogo sang Dios sang Israel kag sono sa sogo ni Ciro kag ni Dario kag ni Artajerjes nga hari sang Persia"
                },
                "15": {
                    "verse_nr": "15",
                    "verse": "kag ining balay natapus sa ikatlong adlaw sang bulan nga Adar, nga amo ang ikan-um nga tuig sang paghari ni Dario nga hari."
                },
                "16": {
                    "verse_nr": "16",
                    "verse": "Kag ang katawohan sang Israel, ang mga sacerdote kag ang mga Levinhon, kag ang iban sang mga anak sang kabihagan, naghiwat sang paghalad sa sining balay sang Dios nga may kasadya."
                },
                "17": {
                    "verse_nr": "17",
                    "verse": "Nagdolot sila sa paghalad sining balay sang Dios sing isa ka gatus ka tinday nga baka, duha ka gatus ka carnero, apat ka gatus ka cordero, kag napulog duha ka lalaki nga kanding nga halad-tungud-sa-sala nga sa bug-os nga Israel, sono sa kadamuon sang mga kabikahan sang Israel."
                },
                "18": {
                    "verse_nr": "18",
                    "verse": "Kag ginpahamtang nila ang mga sacerdote sa ila mga binahin kag ang mga Levinhon sa ila mga kinabon, tungud sa pag-alagdan sang Dios nga yara sa Jerusalem, sono sa nasulat sa tolon-an ni Moises."
                },
                "19": {
                    "verse_nr": "19",
                    "verse": "Ang mga anak sang kabihagan naghiwat sang pascua sa ikapulog apat nga adlaw sang nahaunang bulan."
                },
                "20": {
                    "verse_nr": "20",
                    "verse": "Kay ang mga sacerdote kag ang mga Levinhon nagpaninlo sing tingub sang ila kaugalingon; tanan sila matinlo. Gani gin-ihaw nila ang pascua tungud sa tanan nga anak sang kabihagan, tungud sa ila mga masigkasacerdote, kag tungud sa ila kaugalingon"
                },
                "21": {
                    "verse_nr": "21",
                    "verse": "nagkaon sini ang katawohan sang Israel nga nagbalik gikan sa kabihagan, kag ang tanan nga nagpahain sang ila kaugalingon sa ila gikan sa kahigkoan sang mga pungsud sang duta sa pagpangita sa GINOO, ang Dios sang Israel."
                },
                "22": {
                    "verse_nr": "22",
                    "verse": "Kag naghiwat sila sang piesta sang tinapay nga walay tapay sing pito ka adlaw nga may kalipay; kay ang GINOO naghimo sa ila nga malipayon, kag nagpaliso sang tagiposoon sang hari sang Asiria sa ila, sa pagpalig-on sang ila mga kamut sa buluhaton sa balay sang Dios, ang Dios sang Israel."
                }
            }
        },
        "7": {
            "chapter_nr": "7",
            "chapter": {
                "1": {
                    "verse_nr": "1",
                    "verse": "Karon sa tapus sining mga butang, sang paghari ni Artajerjes nga hari sang Persia, si Esdras nga lalaking anak ni Seraya, ang lalaking anak ni Azarias, ang lalaking anak ni Helcias"
                },
                "2": {
                    "verse_nr": "2",
                    "verse": "ang lalaking anak ni Sallum, ang lalaking anak ni Sadoc, ang lalaking anak ni Ahitob"
                },
                "3": {
                    "verse_nr": "3",
                    "verse": "ang lalaking anak ni Amarias, ang lalaking anak ni Azarias, ang lalaking anak ni Marayot"
                },
                "4": {
                    "verse_nr": "4",
                    "verse": "ang lalaking anak ni Zeraya, ang lalaking anak ni Uzi, ang lalaking anak ni Buki"
                },
                "5": {
                    "verse_nr": "5",
                    "verse": "ang lalaking anak ni Abisue, ang lalaking anak ni Finees, ang lalaking anak ni Eleazar, ang lalaking anak ni Aaron nga puno nga sacerdote"
                },
                "6": {
                    "verse_nr": "6",
                    "verse": "ini si Esdras nagtaklad gikan sa Babilonia. Sia manunulat nga handa sa kasogoan ni Moises nga ginhatag sang GINOO nga Dios sang Israel; kag gintugutan sia sang hari sang tanan niyang pangabay, sono sa kamut sang GINOO nga iya Dios sa ibabaw niya."
                },
                "7": {
                    "verse_nr": "7",
                    "verse": "Kag may nagtaklad pa Jerusalem sang katawohan sang Israel, kag sang mga sacerdote kag mga Levinhon, mga manug-amba kag mga manugbantay sang gawang, kag mga Netinim sa ikapitong tuig sang hari nga si Artajerjes."
                },
                "8": {
                    "verse_nr": "8",
                    "verse": "Kag nag-abut sia sa Jerusalem sa ikalimang bulan, sa ikapitong tuig sang hari"
                },
                "9": {
                    "verse_nr": "9",
                    "verse": "kay sa nahaunang adlaw sang nahaunang bulan nagsugud sia sa pagtaklad gikan sa Babilonia, kag sa nahaunang adlaw sang ikalimang bulan nag-abut sia sa Jerusalem, sono sa maayong kamut sang iya Dios sa ibabaw niya."
                },
                "10": {
                    "verse_nr": "10",
                    "verse": "Kay gintugyan ni Esdras ang iya tagiposoon sa pag-usisa sang kasogoan sang GINOO, kag sa pagbutang sini sa buhat, kag sa pagtudlo sa Israel sang mga palatukuran kag mga pagsolondan."
                },
                "11": {
                    "verse_nr": "11",
                    "verse": "Ini amo ang huwad sang sulat nga ginhatag ni Hari Artajerjes kay Esdras nga sacerdote, ang escriba, ang escriba sang mga polong sang mga sogo sang GINOO, kag sang iya mga palatukuran sa Israel"
                },
                "12": {
                    "verse_nr": "12",
                    "verse": "\u201cSi Artajerjes, hari sang mga hari, kay Esdras nga sacerdote, ang escriba sang kasogoan sang Dios sang langit. Kag karon"
                },
                "13": {
                    "verse_nr": "13",
                    "verse": "nagahimo ako sing mando nga sila tanan nga gikan sa katawohan sang Israel kag ang ila mga sacerdote kag ang mga Levinhon sa akon ginharian, nga nagahunahuna sing kinabubut-on sa pagkadto sa Jerusalem, mag-upud sa imo."
                },
                "14": {
                    "verse_nr": "14",
                    "verse": "Sanglit nga ginpadala ka sang hari kag sang iya pito ka manuglaygay sa pag-usisa nahanungud sa Juda kag Jerusalem, sono sa kasogoan sang imo Dios, nga yara sa imo kamut"
                },
                "15": {
                    "verse_nr": "15",
                    "verse": "kag sa pagdala sang pilak kag bulawan nga gindolot sing kinabubut-on sang hari kag sang iya mga manuglaygay sa Dios sang Israel, nga ang iya puluy-an didto sa Jerusalem"
                },
                "16": {
                    "verse_nr": "16",
                    "verse": "upud ang tanan nga pilak kag bulawan nga makita mo sa bug-os nga puud sang Babilonia, pati sang dolot-nga-kinabubut-on sang katawohan kag sang mga sacerdote, nga nagdolot sing kinabubut-on sa balay sang ila Dios nga yara sa Jerusalem."
                },
                "17": {
                    "verse_nr": "17",
                    "verse": "Busa sa bug-os nga kakugi magbakal ka sa sini nga cuarta sing mga tinday nga baka nga lalaki, mga carnero, mga cordero, pati sang ila mga halad-nga-kalan-on kag mga halad-nga-ilimnon, kag ihalad sila sa halaran sang balay sang inyo Dios nga yadto sa Jerusalem."
                },
                "18": {
                    "verse_nr": "18",
                    "verse": "Ang bisan ano nga maayo sa imo kag sa imo mga utud nga himoon sang nabilin nga pilak kag bulawan, himoa ninyo, sono sa kabubut-on sang inyo Dios."
                },
                "19": {
                    "verse_nr": "19",
                    "verse": "Ang mga gamit nga ginhatag sa imo nga sa pag-alagdan sang balay sang imo Dios, ihatag mo sa atubangan sang Dios sang Jerusalem."
                },
                "20": {
                    "verse_nr": "20",
                    "verse": "Kag ang bisan ano pa nga kinahanglan sa balay sang imo Dios, nga may kahigayonan ka sa paghatag, ihatag ini gikan sa balay sang bahandi sang hari."
                },
                "21": {
                    "verse_nr": "21",
                    "verse": "\u201cKag ako, si Artajerjes nga hari, nagahimo sing mando sa tanan nga manugtipig sang bahandi nga yara sa Tabok sang Suba: ang bisan ano nga kinahanglanon sa inyo ni Esdras nga sacerdote, ang escriba sang kasogoan sang Dios sang langit, himoon ini sa bug-os nga kakugi"
                },
                "22": {
                    "verse_nr": "22",
                    "verse": "tubtub sa isa ka gatus ka talanton nga pilak, tubtub sa isa ka gatus ka koro nga trigo, tubtub sa isa ka bat nga alak, tubtub sa isa ka gatus ka bat nga lana, kag asin nga wala pag-isiling kon pila."
                },
                "23": {
                    "verse_nr": "23",
                    "verse": "Ang bisan ano nga ginsogo sang Dios sang langit, paghimoon sing sibo gid tungud sa balay sang Dios sang langit, kay ngaa bala may kasingkal batok sa ginharian sang hari kag sang iya mga lalaking anak?"
                },
                "24": {
                    "verse_nr": "24",
                    "verse": "Nagapamatuud man kami sa imo nga nahanungud sa bisan kay sin-o sang mga sacerdote, sang mga Levinhon, sang mga manug-amba, sang mga manugbantay sang gawang, sang mga Netinim, ukon sang mga alagad sang balay sang Dios, indi igo sa kasogoan ang pagpabayad sa ila sing buhis, alcabala, ukon balayran."
                },
                "25": {
                    "verse_nr": "25",
                    "verse": "\u201cKag ikaw, Esdras, sono sa kaalam sang imo Dios nga yara sa imo kamut, magtangdo ka sing mga punoan kag mga hukom nga maghukom sang bug-os nga katawohan nga yara sa Tabok sang Suba, ang tanan nga nakahibalo sang mga kasogoan sang imo Dios; kag tudloi ninyo sia nga wala makakilala sa ila."
                },
                "26": {
                    "verse_nr": "26",
                    "verse": "Ang bisan sin-o nga indi magbutang sa buhat sang kasogoan sang imo Dios kag sang kasogoan sang hari, hukman sia sa bug-os nga kakugi, bisan ini sa kamatayon ukon sa pagtapok ukon sa pagkuha sang mga pagkabutang ukon sa pagbilanggo.\u201d"
                },
                "27": {
                    "verse_nr": "27",
                    "verse": "Pakamaayohon ang GINOO, ang Dios sang amon mga ginikanan, nga nagbutang sang subong sini nga butang sa tagiposoon sang hari, sa pagpatahum sang balay sang GINOO nga yara sa Jerusalem"
                },
                "28": {
                    "verse_nr": "28",
                    "verse": "kag nagpadangat sa akon sang iya malig-on nga paghigugma sa atubangan sang hari kag sang iya mga manuglaygay, kag sa atubangan sang tanan nga gamhanan nga mga principe sang hari. Naglig-on ako sono sa kamut sang GINOO nga akon Dios sa ibabaw nakon, kag gintipon ko ang mga puno gikan sa Israel sa pagtaklad upud sa akon."
                }
            }
        },
        "8": {
            "chapter_nr": "8",
            "chapter": {
                "1": {
                    "verse_nr": "1",
                    "verse": "Ini sila amo ang mga pangolo sang mga kabaranggayan, kag amo ini ang listahan sang kaliwatan sang mga nagtaklad upud sa akon gikan sa Babilonia, sang paghari ni Artajerjes nga hari"
                },
                "2": {
                    "verse_nr": "2",
                    "verse": "gikan sa mga lalaking anak ni Finees, si Gersom. Gikan sa mga lalaking anak ni Itamar, si Daniel. Gikan sa mga lalaking anak ni David, si Hatus"
                },
                "3": {
                    "verse_nr": "3",
                    "verse": "gikan sa mga lalaking anak ni Secanias. Gikan sa mga lalaking anak ni Paros, si Zacarias, upud sa iya gin-isip sono sa listahan sang kaliwatan sang mga lalaki isa ka gatus kag kalim-an."
                },
                "4": {
                    "verse_nr": "4",
                    "verse": "Gikan sa mga lalaking anak ni Pahat-moab, si Elioenai nga lalaking anak ni Zeraias, kag upud sa iya duha ka gatus ka lalaki."
                },
                "5": {
                    "verse_nr": "5",
                    "verse": "Gikan sa mga lalaking anak ni Secanias, ang lalaking anak ni Jahaziel, kag upud sa iya tatlo ka gatus ka lalaki."
                },
                "6": {
                    "verse_nr": "6",
                    "verse": "Gikan sa mga lalaking anak ni Adin, si Ebed nga lalaking anak ni Jonatan, kag upud sa iya kalim-an ka lalaki."
                },
                "7": {
                    "verse_nr": "7",
                    "verse": "Gikan sa mga lalaking anak ni Elam, si Isaya nga lalaking anak ni Atalias, kag upud sa iya kapitoan ka lalaki."
                },
                "8": {
                    "verse_nr": "8",
                    "verse": "Gikan sa mga lalaking anak ni Sepatias, si Zebadias nga lalaking anak ni Mecael, kag upud sa iya kawaloan ka lalaki."
                },
                "9": {
                    "verse_nr": "9",
                    "verse": "Gikan sa mga lalaking anak ni Joab, si Obadias nga lalaking anak ni Jehiel, upud sa iya duha ka gatus kag napulo kag walo ka lalaki."
                },
                "10": {
                    "verse_nr": "10",
                    "verse": "Gikan sa mga lalaking anak ni Selomit, ang lalaking anak ni Josifias, kag upud sa iya isa ka gatus kag kan-uman ka lalaki."
                },
                "11": {
                    "verse_nr": "11",
                    "verse": "Gikan sa mga lalaking anak ni Bebai, si Zacarias nga lalaking anak ni Bebai, kag upud sa iya duha ka pulo kag walo ka mga lalaki."
                },
                "12": {
                    "verse_nr": "12",
                    "verse": "Gikan sa mga lalaking anak ni Azgad, si Johanan nga lalaking anak ni Hacatan, kag upud sa iya isa ka gatus kag napulo ka lalaki."
                },
                "13": {
                    "verse_nr": "13",
                    "verse": "Gikan sa mga lalaking anak ni Adonicam, ang mga katapusan, ang ila mga ngalan si Elifelet, si Jeuel, kag si Semayas, kag upud sa ila kan-uman ka lalaki."
                },
                "14": {
                    "verse_nr": "14",
                    "verse": "Gikan sa mga lalaking anak ni Bigvai, si Utai kag si Zabud, kag upud sa ila kapitoan ka lalaki."
                },
                "15": {
                    "verse_nr": "15",
                    "verse": "Gintipon ko sila sa suba nga nagailig pa Ahava, kag didto nagpahamtang kami sing dologan sing tatlo ka adlaw. Sang gintan-aw ko ang katawohan kag ang mga sacerdote, wala ko makita didto ang bisan sin-o sang mga lalaking anak ni Levi."
                },
                "16": {
                    "verse_nr": "16",
                    "verse": "Niyan ginpatawag ko si Eliezer, si Ariel, si Semaya, si Elnatan, si Jarib, si Elnatan, si Natan, si Zacarias, kag si Mesullam, puno nga mga tawo, si Joiarib man kag si Elnatan, nga mga manunudlo"
                },
                "17": {
                    "verse_nr": "17",
                    "verse": "kag ginpadala ko sila sa kay Iddo, nga puno sa duug nga Casifia, nga ginsugiran ko sila sang isiling nila kay Iddo kag sa iya mga utud nga mga Netinim sa duug nga Casifia, nga magdala sila sa amon sing mga manug-alagad sa balay sang amon Dios."
                },
                "18": {
                    "verse_nr": "18",
                    "verse": "Kag paagi sa maayo nga kamut sang amon Dios sa ibabaw namon, nagdala sila sa amon sing lalaki nga mahangponon, gikan sa mga lalaking anak ni Mali nga lalaking anak ni Levi, lalaking anak ni Israel; si Serebias upud ang iya mga lalaking anak kag ang iya mga himata, napulo kag walo"
                },
                "19": {
                    "verse_nr": "19",
                    "verse": "si Hasabias man kag upud sa iya si Isaya gikan sa mga lalaking anak ni Merari, ang iya mga himata kag ang ila mga lalaking anak, duha ka pulo"
                },
                "20": {
                    "verse_nr": "20",
                    "verse": "luwas sang duha ka gatus kag duha ka pulo ka Netinim, nga ginhatag ni David kag sang iya mga principe sa pag-alagdan sang mga Levinhon. Tanan sila nasambit sa ngalan."
                },
                "21": {
                    "verse_nr": "21",
                    "verse": "Niyan nagbantala ako sing puasa didto, sa luyo sang suba nga Ahava, agud nga makapaubus kami sa atubangan sang amon Dios, sa pagpangayo gikan sa iya sing dalan nga matadlong tungud sa amon, tungud sa amon mga magamay, kag sa amon bug-os nga pagkabutang."
                },
                "22": {
                    "verse_nr": "22",
                    "verse": "Kay nahuya ako magpangayo sa hari sing guban sang mga soldado kag mga manugkabayo sa pagtabang sa amon batok sa kaaway sa dalanon; bangud nga nakapamolong kami sa hari, \u201cAng kamut sang amon Dios yara sa tanan nga nagadangup sa iya sa kaayohan, apang ang iya gahum kag kasingkal batok sa tanan nga nagbiya sa iya.\u201d"
                },
                "23": {
                    "verse_nr": "23",
                    "verse": "Gani nagpuasa kami kag napakilooy sa amon Dios tungud sini, kag nalooy sia sa amon."
                },
                "24": {
                    "verse_nr": "24",
                    "verse": "Niyan ginpain ko ang napulog duha sang mga puno sang mga sacerdote: si Serebias, si Hasabias, kag napulo sang ila mga himata upud sa ila."
                },
                "25": {
                    "verse_nr": "25",
                    "verse": "Kag gintimbang ko sa ila ang pilak kag ang bulawan kag ang mga gamit, ang halad nga sa balay sang amon Dios nga gindolot sang hari kag sang iya mga manuglaygay kag sang iya mga principe kag sang bug-os nga Israel nga nagtambong didto"
                },
                "26": {
                    "verse_nr": "26",
                    "verse": "gintimbang ko sa kamut nila ang anum ka gatus kag kalim-an ka talanton nga pilak, kag ang mga gamit nga pilak nga isa ka gatus ka talanton, sa bulawan isa ka gatus ka talanton"
                },
                "27": {
                    "verse_nr": "27",
                    "verse": "duha ka pulo ka yahong nga bulawan nga isa ka libo ka darico, kag duha ka gamit nga mapino nga mahining nga saway nga bilidhon subong sang bulawan."
                },
                "28": {
                    "verse_nr": "28",
                    "verse": "Kag nagsiling ako sa ila, \u201cBalaan kamo sa GINOO, kag balaan ang mga gamit; kag ang pilak kag ang bulawan halad-nga-kinabubut-on sa GINOO, ang Dios sang amon mga ginikanan."
                },
                "29": {
                    "verse_nr": "29",
                    "verse": "Bantayi ninyo kag tipigan sila tubtub nga matimbang ninyo sila sa atubangan sang mga puno sang mga sacerdote kag sang mga Levinhon kag sang mga principe sang mga kabaranggayan sang Israel sa Jerusalem, sa mga hulut sang balay sang GINOO.\u201d"
                },
                "30": {
                    "verse_nr": "30",
                    "verse": "Gani ginbaton sang mga sacerdote kag sang mga Levinhon sa timbang ang pilak kag ang bulawan kag ang mga gamit, sa pagdala sa ila sa Jerusalem, sa balay sang amon Dios."
                },
                "31": {
                    "verse_nr": "31",
                    "verse": "Niyan nagtaliwan kami gikan sa suba nga Ahava sang ikapulog duha nga adlaw sang nahauna nga bulan, sa pagkadto sa Jerusalem; ang kamut sang amon Dios yara sa ibabaw namon, kag sia nagluwas sa amon sa kamut sang kaaway kag sang manugpuut sa dalanon."
                },
                "32": {
                    "verse_nr": "32",
                    "verse": "Nag-abut kami sa Jerusalem, kag nagpabilin didto sing tatlo ka adlaw."
                },
                "33": {
                    "verse_nr": "33",
                    "verse": "Sa ikap-at nga adlaw gintimbang ang pilak kag ang bulawan kag ang mga gamit sa balay sang amon Dios sa kamut ni Meremot nga sacerdote, lalaking anak ni Urias, kag upud sa iya yara si Eleazar nga lalaking anak ni Finees, kag upud sa ila yara si Jozabad nga lalaking anak ni Jesua kag si Noadias nga anak ni Binui, ang mga Levinhon."
                },
                "34": {
                    "verse_nr": "34",
                    "verse": "Ang kabilogan sa isip kag sa timbang, kag ang bug-os nga timbang nasulat sa sadtong tion."
                },
                "35": {
                    "verse_nr": "35",
                    "verse": "Ang mga anak sang kabihagan nga naggowa gikan sa pagtapok nagdolot sing mga halad-nga-sinonog sa Dios sang Israel, napulog duha ka tinday nga baka tungud sa bug-os nga Israel, kasiaman kag anum ka carnero, kapitoan kag pito ka cordero, napulog duha ka kanding nga lalaki nga halad-tungud-sa-sala; ini tanan amo ang halad-nga-sinonog sa GINOO."
                },
                "36": {
                    "verse_nr": "36",
                    "verse": "Ginhatag nila ang mga panugyan sang hari sa mga satrapa sang hari kag sa mga pangolo-puud sa Tabok sang Suba; kag sila nagbulig sa katawohan kag sa balay sang Dios."
                }
            }
        },
        "9": {
            "chapter_nr": "9",
            "chapter": {
                "1": {
                    "verse_nr": "1",
                    "verse": "Sang nahimo ini nga mga butang, ang mga principe nagpalapit sa akon nga nagasiling, \u201cAng katawohan sang Israel kag ang mga sacerdote kag ang mga Levinhon, wala magpahain sang ila kaugalingon gikan sa katawohan sang mga duta nga nagahimo sono sa ila mga kangil-aran, gikan sa mga Canaanhon, mga Hethanon, mga Pereznon, mga Jebusnon, mga Amonhon, mga Moabnon, mga Egiptohanon, kag sa mga Amornon."
                },
                "2": {
                    "verse_nr": "2",
                    "verse": "Kay nagkuha sila sa ila mga anak nga babayi nga sa ila kaugalingon kag sa ila mga anak nga lalaki; sa bagay nga ang kaliwat nga balaan nagsimpon sa mga katawohan sang mga duta. Kag ang kamut sang mga principe kag mga manugdumala amo ang puno sa sini nga paglapas.\u201d"
                },
                "3": {
                    "verse_nr": "3",
                    "verse": "Sang pagkabati ko sining butang, ginkusnit ko ang akon panapton kag ang akon bayo nga malaba, kag gin-gan-it ko ang buhok sang akon olo kag ang akon bungut, kag naglingkod nga nalibogan."
                },
                "4": {
                    "verse_nr": "4",
                    "verse": "Niyan nagtingub sa akon ang tagsatagsa nga nagkurug sa mga polong sang Dios sang Israel, bangud sang paglapas sang mga kabihagan, kag naglingkod ako nga nalibogan tubtub sa halad sa kahaponon."
                },
                "5": {
                    "verse_nr": "5",
                    "verse": "Kag sa paghalad sa kahaponon nagtindug ako gikan sa akon pagpaubus, nga kinusnit ang akon panapton kag ang akon bayo nga malaba, kag nagluhud ako kag naghumlad sang akon kamut sa GINOO nga akon Dios"
                },
                "6": {
                    "verse_nr": "6",
                    "verse": "nga nagasiling:\n\u201cO Dios ko, nagapalamula ako kag nahuya sa pagbayaw sang akon nawung sa imo, Dios ko, kay ang amon kalautan nagdugang sa ibabaw sang amon olo, kag ang amon pagkamakasasala nagtaas tubtub sa mga langit."
                },
                "7": {
                    "verse_nr": "7",
                    "verse": "Kutub sa kaadlawan sang amon mga ginikanan nagmakasasala kami sing lakas tubtub sini nga adlaw; kag tungud sang amon mga kalautan kami, ang amon mga hari, kag ang amon mga sacerdote gintugyan sa kamut sang mga hari sang mga duta, sa espada, sa kabihagan, sa pang-ati, kag sa kahuluy-an, subong sang sa sini nga adlaw."
                },
                "8": {
                    "verse_nr": "8",
                    "verse": "Apang karon sa diotay nga tion ang bugay ginpakita gikan sa GINOO nga amon Dios, sa pagbilin sa amon sing nabilin sa pagpalagyo, kag sa paghatag sa amon sang kalig-on sa iya duug nga balaan, agud nga mapasanag sang amon Dios ang amon mga mata kag mahatagan kami sing diotay nga pagpaumpaw sa amon kahiolipnan."
                },
                "9": {
                    "verse_nr": "9",
                    "verse": "Kay mga ulipon kami; apang ang amon Dios wala magbiya sa amon sa kahiolipnan namon, kondi nagtanyag sing malig-on nga paghigugma sa amon sa atubangan sang mga hari sang Persia, sa paghatag sa amon sing pagpaumpaw sa pagpatindug sang balay sang amon Dios, sa pagkaayo sang iya mga kalaglagan, kag sa paghatag sa amon sing kuta sa Juda kag sa Jerusalem."
                },
                "10": {
                    "verse_nr": "10",
                    "verse": "\u201cKag karon, O Dios namon, ano bala ang isiling namon sa tapus sini? Kay ginbayaan namon ang imo mga sogo"
                },
                "11": {
                    "verse_nr": "11",
                    "verse": "nga ginsogo mo paagi sa imo mga alagad nga mga manalagna, nga nagasiling, \u2018Ang duta nga inyo ginakadtoan, sa pagtag-iya sa iya, dimatinlo nga duta tungud sang pagkadimatinlo sang mga katawohan sang mga duta, tungud sang ila mga kangil-aran nga naghil-ob sini sang ila pagkadimatinlo kutub sa isa ka ukbung tubtub sa isa."
                },
                "12": {
                    "verse_nr": "12",
                    "verse": "Busa karon dili pag-ihatag ang inyo mga anak nga babayi sa ila mga anak nga lalaki, kag dili magkuha sang ila mga anak nga babayi nga sa inyo mga anak nga lalaki, ukon maghimulat kamo sang ila paghidait ukon sang ila kauswagan sa gihapon, agud nga magbakud kamo, kag magkaon sang kaayohan sang duta, kag magbilin sini nga panublion sa inyo mga anak sa gihapon.\u2019"
                },
                "13": {
                    "verse_nr": "13",
                    "verse": "Kag sa tapus sang tanan nga nag-abut sa amon tungud sang amon malaut nga mga buhat kag tungud sang amon daku nga pagpakasala, sa ginatan-aw nga ikaw, nga amon Dios, nagsilot sa amon sing kubus sa nagakaigo sa amon mga kalautan kag naghatag sing subong nga nabilin"
                },
                "14": {
                    "verse_nr": "14",
                    "verse": "magalalis bala kami liwat sang imo mga sogo kag magatapik sa mga katawohan nga nagahimo sini nga mga kangil-aran? Indi ka bala maakig sa amon tubtub nga mapapas mo kami, agud nga wala sing mabilin, ukon may makapalagyo?"
                },
                "15": {
                    "verse_nr": "15",
                    "verse": "O GINOO nga Dios sang Israel, matarung ka, kay kami ang salin nga nabilin nga nakapalagyo, subong sang sa sini nga adlaw. Yari karon, yari kami sa atubangan nimo sa amon pagkamakasasala, kay wala sing bisan sin-o nga makatindug sa imo atubangan bangud sini.\u201d"
                }
            }
        },
        "10": {
            "chapter_nr": "10",
            "chapter": {
                "1": {
                    "verse_nr": "1",
                    "verse": "Samtang nagpangamuyo si Esdras kag nagtu-ad, nga nagahibi kag nagahapa sa atubangan sang balay sang Dios, may nagtipon sing tingub sa iya nga tama kadaku nga katilingban nga mga lalaki, mga babayi, kag mga kabataan gikan sa Israel; kay naghibi sing tama gid ang katawohan."
                },
                "2": {
                    "verse_nr": "2",
                    "verse": "Kag si Sekanias nga lalaking anak ni Jehiel, isa sang mga lalaking anak ni Elam, nagsiling kay Esdras: \u201cNaglapas kami batok sa aton Dios kag nagpangasawa sing dumuloong nga mga babayi gikan sa mga katawohan sang duta, apang karon may paglaum pa nga sa Israel nahanungud sini nga butang."
                },
                "3": {
                    "verse_nr": "3",
                    "verse": "Busa karon magpakigkatipan kita sa aton Dios sa pagsikway sang tanan nga babayi kag sang mga natawo sa ila, sono sa laygay sang akon ginoo, kag sang mga nagakurug sa sogo sang aton Dios; kag himoon ini sono sa kasogoan."
                },
                "4": {
                    "verse_nr": "4",
                    "verse": "Tindug ka, kay ang butang naigo sa imo, kag kami upud sa imo; magpakaisug ka kag himoa ini.\u201d"
                },
                "5": {
                    "verse_nr": "5",
                    "verse": "Niyan nagtindug si Esdras kag ginpasumpa ang mga puno sang mga sacerdote kag ang mga Levinhon kag ang bug-os nga Israel nga maghimo sila sono sa sini nga polong. Gani nagsumpa sila."
                },
                "6": {
                    "verse_nr": "6",
                    "verse": "Niyan nagtindug si Esdras gikan sa atubangan sang balay sang Dios, kag nagsulud sa hulut ni Johanan nga lalaking anak ni Eliasib, kag sang didto sia wala sia magkaon sing kalan-on ukon mag-inum sing tubig; kay naglalaw sia bangud sang paglapas sang mga sa kabihagan."
                },
                "7": {
                    "verse_nr": "7",
                    "verse": "Kag nagpabantala sila sa bug-os nga Juda kag Jerusalem sa tanan nga anak sang kabihagan nga magtipon sila sing tingub sa Jerusalem"
                },
                "8": {
                    "verse_nr": "8",
                    "verse": "kag ang bisan sin-o nga indi mag-abut sa sulud sang tatlo ka adlaw, sono sa ginkasugtanan sang mga principe kag mga tigulang tagudilian ang bug-os niya nga pagkabutang, kag pabulagon sia sa katilingban sang kabihagan."
                },
                "9": {
                    "verse_nr": "9",
                    "verse": "Niyan ang tanan nga lalaki sang Juda kag Benjamin nagtipon sing tingub sa Jerusalem sa sulud sang tatlo ka adlaw; ini sa ikasiam nga bulan, sa ikaduha ka pulo nga adlaw sang bulan. Kag naglingkod ang bug-os nga katawohan sa masangkad nga duug sa atubangan sang balay sang Dios, nga nagakurug bangud sini nga butang kag bangud sang daku nga ulan."
                },
                "10": {
                    "verse_nr": "10",
                    "verse": "Kag nagtindug si Esdras nga sacerdote kag nagsiling sa ila, \u201cKamo nakalapas kag nakapangasawa sing dumuloong nga mga babayi, sa pagdugang sang pagpakasala sang Israel."
                },
                "11": {
                    "verse_nr": "11",
                    "verse": "Busa karon, magtu-ad kamo sa GINOO ang Dios sang inyo mga ginikanan, kag maghimo sang iya nahamut-an; kag bulag kamo sa mga katawohan sang duta kag sa dumuloong nga mga babayi.\u201d"
                },
                "12": {
                    "verse_nr": "12",
                    "verse": "Niyan ang bug-os nga katilingban nagsabat sa mabaskug nga tingug, \u201cSubong sang imo ginsiling sa amon, amo ang dapat namon himoon."
                },
                "13": {
                    "verse_nr": "13",
                    "verse": "Apang ang katawohan madamu, kag tion sang madamu nga ulan; kami indi makasarang magtindug sa gowa. Ini indi buluhaton sa isa ka adlaw ukon sa duha; kay kami nakalalis sing daku sa sining butang."
                },
                "14": {
                    "verse_nr": "14",
                    "verse": "Itangdo karon ang amon mga principe tungud sa bug-os nga katilingban; ang tanan sa aton mga banwa nga nakapangasawa sing dumuloong nga babayi magkari sa pinat-ud nga mga tion, kag upud sa ila ang mga tigulang sang tagsa ka banwa kag ang ila mga hukom, tubtub nga ang masingkal nga kaakig sang aton Dios maghalin sa amon, tubtub nga matigayon ining butang.\u201d"
                },
                "15": {
                    "verse_nr": "15",
                    "verse": "Si Jonatan lamang nga lalaking anak ni Asael kag si Jahaz nga lalaking anak ni Ticva nagbatok sini, kag si Mesullam kag si Sabetai nga Levinhon nagbulig sa ila."
                },
                "16": {
                    "verse_nr": "16",
                    "verse": "Niyan ang mga anak sang kabihagan naghimo sing subong. Si Esdras nga sacerdote, pati sang pila ka mga pangolo sang mga kabaranggayan, sono sa ila mga kabaranggayan, tanan sila sono sa ila mga ngalan ginpain. Naglingkod sila sa nahauna nga adlaw sang ikanapulong bulan sa pag-usisa sang butang"
                },
                "17": {
                    "verse_nr": "17",
                    "verse": "kag natapus nila ang tanan nga lalaki nga nakapangasawa sing dumuloong nga mga babayi sa nahaunang adlaw sang nahaunang bulan."
                },
                "18": {
                    "verse_nr": "18",
                    "verse": "Sa tunga sang mga lalaking anak sang mga sacerdote may nasapwan nga nakapangasawa sing dumuloong nga mga babayi nga amo sa mga lalaking anak ni Jesua, ang lalaking anak ni Josadac kag sa iya mga utud, si Maasias, si Eliezer, si Jarib, kag si Gedalias."
                },
                "19": {
                    "verse_nr": "19",
                    "verse": "Naghatag sila sang ila kamut nga isikway nila ang ila mga asawa, kag subong nga nagpakasala naghalad sila sing carnero gikan sa panong tungud sa ila pagpakasala."
                },
                "20": {
                    "verse_nr": "20",
                    "verse": "Gikan sa mga lalaking anak ni Imer: si Hanani kag si Zebadias."
                },
                "21": {
                    "verse_nr": "21",
                    "verse": "Gikan sa mga lalaking anak ni Harim: sila ni Maasias, Elias, Semaya, Jehiel, kag Uzias."
                },
                "22": {
                    "verse_nr": "22",
                    "verse": "Gikan sa mga lalaking anak ni Pasur: sila ni Elioenai, Maasias, Ismael, Natanael, Jozabad, kag Elasa."
                },
                "23": {
                    "verse_nr": "23",
                    "verse": "Gikan sa mga Levinhon: sila ni Jozabad, Simei, Kelaya (nga amo, si Kelita), Petahias, Juda, kag Eliezer."
                },
                "24": {
                    "verse_nr": "24",
                    "verse": "Gikan sa mga manug-amba: si Eliasib. Gikan sa mga manugbantay sang gawang: si Sallum, si Telem, kag si Uri."
                },
                "25": {
                    "verse_nr": "25",
                    "verse": "Kag gikan sa Israel: gikan sa mga lalaking anak ni Paros: sila ni Ramia, Izias, Malquias, Miamin, Eleazar, Malquias, kag Benaya."
                },
                "26": {
                    "verse_nr": "26",
                    "verse": "Gikan sa mga lalaking anak ni Elam: sila ni Matanias, Zacarias, Jehiel, Abdi, Jeremot, kag Elias."
                },
                "27": {
                    "verse_nr": "27",
                    "verse": "Gikan sa mga lalaking anak ni Zatu: sila ni Elioenai, Eliasib, Matanias, Jeremot, Zabad, kag Asisa."
                },
                "28": {
                    "verse_nr": "28",
                    "verse": "Gikan sa mga lalaking anak ni Bebai: sila ni Johanan, Hananias, Zabai, kag Atlai."
                },
                "29": {
                    "verse_nr": "29",
                    "verse": "Gikan sa mga lalaking anak ni Bani: sila ni Mesullam, Malluc, Adaya, Jasub, Seal, kag Ramot."
                },
                "30": {
                    "verse_nr": "30",
                    "verse": "Gikan sa mga lalaking anak Pahat-moab: sila ni Adna, Kelal, Benaya, Maasias, Matanias, Bezalel, Binui, kag Manases."
                },
                "31": {
                    "verse_nr": "31",
                    "verse": "Gikan sa mga lalaking anak ni Harim: sila ni Eliezer, Isya, Malquias, Semaya, Simeon"
                },
                "32": {
                    "verse_nr": "32",
                    "verse": "Benjamin, Malluc, kag Semarias."
                },
                "33": {
                    "verse_nr": "33",
                    "verse": "Gikan sa mga lalaking anak ni Hasum: sila ni Matenai, Matata, Zabad, Elifelet, Jeremai, Manases, kag Simei."
                },
                "34": {
                    "verse_nr": "34",
                    "verse": "Gikan sa mga lalaking anak ni Bani: sila ni Maadai, Amram, Uel"
                },
                "35": {
                    "verse_nr": "35",
                    "verse": "Benaya, Bedias, Keluhu"
                },
                "36": {
                    "verse_nr": "36",
                    "verse": "Vanias, Meremot, Eleasib"
                },
                "37": {
                    "verse_nr": "37",
                    "verse": "Matanias, Matenai, Jaas."
                },
                "38": {
                    "verse_nr": "38",
                    "verse": "Gikan sa mga lalaking anak ni Bani: sila ni Simei"
                },
                "39": {
                    "verse_nr": "39",
                    "verse": "Selemias, Natan, Adaya"
                },
                "40": {
                    "verse_nr": "40",
                    "verse": "Macnadbai, Sasai, Sarai"
                },
                "41": {
                    "verse_nr": "41",
                    "verse": "Azarel, Selemias, Semarias"
                },
                "42": {
                    "verse_nr": "42",
                    "verse": "Sallum, Amarias, kag Jose."
                },
                "43": {
                    "verse_nr": "43",
                    "verse": "Gikan sa mga lalaking anak ni Nebo: sila ni Jeiel, Matitias, Zabad, Zebina, Iddo, Joel, kag Benaya."
                },
                "44": {
                    "verse_nr": "44",
                    "verse": "Ini tanan nakapangasawa sing mga dumuloong, kag ila sila ginsikway pati ang ila mga anak."
                }
            }
        }
    }
}