{
    "version": "TAM",
    "book_name": "Haggai",
    "book_nr": "37",
    "book": {
        "1": {
            "chapter_nr": "1",
            "chapter": {
                "1": {
                    "verse_nr": "1",
                    "verse": "\u0bb0\u0bbe\u0b9c\u0bbe\u0bb5\u0bbe\u0b95\u0bbf\u0baf \u0ba4\u0bb0\u0bbf\u0baf\u0bc1 \u0b85\u0bb0\u0b9a\u0bbe\u0ba3\u0bcd\u0b9f \u0b87\u0bb0\u0ba3\u0bcd\u0b9f\u0bbe\u0bae\u0bcd \u0bb5\u0bb0\u0bc1\u0b9f\u0bae\u0bcd \u0b86\u0bb1\u0bbe\u0bae\u0bcd \u0bae\u0bbe\u0ba4\u0bae\u0bcd \u0bae\u0bc1\u0ba4\u0bb2\u0bbe\u0bae\u0bcd\u0ba4\u0bc7\u0ba4\u0bbf\u0baf\u0bbf\u0bb2\u0bc7, \u0baf\u0bc6\u0b95\u0bcb\u0bb5\u0bbe\u0bb5\u0bc1\u0b9f\u0bc8\u0baf \u0bb5\u0bbe\u0bb0\u0bcd\u0ba4\u0bcd\u0ba4\u0bc8 \u0b86\u0b95\u0bbe\u0baf\u0bcd \u0b8e\u0ba9\u0bcd\u0ba9\u0bc1\u0bae\u0bcd \u0ba4\u0bc0\u0bb0\u0bcd\u0b95\u0bcd\u0b95\u0ba4\u0bb0\u0bbf\u0b9a\u0bbf\u0baf\u0bbf\u0ba9\u0bcd \u0bae\u0bc2\u0bb2\u0bae\u0bbe\u0b95 \u0b9a\u0bc6\u0baf\u0bb2\u0bcd\u0ba4\u0bbf\u0baf\u0bc7\u0bb2\u0bbf\u0ba9\u0bcd \u0bae\u0b95\u0ba9\u0bbe\u0b95\u0bbf\u0baf \u0b9a\u0bc6\u0bb0\u0bc1\u0baa\u0bbe\u0baa\u0bc7\u0bb2\u0bcd \u0b8e\u0ba9\u0bcd\u0ba9\u0bc1\u0bae\u0bcd \u0baf\u0bc2\u0ba4\u0bbe\u0bb5\u0bbf\u0ba9\u0bcd \u0ba4\u0bb2\u0bc8\u0bb5\u0ba9\u0bc1\u0b95\u0bcd\u0b95\u0bc1\u0bae\u0bcd, \u0baf\u0bcb\u0ba4\u0bcd\u0b9a\u0ba4\u0bbe\u0b95\u0bcd\u0b95\u0bbf\u0ba9\u0bcd \u0bae\u0b95\u0ba9\u0bbe\u0b95\u0bbf\u0baf \u0baf\u0bcb\u0b9a\u0bc1\u0bb5\u0bbe \u0b8e\u0ba9\u0bcd\u0ba9\u0bc1\u0bae\u0bcd \u0baa\u0bbf\u0bb0\u0ba4\u0bbe\u0ba9 \u0b86\u0b9a\u0bbe\u0bb0\u0bbf\u0baf\u0ba9\u0bc1\u0b95\u0bcd\u0b95\u0bc1\u0bae\u0bcd \u0b89\u0ba3\u0bcd\u0b9f\u0bbe\u0b95\u0bbf, \u0b85\u0bb5\u0bb0\u0bcd \u0b9a\u0bca\u0ba9\u0bcd\u0ba9\u0ba4\u0bc1 \u0b8e\u0ba9\u0bcd\u0ba9\u0bb5\u0bc6\u0ba9\u0bcd\u0bb1\u0bbe\u0bb2\u0bcd:"
                },
                "2": {
                    "verse_nr": "2",
                    "verse": "\u0b87\u0ba8\u0bcd\u0ba4 \u0bae\u0b95\u0bcd\u0b95\u0bb3\u0bcd \u0baf\u0bc6\u0b95\u0bcb\u0bb5\u0bbe\u0bb5\u0bc1\u0b9f\u0bc8\u0baf \u0b86\u0bb2\u0baf\u0ba4\u0bcd\u0ba4\u0bc8\u0b95\u0bcd \u0b95\u0b9f\u0bcd\u0b9f\u0bc1\u0b95\u0bbf\u0bb1\u0ba4\u0bb1\u0bcd\u0b95\u0bc1 \u0b8f\u0bb1\u0bcd\u0bb1\u0b95\u0bbe\u0bb2\u0bae\u0bcd \u0b87\u0ba9\u0bcd\u0ba9\u0bc1\u0bae\u0bcd \u0bb5\u0bb0\u0bb5\u0bbf\u0bb2\u0bcd\u0bb2\u0bc8 \u0b8e\u0ba9\u0bcd\u0b95\u0bbf\u0bb1\u0bbe\u0bb0\u0bcd\u0b95\u0bb3\u0bcd \u0b8e\u0ba9\u0bcd\u0bb1\u0bc1 \u0b9a\u0bc7\u0ba9\u0bc8\u0b95\u0bb3\u0bbf\u0ba9\u0bcd \u0baf\u0bc6\u0b95\u0bcb\u0bb5\u0bbe \u0b9a\u0bca\u0bb2\u0bcd\u0bb2\u0bc1\u0b95\u0bbf\u0bb1\u0bbe\u0bb0\u0bcd."
                },
                "3": {
                    "verse_nr": "3",
                    "verse": "\u0b86\u0ba9\u0bbe\u0bb2\u0bc1\u0bae\u0bcd \u0b86\u0b95\u0bbe\u0baf\u0bcd \u0b8e\u0ba9\u0bcd\u0ba9\u0bc1\u0bae\u0bcd \u0ba4\u0bc0\u0bb0\u0bcd\u0b95\u0bcd\u0b95\u0ba4\u0bb0\u0bbf\u0b9a\u0bbf\u0baf\u0bbf\u0ba9\u0bcd \u0bae\u0bc2\u0bb2\u0bae\u0bbe\u0b95\u0b95\u0bcd \u0baf\u0bc6\u0b95\u0bcb\u0bb5\u0bbe\u0bb5\u0bc1\u0b9f\u0bc8\u0baf \u0bb5\u0bbe\u0bb0\u0bcd\u0ba4\u0bcd\u0ba4\u0bc8 \u0b89\u0ba3\u0bcd\u0b9f\u0bbe\u0b95\u0bbf, \u0b85\u0bb5\u0bb0\u0bcd \u0b9a\u0bca\u0bb2\u0bcd\u0bb2\u0bc1\u0b95\u0bbf\u0bb1\u0bbe\u0bb0\u0bcd:"
                },
                "4": {
                    "verse_nr": "4",
                    "verse": "\u0b87\u0ba8\u0bcd\u0ba4 \u0bb5\u0bc0\u0b9f\u0bc1 \u0baa\u0bbe\u0bb4\u0bbe\u0baf\u0bcd\u0b95\u0bcd\u0b95\u0bbf\u0b9f\u0b95\u0bcd\u0b95\u0bc1\u0bae\u0bcd\u0baa\u0bcb\u0ba4\u0bc1, \u0ba8\u0bc0\u0b99\u0bcd\u0b95\u0bb3\u0bcd \u0bae\u0bc7\u0bb2\u0bcd\u0ba4\u0bb3\u0bae\u0bc1\u0bb3\u0bcd\u0bb3 \u0b89\u0b99\u0bcd\u0b95\u0bb3\u0bcd \u0bb5\u0bc0\u0b9f\u0bc1\u0b95\u0bb3\u0bbf\u0bb2\u0bcd \u0b95\u0bc1\u0b9f\u0bbf\u0baf\u0bbf\u0bb0\u0bc1\u0b95\u0bcd\u0b95\u0bb5\u0bc7\u0ba3\u0bcd\u0b9f\u0bbf\u0baf \u0b95\u0bbe\u0bb2\u0bae\u0bcd \u0b87\u0ba4\u0bc1\u0bb5\u0bcb?"
                },
                "5": {
                    "verse_nr": "5",
                    "verse": "\u0b87\u0baa\u0bcd\u0baa\u0bcb\u0ba4\u0bc1\u0bae\u0bcd \u0b9a\u0bc7\u0ba9\u0bc8\u0b95\u0bb3\u0bbf\u0ba9\u0bcd \u0baf\u0bc6\u0b95\u0bcb\u0bb5\u0bbe \u0b9a\u0bca\u0bb2\u0bcd\u0bb2\u0bc1\u0b95\u0bbf\u0bb1\u0bbe\u0bb0\u0bcd: \u0b89\u0b99\u0bcd\u0b95\u0bb3\u0bcd \u0bb5\u0bb4\u0bbf\u0b95\u0bb3\u0bc8\u0b9a\u0bcd \u0b9a\u0bbf\u0ba8\u0bcd\u0ba4\u0bbf\u0ba4\u0bcd\u0ba4\u0bc1\u0baa\u0bcd\u0baa\u0bbe\u0bb0\u0bc1\u0b99\u0bcd\u0b95\u0bb3\u0bcd."
                },
                "6": {
                    "verse_nr": "6",
                    "verse": "\u0ba8\u0bc0\u0b99\u0bcd\u0b95\u0bb3\u0bcd \u0b85\u0ba4\u0bbf\u0b95\u0bae\u0bbe\u0b95 \u0bb5\u0bbf\u0ba4\u0bc8\u0ba4\u0bcd\u0ba4\u0bc1\u0bae\u0bcd \u0b95\u0bca\u0b9e\u0bcd\u0b9a\u0bae\u0bbe\u0b95 \u0b85\u0bb1\u0bc1\u0ba4\u0bcd\u0ba4\u0bc1\u0b95\u0bcd\u0b95\u0bca\u0ba3\u0bcd\u0b9f\u0bc1\u0bb5\u0bb0\u0bc1\u0b95\u0bbf\u0bb1\u0bc0\u0bb0\u0bcd\u0b95\u0bb3\u0bcd; \u0ba8\u0bc0\u0b99\u0bcd\u0b95\u0bb3\u0bcd \u0b9a\u0bbe\u0baa\u0bcd\u0baa\u0bbf\u0b9f\u0bcd\u0b9f\u0bc1\u0bae\u0bcd \u0ba4\u0bbf\u0bb0\u0bc1\u0baa\u0bcd\u0ba4\u0bbf\u0baf\u0bbe\u0b95\u0bb5\u0bbf\u0bb2\u0bcd\u0bb2\u0bc8; \u0b95\u0bc1\u0b9f\u0bbf\u0ba4\u0bcd\u0ba4\u0bc1\u0bae\u0bcd \u0ba8\u0bbf\u0bb1\u0bc8\u0bb5\u0b9f\u0bc8\u0baf\u0bb5\u0bbf\u0bb2\u0bcd\u0bb2\u0bc8; \u0ba8\u0bc0\u0b99\u0bcd\u0b95\u0bb3\u0bcd \u0b89\u0b9f\u0bc8 \u0b89\u0b9f\u0bc1\u0ba4\u0bcd\u0ba4\u0bbf\u0baf\u0bc1\u0bae\u0bcd \u0b92\u0bb0\u0bc1\u0bb5\u0ba9\u0bc1\u0b95\u0bcd\u0b95\u0bc1\u0bae\u0bcd \u0b95\u0bc1\u0bb3\u0bbf\u0bb0\u0bcd\u0bb5\u0bbf\u0b9f\u0bb5\u0bbf\u0bb2\u0bcd\u0bb2\u0bc8; \u0b95\u0bc2\u0bb2\u0bbf\u0baf\u0bc8\u0b9a\u0bcd \u0b9a\u0bae\u0bcd\u0baa\u0bbe\u0ba4\u0bbf\u0b95\u0bcd\u0b95\u0bbf\u0bb1\u0bb5\u0ba9\u0bcd \u0baa\u0bca\u0ba4\u0bcd\u0ba4\u0bb2\u0bbe\u0ba9 \u0baa\u0bc8\u0baf\u0bbf\u0bb2\u0bc7 \u0baa\u0bcb\u0b9f\u0bc1\u0b95\u0bbf\u0bb1\u0bb5\u0ba9\u0bbe\u0b95 \u0b85\u0ba4\u0bc8\u0b9a\u0bcd \u0b9a\u0bae\u0bcd\u0baa\u0bbe\u0ba4\u0bbf\u0b95\u0bcd\u0b95\u0bbf\u0bb1\u0bbe\u0ba9\u0bcd."
                },
                "7": {
                    "verse_nr": "7",
                    "verse": "\u0b89\u0b99\u0bcd\u0b95\u0bb3\u0bcd \u0bb5\u0bb4\u0bbf\u0b95\u0bb3\u0bc8\u0b9a\u0bcd \u0b9a\u0bbf\u0ba8\u0bcd\u0ba4\u0bbf\u0ba4\u0bcd\u0ba4\u0bc1\u0baa\u0bcd\u0baa\u0bbe\u0bb0\u0bc1\u0b99\u0bcd\u0b95\u0bb3\u0bcd \u0b8e\u0ba9\u0bcd\u0bb1\u0bc1 \u0b9a\u0bc7\u0ba9\u0bc8\u0b95\u0bb3\u0bbf\u0ba9\u0bcd \u0baf\u0bc6\u0b95\u0bcb\u0bb5\u0bbe \u0b9a\u0bca\u0bb2\u0bcd\u0bb2\u0bc1\u0b95\u0bbf\u0bb1\u0bbe\u0bb0\u0bcd."
                },
                "8": {
                    "verse_nr": "8",
                    "verse": "\u0ba8\u0bc0\u0b99\u0bcd\u0b95\u0bb3\u0bcd \u0bae\u0bb2\u0bc8\u0baf\u0bbf\u0ba9\u0bcd\u0bae\u0bc7\u0bb2\u0bcd \u0b8f\u0bb1\u0bbf\u0baa\u0bcd\u0baa\u0bcb\u0baf\u0bcd, \u0bae\u0bb0\u0b99\u0bcd\u0b95\u0bb3\u0bc8 \u0bb5\u0bc6\u0b9f\u0bcd\u0b9f\u0bbf\u0b95\u0bcd\u0b95\u0bca\u0ba3\u0bcd\u0b9f\u0bc1\u0bb5\u0ba8\u0bcd\u0ba4\u0bc1, \u0b86\u0bb2\u0baf\u0ba4\u0bcd\u0ba4\u0bc8\u0b95\u0bcd \u0b95\u0b9f\u0bcd\u0b9f\u0bc1\u0b99\u0bcd\u0b95\u0bb3\u0bcd; \u0b85\u0ba4\u0bbf\u0ba9\u0bcd\u0bae\u0bc7\u0bb2\u0bcd \u0ba8\u0bbe\u0ba9\u0bcd \u0baa\u0bbf\u0bb0\u0bbf\u0baf\u0bae\u0bbe\u0baf\u0bbf\u0bb0\u0bc1\u0baa\u0bcd\u0baa\u0bc7\u0ba9\u0bcd, \u0b85\u0ba4\u0bbf\u0ba9\u0bbe\u0bb2\u0bcd \u0b8e\u0ba9\u0bcd \u0bae\u0b95\u0bbf\u0bae\u0bc8 \u0bb5\u0bc6\u0bb3\u0bbf\u0baa\u0bcd\u0baa\u0b9f\u0bc1\u0bae\u0bcd \u0b8e\u0ba9\u0bcd\u0bb1\u0bc1 \u0baf\u0bc6\u0b95\u0bcb\u0bb5\u0bbe \u0b9a\u0bca\u0bb2\u0bcd\u0bb2\u0bc1\u0b95\u0bbf\u0bb1\u0bbe\u0bb0\u0bcd."
                },
                "9": {
                    "verse_nr": "9",
                    "verse": "\u0b85\u0ba4\u0bbf\u0b95\u0bae\u0bbe\u0b95 \u0bb5\u0bb0\u0bc1\u0bae\u0bc6\u0ba9\u0bcd\u0bb1\u0bc1 \u0ba8\u0bc0\u0b99\u0bcd\u0b95\u0bb3\u0bcd \u0b8e\u0ba4\u0bbf\u0bb0\u0bcd\u0baa\u0bbe\u0bb0\u0bcd\u0ba4\u0bcd\u0ba4\u0bbf\u0bb0\u0bc1\u0ba8\u0bcd\u0ba4\u0bc1\u0bae\u0bcd, \u0b87\u0ba4\u0bcb, \u0b95\u0bca\u0b9e\u0bcd\u0b9a\u0bae\u0bcd \u0b95\u0bbf\u0b9f\u0bc8\u0ba4\u0bcd\u0ba4\u0ba4\u0bc1; \u0ba8\u0bc0\u0b99\u0bcd\u0b95\u0bb3\u0bcd \u0b85\u0bb1\u0bc1\u0ba4\u0bcd\u0ba4\u0bc1 \u0bb5\u0bc0\u0b9f\u0bcd\u0b9f\u0bc1\u0b95\u0bcd\u0b95\u0bc1\u0b95\u0bcd \u0b95\u0bca\u0ba3\u0bcd\u0b9f\u0bc1\u0bb5\u0ba8\u0bcd\u0ba4\u0bc1\u0bae\u0bcd, \u0ba8\u0bbe\u0ba9\u0bcd \u0b85\u0ba4\u0bc8 \u0b8a\u0ba4\u0bbf\u0baa\u0bcd\u0baa\u0bcb\u0b9f\u0bc1\u0b95\u0bbf\u0bb1\u0bc7\u0ba9\u0bcd; \u0b8e\u0ba4\u0bbf\u0ba9\u0bbe\u0bb2\u0bc6\u0ba9\u0bcd\u0bb1\u0bbe\u0bb2\u0bcd, \u0b8e\u0ba9\u0bcd \u0bb5\u0bc0\u0b9f\u0bc1 \u0baa\u0bbe\u0bb4\u0bbe\u0baf\u0bcd\u0b95\u0bcd \u0b95\u0bbf\u0b9f\u0b95\u0bcd\u0b95\u0bc1\u0bae\u0bcd\u0baa\u0bcb\u0ba4\u0bc1, \u0ba8\u0bc0\u0b99\u0bcd\u0b95\u0bb3\u0bcd \u0b8e\u0bb2\u0bcd\u0bb2\u0bcb\u0bb0\u0bc1\u0bae\u0bcd \u0b85\u0bb5\u0ba9\u0bb5\u0ba9\u0bcd \u0ba4\u0ba9\u0bcd\u0ba4\u0ba9\u0bcd \u0bb5\u0bc0\u0b9f\u0bcd\u0b9f\u0bbf\u0bb1\u0bcd\u0b95\u0bc1 \u0b93\u0b9f\u0bbf\u0baa\u0bcd\u0baa\u0bcb\u0b95\u0bbf\u0bb1\u0bc0\u0bb0\u0bcd\u0b95\u0bb3\u0bc7, \u0b87\u0ba4\u0ba9\u0bbe\u0bb2\u0bc7 \u0b8e\u0ba9\u0bcd\u0bb1\u0bc1 \u0b9a\u0bc7\u0ba9\u0bc8\u0b95\u0bb3\u0bbf\u0ba9\u0bcd \u0baf\u0bc6\u0b95\u0bcb\u0bb5\u0bbe \u0b9a\u0bca\u0bb2\u0bcd\u0bb2\u0bc1\u0b95\u0bbf\u0bb1\u0bbe\u0bb0\u0bcd."
                },
                "10": {
                    "verse_nr": "10",
                    "verse": "\u0b86\u0ba4\u0bb2\u0bbe\u0bb2\u0bcd \u0b89\u0b99\u0bcd\u0b95\u0bb3\u0bcd\u0bae\u0bc7\u0bb2\u0bcd \u0b87\u0bb0\u0bc1\u0b95\u0bcd\u0b95\u0bbf\u0bb1 \u0bb5\u0bbe\u0ba9\u0bae\u0bcd \u0baa\u0ba9\u0bbf\u0baf\u0bc8\u0baa\u0bcd \u0baa\u0bc6\u0baf\u0bcd\u0baf\u0bbe\u0bae\u0bb2\u0bc1\u0bae\u0bcd, \u0baa\u0bc2\u0bae\u0bbf \u0baa\u0bb2\u0ba9\u0bc8\u0b95\u0bcd \u0b95\u0bca\u0b9f\u0bc1\u0b95\u0bcd\u0b95\u0bbe\u0bae\u0bb2\u0bc1\u0bae\u0bcd \u0baa\u0bcb\u0ba9\u0ba4\u0bc1."
                },
                "11": {
                    "verse_nr": "11",
                    "verse": "\u0ba8\u0bbe\u0ba9\u0bcd \u0ba8\u0bbf\u0bb2\u0ba4\u0bcd\u0ba4\u0bbf\u0ba9\u0bcd\u0bae\u0bc7\u0bb2\u0bc1\u0bae\u0bcd, \u0bae\u0bb2\u0bc8\u0b95\u0bb3\u0bbf\u0ba9\u0bcd\u0bae\u0bc7\u0bb2\u0bc1\u0bae\u0bcd, \u0ba4\u0bbe\u0ba9\u0bbf\u0baf\u0ba4\u0bcd\u0ba4\u0bbf\u0ba9\u0bcd\u0bae\u0bc7\u0bb2\u0bc1\u0bae\u0bcd, \u0baa\u0bc1\u0ba4\u0bc1 \u0ba4\u0bbf\u0bb0\u0bbe\u0b9f\u0bcd\u0b9a\u0bc8\u0bb0\u0b9a\u0ba4\u0bcd\u0ba4\u0bbf\u0ba9\u0bcd\u0bae\u0bc7\u0bb2\u0bc1\u0bae\u0bcd, \u0b8e\u0ba3\u0bcd\u0ba3\u0bc6\u0baf\u0bbf\u0ba9\u0bcd\u0bae\u0bc7\u0bb2\u0bc1\u0bae\u0bcd, \u0baa\u0bc2\u0bae\u0bbf\u0baf\u0bbf\u0bb2\u0bcd \u0bb5\u0bbf\u0bb3\u0bc8\u0b95\u0bbf\u0bb1 \u0b8e\u0bb2\u0bcd\u0bb2\u0bbe\u0bb5\u0bb1\u0bcd\u0bb1\u0bbf\u0ba9\u0bcd\u0bae\u0bc7\u0bb2\u0bc1\u0bae\u0bcd, \u0bae\u0ba9\u0bbf\u0ba4\u0bb0\u0bcd\u0b95\u0bb3\u0bbf\u0ba9\u0bcd\u0bae\u0bc7\u0bb2\u0bc1\u0bae\u0bcd, \u0bae\u0bbf\u0bb0\u0bc1\u0b95\u0b99\u0bcd\u0b95\u0bb3\u0bbf\u0ba9\u0bcd\u0bae\u0bc7\u0bb2\u0bc1\u0bae\u0bcd, \u0b95\u0bc8\u0bb5\u0bc7\u0bb2\u0bc8 \u0b85\u0ba9\u0bc8\u0ba4\u0bcd\u0ba4\u0bbf\u0ba9\u0bcd\u0bae\u0bc7\u0bb2\u0bc1\u0bae\u0bcd \u0bb5\u0bb1\u0b9f\u0bcd\u0b9a\u0bbf\u0baf\u0bc8 \u0bb5\u0bb0\u0bc1\u0bb5\u0bbf\u0ba4\u0bcd\u0ba4\u0bc7\u0ba9\u0bcd \u0b8e\u0ba9\u0bcd\u0bb1\u0bbe\u0bb0\u0bcd."
                },
                "12": {
                    "verse_nr": "12",
                    "verse": "\u0b85\u0baa\u0bcd\u0baa\u0bca\u0bb4\u0bc1\u0ba4\u0bc1 \u0b9a\u0bc6\u0baf\u0bb2\u0bcd\u0ba4\u0bbf\u0baf\u0bc7\u0bb2\u0bbf\u0ba9\u0bcd \u0bae\u0b95\u0ba9\u0bbe\u0b95\u0bbf\u0baf \u0b9a\u0bc6\u0bb0\u0bc1\u0baa\u0bbe\u0baa\u0bc7\u0bb2\u0bc1\u0bae\u0bcd, \u0baf\u0bcb\u0ba4\u0bcd\u0b9a\u0ba4\u0bbe\u0b95\u0bcd\u0b95\u0bbf\u0ba9\u0bcd \u0bae\u0b95\u0ba9\u0bbe\u0b95\u0bbf\u0baf \u0baf\u0bcb\u0b9a\u0bc1\u0bb5\u0bbe \u0b8e\u0ba9\u0bcd\u0ba9\u0bc1\u0bae\u0bcd \u0baa\u0bbf\u0bb0\u0ba4\u0bbe\u0ba9 \u0b86\u0b9a\u0bbe\u0bb0\u0bbf\u0baf\u0ba9\u0bc1\u0bae\u0bcd, \u0b87\u0bb8\u0bcd\u0bb0\u0bb5\u0bc7\u0bb2\u0bcd \u0bae\u0b95\u0bcd\u0b95\u0bb3\u0bbf\u0bb2\u0bcd \u0bae\u0bc0\u0ba4\u0bbf\u0baf\u0bbe\u0ba9 \u0b85\u0ba9\u0bc8\u0bb5\u0bb0\u0bc1\u0bae\u0bcd \u0ba4\u0b99\u0bcd\u0b95\u0bb3\u0bcd \u0ba4\u0bc7\u0bb5\u0ba9\u0bbe\u0b95\u0bbf\u0baf \u0baf\u0bc6\u0b95\u0bcb\u0bb5\u0bbe\u0bb5\u0bc1\u0b9f\u0bc8\u0baf \u0b9a\u0ba4\u0bcd\u0ba4\u0ba4\u0bcd\u0ba4\u0bbf\u0bb1\u0bcd\u0b95\u0bc1\u0bae\u0bcd, \u0ba4\u0b99\u0bcd\u0b95\u0bb3\u0bcd \u0ba4\u0bc7\u0bb5\u0ba9\u0bbe\u0b95\u0bbf\u0baf \u0baf\u0bc6\u0b95\u0bcb\u0bb5\u0bbe \u0b85\u0ba9\u0bc1\u0baa\u0bcd\u0baa\u0bbf\u0ba9 \u0b86\u0b95\u0bbe\u0baf\u0bcd \u0b8e\u0ba9\u0bcd\u0ba9\u0bc1\u0bae\u0bcd \u0ba4\u0bc0\u0bb0\u0bcd\u0b95\u0bcd\u0b95\u0ba4\u0bb0\u0bbf\u0b9a\u0bbf\u0baf\u0bbf\u0ba9\u0bc1\u0b9f\u0bc8\u0baf \u0bb5\u0bbe\u0bb0\u0bcd\u0ba4\u0bcd\u0ba4\u0bc8\u0b95\u0bb3\u0bc1\u0b95\u0bcd\u0b95\u0bc1\u0bae\u0bcd \u0b9a\u0bc6\u0bb5\u0bbf\u0b95\u0bca\u0b9f\u0bc1\u0ba4\u0bcd\u0ba4\u0bbe\u0bb0\u0bcd\u0b95\u0bb3\u0bcd, \u0bae\u0b95\u0bcd\u0b95\u0bb3\u0bcd \u0baf\u0bc6\u0b95\u0bcb\u0bb5\u0bbe\u0bb5\u0bc1\u0b95\u0bcd\u0b95\u0bc1 \u0bae\u0bc1\u0ba9\u0bcd\u0baa\u0bbe\u0b95\u0baa\u0bcd \u0baa\u0baf\u0ba8\u0bcd\u0ba4\u0bbf\u0bb0\u0bc1\u0ba8\u0bcd\u0ba4\u0bbe\u0bb0\u0bcd\u0b95\u0bb3\u0bcd."
                },
                "13": {
                    "verse_nr": "13",
                    "verse": "\u0b85\u0baa\u0bcd\u0baa\u0bca\u0bb4\u0bc1\u0ba4\u0bc1 \u0baf\u0bc6\u0b95\u0bcb\u0bb5\u0bbe\u0bb5\u0bc1\u0b9f\u0bc8\u0baf \u0ba4\u0bc2\u0ba4\u0ba9\u0bbe\u0b95\u0bbf\u0baf \u0b86\u0b95\u0bbe\u0baf\u0bcd, \u0baf\u0bc6\u0b95\u0bcb\u0bb5\u0bbe \u0ba4\u0bc2\u0ba4\u0ba9\u0bc1\u0baa\u0bcd\u0baa\u0bbf\u0baf \u0bb5\u0bbe\u0bb0\u0bcd\u0ba4\u0bcd\u0ba4\u0bc8\u0baf\u0bbf\u0ba9\u0bcd\u0baa\u0b9f\u0bbf \u0bae\u0b95\u0bcd\u0b95\u0bb3\u0bc8 \u0ba8\u0bcb\u0b95\u0bcd\u0b95\u0bbf: \u0ba8\u0bbe\u0ba9\u0bcd \u0b89\u0b99\u0bcd\u0b95\u0bb3\u0bcb\u0b9f\u0bc7 \u0b87\u0bb0\u0bc1\u0b95\u0bcd\u0b95\u0bbf\u0bb1\u0bc7\u0ba9\u0bcd \u0b8e\u0ba9\u0bcd\u0bb1\u0bc1 \u0baf\u0bc6\u0b95\u0bcb\u0bb5\u0bbe \u0b9a\u0bca\u0bb2\u0bcd\u0bb2\u0bc1\u0b95\u0bbf\u0bb1\u0bbe\u0bb0\u0bcd \u0b8e\u0ba9\u0bcd\u0bb1\u0bbe\u0ba9\u0bcd."
                },
                "14": {
                    "verse_nr": "14",
                    "verse": "\u0baa\u0bbf\u0ba9\u0bcd\u0baa\u0bc1 \u0baf\u0bc6\u0b95\u0bcb\u0bb5\u0bbe \u0b9a\u0bc6\u0baf\u0bb2\u0bcd\u0ba4\u0bbf\u0baf\u0bc7\u0bb2\u0bbf\u0ba9\u0bcd \u0bae\u0b95\u0ba9\u0bbe\u0b95\u0bbf\u0baf \u0b9a\u0bc6\u0bb0\u0bc1\u0baa\u0bbe\u0baa\u0bc7\u0bb2\u0bcd \u0b8e\u0ba9\u0bcd\u0ba9\u0bc1\u0bae\u0bcd \u0baf\u0bc2\u0ba4\u0bbe\u0bb5\u0bbf\u0ba9\u0bcd \u0ba4\u0bb2\u0bc8\u0bb5\u0ba9\u0bc1\u0b9f\u0bc8\u0baf \u0b86\u0bb5\u0bbf\u0baf\u0bc8\u0baf\u0bc1\u0bae\u0bcd, \u0baf\u0bcb\u0ba4\u0bcd\u0b9a\u0ba4\u0bbe\u0b95\u0bcd\u0b95\u0bbf\u0ba9\u0bcd \u0bae\u0b95\u0ba9\u0bbe\u0b95\u0bbf\u0baf \u0baf\u0bcb\u0b9a\u0bc1\u0bb5\u0bbe \u0b8e\u0ba9\u0bcd\u0ba9\u0bc1\u0bae\u0bcd \u0baa\u0bbf\u0bb0\u0ba4\u0bbe\u0ba9 \u0b86\u0b9a\u0bbe\u0bb0\u0bbf\u0baf\u0ba9\u0bc1\u0b9f\u0bc8\u0baf \u0b86\u0bb5\u0bbf\u0baf\u0bc8\u0baf\u0bc1\u0bae\u0bcd \u0bae\u0b95\u0bcd\u0b95\u0bb3\u0bbf\u0bb2\u0bcd \u0bae\u0bc0\u0ba4\u0bbf\u0baf\u0bbe\u0ba9 \u0b8e\u0bb2\u0bcd\u0bb2\u0bcb\u0bb0\u0bc1\u0b9f\u0bc8\u0baf \u0b86\u0bb5\u0bbf\u0baf\u0bc8\u0baf\u0bc1\u0bae\u0bcd \u0b8e\u0bb4\u0bc1\u0baa\u0bcd\u0baa\u0bbf\u0ba9\u0bbe\u0bb0\u0bcd; \u0b85\u0bb5\u0bb0\u0bcd\u0b95\u0bb3\u0bcd \u0bb5\u0ba8\u0bcd\u0ba4\u0bc1, \u0ba4\u0b99\u0bcd\u0b95\u0bb3\u0bcd \u0ba4\u0bc7\u0bb5\u0ba9\u0bbe\u0b95\u0bbf\u0baf \u0b9a\u0bc7\u0ba9\u0bc8\u0b95\u0bb3\u0bc1\u0b9f\u0bc8\u0baf \u0baf\u0bc6\u0b95\u0bcb\u0bb5\u0bbe\u0bb5\u0bbf\u0ba9\u0bcd \u0b86\u0bb2\u0baf\u0ba4\u0bcd\u0ba4\u0bbf\u0bb2\u0bc7 \u0bb5\u0bc7\u0bb2\u0bc8\u0b9a\u0bc6\u0baf\u0bcd\u0ba4\u0bbe\u0bb0\u0bcd\u0b95\u0bb3\u0bcd."
                },
                "15": {
                    "verse_nr": "15",
                    "verse": "\u0ba4\u0bb0\u0bbf\u0baf\u0bc1 \u0bb0\u0bbe\u0b9c\u0bbe\u0bb5\u0bbf\u0ba9\u0bcd \u0b86\u0b9f\u0bcd\u0b9a\u0bbf\u0baf\u0bbf\u0ba9\u0bcd \u0b87\u0bb0\u0ba3\u0bcd\u0b9f\u0bbe\u0bae\u0bcd \u0bb5\u0bb0\u0bc1\u0b9f\u0bae\u0bcd \u0b86\u0bb1\u0bbe\u0bae\u0bcd \u0bae\u0bbe\u0ba4\u0bae\u0bcd \u0b87\u0bb0\u0bc1\u0baa\u0ba4\u0bcd\u0ba4\u0bc1 \u0ba8\u0bbe\u0ba9\u0bcd\u0b95\u0bbe\u0bae\u0bcd \u0ba4\u0bc7\u0ba4\u0bbf\u0baf\u0bbf\u0bb2\u0bc7 \u0b87\u0ba4\u0bc1 \u0ba8\u0b9f\u0ba8\u0bcd\u0ba4\u0ba4\u0bc1."
                }
            }
        },
        "2": {
            "chapter_nr": "2",
            "chapter": {
                "1": {
                    "verse_nr": "1",
                    "verse": "\u0bb0\u0bbe\u0b9c\u0bbe\u0bb5\u0bbe\u0b95\u0bbf\u0baf \u0ba4\u0bb0\u0bbf\u0baf\u0bc1 \u0b85\u0bb0\u0b9a\u0bbe\u0ba3\u0bcd\u0b9f \u0b8f\u0bb4\u0bbe\u0bae\u0bcd \u0bae\u0bbe\u0ba4\u0bae\u0bcd \u0b87\u0bb0\u0bc1\u0baa\u0ba4\u0bcd\u0ba4\u0bca\u0ba9\u0bcd\u0bb1\u0bbe\u0bae\u0bcd \u0ba4\u0bc7\u0ba4\u0bbf\u0baf\u0bbf\u0bb2\u0bc7 \u0b86\u0b95\u0bbe\u0baf\u0bcd \u0b8e\u0ba9\u0bcd\u0ba9\u0bc1\u0bae\u0bcd \u0ba4\u0bc0\u0bb0\u0bcd\u0b95\u0bcd\u0b95\u0ba4\u0bb0\u0bbf\u0b9a\u0bbf\u0baf\u0bbf\u0ba9\u0bcd \u0bae\u0bc2\u0bb2\u0bae\u0bbe\u0b95, \u0baf\u0bc6\u0b95\u0bcb\u0bb5\u0bbe\u0bb5\u0bc1\u0b9f\u0bc8\u0baf \u0bb5\u0bbe\u0bb0\u0bcd\u0ba4\u0bcd\u0ba4\u0bc8 \u0b89\u0ba3\u0bcd\u0b9f\u0bbe\u0ba9\u0ba4\u0bc1; \u0b85\u0bb5\u0bb0\u0bcd:"
                },
                "2": {
                    "verse_nr": "2",
                    "verse": "\u0ba8\u0bc0 \u0b9a\u0bc6\u0baf\u0bb2\u0bcd\u0ba4\u0bbf\u0baf\u0bc7\u0bb2\u0bbf\u0ba9\u0bcd \u0bae\u0b95\u0ba9\u0bbe\u0b95\u0bbf\u0baf \u0b9a\u0bc6\u0bb0\u0bc1\u0baa\u0bbe\u0baa\u0bc7\u0bb2\u0bcd \u0b8e\u0ba9\u0bcd\u0ba9\u0bc1\u0bae\u0bcd \u0baf\u0bc2\u0ba4\u0bbe\u0bb5\u0bbf\u0ba9\u0bcd \u0ba4\u0bb2\u0bc8\u0bb5\u0ba9\u0bcb\u0b9f\u0bc1\u0bae\u0bcd, \u0baf\u0bcb\u0ba4\u0bcd\u0b9a\u0ba4\u0bbe\u0b95\u0bcd\u0b95\u0bbf\u0ba9\u0bcd \u0bae\u0b95\u0ba9\u0bbe\u0b95\u0bbf\u0baf \u0baf\u0bcb\u0b9a\u0bc1\u0bb5\u0bbe \u0b8e\u0ba9\u0bcd\u0ba9\u0bc1\u0bae\u0bcd \u0baa\u0bbf\u0bb0\u0ba4\u0bbe\u0ba9 \u0b86\u0b9a\u0bbe\u0bb0\u0bbf\u0baf\u0ba9\u0bcb\u0b9f\u0bc1\u0bae\u0bcd, \u0bae\u0b95\u0bcd\u0b95\u0bb3\u0bbf\u0bb2\u0bcd \u0bae\u0bc0\u0ba4\u0bbf\u0baf\u0bbe\u0ba9\u0bb5\u0bb0\u0bcd\u0b95\u0bb3\u0bcb\u0b9f\u0bc1\u0bae\u0bcd \u0b9a\u0bca\u0bb2\u0bcd\u0bb2\u0bb5\u0bc7\u0ba3\u0bcd\u0b9f\u0bbf\u0baf\u0ba4\u0bc1 \u0b8e\u0ba9\u0bcd\u0ba9\u0bb5\u0bc6\u0ba9\u0bcd\u0bb1\u0bbe\u0bb2\u0bcd:"
                },
                "3": {
                    "verse_nr": "3",
                    "verse": "\u0b87\u0ba8\u0bcd\u0ba4 \u0b86\u0bb2\u0baf\u0ba4\u0bcd\u0ba4\u0bbf\u0ba9\u0bcd \u0bae\u0bc1\u0ba8\u0bcd\u0ba4\u0bbf\u0ba9 \u0bae\u0b95\u0bbf\u0bae\u0bc8\u0baf\u0bc8\u0b95\u0bcd \u0b95\u0ba3\u0bcd\u0b9f\u0bb5\u0bb0\u0bcd\u0b95\u0bb3\u0bbf\u0bb2\u0bcd \u0b89\u0b99\u0bcd\u0b95\u0bb3\u0bc1\u0b95\u0bcd\u0b95\u0bc1\u0bb3\u0bcd\u0bb3\u0bc7 \u0bae\u0bc0\u0ba4\u0bbf\u0baf\u0bbe\u0baf\u0bbf\u0bb0\u0bc1\u0b95\u0bcd\u0b95\u0bbf\u0bb1\u0bb5\u0bb0\u0bcd\u0b95\u0bb3\u0bcd \u0baf\u0bbe\u0bb0\u0bcd? \u0b87\u0baa\u0bcd\u0baa\u0bca\u0bb4\u0bc1\u0ba4\u0bc1 \u0b87\u0ba4\u0bc1 \u0b89\u0b99\u0bcd\u0b95\u0bb3\u0bc1\u0b95\u0bcd\u0b95\u0bc1 \u0b8e\u0baa\u0bcd\u0baa\u0b9f\u0bbf\u0ba4\u0bcd \u0ba4\u0bcb\u0ba9\u0bcd\u0bb1\u0bc1\u0b95\u0bbf\u0bb1\u0ba4\u0bc1? \u0b85\u0ba4\u0bb1\u0bcd\u0b95\u0bc1 \u0b87\u0ba4\u0bc1 \u0b89\u0b99\u0bcd\u0b95\u0bb3\u0bcd \u0baa\u0bbe\u0bb0\u0bcd\u0bb5\u0bc8\u0baf\u0bbf\u0bb2\u0bcd \u0b92\u0ba9\u0bcd\u0bb1\u0bc1\u0bae\u0bbf\u0bb2\u0bcd\u0bb2\u0bbe\u0ba4\u0ba4\u0bc1\u0baa\u0bcb\u0bb2\u0bcd \u0ba4\u0bcb\u0ba9\u0bcd\u0bb1\u0bc1\u0b95\u0bbf\u0bb1\u0ba4\u0bb2\u0bcd\u0bb2\u0bb5\u0bbe?"
                },
                "4": {
                    "verse_nr": "4",
                    "verse": "\u0b86\u0ba9\u0bbe\u0bb2\u0bc1\u0bae\u0bcd \u0b9a\u0bc6\u0bb0\u0bc1\u0baa\u0bbe\u0baa\u0bc7\u0bb2\u0bc7, \u0ba8\u0bc0 \u0ba4\u0bbf\u0b9f\u0ba9\u0bcd\u0b95\u0bca\u0bb3\u0bcd \u0b8e\u0ba9\u0bcd\u0bb1\u0bc1 \u0baf\u0bc6\u0b95\u0bcb\u0bb5\u0bbe \u0b9a\u0bca\u0bb2\u0bcd\u0bb2\u0bc1\u0b95\u0bbf\u0bb1\u0bbe\u0bb0\u0bcd; \u0baf\u0bcb\u0ba4\u0bcd\u0b9a\u0ba4\u0bbe\u0b95\u0bcd\u0b95\u0bbf\u0ba9\u0bcd \u0bae\u0b95\u0ba9\u0bbe\u0b95\u0bbf\u0baf \u0baf\u0bcb\u0b9a\u0bc1\u0bb5\u0bbe \u0b8e\u0ba9\u0bcd\u0ba9\u0bc1\u0bae\u0bcd \u0baa\u0bbf\u0bb0\u0ba4\u0bbe\u0ba9 \u0b86\u0b9a\u0bbe\u0bb0\u0bbf\u0baf\u0ba9\u0bc7, \u0ba8\u0bc0 \u0ba4\u0bbf\u0b9f\u0ba9\u0bcd\u0b95\u0bca\u0bb3\u0bcd; \u0ba4\u0bc7\u0b9a\u0ba4\u0bcd\u0ba4\u0bbf\u0ba9\u0bcd \u0b8e\u0bb2\u0bcd\u0bb2\u0bbe \u0bae\u0b95\u0bcd\u0b95\u0bb3\u0bc7, \u0ba8\u0bc0\u0b99\u0bcd\u0b95\u0bb3\u0bcd \u0ba4\u0bbf\u0b9f\u0ba9\u0bcd \u0b95\u0bca\u0bb3\u0bcd\u0bb3\u0bc1\u0b99\u0bcd\u0b95\u0bb3\u0bcd, \u0bb5\u0bc7\u0bb2\u0bc8\u0baf\u0bc8 \u0ba8\u0b9f\u0ba4\u0bcd\u0ba4\u0bc1\u0b99\u0bcd\u0b95\u0bb3\u0bcd \u0b8e\u0ba9\u0bcd\u0bb1\u0bc1 \u0baf\u0bc6\u0b95\u0bcb\u0bb5\u0bbe \u0b9a\u0bca\u0bb2\u0bcd\u0bb2\u0bc1\u0b95\u0bbf\u0bb1\u0bbe\u0bb0\u0bcd; \u0ba8\u0bbe\u0ba9\u0bcd \u0b89\u0b99\u0bcd\u0b95\u0bb3\u0bc1\u0b9f\u0ba9\u0bc7 \u0b87\u0bb0\u0bc1\u0b95\u0bcd\u0b95\u0bbf\u0bb1\u0bc7\u0ba9\u0bcd \u0b8e\u0ba9\u0bcd\u0bb1\u0bc1 \u0b9a\u0bc7\u0ba9\u0bc8\u0b95\u0bb3\u0bbf\u0ba9\u0bcd \u0baf\u0bc6\u0b95\u0bcb\u0bb5\u0bbe \u0b9a\u0bca\u0bb2\u0bcd\u0bb2\u0bc1\u0b95\u0bbf\u0bb1\u0bbe\u0bb0\u0bcd."
                },
                "5": {
                    "verse_nr": "5",
                    "verse": "\u0ba8\u0bc0\u0b99\u0bcd\u0b95\u0bb3\u0bcd \u0b8e\u0b95\u0bbf\u0baa\u0bcd\u0ba4\u0bbf\u0bb2\u0bbf\u0bb0\u0bc1\u0ba8\u0bcd\u0ba4\u0bc1 \u0baa\u0bc1\u0bb1\u0baa\u0bcd\u0baa\u0b9f\u0bc1\u0b95\u0bbf\u0bb1\u0baa\u0bcb\u0ba4\u0bc1 \u0ba8\u0bbe\u0ba9\u0bcd \u0b89\u0b99\u0bcd\u0b95\u0bb3\u0bcb\u0b9f\u0bc7 \u0b89\u0b9f\u0ba9\u0bcd\u0baa\u0b9f\u0bbf\u0b95\u0bcd\u0b95\u0bc8\u0b9a\u0bc6\u0baf\u0bcd\u0ba4 \u0bb5\u0bbe\u0bb0\u0bcd\u0ba4\u0bcd\u0ba4\u0bc8\u0baf\u0bbf\u0ba9\u0bcd\u0baa\u0b9f\u0bbf\u0baf\u0bc7, \u0b8e\u0ba9\u0bcd \u0b86\u0bb5\u0bbf\u0baf\u0bbe\u0ba9\u0bb5\u0bb0\u0bc1\u0bae\u0bcd \u0b89\u0b99\u0bcd\u0b95\u0bb3\u0bcd \u0ba8\u0b9f\u0bc1\u0bb5\u0bbf\u0bb2\u0bcd \u0ba8\u0bbf\u0bb2\u0bc8\u0b95\u0bca\u0ba3\u0bcd\u0b9f\u0bbf\u0bb0\u0bc1\u0baa\u0bcd\u0baa\u0bbe\u0bb0\u0bcd; \u0baa\u0baf\u0baa\u0bcd\u0baa\u0b9f\u0bbe\u0ba4\u0bc7\u0baf\u0bc1\u0b99\u0bcd\u0b95\u0bb3\u0bcd."
                },
                "6": {
                    "verse_nr": "6",
                    "verse": "\u0b9a\u0bc7\u0ba9\u0bc8\u0b95\u0bb3\u0bbf\u0ba9\u0bcd \u0baf\u0bc6\u0b95\u0bcb\u0bb5\u0bbe \u0b9a\u0bca\u0bb2\u0bcd\u0bb2\u0bc1\u0b95\u0bbf\u0bb1\u0bbe\u0bb0\u0bcd: \u0b95\u0bca\u0b9e\u0bcd\u0b9a\u0b95\u0bcd\u0b95\u0bbe\u0bb2\u0ba4\u0bcd\u0ba4\u0bbf\u0bb1\u0bcd\u0b95\u0bc1\u0bb3\u0bcd\u0bb3\u0bc7 \u0b87\u0ba9\u0bcd\u0ba9\u0bc1\u0bae\u0bcd \u0b92\u0bb0\u0bc1\u0bae\u0bc1\u0bb1\u0bc8 \u0ba8\u0bbe\u0ba9\u0bcd \u0bb5\u0bbe\u0ba9\u0ba4\u0bcd\u0ba4\u0bc8\u0baf\u0bc1\u0bae\u0bcd, \u0baa\u0bc2\u0bae\u0bbf\u0baf\u0bc8\u0baf\u0bc1\u0bae\u0bcd, \u0b9a\u0bae\u0bc1\u0ba4\u0bcd\u0ba4\u0bbf\u0bb0\u0ba4\u0bcd\u0ba4\u0bc8\u0baf\u0bc1\u0bae\u0bcd, \u0bb5\u0bc6\u0b9f\u0bcd\u0b9f\u0bbe\u0ba8\u0bcd\u0ba4\u0bb0\u0bc8\u0baf\u0bc8\u0baf\u0bc1\u0bae\u0bcd \u0b85\u0b9a\u0bc8\u0baf\u0b9a\u0bcd\u0b9a\u0bc6\u0baf\u0bcd\u0bb5\u0bc7\u0ba9\u0bcd."
                },
                "7": {
                    "verse_nr": "7",
                    "verse": "\u0b9a\u0b95\u0bb2 \u0ba4\u0bc7\u0b9a\u0b99\u0bcd\u0b95\u0bb3\u0bc8\u0baf\u0bc1\u0bae\u0bcd \u0b85\u0b9a\u0bc8\u0baf\u0b9a\u0bcd\u0b9a\u0bc6\u0baf\u0bcd\u0bb5\u0bc7\u0ba9\u0bcd, \u0b9a\u0b95\u0bb2 \u0ba4\u0bc7\u0b9a\u0b99\u0bcd\u0b95\u0bb3\u0bbe\u0bb2\u0bc1\u0bae\u0bcd \u0bb5\u0bbf\u0bb0\u0bc1\u0bae\u0bcd\u0baa\u0baa\u0bcd\u0baa\u0b9f\u0bcd\u0b9f\u0bb5\u0bb0\u0bcd \u0bb5\u0bb0\u0bc1\u0bb5\u0bbe\u0bb0\u0bcd; \u0b87\u0ba8\u0bcd\u0ba4 \u0b86\u0bb2\u0baf\u0ba4\u0bcd\u0ba4\u0bc8 \u0bae\u0b95\u0bbf\u0bae\u0bc8\u0baf\u0bbf\u0ba9\u0bbe\u0bb2\u0bcd \u0ba8\u0bbf\u0bb1\u0bc8\u0baf\u0b9a\u0bcd\u0b9a\u0bc6\u0baf\u0bcd\u0bb5\u0bc7\u0ba9\u0bcd \u0b8e\u0ba9\u0bcd\u0bb1\u0bc1 \u0b9a\u0bc7\u0ba9\u0bc8\u0b95\u0bb3\u0bbf\u0ba9\u0bcd \u0baf\u0bc6\u0b95\u0bcb\u0bb5\u0bbe \u0b9a\u0bca\u0bb2\u0bcd\u0bb2\u0bc1\u0b95\u0bbf\u0bb1\u0bbe\u0bb0\u0bcd."
                },
                "8": {
                    "verse_nr": "8",
                    "verse": "\u0bb5\u0bc6\u0bb3\u0bcd\u0bb3\u0bbf\u0baf\u0bc1\u0bae\u0bcd \u0baa\u0bca\u0ba9\u0bcd\u0ba9\u0bc1\u0bae\u0bcd \u0b8e\u0ba9\u0bcd\u0ba9\u0bc1\u0b9f\u0bc8\u0baf\u0ba4\u0bc1 \u0b8e\u0ba9\u0bcd\u0bb1\u0bc1 \u0b9a\u0bc7\u0ba9\u0bc8\u0b95\u0bb3\u0bbf\u0ba9\u0bcd \u0baf\u0bc6\u0b95\u0bcb\u0bb5\u0bbe \u0b9a\u0bca\u0bb2\u0bcd\u0bb2\u0bc1\u0b95\u0bbf\u0bb1\u0bbe\u0bb0\u0bcd."
                },
                "9": {
                    "verse_nr": "9",
                    "verse": "\u0bae\u0bc1\u0ba8\u0bcd\u0ba4\u0bbf\u0ba9 \u0b86\u0bb2\u0baf\u0ba4\u0bcd\u0ba4\u0bbf\u0ba9\u0bcd \u0bae\u0b95\u0bbf\u0bae\u0bc8\u0baf\u0bc8\u0b95\u0bcd\u0b95\u0bbe\u0b9f\u0bcd\u0b9f\u0bbf\u0bb2\u0bc1\u0bae\u0bcd, \u0b87\u0ba8\u0bcd\u0ba4\u0baa\u0bcd \u0baa\u0bbf\u0ba8\u0bcd\u0ba4\u0bbf\u0ba9 \u0b86\u0bb2\u0baf\u0ba4\u0bcd\u0ba4\u0bbf\u0ba9\u0bcd \u0bae\u0b95\u0bbf\u0bae\u0bc8 \u0baa\u0bc6\u0bb0\u0bbf\u0ba4\u0bbe\u0baf\u0bbf\u0bb0\u0bc1\u0b95\u0bcd\u0b95\u0bc1\u0bae\u0bcd \u0b8e\u0ba9\u0bcd\u0bb1\u0bc1 \u0b9a\u0bc7\u0ba9\u0bc8\u0b95\u0bb3\u0bbf\u0ba9\u0bcd \u0baf\u0bc6\u0b95\u0bcb\u0bb5\u0bbe \u0b9a\u0bca\u0bb2\u0bcd\u0bb2\u0bc1\u0b95\u0bbf\u0bb1\u0bbe\u0bb0\u0bcd; \u0b87\u0bb5\u0bcd\u0bb5\u0bbf\u0b9f\u0ba4\u0bcd\u0ba4\u0bbf\u0bb2\u0bc7 \u0b9a\u0bae\u0bbe\u0ba4\u0bbe\u0ba9\u0ba4\u0bcd\u0ba4\u0bc8\u0b95\u0bcd \u0b95\u0b9f\u0bcd\u0b9f\u0bb3\u0bc8\u0baf\u0bbf\u0b9f\u0bc1\u0bb5\u0bc7\u0ba9\u0bcd \u0b8e\u0ba9\u0bcd\u0bb1\u0bc1 \u0b9a\u0bc7\u0ba9\u0bc8\u0b95\u0bb3\u0bbf\u0ba9\u0bcd \u0baf\u0bc6\u0b95\u0bcb\u0bb5\u0bbe \u0b89\u0bb0\u0bc8\u0b95\u0bcd\u0b95\u0bbf\u0bb1\u0bbe\u0bb0\u0bcd \u0b8e\u0ba9\u0bcd\u0bb1\u0bc1 \u0b9a\u0bca\u0bb2\u0bcd \u0b8e\u0ba9\u0bcd\u0bb1\u0bbe\u0bb0\u0bcd."
                },
                "10": {
                    "verse_nr": "10",
                    "verse": "\u0ba4\u0bb0\u0bbf\u0baf\u0bc1\u0bb5\u0bbf\u0ba9\u0bcd \u0b86\u0b9f\u0bcd\u0b9a\u0bbf\u0baf\u0bbf\u0ba9\u0bcd \u0b87\u0bb0\u0ba3\u0bcd\u0b9f\u0bbe\u0bae\u0bcd \u0bb5\u0bb0\u0bc1\u0b9f\u0bae\u0bcd \u0b92\u0ba9\u0bcd\u0baa\u0ba4\u0bbe\u0bae\u0bcd \u0bae\u0bbe\u0ba4\u0bae\u0bcd \u0b87\u0bb0\u0bc1\u0baa\u0ba4\u0bcd\u0ba4\u0bbf\u0ba8\u0bbe\u0ba9\u0bcd\u0b95\u0bbe\u0bae\u0bcd \u0ba4\u0bc7\u0ba4\u0bbf\u0baf\u0bbf\u0bb2\u0bc7, \u0b86\u0b95\u0bbe\u0baf\u0bcd \u0b8e\u0ba9\u0bcd\u0ba9\u0bc1\u0bae\u0bcd \u0ba4\u0bc0\u0bb0\u0bcd\u0b95\u0bcd\u0b95\u0ba4\u0bb0\u0bbf\u0b9a\u0bbf\u0baf\u0bbf\u0ba9\u0bcd \u0bae\u0bc2\u0bb2\u0bae\u0bbe\u0b95\u0b95\u0bcd \u0baf\u0bc6\u0b95\u0bcb\u0bb5\u0bbe\u0bb5\u0bc1\u0b9f\u0bc8\u0baf \u0bb5\u0bbe\u0bb0\u0bcd\u0ba4\u0bcd\u0ba4\u0bc8 \u0b89\u0ba3\u0bcd\u0b9f\u0bbe\u0ba9\u0ba4\u0bc1; \u0b85\u0bb5\u0bb0\u0bcd:"
                },
                "11": {
                    "verse_nr": "11",
                    "verse": "\u0b92\u0bb0\u0bc1\u0bb5\u0ba9\u0bcd \u0ba4\u0ba9\u0bcd \u0b86\u0b9f\u0bc8\u0baf\u0bbf\u0ba9\u0bcd \u0ba4\u0bca\u0b99\u0bcd\u0b95\u0bb2\u0bbf\u0bb2\u0bc7 \u0baa\u0bb0\u0bbf\u0b9a\u0bc1\u0ba4\u0bcd\u0ba4 \u0bae\u0bbe\u0bae\u0bcd\u0b9a\u0ba4\u0bcd\u0ba4\u0bc8\u0b95\u0bcd \u0b95\u0bca\u0ba3\u0bcd\u0b9f\u0bc1\u0baa\u0bcb\u0b95\u0bc1\u0bae\u0bcd\u0baa\u0bcb\u0ba4\u0bc1 \u0ba4\u0ba9\u0bcd \u0b86\u0b9f\u0bc8\u0baf\u0bbf\u0ba9\u0bcd \u0ba4\u0bca\u0b99\u0bcd\u0b95\u0bb2\u0bcd, \u0b85\u0baa\u0bcd\u0baa\u0ba4\u0bcd\u0ba4\u0bc8\u0baf\u0bbe\u0b95\u0bbf\u0bb2\u0bc1\u0bae\u0bcd, \u0b9a\u0bbe\u0ba4\u0ba4\u0bcd\u0ba4\u0bc8\u0baf\u0bbe\u0b95\u0bbf\u0bb2\u0bc1\u0bae\u0bcd, \u0ba4\u0bbf\u0bb0\u0bbe\u0b9f\u0bcd\u0b9a\u0bc8\u0bb0\u0b9a\u0ba4\u0bcd\u0ba4\u0bc8\u0baf\u0bbe\u0b95\u0bbf\u0bb2\u0bc1\u0bae\u0bcd, \u0b8e\u0ba3\u0bcd\u0ba3\u0bc6\u0baf\u0bc8\u0baf\u0bbe\u0b95\u0bbf\u0bb2\u0bc1\u0bae\u0bcd, \u0bae\u0bb1\u0bcd\u0bb1\u0bc6\u0ba8\u0bcd\u0ba4 \u0b89\u0ba3\u0bb5\u0bc8\u0baf\u0bbe\u0b95\u0bbf\u0bb2\u0bc1\u0bae\u0bcd \u0ba4\u0bca\u0b9f\u0bcd\u0b9f\u0bbe\u0bb2\u0bcd \u0b85\u0ba4\u0bc1 \u0baa\u0bb0\u0bbf\u0b9a\u0bc1\u0ba4\u0bcd\u0ba4\u0bae\u0bbe\u0b95\u0bc1\u0bae\u0bcb \u0b8e\u0ba9\u0bcd\u0bb1\u0bc1 \u0ba8\u0bc0 \u0b86\u0b9a\u0bbe\u0bb0\u0bbf\u0baf\u0bb0\u0bcd\u0b95\u0bb3\u0bbf\u0b9f\u0ba4\u0bcd\u0ba4\u0bbf\u0bb2\u0bcd \u0bb5\u0bc7\u0ba4 \u0ba8\u0bbf\u0baf\u0bbe\u0baf\u0ba4\u0bcd\u0ba4\u0bc8\u0baa\u0bcd\u0baa\u0bb1\u0bcd\u0bb1\u0bbf\u0b95\u0bcd \u0b95\u0bc7\u0bb3\u0bcd \u0b8e\u0ba9\u0bcd\u0bb1\u0bc1 \u0b9a\u0bc7\u0ba9\u0bc8\u0b95\u0bb3\u0bbf\u0ba9\u0bcd \u0baf\u0bc6\u0b95\u0bcb\u0bb5\u0bbe \u0b9a\u0bca\u0bb2\u0bcd\u0bb2\u0bc1\u0b95\u0bbf\u0bb1\u0bbe\u0bb0\u0bcd \u0b8e\u0ba9\u0bcd\u0bb1\u0bbe\u0bb0\u0bcd."
                },
                "12": {
                    "verse_nr": "12",
                    "verse": "\u0b85\u0ba4\u0bb1\u0bcd\u0b95\u0bc1 \u0b86\u0b9a\u0bbe\u0bb0\u0bbf\u0baf\u0bb0\u0bcd\u0b95\u0bb3\u0bcd \u0bae\u0bb1\u0bc1\u0bae\u0bca\u0bb4\u0bbf\u0baf\u0bbe\u0b95: \u0baa\u0bb0\u0bbf\u0b9a\u0bc1\u0ba4\u0bcd\u0ba4\u0bae\u0bbe\u0b95\u0bbe\u0ba4\u0bc1 \u0b8e\u0ba9\u0bcd\u0bb1\u0bbe\u0bb0\u0bcd\u0b95\u0bb3\u0bcd."
                },
                "13": {
                    "verse_nr": "13",
                    "verse": "\u0baa\u0bbf\u0ba3\u0ba4\u0bcd\u0ba4\u0bbe\u0bb2\u0bcd \u0ba4\u0bc0\u0b9f\u0bcd\u0b9f\u0bc1\u0baa\u0bcd\u0baa\u0b9f\u0bcd\u0b9f\u0bb5\u0ba9\u0bcd \u0b85\u0bb5\u0bc8\u0b95\u0bb3\u0bbf\u0bb2\u0bcd \u0b8e\u0ba4\u0bc8\u0baf\u0bbe\u0b95\u0bbf\u0bb2\u0bc1\u0bae\u0bcd \u0ba4\u0bca\u0b9f\u0bcd\u0b9f\u0bbe\u0bb2\u0bcd, \u0b85\u0ba4\u0bc1 \u0ba4\u0bc0\u0b9f\u0bcd\u0b9f\u0bc1\u0baa\u0bcd\u0baa\u0b9f\u0bc1\u0bae\u0bcb \u0b8e\u0ba9\u0bcd\u0bb1\u0bc1 \u0b86\u0b95\u0bbe\u0baf\u0bcd \u0bae\u0bc7\u0bb2\u0bc1\u0bae\u0bcd \u0b95\u0bc7\u0b9f\u0bcd\u0b9f\u0bbe\u0ba9\u0bcd; \u0b85\u0ba4\u0bb1\u0bcd\u0b95\u0bc1 \u0b86\u0b9a\u0bbe\u0bb0\u0bbf\u0baf\u0bb0\u0bcd\u0b95\u0bb3\u0bcd \u0bae\u0bb1\u0bc1\u0bae\u0bca\u0bb4\u0bbf\u0baf\u0bbe\u0b95: \u0ba4\u0bc0\u0b9f\u0bcd\u0b9f\u0bc1\u0baa\u0bcd\u0baa\u0b9f\u0bc1\u0bae\u0bcd \u0b8e\u0ba9\u0bcd\u0bb1\u0bbe\u0bb0\u0bcd\u0b95\u0bb3\u0bcd."
                },
                "14": {
                    "verse_nr": "14",
                    "verse": "\u0b85\u0baa\u0bcd\u0baa\u0bca\u0bb4\u0bc1\u0ba4\u0bc1 \u0b86\u0b95\u0bbe\u0baf\u0bcd; \u0b85\u0baa\u0bcd\u0baa\u0b9f\u0bbf\u0baf\u0bc7 \u0b87\u0ba8\u0bcd\u0ba4 \u0bae\u0b95\u0bcd\u0b95\u0bb3\u0bc1\u0bae\u0bcd \u0b87\u0ba8\u0bcd\u0ba4 \u0ba4\u0bc7\u0b9a\u0ba4\u0bcd\u0ba4\u0bbe\u0bb0\u0bc1\u0bae\u0bcd \u0b8e\u0ba9\u0bcd \u0b9a\u0bae\u0bc1\u0b95\u0ba4\u0bcd\u0ba4\u0bbf\u0bb2\u0bcd \u0b87\u0bb0\u0bc1\u0b95\u0bcd\u0b95\u0bbf\u0bb1\u0bbe\u0bb0\u0bcd\u0b95\u0bb3\u0bcd \u0b8e\u0ba9\u0bcd\u0bb1\u0bc1 \u0baf\u0bc6\u0b95\u0bcb\u0bb5\u0bbe \u0b9a\u0bca\u0bb2\u0bcd\u0bb2\u0bc1\u0b95\u0bbf\u0bb1\u0bbe\u0bb0\u0bcd; \u0b85\u0bb5\u0bb0\u0bcd\u0b95\u0bb3\u0bc1\u0b9f\u0bc8\u0baf \u0b95\u0bc8\u0b95\u0bb3\u0bbf\u0ba9\u0bcd \u0b8e\u0bb2\u0bcd\u0bb2\u0bbe \u0b9a\u0bc6\u0baf\u0bb2\u0bcd\u0b95\u0bb3\u0bc1\u0bae\u0bcd \u0b85\u0baa\u0bcd\u0baa\u0b9f\u0bbf\u0baf\u0bc7 \u0b87\u0bb0\u0bc1\u0b95\u0bcd\u0b95\u0bbf\u0bb1\u0ba4\u0bc1; \u0b85\u0bb5\u0bb0\u0bcd\u0b95\u0bb3\u0bcd \u0b85\u0b99\u0bcd\u0b95\u0bc7 \u0b95\u0bca\u0ba3\u0bcd\u0b9f\u0bc1\u0bb5\u0ba8\u0bcd\u0ba4\u0bc1 \u0baa\u0b9f\u0bc8\u0b95\u0bcd\u0b95\u0bbf\u0bb1\u0ba4\u0bc1\u0bae\u0bcd \u0ba4\u0bc0\u0b9f\u0bcd\u0b9f\u0bc1\u0baa\u0bcd\u0baa\u0b9f\u0bcd\u0b9f\u0bbf\u0bb0\u0bc1\u0b95\u0bcd\u0b95\u0bbf\u0bb1\u0ba4\u0bc1."
                },
                "15": {
                    "verse_nr": "15",
                    "verse": "\u0b87\u0baa\u0bcd\u0baa\u0bcb\u0ba4\u0bc1\u0bae\u0bcd \u0baf\u0bc6\u0b95\u0bcb\u0bb5\u0bbe\u0bb5\u0bc1\u0b9f\u0bc8\u0baf \u0b86\u0bb2\u0baf\u0ba4\u0bcd\u0ba4\u0bc8\u0b95\u0bcd \u0b95\u0b9f\u0bcd\u0b9f\u0bc1\u0bb5\u0ba4\u0bb1\u0bcd\u0b95\u0bc1 \u0b92\u0bb0\u0bc1 \u0b95\u0bb2\u0bcd\u0bb2\u0bbf\u0ba9\u0bcd\u0bae\u0bc7\u0bb2\u0bcd \u0b92\u0bb0\u0bc1 \u0b95\u0bb2\u0bcd \u0bb5\u0bc8\u0b95\u0bcd\u0b95\u0baa\u0bcd\u0baa\u0b9f\u0bcd\u0b9f\u0ba4\u0bc1\u0bae\u0bc1\u0ba4\u0bb2\u0bcd \u0ba8\u0b9f\u0ba8\u0bcd\u0ba4\u0ba4\u0bc8 \u0b89\u0b99\u0bcd\u0b95\u0bb3\u0bcd \u0bae\u0ba9\u0ba4\u0bbf\u0bb2\u0bc7 \u0b9a\u0bbf\u0ba8\u0bcd\u0ba4\u0bbf\u0ba4\u0bcd\u0ba4\u0bc1\u0baa\u0bcd\u0baa\u0bbe\u0bb0\u0bc1\u0b99\u0bcd\u0b95\u0bb3\u0bcd."
                },
                "16": {
                    "verse_nr": "16",
                    "verse": "\u0b85\u0ba8\u0bcd\u0ba4 \u0ba8\u0bbe\u0b9f\u0bcd\u0b95\u0bb3\u0bcd\u0bae\u0bc1\u0ba4\u0bb2\u0bcd \u0b92\u0bb0\u0bc1\u0bb5\u0ba9\u0bcd \u0b87\u0bb0\u0bc1\u0baa\u0ba4\u0bc1 \u0bae\u0bb0\u0b95\u0bcd\u0b95\u0bbe\u0bb2\u0bbe\u0b95\u0b95\u0bcd \u0b95\u0ba3\u0bcd\u0b9f \u0ba4\u0bbe\u0ba9\u0bbf\u0baf\u0b95\u0bcd \u0b95\u0bc1\u0bb5\u0bbf\u0baf\u0bb2\u0bbf\u0b9f\u0bae\u0bcd \u0bb5\u0ba8\u0bcd\u0ba4\u0baa\u0bcb\u0ba4\u0bc1, \u0baa\u0ba4\u0bcd\u0ba4\u0bc1 \u0bae\u0bb0\u0b95\u0bcd\u0b95\u0bbe\u0bb2\u0bcd \u0bae\u0bbe\u0ba4\u0bcd\u0ba4\u0bbf\u0bb0\u0bae\u0bcd \u0b87\u0bb0\u0bc1\u0ba8\u0bcd\u0ba4\u0ba4\u0bc1; \u0b92\u0bb0\u0bc1\u0bb5\u0ba9\u0bcd \u0b86\u0bb2\u0bc8\u0baf\u0bbf\u0ba9\u0bcd \u0ba4\u0bca\u0b9f\u0bcd\u0b9f\u0bbf\u0baf\u0bbf\u0bb2\u0bcd \u0b90\u0bae\u0bcd\u0baa\u0ba4\u0bc1 \u0b95\u0bc1\u0b9f\u0bae\u0bcd \u0bae\u0bca\u0bb3\u0bcd\u0bb3 \u0b86\u0bb2\u0bc8\u0baf\u0bbf\u0ba9\u0bbf\u0b9f\u0ba4\u0bcd\u0ba4\u0bbf\u0bb2\u0bc7 \u0bb5\u0ba8\u0bcd\u0ba4\u0baa\u0bcb\u0ba4\u0bc1 \u0b87\u0bb0\u0bc1\u0baa\u0ba4\u0bc1 \u0b95\u0bc1\u0b9f\u0bae\u0bcd \u0bae\u0bbe\u0ba4\u0bcd\u0ba4\u0bbf\u0bb0\u0bae\u0bcd \u0b87\u0bb0\u0bc1\u0ba8\u0bcd\u0ba4\u0ba4\u0bc1."
                },
                "17": {
                    "verse_nr": "17",
                    "verse": "\u0baa\u0bbf\u0b9e\u0bcd\u0b9a\u0bc1\u0b95\u0bcd\u0b95\u0bbe\u0baf\u0bcd\u0b95\u0bb3\u0bbf\u0ba9\u0bbe\u0bb2\u0bc1\u0bae\u0bcd, \u0bb5\u0bbf\u0bb7\u0baa\u0bcd\u0baa\u0ba9\u0bbf\u0baf\u0bbf\u0ba9\u0bbe\u0bb2\u0bc1\u0bae\u0bcd, \u0b95\u0bb2\u0bcd\u0bae\u0bb4\u0bc8\u0baf\u0bbf\u0ba9\u0bbe\u0bb2\u0bc1\u0bae\u0bcd \u0b89\u0b99\u0bcd\u0b95\u0bb3\u0bc8 \u0b89\u0b99\u0bcd\u0b95\u0bb3\u0bcd \u0b95\u0bc8\u0b95\u0bb3\u0bbf\u0ba9\u0bcd \u0bb5\u0bc7\u0bb2\u0bc8\u0b95\u0bb3\u0bbf\u0bb2\u0bc6\u0bb2\u0bcd\u0bb2\u0bbe\u0bae\u0bcd \u0b85\u0b9f\u0bbf\u0ba4\u0bcd\u0ba4\u0bc7\u0ba9\u0bcd; \u0b86\u0ba9\u0bbe\u0bb2\u0bc1\u0bae\u0bcd \u0ba8\u0bc0\u0b99\u0bcd\u0b95\u0bb3\u0bcd \u0b8e\u0ba9\u0bcd\u0ba9\u0bbf\u0b9f\u0ba4\u0bcd\u0ba4\u0bbf\u0bb2\u0bcd \u0bae\u0ba9\u0ba4\u0bc8\u0ba4\u0bcd \u0ba4\u0bbf\u0bb0\u0bc1\u0baa\u0bcd\u0baa\u0bbe\u0bae\u0bb2\u0bcd\u0baa\u0bcb\u0ba9\u0bc0\u0bb0\u0bcd\u0b95\u0bb3\u0bcd \u0b8e\u0ba9\u0bcd\u0bb1\u0bc1 \u0baf\u0bc6\u0b95\u0bcb\u0bb5\u0bbe \u0b9a\u0bca\u0bb2\u0bcd\u0bb2\u0bc1\u0b95\u0bbf\u0bb1\u0bbe\u0bb0\u0bcd."
                },
                "18": {
                    "verse_nr": "18",
                    "verse": "\u0b87\u0baa\u0bcd\u0baa\u0bcb\u0ba4\u0bc1\u0bae\u0bcd \u0b87\u0ba4\u0bb1\u0bcd\u0b95\u0bc1 \u0bae\u0bc1\u0ba8\u0bcd\u0ba4\u0bbf\u0ba9 \u0b95\u0bbe\u0bb2\u0ba4\u0bcd\u0ba4\u0bbf\u0bb2\u0bcd \u0ba8\u0b9f\u0ba8\u0bcd\u0ba4\u0ba4\u0bc8 \u0b89\u0b99\u0bcd\u0b95\u0bb3\u0bcd \u0bae\u0ba9\u0ba4\u0bbf\u0bb2\u0bc7 \u0b9a\u0bbf\u0ba8\u0bcd\u0ba4\u0bbf\u0ba4\u0bcd\u0ba4\u0bc1\u0baa\u0bcd\u0baa\u0bbe\u0bb0\u0bc1\u0b99\u0bcd\u0b95\u0bb3\u0bcd; \u0b92\u0ba9\u0bcd\u0baa\u0ba4\u0bbe\u0bae\u0bcd \u0bae\u0bbe\u0ba4\u0bae\u0bcd \u0b87\u0bb0\u0bc1\u0baa\u0ba4\u0bcd\u0ba4\u0bbf\u0ba8\u0bbe\u0ba9\u0bcd\u0b95\u0bbe\u0bae\u0bcd \u0ba4\u0bc7\u0ba4\u0bbf\u0baf\u0bbe\u0b95\u0bbf\u0baf \u0b87\u0ba8\u0bcd\u0ba8\u0bbe\u0bb3\u0bcd\u0bae\u0bc1\u0ba4\u0bb2\u0bcd \u0baf\u0bc6\u0b95\u0bcb\u0bb5\u0bbe\u0bb5\u0bc1\u0b9f\u0bc8\u0baf \u0b86\u0bb2\u0baf\u0ba4\u0bcd\u0ba4\u0bbf\u0ba9\u0bcd \u0b85\u0bb8\u0bcd\u0ba4\u0bbf\u0baa\u0bbe\u0bb0\u0bae\u0bcd \u0baa\u0bcb\u0b9f\u0baa\u0bcd\u0baa\u0b9f\u0bcd\u0b9f \u0b85\u0ba8\u0bcd\u0ba8\u0bbe\u0bb3\u0bcd\u0bb5\u0bb0\u0bc8\u0b95\u0bcd\u0b95\u0bc1\u0bae\u0bcd \u0b9a\u0bc6\u0ba9\u0bcd\u0bb1 \u0b95\u0bbe\u0bb2\u0ba4\u0bcd\u0ba4\u0bbf\u0bb2\u0bcd \u0ba8\u0b9f\u0ba8\u0bcd\u0ba4\u0ba4\u0bc8 \u0b89\u0b99\u0bcd\u0b95\u0bb3\u0bcd \u0bae\u0ba9\u0ba4\u0bbf\u0bb2\u0bc7 \u0b9a\u0bbf\u0ba8\u0bcd\u0ba4\u0bbf\u0ba4\u0bcd\u0ba4\u0bc1\u0baa\u0bcd\u0baa\u0bbe\u0bb0\u0bc1\u0b99\u0bcd\u0b95\u0bb3\u0bcd."
                },
                "19": {
                    "verse_nr": "19",
                    "verse": "\u0b95\u0bb3\u0b9e\u0bcd\u0b9a\u0bbf\u0baf\u0ba4\u0bcd\u0ba4\u0bbf\u0bb2\u0bcd \u0b87\u0ba9\u0bcd\u0ba9\u0bc1\u0bae\u0bcd \u0bb5\u0bbf\u0ba4\u0bc8\u0ba4\u0bcd\u0ba4\u0bbe\u0ba9\u0bbf\u0baf\u0bae\u0bcd \u0b89\u0ba3\u0bcd\u0b9f\u0bcb? \u0ba4\u0bbf\u0bb0\u0bbe\u0b9f\u0bcd\u0b9a\u0bc8\u0b9a\u0bcd\u0b9a\u0bc6\u0b9f\u0bbf\u0baf\u0bc1\u0bae\u0bcd, \u0b85\u0ba4\u0bcd\u0ba4\u0bbf\u0bae\u0bb0\u0bae\u0bc1\u0bae\u0bcd, \u0bae\u0bbe\u0ba4\u0bc1\u0bb3\u0bae\u0bcd\u0b9a\u0bc6\u0b9f\u0bbf\u0baf\u0bc1\u0bae\u0bcd, \u0b92\u0bb2\u0bbf\u0bb5\u0bae\u0bb0\u0bae\u0bc1\u0bae\u0bcd \u0baa\u0bb4\u0b99\u0bcd\u0b95\u0bb3\u0bc8\u0b95\u0bcd \u0b95\u0bca\u0b9f\u0bc1\u0b95\u0bcd\u0b95\u0bb5\u0bbf\u0bb2\u0bcd\u0bb2\u0bc8\u0baf\u0bc7; \u0ba8\u0bbe\u0ba9\u0bcd \u0b87\u0ba9\u0bcd\u0bb1\u0bc1\u0bae\u0bc1\u0ba4\u0bb2\u0bcd \u0b89\u0b99\u0bcd\u0b95\u0bb3\u0bc8 \u0b86\u0b9a\u0bc0\u0bb0\u0bcd\u0bb5\u0ba4\u0bbf\u0baa\u0bcd\u0baa\u0bc7\u0ba9\u0bcd \u0b8e\u0ba9\u0bcd\u0bb1\u0bc1 \u0b9a\u0bca\u0bb2\u0bcd\u0bb2\u0bc1\u0b95\u0bbf\u0bb1\u0bbe\u0bb0\u0bcd \u0b8e\u0ba9\u0bcd\u0bb1\u0bbe\u0ba9\u0bcd."
                },
                "20": {
                    "verse_nr": "20",
                    "verse": "\u0b87\u0bb0\u0bc1\u0baa\u0ba4\u0bcd\u0ba4\u0bbf\u0ba8\u0bbe\u0ba9\u0bcd\u0b95\u0bbe\u0bae\u0bcd \u0ba4\u0bc7\u0ba4\u0bbf\u0baf\u0bbe\u0b95\u0bbf\u0baf \u0b85\u0ba4\u0bc7 \u0ba8\u0bbe\u0bb3\u0bbf\u0bb2\u0bc7 \u0baf\u0bc6\u0b95\u0bcb\u0bb5\u0bbe\u0bb5\u0bc1\u0b9f\u0bc8\u0baf \u0bb5\u0bbe\u0bb0\u0bcd\u0ba4\u0bcd\u0ba4\u0bc8 \u0b87\u0bb0\u0ba3\u0bcd\u0b9f\u0bbe\u0bb5\u0ba4\u0bc1\u0bae\u0bc1\u0bb1\u0bc8 \u0b86\u0b95\u0bbe\u0baf\u0bcd \u0b8e\u0ba9\u0bcd\u0baa\u0bb5\u0ba9\u0bc1\u0b95\u0bcd\u0b95\u0bc1 \u0b89\u0ba3\u0bcd\u0b9f\u0bbe\u0b95\u0bbf, \u0b85\u0bb5\u0bb0\u0bcd:"
                },
                "21": {
                    "verse_nr": "21",
                    "verse": "\u0ba8\u0bc0 \u0baf\u0bc2\u0ba4\u0bbe\u0bb5\u0bbf\u0ba9\u0bcd \u0ba4\u0bb2\u0bc8\u0bb5\u0ba9\u0bbe\u0b95\u0bbf\u0baf \u0b9a\u0bc6\u0bb0\u0bc1\u0baa\u0bbe\u0baa\u0bc7\u0bb2\u0bcb\u0b9f\u0bc7 \u0b9a\u0bca\u0bb2\u0bcd\u0bb2\u0bb5\u0bc7\u0ba3\u0bcd\u0b9f\u0bbf\u0baf\u0ba4\u0bc1 \u0b8e\u0ba9\u0bcd\u0ba9\u0bb5\u0bc6\u0ba9\u0bcd\u0bb1\u0bbe\u0bb2\u0bcd, \u0ba8\u0bbe\u0ba9\u0bcd \u0bb5\u0bbe\u0ba9\u0ba4\u0bcd\u0ba4\u0bc8\u0baf\u0bc1\u0bae\u0bcd \u0baa\u0bc2\u0bae\u0bbf\u0baf\u0bc8\u0baf\u0bc1\u0bae\u0bcd \u0b85\u0b9a\u0bc8\u0baf\u0b9a\u0bcd\u0b9a\u0bc6\u0baf\u0bcd\u0ba4\u0bc1,"
                },
                "22": {
                    "verse_nr": "22",
                    "verse": "\u0b87\u0bb0\u0bbe\u0b9c\u0bcd\u0baf\u0b99\u0bcd\u0b95\u0bb3\u0bbf\u0ba9\u0bcd \u0b9a\u0bbf\u0b99\u0bcd\u0b95\u0bbe\u0b9a\u0ba9\u0ba4\u0bcd\u0ba4\u0bc8\u0b95\u0bcd \u0b95\u0bb5\u0bbf\u0bb4\u0bcd\u0ba4\u0bcd\u0ba4\u0bc1, \u0ba4\u0bc7\u0b9a\u0b99\u0bcd\u0b95\u0bb3\u0bc1\u0b9f\u0bc8\u0baf \u0bb0\u0bbe\u0b9c\u0bcd\u0baf\u0b99\u0bcd\u0b95\u0bb3\u0bbf\u0ba9\u0bcd \u0baa\u0bc6\u0bb2\u0ba4\u0bcd\u0ba4\u0bc8 \u0b85\u0bb4\u0bbf\u0ba4\u0bcd\u0ba4\u0bc1, \u0b87\u0bb0\u0ba4\u0ba4\u0bcd\u0ba4\u0bc8\u0baf\u0bc1\u0bae\u0bcd \u0b85\u0ba4\u0bbf\u0bb2\u0bcd \u0b8f\u0bb1\u0bbf\u0baf\u0bbf\u0bb0\u0bc1\u0b95\u0bcd\u0b95\u0bbf\u0bb1\u0bb5\u0bb0\u0bcd\u0b95\u0bb3\u0bc8\u0baf\u0bc1\u0bae\u0bcd \u0b95\u0bb5\u0bbf\u0bb4\u0bcd\u0ba4\u0bcd\u0ba4\u0bc1\u0baa\u0bcd\u0baa\u0bcb\u0b9f\u0bc1\u0bb5\u0bc7\u0ba9\u0bcd; \u0b95\u0bc1\u0ba4\u0bbf\u0bb0\u0bc8\u0b95\u0bb3\u0bcb\u0b9f\u0bc7 \u0b85\u0bb5\u0bc8\u0b95\u0bb3\u0bbf\u0ba9\u0bcd\u0bae\u0bc7\u0bb2\u0bcd \u0b8f\u0bb1\u0bbf\u0baf\u0bbf\u0bb0\u0bc1\u0baa\u0bcd\u0baa\u0bb5\u0bb0\u0bcd\u0b95\u0bb3\u0bc1\u0bae\u0bcd \u0b85\u0bb5\u0bb0\u0bb5\u0bb0\u0bcd \u0ba4\u0b99\u0bcd\u0b95\u0bb3\u0bcd \u0ba4\u0b99\u0bcd\u0b95\u0bb3\u0bcd \u0b9a\u0b95\u0bcb\u0ba4\u0bb0\u0ba9\u0bbf\u0ba9\u0bcd \u0baa\u0b9f\u0bcd\u0b9f\u0baf\u0ba4\u0bcd\u0ba4\u0bbf\u0ba9\u0bbe\u0bb2\u0bc7 \u0bb5\u0bbf\u0bb4\u0bc1\u0bb5\u0bbe\u0bb0\u0bcd\u0b95\u0bb3\u0bcd."
                },
                "23": {
                    "verse_nr": "23",
                    "verse": "\u0b9a\u0bc7\u0ba9\u0bc8\u0b95\u0bb3\u0bbf\u0ba9\u0bcd \u0baf\u0bc6\u0b95\u0bcb\u0bb5\u0bbe \u0b9a\u0bca\u0bb2\u0bcd\u0bb2\u0bc1\u0b95\u0bbf\u0bb1\u0bbe\u0bb0\u0bcd: \u0b9a\u0bc6\u0baf\u0bb2\u0bcd\u0ba4\u0bbf\u0baf\u0bc7\u0bb2\u0bbf\u0ba9\u0bcd \u0bae\u0b95\u0ba9\u0bbe\u0b95\u0bbf\u0baf \u0b9a\u0bc6\u0bb0\u0bc1\u0baa\u0bbe\u0baa\u0bc7\u0bb2\u0bcd \u0b8e\u0ba9\u0bcd\u0ba9\u0bc1\u0bae\u0bcd \u0b8e\u0ba9\u0bcd \u0b8a\u0bb4\u0bbf\u0baf\u0b95\u0bcd\u0b95\u0bbe\u0bb0\u0ba9\u0bc7, \u0b89\u0ba9\u0bcd\u0ba9\u0bc8 \u0ba8\u0bbe\u0ba9\u0bcd \u0b85\u0ba8\u0bcd\u0ba8\u0bbe\u0bb3\u0bbf\u0bb2\u0bc7 \u0b9a\u0bc7\u0bb0\u0bcd\u0ba4\u0bcd\u0ba4\u0bc1\u0b95\u0bcd\u0b95\u0bca\u0ba3\u0bcd\u0b9f\u0bc1, \u0b89\u0ba9\u0bcd\u0ba9\u0bc8 \u0bae\u0bc1\u0ba4\u0bcd\u0ba4\u0bbf\u0bb0\u0bc8 \u0bae\u0bcb\u0ba4\u0bbf\u0bb0\u0bae\u0bbe\u0b95 \u0bb5\u0bc8\u0baa\u0bcd\u0baa\u0bc7\u0ba9\u0bcd \u0b8e\u0ba9\u0bcd\u0bb1\u0bc1 \u0baf\u0bc6\u0b95\u0bcb\u0bb5\u0bbe \u0b9a\u0bca\u0bb2\u0bcd\u0bb2\u0bc1\u0b95\u0bbf\u0bb1\u0bbe\u0bb0\u0bcd; \u0ba8\u0bbe\u0ba9\u0bcd \u0b89\u0ba9\u0bcd\u0ba9\u0bc8\u0ba4\u0bcd \u0ba4\u0bc6\u0bb0\u0bbf\u0ba8\u0bcd\u0ba4\u0bc1\u0b95\u0bca\u0ba3\u0bcd\u0b9f\u0bc7\u0ba9\u0bcd \u0b8e\u0ba9\u0bcd\u0bb1\u0bc1 \u0b9a\u0bc7\u0ba9\u0bc8\u0b95\u0bb3\u0bbf\u0ba9\u0bcd \u0baf\u0bc6\u0b95\u0bcb\u0bb5\u0bbe \u0b89\u0bb0\u0bc8\u0b95\u0bcd\u0b95\u0bbf\u0bb1\u0bbe\u0bb0\u0bcd \u0b8e\u0ba9\u0bcd\u0bb1\u0bc1 \u0b9a\u0bca\u0bb2\u0bcd \u0b8e\u0ba9\u0bcd\u0bb1\u0bbe\u0bb0\u0bcd."
                }
            }
        }
    }
}