{
    "version": "nr2006",
    "book_name": "1 Timothy",
    "book_nr": "54",
    "book": {
        "1": {
            "chapter_nr": "1",
            "chapter": {
                "1": {
                    "verse_nr": "1",
                    "verse": "Indirizzo e saluti - Paolo, apostolo di Cristo Ges\u00f9 per ordine di Dio, nostro Salvatore, e di Cristo Ges\u00f9, nostra speranza,"
                },
                "2": {
                    "verse_nr": "2",
                    "verse": "a Timoteo, mio legittimo figlio nella fede: grazia, misericordia e pace da Dio [nostro] Padre e da Cristo Ges\u00f9, nostro Signore."
                },
                "3": {
                    "verse_nr": "3",
                    "verse": "Avvertimento contro le false dottrine - Ti ripeto l\u2019esortazione che ti feci mentre andavo in Macedonia, di rimanere a Efeso per ordinare ad alcuni di non insegnare dottrine diverse"
                },
                "4": {
                    "verse_nr": "4",
                    "verse": "e di non occuparsi di favole e di genealogie senza fine, le quali suscitano discussioni invece di promuovere l\u2019opera di Dio, che \u00e8 fondata sulla fede."
                },
                "5": {
                    "verse_nr": "5",
                    "verse": "Lo scopo di questo incarico \u00e8 l\u2019amore che viene da un cuore puro, da una buona coscienza e da una fede sincera."
                },
                "6": {
                    "verse_nr": "6",
                    "verse": "Alcuni hanno deviato da queste cose e si sono abbandonati a discorsi senza senso."
                },
                "7": {
                    "verse_nr": "7",
                    "verse": "Vogliono essere dottori della legge, ma in realt\u00e0 non sanno n\u00e9 quello che dicono n\u00e9 quello che affermano con certezza."
                },
                "8": {
                    "verse_nr": "8",
                    "verse": "Noi sappiamo che la legge \u00e8 buona, se uno ne fa un uso legittimo;"
                },
                "9": {
                    "verse_nr": "9",
                    "verse": "sappiamo anche che la legge \u00e8 fatta non per il giusto, ma per gli iniqui e i ribelli, per gli empi e i peccatori, per i sacrileghi e gli irreligiosi, per coloro che uccidono padre e madre, per gli omicidi,"
                },
                "10": {
                    "verse_nr": "10",
                    "verse": "per i fornicatori, per i sodomiti, per i mercanti di schiavi, per i bugiardi, per gli spergiuri e per ogni altra cosa contraria alla sana dottrina,"
                },
                "11": {
                    "verse_nr": "11",
                    "verse": "secondo il vangelo della gloria del beato Dio, che mi \u00e8 stato affidato."
                },
                "12": {
                    "verse_nr": "12",
                    "verse": "Paolo, esempio della misericordia divina - Io ringrazio colui che mi ha reso forte, Cristo Ges\u00f9, nostro Signore, per avermi stimato degno della sua fiducia, ponendo al suo servizio me,"
                },
                "13": {
                    "verse_nr": "13",
                    "verse": "che prima ero un bestemmiatore, un persecutore e un violento; ma misericordia mi \u00e8 stata usata, perch\u00e9 agivo per ignoranza nella mia incredulit\u00e0,"
                },
                "14": {
                    "verse_nr": "14",
                    "verse": "e la grazia del Signore nostro \u00e8 sovrabbondata con la fede e con l\u2019amore che \u00e8 in Cristo Ges\u00f9."
                },
                "15": {
                    "verse_nr": "15",
                    "verse": "Certa \u00e8 quest\u2019affermazione e degna di essere pienamente accettata: che Cristo Ges\u00f9 \u00e8 venuto nel mondo per salvare i peccatori, dei quali io sono il primo."
                },
                "16": {
                    "verse_nr": "16",
                    "verse": "Ma per questo mi \u00e8 stata fatta misericordia, affinch\u00e9 Ges\u00f9 Cristo dimostrasse in me, per primo, tutta la sua pazienza, e io servissi di esempio a quanti in seguito avrebbero creduto in lui per avere vita eterna."
                },
                "17": {
                    "verse_nr": "17",
                    "verse": "Al Re eterno, immortale, invisibile, all\u2019unico Dio, siano onore e gloria nei secoli dei secoli. Amen."
                },
                "18": {
                    "verse_nr": "18",
                    "verse": "Ti affido questo incarico, Timoteo, figlio mio, in armonia con le profezie che sono state in precedenza fatte a tuo riguardo, perch\u00e9 tu combatta in virt\u00f9 di esse la buona battaglia,"
                },
                "19": {
                    "verse_nr": "19",
                    "verse": "conservando la fede e una buona coscienza, alla quale alcuni hanno rinunciato e, cos\u00ec, hanno fatto naufragio quanto alla fede."
                },
                "20": {
                    "verse_nr": "20",
                    "verse": "Tra questi sono Imeneo e Alessandro, che ho consegnati a Satana affinch\u00e9 imparino a non bestemmiare."
                }
            }
        },
        "2": {
            "chapter_nr": "2",
            "chapter": {
                "1": {
                    "verse_nr": "1",
                    "verse": "La preghiera per tutti gli uomini; la donna cristiana - Esorto dunque, prima di ogni altra cosa, che si facciano suppliche, preghiere, intercessioni, ringraziamenti per tutti gli uomini,"
                },
                "2": {
                    "verse_nr": "2",
                    "verse": "per i re e per tutti quelli che sono costituiti in autorit\u00e0, affinch\u00e9 possiamo condurre una vita tranquilla e quieta in tutta piet\u00e0 e dignit\u00e0."
                },
                "3": {
                    "verse_nr": "3",
                    "verse": "Questo \u00e8 buono e gradito davanti a Dio, nostro Salvatore,"
                },
                "4": {
                    "verse_nr": "4",
                    "verse": "il quale vuole che tutti gli uomini siano salvati e vengano alla conoscenza della verit\u00e0."
                },
                "5": {
                    "verse_nr": "5",
                    "verse": "Infatti c\u2019\u00e8 un solo Dio e anche un solo mediatore fra Dio e gli uomini, Cristo Ges\u00f9 uomo,"
                },
                "6": {
                    "verse_nr": "6",
                    "verse": "che ha dato se stesso come prezzo di riscatto per tutti; questa \u00e8 la testimonianza resa a suo tempo"
                },
                "7": {
                    "verse_nr": "7",
                    "verse": "e della quale io fui costituito predicatore e apostolo (io dico il vero [in Cristo], non mento), per istruire gli stranieri nella fede e nella verit\u00e0."
                },
                "8": {
                    "verse_nr": "8",
                    "verse": "Io voglio dunque che gli uomini preghino in ogni luogo, alzando mani pure, senza ira e senza dispute."
                },
                "9": {
                    "verse_nr": "9",
                    "verse": "Allo stesso modo, le donne si vestano in modo decoroso, con pudore e modestia: non di trecce e d\u2019oro o di perle o di vesti lussuose,"
                },
                "10": {
                    "verse_nr": "10",
                    "verse": "ma di opere buone, come si addice a donne che fanno professione di piet\u00e0."
                },
                "11": {
                    "verse_nr": "11",
                    "verse": "La donna impari in silenzio con ogni sottomissione."
                },
                "12": {
                    "verse_nr": "12",
                    "verse": "Poich\u00e9 non permetto alla donna di insegnare, n\u00e9 di usare autorit\u00e0 sull\u2019uomo, ma stia in silenzio."
                },
                "13": {
                    "verse_nr": "13",
                    "verse": "Infatti Adamo fu formato per primo, e poi Eva;"
                },
                "14": {
                    "verse_nr": "14",
                    "verse": "e Adamo non fu sedotto; ma la donna, essendo stata sedotta, cadde in trasgressione."
                },
                "15": {
                    "verse_nr": "15",
                    "verse": "Tuttavia sar\u00e0 salvata partorendo figli, se perseverer\u00e0 nella fede, nell\u2019amore e nella santificazione con modestia."
                }
            }
        },
        "3": {
            "chapter_nr": "3",
            "chapter": {
                "1": {
                    "verse_nr": "1",
                    "verse": "I vescovi e i diaconi - Certa \u00e8 quest\u2019affermazione: se uno aspira all\u2019incarico di vescovo, desidera un\u2019attivit\u00e0 lodevole."
                },
                "2": {
                    "verse_nr": "2",
                    "verse": "Bisogna dunque che il vescovo sia irreprensibile, marito di una sola moglie, sobrio, prudente, dignitoso, ospitale, capace di insegnare,"
                },
                "3": {
                    "verse_nr": "3",
                    "verse": "non dedito al vino n\u00e9 violento [, n\u00e9 avido di illeciti guadagni], ma sia mite, non litigioso, non attaccato al denaro,"
                },
                "4": {
                    "verse_nr": "4",
                    "verse": "che governi bene la propria famiglia e tenga i figli sottomessi e pienamente rispettosi"
                },
                "5": {
                    "verse_nr": "5",
                    "verse": "(perch\u00e9 se uno non sa governare la propria famiglia, come potr\u00e0 avere cura della chiesa di Dio?),"
                },
                "6": {
                    "verse_nr": "6",
                    "verse": "che non sia convertito di recente, affinch\u00e9 non diventi presuntuoso e cada nella condanna inflitta al diavolo."
                },
                "7": {
                    "verse_nr": "7",
                    "verse": "Bisogna inoltre che abbia una buona testimonianza da quelli di fuori, perch\u00e9 non cada in discredito e nel laccio del diavolo."
                },
                "8": {
                    "verse_nr": "8",
                    "verse": "Allo stesso modo i diaconi devono essere dignitosi, non doppi nel parlare, non propensi a troppo vino, non avidi di illeciti guadagni;"
                },
                "9": {
                    "verse_nr": "9",
                    "verse": "uomini che custodiscano il mistero della fede in una coscienza pura."
                },
                "10": {
                    "verse_nr": "10",
                    "verse": "Anche questi siano prima provati; poi svolgano il loro servizio se sono irreprensibili."
                },
                "11": {
                    "verse_nr": "11",
                    "verse": "Allo stesso modo siano le donne dignitose, non maldicenti, sobrie, fedeli in ogni cosa."
                },
                "12": {
                    "verse_nr": "12",
                    "verse": "I diaconi siano mariti di una sola moglie, e governino bene i loro figli e le loro famiglie."
                },
                "13": {
                    "verse_nr": "13",
                    "verse": "Perch\u00e9 quelli che hanno svolto bene il compito di diaconi si acquistano un grado onorabile e una grande franchezza nella fede che \u00e8 in Cristo Ges\u00f9."
                },
                "14": {
                    "verse_nr": "14",
                    "verse": "Mistero della piet\u00e0 - Ti scrivo queste cose sperando di venire presto da te,"
                },
                "15": {
                    "verse_nr": "15",
                    "verse": "affinch\u00e9 tu sappia, nel caso che dovessi tardare, come bisogna comportarsi nella casa di Dio, che \u00e8 la chiesa del Dio vivente, colonna e sostegno della verit\u00e0."
                },
                "16": {
                    "verse_nr": "16",
                    "verse": "Senza dubbio, grande \u00e8 il mistero della piet\u00e0: Colui che \u00e8 stato manifestato in carne, \u00e8 stato giustificato nello Spirito, \u00e8 apparso agli angeli, \u00e8 stato predicato fra le nazioni, \u00e8 stato creduto nel mondo, \u00e8 stato elevato in gloria."
                }
            }
        },
        "4": {
            "chapter_nr": "4",
            "chapter": {
                "1": {
                    "verse_nr": "1",
                    "verse": "Esortazioni rivolte a Timoteo - Ma lo Spirito dice esplicitamente che nei tempi futuri alcuni apostateranno dalla fede, dando retta a spiriti seduttori e a dottrine di dem\u00f2ni,"
                },
                "2": {
                    "verse_nr": "2",
                    "verse": "sviati dall\u2019ipocrisia di uomini bugiardi, segnati da un marchio nella propria coscienza."
                },
                "3": {
                    "verse_nr": "3",
                    "verse": "Essi vieteranno il matrimonio e ordineranno di astenersi da cibi che Dio ha creati perch\u00e9 quelli che credono e hanno ben conosciuto la verit\u00e0 ne usino con rendimento di grazie."
                },
                "4": {
                    "verse_nr": "4",
                    "verse": "Infatti tutto quel che Dio ha creato \u00e8 buono, e nulla \u00e8 da respingere, se usato con rendimento di grazie,"
                },
                "5": {
                    "verse_nr": "5",
                    "verse": "perch\u00e9 \u00e8 santificato dalla parola di Dio e dalla preghiera."
                },
                "6": {
                    "verse_nr": "6",
                    "verse": "Esponendo queste cose ai fratelli, tu sarai un buon servitore di Cristo Ges\u00f9, nutrito con le parole della fede e della buona dottrina che hai imparata."
                },
                "7": {
                    "verse_nr": "7",
                    "verse": "Ma rifiuta le favole profane e da vecchie; es\u00e8rcitati invece alla piet\u00e0,"
                },
                "8": {
                    "verse_nr": "8",
                    "verse": "perch\u00e9 l\u2019esercizio fisico \u00e8 utile a poca cosa, mentre la piet\u00e0 \u00e8 utile a ogni cosa, avendo la promessa della vita presente e di quella futura."
                },
                "9": {
                    "verse_nr": "9",
                    "verse": "Certa \u00e8 quest\u2019affermazione e degna di essere pienamente accettata"
                },
                "10": {
                    "verse_nr": "10",
                    "verse": "(infatti per questo fatichiamo e combattiamo): abbiamo riposto la nostra speranza nel Dio vivente, che \u00e8 il Salvatore di tutti gli uomini, soprattutto dei credenti."
                },
                "11": {
                    "verse_nr": "11",
                    "verse": "Ordina queste cose e insegnale."
                },
                "12": {
                    "verse_nr": "12",
                    "verse": "Nessuno disprezzi la tua giovane et\u00e0; ma sii di esempio ai credenti, nel parlare, nel comportamento, nell\u2019amore, [nello Spirito,] nella fede, nella purezza."
                },
                "13": {
                    "verse_nr": "13",
                    "verse": "\u00c0pplicati, finch\u00e9 io venga, alla lettura, all\u2019esortazione, all\u2019insegnamento."
                },
                "14": {
                    "verse_nr": "14",
                    "verse": "Non trascurare il dono che \u00e8 in te e che ti fu dato mediante la parola profetica insieme all\u2019imposizione delle mani dal collegio degli anziani."
                },
                "15": {
                    "verse_nr": "15",
                    "verse": "\u00d2ccupati di queste cose e d\u00e8dicati interamente ad esse perch\u00e9 il tuo progresso sia manifesto a tutti."
                },
                "16": {
                    "verse_nr": "16",
                    "verse": "Bada a te stesso e all\u2019insegnamento; persevera in queste cose perch\u00e9, facendo cos\u00ec, salverai te stesso e quelli che ti ascoltano."
                }
            }
        },
        "5": {
            "chapter_nr": "5",
            "chapter": {
                "1": {
                    "verse_nr": "1",
                    "verse": "Il servitore di Dio e i membri della chiesa - Non riprendere con asprezza l\u2019uomo anziano, ma esortalo come un padre; i giovani, come fratelli;"
                },
                "2": {
                    "verse_nr": "2",
                    "verse": "le donne anziane, come madri; le giovani, come sorelle, in tutta purezza."
                },
                "3": {
                    "verse_nr": "3",
                    "verse": "Onora le vedove che sono veramente vedove."
                },
                "4": {
                    "verse_nr": "4",
                    "verse": "Ma se una vedova ha figli o nipoti, imparino essi per primi a fare il loro dovere verso la propria famiglia e a rendere il contraccambio ai loro genitori, perch\u00e9 questo \u00e8 gradito davanti a Dio."
                },
                "5": {
                    "verse_nr": "5",
                    "verse": "La vedova che \u00e8 veramente tale, e che \u00e8 rimasta sola, ha posto la sua speranza in Dio e persevera in suppliche e preghiere notte e giorno;"
                },
                "6": {
                    "verse_nr": "6",
                    "verse": "ma quella che si abbandona ai piaceri, bench\u00e9 viva, \u00e8 morta."
                },
                "7": {
                    "verse_nr": "7",
                    "verse": "Anche queste cose ordina, perch\u00e9 siano irreprensibili."
                },
                "8": {
                    "verse_nr": "8",
                    "verse": "Se uno non provvede ai suoi, e in primo luogo a quelli di casa sua, ha rinnegato la fede ed \u00e8 peggiore di un incredulo."
                },
                "9": {
                    "verse_nr": "9",
                    "verse": "La vedova sia iscritta nel catalogo quando abbia non meno di sessant\u2019anni, quando \u00e8 stata moglie di un solo marito,"
                },
                "10": {
                    "verse_nr": "10",
                    "verse": "quando \u00e8 conosciuta per le sue opere buone: per aver allevato figli, esercitato l\u2019ospitalit\u00e0, lavato i piedi ai santi, soccorso gli afflitti, concorso a ogni opera buona."
                },
                "11": {
                    "verse_nr": "11",
                    "verse": "Ma rifiuta le vedove pi\u00f9 giovani perch\u00e9, quando vengono afferrate dal desiderio, abbandonato Cristo, vogliono risposarsi,"
                },
                "12": {
                    "verse_nr": "12",
                    "verse": "rendendosi colpevoli perch\u00e9 hanno abbandonato l\u2019impegno precedente."
                },
                "13": {
                    "verse_nr": "13",
                    "verse": "Inoltre imparano anche a essere oziose, andando attorno per le case; e non soltanto a essere oziose, ma anche pettegole e curiose, parlando di cose delle quali non si deve parlare."
                },
                "14": {
                    "verse_nr": "14",
                    "verse": "Voglio dunque che le vedove giovani si risposino, abbiano figli, governino la casa, non diano all\u2019avversario alcuna occasione di maldicenza;"
                },
                "15": {
                    "verse_nr": "15",
                    "verse": "infatti gi\u00e0 alcune si sono sviate per andare dietro a Satana."
                },
                "16": {
                    "verse_nr": "16",
                    "verse": "Se qualche credente [, uomo o donna,] ha con s\u00e9 delle vedove, le soccorra. Non ne sia gravata la chiesa, perch\u00e9 possa soccorrere quelle che sono veramente vedove."
                },
                "17": {
                    "verse_nr": "17",
                    "verse": "Gli anziani che tengono bene la presidenza siano reputati degni di doppio onore, specialmente quelli che si affaticano nella predicazione e nell\u2019insegnamento;"
                },
                "18": {
                    "verse_nr": "18",
                    "verse": "infatti la Scrittura dice: \u00abNon mettere la museruola al bue che trebbia\u00bb; e: \u00abL\u2019operaio \u00e8 degno del suo salario\u00bb."
                },
                "19": {
                    "verse_nr": "19",
                    "verse": "Non ricevere accuse contro un anziano, se non vi sono due o tre testimoni."
                },
                "20": {
                    "verse_nr": "20",
                    "verse": "Quelli che peccano, riprendili in presenza di tutti, perch\u00e9 anche gli altri abbiano timore."
                },
                "21": {
                    "verse_nr": "21",
                    "verse": "Ti scongiuro, davanti a Dio, a Cristo Ges\u00f9 e agli angeli eletti, di osservare queste cose senza pregiudizi e di non fare nulla con parzialit\u00e0."
                },
                "22": {
                    "verse_nr": "22",
                    "verse": "Non imporre con troppa fretta le mani ad alcuno, e non partecipare ai peccati altrui; cons\u00e8rvati puro."
                },
                "23": {
                    "verse_nr": "23",
                    "verse": "Non continuare a bere acqua soltanto, ma prendi un po\u2019 di vino a causa del tuo stomaco e delle tue frequenti indisposizioni."
                },
                "24": {
                    "verse_nr": "24",
                    "verse": "I peccati di alcune persone sono manifesti prima ancora del giudizio; di altre, invece, si conosceranno in seguito."
                },
                "25": {
                    "verse_nr": "25",
                    "verse": "Cos\u00ec pure, anche le opere buone sono manifeste; e quelle che non lo sono, non possono rimanere nascoste."
                }
            }
        },
        "6": {
            "chapter_nr": "6",
            "chapter": {
                "1": {
                    "verse_nr": "1",
                    "verse": "Tutti quelli che sono sotto il giogo della schiavit\u00f9, stimino i loro padroni degni di ogni onore, perch\u00e9 il nome di Dio e la dottrina non vengano bestemmiati."
                },
                "2": {
                    "verse_nr": "2",
                    "verse": "Quelli che hanno padroni credenti non li disprezzino, perch\u00e9 sono fratelli, ma li servano con maggiore impegno, perch\u00e9 quelli che beneficiano del loro servizio sono fedeli e amati. Insegna queste cose e raccomandale."
                },
                "3": {
                    "verse_nr": "3",
                    "verse": "I falsi dottori; l\u2019amore del denaro - Se qualcuno insegna una dottrina diversa e non si attiene alle sane parole del Signore nostro Ges\u00f9 Cristo e alla dottrina che \u00e8 conforme alla piet\u00e0,"
                },
                "4": {
                    "verse_nr": "4",
                    "verse": "\u00e8 un orgoglioso e non sa nulla; ma si fissa su questioni e dispute di parole, dalle quali nascono invidia, contese, maldicenza, cattivi sospetti,"
                },
                "5": {
                    "verse_nr": "5",
                    "verse": "acerbe discussioni di persone corrotte di mente e prive della verit\u00e0, le quali considerano la piet\u00e0 come una fonte di guadagno. [Sep\u00e0rati da costoro.]"
                },
                "6": {
                    "verse_nr": "6",
                    "verse": "La piet\u00e0, con animo contento del proprio stato, \u00e8 un grande guadagno."
                },
                "7": {
                    "verse_nr": "7",
                    "verse": "Infatti non abbiamo portato nulla nel mondo, e neppure possiamo portarne via nulla;"
                },
                "8": {
                    "verse_nr": "8",
                    "verse": "ma avendo di che nutrirci e di che coprirci, saremo di questo contenti."
                },
                "9": {
                    "verse_nr": "9",
                    "verse": "Invece quelli che vogliono arricchire cadono vittime di tentazioni, di inganni e di molti desideri insensati e funesti, che affondano gli uomini nella rovina e nella perdizione."
                },
                "10": {
                    "verse_nr": "10",
                    "verse": "Infatti l\u2019amore del denaro \u00e8 radice di ogni specie di mali, e alcuni che vi si sono dati si sono sviati dalla fede e si sono procurati molti dolori."
                },
                "11": {
                    "verse_nr": "11",
                    "verse": "Raccomandazioni rivolte a Timoteo - Ma tu, uomo di Dio, fuggi queste cose e ricerca la giustizia, la piet\u00e0, la fede, l\u2019amore, la costanza e la mansuetudine."
                },
                "12": {
                    "verse_nr": "12",
                    "verse": "Combatti il buon combattimento della fede, afferra la vita eterna alla quale sei stato chiamato e in vista della quale hai fatto quella bella confessione di fede in presenza di molti testimoni."
                },
                "13": {
                    "verse_nr": "13",
                    "verse": "Al cospetto di Dio, che d\u00e0 vita a tutte le cose, e di Cristo Ges\u00f9, che rese testimonianza davanti a Ponzio Pilato con quella bella confessione di fede,"
                },
                "14": {
                    "verse_nr": "14",
                    "verse": "ti ordino di osservare questo comandamento da uomo senza macchia, irreprensibile, fino all\u2019apparizione del nostro Signore Ges\u00f9 Cristo,"
                },
                "15": {
                    "verse_nr": "15",
                    "verse": "la quale sar\u00e0 a suo tempo manifestata dal beato e unico sovrano, il Re dei re e Signore dei signori,"
                },
                "16": {
                    "verse_nr": "16",
                    "verse": "il solo che possiede l\u2019immortalit\u00e0 e che abita una luce inaccessibile, che nessun uomo ha visto n\u00e9 pu\u00f2 vedere; a lui siano onore e potenza eterna. Amen."
                },
                "17": {
                    "verse_nr": "17",
                    "verse": "Ai ricchi in questo mondo ordina di non essere d\u2019animo orgoglioso, di non riporre la loro speranza nell\u2019incertezza delle ricchezze, ma in Dio, che ci fornisce abbondantemente di ogni cosa perch\u00e9 ne godiamo;"
                },
                "18": {
                    "verse_nr": "18",
                    "verse": "di fare del bene, di arricchirsi di opere buone, di essere generosi nel donare, pronti a dare,"
                },
                "19": {
                    "verse_nr": "19",
                    "verse": "cos\u00ec da mettersi da parte un tesoro ben fondato per l\u2019avvenire, per ottenere la vera vita."
                },
                "20": {
                    "verse_nr": "20",
                    "verse": "O Timoteo, custodisci il deposito; evita i discorsi vuoti e profani e le obiezioni di quella che falsamente si chiama scienza;"
                },
                "21": {
                    "verse_nr": "21",
                    "verse": "alcuni di quelli che la professano si sono allontanati dalla fede. La grazia sia con voi. [Amen.]"
                }
            }
        }
    }
}