{
    "version": "nr2006",
    "book_name": "Ezra",
    "book_nr": "15",
    "book": {
        "1": {
            "chapter_nr": "1",
            "chapter": {
                "1": {
                    "verse_nr": "1",
                    "verse": "Editto di Ciro. Ritorno dalla deportazione a Babilonia - Nel primo anno di Ciro, re di Persia, affinch\u00e9 si adempisse la parola del SIGNORE pronunciata per bocca di Geremia, il SIGNORE dest\u00f2 lo spirito di Ciro, re di Persia, il quale a voce e per iscritto fece proclamare per tutto il suo regno questo editto:"
                },
                "2": {
                    "verse_nr": "2",
                    "verse": "\u00abCos\u00ec dice Ciro, re di Persia: \u201cIl SIGNORE, Dio dei cieli, mi ha dato tutti i regni della terra, ed egli mi ha comandato di costruirgli una casa a Gerusalemme, che si trova in Giuda."
                },
                "3": {
                    "verse_nr": "3",
                    "verse": "Chiunque tra voi \u00e8 del suo popolo, il suo Dio sia con lui, salga a Gerusalemme, che si trova in Giuda, e costruisca la casa del SIGNORE, Dio d\u2019Israele, del Dio che \u00e8 a Gerusalemme."
                },
                "4": {
                    "verse_nr": "4",
                    "verse": "Tutti quelli che rimangono ancora del popolo del SIGNORE, dovunque risiedano, siano assistiti dalla gente del posto con argento, oro, doni in natura, bestiame, e inoltre con offerte volontarie per la casa del Dio che \u00e8 a Gerusalemme\u201d\u00bb."
                },
                "5": {
                    "verse_nr": "5",
                    "verse": "Allora i capi famiglia di Giuda e di Beniamino, i sacerdoti e i Leviti, tutti quelli ai quali Dio aveva destato lo spirito, si misero in cammino verso Gerusalemme per ricostruire la casa del SIGNORE."
                },
                "6": {
                    "verse_nr": "6",
                    "verse": "Tutti i loro vicini li fornirono di oggetti d\u2019argento e d\u2019oro, di doni in natura, di bestiame, di cose preziose, oltre a tutte le offerte volontarie."
                },
                "7": {
                    "verse_nr": "7",
                    "verse": "Il re Ciro tir\u00f2 fuori gli utensili della casa del SIGNORE che Nabucodonosor aveva portati via da Gerusalemme e messi nella casa del suo dio."
                },
                "8": {
                    "verse_nr": "8",
                    "verse": "Ciro, re di Persia, li fece tirar fuori da Mitredat, il tesoriere, che li consegn\u00f2 a Sesbasar, capo di Giuda."
                },
                "9": {
                    "verse_nr": "9",
                    "verse": "Eccone il numero: trenta bacinelle d\u2019oro, mille bacinelle d\u2019argento, ventinove coltelli,"
                },
                "10": {
                    "verse_nr": "10",
                    "verse": "trenta coppe d\u2019oro, quattrocentodieci coppe d\u2019argento di seconda qualit\u00e0, mille altri utensili."
                },
                "11": {
                    "verse_nr": "11",
                    "verse": "In tutto c\u2019erano cinquemilaquattrocento oggetti d\u2019oro e d\u2019argento. Sesbasar li riport\u00f2 tutti, quando gli esuli furono ricondotti da Babilonia a Gerusalemme."
                }
            }
        },
        "2": {
            "chapter_nr": "2",
            "chapter": {
                "1": {
                    "verse_nr": "1",
                    "verse": "Censimento degli Israeliti reduci da Babilonia - Questi sono gli uomini della provincia che tornarono dalla deportazione, quelli che Nabucodonosor, re di Babilonia, aveva condotti schiavi a Babilonia, e che tornarono a Gerusalemme e in Giuda, ognuno nella sua citt\u00e0."
                },
                "2": {
                    "verse_nr": "2",
                    "verse": "Essi giunsero con Zorobabele, Iesua, Neemia, Seraia, Reelaia, Mardocheo, Bilsan, Mispar, Bigvai, Reum, Baana. Lista degli uomini del popolo d\u2019Israele:"
                },
                "3": {
                    "verse_nr": "3",
                    "verse": "figli di Paros, duemilacentosettantadue;"
                },
                "4": {
                    "verse_nr": "4",
                    "verse": "figli di Sefatia, trecentosettantadue;"
                },
                "5": {
                    "verse_nr": "5",
                    "verse": "figli di Ara, settecentosettantacinque;"
                },
                "6": {
                    "verse_nr": "6",
                    "verse": "figli di Pacat-Moab, discendenti di Iesua e di Ioab, duemilaottocentododici;"
                },
                "7": {
                    "verse_nr": "7",
                    "verse": "figli di Elam, milleduecentocinquantaquattro;"
                },
                "8": {
                    "verse_nr": "8",
                    "verse": "figli di Zattu, novecentoquarantacinque;"
                },
                "9": {
                    "verse_nr": "9",
                    "verse": "figli di Zaccai, settecentosessanta;"
                },
                "10": {
                    "verse_nr": "10",
                    "verse": "figli di Bani, seicentoquarantadue;"
                },
                "11": {
                    "verse_nr": "11",
                    "verse": "figli di Bebai, seicentoventitr\u00e9;"
                },
                "12": {
                    "verse_nr": "12",
                    "verse": "figli di Azgad, milleduecentoventidue;"
                },
                "13": {
                    "verse_nr": "13",
                    "verse": "figli di Adonicam, seicentosessantasei;"
                },
                "14": {
                    "verse_nr": "14",
                    "verse": "figli di Bigvai, duemilacinquantasei;"
                },
                "15": {
                    "verse_nr": "15",
                    "verse": "figli di Adin, quattrocentocinquantaquattro;"
                },
                "16": {
                    "verse_nr": "16",
                    "verse": "figli di Ater, della famiglia di Ezechia, novantotto;"
                },
                "17": {
                    "verse_nr": "17",
                    "verse": "figli di Besai, trecentoventitr\u00e9;"
                },
                "18": {
                    "verse_nr": "18",
                    "verse": "figli di Ior\u00e0, centododici;"
                },
                "19": {
                    "verse_nr": "19",
                    "verse": "figli di Casum, duecentoventitr\u00e9;"
                },
                "20": {
                    "verse_nr": "20",
                    "verse": "figli di Ghibbar, novantacinque;"
                },
                "21": {
                    "verse_nr": "21",
                    "verse": "figli di Betlemme, centoventitr\u00e9;"
                },
                "22": {
                    "verse_nr": "22",
                    "verse": "uomini di Netofa, cinquantasei;"
                },
                "23": {
                    "verse_nr": "23",
                    "verse": "uomini di Anatot, centoventotto;"
                },
                "24": {
                    "verse_nr": "24",
                    "verse": "uomini di Azmavet, quarantadue;"
                },
                "25": {
                    "verse_nr": "25",
                    "verse": "uomini di Chiriat-Arim, di Chefira e di Beerot, settecentoquarantatr\u00e9;"
                },
                "26": {
                    "verse_nr": "26",
                    "verse": "uomini di Rama e di Gheba, seicentoventuno;"
                },
                "27": {
                    "verse_nr": "27",
                    "verse": "uomini di Micmas, centoventidue;"
                },
                "28": {
                    "verse_nr": "28",
                    "verse": "uomini di Betel e di Ai, duecentoventitr\u00e9;"
                },
                "29": {
                    "verse_nr": "29",
                    "verse": "figli di Nebo, cinquantadue;"
                },
                "30": {
                    "verse_nr": "30",
                    "verse": "figli di Magbis, centocinquantasei;"
                },
                "31": {
                    "verse_nr": "31",
                    "verse": "figli di un altro Elam, milleduecentocinquantaquattro;"
                },
                "32": {
                    "verse_nr": "32",
                    "verse": "figli di Carim, trecentoventi;"
                },
                "33": {
                    "verse_nr": "33",
                    "verse": "figli di Lod, di Cadid e di Ono, settecentoventicinque;"
                },
                "34": {
                    "verse_nr": "34",
                    "verse": "figli di Gerico, trecentoquarantacinque;"
                },
                "35": {
                    "verse_nr": "35",
                    "verse": "figli di Senaa, tremilaseicentotrenta."
                },
                "36": {
                    "verse_nr": "36",
                    "verse": "Sacerdoti: figli di Iedaia, della casa di Iesua, novecentosettantatr\u00e9;"
                },
                "37": {
                    "verse_nr": "37",
                    "verse": "figli d\u2019Immer, millecinquantadue;"
                },
                "38": {
                    "verse_nr": "38",
                    "verse": "figli di Pasur, milleduecentoquarantasette;"
                },
                "39": {
                    "verse_nr": "39",
                    "verse": "figli di Carim, millediciassette."
                },
                "40": {
                    "verse_nr": "40",
                    "verse": "Leviti: figli di Iesua e di Cadmiel, discendenti di Odavia, settantaquattro."
                },
                "41": {
                    "verse_nr": "41",
                    "verse": "Cantori: figli di Asaf, centoventotto."
                },
                "42": {
                    "verse_nr": "42",
                    "verse": "Figli dei portinai: figli di Sallum, figli di Ater, figli di Talmon, figli di Accub, figli di Catita, figli di Sobai, in tutto centotrentanove."
                },
                "43": {
                    "verse_nr": "43",
                    "verse": "Netinei: i figli di Sia, i figli di Casufa, i figli di Tabbaot,"
                },
                "44": {
                    "verse_nr": "44",
                    "verse": "i figli di Cheros, i figli di Siaa, i figli di Padon,"
                },
                "45": {
                    "verse_nr": "45",
                    "verse": "i figli di Lebana, i figli di Agaba, i figli di Accub,"
                },
                "46": {
                    "verse_nr": "46",
                    "verse": "i figli di Agab, i figli di Samlai, i figli di Anan,"
                },
                "47": {
                    "verse_nr": "47",
                    "verse": "i figli di Ghiddel, i figli di Gaar, i figli di Reaia,"
                },
                "48": {
                    "verse_nr": "48",
                    "verse": "i figli di Resin, i figli di Necoda, i figli di Gazzam,"
                },
                "49": {
                    "verse_nr": "49",
                    "verse": "i figli di Uzza, i figli di Pasea, i figli di Besai,"
                },
                "50": {
                    "verse_nr": "50",
                    "verse": "i figli di Asna, i figli di Meunim, i figli di Nefusim,"
                },
                "51": {
                    "verse_nr": "51",
                    "verse": "i figli di Bacbuc, i figli di Acufa, i figli di Carcur,"
                },
                "52": {
                    "verse_nr": "52",
                    "verse": "i figli di Baslut, i figli di Meida, i figli di Carsa,"
                },
                "53": {
                    "verse_nr": "53",
                    "verse": "i figli di Barcos, i figli di Sisera, i figli di Tam\u00e0,"
                },
                "54": {
                    "verse_nr": "54",
                    "verse": "i figli di Nesia, i figli di Catifa."
                },
                "55": {
                    "verse_nr": "55",
                    "verse": "Figli dei servitori di Salomone: i figli di Sotai, i figli di Soferet, i figli di Peruda,"
                },
                "56": {
                    "verse_nr": "56",
                    "verse": "i figli di Iaala, i figli di Darcon, i figli di Ghiddel,"
                },
                "57": {
                    "verse_nr": "57",
                    "verse": "i figli di Sefatia, i figli di Cattil, i figli di Pocheret-Asebaim, i figli di Ami."
                },
                "58": {
                    "verse_nr": "58",
                    "verse": "Tutti i Netinei e i figli dei servitori di Salomone ammontavano a trecentonovantadue."
                },
                "59": {
                    "verse_nr": "59",
                    "verse": "Ed ecco quelli che tornarono da Tel-Mela, da Tel-Arsa, da Cherub-Addan, da Immer, e che non poterono indicare la loro casa patriarcale e la loro discendenza per provare che erano d\u2019Israele:"
                },
                "60": {
                    "verse_nr": "60",
                    "verse": "i figli di Delaia, i figli di Tobia, i figli di Necoda, in tutto seicentocinquantadue."
                },
                "61": {
                    "verse_nr": "61",
                    "verse": "Tra i figli dei sacerdoti: i figli di Cabaia, i figli di Accos, i figli di Barzillai, che aveva preso in moglie una delle figlie di Barzillai, il Galaadita, e fu chiamato con il loro nome."
                },
                "62": {
                    "verse_nr": "62",
                    "verse": "Questi cercarono i loro titoli genealogici, ma non li trovarono; furono quindi esclusi, come impuri, dal sacerdozio."
                },
                "63": {
                    "verse_nr": "63",
                    "verse": "E il governatore disse loro di non mangiare cose santissime finch\u00e9 non si presentasse un sacerdote con l\u2019urim e il tummim."
                },
                "64": {
                    "verse_nr": "64",
                    "verse": "La comunit\u00e0 nel suo insieme contava quarantaduemilatrecentosessanta persone,"
                },
                "65": {
                    "verse_nr": "65",
                    "verse": "senza contare i loro servi e le loro serve, che ammontavano a settemilatrecentotrentasette. Avevano anche duecento cantanti, maschi e femmine."
                },
                "66": {
                    "verse_nr": "66",
                    "verse": "Avevano settecentotrentasei cavalli, duecentoquarantacinque muli,"
                },
                "67": {
                    "verse_nr": "67",
                    "verse": "quattrocentotrentacinque cammelli e seimilasettecentoventi asini."
                },
                "68": {
                    "verse_nr": "68",
                    "verse": "Alcuni dei capi famiglia, quando giunsero alla casa del SIGNORE che si trova a Gerusalemme, fecero offerte volontarie per la casa di Dio, per ricostruirla dove stava prima."
                },
                "69": {
                    "verse_nr": "69",
                    "verse": "Diedero al tesoro dell\u2019opera, secondo i loro mezzi, sessantunmila dracme d\u2019oro, cinquemila mine d\u2019argento e cento vesti sacerdotali."
                },
                "70": {
                    "verse_nr": "70",
                    "verse": "I sacerdoti, i Leviti, la gente del popolo, i cantori, i portinai, i Netinei, si stabilirono nelle loro citt\u00e0; e tutti gli Israeliti, nelle rispettive citt\u00e0."
                }
            }
        },
        "3": {
            "chapter_nr": "3",
            "chapter": {
                "1": {
                    "verse_nr": "1",
                    "verse": "Ricostruzione dell\u2019altare e ristabilimento del culto - Giunto il settimo mese, dopo che i figli d\u2019Israele si furono stabiliti nelle loro citt\u00e0, il popolo si adun\u00f2 come un sol uomo a Gerusalemme."
                },
                "2": {
                    "verse_nr": "2",
                    "verse": "Allora Iesua, figlio di Iosadac, con i suoi fratelli sacerdoti, e Zorobabele, figlio di Sealtiel, con i suoi fratelli, si misero a costruire l\u2019altare del Dio d\u2019Israele, per offrirvi sopra olocausti, come \u00e8 scritto nella legge di Mos\u00e8, uomo di Dio."
                },
                "3": {
                    "verse_nr": "3",
                    "verse": "Ristabilirono l\u2019altare sulle sue basi, sebbene temessero i popoli delle terre vicine, e offrirono sopra di esso olocausti al SIGNORE: gli olocausti del mattino e della sera."
                },
                "4": {
                    "verse_nr": "4",
                    "verse": "Celebrarono la festa delle Capanne, secondo quanto \u00e8 scritto, e offrirono olocausti giorno per giorno, nel numero prescritto per ciascun giorno."
                },
                "5": {
                    "verse_nr": "5",
                    "verse": "Poi offrirono l\u2019olocausto continuo, gli olocausti dei noviluni e di tutte le solennit\u00e0 sacre del SIGNORE, e quelli di chi faceva qualche offerta volontaria al SIGNORE."
                },
                "6": {
                    "verse_nr": "6",
                    "verse": "Dal primo giorno del settimo mese cominciarono a offrire olocausti al SIGNORE; ma le fondamenta del tempio del SIGNORE non erano ancora state poste."
                },
                "7": {
                    "verse_nr": "7",
                    "verse": "Diedero del denaro agli scalpellini e ai falegnami, dei viveri, delle bevande e dell\u2019olio ai Sidoni e ai Tiri perch\u00e9 portassero per mare sino a Iafo del legno di cedro del Libano, secondo la concessione che Ciro, re di Persia, aveva loro fatta."
                },
                "8": {
                    "verse_nr": "8",
                    "verse": "Le fondamenta del tempio - Il secondo anno dopo il loro arrivo alla casa di Dio, a Gerusalemme, il secondo mese, Zorobabele, figlio di Sealtiel, Iesua, figlio di Iosadac, con gli altri loro fratelli, sacerdoti e Leviti, e tutti quelli che erano tornati dall\u2019esilio a Gerusalemme, si misero all\u2019opera; incaricarono i Leviti dai vent\u2019anni in su di dirigere i lavori della casa del SIGNORE."
                },
                "9": {
                    "verse_nr": "9",
                    "verse": "Iesua con i suoi figli e i suoi fratelli, Cadmiel con i suoi figli, figli di Giuda, si presentarono come un sol uomo per dirigere quelli che lavoravano alla casa di Dio; lo stesso fecero i figli di Chenadad con i loro figli e con i loro fratelli, i Leviti."
                },
                "10": {
                    "verse_nr": "10",
                    "verse": "Quando i costruttori posero le fondamenta del tempio del SIGNORE, vi si fecero assistere i sacerdoti vestiti dei loro paramenti, con delle trombe, e i Leviti, figli di Asaf, con dei cembali, per lodare il SIGNORE, secondo le direttive date da Davide, re d\u2019Israele."
                },
                "11": {
                    "verse_nr": "11",
                    "verse": "Essi cantavano rispondendosi a vicenda, celebrando e lodando il SIGNORE: \u00abPerch\u00e9 egli \u00e8 buono, perch\u00e9 la sua bont\u00e0 verso Israele dura in eterno\u00bb. E tutto il popolo, gridando di gioia, lodava il SIGNORE, perch\u00e9 si erano poste le fondamenta della casa del SIGNORE."
                },
                "12": {
                    "verse_nr": "12",
                    "verse": "Molti sacerdoti, Leviti e capi famiglia anziani, che avevano visto la prima casa, piangevano ad alta voce mentre si ponevano le fondamenta della nuova casa. Molti altri invece alzavano le loro voci, gridando per la gioia,"
                },
                "13": {
                    "verse_nr": "13",
                    "verse": "al punto che non si poteva distinguere il rumore delle grida di gioia da quello del pianto del popolo; perch\u00e9 il popolo gridava forte, e il rumore si udiva da lontano."
                }
            }
        },
        "4": {
            "chapter_nr": "4",
            "chapter": {
                "1": {
                    "verse_nr": "1",
                    "verse": "La costruzione del tempio interrotta - Quando i nemici di Giuda e di Beniamino vennero a sapere che i reduci dall\u2019esilio costruivano un tempio al SIGNORE, Dio d\u2019Israele,"
                },
                "2": {
                    "verse_nr": "2",
                    "verse": "si avvicinarono a Zorobabele e ai capi famiglia e dissero loro: \u00abNoi vogliamo costruire con voi, perch\u00e9, come voi, noi cerchiamo il vostro Dio, e gli offriamo sacrifici dal tempo di Esaraddon, re d\u2019Assiria, che ci ha fatti venire in questo paese\u00bb."
                },
                "3": {
                    "verse_nr": "3",
                    "verse": "Ma Zorobabele, Iesua, e gli altri capi famiglia d\u2019Israele risposero loro: \u00abNon \u00e8 compito vostro costruire insieme a noi una casa al nostro Dio; noi la costruiremo da soli al SIGNORE, Dio d\u2019Israele, come Ciro, re di Persia, ci ha ordinato\u00bb."
                },
                "4": {
                    "verse_nr": "4",
                    "verse": "Allora la gente del paese si mise a scoraggiare il popolo di Giuda, a molestarlo per impedirgli di fabbricare,"
                },
                "5": {
                    "verse_nr": "5",
                    "verse": "e a corrompere dei consiglieri perch\u00e9 facessero fallire il suo piano. Questo dur\u00f2 per tutta la vita di Ciro, re di Persia, e fino al regno di Dario, re di Persia."
                },
                "6": {
                    "verse_nr": "6",
                    "verse": "Sotto il regno di Assuero, al principio del suo regno, scrissero un\u2019accusa contro gli abitanti di Giuda e di Gerusalemme."
                },
                "7": {
                    "verse_nr": "7",
                    "verse": "Poi, al tempo di Artaserse, Bislam, Mitredat, Tabeel e gli altri loro colleghi scrissero ad Artaserse, re di Persia. La lettera era scritta in caratteri aramaici e redatta in aramaico."
                },
                "8": {
                    "verse_nr": "8",
                    "verse": "Reum, il governatore, e Simsai, il segretario, scrissero al re Artaserse una lettera contro Gerusalemme, in questi termini:"
                },
                "9": {
                    "verse_nr": "9",
                    "verse": "Reum, il governatore, Simsai, il segretario, e gli altri loro colleghi di Din, di Afarsatac, di Tarpel, di Afaras, di Erec, di Babilonia, di Susan, di Dea, di Elam,"
                },
                "10": {
                    "verse_nr": "10",
                    "verse": "e gli altri popoli che il grande e illustre Osnapar ha trasportati e stabiliti nella citt\u00e0 di Samaria, e gli altri che stanno di l\u00e0 dal fiume\u2026 eccetera."
                },
                "11": {
                    "verse_nr": "11",
                    "verse": "Questo \u00e8 il testo della lettera che inviarono al re Artaserse: I tuoi servi, che risiedono oltre il fiume, eccetera."
                },
                "12": {
                    "verse_nr": "12",
                    "verse": "Sappia il re che i Giudei che sono partiti da te e giunti in mezzo a noi a Gerusalemme, ricostruiscono la citt\u00e0 ribelle e malvagia, ne rialzano le mura e ne restaurano le fondamenta."
                },
                "13": {
                    "verse_nr": "13",
                    "verse": "Sappia dunque il re che se questa citt\u00e0 si ricostruisce e se le sue mura si rialzano, essi non pagheranno pi\u00f9 n\u00e9 tributo n\u00e9 imposta n\u00e9 pedaggio, e il tesoro dei re ne soffrir\u00e0."
                },
                "14": {
                    "verse_nr": "14",
                    "verse": "Poich\u00e9 noi mangiamo il sale del palazzo e non ci sembra conveniente stare a vedere il danno del re, mandiamo al re questa informazione."
                },
                "15": {
                    "verse_nr": "15",
                    "verse": "Si facciano delle ricerche nel libro delle memorie dei tuoi padri e, nel libro delle memorie, troverai e apprenderai che questa \u00e8 una citt\u00e0 ribelle, portatrice di sventure a re e a province, e che fin dai tempi antichi ci sono state rivolte. Per queste ragioni la citt\u00e0 \u00e8 stata distrutta."
                },
                "16": {
                    "verse_nr": "16",
                    "verse": "Noi facciamo sapere al re che se questa citt\u00e0 viene ricostruita e le sue mura vengono rialzate, tu non avrai pi\u00f9 il dominio su questo lato del fiume."
                },
                "17": {
                    "verse_nr": "17",
                    "verse": "Il re mand\u00f2 questa risposta a Reum, il governatore, a Simsai, il segretario, e agli altri loro colleghi che stavano a Samaria e altrove di l\u00e0 dal fiume: \u00abSalute, eccetera."
                },
                "18": {
                    "verse_nr": "18",
                    "verse": "La lettera che ci avete mandato \u00e8 stata fedelmente letta in mia presenza;"
                },
                "19": {
                    "verse_nr": "19",
                    "verse": "e io ho dato ordine di far delle ricerche. Si \u00e8 trovato che fin dai tempi antichi codesta citt\u00e0 \u00e8 insorta contro i re e ci sono stati tumulti e rivolte."
                },
                "20": {
                    "verse_nr": "20",
                    "verse": "Vi sono stati a Gerusalemme dei re potenti, che dominarono su tutto il paese che \u00e8 di l\u00e0 dal fiume, e ai quali si pagavano tributi, imposte e pedaggio."
                },
                "21": {
                    "verse_nr": "21",
                    "verse": "Date dunque ordine che quella gente sospenda i lavori, e che quella citt\u00e0 non sia ricostruita finch\u00e9 non ne dia l\u2019ordine io stesso."
                },
                "22": {
                    "verse_nr": "22",
                    "verse": "Badate di non essere negligenti in questo, affinch\u00e9 la situazione non peggiori a danno dei re\u00bb."
                },
                "23": {
                    "verse_nr": "23",
                    "verse": "Non appena la copia della lettera del re Artaserse fu letta in presenza di Reum, di Simsai il segretario e dei loro colleghi, essi andarono in fretta a Gerusalemme dai Giudei e li obbligarono, a mano armata, a sospendere i lavori."
                },
                "24": {
                    "verse_nr": "24",
                    "verse": "Allora fu sospesa l\u2019opera della casa di Dio a Gerusalemme, e rimase sospesa fino al secondo anno del regno di Dario, re di Persia."
                }
            }
        },
        "5": {
            "chapter_nr": "5",
            "chapter": {
                "1": {
                    "verse_nr": "1",
                    "verse": "La costruzione del tempio ripresa - I profeti Aggeo e Zaccaria, figlio di Iddo, profetizzarono nel nome del Dio d\u2019Israele ai Giudei che erano in Giuda e a Gerusalemme."
                },
                "2": {
                    "verse_nr": "2",
                    "verse": "Allora Zorobabele, figlio di Sealtiel, e Iesua, figlio di Iosadac, andarono a riprendere la costruzione della casa di Dio a Gerusalemme; e con loro erano i profeti di Dio, che li assistevano."
                },
                "3": {
                    "verse_nr": "3",
                    "verse": "In quel medesimo tempo giunsero da loro Tattenai, governatore d\u2019oltre il fiume, Setar-Boznai e i loro colleghi, e parlarono cos\u00ec: \u00abChi vi ha dato l\u2019ordine di costruire questa casa e di rialzare queste mura?\u00bb"
                },
                "4": {
                    "verse_nr": "4",
                    "verse": "Poi aggiunsero: \u00abQuali sono i nomi degli uomini che costruiscono quest\u2019edificio?\u00bb"
                },
                "5": {
                    "verse_nr": "5",
                    "verse": "Ma l\u2019occhio del loro Dio vegliava sugli anziani di Giuda, e quelli non li obbligarono a sospendere i lavori, finch\u00e9 la cosa non fosse stata sottoposta a Dario e da lui fosse giunta una risposta in proposito."
                },
                "6": {
                    "verse_nr": "6",
                    "verse": "Copia della lettera mandata al re Dario da Tattenai, governatore d\u2019oltre il fiume, da Setar-Boznai e dai suoi colleghi, gli Afarsachiti, che risiedevano oltre il fiume."
                },
                "7": {
                    "verse_nr": "7",
                    "verse": "Gli mandarono un rapporto cos\u00ec formulato: \u00abAl re Dario, perfetta salute!"
                },
                "8": {
                    "verse_nr": "8",
                    "verse": "Sappia il re che noi siamo andati nella provincia di Giuda, alla casa del gran Dio. Essa viene costruita con blocchi di pietra e nelle pareti si inserisce del legname; l\u2019opera viene fatta con cura e progredisce nelle loro mani."
                },
                "9": {
                    "verse_nr": "9",
                    "verse": "Noi abbiamo interrogato quegli anziani, e abbiamo detto loro: \u201cChi vi ha dato l\u2019ordine di costruire questa casa e di rialzare queste mura?\u201d"
                },
                "10": {
                    "verse_nr": "10",
                    "verse": "Abbiamo anche domandato i loro nomi perch\u00e9 tu ne prenda nota, e abbiamo scritto i nomi dei loro capi."
                },
                "11": {
                    "verse_nr": "11",
                    "verse": "Questa \u00e8 la risposta che ci hanno data: \u201cNoi siamo i servi del Dio del cielo e della terra, e ricostruiamo la casa che era stata gi\u00e0 costruita molti anni fa: un gran re d\u2019Israele l\u2019aveva costruita e portata a termine."
                },
                "12": {
                    "verse_nr": "12",
                    "verse": "Ma poich\u00e9 i nostri padri provocarono l\u2019ira del Dio del cielo, Dio li abbandon\u00f2 nelle mani di Nabucodonosor, il Caldeo, re di Babilonia, il quale distrusse questa casa e deport\u00f2 la popolazione a Babilonia."
                },
                "13": {
                    "verse_nr": "13",
                    "verse": "Ma Ciro, re di Babilonia, nel suo primo anno di regno, diede ordine che questa casa di Dio fosse ricostruita."
                },
                "14": {
                    "verse_nr": "14",
                    "verse": "Inoltre il re Ciro prelev\u00f2 dal tempio di Babilonia gli utensili d\u2019oro e d\u2019argento della casa di Dio, che Nabucodonosor aveva portati via dal tempio di Gerusalemme e trasportati nel tempio di Babilonia; li fece consegnare a uno chiamato Sesbasar, che egli aveva fatto governatore, e gli disse:"
                },
                "15": {
                    "verse_nr": "15",
                    "verse": "\u2018Prendi questi utensili, riportali nel tempio di Gerusalemme, e la casa di Dio sia ricostruita dov\u2019era prima\u2019."
                },
                "16": {
                    "verse_nr": "16",
                    "verse": "Allora lo stesso Sesbasar venne e pose le fondamenta della casa di Dio a Gerusalemme. La costruzione \u00e8 andata avanti da quel tempo fino a oggi, ma non \u00e8 ancora conclusa\u201d."
                },
                "17": {
                    "verse_nr": "17",
                    "verse": "Dunque, se cos\u00ec piace al re, si facciano delle ricerche nella casa dei tesori del re a Babilonia, per verificare se vi sia stato un ordine dato dal re Ciro per la costruzione di questo tempio di Dio a Gerusalemme; e il re ci comunichi la sua volont\u00e0 a questo riguardo\u00bb."
                }
            }
        },
        "6": {
            "chapter_nr": "6",
            "chapter": {
                "1": {
                    "verse_nr": "1",
                    "verse": "Editto di Dario - Allora il re Dario ordin\u00f2 che si facessero delle ricerche negli archivi dove erano conservati i tesori a Babilonia."
                },
                "2": {
                    "verse_nr": "2",
                    "verse": "Nel castello di Ameta, situato nella provincia di Media, si trov\u00f2 un rotolo, nel quale stava scritto cos\u00ec:"
                },
                "3": {
                    "verse_nr": "3",
                    "verse": "\u00abMemoria. Il primo anno del re Ciro, il re Ciro ha pubblicato questo editto, concernente la casa di Dio a Gerusalemme: \u201cLa casa sia ricostruita per essere un luogo dove si offrono sacrifici; le fondamenta che verranno poste, siano solide; abbia sessanta cubiti d\u2019altezza, sessanta cubiti di larghezza,"
                },
                "4": {
                    "verse_nr": "4",
                    "verse": "tre ordini di blocchi di pietra e un ordine di travatura nuova; la spesa sia pagata dalla casa reale;"
                },
                "5": {
                    "verse_nr": "5",
                    "verse": "inoltre, gli utensili d\u2019oro e d\u2019argento della casa di Dio, che Nabucodonosor aveva tolti dal tempio di Gerusalemme e trasportati a Babilonia, siano restituiti e riportati al tempio di Gerusalemme, nel luogo dov\u2019erano prima, e riposti nella casa di Dio\u201d\u00bb."
                },
                "6": {
                    "verse_nr": "6",
                    "verse": "\u00abTu dunque, Tattenai, governatore d\u2019oltre il fiume, tu, Setar-Boznai, e voi, loro colleghi di Afarsac, che state di l\u00e0 dal fiume, statevene lontani da quel luogo!"
                },
                "7": {
                    "verse_nr": "7",
                    "verse": "Lasciate continuare i lavori di quella casa di Dio. Il governatore dei Giudei e gli anziani dei Giudei ricostruiscano quella casa di Dio dov\u2019era prima."
                },
                "8": {
                    "verse_nr": "8",
                    "verse": "Io ho dato ordine su come dovrete comportarvi verso quegli anziani dei Giudei nella ricostruzione di quella casa di Dio: le spese siano puntualmente pagate a quegli uomini attingendo dalle entrate del re provenienti dai tributi d\u2019oltre il fiume, in modo da non interrompere i lavori."
                },
                "9": {
                    "verse_nr": "9",
                    "verse": "Le cose necessarie per gli olocausti al Dio dei cieli: vitelli, montoni, agnelli, frumento, sale, vino e olio, siano fornite ai sacerdoti di Gerusalemme su loro richiesta, giorno per giorno e senza negligenza,"
                },
                "10": {
                    "verse_nr": "10",
                    "verse": "affinch\u00e9 offrano sacrifici di odore soave al Dio del cielo e preghino per la vita del re e dei suoi figli."
                },
                "11": {
                    "verse_nr": "11",
                    "verse": "E io ho dato anche quest\u2019ordine: se qualcuno contravverr\u00e0 a questo decreto, si prenda dalla sua casa una trave, la si rizzi, vi sia inchiodato sopra, e la sua casa, per questo motivo, sia ridotta a letamaio."
                },
                "12": {
                    "verse_nr": "12",
                    "verse": "Il Dio che ha fatto di quel luogo la dimora del suo nome, distrugga ogni re ed ogni popolo che alzi la mano per trasgredire la mia parola, per distruggere la casa di Dio che si trova a Gerusalemme! Io, Dario, ho emanato questo decreto, ed esso sia eseguito con diligenza\u00bb."
                },
                "13": {
                    "verse_nr": "13",
                    "verse": "Inaugurazione del tempio - Poich\u00e9 il re Dario aveva cos\u00ec decretato, Tattenai, governatore d\u2019oltre il fiume, Setar-Boznai e i loro colleghi eseguirono puntualmente i suoi ordini."
                },
                "14": {
                    "verse_nr": "14",
                    "verse": "E gli anziani dei Giudei poterono continuare i lavori e far avanzare la costruzione, aiutati dalle parole ispirate del profeta Aggeo e di Zaccaria, figlio di Iddo. Cos\u00ec finirono i loro lavori di costruzione secondo il comandamento del Dio d\u2019Israele, e secondo gli ordini di Ciro, di Dario e di Artaserse, re di Persia."
                },
                "15": {
                    "verse_nr": "15",
                    "verse": "La casa fu finita il terzo giorno del mese di Adar, il sesto anno del regno di Dario."
                },
                "16": {
                    "verse_nr": "16",
                    "verse": "I figli d\u2019Israele, i sacerdoti, i Leviti e gli altri reduci dall\u2019esilio celebrarono con gioia l\u2019inaugurazione di questa casa di Dio."
                },
                "17": {
                    "verse_nr": "17",
                    "verse": "Per l\u2019inaugurazione di questo tempio di Dio offrirono cento tori, duecento montoni, quattrocento agnelli; e come sacrificio espiatorio per tutto Israele, dodici capri, secondo il numero delle trib\u00f9 d\u2019Israele."
                },
                "18": {
                    "verse_nr": "18",
                    "verse": "Stabilirono i sacerdoti secondo le loro classi e i Leviti secondo le loro divisioni, per il servizio di Dio a Gerusalemme, come sta scritto nel libro di Mos\u00e8."
                },
                "19": {
                    "verse_nr": "19",
                    "verse": "Poi i reduci dall\u2019esilio celebrarono la Pasqua il quattordicesimo giorno del primo mese;"
                },
                "20": {
                    "verse_nr": "20",
                    "verse": "poich\u00e9 i sacerdoti e i Leviti si erano purificati di pari consentimento, tutti erano puri; sacrificarono la Pasqua per tutti i reduci dall\u2019esilio, per i sacerdoti loro fratelli e per s\u00e9 stessi."
                },
                "21": {
                    "verse_nr": "21",
                    "verse": "Cos\u00ec i figli d\u2019Israele reduci dall\u2019esilio mangiarono la Pasqua con tutti coloro che si erano separati dall\u2019impurit\u00e0 della gente del paese e che si unirono a loro per cercare il SIGNORE, Dio d\u2019Israele."
                },
                "22": {
                    "verse_nr": "22",
                    "verse": "Celebrarono con gioia la festa degli Azzimi per sette giorni, perch\u00e9 il SIGNORE li aveva rallegrati, e aveva piegato in loro favore il cuore del re d\u2019Assiria in modo da fortificare le loro mani nell\u2019opera della casa di Dio, Dio d\u2019Israele."
                }
            }
        },
        "7": {
            "chapter_nr": "7",
            "chapter": {
                "1": {
                    "verse_nr": "1",
                    "verse": "Arrivo di Esdra a Gerusalemme; il decreto di Artaserse - Dopo queste cose, sotto il regno di Artaserse, re di Persia, giunse Esdra, figlio di Seraia, figlio di Azaria, figlio di Chilchia,"
                },
                "2": {
                    "verse_nr": "2",
                    "verse": "figlio di Sallum, figlio di Sadoc, figlio di Aitub,"
                },
                "3": {
                    "verse_nr": "3",
                    "verse": "figlio di Amaria, figlio di Azaria, figlio di Meraiot,"
                },
                "4": {
                    "verse_nr": "4",
                    "verse": "figlio di Zeraia, figlio di Uzzi,"
                },
                "5": {
                    "verse_nr": "5",
                    "verse": "figlio di Bucchi, figlio di Abisua, figlio di Fineas, figlio di Eleazar, figlio di Aaronne, il sommo sacerdote."
                },
                "6": {
                    "verse_nr": "6",
                    "verse": "Questo Esdra veniva da Babilonia. Era uno scriba esperto nella legge di Mos\u00e8, data dal SIGNORE, Dio d\u2019Israele. Siccome la mano del SIGNORE, suo Dio, era su di lui, il re gli concesse tutto quello che domand\u00f2."
                },
                "7": {
                    "verse_nr": "7",
                    "verse": "Alcuni dei figli d\u2019Israele e alcuni dei sacerdoti, dei Leviti, dei cantori, dei portinai e dei Netinei salirono anche loro con lui a Gerusalemme, il settimo anno del re Artaserse."
                },
                "8": {
                    "verse_nr": "8",
                    "verse": "Esdra giunse a Gerusalemme il quinto mese, nel settimo anno del re."
                },
                "9": {
                    "verse_nr": "9",
                    "verse": "Infatti aveva fissato la partenza da Babilonia per il primo giorno del primo mese, e arriv\u00f2 a Gerusalemme il primo giorno del quinto mese, assistito dalla benefica mano del suo Dio;"
                },
                "10": {
                    "verse_nr": "10",
                    "verse": "poich\u00e9 Esdra si era dedicato con tutto il cuore allo studio e alla pratica della legge del SIGNORE, e a insegnare in Israele le leggi e le prescrizioni divine."
                },
                "11": {
                    "verse_nr": "11",
                    "verse": "Ecco il testo della lettera data dal re Artaserse a Esdra, sacerdote e scriba, esperto nei comandamenti e nelle leggi dati dal SIGNORE a Israele:"
                },
                "12": {
                    "verse_nr": "12",
                    "verse": "\u00abArtaserse, re dei re, a Esdra, sacerdote e scriba esperto nella legge del Dio del cielo, eccetera."
                },
                "13": {
                    "verse_nr": "13",
                    "verse": "Io decreto che, nel mio regno, chiunque del popolo d\u2019Israele, dei suoi sacerdoti e dei Leviti sar\u00e0 disposto a partire con te per Gerusalemme, vada pure."
                },
                "14": {
                    "verse_nr": "14",
                    "verse": "Tu infatti sei mandato dal re e dai suoi sette consiglieri in Giuda e a Gerusalemme per informarti come laggi\u00f9 sia osservata la legge del tuo Dio, la quale \u00e8 nelle tue mani,"
                },
                "15": {
                    "verse_nr": "15",
                    "verse": "e per portare l\u2019argento e l\u2019oro che il re e i suoi consiglieri hanno volontariamente offerto al Dio d\u2019Israele, la cui dimora \u00e8 a Gerusalemme,"
                },
                "16": {
                    "verse_nr": "16",
                    "verse": "e tutto l\u2019argento e l\u2019oro che troverai in tutta la provincia di Babilonia, e i doni volontari fatti dal popolo e dai sacerdoti per la casa del loro Dio a Gerusalemme."
                },
                "17": {
                    "verse_nr": "17",
                    "verse": "Tu avrai quindi cura di comprare con questo denaro tori, montoni, agnelli e ci\u00f2 che occorre per le relative oblazioni e libazioni, e li offrirai sull\u2019altare della casa del vostro Dio che \u00e8 a Gerusalemme."
                },
                "18": {
                    "verse_nr": "18",
                    "verse": "Dell\u2019argento e dell\u2019oro che avanzeranno farete, tu e i tuoi fratelli, quel che vi sembrer\u00e0 meglio, conformandovi alla volont\u00e0 del vostro Dio."
                },
                "19": {
                    "verse_nr": "19",
                    "verse": "Quanto agli utensili che ti sono dati per il servizio della casa del tuo Dio, rimettili davanti al Dio di Gerusalemme."
                },
                "20": {
                    "verse_nr": "20",
                    "verse": "Inoltre prenderai dal tesoro della casa reale quello che ti servir\u00e0 per qualunque altra spesa che dovrai fare per la casa del tuo Dio."
                },
                "21": {
                    "verse_nr": "21",
                    "verse": "Io, il re Artaserse, do ordine a tutti i tesorieri d\u2019oltre il fiume di consegnare senza indugio a Esdra, sacerdote e scriba, esperto nella legge del Dio del cielo, tutto quello che vi chieder\u00e0,"
                },
                "22": {
                    "verse_nr": "22",
                    "verse": "fino a cento talenti d\u2019argento, a cento cori di grano, a cento bati di vino, a cento bati d\u2019olio e una quantit\u00e0 illimitata di sale."
                },
                "23": {
                    "verse_nr": "23",
                    "verse": "Tutto quello che \u00e8 comandato dal Dio del cielo sia puntualmente fatto per la casa del Dio del cielo. Perch\u00e9 infatti l\u2019ira di Dio dovrebbe riversarsi sopra il regno, sul re e i suoi figli?"
                },
                "24": {
                    "verse_nr": "24",
                    "verse": "Vi facciamo inoltre sapere che non si possono esigere tributi o imposte o pedaggi da nessuno dei sacerdoti, dei Leviti, dei cantori, dei portinai, dei Netinei e dei servi di questa casa di Dio."
                },
                "25": {
                    "verse_nr": "25",
                    "verse": "E tu, Esdra, secondo la saggezza di cui il tuo Dio ti ha dotato, stabilisci dei magistrati e dei giudici che amministrino la giustizia a tutto il popolo d\u2019oltre il fiume, a tutti quelli che conoscono le leggi del tuo Dio; e voi fatele conoscere a chi non le conosce."
                },
                "26": {
                    "verse_nr": "26",
                    "verse": "Senza esitare farete giustizia di chi non osserver\u00e0 la legge del tuo Dio e la legge del re, e lo punirete con la morte o con l\u2019esilio, con una multa o con il carcere\u00bb."
                },
                "27": {
                    "verse_nr": "27",
                    "verse": "\u00abBenedetto sia il SIGNORE, Dio dei nostri padri, che ha cos\u00ec disposto il cuore del re a onorare la casa del SIGNORE, a Gerusalemme,"
                },
                "28": {
                    "verse_nr": "28",
                    "verse": "e che mi ha procurato la benevolenza del re, dei suoi consiglieri e di tutti i suoi potenti capi! Io, fortificato dalla mano del SIGNORE, del mio Dio, che era su di me, radunai i capi d\u2019Israele perch\u00e9 partissero con me."
                }
            }
        },
        "8": {
            "chapter_nr": "8",
            "chapter": {
                "1": {
                    "verse_nr": "1",
                    "verse": "Lista degli esuli tornati con Esdra - \u00abQuesti sono i capi delle case patriarcali e le genealogie di quanti tornarono con me da Babilonia, durante il regno del re Artaserse."
                },
                "2": {
                    "verse_nr": "2",
                    "verse": "Dei figli di Fineas: Ghersom; dei figli d\u2019Itamar: Daniele; dei figli di Davide: Cattus, figlio di Secania;"
                },
                "3": {
                    "verse_nr": "3",
                    "verse": "dei figli di Paros: Zaccaria, e con lui furono registrati centocinquanta uomini;"
                },
                "4": {
                    "verse_nr": "4",
                    "verse": "dei figli di Paat-Moab: Elioenai, figlio di Zeraia, e con lui duecento uomini;"
                },
                "5": {
                    "verse_nr": "5",
                    "verse": "dei figli di Secania: il figlio di Iaaziel, e con lui trecento uomini;"
                },
                "6": {
                    "verse_nr": "6",
                    "verse": "dei figli di Adin: Ebed, figlio di Ionatan, e con lui cinquanta uomini;"
                },
                "7": {
                    "verse_nr": "7",
                    "verse": "dei figli di Elam: Isaia, figlio di Atalia, e con lui settanta uomini;"
                },
                "8": {
                    "verse_nr": "8",
                    "verse": "dei figli di Sefatia: Zebadia, figlio di Micael, e con lui ottanta uomini;"
                },
                "9": {
                    "verse_nr": "9",
                    "verse": "dei figli di Ioab: Obadia, figlio di Ieiel, e con lui duecentodiciotto uomini;"
                },
                "10": {
                    "verse_nr": "10",
                    "verse": "dei figli di Selomit: il figlio di Iosifia, e con lui centosessanta uomini;"
                },
                "11": {
                    "verse_nr": "11",
                    "verse": "dei figli di Bebai: Zaccaria, figlio di Bebai, e con lui ventotto uomini;"
                },
                "12": {
                    "verse_nr": "12",
                    "verse": "dei figli di Azgad: Iocanan, figlio di Accatan, e con lui centodieci uomini;"
                },
                "13": {
                    "verse_nr": "13",
                    "verse": "dei figli di Adonicam, gli ultimi, dei quali questi sono i nomi: Elifelet, Ieiel, Semaia, e con loro sessanta uomini;"
                },
                "14": {
                    "verse_nr": "14",
                    "verse": "e dei figli di Bigvai: Utai e Zabbud, e con lui settanta uomini."
                },
                "15": {
                    "verse_nr": "15",
                    "verse": "Io li radunai presso il fiume che scorre verso Aava, e l\u00e0 rimanemmo accampati tre giorni; e, passato in rivista il popolo e i sacerdoti, non trovai in mezzo a loro nessun discendente di Levi."
                },
                "16": {
                    "verse_nr": "16",
                    "verse": "Allora feci chiamare i capi Eliezer, Ariel, Semaia, Elnatan, Iarib, Elnatan, Natan, Zaccaria, Mesullam, e gli istruttori Ioiarib ed Elnatan,"
                },
                "17": {
                    "verse_nr": "17",
                    "verse": "e ordinai loro di andare da Iddo, il capo che era a Casifia, e suggerii loro le parole che dovevano dire a Iddo e ai suoi fratelli Netinei che erano a Casifia, perch\u00e9 ci conducessero dei servitori per la casa del nostro Dio."
                },
                "18": {
                    "verse_nr": "18",
                    "verse": "Siccome la benefica mano del nostro Dio era su di noi, ci condussero Serebia, uomo intelligente, dei figli di Mali, figlio di Levi, figlio d\u2019Israele e con lui i suoi figli e i suoi fratelli, in numero di diciotto;"
                },
                "19": {
                    "verse_nr": "19",
                    "verse": "Casabia, e con lui Isaia, dei figli di Merari, i suoi fratelli e i suoi figli, in numero di venti;"
                },
                "20": {
                    "verse_nr": "20",
                    "verse": "e dei Netinei, che Davide e i capi avevano messo al servizio dei Leviti, duecentoventi Netinei, tutti quanti designati per nome."
                },
                "21": {
                    "verse_nr": "21",
                    "verse": "Laggi\u00f9 presso il fiume Aava, proclamai un digiuno per umiliarci davanti al nostro Dio, per chiedergli un buon viaggio per noi, per i nostri bambini, e per tutto quello che ci apparteneva."
                },
                "22": {
                    "verse_nr": "22",
                    "verse": "Infatti mi vergognavo di chiedere al re una scorta armata e dei cavalieri per difenderci lungo il cammino dal nemico, poich\u00e9 avevamo detto al re: \u201cLa mano del nostro Dio assiste tutti quelli che lo cercano, ma la sua potenza e la sua ira sono contro tutti quelli che l\u2019abbandonano\u201d."
                },
                "23": {
                    "verse_nr": "23",
                    "verse": "Cos\u00ec digiunammo e invocammo il nostro Dio a questo scopo, ed egli ci esaud\u00ec."
                },
                "24": {
                    "verse_nr": "24",
                    "verse": "Allora separai dodici dei capi dei sacerdoti: Serebia, Casabia e dieci dei loro fratelli,"
                },
                "25": {
                    "verse_nr": "25",
                    "verse": "e pesai loro l\u2019argento, l\u2019oro, gli utensili, che erano l\u2019offerta fatta per la casa del nostro Dio dal re, dai suoi consiglieri, dai suoi capi e da tutti gli Israeliti ivi residenti."
                },
                "26": {
                    "verse_nr": "26",
                    "verse": "Misi nelle loro mani seicentocinquanta talenti d\u2019argento, degli utensili d\u2019argento per il valore di cento talenti, cento talenti d\u2019oro,"
                },
                "27": {
                    "verse_nr": "27",
                    "verse": "venti coppe d\u2019oro del valore di mille darici, due vasi di bronzo lucente finissimo, prezioso come l\u2019oro, e dissi loro:"
                },
                "28": {
                    "verse_nr": "28",
                    "verse": "\u201cVoi siete consacrati al SIGNORE; questi utensili sono sacri, e quest\u2019argento e quest\u2019oro sono un\u2019offerta volontaria fatta al SIGNORE, Dio dei vostri padri."
                },
                "29": {
                    "verse_nr": "29",
                    "verse": "Vigilate e custoditeli fino a quando li peserete a Gerusalemme, nelle camere della casa del SIGNORE, in presenza dei capi dei sacerdoti, dei Leviti e dei capi delle famiglie d\u2019Israele\u201d."
                },
                "30": {
                    "verse_nr": "30",
                    "verse": "I sacerdoti e i Leviti dunque ricevettero l\u2019oro, l\u2019argento e gli utensili, dopo che erano stati pesati, per portarli a Gerusalemme nella casa del nostro Dio."
                },
                "31": {
                    "verse_nr": "31",
                    "verse": "Poi partimmo dal fiume Aava il dodicesimo giorno del primo mese per andare a Gerusalemme. La mano di Dio fu su di noi, e ci liber\u00f2 dal nemico e da ogni insidia durante il viaggio."
                },
                "32": {
                    "verse_nr": "32",
                    "verse": "Arrivammo a Gerusalemme; e l\u00e0, dopo esserci riposati tre giorni,"
                },
                "33": {
                    "verse_nr": "33",
                    "verse": "il quarto giorno pesammo nella casa del nostro Dio l\u2019argento, l\u2019oro e gli utensili, che consegnammo al sacerdote Meremot figlio di Uria; con lui era Eleazar, figlio di Fineas, e con loro erano i Leviti Iozabad, figlio di Iesua, e Noadia, figlio di Binnu."
                },
                "34": {
                    "verse_nr": "34",
                    "verse": "Tutto fu contato e pesato; e nello stesso tempo si prese nota del peso totale."
                },
                "35": {
                    "verse_nr": "35",
                    "verse": "Gli esuli tornati dall\u2019esilio offrirono in olocausto al Dio d\u2019Israele dodici tori per tutto Israele, novantasei montoni, settantasette agnelli e, come sacrificio per il peccato, dodici capri; tutto questo in olocausto al SIGNORE."
                },
                "36": {
                    "verse_nr": "36",
                    "verse": "Poi presentarono i decreti del re ai satrapi del re e ai governatori d\u2019oltre il fiume, e questi furono ben disposti verso il popolo e la casa di Dio."
                }
            }
        },
        "9": {
            "chapter_nr": "9",
            "chapter": {
                "1": {
                    "verse_nr": "1",
                    "verse": "Preghiera e confessione di Esdra a causa dei matrimoni con straniere - \u00abQuando queste cose furono finite, i capi si avvicinarono a me, dicendo: \u201cIl popolo d\u2019Israele, i sacerdoti e i Leviti non si sono separati dai popoli di questi paesi, ma imitano le abominazioni dei Cananei, degli Ittiti, dei Ferezei, dei Gebusei, degli Ammoniti, dei Moabiti, degli Egiziani e degli Amorei."
                },
                "2": {
                    "verse_nr": "2",
                    "verse": "Infatti hanno preso le loro figlie come mogli per s\u00e9 e per i propri figli e hanno mescolato la stirpe santa con i popoli di questi paesi; i capi e i magistrati sono stati i primi a commettere questa infedelt\u00e0\u201d."
                },
                "3": {
                    "verse_nr": "3",
                    "verse": "Quando seppi questo, mi stracciai le vesti e il mantello, mi strappai i capelli dalla testa e i peli della barba, e mi sedetti costernato."
                },
                "4": {
                    "verse_nr": "4",
                    "verse": "Allora tutti quelli che tremavano alle parole del Dio d\u2019Israele si radunarono presso di me a causa dell\u2019infedelt\u00e0 di quanti erano tornati dall\u2019esilio. Io rimasi cos\u00ec seduto e costernato, fino al momento dell\u2019offerta della sera."
                },
                "5": {
                    "verse_nr": "5",
                    "verse": "Al momento dell\u2019offerta della sera, mi alzai dalla mia umiliazione, con le vesti e con il mantello stracciati, caddi in ginocchio e, stendendo le mani verso il SIGNORE, mio Dio, dissi:"
                },
                "6": {
                    "verse_nr": "6",
                    "verse": "\u201cMio Dio, io sono confuso; e mi vergogno, mio Dio, di alzare a te la mia faccia, perch\u00e9 le nostre iniquit\u00e0 si sono moltiplicate fin sopra la nostra testa, e la nostra colpa \u00e8 cos\u00ec grande che giunge al cielo."
                },
                "7": {
                    "verse_nr": "7",
                    "verse": "Dal tempo dei nostri padri fino a oggi siamo stati grandemente colpevoli; e a causa delle nostre iniquit\u00e0, noi, i nostri re e i nostri sacerdoti, siamo stati messi in mano ai re dei paesi stranieri, in bal\u00eca della spada, dell\u2019esilio, della rapina e del disonore, come si vede anche oggi."
                },
                "8": {
                    "verse_nr": "8",
                    "verse": "Ora, per un breve momento, il SIGNORE, nostro Dio, ci ha fatto grazia, lasciandoci alcuni superstiti, e concedendoci un asilo nel suo santo luogo, per illuminare i nostri occhi e darci un po\u2019 di sollievo nella nostra schiavit\u00f9."
                },
                "9": {
                    "verse_nr": "9",
                    "verse": "Noi infatti siamo schiavi; ma il nostro Dio non ci ha abbandonati nella nostra schiavit\u00f9. Anzi, ci ha fatto trovare benevolenza verso i re di Persia, i quali ci hanno dato tanto sollievo da poter rialzare la casa del nostro Dio e restaurare le sue rovine, e ci hanno concesso un luogo di riposo in Giuda e a Gerusalemme."
                },
                "10": {
                    "verse_nr": "10",
                    "verse": "Ora, nostro Dio, che possiamo dire dopo questo? Noi infatti abbiamo abbandonato i tuoi comandamenti,"
                },
                "11": {
                    "verse_nr": "11",
                    "verse": "quelli che ci hai dati mediante i profeti, tuoi servitori, dicendo: \u2018Il paese nel quale entrate per prenderne possesso \u00e8 un paese reso impuro dalla corruzione dei popoli di questi paesi, dalle pratiche abominevoli con le quali lo hanno riempito da un\u2019estremit\u00e0 all\u2019altra con le loro contaminazioni."
                },
                "12": {
                    "verse_nr": "12",
                    "verse": "Ora dunque non date le vostre figlie ai loro figli, e non prendete le loro figlie per i vostri figli, e non ricercate la loro prosperit\u00e0 n\u00e9 il loro benessere, e cos\u00ec diventerete voi forti, mangerete i migliori prodotti del paese, e potrete lasciarlo in eredit\u00e0 perenne ai vostri figli\u2019."
                },
                "13": {
                    "verse_nr": "13",
                    "verse": "Ora, dopo tutto quello che ci \u00e8 accaduto a causa delle nostre azioni malvagie e delle nostre grandi colpe, poich\u00e9 tu, nostro Dio, ci hai puniti meno severamente di quanto le nostre colpe avrebbero meritato, e hai conservato di noi un residuo come questo,"
                },
                "14": {
                    "verse_nr": "14",
                    "verse": "dovremmo di nuovo violare i tuoi comandamenti e imparentarci con questi popoli abominevoli? La tua ira non s\u2019infiammerebbe forse contro di noi fino a consumarci e a non lasciar pi\u00f9 n\u00e9 residuo n\u00e9 superstite?"
                },
                "15": {
                    "verse_nr": "15",
                    "verse": "SIGNORE, Dio d\u2019Israele, tu sei giusto, e perci\u00f2 oggi noi siamo ridotti a un residuo di scampati. Eccoci davanti a te a riconoscere la nostra colpa; poich\u00e9 per essa, noi non potremmo resistere in tua presenza!\u201d\u00bb."
                }
            }
        },
        "10": {
            "chapter_nr": "10",
            "chapter": {
                "1": {
                    "verse_nr": "1",
                    "verse": "Separazione dalle mogli straniere - Mentre Esdra pregava e faceva questa confessione piangendo e prostrato davanti alla casa di Dio, si radun\u00f2 intorno a lui una grandissima folla di Israeliti, uomini, donne e bambini; e il popolo piangeva a dirotto."
                },
                "2": {
                    "verse_nr": "2",
                    "verse": "Allora Secania, figlio di Ieiel, uno dei figli di Elam, disse a Esdra: \u00abNoi siamo stati infedeli al nostro Dio, sposando donne straniere prese dai popoli di questo paese. Tuttavia rimane ancora, a questo riguardo, una speranza a Israele."
                },
                "3": {
                    "verse_nr": "3",
                    "verse": "Facciamo un patto con il nostro Dio e impegniamoci a rimandare tutte queste donne e i figli nati da loro, come consigliano il mio signore e quelli che tremano davanti ai comandamenti del nostro Dio: si faccia quello che vuole la legge."
                },
                "4": {
                    "verse_nr": "4",
                    "verse": "\u00c0lzati, perch\u00e9 questo \u00e8 compito tuo, e noi saremo con te. Fatti coraggio e agisci!\u00bb"
                },
                "5": {
                    "verse_nr": "5",
                    "verse": "Allora Esdra si alz\u00f2, fece giurare ai capi dei sacerdoti, dei Leviti e di tutto Israele che avrebbero fatto come era stato detto. E quelli giurarono."
                },
                "6": {
                    "verse_nr": "6",
                    "verse": "Cos\u00ec Esdra si alz\u00f2 davanti alla casa di Dio e and\u00f2 nella camera di Iocanan, figlio di Eliasib; e dopo esserci entrato, non mangi\u00f2 pane n\u00e9 bevve acqua, perch\u00e9 faceva cordoglio per l\u2019infedelt\u00e0 di quelli che erano stati in esilio."
                },
                "7": {
                    "verse_nr": "7",
                    "verse": "Si proclam\u00f2 in Giuda e a Gerusalemme che tutti i reduci dall\u2019esilio si radunassero a Gerusalemme;"
                },
                "8": {
                    "verse_nr": "8",
                    "verse": "e che chiunque non fosse venuto entro tre giorni, seguendo il consiglio dei capi e degli anziani, tutti i suoi beni gli sarebbero stati confiscati, ed egli stesso sarebbe stato escluso dalla comunit\u00e0 dei reduci dall\u2019esilio."
                },
                "9": {
                    "verse_nr": "9",
                    "verse": "Cos\u00ec tutti gli uomini di Giuda e di Beniamino si radunarono a Gerusalemme entro i tre giorni. Era il ventesimo giorno del nono mese. Tutto il popolo stava sulla piazza della casa di Dio, tremante a causa di questo fatto e della gran pioggia."
                },
                "10": {
                    "verse_nr": "10",
                    "verse": "Il sacerdote Esdra si alz\u00f2 e disse loro: \u00abVoi avete commesso un\u2019infedelt\u00e0, sposando donne straniere, e avete reso Israele ancora pi\u00f9 colpevole."
                },
                "11": {
                    "verse_nr": "11",
                    "verse": "Ma ora confessate la vostra colpa al SIGNORE, Dio dei vostri padri, e fate la sua volont\u00e0! Separatevi dai popoli di questo paese e dalle donne straniere!\u00bb"
                },
                "12": {
                    "verse_nr": "12",
                    "verse": "Allora tutta l\u2019assemblea rispose e disse ad alta voce: \u00abS\u00ec, dobbiamo fare come tu hai detto!"
                },
                "13": {
                    "verse_nr": "13",
                    "verse": "Ma il popolo \u00e8 molto numeroso, piove molto e non possiamo stare allo scoperto; e questa non \u00e8 faccenda di un giorno o due, poich\u00e9 siamo stati in molti a commettere questo peccato."
                },
                "14": {
                    "verse_nr": "14",
                    "verse": "Rimangano dunque qui i capi di tutta l\u2019assemblea; e tutti quelli che, nelle nostre citt\u00e0, hanno sposato donne straniere vengano nei tempi stabiliti, con gli anziani e con i giudici di ogni citt\u00e0, finch\u00e9 non sia allontanata da noi l\u2019ardente ira del nostro Dio per questa infedelt\u00e0\u00bb."
                },
                "15": {
                    "verse_nr": "15",
                    "verse": "Ionatan, figlio di Asael, e Iazia, figlio di Ticva, appoggiati da Mesullam e dal Levita Sabtai, furono i soli a opporsi a questo;"
                },
                "16": {
                    "verse_nr": "16",
                    "verse": "ma i reduci dall\u2019esilio fecero a quel modo. Furono scelti il sacerdote Esdra e alcuni capi famiglia, secondo le loro case patriarcali, tutti designati per nome, i quali cominciarono a riunirsi il primo giorno del decimo mese, per esaminare i fatti."
                },
                "17": {
                    "verse_nr": "17",
                    "verse": "Il primo giorno del primo mese avevano finito di occuparsi di quanti avevano sposato donne straniere."
                },
                "18": {
                    "verse_nr": "18",
                    "verse": "Tra i figli dei sacerdoti, che avevano sposato donne straniere, si trovarono dei figli di Iesua, figlio di Iosadac, e tra i suoi fratelli: Maaseia, Eliezer, Iarib e Ghedalia."
                },
                "19": {
                    "verse_nr": "19",
                    "verse": "Essi promisero, dando la mano, di mandar via le loro mogli, e offrirono un montone come sacrificio per la loro colpa."
                },
                "20": {
                    "verse_nr": "20",
                    "verse": "Dei figli di Immer: Canani e Zebadia."
                },
                "21": {
                    "verse_nr": "21",
                    "verse": "Dei figli di Carim: Maaseia, Elia, Semaia, Ieiel e Uzzia."
                },
                "22": {
                    "verse_nr": "22",
                    "verse": "Dei figli di Pasur: Elioenai, Maaseia, Ismael, Netaneel, Iozabad, Elasa."
                },
                "23": {
                    "verse_nr": "23",
                    "verse": "Dei Leviti: Iozabad, Simei, Chelaia, detto anche Chelita, Petaia, Giuda ed Eliezer."
                },
                "24": {
                    "verse_nr": "24",
                    "verse": "Dei cantori: Eliasib. Dei portinai: Sallum, Telem e Uri."
                },
                "25": {
                    "verse_nr": "25",
                    "verse": "E degli Israeliti: dei figli di Paros: Ramia, Izzia, Malchia, Miiamin, Eleazar, Malchia e Benaia."
                },
                "26": {
                    "verse_nr": "26",
                    "verse": "Dei figli di Elam: Mattania, Zaccaria, Ieiel, Abdi, Ieremot ed Elia."
                },
                "27": {
                    "verse_nr": "27",
                    "verse": "Dei figli di Zattu: Elioenai, Eliasib, Mattania, Ieremot, Zabad e Aziza."
                },
                "28": {
                    "verse_nr": "28",
                    "verse": "Dei figli di Bebai: Iocanan, Anania, Zabbai, Atlai."
                },
                "29": {
                    "verse_nr": "29",
                    "verse": "Dei figli di Bani: Mesullam, Malluc, Adaia, Iasub, Seal e Ramot."
                },
                "30": {
                    "verse_nr": "30",
                    "verse": "Dei figli di Paat-Moab: Adna, Chelal, Benaia, Maaseia, Mattania, Besaleel, Binnui e Manasse."
                },
                "31": {
                    "verse_nr": "31",
                    "verse": "Dei figli di Carim: Eliezer, Isiia, Malchia, Semaia, Simeone,"
                },
                "32": {
                    "verse_nr": "32",
                    "verse": "Beniamino, Malluc, Semaria."
                },
                "33": {
                    "verse_nr": "33",
                    "verse": "Dei figli di Casum: Mettenai, Mattatta, Zabad, Elifelet, Ieremai, Manasse, Simei."
                },
                "34": {
                    "verse_nr": "34",
                    "verse": "Dei figli di Bani: Maadai, Amram, Uel,"
                },
                "35": {
                    "verse_nr": "35",
                    "verse": "Benaia, Bedia, Cheluu,"
                },
                "36": {
                    "verse_nr": "36",
                    "verse": "Vania, Meremot, Eliasib,"
                },
                "37": {
                    "verse_nr": "37",
                    "verse": "Mattania, Mattenia, Iaasai,"
                },
                "38": {
                    "verse_nr": "38",
                    "verse": "Bani, Binnui, Simei,"
                },
                "39": {
                    "verse_nr": "39",
                    "verse": "Selemia, Natan, Adaia,"
                },
                "40": {
                    "verse_nr": "40",
                    "verse": "Macnadbai, Sasai, Sarai,"
                },
                "41": {
                    "verse_nr": "41",
                    "verse": "Azareel, Selemia, Semaria,"
                },
                "42": {
                    "verse_nr": "42",
                    "verse": "Sallum, Amaria, Giuseppe."
                },
                "43": {
                    "verse_nr": "43",
                    "verse": "Dei figli di Nebo: Ieiel, Mattitia, Zabad, Zebina, Iaddai, Ioel, Benaia."
                },
                "44": {
                    "verse_nr": "44",
                    "verse": "Tutti questi avevano preso delle mogli straniere; e ce n\u2019erano di quelli che da queste mogli avevano avuto dei figli."
                }
            }
        }
    }
}