{
    "version": "nr2006",
    "book_name": "Lamentations",
    "book_nr": "25",
    "book": {
        "1": {
            "chapter_nr": "1",
            "chapter": {
                "1": {
                    "verse_nr": "1",
                    "verse": "Lamento del profeta su Gerusalemme - Come siede solitaria la citt\u00e0 una volta tanto popolosa! \u00c8 diventata simile a una vedova, lei che era grande fra le nazioni; \u00e8 stata ridotta tributaria, lei che era principessa fra le province!"
                },
                "2": {
                    "verse_nr": "2",
                    "verse": "Essa piange, piange durante la notte, le lacrime le rigano le guance; fra tutti i suoi amanti non ha chi la consoli. Tutti i suoi amici l\u2019hanno tradita, le sono diventati nemici."
                },
                "3": {
                    "verse_nr": "3",
                    "verse": "Giuda \u00e8 in esilio, vittima di oppressione e di dura schiavit\u00f9; abita fra le nazioni, ma non trova riposo. Tutti i suoi persecutori l\u2019hanno raggiunto mentre si trovava nell\u2019angoscia."
                },
                "4": {
                    "verse_nr": "4",
                    "verse": "Le vie di Sion sono in lutto, perch\u00e9 nessuno viene pi\u00f9 alle solenni convocazioni; tutte le sue porte sono deserte, i suoi sacerdoti sospirano, le sue vergini sono addolorate ed essa stessa \u00e8 piena d\u2019amarezza."
                },
                "5": {
                    "verse_nr": "5",
                    "verse": "I suoi avversari hanno preso il sopravvento, i suoi nemici prosperano, poich\u00e9 il Signore l\u2019ha afflitta per i suoi innumerevoli peccati; i suoi bambini sono andati in schiavit\u00f9, davanti al nemico."
                },
                "6": {
                    "verse_nr": "6",
                    "verse": "Dalla figlia di Sion se n\u2019\u00e8 andato tutto il suo splendore; i suoi capi sono diventati come cervi che non trovano pascolo e se ne vanno spossati davanti a colui che li insegue."
                },
                "7": {
                    "verse_nr": "7",
                    "verse": "Nei giorni della sua afflizione, della sua vita raminga, Gerusalemme si ricorda di tutti i beni preziosi che possedeva fin dai giorni antichi; ora che il suo popolo \u00e8 caduto in mano all\u2019avversario e nessuno la soccorre, i suoi nemici la guardano e ridono del suo misero stato."
                },
                "8": {
                    "verse_nr": "8",
                    "verse": "Gerusalemme ha gravemente peccato; perci\u00f2 \u00e8 divenuta come una cosa impura. Tutti quelli che la onoravano la disprezzano, perch\u00e9 hanno visto la sua nudit\u00e0; lei stessa sospira e volta la faccia."
                },
                "9": {
                    "verse_nr": "9",
                    "verse": "La sua sozzura era nelle pieghe della sua veste, lei non pensava alla sua fine; perci\u00f2 \u00e8 caduta in modo sorprendente e nessuno la consola. \u00abO Signore, vedi la mia afflizione, perch\u00e9 il nemico trionfa!\u00bb"
                },
                "10": {
                    "verse_nr": "10",
                    "verse": "L\u2019avversario ha steso la mano su quanto lei aveva di pi\u00f9 caro; infatti ha visto i pagani entrare nel suo santuario, quei pagani riguardo ai quali tu avevi comandato che non entrassero nella tua assemblea."
                },
                "11": {
                    "verse_nr": "11",
                    "verse": "Tutto il suo popolo sospira, cerca pane; d\u00e0 le cose sue pi\u00f9 preziose in cambio di cibo, per poter sopravvivere. \u00abGuarda, Signore, vedi in che misero stato sono ridotta!"
                },
                "12": {
                    "verse_nr": "12",
                    "verse": "Nulla di simile vi accada, o voi che passate di qui! Osservate, guardate se c\u2019\u00e8 dolore simile al dolore che mi tormenta, e con il quale il Signore mi ha colpita nel giorno della sua ardente ira."
                },
                "13": {
                    "verse_nr": "13",
                    "verse": "Egli dall\u2019alto ha scagliato un fuoco, l\u2019ha fatto discendere nelle mie ossa; ha teso una rete ai miei piedi, mi ha rovesciata a terra, mi ha gettata nella desolazione, in un languore senza fine."
                },
                "14": {
                    "verse_nr": "14",
                    "verse": "La sua mano ha legato il giogo dei miei peccati, che s\u2019intrecciano, gravano sul mio collo; egli ha stroncato la mia forza. Il Signore mi ha dato in mani alle quali non posso resistere."
                },
                "15": {
                    "verse_nr": "15",
                    "verse": "Il Signore ha abbattuto dentro le mura tutti i miei prodi, ha raccolto contro di me una grande moltitudine per schiacciare i miei giovani; il Signore ha calcato, come in un tino, la vergine figlia di Giuda."
                },
                "16": {
                    "verse_nr": "16",
                    "verse": "Per questo io piango; i miei occhi, i miei occhi si sciolgono in lacrime, perch\u00e9 da me \u00e8 lontano il consolatore che pu\u00f2 ravvivare la mia vita. I miei figli sono desolati, perch\u00e9 il nemico ha trionfato\u00bb."
                },
                "17": {
                    "verse_nr": "17",
                    "verse": "Sion stende le mani, ma non c\u2019\u00e8 nessuno che la consoli; il Signore ha comandato ai nemici di Giacobbe di circondarlo da tutte le parti. Gerusalemme \u00e8, in mezzo a loro, come una cosa impura."
                },
                "18": {
                    "verse_nr": "18",
                    "verse": "\u00abIl Signore \u00e8 giusto, poich\u00e9 io mi sono ribellata alla sua parola. Ascoltate, o popoli tutti, e vedete il mio dolore! Le mie vergini e i miei giovani sono stati portati in schiavit\u00f9."
                },
                "19": {
                    "verse_nr": "19",
                    "verse": "Io ho chiamato i miei amanti, ma essi mi hanno ingannata; i miei sacerdoti e i miei anziani nella citt\u00e0 hanno esalato l\u2019ultimo respiro mentre cercavano cibo per poter sopravvivere."
                },
                "20": {
                    "verse_nr": "20",
                    "verse": "Guarda, Signore, come sono angosciata! Le mie viscere si commuovono, il cuore mi si sconvolge in seno, perch\u00e9 la mia ribellione \u00e8 stata grave. Fuori, la spada mi priva dei figli; dentro, \u00e8 la morte."
                },
                "21": {
                    "verse_nr": "21",
                    "verse": "Mi sentono sospirare; non c\u2019\u00e8 chi mi consoli. Tutti i miei nemici hanno udito la mia sciagura e si rallegrano di ci\u00f2 che tu hai fatto. Fa\u2019 venire il giorno che hai annunciato, e allora saranno come me."
                },
                "22": {
                    "verse_nr": "22",
                    "verse": "Tieni presente tutta la loro malvagit\u00e0 e trattali come hai trattato me a causa di tutti i miei peccati. I miei sospiri infatti sono numerosi e il mio cuore \u00e8 languente\u00bb."
                }
            }
        },
        "2": {
            "chapter_nr": "2",
            "chapter": {
                "1": {
                    "verse_nr": "1",
                    "verse": "La rovina di Gerusalemme - Come mai il Signore, nella sua ira, ha coperto di una nube oscura la figlia di Sion? Egli ha gettato dal cielo in terra la gloria d\u2019Israele e non si \u00e8 ricordato dello sgabello dei suoi piedi, nel giorno della sua ira!"
                },
                "2": {
                    "verse_nr": "2",
                    "verse": "Il Signore ha distrutto senza piet\u00e0 tutti i territori di Giacobbe; nella sua ira ha rovesciato, ha atterrato le fortezze della figlia di Giuda, ne ha profanato il regno e i capi."
                },
                "3": {
                    "verse_nr": "3",
                    "verse": "Nella sua ira ardente ha infranto tutta la potenza d\u2019Israele; ha ritirato la propria destra in presenza del nemico. Ha consumato Giacobbe come fuoco fiammeggiante che divora tutto intorno."
                },
                "4": {
                    "verse_nr": "4",
                    "verse": "Ha teso il suo arco come il nemico, ha alzato la destra come un avversario e ha trucidato tutti quelli che erano pi\u00f9 cari a vedersi; ha riversato il suo furore come un fuoco sulla tenda della figlia di Sion."
                },
                "5": {
                    "verse_nr": "5",
                    "verse": "Il Signore \u00e8 divenuto come un nemico: ha divorato Israele, ha divorato tutti i suoi palazzi, ha distrutto le sue fortezze; ha moltiplicato alla figlia di Giuda i lamenti e i gemiti."
                },
                "6": {
                    "verse_nr": "6",
                    "verse": "Ha spogliato la sua capanna come un giardino, ha distrutto il luogo del suo convegno; il Signore ha fatto dimenticare in Sion le feste solenni e i sabati e, nell\u2019indignazione della sua ira, ha rigettato re e sacerdoti."
                },
                "7": {
                    "verse_nr": "7",
                    "verse": "Il Signore ha provato disgusto per il suo altare, ha detestato il suo santuario; ha dato i muri dei palazzi di Sion in mano dei nemici, i quali hanno alzato grida nella casa del Signore come in un giorno di festa."
                },
                "8": {
                    "verse_nr": "8",
                    "verse": "Il Signore ha deciso di distruggere le mura della figlia di Sion. Ha steso la corda, non ha ritirato la mano prima di averli distrutti; ha coperto di lutto bastioni e mura: gli uni e le altre sono distrutti."
                },
                "9": {
                    "verse_nr": "9",
                    "verse": "Le sue porte sono sprofondate in terra; egli ha distrutto, spezzato le sue sbarre. Il suo re e i suoi capi sono fra le nazioni; non c\u2019\u00e8 pi\u00f9 legge, e anche i suoi profeti non ricevono pi\u00f9 visioni dal Signore."
                },
                "10": {
                    "verse_nr": "10",
                    "verse": "Gli anziani della figlia di Sion stanno per terra in silenzio; si sono gettati della polvere sul capo, si sono vestiti di sacchi. Le vergini di Gerusalemme curvano il capo al suolo."
                },
                "11": {
                    "verse_nr": "11",
                    "verse": "I miei occhi si consumano in lacrime, le mie viscere si commuovono, il mio fegato si spande in terra per il disastro della figlia del mio popolo, al pensiero dei bambini e dei lattanti che venivano meno per le piazze della citt\u00e0."
                },
                "12": {
                    "verse_nr": "12",
                    "verse": "Essi chiedevano alle loro madri: \u00abDov\u2019\u00e8 il pane, dov\u2019\u00e8 il vino?\u00bb Intanto venivano meno come feriti a morte nelle piazze della citt\u00e0 ed esalavano l\u2019ultimo respiro sul seno delle loro madri."
                },
                "13": {
                    "verse_nr": "13",
                    "verse": "Che ti dir\u00f2? A che ti paragoner\u00f2, o figlia di Gerusalemme? Chi trover\u00f2 simile a te per consolarti, vergine figlia di Gerusalemme? Infatti la tua ferita \u00e8 larga quanto il mare; chi potr\u00e0 guarirti?"
                },
                "14": {
                    "verse_nr": "14",
                    "verse": "I tuoi profeti hanno avuto per te visioni vane e illusorie; non hanno messo a nudo la tua iniquit\u00e0 per distogliere da te la deportazione. Le profezie che hanno fatto a tuo riguardo non erano che oracoli vani e seduttori."
                },
                "15": {
                    "verse_nr": "15",
                    "verse": "Tutti i passanti battono le mani al vederti; fischiano e scuotono il capo quando vedono la figlia di Gerusalemme: \u00ab\u00c8 questa la citt\u00e0 che la gente chiamava una bellezza perfetta, la gioia di tutta la terra?\u00bb"
                },
                "16": {
                    "verse_nr": "16",
                    "verse": "Tutti i tuoi nemici aprono larga la bocca contro di te, fischiano e digrignano i denti; dicono: \u00abL\u2019abbiamo inghiottita! S\u00ec, questo \u00e8 il giorno che aspettavamo; ci siamo giunti, lo vediamo!\u00bb"
                },
                "17": {
                    "verse_nr": "17",
                    "verse": "Il Signore ha fatto quanto si era proposto. Ha adempiuto la parola che aveva pronunciata fin dai giorni antichi: ha distrutto senza piet\u00e0, ha fatto di te la gioia del nemico; ha esaltato la potenza dei tuoi avversari."
                },
                "18": {
                    "verse_nr": "18",
                    "verse": "Il loro cuore grida al Signore: \u00abO mura della figlia di Sion, spandete lacrime come un torrente, giorno e notte! Non vi date pace, non abbiano riposo le pupille degli occhi vostri!"
                },
                "19": {
                    "verse_nr": "19",
                    "verse": "Alzatevi, gridate di notte, al principio di ogni veglia! Spandete come acqua il vostro cuore davanti alla faccia del Signore! Alzate le mani verso di lui per la vita dei vostri bambini, che vengono meno per la fame agli angoli di tutte le strade!"
                },
                "20": {
                    "verse_nr": "20",
                    "verse": "Guarda, Signore, considera! Chi mai hai trattato cos\u00ec? Delle donne hanno divorato il frutto del loro grembo, i bambini che accarezzavano! Sacerdoti e profeti sono stati massacrati nel santuario del Signore!"
                },
                "21": {
                    "verse_nr": "21",
                    "verse": "Bambini e vecchi giacciono a terra nelle vie; le mie vergini e i miei giovani sono caduti per la spada. Tu li hai uccisi nel giorno della tua ira, li hai massacrati senza piet\u00e0."
                },
                "22": {
                    "verse_nr": "22",
                    "verse": "Tu hai convocato, come a un giorno di festa solenne, i miei terrori da tutte le parti; nel giorno dell\u2019ira del Signore non c\u2019\u00e8 stato superstite n\u00e9 fuggiasco. Quelli che io avevo accarezzati e allevati, il mio nemico li ha consumati!\u00bb"
                }
            }
        },
        "3": {
            "chapter_nr": "3",
            "chapter": {
                "1": {
                    "verse_nr": "1",
                    "verse": "Dolori e conforti - Io sono l\u2019uomo che ha visto l\u2019afflizione sotto la verga del suo furore."
                },
                "2": {
                    "verse_nr": "2",
                    "verse": "Egli mi ha condotto, mi ha fatto camminare nelle tenebre e non nella luce."
                },
                "3": {
                    "verse_nr": "3",
                    "verse": "S\u00ec, contro di me di nuovo volge la sua mano tutto il giorno."
                },
                "4": {
                    "verse_nr": "4",
                    "verse": "Egli ha consumato la mia carne e la mia pelle, ha spezzato le mie ossa."
                },
                "5": {
                    "verse_nr": "5",
                    "verse": "Ha costruito contro di me e mi ha circondato di veleno e di affanno."
                },
                "6": {
                    "verse_nr": "6",
                    "verse": "Mi ha fatto abitare in luoghi tenebrosi, come quelli che sono morti da lungo tempo."
                },
                "7": {
                    "verse_nr": "7",
                    "verse": "Mi ha circondato di un muro, perch\u00e9 non esca; mi ha caricato di pesanti catene."
                },
                "8": {
                    "verse_nr": "8",
                    "verse": "Anche quando grido e chiamo aiuto, egli chiude l\u2019accesso alla mia preghiera."
                },
                "9": {
                    "verse_nr": "9",
                    "verse": "Egli mi ha sbarrato la via con blocchi di pietra, ha sconvolto i miei sentieri."
                },
                "10": {
                    "verse_nr": "10",
                    "verse": "\u00c8 stato per me come un orso in agguato, come un leone in luoghi nascosti."
                },
                "11": {
                    "verse_nr": "11",
                    "verse": "Mi ha sviato dal mio cammino e mi ha squarciato, mi ha reso desolato."
                },
                "12": {
                    "verse_nr": "12",
                    "verse": "Ha teso il suo arco, mi ha posto come bersaglio delle sue frecce."
                },
                "13": {
                    "verse_nr": "13",
                    "verse": "Mi ha fatto penetrare nelle reni le frecce della sua faretra."
                },
                "14": {
                    "verse_nr": "14",
                    "verse": "Io sono diventato lo scherno di tutto il mio popolo, la sua canzone di tutto il giorno."
                },
                "15": {
                    "verse_nr": "15",
                    "verse": "Egli mi ha saziato d\u2019amarezza, mi ha abbeverato d\u2019assenzio."
                },
                "16": {
                    "verse_nr": "16",
                    "verse": "Mi ha spezzato i denti con la ghiaia, mi ha affondato nella cenere."
                },
                "17": {
                    "verse_nr": "17",
                    "verse": "Tu mi hai allontanato dalla pace, io ho dimenticato il benessere."
                },
                "18": {
                    "verse_nr": "18",
                    "verse": "Io ho detto: \u00ab\u00c8 sparita la mia fiducia, non ho pi\u00f9 speranza nel Signore!\u00bb"
                },
                "19": {
                    "verse_nr": "19",
                    "verse": "Ric\u00f2rdati della mia afflizione, della mia vita raminga, dell\u2019assenzio e del veleno!"
                },
                "20": {
                    "verse_nr": "20",
                    "verse": "Io me ne ricordo sempre, e ne sono intimamente prostrato."
                },
                "21": {
                    "verse_nr": "21",
                    "verse": "Ecco ci\u00f2 che voglio richiamare alla mente, ci\u00f2 che mi fa sperare:"
                },
                "22": {
                    "verse_nr": "22",
                    "verse": "\u00e8 una grazia del Signore che non siamo stati completamente distrutti; le sue compassioni infatti non sono esaurite,"
                },
                "23": {
                    "verse_nr": "23",
                    "verse": "si rinnovano ogni mattina. Grande \u00e8 la tua fedelt\u00e0!"
                },
                "24": {
                    "verse_nr": "24",
                    "verse": "\u00abIl Signore \u00e8 la mia parte\u00bb, io dico, \u00abperci\u00f2 sperer\u00f2 in lui\u00bb."
                },
                "25": {
                    "verse_nr": "25",
                    "verse": "Il Signore \u00e8 buono con quelli che sperano in lui, con chi lo cerca."
                },
                "26": {
                    "verse_nr": "26",
                    "verse": "\u00c8 bene aspettare in silenzio la salvezza del Signore."
                },
                "27": {
                    "verse_nr": "27",
                    "verse": "\u00c8 bene per l\u2019uomo portare il giogo della sua giovinezza."
                },
                "28": {
                    "verse_nr": "28",
                    "verse": "Si sieda solitario e stia in silenzio quando il Signore glielo impone!"
                },
                "29": {
                    "verse_nr": "29",
                    "verse": "Metta la sua bocca nella polvere! Forse c\u2019\u00e8 ancora speranza."
                },
                "30": {
                    "verse_nr": "30",
                    "verse": "Porga la guancia a chi lo percuote, si sazi pure di offese!"
                },
                "31": {
                    "verse_nr": "31",
                    "verse": "Il Signore infatti non respinge per sempre,"
                },
                "32": {
                    "verse_nr": "32",
                    "verse": "ma se affligge, ha pure compassione, secondo la sua immensa bont\u00e0;"
                },
                "33": {
                    "verse_nr": "33",
                    "verse": "poich\u00e9 non \u00e8 volentieri che egli umilia e affligge i figli dell\u2019uomo."
                },
                "34": {
                    "verse_nr": "34",
                    "verse": "Quando uno schiaccia sotto i piedi tutti i prigionieri della terra,"
                },
                "35": {
                    "verse_nr": "35",
                    "verse": "quando uno v\u00ecola i diritti di un uomo in presenza dell\u2019Altissimo,"
                },
                "36": {
                    "verse_nr": "36",
                    "verse": "quando si fa torto a qualcuno nella sua causa, il Signore non lo vede forse?"
                },
                "37": {
                    "verse_nr": "37",
                    "verse": "Chi mai dice una cosa che si avveri, se il Signore non l\u2019ha comandato?"
                },
                "38": {
                    "verse_nr": "38",
                    "verse": "Il male e il bene non procedono forse dalla bocca dell\u2019Altissimo?"
                },
                "39": {
                    "verse_nr": "39",
                    "verse": "Perch\u00e9 si rammarica la creatura vivente? L\u2019uomo vive malgrado i suoi peccati!"
                },
                "40": {
                    "verse_nr": "40",
                    "verse": "Esaminiamo la nostra condotta, valutiamola, e torniamo al Signore!"
                },
                "41": {
                    "verse_nr": "41",
                    "verse": "Eleviamo le mani e i nostri cuori a Dio nei cieli!"
                },
                "42": {
                    "verse_nr": "42",
                    "verse": "\u00abNoi abbiamo peccato, siamo stati ribelli, e tu non hai perdonato."
                },
                "43": {
                    "verse_nr": "43",
                    "verse": "Ti sei avvolto nella tua ira e ci hai inseguiti; tu hai ucciso senza piet\u00e0."
                },
                "44": {
                    "verse_nr": "44",
                    "verse": "Ti sei avvolto in una nuvola, perch\u00e9 la preghiera non potesse raggiungerti;"
                },
                "45": {
                    "verse_nr": "45",
                    "verse": "tu hai fatto di noi delle spazzature, dei rifiuti, in mezzo ai popoli."
                },
                "46": {
                    "verse_nr": "46",
                    "verse": "Tutti i nostri nemici aprono larga la bocca contro di noi."
                },
                "47": {
                    "verse_nr": "47",
                    "verse": "Ci sono toccati il terrore, la fossa, la desolazione e la rovina\u00bb."
                },
                "48": {
                    "verse_nr": "48",
                    "verse": "I miei occhi si sciolgono in fiumi di lacrime per la rovina della figlia del mio popolo."
                },
                "49": {
                    "verse_nr": "49",
                    "verse": "L\u2019occhio mio piange senza posa, senza alcun riposo,"
                },
                "50": {
                    "verse_nr": "50",
                    "verse": "finch\u00e9 dal cielo il Signore non guardi e non veda il nostro stato."
                },
                "51": {
                    "verse_nr": "51",
                    "verse": "L\u2019occhio mio mi tormenta per tutte le figlie della mia citt\u00e0."
                },
                "52": {
                    "verse_nr": "52",
                    "verse": "Quelli che mi sono nemici senza motivo mi hanno dato la caccia come a un uccello."
                },
                "53": {
                    "verse_nr": "53",
                    "verse": "Hanno voluto annientare la mia vita nella fossa, mi hanno gettato pietre addosso."
                },
                "54": {
                    "verse_nr": "54",
                    "verse": "Le acque salivano fin sopra il mio capo; io dicevo: \u00ab\u00c8 finita per me!\u00bb"
                },
                "55": {
                    "verse_nr": "55",
                    "verse": "Io ho invocato il tuo nome, o Signore, dal fondo della fossa."
                },
                "56": {
                    "verse_nr": "56",
                    "verse": "Tu hai udito la mia voce; non chiudere l\u2019orecchio al mio sospiro, al mio grido!"
                },
                "57": {
                    "verse_nr": "57",
                    "verse": "Nel giorno che io ti ho invocato ti sei avvicinato; tu hai detto: \u00abNon temere!\u00bb"
                },
                "58": {
                    "verse_nr": "58",
                    "verse": "O Signore, tu hai difeso la mia causa, tu hai redento la mia vita."
                },
                "59": {
                    "verse_nr": "59",
                    "verse": "O Signore, tu vedi il torto che mi \u00e8 fatto, giudica tu la mia causa!"
                },
                "60": {
                    "verse_nr": "60",
                    "verse": "Tu vedi tutto il loro rancore, tutte le loro macchinazioni contro di me."
                },
                "61": {
                    "verse_nr": "61",
                    "verse": "Tu odi i loro insulti, Signore, tutte le loro macchinazioni contro di me,"
                },
                "62": {
                    "verse_nr": "62",
                    "verse": "il linguaggio dei miei avversari e ci\u00f2 che meditano contro di me tutto il giorno!"
                },
                "63": {
                    "verse_nr": "63",
                    "verse": "Guarda! Quando si siedono, quando si alzano, io sono la loro canzone."
                },
                "64": {
                    "verse_nr": "64",
                    "verse": "Tu li retribuirai, Signore, secondo l\u2019opera delle loro mani."
                },
                "65": {
                    "verse_nr": "65",
                    "verse": "Darai loro indurimento di cuore, la tua maledizione."
                },
                "66": {
                    "verse_nr": "66",
                    "verse": "Li inseguirai nella tua ira e li sterminerai sotto i cieli del Signore."
                }
            }
        },
        "4": {
            "chapter_nr": "4",
            "chapter": {
                "1": {
                    "verse_nr": "1",
                    "verse": "Lamentazioni sulla sorte del popolo - Come mai si \u00e8 oscurato l\u2019oro, s\u2019\u00e8 alterato l\u2019oro pi\u00f9 puro? Come mai le pietre del santuario si trovano sparse qua e l\u00e0 agli angoli di tutte le strade?"
                },
                "2": {
                    "verse_nr": "2",
                    "verse": "I nobili figli di Sion, pregiati come oro fino, come mai sono considerati quali vasi di terra, opera di mani di vasaio?"
                },
                "3": {
                    "verse_nr": "3",
                    "verse": "Perfino gli sciacalli porgono le mammelle e allattano i loro piccoli; la figlia del mio popolo \u00e8 divenuta crudele, come gli struzzi del deserto."
                },
                "4": {
                    "verse_nr": "4",
                    "verse": "La lingua del lattante gli si attacca al palato per la sete; i bambini chiedono pane, e non c\u2019\u00e8 chi gliene dia."
                },
                "5": {
                    "verse_nr": "5",
                    "verse": "Quelli che si nutrivano di cibi delicati cadono d\u2019inedia per le strade; quelli che erano allevati nella porpora abbracciano il letamaio."
                },
                "6": {
                    "verse_nr": "6",
                    "verse": "Il castigo dell\u2019iniquit\u00e0 della figlia del mio popolo \u00e8 pi\u00f9 grande di quello del peccato di Sodoma, che fu distrutta in un attimo, senza che mano d\u2019uomo la colpisse."
                },
                "7": {
                    "verse_nr": "7",
                    "verse": "I suoi pr\u00ecncipi erano pi\u00f9 splendenti della neve, pi\u00f9 bianchi del latte; avevano il corpo pi\u00f9 vermiglio del corallo, il loro volto era uno zaffiro."
                },
                "8": {
                    "verse_nr": "8",
                    "verse": "Il loro aspetto ora \u00e8 pi\u00f9 cupo del nero, non si riconoscono pi\u00f9 per le vie; la loro pelle \u00e8 attaccata alle ossa, \u00e8 secca, \u00e8 diventata come il legno."
                },
                "9": {
                    "verse_nr": "9",
                    "verse": "Gli uccisi di spada sono stati pi\u00f9 felici di quelli che muoiono di fame; poich\u00e9 questi deperiscono estenuati, per mancanza di prodotti dei campi."
                },
                "10": {
                    "verse_nr": "10",
                    "verse": "Mani di donne, sebbene pietose, hanno fatto cuocere i propri bambini; sono serviti loro di cibo, nella rovina della figlia del mio popolo."
                },
                "11": {
                    "verse_nr": "11",
                    "verse": "Il Signore ha esaurito il suo furore, ha riversato la sua ira ardente, ha acceso in Sion un fuoco che ne ha divorato le fondamenta."
                },
                "12": {
                    "verse_nr": "12",
                    "verse": "N\u00e9 i re della terra n\u00e9 alcun abitante del mondo avrebbero mai creduto che l\u2019avversario, il nemico, sarebbe entrato nelle porte di Gerusalemme."
                },
                "13": {
                    "verse_nr": "13",
                    "verse": "Cos\u00ec \u00e8 avvenuto a causa dei peccati dei suoi profeti, delle iniquit\u00e0 dei suoi sacerdoti, che hanno sparso nel mezzo di lei il sangue dei giusti."
                },
                "14": {
                    "verse_nr": "14",
                    "verse": "Essi vagavano come ciechi per le strade, sporchi di sangue, in modo che non si potevano toccare le loro vesti."
                },
                "15": {
                    "verse_nr": "15",
                    "verse": "\u00abFatevi in l\u00e0! Un impuro!\u00bb si gridava al loro apparire; \u00abFatevi in l\u00e0! Fatevi in l\u00e0! Non lo toccate!\u00bb Quando fuggivano, peregrinavano qua e l\u00e0, e si diceva fra le nazioni: \u00abNon restino pi\u00f9 qui!\u00bb"
                },
                "16": {
                    "verse_nr": "16",
                    "verse": "La faccia del Signore li ha dispersi, egli non volge pi\u00f9 verso di loro il suo sguardo; non si \u00e8 portato rispetto ai sacerdoti, non si \u00e8 avuto piet\u00e0 dei vecchi."
                },
                "17": {
                    "verse_nr": "17",
                    "verse": "A noi si consumavano ancora gli occhi in cerca di un soccorso, aspettato invano; dai nostri posti di vedetta scrutavamo la venuta di una nazione che non poteva salvarci."
                },
                "18": {
                    "verse_nr": "18",
                    "verse": "Si spiavano i nostri passi, impedendoci di camminare per le nostre piazze. \u00abLa nostra fine \u00e8 prossima. I nostri giorni sono compiuti, la nostra fine \u00e8 giunta!\u00bb"
                },
                "19": {
                    "verse_nr": "19",
                    "verse": "I nostri persecutori sono stati pi\u00f9 leggeri delle aquile nei cieli; ci hanno dato la caccia su per le montagne, ci hanno teso agguati nel deserto."
                },
                "20": {
                    "verse_nr": "20",
                    "verse": "Colui che ci fa respirare, l\u2019unto del Signore, \u00e8 stato preso nelle loro fosse; egli, del quale dicevamo: \u00abAlla sua ombra noi vivremo tra le nazioni\u00bb."
                },
                "21": {
                    "verse_nr": "21",
                    "verse": "Esulta, gioisci, o figlia di Edom, che risiedi nel paese di Uz! Anche fino a te passer\u00e0 la coppa; tu ti ubriacherai e ti denuderai."
                },
                "22": {
                    "verse_nr": "22",
                    "verse": "Il castigo della tua iniquit\u00e0 \u00e8 finito, o figlia di Sion! Egli non ti mander\u00e0 pi\u00f9 in esilio; egli punisce l\u2019iniquit\u00e0 tua, o figlia di Edom, mette allo scoperto i tuoi peccati."
                }
            }
        },
        "5": {
            "chapter_nr": "5",
            "chapter": {
                "1": {
                    "verse_nr": "1",
                    "verse": "La situazione dopo la conquista di Gerusalemme - Ric\u00f2rdati, Signore, di quello che ci \u00e8 avvenuto! Guarda e vedi la nostra infamia!"
                },
                "2": {
                    "verse_nr": "2",
                    "verse": "La nostra eredit\u00e0 \u00e8 passata agli stranieri, le nostre case agli estranei."
                },
                "3": {
                    "verse_nr": "3",
                    "verse": "Noi siamo diventati orfani, senza padre, le nostre madri sono come vedove."
                },
                "4": {
                    "verse_nr": "4",
                    "verse": "Noi beviamo la nostra acqua dietro pagamento, la nostra legna noi la compriamo."
                },
                "5": {
                    "verse_nr": "5",
                    "verse": "Con il giogo sul collo, siamo inseguiti; siamo spossati, non abbiamo riposo."
                },
                "6": {
                    "verse_nr": "6",
                    "verse": "Abbiamo teso la mano verso l\u2019Egitto e verso l\u2019Assiria, per saziarci di pane."
                },
                "7": {
                    "verse_nr": "7",
                    "verse": "I nostri padri hanno peccato e non sono pi\u00f9; noi portiamo la pena delle loro iniquit\u00e0."
                },
                "8": {
                    "verse_nr": "8",
                    "verse": "Degli schiavi dominano su di noi e non c\u2019\u00e8 chi ci liberi dalle loro mani."
                },
                "9": {
                    "verse_nr": "9",
                    "verse": "Noi raccogliamo il nostro pane a rischio della nostra vita, affrontando la spada del deserto."
                },
                "10": {
                    "verse_nr": "10",
                    "verse": "La nostra pelle brucia come un forno per l\u2019arsura della fame."
                },
                "11": {
                    "verse_nr": "11",
                    "verse": "Essi hanno disonorato le donne a Sion, le vergini delle citt\u00e0 di Giuda."
                },
                "12": {
                    "verse_nr": "12",
                    "verse": "I capi sono stati impiccati dalle loro mani, la persona anziana non \u00e8 stata rispettata."
                },
                "13": {
                    "verse_nr": "13",
                    "verse": "I giovani hanno portato le macine, i ragazzini hanno vacillato sotto il carico della legna."
                },
                "14": {
                    "verse_nr": "14",
                    "verse": "I vecchi hanno abbandonato la porta della citt\u00e0, i giovani la musica dei loro strumenti."
                },
                "15": {
                    "verse_nr": "15",
                    "verse": "La gioia \u00e8 scomparsa dai nostri cuori, le nostre danze sono mutate in lutto."
                },
                "16": {
                    "verse_nr": "16",
                    "verse": "La corona ci \u00e8 caduta dal capo; guai a noi, perch\u00e9 abbiamo peccato!"
                },
                "17": {
                    "verse_nr": "17",
                    "verse": "Per questo langue il nostro cuore, per questo si oscurano i nostri occhi:"
                },
                "18": {
                    "verse_nr": "18",
                    "verse": "perch\u00e9 il monte di Sion \u00e8 desolato e vi passeggiano le volpi."
                },
                "19": {
                    "verse_nr": "19",
                    "verse": "Ma tu, Signore, regni per sempre; il tuo trono dura d\u2019et\u00e0 in et\u00e0."
                },
                "20": {
                    "verse_nr": "20",
                    "verse": "Perch\u00e9 dovresti dimenticarci per sempre e abbandonarci per lungo tempo?"
                },
                "21": {
                    "verse_nr": "21",
                    "verse": "Facci tornare a te, o Signore, e noi torneremo! Ridonaci dei giorni come quelli di un tempo!"
                },
                "22": {
                    "verse_nr": "22",
                    "verse": "Ci hai forse rigettati davvero? Sei tu adirato fortemente contro di noi?"
                }
            }
        }
    }
}