{
    "version": "nr2006",
    "book_name": "Zephaniah",
    "book_nr": "36",
    "book": {
        "1": {
            "chapter_nr": "1",
            "chapter": {
                "1": {
                    "verse_nr": "1",
                    "verse": "Minacce contro Giuda e Gerusalemme - Parola del SIGNORE rivolta a Sofonia, figlio di Cusi, figlio di Ghedalia, figlio di Amaria, figlio di Ezechia, al tempo di Giosia, figlio di Amon, re di Giuda."
                },
                "2": {
                    "verse_nr": "2",
                    "verse": "\u00abIo distrugger\u00f2 ogni cosa dalla faccia della terra\u00bb, dice il SIGNORE."
                },
                "3": {
                    "verse_nr": "3",
                    "verse": "\u00abDistrugger\u00f2 uomini e bestie; distrugger\u00f2 gli uccelli del cielo e i pesci del mare, ci\u00f2 che fa inciampare assieme agli empi, ed eliminer\u00f2 gli uomini dalla faccia della terra\u00bb, dice il SIGNORE."
                },
                "4": {
                    "verse_nr": "4",
                    "verse": "\u00abStender\u00f2 la mano su Giuda e su tutti gli abitanti di Gerusalemme; eliminer\u00f2 da questo luogo quanto rimane di Baal, il nome dei sacerdoti idolatri assieme ai sacerdoti,"
                },
                "5": {
                    "verse_nr": "5",
                    "verse": "quelli che si prostrano sui tetti davanti all\u2019esercito celeste, quelli che si prostrano e giurano per il SIGNORE, e poi giurano anche per Malcam,"
                },
                "6": {
                    "verse_nr": "6",
                    "verse": "quelli che si allontanano dal SIGNORE, e quelli che non cercano il SIGNORE e non lo consultano."
                },
                "7": {
                    "verse_nr": "7",
                    "verse": "\u00abTacete davanti al Signore, DIO, poich\u00e9 il giorno del SIGNORE \u00e8 vicino, poich\u00e9 il SIGNORE ha preparato un sacrificio, ha consacrato i suoi invitati."
                },
                "8": {
                    "verse_nr": "8",
                    "verse": "Nel giorno del sacrificio del SIGNORE io punir\u00f2 tutti i pr\u00ecncipi, i figli del re e tutti quelli che si vestono di abiti stranieri."
                },
                "9": {
                    "verse_nr": "9",
                    "verse": "Quel giorno punir\u00f2 tutti quelli che saltano la soglia, che riempiono di violenza e di frode le case dei loro padroni."
                },
                "10": {
                    "verse_nr": "10",
                    "verse": "Quel giorno\u00bb, dice il SIGNORE, \u00absi alzer\u00e0 un grido dalla Porta dei Pesci, un urlo dal quartiere nuovo e un gran fracasso dalle colline."
                },
                "11": {
                    "verse_nr": "11",
                    "verse": "Urlate, abitanti del Mortaio, perch\u00e9 tutti i mercanti sono spazzati via, tutti quelli che erano carichi di denaro sono sterminati."
                },
                "12": {
                    "verse_nr": "12",
                    "verse": "In quel tempo io frugher\u00f2 Gerusalemme con le torce e punir\u00f2 gli uomini che, adagiati sulle loro fecce, dicono in cuor loro: \u201cIl SIGNORE non fa n\u00e9 bene n\u00e9 male\u201d."
                },
                "13": {
                    "verse_nr": "13",
                    "verse": "Le loro ricchezze saranno abbandonate al saccheggio, le loro case devastate; essi costruiranno delle case, ma non le abiteranno, pianteranno delle vigne, ma non ne berranno il vino."
                },
                "14": {
                    "verse_nr": "14",
                    "verse": "\u00abIl gran giorno del SIGNORE \u00e8 vicino; \u00e8 vicino e viene in gran fretta. Si sente venire il giorno del SIGNORE, e il pi\u00f9 valoroso grida amaramente."
                },
                "15": {
                    "verse_nr": "15",
                    "verse": "Quel giorno \u00e8 un giorno d\u2019ira, un giorno di sventura e di angoscia, un giorno di rovina e di desolazione, un giorno di tenebre e di caligine, un giorno di nuvole e di fitta oscurit\u00e0,"
                },
                "16": {
                    "verse_nr": "16",
                    "verse": "un giorno di squilli di tromba e di allarme contro le citt\u00e0 fortificate e le alte torri."
                },
                "17": {
                    "verse_nr": "17",
                    "verse": "Io metter\u00f2 gli uomini nell\u2019angoscia ed essi brancoleranno come ciechi, perch\u00e9 hanno peccato contro il SIGNORE; il loro sangue sar\u00e0 sparso come polvere e la loro carne come escrementi."
                },
                "18": {
                    "verse_nr": "18",
                    "verse": "N\u00e9 il loro argento n\u00e9 il loro oro potr\u00e0 liberarli nel giorno dell\u2019ira del SIGNORE. Tutto il paese sar\u00e0 divorato dal fuoco della sua gelosia, poich\u00e9 egli far\u00e0 una distruzione improvvisa e totale di tutti gli abitanti del paese\u00bb."
                }
            }
        },
        "2": {
            "chapter_nr": "2",
            "chapter": {
                "1": {
                    "verse_nr": "1",
                    "verse": "Raccoglietevi, rientrate in voi stessi, gente spudorata,"
                },
                "2": {
                    "verse_nr": "2",
                    "verse": "prima che si esegua il decreto e quel giorno passi come la pula, prima che vi piombi addosso l\u2019ardente ira del SIGNORE, prima che vi sorprenda il giorno dell\u2019ira del SIGNORE!"
                },
                "3": {
                    "verse_nr": "3",
                    "verse": "Cercate il SIGNORE, voi tutti umili della terra, che mettete in pratica i suoi precetti! Cercate la giustizia, cercate l\u2019umilt\u00e0! Forse sarete messi al sicuro nel giorno dell\u2019ira del SIGNORE."
                },
                "4": {
                    "verse_nr": "4",
                    "verse": "Giudizio contro le nazioni - Poich\u00e9 Gaza sar\u00e0 abbandonata e Ascalon ridotta a una desolazione; Asdod sar\u00e0 cacciata in pieno mezzogiorno ed Ecron sar\u00e0 sradicata."
                },
                "5": {
                    "verse_nr": "5",
                    "verse": "Guai agli abitanti della regione costiera, alla nazione dei Cheretei! La parola del SIGNORE \u00e8 rivolta contro di te, o Canaan, paese dei Filistei: \u00abIo ti distrugger\u00f2 al punto che non avrai pi\u00f9 abitanti\u00bb."
                },
                "6": {
                    "verse_nr": "6",
                    "verse": "La regione costiera non sar\u00e0 altro che pascoli, rifugi per pastori e recinti per greggi."
                },
                "7": {
                    "verse_nr": "7",
                    "verse": "Essa sar\u00e0 un territorio per il resto della casa di Giuda; l\u00e0 porteranno le bestie al pascolo e la sera si coricheranno nelle case di Ascalon, perch\u00e9 il SIGNORE, loro Dio, li visiter\u00e0 e li far\u00e0 tornare dall\u2019esilio."
                },
                "8": {
                    "verse_nr": "8",
                    "verse": "\u00abHo udito gli insulti di Moab e gli oltraggi dei figli di Ammon; hanno insultato il mio popolo e si sono ingranditi invadendo il suo territorio."
                },
                "9": {
                    "verse_nr": "9",
                    "verse": "Perci\u00f2, com\u2019\u00e8 vero che io vivo\u00bb, dice il SIGNORE degli eserciti, Dio d\u2019Israele, \u00abMoab diventer\u00e0 come Sodoma e Ammon come Gomorra: una selva di ortiche, una salina, un deserto per sempre. Il resto del mio popolo li sacchegger\u00e0, il residuo della mia nazione li posseder\u00e0\u00bb."
                },
                "10": {
                    "verse_nr": "10",
                    "verse": "Questo accadr\u00e0 per il loro orgoglio, perch\u00e9 hanno insultato e schernito il popolo del SIGNORE degli eserciti."
                },
                "11": {
                    "verse_nr": "11",
                    "verse": "Il SIGNORE sar\u00e0 terribile verso di loro, perch\u00e9 annienter\u00e0 tutti gli d\u00e8i della terra; tutte le nazioni lo adoreranno, da tutte le loro isole."
                },
                "12": {
                    "verse_nr": "12",
                    "verse": "\u00abAnche voi, Etiopi, sarete uccisi dalla mia spada\u00bb."
                },
                "13": {
                    "verse_nr": "13",
                    "verse": "Egli stender\u00e0 la mano contro il settentrione e distrugger\u00e0 l\u2019Assiria; ridurr\u00e0 Ninive in una desolazione, in un luogo arido come il deserto."
                },
                "14": {
                    "verse_nr": "14",
                    "verse": "Nel suo interno giaceranno greggi e animali di ogni specie; anche il pellicano e il riccio abiteranno fra i suoi capitelli; si udranno canti di uccelli dalle finestre. La devastazione sar\u00e0 sulle soglie, perch\u00e9 sar\u00e0 spogliata dei suoi rivestimenti di cedro."
                },
                "15": {
                    "verse_nr": "15",
                    "verse": "Tale sar\u00e0 la citt\u00e0 festante, che se ne sta sicura e dice in cuor suo: \u00abIo, e nessun altro all\u2019infuori di me!\u00bb Come mai \u00e8 diventata un deserto, un covo per le bestie? Chiunque le passer\u00e0 vicino fischier\u00e0 e agiter\u00e0 la mano."
                }
            }
        },
        "3": {
            "chapter_nr": "3",
            "chapter": {
                "1": {
                    "verse_nr": "1",
                    "verse": "Cause del castigo di Gerusalemme - Guai alla citt\u00e0 ribelle, contaminata, alla citt\u00e0 piena di soprusi!"
                },
                "2": {
                    "verse_nr": "2",
                    "verse": "Essa non d\u00e0 ascolto ad alcuna voce, non accetta correzione, non si confida nel SIGNORE, non si avvicina al suo Dio."
                },
                "3": {
                    "verse_nr": "3",
                    "verse": "I suoi capi, in mezzo a lei, sono leoni ruggenti; i suoi giudici sono lupi della sera, che non serbano nulla per la mattina."
                },
                "4": {
                    "verse_nr": "4",
                    "verse": "I suoi profeti sono arroganti, perfidi; i suoi sacerdoti profanano le cose sante, infrangono la legge."
                },
                "5": {
                    "verse_nr": "5",
                    "verse": "Il SIGNORE \u00e8 giusto in mezzo ad essa, egli non commette ingiustizie. Ogni mattina egli dispensa i suoi giudizi e non manca mai; ma il perverso non conosce vergogna."
                },
                "6": {
                    "verse_nr": "6",
                    "verse": "\u00abIo ho sterminato delle nazioni, le loro torri sono distrutte; ho rovinato le loro strade, al punto che non vi passa pi\u00f9 nessuno; le loro citt\u00e0 sono distrutte, al punto che non c\u2019\u00e8 pi\u00f9 nessuno, nessun abitante."
                },
                "7": {
                    "verse_nr": "7",
                    "verse": "Io dicevo: \u201cSe almeno tu volessi temermi, accettare la correzione! La tua dimora non sarebbe distrutta, nonostante tutto ci\u00f2 che ho riservato per te\u201d. Ma essi si sono affrettati a pervertire tutte le loro azioni."
                },
                "8": {
                    "verse_nr": "8",
                    "verse": "Perci\u00f2, aspettami\u00bb, dice il SIGNORE, \u00abper il giorno che mi alzer\u00f2 per il bottino; perch\u00e9 ho decretato di radunare le nazioni, di riunire i regni, per versare su di loro la mia indignazione, tutto l\u2019ardore della mia ira. Poich\u00e9 tutta la terra sar\u00e0 divorata dal fuoco della mia gelosia."
                },
                "9": {
                    "verse_nr": "9",
                    "verse": "Benedizioni future - \u00abAllora io trasformer\u00f2 le labbra dei popoli in labbra pure, affinch\u00e9 tutti invochino il nome del SIGNORE, per servirlo di comune accordo."
                },
                "10": {
                    "verse_nr": "10",
                    "verse": "Di l\u00e0 dai fiumi d\u2019Etiopia i miei supplicanti, i miei figli dispersi, mi porteranno le loro offerte."
                },
                "11": {
                    "verse_nr": "11",
                    "verse": "Quel giorno tu non avrai da vergognarti per tutte le azioni con le quali hai peccato contro di me; perch\u00e9, allora, io toglier\u00f2 di mezzo a te quelli che trionfano con superbia, e tu smetterai di inorgoglirti sul mio monte santo."
                },
                "12": {
                    "verse_nr": "12",
                    "verse": "Lascer\u00f2 in mezzo a te un popolo umile e povero, che confider\u00e0 nel nome del SIGNORE."
                },
                "13": {
                    "verse_nr": "13",
                    "verse": "Il resto d\u2019Israele non commetter\u00e0 azioni malvagie, non dir\u00e0 menzogne e non si trover\u00e0 pi\u00f9 un linguaggio ingannatore sulle sue labbra; perch\u00e9 essi pascoleranno, si coricheranno e non vi sar\u00e0 pi\u00f9 nessuno che li spaventi\u00bb."
                },
                "14": {
                    "verse_nr": "14",
                    "verse": "Prorompi in grida di gioia, o figlia di Sion! Alza grida di esultanza, o Israele! Rall\u00e8grati ed esulta con tutto il cuore, o figlia di Gerusalemme!"
                },
                "15": {
                    "verse_nr": "15",
                    "verse": "Il SIGNORE ha revocato le sue condanne contro di te, ha scacciato il tuo nemico. Il Re d\u2019Israele, il SIGNORE, \u00e8 in mezzo a te, non dovrai pi\u00f9 temere alcun male."
                },
                "16": {
                    "verse_nr": "16",
                    "verse": "Quel giorno si dir\u00e0 a Gerusalemme: \u00abNon temere, o Sion, le tue mani non si indeboliscano!"
                },
                "17": {
                    "verse_nr": "17",
                    "verse": "Il SIGNORE, il tuo Dio, \u00e8 in mezzo a te, come un potente che salva. Egli si rallegrer\u00e0 con gran gioia per causa tua; si acqueter\u00e0 nel suo amore, esulter\u00e0 per causa tua con grida di gioia\u00bb."
                },
                "18": {
                    "verse_nr": "18",
                    "verse": "\u00abIo raccoglier\u00f2 quelli che sono nel dolore, lontano dalle feste solenni; sono tuoi, su di loro pesa la vergogna!"
                },
                "19": {
                    "verse_nr": "19",
                    "verse": "In quel tempo io agir\u00f2 contro tutti quelli che ti opprimono; salver\u00f2 la pecora che zoppica, raccoglier\u00f2 quella che \u00e8 stata cacciata via, e li render\u00f2 gloriosi e famosi in tutti i paesi dove sono stati nella vergogna."
                },
                "20": {
                    "verse_nr": "20",
                    "verse": "In quel tempo io vi ricondurr\u00f2, in quel tempo vi raccoglier\u00f2; perch\u00e9 vi render\u00f2 famosi e gloriosi fra tutti i popoli della terra, quando far\u00f2 tornare, sotto i vostri occhi, quelli che sono in esilio\u00bb, dice il SIGNORE."
                }
            }
        }
    }
}