{
    "version": "RVR1960",
    "book_name": "2 Peter",
    "book_nr": "61",
    "book": {
        "1": {
            "chapter_nr": "1",
            "chapter": {
                "1": {
                    "verse_nr": "1",
                    "verse": "Salutaci\u00f3n -Sim\u00f3n Pedro, siervo y ap\u00f3stol de Jesucristo, a los que hab\u00e9is alcanzado, por la justicia de nuestro Dios y Salvador Jesucristo, una fe igualmente preciosa que la nuestra:"
                },
                "2": {
                    "verse_nr": "2",
                    "verse": "Gracia y paz os sean multiplicadas, en el conocimiento de Dios y de nuestro Se\u00f1or Jes\u00fas."
                },
                "3": {
                    "verse_nr": "3",
                    "verse": "Part\u00edcipes de la naturaleza divina -Como todas las cosas que pertenecen a la vida y a la piedad nos han sido dadas por su divino poder, mediante el conocimiento de aquel que nos llam\u00f3 por su gloria y excelencia,"
                },
                "4": {
                    "verse_nr": "4",
                    "verse": "por medio de las cuales nos ha dado preciosas y grand\u00edsimas promesas, para que por ellas llegaseis a ser participantes de la naturaleza divina, habiendo huido de la corrupci\u00f3n que hay en el mundo a causa de la concupiscencia;"
                },
                "5": {
                    "verse_nr": "5",
                    "verse": "vosotros tambi\u00e9n, poniendo toda diligencia por esto mismo, a\u00f1adid a vuestra fe virtud; a la virtud, conocimiento;"
                },
                "6": {
                    "verse_nr": "6",
                    "verse": "al conocimiento, dominio propio; al dominio propio, paciencia; a la paciencia, piedad;"
                },
                "7": {
                    "verse_nr": "7",
                    "verse": "a la piedad, afecto fraternal; y al afecto fraternal, amor."
                },
                "8": {
                    "verse_nr": "8",
                    "verse": "Porque si estas cosas est\u00e1n en vosotros, y abundan, no os dejar\u00e1n estar ociosos ni sin fruto en cuanto al conocimiento de nuestro Se\u00f1or Jesucristo."
                },
                "9": {
                    "verse_nr": "9",
                    "verse": "Pero el que no tiene estas cosas tiene la vista muy corta; es ciego, habiendo olvidado la purificaci\u00f3n de sus antiguos pecados."
                },
                "10": {
                    "verse_nr": "10",
                    "verse": "Por lo cual, hermanos, tanto m\u00e1s procurad hacer firme vuestra vocaci\u00f3n y elecci\u00f3n; porque haciendo estas cosas, no caer\u00e9is jam\u00e1s."
                },
                "11": {
                    "verse_nr": "11",
                    "verse": "Porque de esta manera os ser\u00e1 otorgada amplia y generosa entrada en el reino eterno de nuestro Se\u00f1or y Salvador Jesucristo."
                },
                "12": {
                    "verse_nr": "12",
                    "verse": "Por esto, yo no dejar\u00e9 de recordaros siempre estas cosas, aunque vosotros las sep\u00e1is, y est\u00e9is confirmados en la verdad presente."
                },
                "13": {
                    "verse_nr": "13",
                    "verse": "Pues tengo por justo, en tanto que estoy en este cuerpo, el despertaros con amonestaci\u00f3n;"
                },
                "14": {
                    "verse_nr": "14",
                    "verse": "sabiendo que en breve debo abandonar el cuerpo, como nuestro Se\u00f1or Jesucristo me ha declarado."
                },
                "15": {
                    "verse_nr": "15",
                    "verse": "Tambi\u00e9n yo procurar\u00e9 con diligencia que despu\u00e9s de mi partida vosotros pod\u00e1is en todo momento tener memoria de estas cosas."
                },
                "16": {
                    "verse_nr": "16",
                    "verse": "Testigos presenciales de la gloria de Cristo -Porque no os hemos dado a conocer el poder y la venida de nuestro Se\u00f1or Jesucristo siguiendo f\u00e1bulas artificiosas, sino como habiendo visto con nuestros propios ojos su majestad."
                },
                "17": {
                    "verse_nr": "17",
                    "verse": "Pues cuando \u00e9l recibi\u00f3 de Dios Padre honra y gloria, le fue enviada desde la magn\u00edfica gloria una voz que dec\u00eda: Este es mi Hijo amado, en el cual tengo complacencia."
                },
                "18": {
                    "verse_nr": "18",
                    "verse": "Y nosotros o\u00edmos esta voz enviada del cielo, cuando est\u00e1bamos con \u00e9l en el monte santo."
                },
                "19": {
                    "verse_nr": "19",
                    "verse": "Tenemos tambi\u00e9n la palabra prof\u00e9tica m\u00e1s segura, a la cual hac\u00e9is bien en estar atentos como a una antorcha que alumbra en lugar oscuro, hasta que el d\u00eda esclarezca y el lucero de la ma\u00f1ana salga en vuestros corazones;"
                },
                "20": {
                    "verse_nr": "20",
                    "verse": "entendiendo primero esto, que ninguna profec\u00eda de la Escritura es de interpretaci\u00f3n privada,"
                },
                "21": {
                    "verse_nr": "21",
                    "verse": "porque nunca la profec\u00eda fue tra\u00edda por voluntad humana, sino que los santos hombres de Dios hablaron siendo inspirados por el Esp\u00edritu Santo."
                }
            }
        },
        "2": {
            "chapter_nr": "2",
            "chapter": {
                "1": {
                    "verse_nr": "1",
                    "verse": "Falsos profetas y falsos maestros -(Jud. 3-13) -Pero hubo tambi\u00e9n falsos profetas entre el pueblo, como habr\u00e1 entre vosotros falsos maestros, que introducir\u00e1n encubiertamente herej\u00edas destructoras, y aun negar\u00e1n al Se\u00f1or que los rescat\u00f3, atrayendo sobre s\u00ed mismos destrucci\u00f3n repentina."
                },
                "2": {
                    "verse_nr": "2",
                    "verse": "Y muchos seguir\u00e1n sus disoluciones, por causa de los cuales el camino de la verdad ser\u00e1 blasfemado,"
                },
                "3": {
                    "verse_nr": "3",
                    "verse": "y por avaricia har\u00e1n mercader\u00eda de vosotros con palabras fingidas. Sobre los tales ya de largo tiempo la condenaci\u00f3n no se tarda, y su perdici\u00f3n no se duerme."
                },
                "4": {
                    "verse_nr": "4",
                    "verse": "Porque si Dios no perdon\u00f3 a los \u00e1ngeles que pecaron, sino que arroj\u00e1ndolos al infierno los entreg\u00f3 a prisiones de oscuridad, para ser reservados al juicio;"
                },
                "5": {
                    "verse_nr": "5",
                    "verse": "y si no perdon\u00f3 al mundo antiguo, sino que guard\u00f3 a No\u00e9, pregonero de justicia, con otras siete personas, trayendo el diluvio sobre el mundo de los imp\u00edos;"
                },
                "6": {
                    "verse_nr": "6",
                    "verse": "y si conden\u00f3 por destrucci\u00f3n a las ciudades de Sodoma y de Gomorra, reduci\u00e9ndolas a ceniza y poni\u00e9ndolas de ejemplo a los que hab\u00edan de vivir imp\u00edamente,"
                },
                "7": {
                    "verse_nr": "7",
                    "verse": "y libr\u00f3 al justo Lot, abrumado por la nefanda conducta de los malvados"
                },
                "8": {
                    "verse_nr": "8",
                    "verse": "(porque este justo, que moraba entre ellos, aflig\u00eda cada d\u00eda su alma justa, viendo y oyendo los hechos inicuos de ellos),"
                },
                "9": {
                    "verse_nr": "9",
                    "verse": "sabe el Se\u00f1or librar de tentaci\u00f3n a los piadosos, y reservar a los injustos para ser castigados en el d\u00eda del juicio;"
                },
                "10": {
                    "verse_nr": "10",
                    "verse": "y mayormente a aquellos que, siguiendo la carne, andan en concupiscencia e inmundicia, y desprecian el se\u00f1or\u00edo.Atrevidos y contumaces, no temen decir mal de las potestades superiores,"
                },
                "11": {
                    "verse_nr": "11",
                    "verse": "mientras que los \u00e1ngeles, que son mayores en fuerza y en potencia, no pronuncian juicio de maldici\u00f3n contra ellas delante del Se\u00f1or."
                },
                "12": {
                    "verse_nr": "12",
                    "verse": "Pero estos, hablando mal de cosas que no entienden, como animales irracionales, nacidos para presa y destrucci\u00f3n, perecer\u00e1n en su propia perdici\u00f3n,"
                },
                "13": {
                    "verse_nr": "13",
                    "verse": "recibiendo el galard\u00f3n de su injusticia, ya que tienen por delicia el gozar de deleites cada d\u00eda. Estos son inmundicias y manchas, quienes aun mientras comen con vosotros, se recrean en sus errores."
                },
                "14": {
                    "verse_nr": "14",
                    "verse": "Tienen los ojos llenos de adulterio, no se sacian de pecar, seducen a las almas inconstantes, tienen el coraz\u00f3n habituado a la codicia, y son hijos de maldici\u00f3n."
                },
                "15": {
                    "verse_nr": "15",
                    "verse": "Han dejado el camino recto, y se han extraviado siguiendo el camino de Balaam hijo de Beor, el cual am\u00f3 el premio de la maldad,"
                },
                "16": {
                    "verse_nr": "16",
                    "verse": "y fue reprendido por su iniquidad; pues una muda bestia de carga, hablando con voz de hombre, refren\u00f3 la locura del profeta."
                },
                "17": {
                    "verse_nr": "17",
                    "verse": "Estos son fuentes sin agua, y nubes empujadas por la tormenta; para los cuales la m\u00e1s densa oscuridad est\u00e1 reservada para siempre."
                },
                "18": {
                    "verse_nr": "18",
                    "verse": "Pues hablando palabras infladas y vanas, seducen con concupiscencias de la carne y disoluciones a los que verdaderamente hab\u00edan huido de los que viven en error."
                },
                "19": {
                    "verse_nr": "19",
                    "verse": "Les prometen libertad, y son ellos mismos esclavos de corrupci\u00f3n. Porque el que es vencido por alguno es hecho esclavo del que lo venci\u00f3."
                },
                "20": {
                    "verse_nr": "20",
                    "verse": "Ciertamente, si habi\u00e9ndose ellos escapado de las contaminaciones del mundo, por el conocimiento del Se\u00f1or y Salvador Jesucristo, enred\u00e1ndose otra vez en ellas son vencidos, su postrer estado viene a ser peor que el primero."
                },
                "21": {
                    "verse_nr": "21",
                    "verse": "Porque mejor les hubiera sido no haber conocido el camino de la justicia, que despu\u00e9s de haberlo conocido, volverse atr\u00e1s del santo mandamiento que les fue dado."
                },
                "22": {
                    "verse_nr": "22",
                    "verse": "Pero les ha acontecido lo del verdadero proverbio: El perro vuelve a su v\u00f3mito, y la puerca lavada a revolcarse en el cieno."
                }
            }
        },
        "3": {
            "chapter_nr": "3",
            "chapter": {
                "1": {
                    "verse_nr": "1",
                    "verse": "El d\u00eda del Se\u00f1or vendr\u00e1 -Amados, esta es la segunda carta que os escribo, y en ambas despierto con exhortaci\u00f3n vuestro limpio entendimiento,"
                },
                "2": {
                    "verse_nr": "2",
                    "verse": "para que teng\u00e1is memoria de las palabras que antes han sido dichas por los santos profetas, y del mandamiento del Se\u00f1or y Salvador dado por vuestros ap\u00f3stoles;"
                },
                "3": {
                    "verse_nr": "3",
                    "verse": "sabiendo primero esto, que en los postreros d\u00edas vendr\u00e1n burladores, andando seg\u00fan sus propias concupiscencias,"
                },
                "4": {
                    "verse_nr": "4",
                    "verse": "y diciendo: \u00bfD\u00f3nde est\u00e1 la promesa de su advenimiento? Porque desde el d\u00eda en que los padres durmieron, todas las cosas permanecen as\u00ed como desde el principio de la creaci\u00f3n."
                },
                "5": {
                    "verse_nr": "5",
                    "verse": "Estos ignoran voluntariamente, que en el tiempo antiguo fueron hechos por la palabra de Dios los cielos, y tambi\u00e9n la tierra, que proviene del agua y por el agua subsiste,"
                },
                "6": {
                    "verse_nr": "6",
                    "verse": "por lo cual el mundo de entonces pereci\u00f3 anegado en agua;"
                },
                "7": {
                    "verse_nr": "7",
                    "verse": "pero los cielos y la tierra que existen ahora, est\u00e1n reservados por la misma palabra, guardados para el fuego en el d\u00eda del juicio y de la perdici\u00f3n de los hombres imp\u00edos."
                },
                "8": {
                    "verse_nr": "8",
                    "verse": "Mas, oh amados, no ignor\u00e9is esto: que para con el Se\u00f1or un d\u00eda es como mil a\u00f1os, y mil a\u00f1os como un d\u00eda."
                },
                "9": {
                    "verse_nr": "9",
                    "verse": "El Se\u00f1or no retarda su promesa, seg\u00fan algunos la tienen por tardanza, sino que es paciente para con nosotros, no queriendo que ninguno perezca, sino que todos procedan al arrepentimiento."
                },
                "10": {
                    "verse_nr": "10",
                    "verse": "Pero el d\u00eda del Se\u00f1or vendr\u00e1 como ladr\u00f3n en la noche; en el cual los cielos pasar\u00e1n con grande estruendo, y los elementos ardiendo ser\u00e1n deshechos, y la tierra y las obras que en ella hay ser\u00e1n quemadas."
                },
                "11": {
                    "verse_nr": "11",
                    "verse": "Puesto que todas estas cosas han de ser deshechas, \u00a1c\u00f3mo no deb\u00e9is vosotros andar en santa y piadosa manera de vivir,"
                },
                "12": {
                    "verse_nr": "12",
                    "verse": "esperando y apresur\u00e1ndoos para la venida del d\u00eda de Dios, en el cual los cielos, encendi\u00e9ndose, ser\u00e1n deshechos, y los elementos, siendo quemados, se fundir\u00e1n!"
                },
                "13": {
                    "verse_nr": "13",
                    "verse": "Pero nosotros esperamos, seg\u00fan sus promesas, cielos nuevos y tierra nueva, en los cuales mora la justicia."
                },
                "14": {
                    "verse_nr": "14",
                    "verse": "Por lo cual, oh amados, estando en espera de estas cosas, procurad con diligencia ser hallados por \u00e9l sin mancha e irreprensibles, en paz."
                },
                "15": {
                    "verse_nr": "15",
                    "verse": "Y tened entendido que la paciencia de nuestro Se\u00f1or es para salvaci\u00f3n; como tambi\u00e9n nuestro amado hermano Pablo, seg\u00fan la sabidur\u00eda que le ha sido dada, os ha escrito,"
                },
                "16": {
                    "verse_nr": "16",
                    "verse": "casi en todas sus ep\u00edstolas, hablando en ellas de estas cosas; entre las cuales hay algunas dif\u00edciles de entender, las cuales los indoctos e inconstantes tuercen, como tambi\u00e9n las otras Escrituras, para su propia perdici\u00f3n."
                },
                "17": {
                    "verse_nr": "17",
                    "verse": "As\u00ed que vosotros, oh amados, sabi\u00e9ndolo de antemano, guardaos, no sea que arrastrados por el error de los inicuos, caig\u00e1is de vuestra firmeza."
                },
                "18": {
                    "verse_nr": "18",
                    "verse": "Antes bien, creced en la gracia y el conocimiento de nuestro Se\u00f1or y Salvador Jesucristo. A \u00e9l sea gloria ahora y hasta el d\u00eda de la eternidad. Am\u00e9n."
                }
            }
        }
    }
}