{
    "version": "RVR1960",
    "book_name": "Philippians",
    "book_nr": "50",
    "book": {
        "1": {
            "chapter_nr": "1",
            "chapter": {
                "1": {
                    "verse_nr": "1",
                    "verse": "Salutaci\u00f3n -Pablo y Timoteo, siervos de Jesucristo, a todos los santos en Cristo Jes\u00fas que est\u00e1n en Filipos, con los obispos y di\u00e1conos:"
                },
                "2": {
                    "verse_nr": "2",
                    "verse": "Gracia y paz a vosotros, de Dios nuestro Padre y del Se\u00f1or Jesucristo."
                },
                "3": {
                    "verse_nr": "3",
                    "verse": "Oraci\u00f3n de Pablo por los creyentes -Doy gracias a mi Dios siempre que me acuerdo de vosotros,"
                },
                "4": {
                    "verse_nr": "4",
                    "verse": "siempre en todas mis oraciones rogando con gozo por todos vosotros,"
                },
                "5": {
                    "verse_nr": "5",
                    "verse": "por vuestra comuni\u00f3n en el evangelio, desde el primer d\u00eda hasta ahora;"
                },
                "6": {
                    "verse_nr": "6",
                    "verse": "estando persuadido de esto, que el que comenz\u00f3 en vosotros la buena obra, la perfeccionar\u00e1 hasta el d\u00eda de Jesucristo;"
                },
                "7": {
                    "verse_nr": "7",
                    "verse": "como me es justo sentir esto de todos vosotros, por cuanto os tengo en el coraz\u00f3n; y en mis prisiones, y en la defensa y confirmaci\u00f3n del evangelio, todos vosotros sois participantes conmigo de la gracia."
                },
                "8": {
                    "verse_nr": "8",
                    "verse": "Porque Dios me es testigo de c\u00f3mo os amo a todos vosotros con el entra\u00f1able amor de Jesucristo."
                },
                "9": {
                    "verse_nr": "9",
                    "verse": "Y esto pido en oraci\u00f3n, que vuestro amor abunde a\u00fan m\u00e1s y m\u00e1s en ciencia y en todo conocimiento,"
                },
                "10": {
                    "verse_nr": "10",
                    "verse": "para que aprob\u00e9is lo mejor, a fin de que se\u00e1is sinceros e irreprensibles para el d\u00eda de Cristo,"
                },
                "11": {
                    "verse_nr": "11",
                    "verse": "llenos de frutos de justicia que son por medio de Jesucristo, para gloria y alabanza de Dios."
                },
                "12": {
                    "verse_nr": "12",
                    "verse": "Para m\u00ed el vivir es Cristo -Quiero que sep\u00e1is, hermanos, que las cosas que me han sucedido, han redundado m\u00e1s bien para el progreso del evangelio,"
                },
                "13": {
                    "verse_nr": "13",
                    "verse": "de tal manera que mis prisiones se han hecho patentes en Cristo en todo el pretorio, y a todos los dem\u00e1s."
                },
                "14": {
                    "verse_nr": "14",
                    "verse": "Y la mayor\u00eda de los hermanos, cobrando \u00e1nimo en el Se\u00f1or con mis prisiones, se atreven mucho m\u00e1s a hablar la palabra sin temor."
                },
                "15": {
                    "verse_nr": "15",
                    "verse": "Algunos, a la verdad, predican a Cristo por envidia y contienda; pero otros de buena voluntad."
                },
                "16": {
                    "verse_nr": "16",
                    "verse": "Los unos anuncian a Cristo por contenci\u00f3n, no sinceramente, pensando a\u00f1adir aflicci\u00f3n a mis prisiones;"
                },
                "17": {
                    "verse_nr": "17",
                    "verse": "pero los otros por amor, sabiendo que estoy puesto para la defensa del evangelio."
                },
                "18": {
                    "verse_nr": "18",
                    "verse": "\u00bfQu\u00e9, pues? Que no obstante, de todas maneras, o por pretexto o por verdad, Cristo es anunciado; y en esto me gozo, y me gozar\u00e9 a\u00fan."
                },
                "19": {
                    "verse_nr": "19",
                    "verse": "Porque s\u00e9 que por vuestra oraci\u00f3n y la suministraci\u00f3n del Esp\u00edritu de Jesucristo, esto resultar\u00e1 en mi liberaci\u00f3n,"
                },
                "20": {
                    "verse_nr": "20",
                    "verse": "conforme a mi anhelo y esperanza de que en nada ser\u00e9 avergonzado; antes bien con toda confianza, como siempre, ahora tambi\u00e9n ser\u00e1 magnificado Cristo en mi cuerpo, o por vida o por muerte."
                },
                "21": {
                    "verse_nr": "21",
                    "verse": "Porque para m\u00ed el vivir es Cristo, y el morir es ganancia."
                },
                "22": {
                    "verse_nr": "22",
                    "verse": "Mas si el vivir en la carne resulta para m\u00ed en beneficio de la obra, no s\u00e9 entonces qu\u00e9 escoger."
                },
                "23": {
                    "verse_nr": "23",
                    "verse": "Porque de ambas cosas estoy puesto en estrecho, teniendo deseo de partir y estar con Cristo, lo cual es much\u00edsimo mejor;"
                },
                "24": {
                    "verse_nr": "24",
                    "verse": "pero quedar en la carne es m\u00e1s necesario por causa de vosotros."
                },
                "25": {
                    "verse_nr": "25",
                    "verse": "Y confiado en esto, s\u00e9 que quedar\u00e9, que a\u00fan permanecer\u00e9 con todos vosotros, para vuestro provecho y gozo de la fe,"
                },
                "26": {
                    "verse_nr": "26",
                    "verse": "para que abunde vuestra gloria de m\u00ed en Cristo Jes\u00fas por mi presencia otra vez entre vosotros."
                },
                "27": {
                    "verse_nr": "27",
                    "verse": "Solamente que os comport\u00e9is como es digno del evangelio de Cristo, para que o sea que vaya a veros, o que est\u00e9 ausente, oiga de vosotros que est\u00e1is firmes en un mismo esp\u00edritu, combatiendo un\u00e1nimes por la fe del evangelio,"
                },
                "28": {
                    "verse_nr": "28",
                    "verse": "y en nada intimidados por los que se oponen, que para ellos ciertamente es indicio de perdici\u00f3n, mas para vosotros de salvaci\u00f3n; y esto de Dios."
                },
                "29": {
                    "verse_nr": "29",
                    "verse": "Porque a vosotros os es concedido a causa de Cristo, no solo que cre\u00e1is en \u00e9l, sino tambi\u00e9n que padezc\u00e1is por \u00e9l,"
                },
                "30": {
                    "verse_nr": "30",
                    "verse": "teniendo el mismo conflicto que hab\u00e9is visto en m\u00ed, y ahora o\u00eds que hay en m\u00ed."
                }
            }
        },
        "2": {
            "chapter_nr": "2",
            "chapter": {
                "1": {
                    "verse_nr": "1",
                    "verse": "Humillaci\u00f3n y exaltaci\u00f3n de Cristo -Por tanto, si hay alguna consolaci\u00f3n en Cristo, si alg\u00fan consuelo de amor, si alguna comuni\u00f3n del Esp\u00edritu, si alg\u00fan afecto entra\u00f1able, si alguna misericordia,"
                },
                "2": {
                    "verse_nr": "2",
                    "verse": "completad mi gozo, sintiendo lo mismo, teniendo el mismo amor, un\u00e1nimes, sintiendo una misma cosa."
                },
                "3": {
                    "verse_nr": "3",
                    "verse": "Nada hag\u00e1is por contienda o por vanagloria; antes bien con humildad, estimando cada uno a los dem\u00e1s como superiores a \u00e9l mismo;"
                },
                "4": {
                    "verse_nr": "4",
                    "verse": "no mirando cada uno por lo suyo propio, sino cada cual tambi\u00e9n por lo de los otros."
                },
                "5": {
                    "verse_nr": "5",
                    "verse": "Haya, pues, en vosotros este sentir que hubo tambi\u00e9n en Cristo Jes\u00fas,"
                },
                "6": {
                    "verse_nr": "6",
                    "verse": "el cual, siendo en forma de Dios, no estim\u00f3 el ser igual a Dios como cosa a que aferrarse,"
                },
                "7": {
                    "verse_nr": "7",
                    "verse": "sino que se despoj\u00f3 a s\u00ed mismo, tomando forma de siervo, hecho semejante a los hombres;"
                },
                "8": {
                    "verse_nr": "8",
                    "verse": "y estando en la condici\u00f3n de hombre, se humill\u00f3 a s\u00ed mismo, haci\u00e9ndose obediente hasta la muerte, y muerte de cruz."
                },
                "9": {
                    "verse_nr": "9",
                    "verse": "Por lo cual Dios tambi\u00e9n le exalt\u00f3 hasta lo sumo, y le dio un nombre que es sobre todo nombre,"
                },
                "10": {
                    "verse_nr": "10",
                    "verse": "para que en el nombre de Jes\u00fas se doble toda rodilla de los que est\u00e1n en los cielos, y en la tierra, y debajo de la tierra;"
                },
                "11": {
                    "verse_nr": "11",
                    "verse": "y toda lengua confiese que Jesucristo es el Se\u00f1or, para gloria de Dios Padre."
                },
                "12": {
                    "verse_nr": "12",
                    "verse": "Luminares en el mundo -Por tanto, amados m\u00edos, como siempre hab\u00e9is obedecido, no como en mi presencia solamente, sino mucho m\u00e1s ahora en mi ausencia, ocupaos en vuestra salvaci\u00f3n con temor y temblor,"
                },
                "13": {
                    "verse_nr": "13",
                    "verse": "porque Dios es el que en vosotros produce as\u00ed el querer como el hacer, por su buena voluntad."
                },
                "14": {
                    "verse_nr": "14",
                    "verse": "Haced todo sin murmuraciones y contiendas,"
                },
                "15": {
                    "verse_nr": "15",
                    "verse": "para que se\u00e1is irreprensibles y sencillos, hijos de Dios sin mancha en medio de una generaci\u00f3n maligna y perversa, en medio de la cual resplandec\u00e9is como luminares en el mundo;"
                },
                "16": {
                    "verse_nr": "16",
                    "verse": "asidos de la palabra de vida, para que en el d\u00eda de Cristo yo pueda gloriarme de que no he corrido en vano, ni en vano he trabajado."
                },
                "17": {
                    "verse_nr": "17",
                    "verse": "Y aunque sea derramado en libaci\u00f3n sobre el sacrificio y servicio de vuestra fe, me gozo y regocijo con todos vosotros."
                },
                "18": {
                    "verse_nr": "18",
                    "verse": "Y asimismo gozaos y regocijaos tambi\u00e9n vosotros conmigo."
                },
                "19": {
                    "verse_nr": "19",
                    "verse": "Timoteo y Epafrodito -Espero en el Se\u00f1or Jes\u00fas enviaros pronto a Timoteo, para que yo tambi\u00e9n est\u00e9 de buen \u00e1nimo al saber de vuestro estado;"
                },
                "20": {
                    "verse_nr": "20",
                    "verse": "pues a ninguno tengo del mismo \u00e1nimo, y que tan sinceramente se interese por vosotros."
                },
                "21": {
                    "verse_nr": "21",
                    "verse": "Porque todos buscan lo suyo propio, no lo que es de Cristo Jes\u00fas."
                },
                "22": {
                    "verse_nr": "22",
                    "verse": "Pero ya conoc\u00e9is los m\u00e9ritos de \u00e9l, que como hijo a padre ha servido conmigo en el evangelio."
                },
                "23": {
                    "verse_nr": "23",
                    "verse": "As\u00ed que a este espero enviaros, luego que yo vea c\u00f3mo van mis asuntos;"
                },
                "24": {
                    "verse_nr": "24",
                    "verse": "y conf\u00edo en el Se\u00f1or que yo tambi\u00e9n ir\u00e9 pronto a vosotros."
                },
                "25": {
                    "verse_nr": "25",
                    "verse": "Mas tuve por necesario enviaros a Epafrodito, mi hermano y colaborador y compa\u00f1ero de milicia, vuestro mensajero, y ministrador de mis necesidades;"
                },
                "26": {
                    "verse_nr": "26",
                    "verse": "porque \u00e9l ten\u00eda gran deseo de veros a todos vosotros, y gravemente se angusti\u00f3 porque hab\u00edais o\u00eddo que hab\u00eda enfermado."
                },
                "27": {
                    "verse_nr": "27",
                    "verse": "Pues en verdad estuvo enfermo, a punto de morir; pero Dios tuvo misericordia de \u00e9l, y no solamente de \u00e9l, sino tambi\u00e9n de m\u00ed, para que yo no tuviese tristeza sobre tristeza."
                },
                "28": {
                    "verse_nr": "28",
                    "verse": "As\u00ed que le env\u00edo con mayor solicitud, para que al verle de nuevo, os goc\u00e9is, y yo est\u00e9 con menos tristeza."
                },
                "29": {
                    "verse_nr": "29",
                    "verse": "Recibidle, pues, en el Se\u00f1or, con todo gozo, y tened en estima a los que son como \u00e9l;"
                },
                "30": {
                    "verse_nr": "30",
                    "verse": "porque por la obra de Cristo estuvo pr\u00f3ximo a la muerte, exponiendo su vida para suplir lo que faltaba en vuestro servicio por m\u00ed."
                }
            }
        },
        "3": {
            "chapter_nr": "3",
            "chapter": {
                "1": {
                    "verse_nr": "1",
                    "verse": "Prosigo al blanco -Por lo dem\u00e1s, hermanos, gozaos en el Se\u00f1or. A m\u00ed no me es molesto el escribiros las mismas cosas, y para vosotros es seguro."
                },
                "2": {
                    "verse_nr": "2",
                    "verse": "Guardaos de los perros, guardaos de los malos obreros, guardaos de los mutiladores del cuerpo."
                },
                "3": {
                    "verse_nr": "3",
                    "verse": "Porque nosotros somos la circuncisi\u00f3n, los que en esp\u00edritu servimos a Dios y nos gloriamos en Cristo Jes\u00fas, no teniendo confianza en la carne."
                },
                "4": {
                    "verse_nr": "4",
                    "verse": "Aunque yo tengo tambi\u00e9n de qu\u00e9 confiar en la carne. Si alguno piensa que tiene de qu\u00e9 confiar en la carne, yo m\u00e1s:"
                },
                "5": {
                    "verse_nr": "5",
                    "verse": "circuncidado al octavo d\u00eda, del linaje de Israel, de la tribu de Benjam\u00edn, hebreo de hebreos; en cuanto a la ley, fariseo;"
                },
                "6": {
                    "verse_nr": "6",
                    "verse": "en cuanto a celo, perseguidor de la iglesia; en cuanto a la justicia que es en la ley, irreprensible."
                },
                "7": {
                    "verse_nr": "7",
                    "verse": "Pero cuantas cosas eran para m\u00ed ganancia, las he estimado como p\u00e9rdida por amor de Cristo."
                },
                "8": {
                    "verse_nr": "8",
                    "verse": "Y ciertamente, aun estimo todas las cosas como p\u00e9rdida por la excelencia del conocimiento de Cristo Jes\u00fas, mi Se\u00f1or, por amor del cual lo he perdido todo, y lo tengo por basura, para ganar a Cristo,"
                },
                "9": {
                    "verse_nr": "9",
                    "verse": "y ser hallado en \u00e9l, no teniendo mi propia justicia, que es por la ley, sino la que es por la fe de Cristo, la justicia que es de Dios por la fe;"
                },
                "10": {
                    "verse_nr": "10",
                    "verse": "a fin de conocerle, y el poder de su resurrecci\u00f3n, y la participaci\u00f3n de sus padecimientos, llegando a ser semejante a \u00e9l en su muerte,"
                },
                "11": {
                    "verse_nr": "11",
                    "verse": "si en alguna manera llegase a la resurrecci\u00f3n de entre los muertos."
                },
                "12": {
                    "verse_nr": "12",
                    "verse": "No que lo haya alcanzado ya, ni que ya sea perfecto; sino que prosigo, por ver si logro asir aquello para lo cual fui tambi\u00e9n asido por Cristo Jes\u00fas."
                },
                "13": {
                    "verse_nr": "13",
                    "verse": "Hermanos, yo mismo no pretendo haberlo ya alcanzado; pero una cosa hago: olvidando ciertamente lo que queda atr\u00e1s, y extendi\u00e9ndome a lo que est\u00e1 delante,"
                },
                "14": {
                    "verse_nr": "14",
                    "verse": "prosigo a la meta, al premio del supremo llamamiento de Dios en Cristo Jes\u00fas."
                },
                "15": {
                    "verse_nr": "15",
                    "verse": "As\u00ed que, todos los que somos perfectos, esto mismo sintamos; y si otra cosa sent\u00eds, esto tambi\u00e9n os lo revelar\u00e1 Dios."
                },
                "16": {
                    "verse_nr": "16",
                    "verse": "Pero en aquello a que hemos llegado, sigamos una misma regla, sintamos una misma cosa."
                },
                "17": {
                    "verse_nr": "17",
                    "verse": "Hermanos, sed imitadores de m\u00ed, y mirad a los que as\u00ed se conducen seg\u00fan el ejemplo que ten\u00e9is en nosotros."
                },
                "18": {
                    "verse_nr": "18",
                    "verse": "Porque por ah\u00ed andan muchos, de los cuales os dije muchas veces, y aun ahora lo digo llorando, que son enemigos de la cruz de Cristo;"
                },
                "19": {
                    "verse_nr": "19",
                    "verse": "el fin de los cuales ser\u00e1 perdici\u00f3n, cuyo dios es el vientre, y cuya gloria es su verg\u00fcenza; que solo piensan en lo terrenal."
                },
                "20": {
                    "verse_nr": "20",
                    "verse": "Mas nuestra ciudadan\u00eda est\u00e1 en los cielos, de donde tambi\u00e9n esperamos al Salvador, al Se\u00f1or Jesucristo;"
                },
                "21": {
                    "verse_nr": "21",
                    "verse": "el cual transformar\u00e1 el cuerpo de la humillaci\u00f3n nuestra, para que sea semejante al cuerpo de la gloria suya, por el poder con el cual puede tambi\u00e9n sujetar a s\u00ed mismo todas las cosas."
                }
            }
        },
        "4": {
            "chapter_nr": "4",
            "chapter": {
                "1": {
                    "verse_nr": "1",
                    "verse": "Regocijaos en el Se\u00f1or siempre -As\u00ed que, hermanos m\u00edos amados y deseados, gozo y corona m\u00eda, estad as\u00ed firmes en el Se\u00f1or, amados."
                },
                "2": {
                    "verse_nr": "2",
                    "verse": "Ruego a Evodia y a S\u00edntique, que sean de un mismo sentir en el Se\u00f1or."
                },
                "3": {
                    "verse_nr": "3",
                    "verse": "Asimismo te ruego tambi\u00e9n a ti, compa\u00f1ero fiel, que ayudes a estas que combatieron juntamente conmigo en el evangelio, con Clemente tambi\u00e9n y los dem\u00e1s colaboradores m\u00edos, cuyos nombres est\u00e1n en el libro de la vida."
                },
                "4": {
                    "verse_nr": "4",
                    "verse": "Regocijaos en el Se\u00f1or siempre. Otra vez digo: \u00a1Regocijaos!"
                },
                "5": {
                    "verse_nr": "5",
                    "verse": "Vuestra gentileza sea conocida de todos los hombres. El Se\u00f1or est\u00e1 cerca."
                },
                "6": {
                    "verse_nr": "6",
                    "verse": "Por nada est\u00e9is afanosos, sino sean conocidas vuestras peticiones delante de Dios en toda oraci\u00f3n y ruego, con acci\u00f3n de gracias."
                },
                "7": {
                    "verse_nr": "7",
                    "verse": "Y la paz de Dios, que sobrepasa todo entendimiento, guardar\u00e1 vuestros corazones y vuestros pensamientos en Cristo Jes\u00fas."
                },
                "8": {
                    "verse_nr": "8",
                    "verse": "En esto pensad -Por lo dem\u00e1s, hermanos, todo lo que es verdadero, todo lo honesto, todo lo justo, todo lo puro, todo lo amable, todo lo que es de buen nombre; si hay virtud alguna, si algo digno de alabanza, en esto pensad."
                },
                "9": {
                    "verse_nr": "9",
                    "verse": "Lo que aprendisteis y recibisteis y o\u00edsteis y visteis en m\u00ed, esto haced; y el Dios de paz estar\u00e1 con vosotros."
                },
                "10": {
                    "verse_nr": "10",
                    "verse": "D\u00e1divas de los filipenses -En gran manera me goc\u00e9 en el Se\u00f1or de que ya al fin hab\u00e9is revivido vuestro cuidado de m\u00ed; de lo cual tambi\u00e9n estabais sol\u00edcitos, pero os faltaba la oportunidad."
                },
                "11": {
                    "verse_nr": "11",
                    "verse": "No lo digo porque tenga escasez, pues he aprendido a contentarme, cualquiera que sea mi situaci\u00f3n."
                },
                "12": {
                    "verse_nr": "12",
                    "verse": "S\u00e9 vivir humildemente, y s\u00e9 tener abundancia; en todo y por todo estoy ense\u00f1ado, as\u00ed para estar saciado como para tener hambre, as\u00ed para tener abundancia como para padecer necesidad."
                },
                "13": {
                    "verse_nr": "13",
                    "verse": "Todo lo puedo en Cristo que me fortalece."
                },
                "14": {
                    "verse_nr": "14",
                    "verse": "Sin embargo, bien hicisteis en participar conmigo en mi tribulaci\u00f3n."
                },
                "15": {
                    "verse_nr": "15",
                    "verse": "Y sab\u00e9is tambi\u00e9n vosotros, oh filipenses, que al principio de la predicaci\u00f3n del evangelio, cuando part\u00ed de Macedonia, ninguna iglesia particip\u00f3 conmigo en raz\u00f3n de dar y recibir, sino vosotros solos;"
                },
                "16": {
                    "verse_nr": "16",
                    "verse": "pues aun a Tesal\u00f3nica me enviasteis una y otra vez para mis necesidades."
                },
                "17": {
                    "verse_nr": "17",
                    "verse": "No es que busque d\u00e1divas, sino que busco fruto que abunde en vuestra cuenta."
                },
                "18": {
                    "verse_nr": "18",
                    "verse": "Pero todo lo he recibido, y tengo abundancia; estoy lleno, habiendo recibido de Epafrodito lo que enviasteis; olor fragante, sacrificio acepto, agradable a Dios."
                },
                "19": {
                    "verse_nr": "19",
                    "verse": "Mi Dios, pues, suplir\u00e1 todo lo que os falta conforme a sus riquezas en gloria en Cristo Jes\u00fas."
                },
                "20": {
                    "verse_nr": "20",
                    "verse": "Al Dios y Padre nuestro sea gloria por los siglos de los siglos. Am\u00e9n."
                },
                "21": {
                    "verse_nr": "21",
                    "verse": "Salutaciones finales -Saludad a todos los santos en Cristo Jes\u00fas. Los hermanos que est\u00e1n conmigo os saludan."
                },
                "22": {
                    "verse_nr": "22",
                    "verse": "Todos los santos os saludan, y especialmente los de la casa de C\u00e9sar."
                },
                "23": {
                    "verse_nr": "23",
                    "verse": "La gracia de nuestro Se\u00f1or Jesucristo sea con todos vosotros. Am\u00e9n."
                }
            }
        }
    }
}