{
    "version": "CEV",
    "book_name": "Haggai",
    "book_nr": "37",
    "book": {
        "1": {
            "chapter_nr": "1",
            "chapter": {
                "1": {
                    "verse_nr": "1",
                    "verse": "Rebuild the Temple - On the first day of the sixth month of the second year that Darius was king of Persia, the LORD told Haggai the prophet to speak his message to the governor of Judah and to the high priest. So Haggai told Governor Zerubbabel and High Priest Joshua"
                },
                "2": {
                    "verse_nr": "2",
                    "verse": "that the LORD All-Powerful had said to them and to the people: You say this isn\u2019t the right time to build a temple for me. But is it right for you to live in expensive houses, while my temple is a pile of ruins? Just look at what\u2019s happening."
                },
                "3": {
                    "verse_nr": "3",
                    "verse": "that the LORD All-Powerful had said to them and to the people: You say this isn\u2019t the right time to build a temple for me. But is it right for you to live in expensive houses, while my temple is a pile of ruins? Just look at what\u2019s happening."
                },
                "4": {
                    "verse_nr": "4",
                    "verse": "that the LORD All-Powerful had said to them and to the people: You say this isn\u2019t the right time to build a temple for me. But is it right for you to live in expensive houses, while my temple is a pile of ruins? Just look at what\u2019s happening."
                },
                "5": {
                    "verse_nr": "5",
                    "verse": "that the LORD All-Powerful had said to them and to the people: You say this isn\u2019t the right time to build a temple for me. But is it right for you to live in expensive houses, while my temple is a pile of ruins? Just look at what\u2019s happening."
                },
                "6": {
                    "verse_nr": "6",
                    "verse": "You harvest less than you plant, you never have enough to eat or drink, your clothes don\u2019t keep you warm, and your wages are stored in bags full of holes."
                },
                "7": {
                    "verse_nr": "7",
                    "verse": "Think about what I have said!"
                },
                "8": {
                    "verse_nr": "8",
                    "verse": "But first, go to the hills and get wood for my temple, so I can take pride in it and be worshiped there."
                },
                "9": {
                    "verse_nr": "9",
                    "verse": "You expected much, but received only a little. And when you brought it home, I made that little disappear. Why have I done this? It\u2019s because you hurry off to build your own houses, while my temple is still in ruins."
                },
                "10": {
                    "verse_nr": "10",
                    "verse": "That\u2019s also why the dew doesn\u2019t fall and your harvest fails."
                },
                "11": {
                    "verse_nr": "11",
                    "verse": "And so, at my command everything will become barren\u2014your farmland and pastures, your vineyards and olive trees, your animals and you yourselves. All your hard work will be for nothing."
                },
                "12": {
                    "verse_nr": "12",
                    "verse": "Zerubbabel and Joshua, together with the others who had returned from exile in Babylonia, obeyed the LORD\u2019s message spoken by his prophet Haggai, and they started showing proper respect for the LORD."
                },
                "13": {
                    "verse_nr": "13",
                    "verse": "Haggai then told them that the LORD had promised to be with them."
                },
                "14": {
                    "verse_nr": "14",
                    "verse": "So the LORD God All-Powerful made everyone eager to work on his temple, especially Zerubbabel and Joshua."
                },
                "15": {
                    "verse_nr": "15",
                    "verse": "And the work began on the twenty-fourth day of that same month."
                }
            }
        },
        "2": {
            "chapter_nr": "2",
            "chapter": {
                "1": {
                    "verse_nr": "1",
                    "verse": "The Glorious New Temple - On the twenty-first day of the next month, the LORD told Haggai the prophet to speak this message to Governor Zerubbabel, High Priest Joshua, and everyone else:"
                },
                "2": {
                    "verse_nr": "2",
                    "verse": "The Glorious New Temple - On the twenty-first day of the next month, the LORD told Haggai the prophet to speak this message to Governor Zerubbabel, High Priest Joshua, and everyone else:"
                },
                "3": {
                    "verse_nr": "3",
                    "verse": "Does anyone remember how glorious this temple used to be? Now it looks like nothing."
                },
                "4": {
                    "verse_nr": "4",
                    "verse": "But cheer up! Because I, the LORD All-Powerful, will be here to help you with the work,"
                },
                "5": {
                    "verse_nr": "5",
                    "verse": "just as I promised your ancestors when I brought them out of Egypt. Don\u2019t worry. My Spirit is right here with you."
                },
                "6": {
                    "verse_nr": "6",
                    "verse": "Soon I will again shake the heavens and the earth, the sea and the dry land."
                },
                "7": {
                    "verse_nr": "7",
                    "verse": "I will shake the nations, and their treasures will be brought here. Then the brightness of my glory will fill this temple."
                },
                "8": {
                    "verse_nr": "8",
                    "verse": "All silver and gold belong to me,"
                },
                "9": {
                    "verse_nr": "9",
                    "verse": "and I promise that this new temple will be more glorious than the first one. I will also bless this city with peace."
                },
                "10": {
                    "verse_nr": "10",
                    "verse": "The Past and the Future - On the twenty-fourth day of the ninth month, the LORD God All-Powerful told the prophet Haggai"
                },
                "11": {
                    "verse_nr": "11",
                    "verse": "to ask the priests for their opinion on the following matter:"
                },
                "12": {
                    "verse_nr": "12",
                    "verse": "Suppose meat ready to be sacrificed to God is being carried in the folds of someone\u2019s clothing, and the clothing rubs against some bread or stew or wine or olive oil or any other food. Would those foods that were touched then become acceptable for sacrifice? \u201cOf course not,\u201d the priests answered."
                },
                "13": {
                    "verse_nr": "13",
                    "verse": "Then Haggai said, \u201cSuppose someone has touched a dead body and is considered unacceptable to worship God. If that person touches these foods, would they become unclean?\u201d \u201cOf course they would,\u201d the priests answered."
                },
                "14": {
                    "verse_nr": "14",
                    "verse": "So the LORD told Haggai to say: That\u2019s how it is with this entire nation. Everything you do and every sacrifice you offer is unacceptable to me."
                },
                "15": {
                    "verse_nr": "15",
                    "verse": "But from now on, things will get better. Before you started laying the foundation for the temple,"
                },
                "16": {
                    "verse_nr": "16",
                    "verse": "you recalled what life was like in the past. When you wanted twenty bushels of wheat, there were only ten, and when you wanted fifty jars of wine, there were only twenty."
                },
                "17": {
                    "verse_nr": "17",
                    "verse": "I made all of your hard work useless by sending mildew, mold, and hail\u2014but you still did not return to me, your LORD."
                },
                "18": {
                    "verse_nr": "18",
                    "verse": "Today you have completed the foundation for my temple, so listen to what your future will be like."
                },
                "19": {
                    "verse_nr": "19",
                    "verse": "Although you have not yet harvested any grain, grapes, figs, pomegranates, or olives, I will richly bless you in the days ahead."
                },
                "20": {
                    "verse_nr": "20",
                    "verse": "God\u2019s Promise to Zerubbabel - That same day the LORD spoke to Haggai again and said:"
                },
                "21": {
                    "verse_nr": "21",
                    "verse": "Tell Governor Zerubbabel of Judah that I am going to shake the heavens and the earth"
                },
                "22": {
                    "verse_nr": "22",
                    "verse": "and wipe out kings and their kingdoms. I will overturn war chariots, and then cavalry troops will start slaughtering each other."
                },
                "23": {
                    "verse_nr": "23",
                    "verse": "But tell my servant Zerubbabel that I, the LORD All-Powerful, have chosen him, and he will rule in my name."
                }
            }
        }
    }
}