{
    "version": "hlgn",
    "book_name": "1 John",
    "book_nr": "62",
    "book": {
        "1": {
            "chapter_nr": "1",
            "chapter": {
                "1": {
                    "verse_nr": "1",
                    "verse": "Ang Pulong nga Nagahatag sang Kabuhi nga Wala sing Katapusan - Ginapahayag namon sa inyo ang parte sa iya nga ara na nga daan halin pa sang ginsuguran. Nabatian namon siya kag nakita mismo sang amon mga mata, kag nakauyat pa gani kami sa iya. Siya amo ang Pulong sang Dios nga nagahatag sang kabuhi nga wala sing katapusan."
                },
                "2": {
                    "verse_nr": "2",
                    "verse": "Siya nga ginahalinan sang kabuhi nga wala sing katapusan nagpakita, kag nakita namon siya. Ginapamatud-an kag ginasugid namon siya sa inyo. Kaupod siya sang Amay, pero subong nagpakita siya sa amon."
                },
                "3": {
                    "verse_nr": "3",
                    "verse": "Ginasugid namon sa inyo ang amon nakita kag nabatian agod maghiusa kita sa isa kag isa kag sa Dios nga Amay kag kay Jesu-Cristo nga iya Anak."
                },
                "4": {
                    "verse_nr": "4",
                    "verse": "Gani ginasulat namon ini sa inyo agod mangin malipayon gid kita."
                },
                "5": {
                    "verse_nr": "5",
                    "verse": "Ang Pagkabuhi sa Kasanag - Amo ini ang amon nabatian nga gintudlo ni Jesu-Cristo kag amo man ini ang amon ginasugid sa inyo, nga ang Dios kasanag kag wala gid sing kadudulman sa iya."
                },
                "6": {
                    "verse_nr": "6",
                    "verse": "Gani kon magsiling kita nga nagapakighiusa kita sa Dios, pero nagakabuhi kita sa kadudulman, nagabutig kita, tungod kay wala kita nagakabuhi suno sa kamatuoran."
                },
                "7": {
                    "verse_nr": "7",
                    "verse": "Pero kon nagakabuhi kita sa kasanag, subong nga ang Dios kasanag, may paghiusa kita, kag ang dugo ni Jesus nga Anak sang Dios nagatinlo sa aton sa tanan ta nga mga sala."
                },
                "8": {
                    "verse_nr": "8",
                    "verse": "Kon magsiling kita nga wala kita sing sala, ginadayaan ta lang ang aton kaugalingon, kag wala kita kahibalo sang kamatuoran."
                },
                "9": {
                    "verse_nr": "9",
                    "verse": "Pero kon ituad ta sa Dios ang aton mga sala, masaligan siya sa pagpatawad sang aton mga sala kag sa pagtinlo sa tanan ta nga mga kalainan. Himuon niya ini tungod nga matarong siya."
                },
                "10": {
                    "verse_nr": "10",
                    "verse": "Kon magsiling kita nga wala kita nakasala, ginahimo ta ang Dios nga butigon, kag wala kita kahibalo sang iya pulong."
                }
            }
        },
        "2": {
            "chapter_nr": "2",
            "chapter": {
                "1": {
                    "verse_nr": "1",
                    "verse": "Ginasulatan ko kamo nga akon mga anak, agod indi kamo magpakasala. Pero kon may ara nga makasala, may nagapakitluoy sa Amay para sa aton, kag siya amo si Jesu-Cristo nga amo ang matarong."
                },
                "2": {
                    "verse_nr": "2",
                    "verse": "Ang iya kaugalingon mismo ang iya ginhalad bilang bayad para sa aton mga sala agod mapatawad kita, kag indi lang para sa aton kundi para man sa mga sala sang mga tawo sa bug-os nga kalibutan."
                },
                "3": {
                    "verse_nr": "3",
                    "verse": "Nasiguro ta gid nga kilala ta ang Dios kon ginatuman ta ang iya mga sugo."
                },
                "4": {
                    "verse_nr": "4",
                    "verse": "Ang nagasiling nga kilala niya ang Dios, pero wala siya nagatuman sang iya mga sugo butigon, kag ang kamatuoran wala sa iya."
                },
                "5": {
                    "verse_nr": "5",
                    "verse": "Pero ang tawo nga nagatuman sang pulong sang Dios, matuod nga wala na sing kulang sa iya ang gugma sang Dios. Kag sa sini masiguro ta nga kita ara sa Dios:"
                },
                "6": {
                    "verse_nr": "6",
                    "verse": "ang nagasiling nga siya ara sa Dios kinahanglan magkabuhi pareho kay Jesu-Cristo."
                },
                "7": {
                    "verse_nr": "7",
                    "verse": "Mga hinigugma, indi bag-o nga sugo ining ginasulat ko sa inyo nga maghigugmaanay kamo. Daan na ini nga sugo nga nabatian ninyo kag ginbaton sugod sang nagtuo kamo."
                },
                "8": {
                    "verse_nr": "8",
                    "verse": "Pero makasiling man kita nga ini nga sugo bag-o, kay ang kadudulman nagataliwan kag ang matuod nga kasanag nagasilak na, kag ang kamatuoran sini nakita sa kabuhi ni Cristo kag sa inyo man."
                },
                "9": {
                    "verse_nr": "9",
                    "verse": "Ang nagasiling nga siya ara sa kasanag, pero wala nagahigugma sa iya utod, ina nga tawo ara pa sa kadudulman."
                },
                "10": {
                    "verse_nr": "10",
                    "verse": "Ang tawo nga nagahigugma sa iya utod nagapadayon sa pagkabuhi sa kasanag, kag wala sing bisan ano sa iya kabuhi nga mangin kabangdanan sang pagpakasala sang iban."
                },
                "11": {
                    "verse_nr": "11",
                    "verse": "Pero ang tawo nga wala nagahigugma sa iya utod ara sa kadudulman. Nagalakat siya sa kadudulman kag wala kahibalo kon diin siya nagapakadto, tungod kay ginabulag siya sang kadudulman."
                },
                "12": {
                    "verse_nr": "12",
                    "verse": "Nagasulat ako sa inyo, mga anak, kay ginpatawad na kamo sang Dios sa inyo mga sala tungod kay Cristo."
                },
                "13": {
                    "verse_nr": "13",
                    "verse": "Nagasulat ako sa inyo, mga amay, tungod kay nakilala na ninyo siya, nga ara na nga daan halin pa sang ginsuguran. Nagasulat man ako sa inyo, mga pamatan-on nga lalaki, kay nadaog na ninyo si Satanas."
                },
                "14": {
                    "verse_nr": "14",
                    "verse": "Nagasulat ako sa inyo mga anak, kay nakilala na ninyo ang Dios nga Amay. Nagasulat ako sa inyo, mga amay, tungod kay nakilala na ninyo siya, nga ara na nga daan halin pa sang ginsuguran. Nagasulat man ako sa inyo, mga pamatan-on nga lalaki, kay mabakod kamo sa inyo pagtuo. Ginatuman ninyo ang pulong sang Dios kag nadaog na ninyo si Satanas."
                },
                "15": {
                    "verse_nr": "15",
                    "verse": "Indi ninyo paghigugmaa ang kalibutan ukon ang kalibutanon nga mga butang. Kon ginahigugma ninyo ang kalibutan, wala kamo nagahigugma sa Amay."
                },
                "16": {
                    "verse_nr": "16",
                    "verse": "Kay ang tanan nga kalibutanon nga ginahandom sang tawhanon nga balatyagon, nga ginakawilihan sang mga mata, kag ginapabugal sang mga tawo, wala nagahalin sa Amay kundi sa kalibutan."
                },
                "17": {
                    "verse_nr": "17",
                    "verse": "Ining kalibutan kag ang tanan nga butang diri nga ginahandom sang mga tawo magataliwan, pero ang nagatuman sang kabubut-on sang Dios nagakabuhi sa wala sing katapusan."
                },
                "18": {
                    "verse_nr": "18",
                    "verse": "Ang Anti-Cristo - Mga anak, nakabati na kamo nga magaabot ang anti-Cristo. Kag kon mag-abot na siya, malapit na kita sa katapusan nga mga inadlaw. Bisan gani subong madamo na ang mga anti-Cristo, gani nahibaluan ta nga malapit na kita sa katapusan nga mga inadlaw."
                },
                "19": {
                    "verse_nr": "19",
                    "verse": "Ini sila naghalin sa aton, pero indi naton sila matuod nga mga kaupod. Kay kon sila aton gid man kaupod, nagpabilin kuntani sila sa aton. Pero naghalin sila, kag ini nagapakilala nga indi naton sila matuod nga mga kaupod."
                },
                "20": {
                    "verse_nr": "20",
                    "verse": "Pero kamo ginhatagan ni Cristo sang Espiritu Santo. Amo ina nga kamo tanan nakahibalo sang kamatuoran."
                },
                "21": {
                    "verse_nr": "21",
                    "verse": "Gani nagasulat ako sa inyo, indi tungod kay wala kamo kahibalo sang kamatuoran, kundi tungod kay kamo nakahibalo na, kag nahibaluan man ninyo nga wala sing kabutigan nga nagahalin sa kamatuoran."
                },
                "22": {
                    "verse_nr": "22",
                    "verse": "Sin-o ang butigon? Siya nga nagasiling nga si Jesus indi amo ang Cristo. Amo ini ang anti-Cristo, ang nagapanginwala sang Amay kag sang Anak."
                },
                "23": {
                    "verse_nr": "23",
                    "verse": "Ang nagapanginwala sang Anak wala sa iya ang Amay, pero ang nagakilala sang Anak ara sa iya ang Amay."
                },
                "24": {
                    "verse_nr": "24",
                    "verse": "Gani indi gid ninyo pagkalimtan ang mga gintudlo sa inyo sugod sang nagtuo kamo. Kon ginatuman ninyo ini, magapabilin kamo sa paghiusa sa Anak kag sa Amay."
                },
                "25": {
                    "verse_nr": "25",
                    "verse": "Kag ang ginapromisa ni Cristo sa aton amo ang kabuhi nga wala sing katapusan."
                },
                "26": {
                    "verse_nr": "26",
                    "verse": "Nagasulat ako sini sa inyo agod paandaman kamo parte sa mga tawo nga gusto magpatalang sa inyo."
                },
                "27": {
                    "verse_nr": "27",
                    "verse": "Kon parte sa inyo, ang Espiritu Santo nga nabaton ninyo halin kay Cristo nagapabilin sa inyo, gani indi kinahanglan nga tudluan pa kamo sang iban nga mga tawo. Kay ang Espiritu Santo amo ang nagatudlo sa inyo sang tanan nga butang, kag ang iya ginatudlo matuod kag indi butig. Gani, pareho sang iya ginsiling sa inyo, magpabilin kamo kay Cristo."
                },
                "28": {
                    "verse_nr": "28",
                    "verse": "Mga anak, magpabilin kamo sa iya, agod indi kita magkahadlok ukon magpanago sa kahuya kon mag-abot na siya."
                },
                "29": {
                    "verse_nr": "29",
                    "verse": "Nahibaluan ninyo nga si Cristo matarong, gani makasiguro gid kamo nga ang tanan nga tawo nga nagahimo sang matarong mga anak sang Dios."
                }
            }
        },
        "3": {
            "chapter_nr": "3",
            "chapter": {
                "1": {
                    "verse_nr": "1",
                    "verse": "Mga Anak sang Dios - Hunahunaa ninyo kon daw ano ka dako ang paghigugma sang Amay sa aton! Ginatawag niya kita nga iya mga anak. Matuod gid nga kita iya mga anak. Gani wala nakakilala sa aton ang mga tawo diri sa kalibutan tungod kay wala man sila nakakilala sa Dios."
                },
                "2": {
                    "verse_nr": "2",
                    "verse": "Mga hinigugma, karon mga anak na kita sang Dios. Pero wala pa mapahayag kon mangin ano gid kita sa ulihi. Nahibaluan ta nga kon mag-abot na si Cristo mangin kaangay kita sa iya, kay makita gid naton kon sin-o gid siya."
                },
                "3": {
                    "verse_nr": "3",
                    "verse": "Gani ang tagsa-tagsa nga may ara sini nga paglaom kay Cristo dapat magkabuhi sing matinlo subong nga ang kabuhi ni Cristo matinlo."
                },
                "4": {
                    "verse_nr": "4",
                    "verse": "Ang bisan sin-o nga nagapakasala nagalapas sang mga sugo sang Dios, kay ang sala amo ang paglapas sang mga sugo sang Dios."
                },
                "5": {
                    "verse_nr": "5",
                    "verse": "Nahibaluan ninyo nga si Cristo nga wala gid sing sala nagkadto diri sa kalibutan sa pagkuha sang aton mga sala."
                },
                "6": {
                    "verse_nr": "6",
                    "verse": "Gani ang mga tawo nga nagakabuhi kay Cristo wala nagapadayon sa pagpakasala. Pero ang bisan sin-o nga nagapadayon sa pagpakasala wala gid makakita ukon makakilala sa iya."
                },
                "7": {
                    "verse_nr": "7",
                    "verse": "Mga anak, indi kamo magtugot nga patalangon ni bisan sin-o! Ang tawo nga nagahimo sing matarong nagapakilala nga siya matarong, subong nga si Cristo matarong."
                },
                "8": {
                    "verse_nr": "8",
                    "verse": "Pero ang tawo nga nagapadayon sa pagpakasala, iya ni Satanas, kay si Satanas nagapakasala halin pa sang ginsuguran. Tungod sina, ang Anak sang Dios nagkadto diri sa pagguba sang ginahimo ni Satanas."
                },
                "9": {
                    "verse_nr": "9",
                    "verse": "Ang tawo nga nangin anak sang Dios wala nagapadayon sa pagpakasala, kay ang kinaugali sang Dios ara na sa iya. Kag tungod nga ang Dios amo ang iya Amay, indi na siya makapadayon sa pagpakasala."
                },
                "10": {
                    "verse_nr": "10",
                    "verse": "Sa sini makilala kon sin-o gid ang mga anak sang Dios kag kon sin-o ang mga anak ni Satanas: Ang tawo nga wala nagahimo sang matarong ukon wala nagahigugma sa iya utod indi anak sang Dios."
                },
                "11": {
                    "verse_nr": "11",
                    "verse": "Maghigugmaanay Kita - Amo ini ang pagpanudlo nga inyo nabatian sugod sang nagtuo kamo: dapat gid kita maghigugmaanay."
                },
                "12": {
                    "verse_nr": "12",
                    "verse": "Indi kita dapat magsunod kay Cain. Sakop siya ni Satanas, gani ginpatay niya ang iya utod. Pero ngaa ginpatay gid niya ang iya utod? Kay ang mga binuhatan sang iya utod matarong kag ang iya malaot."
                },
                "13": {
                    "verse_nr": "13",
                    "verse": "Gani mga utod ko kay Cristo, indi kamo magkatingala kon ginadumtan kamo sang mga tawo diri sa kalibutan."
                },
                "14": {
                    "verse_nr": "14",
                    "verse": "Nahibaluan ta nga ginsaylo kita halin sa kamatayon pakadto sa kabuhi tungod nga ginahigugma ta ang aton mga utod. Ang wala nagahigugma ara pa sa kamatayon."
                },
                "15": {
                    "verse_nr": "15",
                    "verse": "Ang tawo nga wala nagahigugma sa iya utod manugpatay. Kag nahibaluan ninyo nga wala sing manugpatay nga may kabuhi nga wala sing katapusan."
                },
                "16": {
                    "verse_nr": "16",
                    "verse": "Sa sini nahibaluan ta ang matuod nga paghigugma: ginhatag ni Jesus ang iya kabuhi para sa aton. Gani kita dapat man maghatag sang aton kabuhi para sa aton mga utod."
                },
                "17": {
                    "verse_nr": "17",
                    "verse": "Kon maayo ang aton pangabuhi pero wala kita nagabulig bisan nakita ta nga ginapigaduhan ang aton utod, makasiling bala kita nga ang gugma sang Dios ari sa aton?"
                },
                "18": {
                    "verse_nr": "18",
                    "verse": "Mga anak, indi lang kita maghambal nga nagahigugma kita, kundi ipakita ta sa aton mga ginahimo nga matuod nga nagahigugma kita."
                },
                "19": {
                    "verse_nr": "19",
                    "verse": "Sa sini nga paagi, nahibaluan naton nga ara kita sa kamatuoran, kag sarang na kita makaatubang sa Dios nga wala sing kahadlok"
                },
                "20": {
                    "verse_nr": "20",
                    "verse": "bisan kon ginasuknaan kita sang aton konsensya. Kay nahibaluan ta nga ang Dios labaw pa sang sa aton konsensya, kag nahibaluan niya ang tanan."
                },
                "21": {
                    "verse_nr": "21",
                    "verse": "Mga hinigugma, kon wala na kita ginasuknaan sang aton konsensya, mas may kaisog kita sa pagpalapit sa Dios."
                },
                "22": {
                    "verse_nr": "22",
                    "verse": "Kag bisan ano ang aton pangayuon sa iya mabaton ta, kay ginatuman ta ang iya mga sugo kag ginahimo ang iya luyag."
                },
                "23": {
                    "verse_nr": "23",
                    "verse": "Amo ini ang iya sugo: magtuo kita sa iya Anak nga si Jesu-Cristo, kag maghigugmaanay kita suno sa iya sugo sa aton."
                },
                "24": {
                    "verse_nr": "24",
                    "verse": "Ang tawo nga nagatuman sang mga sugo sang Dios nagakabuhi sa Dios, kag ang Dios nagakabuhi sa iya. Nahibaluan ta nga ang Dios nagakabuhi sa aton paagi sa iya Espiritu nga iya ginhatag sa aton."
                }
            }
        },
        "4": {
            "chapter_nr": "4",
            "chapter": {
                "1": {
                    "verse_nr": "1",
                    "verse": "Ang Espiritu sang Dios kag ang Espiritu sang Anti-Cristo - Mga hinigugma, indi kamo magdali-dali pati sa mga tawo nga nagasiling nga ang ila ginatudlo halin sa Espiritu Santo, kundi usisaon ninyo anay kon bala ang ila ginatudlo halin sa Dios ukon indi. Kay madamo na nga indi matuod nga mga propeta ang naglalapta sa bug-os nga kalibutan."
                },
                "2": {
                    "verse_nr": "2",
                    "verse": "Sa sini nga paagi mahibaluan ninyo nga ang espiritu nga ara sa ila iya gid sang Dios: kon nagakilala sila nga si Jesu-Cristo nagpakatawo, ang Dios ang nagsugo sa ila."
                },
                "3": {
                    "verse_nr": "3",
                    "verse": "Pero ang wala nagakilala nga si Jesus nagpakatawo, ang nagsugo sa iya indi ang Dios kundi ang espiritu sang anti-Cristo. (Nabatian na ninyo nga magaabot ini kag ari na ini sa kalibutan.)"
                },
                "4": {
                    "verse_nr": "4",
                    "verse": "Pero mga anak ko, kamo iya sang Dios, kag gindaog na ninyo ang indi matuod nga mga propeta; kay ang Espiritu Santo nga ara sa inyo mas gamhanan pa sang sa kay Satanas nga nagagahom sa mga tawo sang kalibutan."
                },
                "5": {
                    "verse_nr": "5",
                    "verse": "Ining indi matuod nga mga propeta iya sang kalibutan, gani ang mga butang nga iya sang kalibutan amo ang ila ginasugid, kag ang mga tawo sang kalibutan nagapamati sa ila."
                },
                "6": {
                    "verse_nr": "6",
                    "verse": "Pero kita mga anak sang Dios. Ang mga nagakilala sa Dios nagapamati sang aton ginatudlo, pero ang wala nagakilala sa Dios wala nagapamati sa aton. Gani sa sini nga paagi mahibaluan ta kon sin-o ang nagatudlo sang kamatuoran nga halin sa Espiritu sang Dios kag kon sin-o ang nagatudlo sang kabutigan nga halin sa iban nga espiritu."
                },
                "7": {
                    "verse_nr": "7",
                    "verse": "Ang Dios Gugma - Mga hinigugma, maghigugmaanay kita kay ang gugma halin sa Dios. Ang nagahigugma anak sang Dios, kag nakakilala sa Dios."
                },
                "8": {
                    "verse_nr": "8",
                    "verse": "Ang wala nagahigugma wala nakakilala sa Dios, kay ang Dios gugma."
                },
                "9": {
                    "verse_nr": "9",
                    "verse": "Ginpakita sang Dios ang iya gugma sa aton paagi sa iya pagpadala sang iya bugtong nga Anak diri sa kalibutan, agod nga paagi sa iya makabaton kita sang kabuhi nga wala sing katapusan."
                },
                "10": {
                    "verse_nr": "10",
                    "verse": "Amo ini ang matuod nga paghigugma: indi nga kita ang naghigugma sa Dios, kundi ang Dios amo ang naghigugma sa aton, gani ginpadala niya ang iya Anak agod akuon niya ang aton mga sala para mapatawad kita."
                },
                "11": {
                    "verse_nr": "11",
                    "verse": "Mga hinigugma, kon amo ini ang paghigugma sang Dios sa aton, dapat man kita maghigugmaanay."
                },
                "12": {
                    "verse_nr": "12",
                    "verse": "Wala pa gid sing tawo nga nakakita sa Dios. Pero kon nagahigugmaanay kita, ang Dios nagakabuhi sa aton kag ang iya gugma wala na sing kulang sa aton."
                },
                "13": {
                    "verse_nr": "13",
                    "verse": "Nasiguro ta nga kita ara sa Dios kag ang Dios ari sa aton, kay ginhatag niya sa aton ang iya Espiritu."
                },
                "14": {
                    "verse_nr": "14",
                    "verse": "Nakita namon kag nagasugid kami nga ginpadala sang Amay ang iya Anak bilang Manluluwas sang kalibutan."
                },
                "15": {
                    "verse_nr": "15",
                    "verse": "Ang bisan sin-o nga nagasiling nga si Jesus Anak sang Dios, ang Dios ara sa iya, kag siya ara sa Dios."
                },
                "16": {
                    "verse_nr": "16",
                    "verse": "Nakahibalo na kita sang gugma sang Dios kag nagatuo nga kita ginahigugma niya. Ang Dios gugma. Kag ang nagakabuhi nga may paghigugma, ara sa Dios, kag ang Dios ara sa iya."
                },
                "17": {
                    "verse_nr": "17",
                    "verse": "Ini nga gugma ginakompleto sa aton hasta nga wala na sing kulang, agod indi na kita magkahadlok sa adlaw sang paghukom, kay ang aton kabuhi diri sa kalibutan pareho sang pagkabuhi ni Cristo."
                },
                "18": {
                    "verse_nr": "18",
                    "verse": "Kon nagahigugma kita wala kita nahadlok sa sina nga paghukom. Ang gugma nga wala sing kulang nagakuha sang sina nga kahadlok. Ang tawo nagakahadlok tungod nga nagahulat siya nga silutan, kay kulang pa ang iya nga gugma."
                },
                "19": {
                    "verse_nr": "19",
                    "verse": "Nagahigugma kita sa Dios tungod kay siya amo ang una nga naghigugma sa aton."
                },
                "20": {
                    "verse_nr": "20",
                    "verse": "Ang nagasiling nga siya nagahigugma sa Dios, pero wala nagahigugma sa iya utod, ina nga tawo butigon. Kay kon ang iya utod mismo nga iya makita indi niya mahigugma, paano siya makahigugma sa Dios nga indi niya makita?"
                },
                "21": {
                    "verse_nr": "21",
                    "verse": "Gani amo ini ang sugo nga ginhatag sa aton ni Cristo: ang tawo nga nagahigugma sa Dios dapat man nga maghigugma sa iya utod."
                }
            }
        },
        "5": {
            "chapter_nr": "5",
            "chapter": {
                "1": {
                    "verse_nr": "1",
                    "verse": "Ang Pagtuo, Pagtuman, kag ang Pagdaog - Ang bisan sin-o nga nagatuo nga si Jesus amo ang Cristo, anak sang Dios. Kag ang bisan sin-o nga nagahigugma sa ginikanan nagahigugma man sa iya anak."
                },
                "2": {
                    "verse_nr": "2",
                    "verse": "Kag nahibaluan ta nga ginahigugma ta ang mga anak sang Dios kon nagahigugma kita sa Dios kag nagatuman sang iya mga sugo."
                },
                "3": {
                    "verse_nr": "3",
                    "verse": "Kay nagahigugma kita sa Dios kon nagatuman kita sang iya mga sugo. Kag ang iya mga sugo indi gid man mabudlay tumanon."
                },
                "4": {
                    "verse_nr": "4",
                    "verse": "Kay ginadaog sang tagsa ka anak sang Dios ang kalibutan. Ginadaog niya ini paagi sa pagtuo."
                },
                "5": {
                    "verse_nr": "5",
                    "verse": "Gani sin-o bala ang makadaog sa kalibutan? Ang tawo nga nagatuo nga si Jesus amo ang Anak sang Dios."
                },
                "6": {
                    "verse_nr": "6",
                    "verse": "Ang nag-abot nga si Jesu-Cristo ginpamatud-an nga siya amo gid ang Anak sang Dios paagi sa tubig sang iya pagpabautiso kag paagi man sa dugo sang iya kamatayon. Indi lang sa tubig kundi paagi sa tubig kag dugo. Kag ini nga butang ginapamatud-an man sang Espiritu Santo sa aton, kag nahibaluan ta nga matuod ang iya ginasiling kay siya kamatuoran."
                },
                "7": {
                    "verse_nr": "7",
                    "verse": "Gani may tatlo nga nagapamatuod parte kay Jesus:"
                },
                "8": {
                    "verse_nr": "8",
                    "verse": "ang Espiritu Santo, ang tubig sang iya pagpabautiso, kag ang dugo sang iya kamatayon. Kag ining tatlo nagahisugot."
                },
                "9": {
                    "verse_nr": "9",
                    "verse": "Nagapati kita sa pagpamatuod sang mga tawo. Pero mas masaligan pa gid ang pagpamatuod sang Dios, kag siya mismo ang nagpamatuod nga si Jesus iya Anak."
                },
                "10": {
                    "verse_nr": "10",
                    "verse": "Ang nagatuo sa Anak sang Dios nagapati sa pagpamatuod sang Dios. Pero ang wala nagapati sa pagpamatuod sang Dios nagahimo sa Dios nga butigon, kay wala siya nagapati sa pagpamatuod sang Dios parte sa iya Anak."
                },
                "11": {
                    "verse_nr": "11",
                    "verse": "Kag amo ini ang ginapamatuod sang Dios: nga kita ginhatagan niya sing kabuhi nga wala sing katapusan, kag ining kabuhi ara sa iya Anak."
                },
                "12": {
                    "verse_nr": "12",
                    "verse": "Ang bisan sin-o nga ara sa iya ang Anak may kabuhi nga wala sing katapusan. Pero kon wala sa iya ang Anak sang Dios wala siya sing kabuhi nga wala sing katapusan."
                },
                "13": {
                    "verse_nr": "13",
                    "verse": "Ang Kabuhi nga Wala sing Katapusan - Ginasulat ko ini sa inyo, kamo nga nagatuo sa Anak sang Dios, agod mahibaluan ninyo nga may kabuhi kamo nga wala sing katapusan."
                },
                "14": {
                    "verse_nr": "14",
                    "verse": "Kag may pagsalig kita sa pagpalapit sa Dios kay nagatuo kita nga pamatian niya ang bisan ano nga aton pangayuon suno sa iya kabubut-on."
                },
                "15": {
                    "verse_nr": "15",
                    "verse": "Kag kon nahibaluan ta nga nagapamati ang Dios sa aton kon magpangayo kita sa iya, nahibaluan ta man nga nabaton na naton ang bisan ano nga aton ginapangayo sa iya."
                },
                "16": {
                    "verse_nr": "16",
                    "verse": "Kon makita ninyo ang inyo utod kay Cristo nga nagahimo sang sala nga indi ikamatay, pangamuyui ninyo siya kag ang Dios magahatag sa iya sang kabuhi. Ini para lang sa mga nakahimo sang sala nga indi ikamatay. May sala nga ikamatay. Wala ako nagasiling nga pangamuyuan ninyo ang tawo nga nakahimo sini nga sala."
                },
                "17": {
                    "verse_nr": "17",
                    "verse": "Ang tanan nga buhat nga indi matarong sala. Pero may ara nga sala nga indi magaresulta sang espiritual nga kamatayon."
                },
                "18": {
                    "verse_nr": "18",
                    "verse": "Nahibaluan ta nga wala sing tawo nga nangin anak sang Dios nga nagapadayon sa pagpakasala, kundi ginatipigan siya sang Anak sang Dios, gani indi siya matandog ni Satanas."
                },
                "19": {
                    "verse_nr": "19",
                    "verse": "Ining bug-os nga kalibutan ara sa idalom sang gahom ni Satanas, pero nahibaluan ta nga kita iya na sang Dios."
                },
                "20": {
                    "verse_nr": "20",
                    "verse": "Kag nahibaluan ta nga nagkadto diri sa kalibutan ang Anak sang Dios, kag ginhatagan niya kita sing pag-intiendi agod makilala ta ang matuod nga Dios. Kag ara kita sa matuod nga Dios, sa iya Anak nga si Jesu-Cristo. Siya amo ang matuod nga Dios kag ang kabuhi nga wala sing katapusan."
                },
                "21": {
                    "verse_nr": "21",
                    "verse": "Gani mga anak, maglikaw kamo sa mga dios-dios."
                }
            }
        }
    }
}