{
    "version": "sch2000",
    "book_name": "Hebrews",
    "book_nr": "58",
    "book": {
        "1": {
            "chapter_nr": "1",
            "chapter": {
                "1": {
                    "verse_nr": "1",
                    "verse": "Gott hat durch seinen Sohn gesprochen - Nachdem Gott in vergangenen Zeiten vielf\u00e4ltig und auf vielerlei Weise zu den V\u00e4tern geredet hat durch die Propheten,"
                },
                "2": {
                    "verse_nr": "2",
                    "verse": "hat er in diesen letzten Tagen zu uns geredet durch den Sohn. Ihn hat er eingesetzt zum Erben von allem, durch ihn hat er auch die Welten geschaffen;"
                },
                "3": {
                    "verse_nr": "3",
                    "verse": "dieser ist die Ausstrahlung seiner Herrlichkeit und der Ausdruck seines Wesens und tr\u00e4gt alle Dinge durch das Wort seiner Kraft; er hat sich, nachdem er die Reinigung von unseren S\u00fcnden durch sich selbst vollbracht hat, zur Rechten der Majest\u00e4t in der H\u00f6he gesetzt."
                },
                "4": {
                    "verse_nr": "4",
                    "verse": "Der Sohn Gottes ist erhabener als die Engel - Und er ist umso viel erhabener geworden als die Engel, als der Name, den er geerbt hat, ihn auszeichnet vor ihnen."
                },
                "5": {
                    "verse_nr": "5",
                    "verse": "Denn zu welchem von den Engeln hat er jemals gesagt: \u00bbDu bist mein Sohn; heute habe ich dich gezeugt\u00ab? Und wiederum: \u00bbIch werde sein Vater sein, und er wird mein Sohn sein\u00ab?"
                },
                "6": {
                    "verse_nr": "6",
                    "verse": "Und wenn er den Erstgeborenen wiederum in die Welt einf\u00fchrt, spricht er: \u00bbUnd alle Engel Gottes sollen ihn anbeten!\u00ab"
                },
                "7": {
                    "verse_nr": "7",
                    "verse": "Von den Engeln zwar sagt er: \u00bbEr macht seine Engel zu Winden und seine Diener zu Feuerflammen\u00ab;"
                },
                "8": {
                    "verse_nr": "8",
                    "verse": "aber von dem Sohn: \u00bbDein Thron, o Gott, w\u00e4hrt von Ewigkeit zu Ewigkeit. Das Zepter deines Reiches ist ein Zepter des Rechts."
                },
                "9": {
                    "verse_nr": "9",
                    "verse": "Du hast Gerechtigkeit geliebt und Gesetzlosigkeit gehasst; darum hat dich, o Gott, dein Gott gesalbt mit Freuden\u00f6l, mehr als deine Gef\u00e4hrten!\u00ab"
                },
                "10": {
                    "verse_nr": "10",
                    "verse": "Und: \u00bbDu, o Herr, hast im Anfang die Erde gegr\u00fcndet, und die Himmel sind das Werk deiner H\u00e4nde."
                },
                "11": {
                    "verse_nr": "11",
                    "verse": "Sie werden vergehen, du aber bleibst; sie alle werden veralten wie ein Kleid,"
                },
                "12": {
                    "verse_nr": "12",
                    "verse": "und wie einen Mantel wirst du sie zusammenrollen, und sie sollen ausgewechselt werden. Du aber bleibst derselbe, und deine Jahre nehmen kein Ende.\u00ab"
                },
                "13": {
                    "verse_nr": "13",
                    "verse": "Zu welchem von den Engeln hat er denn jemals gesagt: \u00bbSetze dich zu meiner Rechten, bis ich deine Feinde hinlege als Schemel f\u00fcr deine F\u00fc\u00dfe\u00ab?"
                },
                "14": {
                    "verse_nr": "14",
                    "verse": "Sind sie nicht alle dienstbare Geister, ausgesandt zum Dienst um derer willen, welche das Heil erben sollen?"
                }
            }
        },
        "2": {
            "chapter_nr": "2",
            "chapter": {
                "1": {
                    "verse_nr": "1",
                    "verse": "Ermahnung, auf die von Gott best\u00e4tigte Heilsverk\u00fcndigung zu h\u00f6ren - Darum sollten wir desto mehr auf das achten, was wir geh\u00f6rt haben, damit wir nicht etwa abgleiten."
                },
                "2": {
                    "verse_nr": "2",
                    "verse": "Denn wenn das durch Engel gesprochene Wort zuverl\u00e4ssig war und jede \u00dcbertretung und jeder Ungehorsam den gerechten Lohn empfing,"
                },
                "3": {
                    "verse_nr": "3",
                    "verse": "wie wollen wir entfliehen, wenn wir eine so gro\u00dfe Errettung missachten? Diese wurde ja zuerst durch den Herrn verk\u00fcndigt und ist uns dann von denen, die ihn geh\u00f6rt haben, best\u00e4tigt worden,"
                },
                "4": {
                    "verse_nr": "4",
                    "verse": "wobei Gott sein Zeugnis dazu gab mit Zeichen und Wundern und mancherlei Kraftwirkungen und Austeilungen des Heiligen Geistes nach seinem Willen."
                },
                "5": {
                    "verse_nr": "5",
                    "verse": "Die freiwillige Erniedrigung Jesu Christi - Denn nicht Engeln hat er die zuk\u00fcnftige Welt, von der wir reden, unterstellt;"
                },
                "6": {
                    "verse_nr": "6",
                    "verse": "sondern an einer Stelle bezeugt jemand ausdr\u00fccklich und spricht: \u00bbWas ist der Mensch, dass du an ihn gedenkst, oder der Sohn des Menschen, dass du auf ihn achtest?"
                },
                "7": {
                    "verse_nr": "7",
                    "verse": "Du hast ihn ein wenig niedriger sein lassen als die Engel; mit Herrlichkeit und Ehre hast du ihn gekr\u00f6nt und hast ihn gesetzt \u00fcber die Werke deiner H\u00e4nde;"
                },
                "8": {
                    "verse_nr": "8",
                    "verse": "alles hast du seinen F\u00fc\u00dfen unterworfen.\u00ab Indem er ihm aber alles unterworfen hat, hat er nichts \u00fcbrig gelassen, das ihm nicht unterworfen w\u00e4re. Jetzt aber sehen wir noch nicht, dass ihm alles unterworfen ist;"
                },
                "9": {
                    "verse_nr": "9",
                    "verse": "wir sehen aber Jesus, der ein wenig niedriger gewesen ist als die Engel wegen des Todesleidens, mit Herrlichkeit und Ehre gekr\u00f6nt; er sollte ja durch Gottes Gnade f\u00fcr alle den Tod schmecken."
                },
                "10": {
                    "verse_nr": "10",
                    "verse": "Denn es war dem angemessen, um dessentwillen alles ist und durch den alles ist, da er viele S\u00f6hne zur Herrlichkeit f\u00fchrte, den Urheber ihres Heils durch Leiden zu vollenden."
                },
                "11": {
                    "verse_nr": "11",
                    "verse": "Denn sowohl der, welcher heiligt, als auch die, welche geheiligt werden, sind alle von einem. Aus diesem Grund sch\u00e4mt er sich auch nicht, sie Br\u00fcder zu nennen,"
                },
                "12": {
                    "verse_nr": "12",
                    "verse": "sondern spricht: \u00bbIch will meinen Br\u00fcdern deinen Namen verk\u00fcndigen; inmitten der Gemeinde will ich dir lobsingen!\u00ab"
                },
                "13": {
                    "verse_nr": "13",
                    "verse": "Und wiederum: \u00bbIch will mein Vertrauen auf ihn setzen\u00ab; und wiederum: \u00bbSiehe, ich und die Kinder, die mir Gott gegeben hat\u00ab."
                },
                "14": {
                    "verse_nr": "14",
                    "verse": "Da nun die Kinder an Fleisch und Blut Anteil haben, ist er gleicherma\u00dfen dessen teilhaftig geworden, damit er durch den Tod den au\u00dfer Wirksamkeit setzte, der die Macht des Todes hatte, n\u00e4mlich den Teufel,"
                },
                "15": {
                    "verse_nr": "15",
                    "verse": "und alle diejenigen befreite, die durch Todesfurcht ihr ganzes Leben hindurch in Knechtschaft gehalten wurden."
                },
                "16": {
                    "verse_nr": "16",
                    "verse": "Denn er nimmt sich ja nicht der Engel an, sondern des Samens Abrahams nimmt er sich an."
                },
                "17": {
                    "verse_nr": "17",
                    "verse": "Daher musste er in jeder Hinsicht den Br\u00fcdern \u00e4hnlich werden, damit er ein barmherziger und treuer Hoherpriester w\u00fcrde in dem, was Gott betrifft, um die S\u00fcnden des Volkes zu s\u00fchnen;"
                },
                "18": {
                    "verse_nr": "18",
                    "verse": "denn worin er selbst gelitten hat, als er versucht wurde, kann er denen helfen, die versucht werden."
                }
            }
        },
        "3": {
            "chapter_nr": "3",
            "chapter": {
                "1": {
                    "verse_nr": "1",
                    "verse": "Christus ist gr\u00f6\u00dfer als Mose - Daher, ihr heiligen Br\u00fcder, die ihr Anteil habt an der himmlischen Berufung, betrachtet den Apostel und Hohenpriester unseres Bekenntnisses, Christus Jesus,"
                },
                "2": {
                    "verse_nr": "2",
                    "verse": "welcher dem treu ist, der ihn eingesetzt hat, wie es auch Mose war in seinem ganzen Haus."
                },
                "3": {
                    "verse_nr": "3",
                    "verse": "Denn dieser ist gr\u00f6\u00dferer Ehre wertgeachtet worden als Mose, wie ja doch der, welcher ein Haus gebaut hat, mehr Ehre hat als das Haus selbst."
                },
                "4": {
                    "verse_nr": "4",
                    "verse": "Denn jedes Haus wird von jemand gebaut; der aber alles gebaut hat, ist Gott."
                },
                "5": {
                    "verse_nr": "5",
                    "verse": "Auch Mose ist treu gewesen als Diener in seinem ganzen Haus, zum Zeugnis dessen, was verk\u00fcndet werden sollte,"
                },
                "6": {
                    "verse_nr": "6",
                    "verse": "Christus aber als Sohn \u00fcber sein eigenes Haus; und sein Haus sind wir, wenn wir die Zuversicht und das R\u00fchmen der Hoffnung bis zum Ende standhaft festhalten."
                },
                "7": {
                    "verse_nr": "7",
                    "verse": "Warnung vor dem Unglauben, der die verhei\u00dfene Ruhe in Christus verfehlt - Darum, wie der Heilige Geist spricht: \u00bbHeute, wenn ihr seine Stimme h\u00f6rt,"
                },
                "8": {
                    "verse_nr": "8",
                    "verse": "so verstockt eure Herzen nicht, wie in der Auflehnung, am Tag der Versuchung in der W\u00fcste,"
                },
                "9": {
                    "verse_nr": "9",
                    "verse": "wo mich eure V\u00e4ter versuchten; sie pr\u00fcften mich und sahen meine Werke 40 Jahre lang."
                },
                "10": {
                    "verse_nr": "10",
                    "verse": "Darum wurde ich zornig \u00fcber jenes Geschlecht und sprach: Immer gehen sie in ihrem Herzen in die Irre, und sie haben meine Wege nicht erkannt,"
                },
                "11": {
                    "verse_nr": "11",
                    "verse": "sodass ich schwor in meinem Zorn: Sie sollen nicht in meine Ruhe eingehen!\u00ab"
                },
                "12": {
                    "verse_nr": "12",
                    "verse": "Habt acht, ihr Br\u00fcder, dass nicht in einem von euch ein b\u00f6ses, ungl\u00e4ubiges Herz sei, das im Begriff ist, von dem lebendigen Gott abzufallen!"
                },
                "13": {
                    "verse_nr": "13",
                    "verse": "Ermahnt einander vielmehr jeden Tag, solange es \u00bbHeute\u00ab hei\u00dft, damit nicht jemand unter euch verstockt wird durch den Betrug der S\u00fcnde!"
                },
                "14": {
                    "verse_nr": "14",
                    "verse": "Denn wir haben Anteil an Christus bekommen, wenn wir die anf\u00e4ngliche Zuversicht bis ans Ende standhaft fest-halten,"
                },
                "15": {
                    "verse_nr": "15",
                    "verse": "solange gesagt wird: \u00bbHeute, wenn ihr seine Stimme h\u00f6rt, so verstockt eure Herzen nicht wie in der Auflehnung\u00ab."
                },
                "16": {
                    "verse_nr": "16",
                    "verse": "Denn einige lehnten sich auf, als sie es h\u00f6rten, aber nicht alle, die durch Mose aus \u00c4gypten ausgezogen waren."
                },
                "17": {
                    "verse_nr": "17",
                    "verse": "\u00dcber wen war er aber 40 Jahre lang zornig? Waren es nicht die, welche ges\u00fcndigt hatten, deren Leiber in der W\u00fcste fielen?"
                },
                "18": {
                    "verse_nr": "18",
                    "verse": "Welchen schwor er aber, dass sie nicht in seine Ruhe eingehen sollten, wenn nicht denen, die sich weigerten zu glauben?"
                },
                "19": {
                    "verse_nr": "19",
                    "verse": "Und wir sehen, dass sie nicht eingehen konnten wegen des Unglaubens."
                }
            }
        },
        "4": {
            "chapter_nr": "4",
            "chapter": {
                "1": {
                    "verse_nr": "1",
                    "verse": "Nur durch den Glauben an das Evangelium kann Israel in die Sabbatruhe eingehen - So lasst uns nun mit Furcht darauf bedacht sein, dass sich nicht etwa bei jemand von euch herausstellt, dass er zur\u00fcckgeblieben ist, w\u00e4hrend doch die Verhei\u00dfung zum Eingang in seine Ruhe noch besteht!"
                },
                "2": {
                    "verse_nr": "2",
                    "verse": "Denn auch uns ist eine Heilsbotschaft verk\u00fcndigt worden, gleichwie jenen; aber das Wort der Verk\u00fcndigung hat jenen nicht geholfen, weil es bei den H\u00f6rern nicht mit dem Glauben verbunden war."
                },
                "3": {
                    "verse_nr": "3",
                    "verse": "Denn wir, die wir gl\u00e4ubig geworden sind, gehen in die Ruhe ein, wie er gesagt hat: \u00bbDass ich schwor in meinem Zorn: Sie sollen nicht in meine Ruhe eingehen\u00ab. Und doch waren die Werke seit Grundlegung der Welt beendigt;"
                },
                "4": {
                    "verse_nr": "4",
                    "verse": "denn er hat an einer Stelle von dem siebten [Tag] so gesprochen: \u00bbUnd Gott ruhte am siebten Tag von allen seinen Werken\u00ab,"
                },
                "5": {
                    "verse_nr": "5",
                    "verse": "und an dieser Stelle wiederum: \u00bbSie sollen nicht in meine Ruhe eingehen!\u00ab"
                },
                "6": {
                    "verse_nr": "6",
                    "verse": "Da nun noch vorbehalten bleibt, dass etliche in sie eingehen sollen, und die, welchen zuerst die Heilsbotschaft verk\u00fcndigt worden ist, wegen ihres Unglaubens nicht eingegangen sind,"
                },
                "7": {
                    "verse_nr": "7",
                    "verse": "so bestimmt er wiederum einen Tag, ein \u00bbHeute\u00ab, indem er nach so langer Zeit durch David sagt, wie es gesagt worden ist: \u00bbHeute, wenn ihr seine Stimme h\u00f6rt, so verstockt eure Herzen nicht!\u00ab"
                },
                "8": {
                    "verse_nr": "8",
                    "verse": "Denn wenn Josua sie zur Ruhe gebracht h\u00e4tte, so w\u00fcrde nicht danach von einem anderen Tag gesprochen."
                },
                "9": {
                    "verse_nr": "9",
                    "verse": "Also bleibt dem Volk Gottes noch eine Sabbatruhe vorbehalten;"
                },
                "10": {
                    "verse_nr": "10",
                    "verse": "denn wer in seine Ruhe eingegangen ist, der ruht auch selbst von seinen Werken, gleichwie Gott von den seinen."
                },
                "11": {
                    "verse_nr": "11",
                    "verse": "So wollen wir denn eifrig bestrebt sein, in jene Ruhe einzugehen, damit nicht jemand als ein gleiches Beispiel des Unglaubens zu Fall kommt."
                },
                "12": {
                    "verse_nr": "12",
                    "verse": "Die Kraft des Wortes Gottes - Denn das Wort Gottes ist lebendig und wirksam und sch\u00e4rfer als jedes zweischneidige Schwert, und es dringt durch, bis es scheidet sowohl Seele als auch Geist, sowohl Mark als auch Bein, und es ist ein Richter der Gedanken und Gesinnungen des Herzens."
                },
                "13": {
                    "verse_nr": "13",
                    "verse": "Und kein Gesch\u00f6pf ist vor ihm verborgen, sondern alles ist enth\u00fcllt und aufgedeckt vor den Augen dessen, dem wir Rechenschaft zu geben haben."
                },
                "14": {
                    "verse_nr": "14",
                    "verse": "Jesus Christus, unser gro\u00dfer Hohepriester - Da wir nun einen gro\u00dfen Hohenpriester haben, der die Himmel durchschritten hat, Jesus, den Sohn Gottes, so lasst uns festhalten an dem Bekenntnis!"
                },
                "15": {
                    "verse_nr": "15",
                    "verse": "Denn wir haben nicht einen Hohenpriester, der kein Mitleid haben k\u00f6nnte mit unseren Schwachheiten, sondern einen, der in allem versucht worden ist in \u00e4hnlicher Weise [wie wir], doch ohne S\u00fcnde."
                },
                "16": {
                    "verse_nr": "16",
                    "verse": "So lasst uns nun mit Freim\u00fctigkeit hinzutreten zum Thron der Gnade, damit wir Barmherzigkeit erlangen und Gnade finden zu rechtzeitiger Hilfe!"
                }
            }
        },
        "5": {
            "chapter_nr": "5",
            "chapter": {
                "1": {
                    "verse_nr": "1",
                    "verse": "Denn jeder aus Menschen genommene Hohepriester wird f\u00fcr Menschen eingesetzt in dem, was Gott betrifft, um sowohl Gaben darzubringen als auch Opfer f\u00fcr die S\u00fcnden."
                },
                "2": {
                    "verse_nr": "2",
                    "verse": "Ein solcher kann Nachsicht \u00fcben mit den Unwissenden und Irrenden, da er auch selbst mit Schwachheit behaftet ist;"
                },
                "3": {
                    "verse_nr": "3",
                    "verse": "und um dieser willen muss er, wie f\u00fcr das Volk, so auch f\u00fcr sich selbst Opfer f\u00fcr die S\u00fcnden darbringen."
                },
                "4": {
                    "verse_nr": "4",
                    "verse": "Und keiner nimmt sich selbst diese Ehre, sondern der [empf\u00e4ngt sie], welcher von Gott berufen wird, gleichwie Aaron."
                },
                "5": {
                    "verse_nr": "5",
                    "verse": "So hat auch der Christus sich nicht selbst die W\u00fcrde beigelegt, ein Hoherpriester zu werden, sondern der, welcher zu ihm sprach: \u00bbDu bist mein Sohn; heute habe ich dich gezeugt\u00ab."
                },
                "6": {
                    "verse_nr": "6",
                    "verse": "Wie er auch an anderer Stelle spricht: \u00bbDu bist Priester in Ewigkeit nach der Weise Melchisedeks\u00ab."
                },
                "7": {
                    "verse_nr": "7",
                    "verse": "Dieser hat in den Tagen seines Fleisches sowohl Bitten als auch Flehen mit lautem Rufen und Tr\u00e4nen dem dargebracht, der ihn aus dem Tod erretten konnte, und ist auch erh\u00f6rt worden um seiner Gottesfurcht willen."
                },
                "8": {
                    "verse_nr": "8",
                    "verse": "Und obwohl er Sohn war, hat er doch an dem, was er litt, den Gehorsam gelernt;"
                },
                "9": {
                    "verse_nr": "9",
                    "verse": "und nachdem er zur Vollendung gelangt ist, ist er allen, die ihm gehorchen, der Urheber ewigen Heils geworden,"
                },
                "10": {
                    "verse_nr": "10",
                    "verse": "von Gott genannt: Hoherpriester nach der Weise Melchisedeks."
                },
                "11": {
                    "verse_nr": "11",
                    "verse": "Geistliche Unreife als Hindernis f\u00fcr tiefere Erkenntnis - \u00dcber ihn haben wir viel zu sagen, und zwar Dinge, die schwer zu erkl\u00e4ren sind, weil ihr tr\u00e4ge geworden seid im H\u00f6ren."
                },
                "12": {
                    "verse_nr": "12",
                    "verse": "Denn obgleich ihr der Zeit nach Lehrer sein solltet, habt ihr es wieder n\u00f6tig, dass man euch lehrt, was die Anfangsgr\u00fcnde der Ausspr\u00fcche Gottes sind; und ihr seid solche geworden, die Milch n\u00f6tig haben und nicht feste Speise."
                },
                "13": {
                    "verse_nr": "13",
                    "verse": "Wer n\u00e4mlich noch Milch genie\u00dft, der ist unerfahren im Wort der Gerechtigkeit; denn er ist ein Unm\u00fcndiger."
                },
                "14": {
                    "verse_nr": "14",
                    "verse": "Die feste Speise aber ist f\u00fcr die Gereiften, deren Sinne durch \u00dcbung geschult sind zur Unterscheidung des Guten und des B\u00f6sen."
                }
            }
        },
        "6": {
            "chapter_nr": "6",
            "chapter": {
                "1": {
                    "verse_nr": "1",
                    "verse": "Ermahnung zum gl\u00e4ubigen Festhalten der Verhei\u00dfungen in Christus - Darum wollen wir die Anfangsgr\u00fcnde des Wortes von Christus lassen und zur vollen Reife \u00fcbergehen, wobei wir nicht nochmals den Grund legen mit der Bu\u00dfe von toten Werken und dem Glauben an Gott,"
                },
                "2": {
                    "verse_nr": "2",
                    "verse": "mit der Lehre von Waschungen, von der Handauflegung, der Totenauferstehung und dem ewigen Gericht."
                },
                "3": {
                    "verse_nr": "3",
                    "verse": "Und das wollen wir tun, wenn Gott es zul\u00e4sst."
                },
                "4": {
                    "verse_nr": "4",
                    "verse": "Denn es ist unm\u00f6glich, die, welche einmal erleuchtet worden sind und die himmlische Gabe geschmeckt haben und Heiligen Geistes teilhaftig geworden sind"
                },
                "5": {
                    "verse_nr": "5",
                    "verse": "und das gute Wort Gottes geschmeckt haben, dazu die Kr\u00e4fte der zuk\u00fcnftigen Weltzeit,"
                },
                "6": {
                    "verse_nr": "6",
                    "verse": "und die dann abgefallen sind, wieder zur Bu\u00dfe zu erneuern, da sie f\u00fcr sich selbst den Sohn Gottes wiederum kreuzigen und zum Gesp\u00f6tt machen!"
                },
                "7": {
                    "verse_nr": "7",
                    "verse": "Denn ein Erdreich, das den Regen trinkt, der sich \u00f6fters dar\u00fcber ergie\u00dft, und n\u00fctzliches Gew\u00e4chs hervorbringt denen, f\u00fcr die es bebaut wird, empf\u00e4ngt Segen von Gott;"
                },
                "8": {
                    "verse_nr": "8",
                    "verse": "dasjenige aber, das Dornen und Disteln tr\u00e4gt, ist untauglich und dem Fluch nahe; es wird am Ende verbrannt."
                },
                "9": {
                    "verse_nr": "9",
                    "verse": "Wir sind aber \u00fcberzeugt, ihr Geliebten, dass euer Zustand besser ist und mit der Errettung verbunden ist, obgleich wir so reden."
                },
                "10": {
                    "verse_nr": "10",
                    "verse": "Denn Gott ist nicht ungerecht, dass er euer Werk und die Bem\u00fchung in der Liebe verg\u00e4\u00dfe, die ihr f\u00fcr seinen Namen bewiesen habt, indem ihr den Heiligen dientet und noch dient."
                },
                "11": {
                    "verse_nr": "11",
                    "verse": "Wir w\u00fcnschen aber, dass jeder von euch denselben Eifer beweise, sodass ihr die Hoffnung mit voller Gewissheit festhaltet bis ans Ende,"
                },
                "12": {
                    "verse_nr": "12",
                    "verse": "damit ihr ja nicht tr\u00e4ge werdet, sondern Nachfolger derer, die durch Glauben und Geduld die Verhei\u00dfungen erben."
                },
                "13": {
                    "verse_nr": "13",
                    "verse": "Denn als Gott dem Abraham die Verhei\u00dfung gab, schwor er, da er bei keinem Gr\u00f6\u00dferen schw\u00f6ren konnte, bei sich selbst"
                },
                "14": {
                    "verse_nr": "14",
                    "verse": "und sprach: \u00bbWahrlich, ich will dich reichlich segnen und m\u00e4chtig mehren!\u00ab"
                },
                "15": {
                    "verse_nr": "15",
                    "verse": "Und da jener auf diese Weise geduldig wartete, erlangte er die Verhei\u00dfung."
                },
                "16": {
                    "verse_nr": "16",
                    "verse": "Denn Menschen schw\u00f6ren ja bei einem Gr\u00f6\u00dferen, und f\u00fcr sie ist der Eid das Ende alles Widerspruchs und dient als B\u00fcrgschaft."
                },
                "17": {
                    "verse_nr": "17",
                    "verse": "Darum hat Gott, als er den Erben der Verhei\u00dfung in noch st\u00e4rkerem Ma\u00dfe beweisen wollte, wie unab\u00e4nderlich sein Ratschluss ist, sich mit einem Eid verb\u00fcrgt,"
                },
                "18": {
                    "verse_nr": "18",
                    "verse": "damit wir durch zwei unab\u00e4nderliche Handlungen, in denen Gott unm\u00f6glich l\u00fcgen konnte, eine starke Ermutigung haben, wir, die wir unsere Zuflucht dazu genommen haben, die dargebotene Hoffnung zu ergreifen."
                },
                "19": {
                    "verse_nr": "19",
                    "verse": "Diese [Hoffnung] halten wir fest als einen sicheren und festen Anker der Seele, der auch hineinreicht ins Innere, hinter den Vorhang,"
                },
                "20": {
                    "verse_nr": "20",
                    "verse": "wohin Jesus als Vorl\u00e4ufer f\u00fcr uns eingegangen ist, der Hoherpriester in Ewigkeit geworden ist nach der Weise Melchisedeks."
                }
            }
        },
        "7": {
            "chapter_nr": "7",
            "chapter": {
                "1": {
                    "verse_nr": "1",
                    "verse": "Melchisedek als Vorbild f\u00fcr das Priestertum Jesu Christi - Denn dieser Melchisedek [war] K\u00f6nig von Salem, ein Priester Gottes, des Allerh\u00f6chsten; er kam Abraham entgegen, als der von der Niederwerfung der K\u00f6nige zur\u00fcckkehrte, und segnete ihn."
                },
                "2": {
                    "verse_nr": "2",
                    "verse": "Ihm gab auch Abraham den Zehnten von allem. Er wird zuerst gedeutet als \u00bbK\u00f6nig der Gerechtigkeit\u00ab, dann aber auch als \u00bbK\u00f6nig von Salem\u00ab, das hei\u00dft K\u00f6nig des Friedens."
                },
                "3": {
                    "verse_nr": "3",
                    "verse": "Er ist ohne Vater, ohne Mutter, ohne Geschlechtsregister und hat weder Anfang der Tage noch Ende des Lebens; und als einer, der dem Sohn Gottes verglichen ist, bleibt er Priester f\u00fcr immer."
                },
                "4": {
                    "verse_nr": "4",
                    "verse": "So seht nun, wie gro\u00df der ist, dem selbst Abraham, der Patriarch, den Zehnten von der Beute gab!"
                },
                "5": {
                    "verse_nr": "5",
                    "verse": "Zwar haben auch diejenigen von den S\u00f6hnen Levis, die das Priestertum empfangen, den Auftrag, vom Volk den Zehnten zu nehmen nach dem Gesetz, also von ihren Br\u00fcdern, obgleich diese aus Abrahams Lenden hervorgegangen sind;"
                },
                "6": {
                    "verse_nr": "6",
                    "verse": "der aber, der sein Geschlecht nicht von ihnen herleitet, hat von Abraham den Zehnten genommen und den gesegnet, der die Verhei\u00dfungen hatte!"
                },
                "7": {
                    "verse_nr": "7",
                    "verse": "Nun ist es aber unwidersprechlich so, dass der Geringere von dem H\u00f6hergestellten gesegnet wird;"
                },
                "8": {
                    "verse_nr": "8",
                    "verse": "und hier nehmen sterbliche Menschen den Zehnten, dort aber einer, von dem bezeugt wird, dass er lebt."
                },
                "9": {
                    "verse_nr": "9",
                    "verse": "Und sozusagen ist durch Abraham auch f\u00fcr Levi, den Empf\u00e4nger des Zehnten, der Zehnte entrichtet worden;"
                },
                "10": {
                    "verse_nr": "10",
                    "verse": "denn er war noch in der Lende seines Vaters, als Melchisedek ihm begegnete."
                },
                "11": {
                    "verse_nr": "11",
                    "verse": "Jesus Christus als der vollkommene Hohepriester setzt das levitische Priestertum und das Gesetz beiseite - Wenn nun durch das levitische Priestertum die Vollkommenheit [gekommen] w\u00e4re \u2014 denn unter diesem hat das Volk das Gesetz empfangen \u2014, wozu w\u00e4re es noch n\u00f6tig, dass ein anderer Priester nach der Weise Melchisedeks auftritt und nicht nach der Weise Aarons benannt wird?"
                },
                "12": {
                    "verse_nr": "12",
                    "verse": "Denn wenn das Priestertum ver\u00e4ndert wird, so muss notwendigerweise auch eine \u00c4nderung des Gesetzes erfolgen."
                },
                "13": {
                    "verse_nr": "13",
                    "verse": "Denn derjenige, von dem diese Dinge gesagt werden, geh\u00f6rt einem anderen Stamm an, von dem keiner am Altar gedient hat;"
                },
                "14": {
                    "verse_nr": "14",
                    "verse": "denn es ist ja bekannt, dass unser Herr aus Juda entsprossen ist; und zu diesem Stamm hat Mose nichts \u00fcber ein Priestertum geredet."
                },
                "15": {
                    "verse_nr": "15",
                    "verse": "Und noch viel klarer liegt die Sache, wenn ein anderer Priester auftritt, von gleicher Art wie Melchisedek,"
                },
                "16": {
                    "verse_nr": "16",
                    "verse": "der es nicht geworden ist aufgrund einer Gesetzesbestimmung, die auf fleischlicher [Abstammung] beruht, sondern aufgrund der Kraft unaufl\u00f6slichen Lebens;"
                },
                "17": {
                    "verse_nr": "17",
                    "verse": "denn er bezeugt: \u00bbDu bist Priester in Ewigkeit nach der Weise Melchisedeks\u00ab."
                },
                "18": {
                    "verse_nr": "18",
                    "verse": "Damit erfolgt n\u00e4mlich eine Aufhebung des vorher g\u00fcltigen Gebotes wegen seiner Kraftlosigkeit und Nutzlosigkeit \u2014"
                },
                "19": {
                    "verse_nr": "19",
                    "verse": "denn das Gesetz hat nichts zur Vollkommenheit gebracht \u2014, zugleich aber die Einf\u00fchrung einer besseren Hoffnung, durch die wir Gott nahen k\u00f6nnen."
                },
                "20": {
                    "verse_nr": "20",
                    "verse": "Und insofern dies nicht ohne Eidschwur geschah \u2014 denn jene sind ohne Eidschwur Priester geworden,"
                },
                "21": {
                    "verse_nr": "21",
                    "verse": "dieser aber mit einem Eid durch den, der zu ihm sprach: \u00bbDer Herr hat geschworen, und es wird ihn nicht gereuen: Du bist Priester in Ewigkeit nach der Weise Melchisedeks\u00ab \u2014,"
                },
                "22": {
                    "verse_nr": "22",
                    "verse": "[insofern] ist Jesus umso mehr der B\u00fcrge eines besseren Bundes geworden."
                },
                "23": {
                    "verse_nr": "23",
                    "verse": "Und jene sind in gro\u00dfer Anzahl Priester geworden, weil der Tod sie am Bleiben hinderte;"
                },
                "24": {
                    "verse_nr": "24",
                    "verse": "er aber hat, weil er in Ewigkeit bleibt, ein un\u00fcbertragbares Priestertum."
                },
                "25": {
                    "verse_nr": "25",
                    "verse": "Daher kann er auch diejenigen vollkommen erretten, die durch ihn zu Gott kommen, weil er f\u00fcr immer lebt, um f\u00fcr sie einzutreten."
                },
                "26": {
                    "verse_nr": "26",
                    "verse": "Denn ein solcher Hoherpriester tat uns not, der heilig, unschuldig, unbefleckt, von den S\u00fcndern abgesondert und h\u00f6her als die Himmel ist,"
                },
                "27": {
                    "verse_nr": "27",
                    "verse": "der es nicht wie die Hohenpriester t\u00e4glich n\u00f6tig hat, zuerst f\u00fcr die eigenen S\u00fcnden Opfer darzubringen, danach f\u00fcr die des Volkes; denn dieses [Letztere] hat er ein f\u00fcr alle Mal getan, indem er sich selbst als Opfer darbrachte."
                },
                "28": {
                    "verse_nr": "28",
                    "verse": "Denn das Gesetz bestimmt Menschen zu Hohenpriestern, die mit Schwachheit behaftet sind; das Wort des Eidschwurs aber, der nach der Einf\u00fchrung des Gesetzes erfolgte, den Sohn, der in Ewigkeit vollkommen ist."
                }
            }
        },
        "8": {
            "chapter_nr": "8",
            "chapter": {
                "1": {
                    "verse_nr": "1",
                    "verse": "Jesus Christus als Hohepriester des wahrhaftigen, himmlischen Heiligtums - Die Hauptsache aber bei dem, was wir sagen, ist: Wir haben einen solchen Hohenpriester, der sich gesetzt hat zur Rechten des Thrones der Majest\u00e4t im Himmel,"
                },
                "2": {
                    "verse_nr": "2",
                    "verse": "einen Diener des Heiligtums und der wahrhaftigen Stiftsh\u00fctte, die der Herr errichtet hat und nicht ein Mensch."
                },
                "3": {
                    "verse_nr": "3",
                    "verse": "Denn jeder Hohepriester wird eingesetzt, um Gaben und Opfer darzubringen; daher muss auch dieser etwas haben, was er darbringen kann."
                },
                "4": {
                    "verse_nr": "4",
                    "verse": "Wenn er sich n\u00e4mlich auf Erden bef\u00e4nde, so w\u00e4re er nicht einmal Priester, weil hier die Priester sind, die nach dem Gesetz die Gaben opfern."
                },
                "5": {
                    "verse_nr": "5",
                    "verse": "Diese dienen einem Abbild und Schatten des Himmlischen, gem\u00e4\u00df der g\u00f6ttlichen Weisung, die Mose erhielt, als er die Stiftsh\u00fctte anfertigen sollte: \u00bbAchte darauf\u00ab, hei\u00dft es n\u00e4mlich, \u00bbdass du alles nach dem Vorbild machst, das dir auf dem Berg gezeigt worden ist!\u00ab"
                },
                "6": {
                    "verse_nr": "6",
                    "verse": "Jesus Christus \u2014 der Mittler eines neuen, besseren Bundes - Nun aber hat er einen umso erhabeneren Dienst erlangt, als er auch der Mittler eines besseren Bundes ist, der aufgrund von besseren Verhei\u00dfungen festgesetzt wurde."
                },
                "7": {
                    "verse_nr": "7",
                    "verse": "Denn wenn jener erste [Bund] tadellos gewesen w\u00e4re, so w\u00e4re nicht Raum f\u00fcr einen zweiten gesucht worden."
                },
                "8": {
                    "verse_nr": "8",
                    "verse": "Denn er tadelt doch, indem er zu ihnen spricht: \u00bbSiehe, es kommen Tage, spricht der Herr, da ich mit dem Haus Israel und mit dem Haus Juda einen neuen Bund schlie\u00dfen werde;"
                },
                "9": {
                    "verse_nr": "9",
                    "verse": "nicht wie der Bund, den ich mit ihren V\u00e4tern gemacht habe an dem Tag, als ich sie bei der Hand nahm, um sie aus dem Land \u00c4gypten zu f\u00fchren \u2014 denn sie sind nicht in meinem Bund geblieben, und ich lie\u00df sie gehen, spricht der Herr \u2014,"
                },
                "10": {
                    "verse_nr": "10",
                    "verse": "sondern das ist der Bund, den ich mit dem Haus Israel schlie\u00dfen werde nach jenen Tagen, spricht der Herr: Ich will ihnen meine Gesetze in den Sinn geben und sie in ihre Herzen schreiben; und ich will ihr Gott sein, und sie sollen mein Volk sein."
                },
                "11": {
                    "verse_nr": "11",
                    "verse": "Und es wird keiner mehr seinen N\u00e4chsten und keiner mehr seinen Bruder lehren und sagen: Erkenne den Herrn! Denn es werden mich alle kennen, vom Kleinsten bis zum Gr\u00f6\u00dften unter ihnen;"
                },
                "12": {
                    "verse_nr": "12",
                    "verse": "denn ich werde gn\u00e4dig sein gegen ihre Ungerechtigkeiten, und an ihre S\u00fcnden und ihre Gesetzlosigkeiten werde ich nicht mehr gedenken.\u00ab"
                },
                "13": {
                    "verse_nr": "13",
                    "verse": "Indem er sagt: \u00bbEinen neuen\u00ab, hat er den ersten [Bund] f\u00fcr veraltet erkl\u00e4rt; was aber veraltet ist und sich \u00fcberlebt hat, das wird bald verschwinden."
                }
            }
        },
        "9": {
            "chapter_nr": "9",
            "chapter": {
                "1": {
                    "verse_nr": "1",
                    "verse": "Der levitische Priester- und Opferdienst ist vorl\u00e4ufig und unvollkommen - Es hatte nun zwar auch der erste [Bund] gottesdienstliche Ordnungen und ein Heiligtum, das von [dieser] Welt war."
                },
                "2": {
                    "verse_nr": "2",
                    "verse": "Denn es war ein Zelt aufgerichtet, das vordere, in dem sich der Leuchter und der Tisch und die Schaubrote befanden; dieses wird das Heilige genannt."
                },
                "3": {
                    "verse_nr": "3",
                    "verse": "Hinter dem zweiten Vorhang aber befand sich das Zelt, welches das Allerheiligste genannt wird;"
                },
                "4": {
                    "verse_nr": "4",
                    "verse": "zu diesem geh\u00f6rt der goldene R\u00e4ucheraltar und die Bundeslade, \u00fcberall mit Gold \u00fcberzogen, und in dieser war der goldene Krug mit dem Manna und der Stab Aarons, der gesprosst hatte, und die Tafeln des Bundes;"
                },
                "5": {
                    "verse_nr": "5",
                    "verse": "oben \u00fcber ihr aber die Cherubim der Herrlichkeit, die den S\u00fchnedeckel \u00fcberschatteten, wor\u00fcber jetzt nicht im Einzelnen geredet werden soll."
                },
                "6": {
                    "verse_nr": "6",
                    "verse": "Da nun dies so eingerichtet ist, betreten zwar die Priester allezeit das vordere Zelt zur Verrichtung des Gottesdienstes;"
                },
                "7": {
                    "verse_nr": "7",
                    "verse": "in das zweite [Zelt] aber geht einmal im Jahr nur der Hohepriester, [und zwar] nicht ohne Blut, das er f\u00fcr sich selbst und f\u00fcr die Verirrungen des Volkes darbringt."
                },
                "8": {
                    "verse_nr": "8",
                    "verse": "Damit zeigt der Heilige Geist deutlich, dass der Weg zum Heiligtum noch nicht offenbar gemacht ist, solange das vordere Zelt Bestand hat."
                },
                "9": {
                    "verse_nr": "9",
                    "verse": "Dieses ist ein Gleichnis f\u00fcr die gegenw\u00e4rtige Zeit, in welcher Gaben und Opfer dargebracht werden, die, was das Gewissen anbelangt, den nicht vollkommen machen k\u00f6nnen, der den Gottesdienst verrichtet,"
                },
                "10": {
                    "verse_nr": "10",
                    "verse": "der nur aus Speisen und Getr\u00e4nken und verschiedenen Waschungen [besteht] und aus Verordnungen f\u00fcr das Fleisch, die bis zu der Zeit auferlegt sind, da eine bessere Ordnung eingef\u00fchrt wird."
                },
                "11": {
                    "verse_nr": "11",
                    "verse": "Das Blut des Hohepriesters Jesus Christus als Grundlage des neuen Bundes und der ewigen Erl\u00f6sung - Als aber der Christus kam als ein Hoherpriester der zuk\u00fcnftigen [Heils-] G\u00fcter, ist er durch das gr\u00f6\u00dfere und vollkommenere Zelt, das nicht mit H\u00e4nden gemacht, das hei\u00dft nicht von dieser Sch\u00f6pfung ist,"
                },
                "12": {
                    "verse_nr": "12",
                    "verse": "auch nicht mit dem Blut von B\u00f6cken und K\u00e4lbern, sondern mit seinem eigenen Blut ein f\u00fcr alle Mal in das Heiligtum eingegangen und hat eine ewige Erl\u00f6sung erlangt."
                },
                "13": {
                    "verse_nr": "13",
                    "verse": "Denn wenn das Blut von Stieren und B\u00f6cken und die Besprengung mit der Asche der jungen Kuh die Verunreinigten heiligt zur Reinheit des Fleisches,"
                },
                "14": {
                    "verse_nr": "14",
                    "verse": "wie viel mehr wird das Blut des Christus, der sich selbst durch den ewigen Geist als ein makelloses Opfer Gott dargebracht hat, euer Gewissen reinigen von toten Werken, damit ihr dem lebendigen Gott dienen k\u00f6nnt."
                },
                "15": {
                    "verse_nr": "15",
                    "verse": "Darum ist er auch der Mittler eines neuen Bundes, damit \u2014 da sein Tod geschehen ist zur Erl\u00f6sung von den unter dem ersten Bund begangenen \u00dcbertretungen \u2014 die Berufenen das verhei\u00dfene ewige Erbe empfangen."
                },
                "16": {
                    "verse_nr": "16",
                    "verse": "Denn wo ein Testament ist, da muss notwendig der Tod dessen eintreten, der das Testament gemacht hat;"
                },
                "17": {
                    "verse_nr": "17",
                    "verse": "denn ein Testament tritt auf den Todesfall hin in Kraft, da es keine G\u00fcltigkeit hat, solange derjenige lebt, der das Testament gemacht hat."
                },
                "18": {
                    "verse_nr": "18",
                    "verse": "Daher wurde auch der erste [Bund] nicht ohne Blut eingeweiht."
                },
                "19": {
                    "verse_nr": "19",
                    "verse": "Denn nachdem jedes einzelne Gebot nach dem Gesetz von Mose dem ganzen Volk verk\u00fcndet worden war, nahm er das Blut der K\u00e4lber und B\u00f6cke mit Wasser und Purpurwolle und Ysop und besprengte sowohl das Buch selbst als auch das ganze Volk,"
                },
                "20": {
                    "verse_nr": "20",
                    "verse": "wobei er sprach: \u00bbDies ist das Blut des Bundes, den Gott mit euch geschlossen hat!\u00ab"
                },
                "21": {
                    "verse_nr": "21",
                    "verse": "Auch das Zelt und alle Ger\u00e4te des Gottesdienstes besprengte er in gleicher Weise mit Blut;"
                },
                "22": {
                    "verse_nr": "22",
                    "verse": "und fast alles wird nach dem Gesetz mit Blut gereinigt, und ohne Blutvergie\u00dfen geschieht keine Vergebung."
                },
                "23": {
                    "verse_nr": "23",
                    "verse": "So ist es also notwendig, dass die Abbilder der im Himmel befindlichen Dinge hierdurch gereinigt werden, die himmlischen Dinge selbst aber durch bessere Opfer als diese."
                },
                "24": {
                    "verse_nr": "24",
                    "verse": "Denn nicht in ein mit H\u00e4nden gemachtes Heiligtum, in eine Nachbildung des wahrhaftigen, ist der Christus eingegangen, sondern in den Himmel selbst, um jetzt f\u00fcr uns vor dem Angesicht Gottes zu erscheinen;"
                },
                "25": {
                    "verse_nr": "25",
                    "verse": "auch nicht, um sich selbst oftmals [als Opfer] darzubringen, so wie der Hohepriester jedes Jahr ins Heiligtum hineingeht mit fremdem Blut,"
                },
                "26": {
                    "verse_nr": "26",
                    "verse": "denn sonst h\u00e4tte er ja oftmals leiden m\u00fcssen von Grundlegung der Welt an. Nun aber ist er einmal offenbar geworden in der Vollendung der Weltzeiten zur Aufhebung der S\u00fcnde durch das Opfer seiner selbst."
                },
                "27": {
                    "verse_nr": "27",
                    "verse": "Und so gewiss es den Menschen bestimmt ist, einmal zu sterben, danach aber das Gericht,"
                },
                "28": {
                    "verse_nr": "28",
                    "verse": "so wird der Christus, nachdem er sich einmal zum Opfer dargebracht hat, um die S\u00fcnden vieler auf sich zu nehmen, zum zweiten Mal denen erscheinen, die auf ihn warten, nicht wegen der S\u00fcnde, sondern zum Heil."
                }
            }
        },
        "10": {
            "chapter_nr": "10",
            "chapter": {
                "1": {
                    "verse_nr": "1",
                    "verse": "Das einmalige, vollkommene S\u00fchnopfer Jesu Christi bewirkt ein vollkommenes Heil - Denn weil das Gesetz nur einen Schatten der zuk\u00fcnftigen [Heils-] G\u00fcter hat, nicht die Gestalt der Dinge selbst, so kann es auch mit den gleichen allj\u00e4hrlichen Opfern, die man immer wieder darbringt, die Hinzutretenden niemals zur Vollendung bringen."
                },
                "2": {
                    "verse_nr": "2",
                    "verse": "H\u00e4tte man sonst nicht aufgeh\u00f6rt, Opfer darzubringen, wenn die, welche den Gottesdienst verrichten, einmal gereinigt, kein Bewusstsein von S\u00fcnden mehr gehabt h\u00e4tten?"
                },
                "3": {
                    "verse_nr": "3",
                    "verse": "Stattdessen geschieht durch diese [Opfer] alle Jahre eine Erinnerung an die S\u00fcnden."
                },
                "4": {
                    "verse_nr": "4",
                    "verse": "Denn unm\u00f6glich kann das Blut von Stieren und B\u00f6cken S\u00fcnden hinwegnehmen!"
                },
                "5": {
                    "verse_nr": "5",
                    "verse": "Darum spricht er bei seinem Eintritt in die Welt: \u00bbOpfer und Gaben hast du nicht gewollt; einen Leib aber hast du mir bereitet."
                },
                "6": {
                    "verse_nr": "6",
                    "verse": "An Brandopfern und S\u00fcndopfern hast du kein Wohlgefallen."
                },
                "7": {
                    "verse_nr": "7",
                    "verse": "Da sprach ich: Siehe, ich komme \u2014 in der Buchrolle steht von mir geschrieben \u2014, um deinen Willen, o Gott, zu tun!\u00ab"
                },
                "8": {
                    "verse_nr": "8",
                    "verse": "Oben sagt er: \u00bbOpfer und Gaben, Brandopfer und S\u00fcndopfer hast du nicht gewollt, du hast auch kein Wohlgefallen an ihnen\u00ab \u2014 die ja nach dem Gesetz dargebracht werden \u2014,"
                },
                "9": {
                    "verse_nr": "9",
                    "verse": "dann f\u00e4hrt er fort: \u00bbSiehe, ich komme, um deinen Willen, o Gott, zu tun\u00ab. [Somit] hebt er das Erste auf, um das Zweite einzusetzen."
                },
                "10": {
                    "verse_nr": "10",
                    "verse": "Aufgrund dieses Willens sind wir geheiligt durch die Opferung des Leibes Jesu Christi, [und zwar] ein f\u00fcr alle Mal."
                },
                "11": {
                    "verse_nr": "11",
                    "verse": "Und jeder Priester steht da und verrichtet t\u00e4glich den Gottesdienst und bringt oftmals dieselben Opfer dar, die doch niemals S\u00fcnden hinwegnehmen k\u00f6nnen;"
                },
                "12": {
                    "verse_nr": "12",
                    "verse": "Er aber hat sich, nachdem er ein einziges Opfer f\u00fcr die S\u00fcnden dargebracht hat, das f\u00fcr immer gilt, zur Rechten Gottes gesetzt,"
                },
                "13": {
                    "verse_nr": "13",
                    "verse": "und er wartet hinfort, bis seine Feinde als Schemel f\u00fcr seine F\u00fc\u00dfe hingelegt werden."
                },
                "14": {
                    "verse_nr": "14",
                    "verse": "Denn mit einem einzigen Opfer hat er die f\u00fcr immer vollendet, welche geheiligt werden."
                },
                "15": {
                    "verse_nr": "15",
                    "verse": "Das bezeugt uns aber auch der Heilige Geist; denn nachdem zuvor gesagt worden ist:"
                },
                "16": {
                    "verse_nr": "16",
                    "verse": "\u00bbDas ist der Bund, den ich mit ihnen schlie\u00dfen will nach diesen Tagen, spricht der Herr: Ich will meine Gesetze in ihre Herzen geben und sie in ihre Sinne schreiben\u00ab,"
                },
                "17": {
                    "verse_nr": "17",
                    "verse": "sagt er auch: \u00bbAn ihre S\u00fcnden und ihre Gesetzlosigkeiten will ich nicht mehr gedenken.\u00ab"
                },
                "18": {
                    "verse_nr": "18",
                    "verse": "Wo aber Vergebung f\u00fcr diese ist, da gibt es kein Opfer mehr f\u00fcr S\u00fcnde."
                },
                "19": {
                    "verse_nr": "19",
                    "verse": "Ermunterung zum freim\u00fctigen Eintreten ins Heiligtum und zum gl\u00e4ubigen Festhalten am Bekenntnis - Da wir nun, ihr Br\u00fcder, kraft des Blutes Jesu Freim\u00fctigkeit haben zum Eingang in das Heiligtum,"
                },
                "20": {
                    "verse_nr": "20",
                    "verse": "den er uns eingeweiht hat als neuen und lebendigen Weg durch den Vorhang hindurch, das hei\u00dft, durch sein Fleisch,"
                },
                "21": {
                    "verse_nr": "21",
                    "verse": "und da wir einen gro\u00dfen Priester \u00fcber das Haus Gottes haben,"
                },
                "22": {
                    "verse_nr": "22",
                    "verse": "so lasst uns hinzutreten mit wahrhaftigem Herzen, in v\u00f6lliger Gewissheit des Glaubens, durch Besprengung der Herzen los vom b\u00f6sen Gewissen und am Leib gewaschen mit reinem Wasser."
                },
                "23": {
                    "verse_nr": "23",
                    "verse": "Lasst uns festhalten am Bekenntnis der Hoffnung, ohne zu wanken \u2014 denn er ist treu, der die Verhei\u00dfung gegeben hat \u2014,"
                },
                "24": {
                    "verse_nr": "24",
                    "verse": "und lasst uns aufeinander achtgeben, damit wir uns gegenseitig anspornen zur Liebe und zu guten Werken,"
                },
                "25": {
                    "verse_nr": "25",
                    "verse": "indem wir unsere eigene Versammlung nicht verlassen, wie es einige zu tun pflegen, sondern einander ermahnen, und das umso mehr, als ihr den Tag herannahen seht!"
                },
                "26": {
                    "verse_nr": "26",
                    "verse": "Denn wenn wir mutwillig s\u00fcndigen, nachdem wir die Erkenntnis der Wahrheit empfangen haben, so bleibt f\u00fcr die S\u00fcnden kein Opfer mehr \u00fcbrig,"
                },
                "27": {
                    "verse_nr": "27",
                    "verse": "sondern nur ein schreckliches Erwarten des Gerichts und ein Zorneseifer des Feuers, der die Widerspenstigen verzehren wird."
                },
                "28": {
                    "verse_nr": "28",
                    "verse": "Wenn jemand das Gesetz Moses verwirft, muss er ohne Erbarmen sterben auf die Aussage von zwei oder drei Zeugen hin;"
                },
                "29": {
                    "verse_nr": "29",
                    "verse": "wie viel schlimmerer Strafe, meint ihr, wird derjenige schuldig erachtet werden, der den Sohn Gottes mit F\u00fc\u00dfen getreten und das Blut des Bundes, durch das er geheiligt wurde, f\u00fcr gemein geachtet und den Geist der Gnade geschm\u00e4ht hat?"
                },
                "30": {
                    "verse_nr": "30",
                    "verse": "Denn wir kennen ja den, der sagt: \u00bbDie Rache ist mein; ich will vergelten!, spricht der Herr\u00ab, und weiter: \u00bbDer Herr wird sein Volk richten\u00ab."
                },
                "31": {
                    "verse_nr": "31",
                    "verse": "Es ist schrecklich, in die H\u00e4nde des lebendigen Gottes zu fallen!"
                },
                "32": {
                    "verse_nr": "32",
                    "verse": "Erinnert euch aber an die fr\u00fcheren Tage, in denen ihr, nachdem ihr erleuchtet wurdet, viel Kampf erduldet habt, der mit Leiden verbunden war,"
                },
                "33": {
                    "verse_nr": "33",
                    "verse": "da ihr teils selbst Schm\u00e4hungen und Bedr\u00e4ngnissen \u00f6ffentlich preisgegeben wart, teils mit denen Gemeinschaft hattet, die so behandelt wurden."
                },
                "34": {
                    "verse_nr": "34",
                    "verse": "Denn ihr hattet Mitleid mit mir in meinen Ketten bewiesen und den Raub eurer G\u00fcter mit Freuden hingenommen, weil ihr in euch selbst gewiss seid, dass ihr ein besseres und bleibendes Gut in den Himmeln besitzt."
                },
                "35": {
                    "verse_nr": "35",
                    "verse": "So werft nun eure Zuversicht nicht weg, die eine gro\u00dfe Belohnung hat!"
                },
                "36": {
                    "verse_nr": "36",
                    "verse": "Denn standhaftes Ausharren tut euch not, damit ihr, nachdem ihr den Willen Gottes getan habt, die Verhei\u00dfung erlangt."
                },
                "37": {
                    "verse_nr": "37",
                    "verse": "Denn noch eine kleine, ganz kleine Weile, dann wird der kommen, der kommen soll, und wird nicht auf sich warten lassen."
                },
                "38": {
                    "verse_nr": "38",
                    "verse": "\u00bbDer Gerechte aber wird aus Glauben leben\u00ab; doch: \u00bbWenn er feige zur\u00fcckweicht, so wird meine Seele kein Wohlgefallen an ihm haben\u00ab."
                },
                "39": {
                    "verse_nr": "39",
                    "verse": "Wir aber geh\u00f6ren nicht zu denen, die feige zur\u00fcckweichen zum Verderben, sondern zu denen, die glauben zur Errettung der Seele."
                }
            }
        },
        "11": {
            "chapter_nr": "11",
            "chapter": {
                "1": {
                    "verse_nr": "1",
                    "verse": "Das Wesen des Glaubens und die Glaubenszeugen des alten Bundes - Es ist aber der Glaube eine feste Zuversicht auf das, was man hofft, eine \u00dcberzeugung von Tatsachen, die man nicht sieht."
                },
                "2": {
                    "verse_nr": "2",
                    "verse": "Durch diesen haben die Alten ein gutes Zeugnis erhalten."
                },
                "3": {
                    "verse_nr": "3",
                    "verse": "Durch Glauben verstehen wir, dass die Welten durch Gottes Wort bereitet worden sind, sodass die Dinge, die man sieht, nicht aus Sichtbarem entstanden sind."
                },
                "4": {
                    "verse_nr": "4",
                    "verse": "Abel, Henoch und Noah - Durch Glauben brachte Abel Gott ein besseres Opfer dar als Kain; durch ihn erhielt er das Zeugnis, dass er gerecht sei, indem Gott \u00fcber seine Gaben Zeugnis ablegte, und durch ihn redet er noch, obwohl er gestorben ist."
                },
                "5": {
                    "verse_nr": "5",
                    "verse": "Durch Glauben wurde Henoch entr\u00fcckt, sodass er den Tod nicht sah, und er wurde nicht mehr gefunden, weil Gott ihn entr\u00fcckt hatte; denn vor seiner Entr\u00fcckung wurde ihm das Zeugnis gegeben, dass er Gott wohlgefallen hatte."
                },
                "6": {
                    "verse_nr": "6",
                    "verse": "Ohne Glauben aber ist es unm\u00f6glich, ihm wohlzugefallen; denn wer zu Gott kommt, muss glauben, dass er ist und dass er die belohnen wird, welche ihn suchen."
                },
                "7": {
                    "verse_nr": "7",
                    "verse": "Durch Glauben baute Noah, als er eine g\u00f6ttliche Weisung empfangen hatte \u00fcber die Dinge, die man noch nicht sah, von Gottesfurcht bewegt eine Arche zur Rettung seines Hauses; durch ihn verurteilte er die Welt und wurde ein Erbe der Gerechtigkeit aufgrund des Glaubens."
                },
                "8": {
                    "verse_nr": "8",
                    "verse": "Der Glaubensweg Abrahams - Durch Glauben gehorchte Abraham, als er berufen wurde, nach dem Ort auszuziehen, den er als Erbteil empfangen sollte; und er zog aus, ohne zu wissen, wohin er kommen werde."
                },
                "9": {
                    "verse_nr": "9",
                    "verse": "Durch Glauben hielt er sich in dem Land der Verhei\u00dfung auf wie in einem fremden, und wohnte in Zelten mit Isaak und Jakob, den Miterben derselben Verhei\u00dfung;"
                },
                "10": {
                    "verse_nr": "10",
                    "verse": "denn er wartete auf die Stadt, welche die Grundfesten hat, deren Baumeister und Sch\u00f6pfer Gott ist."
                },
                "11": {
                    "verse_nr": "11",
                    "verse": "Durch Glauben erhielt auch Sarah selbst die Kraft, schwanger zu werden, und sie gebar, obwohl sie \u00fcber das geeignete Alter hinaus war, weil sie den f\u00fcr treu achtete, der es verhei\u00dfen hatte."
                },
                "12": {
                    "verse_nr": "12",
                    "verse": "Darum sind auch von einem Einzigen, der doch erstorben war, Nachkommen hervorgebracht worden, so zahlreich wie die Sterne des Himmels und wie der Sand am Ufer des Meeres, der nicht zu z\u00e4hlen ist."
                },
                "13": {
                    "verse_nr": "13",
                    "verse": "Die Glaubenden sind Fremdlinge auf Erden - Diese alle sind im Glauben gestorben, ohne das Verhei\u00dfene empfangen zu haben, sondern sie haben es nur von ferne gesehen und waren davon \u00fcberzeugt, und haben es willkommen gehei\u00dfen und bekannt, dass sie G\u00e4ste ohne B\u00fcrgerrecht und Fremdlinge sind auf Erden;"
                },
                "14": {
                    "verse_nr": "14",
                    "verse": "denn die solches sagen, geben damit zu erkennen, dass sie ein Vaterland suchen."
                },
                "15": {
                    "verse_nr": "15",
                    "verse": "Und h\u00e4tten sie dabei jenes im Sinn gehabt, von dem sie ausgegangen waren, so h\u00e4tten sie ja Gelegenheit gehabt, zur\u00fcckzukehren;"
                },
                "16": {
                    "verse_nr": "16",
                    "verse": "nun aber trachten sie nach einem besseren, n\u00e4mlich einem himmlischen. Darum sch\u00e4mt sich Gott ihrer nicht, ihr Gott genannt zu werden; denn er hat ihnen eine Stadt bereitet."
                },
                "17": {
                    "verse_nr": "17",
                    "verse": "Der Glaube von Abraham, Isaak, Jakob und Joseph - Durch Glauben brachte Abraham den Isaak dar, als er gepr\u00fcft wurde, und opferte den Eingeborenen, er, der die Verhei\u00dfungen empfangen hatte,"
                },
                "18": {
                    "verse_nr": "18",
                    "verse": "zu dem gesagt worden war: \u00bbIn Isaak soll dir ein Same berufen werden\u00ab."
                },
                "19": {
                    "verse_nr": "19",
                    "verse": "Er z\u00e4hlte darauf, dass Gott imstande ist, auch aus den Toten aufzuerwecken, weshalb er ihn auch als ein Gleichnis wieder erhielt."
                },
                "20": {
                    "verse_nr": "20",
                    "verse": "Durch Glauben segnete Isaak den Jakob und den Esau im Hinblick auf zuk\u00fcnftige Dinge."
                },
                "21": {
                    "verse_nr": "21",
                    "verse": "Durch Glauben segnete Jakob, als er im Sterben lag, jeden der S\u00f6hne Josephs und betete an, auf seinen Stab gest\u00fctzt."
                },
                "22": {
                    "verse_nr": "22",
                    "verse": "Durch Glauben gedachte Joseph bei seinem Ende an den Auszug der S\u00f6hne Israels und traf Anordnungen wegen seiner Gebeine."
                },
                "23": {
                    "verse_nr": "23",
                    "verse": "Der Glaubensweg des Mose - Durch Glauben wurde Mose nach seiner Geburt von seinen Eltern drei Monate lang verborgen gehalten, weil sie sahen, dass er ein sch\u00f6nes Kind war; und sie f\u00fcrchteten das Gebot des K\u00f6nigs nicht."
                },
                "24": {
                    "verse_nr": "24",
                    "verse": "Durch Glauben weigerte sich Mose, als er gro\u00df geworden war, ein Sohn der Tochter des Pharao zu hei\u00dfen."
                },
                "25": {
                    "verse_nr": "25",
                    "verse": "Er zog es vor, mit dem Volk Gottes Bedr\u00e4ngnis zu erleiden, anstatt den verg\u00e4nglichen Genuss der S\u00fcnde zu haben,"
                },
                "26": {
                    "verse_nr": "26",
                    "verse": "da er die Schmach des Christus f\u00fcr gr\u00f6\u00dferen Reichtum hielt als die Sch\u00e4tze, die in \u00c4gypten waren; denn er sah die Belohnung an."
                },
                "27": {
                    "verse_nr": "27",
                    "verse": "Durch Glauben verlie\u00df er \u00c4gypten, ohne die Wut des K\u00f6nigs zu f\u00fcrchten; denn er hielt sich an den Unsichtbaren, als s\u00e4he er ihn."
                },
                "28": {
                    "verse_nr": "28",
                    "verse": "Durch Glauben hat er das Passah durchgef\u00fchrt und das Besprengen mit Blut, damit der Verderber ihre Erstgeborenen nicht antaste."
                },
                "29": {
                    "verse_nr": "29",
                    "verse": "Durch Glauben gingen sie durch das Rote Meer wie durch das Trockene, w\u00e4hrend die \u00c4gypter ertranken, als sie das versuchten."
                },
                "30": {
                    "verse_nr": "30",
                    "verse": "Durch Glauben fielen die Mauern von Jericho, nachdem sie sieben Tage umzogen worden waren."
                },
                "31": {
                    "verse_nr": "31",
                    "verse": "Durch Glauben ging Rahab, die Hure, nicht verloren mit den Ungl\u00e4ubigen, weil sie die Kundschafter mit Frieden aufgenommen hatte."
                },
                "32": {
                    "verse_nr": "32",
                    "verse": "Die gl\u00e4ubigen Israeliten - Und was soll ich noch sagen? Die Zeit w\u00fcrde mir ja fehlen, wenn ich erz\u00e4hlen wollte von Gideon und Barak und Simson und Jephta und David und Samuel und den Propheten,"
                },
                "33": {
                    "verse_nr": "33",
                    "verse": "die durch Glauben K\u00f6nigreiche bezwangen, Gerechtigkeit wirkten, Verhei\u00dfungen erlangten, die Rachen der L\u00f6wen verstopften;"
                },
                "34": {
                    "verse_nr": "34",
                    "verse": "sie haben die Gewalt des Feuers ausgel\u00f6scht, sind der Sch\u00e4rfe des Schwertes entkommen, sie sind aus Schwachheit zu Kraft gekommen, sind stark geworden im Kampf, haben die Heere der Fremden in die Flucht gejagt."
                },
                "35": {
                    "verse_nr": "35",
                    "verse": "Frauen erhielten ihre Toten durch Auferstehung wieder; andere aber lie\u00dfen sich martern und nahmen die Befreiung nicht an, um eine bessere Auferstehung zu erlangen;"
                },
                "36": {
                    "verse_nr": "36",
                    "verse": "und andere erfuhren Spott und Gei\u00dfelung, dazu Ketten und Gef\u00e4ngnis;"
                },
                "37": {
                    "verse_nr": "37",
                    "verse": "sie wurden gesteinigt, zers\u00e4gt, versucht, sie erlitten den Tod durchs Schwert, sie zogen umher in Schafspelzen und Ziegenfellen, erlitten Mangel, Bedr\u00fcckung, Misshandlung;"
                },
                "38": {
                    "verse_nr": "38",
                    "verse": "sie, deren die Welt nicht wert war, irrten umher in W\u00fcsten und Gebirgen, in H\u00f6hlen und L\u00f6chern der Erde."
                },
                "39": {
                    "verse_nr": "39",
                    "verse": "Und diese alle, obgleich sie durch den Glauben ein gutes Zeugnis empfingen, haben das Verhei\u00dfene nicht erlangt,"
                },
                "40": {
                    "verse_nr": "40",
                    "verse": "weil Gott f\u00fcr uns etwas Besseres vorgesehen hat, damit sie nicht ohne uns vollendet w\u00fcrden."
                }
            }
        },
        "12": {
            "chapter_nr": "12",
            "chapter": {
                "1": {
                    "verse_nr": "1",
                    "verse": "Ermunterung zum Glaubenswandel im Aufblick auf Jesus Christus - Da wir nun eine solche Wolke von Zeugen um uns haben, so lasst uns jede Last ablegen und die S\u00fcnde, die uns so leicht umstrickt, und lasst uns mit Ausdauer laufen in dem Kampf, der vor uns liegt,"
                },
                "2": {
                    "verse_nr": "2",
                    "verse": "indem wir hinschauen auf Jesus, den Anf\u00e4nger und Vollender des Glaubens, der um der vor ihm liegenden Freude willen das Kreuz erduldete und dabei die Schande f\u00fcr nichts achtete, und der sich zur Rechten des Thrones Gottes gesetzt hat."
                },
                "3": {
                    "verse_nr": "3",
                    "verse": "Achtet doch auf ihn, der solchen Widerspruch von den S\u00fcndern gegen sich erduldet hat, damit ihr nicht m\u00fcde werdet und den Mut verliert!"
                },
                "4": {
                    "verse_nr": "4",
                    "verse": "Gottes Z\u00fcchtigungen dienen denen zum Besten, die echte S\u00f6hne in Christus sind - Ihr habt noch nicht bis aufs Blut widerstanden im Kampf gegen die S\u00fcnde"
                },
                "5": {
                    "verse_nr": "5",
                    "verse": "und habt das Trostwort vergessen, das zu euch als zu S\u00f6hnen spricht: \u00bbMein Sohn, achte nicht gering die Z\u00fcchtigung des Herrn und verzage nicht, wenn du von ihm zurechtgewiesen wirst!"
                },
                "6": {
                    "verse_nr": "6",
                    "verse": "Denn wen der Herr lieb hat, den z\u00fcchtigt er, und er schl\u00e4gt jeden Sohn, den er annimmt.\u00ab"
                },
                "7": {
                    "verse_nr": "7",
                    "verse": "Wenn ihr Z\u00fcchtigung erduldet, so behandelt euch Gott ja als S\u00f6hne; denn wo ist ein Sohn, den der Vater nicht z\u00fcchtigt?"
                },
                "8": {
                    "verse_nr": "8",
                    "verse": "Wenn ihr aber ohne Z\u00fcchtigung seid, an der sie alle Anteil bekommen haben, so seid ihr ja unecht und keine S\u00f6hne!"
                },
                "9": {
                    "verse_nr": "9",
                    "verse": "Zudem hatten wir ja unsere leiblichen V\u00e4ter als Erzieher und scheuten uns vor ihnen; sollten wir uns da nicht vielmehr dem Vater der Geister unterwerfen und leben?"
                },
                "10": {
                    "verse_nr": "10",
                    "verse": "Denn jene haben uns f\u00fcr wenige Tage gez\u00fcchtigt, so wie es ihnen richtig erschien; er aber zu unserem Besten, damit wir seiner Heiligkeit teilhaftig werden."
                },
                "11": {
                    "verse_nr": "11",
                    "verse": "Alle Z\u00fcchtigung aber scheint uns f\u00fcr den Augenblick nicht zur Freude, sondern zur Traurigkeit zu dienen; danach aber gibt sie eine friedsame Frucht der Gerechtigkeit denen, die durch sie ge\u00fcbt sind."
                },
                "12": {
                    "verse_nr": "12",
                    "verse": "Ermahnung zur Heiligung. Warnung davor, Jesus Christus abzuweisen - Darum \u00bbrichtet wieder auf die schlaff gewordenen H\u00e4nde und die erlahmten Knie\u00ab,"
                },
                "13": {
                    "verse_nr": "13",
                    "verse": "und \u00bbmacht gerade Bahnen f\u00fcr eure F\u00fc\u00dfe\u00ab, damit das Lahme nicht vom Weg abkommt, sondern vielmehr geheilt wird!"
                },
                "14": {
                    "verse_nr": "14",
                    "verse": "Jagt nach dem Frieden mit jedermann und der Heiligung, ohne die niemand den Herrn sehen wird!"
                },
                "15": {
                    "verse_nr": "15",
                    "verse": "Und achtet darauf, dass nicht jemand die Gnade Gottes vers\u00e4umt, dass nicht etwa eine bittere Wurzel aufw\u00e4chst und Unheil anrichtet und viele durch diese befleckt werden,"
                },
                "16": {
                    "verse_nr": "16",
                    "verse": "dass nicht jemand ein Unz\u00fcchtiger oder ein gottloser Mensch sei wie Esau, der um einer Speise willen sein Erstgeburtsrecht verkaufte."
                },
                "17": {
                    "verse_nr": "17",
                    "verse": "Denn ihr wisst, dass er nachher verworfen wurde, als er den Segen erben wollte, denn obgleich er ihn unter Tr\u00e4nen suchte, fand er keinen Raum zur Bu\u00dfe."
                },
                "18": {
                    "verse_nr": "18",
                    "verse": "Denn ihr seid nicht zu dem Berg gekommen, den man anr\u00fchren konnte, und zu dem gl\u00fchenden Feuer, noch zu dem Dunkel, der Finsternis und dem Gewittersturm,"
                },
                "19": {
                    "verse_nr": "19",
                    "verse": "noch zu dem Klang der Posaune und dem Donnerschall der Worte, bei dem die Zuh\u00f6rer baten, dass das Wort nicht weiter zu ihnen geredet werde"
                },
                "20": {
                    "verse_nr": "20",
                    "verse": "\u2014 denn sie ertrugen nicht, was befohlen war: \u00bbUnd wenn ein Tier den Berg ber\u00fchrt, soll es gesteinigt oder mit einem Pfeil erschossen werden!\u00ab"
                },
                "21": {
                    "verse_nr": "21",
                    "verse": "Und so schrecklich war die Erscheinung, dass Mose sprach: \u00bbIch bin erschrocken und zittere!\u00ab \u2014,"
                },
                "22": {
                    "verse_nr": "22",
                    "verse": "sondern ihr seid gekommen zu dem Berg Zion und zu der Stadt des lebendigen Gottes, dem himmlischen Jerusalem, und zu Zehntausenden von Engeln,"
                },
                "23": {
                    "verse_nr": "23",
                    "verse": "zu der Festversammlung und zu der Gemeinde der Erstgeborenen, die im Himmel angeschrieben sind, und zu Gott, dem Richter \u00fcber alle, und zu den Geistern der vollendeten Gerechten,"
                },
                "24": {
                    "verse_nr": "24",
                    "verse": "und zu Jesus, dem Mittler des neuen Bundes, und zu dem Blut der Besprengung, das Besseres redet als [das Blut] Abels."
                },
                "25": {
                    "verse_nr": "25",
                    "verse": "Habt acht, dass ihr den nicht abweist, der redet! Denn wenn jene nicht entflohen sind, die den abgewiesen haben, der auf der Erde g\u00f6ttliche Weisungen verk\u00fcndete, wie viel weniger wir, wenn wir uns von dem abwenden, der es vom Himmel herab tut!"
                },
                "26": {
                    "verse_nr": "26",
                    "verse": "Seine Stimme ersch\u00fctterte damals die Erde; jetzt aber hat er eine Verhei\u00dfung gegeben, indem er spricht: \u00bbNoch einmal ersch\u00fcttere ich nicht allein die Erde, sondern auch den Himmel!\u00ab"
                },
                "27": {
                    "verse_nr": "27",
                    "verse": "Dieses \u00bbNoch einmal\u00ab deutet aber hin auf die Beseitigung der Dinge, die ersch\u00fcttert werden, als solche, die erschaffen worden sind, damit die Dinge bleiben, die nicht ersch\u00fcttert werden k\u00f6nnen."
                },
                "28": {
                    "verse_nr": "28",
                    "verse": "Darum, weil wir ein unersch\u00fctterliches Reich empfangen, lasst uns die Gnade festhalten, durch die wir Gott auf wohlgef\u00e4llige Weise dienen k\u00f6nnen mit Scheu und Ehrfurcht!"
                },
                "29": {
                    "verse_nr": "29",
                    "verse": "Denn unser Gott ist ein verzehrendes Feuer."
                }
            }
        },
        "13": {
            "chapter_nr": "13",
            "chapter": {
                "1": {
                    "verse_nr": "1",
                    "verse": "Verschiedene Weisungen und Ermahnungen zum Wandel der Gl\u00e4ubigen - Bleibt fest in der br\u00fcderlichen Liebe!"
                },
                "2": {
                    "verse_nr": "2",
                    "verse": "Vernachl\u00e4ssigt nicht die Gastfreundschaft; denn durch sie haben etliche ohne ihr Wissen Engel beherbergt."
                },
                "3": {
                    "verse_nr": "3",
                    "verse": "Gedenkt an die Gefangenen, als w\u00e4rt ihr Mitgefangene, und derer, die misshandelt werden, als solche, die selbst auch noch im Leib leben."
                },
                "4": {
                    "verse_nr": "4",
                    "verse": "Die Ehe soll von allen in Ehren gehalten werden und das Ehebett unbefleckt; die Unz\u00fcchtigen und Ehebrecher aber wird Gott richten!"
                },
                "5": {
                    "verse_nr": "5",
                    "verse": "Euer Lebenswandel sei frei von Geldliebe! Begn\u00fcgt euch mit dem, was vorhanden ist; denn er selbst hat gesagt: \u00bbIch will dich nicht aufgeben und dich niemals verlassen!\u00ab"
                },
                "6": {
                    "verse_nr": "6",
                    "verse": "So k\u00f6nnen wir nun zuversichtlich sagen: \u00bbDer Herr ist mein Helfer, und deshalb f\u00fcrchte ich mich nicht vor dem, was ein Mensch mir antun k\u00f6nnte.\u00ab"
                },
                "7": {
                    "verse_nr": "7",
                    "verse": "Gedenkt an eure F\u00fchrer, die euch das Wort Gottes gesagt haben; schaut das Ende ihres Wandels an und ahmt ihren Glauben nach!"
                },
                "8": {
                    "verse_nr": "8",
                    "verse": "Jesus Christus ist derselbe gestern und heute und auch in Ewigkeit!"
                },
                "9": {
                    "verse_nr": "9",
                    "verse": "Lasst euch nicht von vielf\u00e4ltigen und fremden Lehren umhertreiben; denn es ist gut, dass das Herz fest wird, was durch Gnade geschieht, nicht durch Speisen, von denen die keinen Nutzen hatten, die mit ihnen umgingen."
                },
                "10": {
                    "verse_nr": "10",
                    "verse": "Wir haben einen Opferaltar, von dem diejenigen nicht essen d\u00fcrfen, die der Stiftsh\u00fctte dienen."
                },
                "11": {
                    "verse_nr": "11",
                    "verse": "Denn die Leiber der Tiere, deren Blut f\u00fcr die S\u00fcnde durch den Hohenpriester in das Heiligtum getragen wird, werden au\u00dferhalb des Lagers verbrannt."
                },
                "12": {
                    "verse_nr": "12",
                    "verse": "Darum hat auch Jesus, um das Volk durch sein eigenes Blut zu heiligen, au\u00dferhalb des Tores gelitten."
                },
                "13": {
                    "verse_nr": "13",
                    "verse": "So lasst uns nun zu ihm hinausgehen, au\u00dferhalb des Lagers, und seine Schmach tragen!"
                },
                "14": {
                    "verse_nr": "14",
                    "verse": "Denn wir haben hier keine bleibende Stadt, sondern die zuk\u00fcnftige suchen wir."
                },
                "15": {
                    "verse_nr": "15",
                    "verse": "Durch ihn lasst uns nun Gott best\u00e4ndig ein Opfer des Lobes darbringen, das ist die Frucht der Lippen, die seinen Namen bekennen!"
                },
                "16": {
                    "verse_nr": "16",
                    "verse": "Wohlzutun und mitzuteilen vergesst nicht; denn solche Opfer gefallen Gott wohl!"
                },
                "17": {
                    "verse_nr": "17",
                    "verse": "Gehorcht euren F\u00fchrern und f\u00fcgt euch ihnen; denn sie wachen \u00fcber eure Seelen als solche, die einmal Rechenschaft ablegen werden, damit sie das mit Freuden tun und nicht mit Seufzen; denn das w\u00e4re nicht gut f\u00fcr euch!"
                },
                "18": {
                    "verse_nr": "18",
                    "verse": "Segensw\u00fcnsche und Gr\u00fc\u00dfe - Betet f\u00fcr uns! Denn wir vertrauen darauf, dass wir ein gutes Gewissen haben, da wir in jeder Hinsicht bestrebt sind, einen ehrbaren Lebenswandel zu f\u00fchren."
                },
                "19": {
                    "verse_nr": "19",
                    "verse": "Umso mehr aber ermahne ich euch, dies zu tun, damit ich euch desto schneller wiedergeschenkt werde."
                },
                "20": {
                    "verse_nr": "20",
                    "verse": "Der Gott des Friedens aber, der unseren Herrn Jesus aus den Toten heraufgef\u00fchrt hat, den gro\u00dfen Hirten der Schafe durch das Blut eines ewigen Bundes,"
                },
                "21": {
                    "verse_nr": "21",
                    "verse": "er r\u00fcste euch v\u00f6llig aus zu jedem guten Werk, damit ihr seinen Willen tut, indem er in euch das wirkt, was vor ihm wohlgef\u00e4llig ist, durch Jesus Christus. Ihm sei die Ehre von Ewigkeit zu Ewigkeit! Amen."
                },
                "22": {
                    "verse_nr": "22",
                    "verse": "Ich ermahne euch aber, ihr Br\u00fcder, nehmt das Wort der Ermahnung an; denn ich habe euch mit wenigen Worten geschrieben."
                },
                "23": {
                    "verse_nr": "23",
                    "verse": "Ihr sollt wissen, dass der Bruder Timotheus freigelassen worden ist; wenn er bald kommt, will ich euch mit ihm besuchen."
                },
                "24": {
                    "verse_nr": "24",
                    "verse": "Gr\u00fc\u00dft alle eure F\u00fchrer und alle Heiligen! Es gr\u00fc\u00dfen euch die von Italien!"
                },
                "25": {
                    "verse_nr": "25",
                    "verse": "Die Gnade sei mit euch allen! Amen."
                }
            }
        }
    }
}