{
    "version": "sch2000",
    "book_name": "Titus",
    "book_nr": "56",
    "book": {
        "1": {
            "chapter_nr": "1",
            "chapter": {
                "1": {
                    "verse_nr": "1",
                    "verse": "Zuschrift und Gru\u00df - Paulus, Knecht Gottes und Apostel Jesu Christi, gem\u00e4\u00df dem Glauben der Auserw\u00e4hlten Gottes und der Erkenntnis der Wahrheit, die der Gottesfurcht entspricht,"
                },
                "2": {
                    "verse_nr": "2",
                    "verse": "aufgrund der Hoffnung des ewigen Lebens, das Gott, der nicht l\u00fcgen kann, vor ewigen Zeiten verhei\u00dfen hat"
                },
                "3": {
                    "verse_nr": "3",
                    "verse": "\u2014 zu seiner Zeit aber hat er sein Wort geoffenbart in der Verk\u00fcndigung, mit der ich betraut worden bin nach dem Befehl Gottes, unseres Retters \u2014,"
                },
                "4": {
                    "verse_nr": "4",
                    "verse": "an Titus, [mein] echtes Kind nach unserem gemeinsamen Glauben: Gnade, Barmherzigkeit, Friede [sei mit dir] von Gott, dem Vater, und dem Herrn Jesus Christus, unserem Retter!"
                },
                "5": {
                    "verse_nr": "5",
                    "verse": "Voraussetzungen f\u00fcr den \u00c4ltestendienst - Ich habe dich zu dem Zweck in Kreta zur\u00fcckgelassen, damit du das, was noch mangelt, in Ordnung bringst und in jeder Stadt \u00c4lteste einsetzt, so wie ich dir die Anweisung gegeben habe:"
                },
                "6": {
                    "verse_nr": "6",
                    "verse": "wenn einer untadelig ist, Mann einer Frau, und treue Kinder hat, \u00fcber die keine Klage wegen Ausschweifung oder Aufs\u00e4ssigkeit vorliegt."
                },
                "7": {
                    "verse_nr": "7",
                    "verse": "Denn ein Aufseher muss untadelig sein als ein Haushalter Gottes, nicht eigenm\u00e4chtig, nicht j\u00e4hzornig, nicht der Trunkenheit ergeben, nicht gewaltt\u00e4tig, nicht nach sch\u00e4ndlichem Gewinn strebend,"
                },
                "8": {
                    "verse_nr": "8",
                    "verse": "sondern gastfreundlich, das Gute liebend, besonnen, gerecht, heilig, beherrscht;"
                },
                "9": {
                    "verse_nr": "9",
                    "verse": "einer, der sich an das zuverl\u00e4ssige Wort h\u00e4lt, wie es der Lehre entspricht, damit er imstande ist, sowohl mit der gesunden Lehre zu ermahnen als auch die Widersprechenden zu \u00fcberf\u00fchren."
                },
                "10": {
                    "verse_nr": "10",
                    "verse": "Der notwendige Kampf gegen Irrlehrer - Denn es gibt viele widerspenstige und leere Schw\u00e4tzer und Verf\u00fchrer, besonders die aus der Beschneidung."
                },
                "11": {
                    "verse_nr": "11",
                    "verse": "Denen muss man den Mund stopfen, denn sie bringen ganze H\u00e4user durcheinander mit ihrem ungeh\u00f6rigen Lehren um sch\u00e4ndlichen Gewinnes willen."
                },
                "12": {
                    "verse_nr": "12",
                    "verse": "Einer von ihnen, ihr eigener Prophet, hat gesagt: \u00bbDie Kreter sind von jeher L\u00fcgner, b\u00f6se Tiere, faule B\u00e4uche!\u00ab"
                },
                "13": {
                    "verse_nr": "13",
                    "verse": "Dieses Zeugnis ist wahr; aus diesem Grund weise sie streng zurecht, damit sie gesund seien im Glauben"
                },
                "14": {
                    "verse_nr": "14",
                    "verse": "und nicht auf j\u00fcdische Legenden achten und auf Gebote von Menschen, die sich von der Wahrheit abwenden."
                },
                "15": {
                    "verse_nr": "15",
                    "verse": "Den Reinen ist alles rein; den Befleckten aber und Ungl\u00e4ubigen ist nichts rein, sondern sowohl ihre Gesinnung als auch ihr Gewissen sind befleckt."
                },
                "16": {
                    "verse_nr": "16",
                    "verse": "Sie geben vor, Gott zu kennen, aber mit den Werken verleugnen sie ihn, da sie verabscheuungsw\u00fcrdig und ungehorsam und zu jedem guten Werk unt\u00fcchtig sind."
                }
            }
        },
        "2": {
            "chapter_nr": "2",
            "chapter": {
                "1": {
                    "verse_nr": "1",
                    "verse": "Anweisungen zu einem Gott wohlgef\u00e4lligen Lebenswandel - Du aber rede, was der gesunden Lehre entspricht:"
                },
                "2": {
                    "verse_nr": "2",
                    "verse": "dass die alten M\u00e4nner n\u00fcchtern sein sollen, ehrbar, besonnen, gesund im Glauben, in der Liebe, in der Geduld;"
                },
                "3": {
                    "verse_nr": "3",
                    "verse": "dass sich die alten Frauen gleicherweise so verhalten sollen, wie es Heiligen geziemt, dass sie nicht verleumderisch sein sollen, nicht vielem Weingenuss ergeben, sondern solche, die das Gute lehren,"
                },
                "4": {
                    "verse_nr": "4",
                    "verse": "damit sie die jungen Frauen dazu anleiten, ihre M\u00e4nner und ihre Kinder zu lieben,"
                },
                "5": {
                    "verse_nr": "5",
                    "verse": "besonnen zu sein, keusch, h\u00e4uslich, g\u00fctig, und sich ihren M\u00e4nnern unterzuordnen, damit das Wort Gottes nicht verl\u00e4stert wird."
                },
                "6": {
                    "verse_nr": "6",
                    "verse": "Gleicherweise ermahne die jungen M\u00e4nner, dass sie besonnen sein sollen."
                },
                "7": {
                    "verse_nr": "7",
                    "verse": "In allem mache dich selbst zu einem Vorbild guter Werke. In der Lehre erweise Unverf\u00e4lschtheit, w\u00fcrdigen Ernst, Unverderbtheit,"
                },
                "8": {
                    "verse_nr": "8",
                    "verse": "gesunde, untadelige Rede, damit der Gegner besch\u00e4mt wird, weil er nichts Schlechtes \u00fcber euch sagen kann."
                },
                "9": {
                    "verse_nr": "9",
                    "verse": "Die Knechte [ermahne], dass sie sich ihren eigenen Herren unterordnen, in allem gern gef\u00e4llig sind, nicht widersprechen,"
                },
                "10": {
                    "verse_nr": "10",
                    "verse": "nichts entwenden, sondern alle gute Treue beweisen, damit sie der Lehre Gottes, unseres Retters, in jeder Hinsicht Ehre machen."
                },
                "11": {
                    "verse_nr": "11",
                    "verse": "Die Gnade Gottes in Jesus Christus und der Lebenswandel der Erl\u00f6sten - Denn die Gnade Gottes ist erschienen, die heilbringend ist f\u00fcr alle Menschen;"
                },
                "12": {
                    "verse_nr": "12",
                    "verse": "sie nimmt uns in Zucht, damit wir die Gottlosigkeit und die weltlichen Begierden verleugnen und besonnen und gerecht und gottesf\u00fcrchtig leben in der jetzigen Weltzeit,"
                },
                "13": {
                    "verse_nr": "13",
                    "verse": "indem wir die gl\u00fcckselige Hoffnung erwarten und die Erscheinung der Herrlichkeit des gro\u00dfen Gottes und unseres Retters Jesus Christus,"
                },
                "14": {
                    "verse_nr": "14",
                    "verse": "der sich selbst f\u00fcr uns hingegeben hat, um uns von aller Gesetzlosigkeit zu erl\u00f6sen und f\u00fcr sich selbst ein Volk zum besonderen Eigentum zu reinigen, das eifrig ist, gute Werke zu tun."
                },
                "15": {
                    "verse_nr": "15",
                    "verse": "Dieses sollst du lehren und mit allem Nachdruck ermahnen und zurechtweisen. Niemand soll dich gering sch\u00e4tzen!"
                }
            }
        },
        "3": {
            "chapter_nr": "3",
            "chapter": {
                "1": {
                    "verse_nr": "1",
                    "verse": "Erinnere sie, dass sie sich den Regierenden und Obrigkeiten unterordnen und gehorsam sind, zu jedem guten Werk bereit;"
                },
                "2": {
                    "verse_nr": "2",
                    "verse": "dass sie niemand verl\u00e4stern, nicht streits\u00fcchtig sind, sondern g\u00fctig, indem sie allen Menschen gegen\u00fcber alle Sanftmut erweisen."
                },
                "3": {
                    "verse_nr": "3",
                    "verse": "Denn auch wir waren einst unverst\u00e4ndig, ungehorsam, gingen in die Irre, dienten mannigfachen L\u00fcsten und Vergn\u00fcgungen, lebten in Bosheit und Neid, verhasst und einander hassend."
                },
                "4": {
                    "verse_nr": "4",
                    "verse": "Als aber die Freundlichkeit und Menschenliebe Gottes, unseres Retters, erschien,"
                },
                "5": {
                    "verse_nr": "5",
                    "verse": "da hat er uns \u2014 nicht um der Werke der Gerechtigkeit willen, die wir getan h\u00e4tten, sondern aufgrund seiner Barmherzigkeit \u2014 errettet durch das Bad der Wiedergeburt und durch die Erneuerung des Heiligen Geistes,"
                },
                "6": {
                    "verse_nr": "6",
                    "verse": "den er reichlich \u00fcber uns ausgegossen hat durch Jesus Christus, unseren Retter,"
                },
                "7": {
                    "verse_nr": "7",
                    "verse": "damit wir, durch seine Gnade gerechtfertigt, der Hoffnung gem\u00e4\u00df Erben des ewigen Lebens w\u00fcrden."
                },
                "8": {
                    "verse_nr": "8",
                    "verse": "Glaubw\u00fcrdig ist das Wort, und ich will, dass du dies mit allem Nachdruck bekr\u00e4ftigst, damit die, welche an Gott gl\u00e4ubig wurden, darauf bedacht sind, eifrig gute Werke zu tun. Dies ist gut und n\u00fctzlich f\u00fcr die Menschen."
                },
                "9": {
                    "verse_nr": "9",
                    "verse": "Abwehr von sektiererischen Menschen und unn\u00fctzen Streitfragen - Die t\u00f6richten Streitfragen aber und Geschlechtsregister, sowie Zwistigkeiten und Auseinandersetzungen \u00fcber das Gesetz meide; denn sie sind unn\u00fctz und nichtig."
                },
                "10": {
                    "verse_nr": "10",
                    "verse": "Einen sektiererischen Menschen weise nach ein- und zweimaliger Zurechtweisung ab,"
                },
                "11": {
                    "verse_nr": "11",
                    "verse": "da du wei\u00dft, dass ein solcher verkehrt ist und s\u00fcndigt und sich selbst verurteilt hat."
                },
                "12": {
                    "verse_nr": "12",
                    "verse": "Letzte Empfehlungen und Gr\u00fc\u00dfe - Wenn ich Artemas zu dir senden werde oder Tychikus, so beeile dich, zu mir nach Nikopolis zu kommen; denn ich habe beschlossen, dort zu \u00fcberwintern."
                },
                "13": {
                    "verse_nr": "13",
                    "verse": "Zenas, den Schriftgelehrten, und Apollos schicke eilends voraus und lass es ihnen an nichts fehlen!"
                },
                "14": {
                    "verse_nr": "14",
                    "verse": "Die Unseren sollen aber auch lernen, zur Behebung der dringenden N\u00f6te eifrig gute Werke zu tun, damit sie nicht unfruchtbar sind!"
                },
                "15": {
                    "verse_nr": "15",
                    "verse": "Es gr\u00fc\u00dfen dich alle, die bei mir sind! Gr\u00fc\u00dfe diejenigen, die uns lieben im Glauben! Die Gnade sei mit euch allen! Amen."
                }
            }
        }
    }
}