{
    "version": "RVR1977",
    "book_name": "2 John",
    "book_nr": "63",
    "book": {
        "1": {
            "chapter_nr": "1",
            "chapter": {
                "1": {
                    "verse_nr": "1",
                    "verse": "Saludo - El anciano a la se\u00f1ora elegida y a sus hijos, a quienes yo amo en la verdad; y no s\u00f3lo yo, sino tambi\u00e9n todos los que han llegado a conocer la verdad,"
                },
                "2": {
                    "verse_nr": "2",
                    "verse": "a causa de la verdad que permanece en nosotros, y estar\u00e1 para siempre con nosotros:"
                },
                "3": {
                    "verse_nr": "3",
                    "verse": "Gracia, misericordia y paz ser\u00e1n con vosotros de parte de Dios Padre y del Se\u00f1or Jesucristo, Hijo del Padre, en verdad y en amor."
                },
                "4": {
                    "verse_nr": "4",
                    "verse": "Andando en la verdad - Mucho me alegr\u00e9 al encontrar a algunos de tus hijos andando en la verdad, conforme al mandamiento que recibimos del Padre."
                },
                "5": {
                    "verse_nr": "5",
                    "verse": "Y ahora te ruego, se\u00f1ora, no como escribi\u00e9ndote un nuevo mandamiento, sino el que hemos tenido desde el principio, que nos amemos unos a otros."
                },
                "6": {
                    "verse_nr": "6",
                    "verse": "Y \u00e9ste es el amor, que andemos seg\u00fan sus mandamientos. \u00c9ste es el mandamiento, tal como lo o\u00edsteis desde el principio, para que and\u00e9is en \u00e9l."
                },
                "7": {
                    "verse_nr": "7",
                    "verse": "Porque muchos enga\u00f1adores han salido al mundo, que no confiesan que Jesucristo ha venido en carne. He aqu\u00ed el enga\u00f1ador y el anticristo."
                },
                "8": {
                    "verse_nr": "8",
                    "verse": "Mirad por vosotros mismos, para que no perd\u00e1is el fruto de vuestro trabajo, sino que recib\u00e1is plena recompensa."
                },
                "9": {
                    "verse_nr": "9",
                    "verse": "Cualquiera que se aleja, y no persevera en la doctrina de Cristo, no tiene a Dios; el que persevera en la doctrina de Cristo, \u00e9se tiene tanto al Padre como al Hijo."
                },
                "10": {
                    "verse_nr": "10",
                    "verse": "Si alguno viene a vosotros, y no trae esta doctrina, no lo recib\u00e1is en casa, ni le salud\u00e9is."
                },
                "11": {
                    "verse_nr": "11",
                    "verse": "Porque el que le saluda, participa en sus malas obras."
                },
                "12": {
                    "verse_nr": "12",
                    "verse": "Espero ir a vosotros - Tengo muchas cosas que escribiros, pero no he querido hacerlo por medio de papel y tinta, pues espero ir a vosotros y hablar cara a cara, para que nuestro gozo sea completo."
                },
                "13": {
                    "verse_nr": "13",
                    "verse": "Los hijos de tu hermana, la elegida, te saludan. Am\u00e9n."
                }
            }
        }
    }
}