{
    "version": "NVT",
    "book_name": "Ephesians",
    "book_nr": "49",
    "book": {
        "1": {
            "chapter_nr": "1",
            "chapter": {
                "1": {
                    "verse_nr": "1",
                    "verse": "Sauda\u00e7\u00f5es de Paulo - Eu, Paulo, ap\u00f3stolo de Cristo Jesus pela vontade de Deus, escrevo esta carta ao povo santo em \u00c9feso, seguidores fi\u00e9is de Cristo Jesus."
                },
                "2": {
                    "verse_nr": "2",
                    "verse": "Que Deus, nosso Pai, e o Senhor Jesus Cristo lhes deem gra\u00e7a e paz."
                },
                "3": {
                    "verse_nr": "3",
                    "verse": "B\u00ean\u00e7\u00e3os espirituais - Todo louvor seja a Deus, o Pai de nosso Senhor Jesus Cristo, que nos aben\u00e7oou em Cristo com todas as b\u00ean\u00e7\u00e3os espirituais nos dom\u00ednios celestiais."
                },
                "4": {
                    "verse_nr": "4",
                    "verse": "Mesmo antes de criar o mundo, Deus nos amou e nos escolheu em Cristo para sermos santos e sem culpa diante dele."
                },
                "5": {
                    "verse_nr": "5",
                    "verse": "Ele nos predestinou para si, para nos adotar como filhos por meio de Jesus Cristo, conforme o bom prop\u00f3sito de sua vontade."
                },
                "6": {
                    "verse_nr": "6",
                    "verse": "Deus assim o fez para o louvor de sua gra\u00e7a gloriosa, que ele derramou sobre n\u00f3s em seu Filho amado."
                },
                "7": {
                    "verse_nr": "7",
                    "verse": "Ele \u00e9 t\u00e3o rico em gra\u00e7a que comprou nossa liberdade com o sangue de seu Filho e perdoou nossos pecados."
                },
                "8": {
                    "verse_nr": "8",
                    "verse": "Generosamente, derramou sua gra\u00e7a sobre n\u00f3s e, com ela, toda sabedoria e todo entendimento."
                },
                "9": {
                    "verse_nr": "9",
                    "verse": "Agora Deus nos revelou sua vontade secreta a respeito de Cristo, isto \u00e9, o cumprimento de seu bom prop\u00f3sito."
                },
                "10": {
                    "verse_nr": "10",
                    "verse": "E o plano \u00e9 este: no devido tempo, ele reunir\u00e1 sob a autoridade de Cristo tudo que existe nos c\u00e9us e na terra."
                },
                "11": {
                    "verse_nr": "11",
                    "verse": "Al\u00e9m disso, em Cristo n\u00f3s nos tornamos herdeiros de Deus, pois ele nos predestinou conforme seu plano e faz que tudo ocorra de acordo com sua vontade."
                },
                "12": {
                    "verse_nr": "12",
                    "verse": "O prop\u00f3sito de Deus era que n\u00f3s, os primeiros a confiar em Cristo, louv\u00e1ssemos a Deus e lhe d\u00e9ssemos gl\u00f3ria."
                },
                "13": {
                    "verse_nr": "13",
                    "verse": "Agora voc\u00eas tamb\u00e9m ouviram a verdade, as boas-novas da salva\u00e7\u00e3o. E, quando creram em Cristo, ele colocou sobre voc\u00eas o selo do Esp\u00edrito Santo que havia prometido."
                },
                "14": {
                    "verse_nr": "14",
                    "verse": "O Esp\u00edrito \u00e9 a garantia de nossa heran\u00e7a, at\u00e9 o dia em que Deus nos resgatar\u00e1 como sua propriedade, para o louvor de sua gl\u00f3ria."
                },
                "15": {
                    "verse_nr": "15",
                    "verse": "Paulo pede sabedoria espiritual - Desde que eu soube de sua f\u00e9 no Senhor Jesus e de seu amor pelo povo santo em toda parte,"
                },
                "16": {
                    "verse_nr": "16",
                    "verse": "n\u00e3o deixo de agradecer a Deus por voc\u00eas. Em minhas ora\u00e7\u00f5es,"
                },
                "17": {
                    "verse_nr": "17",
                    "verse": "pe\u00e7o que Deus, o Pai glorioso de nosso Senhor Jesus Cristo, lhes d\u00ea sabedoria espiritual e entendimento para que cres\u00e7am no conhecimento dele."
                },
                "18": {
                    "verse_nr": "18",
                    "verse": "Oro para que seu cora\u00e7\u00e3o seja iluminado, a fim de que compreendam a esperan\u00e7a concedida \u00e0queles que ele chamou e a rica e gloriosa heran\u00e7a que ele deu a seu povo santo."
                },
                "19": {
                    "verse_nr": "19",
                    "verse": "Tamb\u00e9m oro para que entendam a grandeza insuper\u00e1vel do poder de Deus para conosco, os que cremos. \u00c9 o mesmo poder grandioso"
                },
                "20": {
                    "verse_nr": "20",
                    "verse": "que ressuscitou Cristo dos mortos e o fez sentar-se no lugar de honra, \u00e0 direita de Deus, nos dom\u00ednios celestiais."
                },
                "21": {
                    "verse_nr": "21",
                    "verse": "Agora ele est\u00e1 muito acima de qualquer governante, autoridade, poder, l\u00edder ou qualquer outro nome n\u00e3o apenas neste mundo, mas tamb\u00e9m no futuro."
                },
                "22": {
                    "verse_nr": "22",
                    "verse": "Deus submeteu todas as coisas \u00e0 autoridade de Cristo e o fez cabe\u00e7a de tudo, para o bem da igreja."
                },
                "23": {
                    "verse_nr": "23",
                    "verse": "E a igreja \u00e9 seu corpo; ela \u00e9 preenchida e completada por Cristo, que enche consigo mesmo todas as coisas em toda parte."
                }
            }
        },
        "2": {
            "chapter_nr": "2",
            "chapter": {
                "1": {
                    "verse_nr": "1",
                    "verse": "Nova vida com Cristo - Voc\u00eas estavam mortos por causa de sua desobedi\u00eancia e de seus muitos pecados,"
                },
                "2": {
                    "verse_nr": "2",
                    "verse": "nos quais costumavam viver, como o resto do mundo, obedecendo ao comandante dos poderes do mundo invis\u00edvel. Ele \u00e9 o esp\u00edrito que opera no cora\u00e7\u00e3o dos que se recusam a obedecer."
                },
                "3": {
                    "verse_nr": "3",
                    "verse": "Todos n\u00f3s viv\u00edamos desse modo, seguindo os desejos ardentes e as inclina\u00e7\u00f5es de nossa natureza humana. \u00c9ramos, por natureza, merecedores da ira, como os demais."
                },
                "4": {
                    "verse_nr": "4",
                    "verse": "Mas Deus \u00e9 t\u00e3o rico em miseric\u00f3rdia e nos amou tanto"
                },
                "5": {
                    "verse_nr": "5",
                    "verse": "que, embora estiv\u00e9ssemos mortos por causa de nossos pecados, ele nos deu vida juntamente com Cristo. \u00c9 pela gra\u00e7a que voc\u00eas s\u00e3o salvos!"
                },
                "6": {
                    "verse_nr": "6",
                    "verse": "Pois ele nos ressuscitou com Cristo e nos fez sentar com ele nos dom\u00ednios celestiais, porque agora estamos em Cristo Jesus."
                },
                "7": {
                    "verse_nr": "7",
                    "verse": "Portanto, nas eras futuras, Deus poder\u00e1 apontar-nos como exemplos da riqueza insuper\u00e1vel de sua gra\u00e7a, revelada na bondade que ele demonstrou por n\u00f3s em Cristo Jesus."
                },
                "8": {
                    "verse_nr": "8",
                    "verse": "Voc\u00eas s\u00e3o salvos pela gra\u00e7a, por meio da f\u00e9. Isso n\u00e3o vem de voc\u00eas; \u00e9 uma d\u00e1diva de Deus."
                },
                "9": {
                    "verse_nr": "9",
                    "verse": "N\u00e3o \u00e9 uma recompensa pela pr\u00e1tica de boas obras, para que ningu\u00e9m venha a se orgulhar."
                },
                "10": {
                    "verse_nr": "10",
                    "verse": "Pois somos obra-prima de Deus, criados em Cristo Jesus a fim de realizar as boas obras que ele de antem\u00e3o planejou para n\u00f3s."
                },
                "11": {
                    "verse_nr": "11",
                    "verse": "Uni\u00e3o e paz em Cristo - N\u00e3o esque\u00e7am que voc\u00eas, gentios, eram chamados de \u201cincircuncidados\u201d pelos judeus que se orgulhavam da circuncis\u00e3o, embora ela fosse apenas um ritual exterior e humano."
                },
                "12": {
                    "verse_nr": "12",
                    "verse": "Naquele tempo, voc\u00eas viviam afastados de Cristo. N\u00e3o tinham os privil\u00e9gios do povo de Israel e n\u00e3o conheciam as promessas da alian\u00e7a. Viviam no mundo sem Deus e sem esperan\u00e7a."
                },
                "13": {
                    "verse_nr": "13",
                    "verse": "Agora, por\u00e9m, est\u00e3o em Cristo Jesus. Antigamente, estavam distantes de Deus, mas agora foram trazidos para perto dele por meio do sangue de Cristo."
                },
                "14": {
                    "verse_nr": "14",
                    "verse": "Porque Cristo \u00e9 nossa paz. Ele uniu judeus e gentios em um s\u00f3 povo ao derrubar o muro de inimizade que nos separava."
                },
                "15": {
                    "verse_nr": "15",
                    "verse": "Ele acabou com o sistema da lei, com seus mandamentos e ordenan\u00e7as, promovendo a paz ao criar para si, desses dois grupos, uma nova humanidade."
                },
                "16": {
                    "verse_nr": "16",
                    "verse": "Assim, ele os reconciliou com Deus em um s\u00f3 corpo por meio de sua morte na cruz, eliminando a inimizade que havia entre eles."
                },
                "17": {
                    "verse_nr": "17",
                    "verse": "Ele trouxe essas boas-novas de paz tanto a voc\u00eas que estavam distantes dele como aos que estavam perto."
                },
                "18": {
                    "verse_nr": "18",
                    "verse": "Agora, por causa do que Cristo fez, todos temos acesso ao Pai pelo mesmo Esp\u00edrito."
                },
                "19": {
                    "verse_nr": "19",
                    "verse": "Um templo para o Senhor - Portanto, voc\u00eas j\u00e1 n\u00e3o s\u00e3o estranhos e forasteiros, mas concidad\u00e3os do povo santo e membros da fam\u00edlia de Deus."
                },
                "20": {
                    "verse_nr": "20",
                    "verse": "Juntos, somos sua casa, edificados sobre os alicerces dos ap\u00f3stolos e dos profetas. E a pedra angular \u00e9 o pr\u00f3prio Cristo Jesus."
                },
                "21": {
                    "verse_nr": "21",
                    "verse": "Nele somos firmemente unidos, constituindo um templo santo para o Senhor."
                },
                "22": {
                    "verse_nr": "22",
                    "verse": "Por meio dele, voc\u00eas tamb\u00e9m est\u00e3o sendo edificados como parte dessa habita\u00e7\u00e3o, onde Deus vive por seu Esp\u00edrito."
                }
            }
        },
        "3": {
            "chapter_nr": "3",
            "chapter": {
                "1": {
                    "verse_nr": "1",
                    "verse": "O plano de Deus \u00e9 revelado - Quando penso em tudo isso, eu, Paulo, prisioneiro de Cristo Jesus para o bem de voc\u00eas, gentios\u2026"
                },
                "2": {
                    "verse_nr": "2",
                    "verse": "Tomando por certo, a prop\u00f3sito, que voc\u00eas sabem que Deus me deu essa responsabilidade especial de estender sua gra\u00e7a a voc\u00eas."
                },
                "3": {
                    "verse_nr": "3",
                    "verse": "Como lhes escrevi anteriormente em poucas palavras, o pr\u00f3prio Deus revelou esse segredo a mim."
                },
                "4": {
                    "verse_nr": "4",
                    "verse": "Ao lerem o que escrevi, entender\u00e3o minha compreens\u00e3o desse segredo a respeito de Cristo,"
                },
                "5": {
                    "verse_nr": "5",
                    "verse": "que n\u00e3o foi revelado \u00e0s gera\u00e7\u00f5es anteriores, mas agora foi revelado, pelo Esp\u00edrito, aos santos ap\u00f3stolos e profetas."
                },
                "6": {
                    "verse_nr": "6",
                    "verse": "E este \u00e9 o segredo revelado: tanto os gentios como os judeus que creem nas boas-novas participam igualmente das riquezas herdadas pelos filhos de Deus. Ambos s\u00e3o membros do mesmo corpo e desfrutam a promessa em Cristo Jesus."
                },
                "7": {
                    "verse_nr": "7",
                    "verse": "Pela gra\u00e7a e pelo grande poder de Deus, recebi o privil\u00e9gio de servir anunciando essas boas-novas."
                },
                "8": {
                    "verse_nr": "8",
                    "verse": "Ainda que eu seja o menos digno de todo o povo santo, recebi, pela gra\u00e7a, o privil\u00e9gio de falar aos gentios sobre os tesouros infind\u00e1veis que est\u00e3o dispon\u00edveis a eles em Cristo"
                },
                "9": {
                    "verse_nr": "9",
                    "verse": "e de explicar a todos esse segredo que Deus, o Criador de todas as coisas, manteve oculto desde o princ\u00edpio."
                },
                "10": {
                    "verse_nr": "10",
                    "verse": "O plano de Deus era mostrar a todos os governantes e autoridades nos dom\u00ednios celestiais, por meio da igreja, as muitas formas da sabedoria divina."
                },
                "11": {
                    "verse_nr": "11",
                    "verse": "Esse era seu prop\u00f3sito eterno, que ele realizou por meio de Cristo Jesus, nosso Senhor."
                },
                "12": {
                    "verse_nr": "12",
                    "verse": "Por meio da f\u00e9 em Cristo, agora n\u00f3s, com ousadia e confian\u00e7a, temos acesso \u00e0 presen\u00e7a de Deus."
                },
                "13": {
                    "verse_nr": "13",
                    "verse": "Portanto, pe\u00e7o-lhes que n\u00e3o desanimem por causa de minhas prova\u00e7\u00f5es. \u00c9 por voc\u00eas que sofro; a honra \u00e9 de voc\u00eas."
                },
                "14": {
                    "verse_nr": "14",
                    "verse": "Paulo pede crescimento espiritual - Quando penso em tudo isso, caio de joelhos e oro ao Pai,"
                },
                "15": {
                    "verse_nr": "15",
                    "verse": "o Criador de todas as coisas nos c\u00e9us e na terra."
                },
                "16": {
                    "verse_nr": "16",
                    "verse": "Pe\u00e7o que, da riqueza de sua gl\u00f3ria, ele os fortale\u00e7a com poder interior por meio de seu Esp\u00edrito."
                },
                "17": {
                    "verse_nr": "17",
                    "verse": "Ent\u00e3o Cristo habitar\u00e1 em seu cora\u00e7\u00e3o \u00e0 medida que voc\u00eas confiarem nele. Suas ra\u00edzes se aprofundar\u00e3o em amor e os manter\u00e3o fortes."
                },
                "18": {
                    "verse_nr": "18",
                    "verse": "Tamb\u00e9m pe\u00e7o que, como conv\u00e9m a todo o povo santo, voc\u00eas possam compreender a largura, o comprimento, a altura e a profundidade do amor de Cristo."
                },
                "19": {
                    "verse_nr": "19",
                    "verse": "Que voc\u00eas experimentem esse amor, ainda que seja grande demais para ser inteiramente compreendido. Ent\u00e3o voc\u00eas ser\u00e3o preenchidos com toda a plenitude de vida e poder que v\u00eam de Deus."
                },
                "20": {
                    "verse_nr": "20",
                    "verse": "Toda a gl\u00f3ria seja a Deus que, por seu grandioso poder que atua em n\u00f3s, \u00e9 capaz de realizar infinitamente mais do que poder\u00edamos pedir ou imaginar."
                },
                "21": {
                    "verse_nr": "21",
                    "verse": "A ele seja a gl\u00f3ria na igreja e em Cristo Jesus por todas as gera\u00e7\u00f5es, para todo o sempre! Am\u00e9m."
                }
            }
        },
        "4": {
            "chapter_nr": "4",
            "chapter": {
                "1": {
                    "verse_nr": "1",
                    "verse": "Unidade no corpo - Portanto, como prisioneiro no Senhor, suplico-lhes que vivam de modo digno do chamado que receberam."
                },
                "2": {
                    "verse_nr": "2",
                    "verse": "Sejam sempre humildes e am\u00e1veis, tolerando pacientemente uns aos outros em amor."
                },
                "3": {
                    "verse_nr": "3",
                    "verse": "Fa\u00e7am todo o poss\u00edvel para se manterem unidos no Esp\u00edrito, ligados pelo v\u00ednculo da paz."
                },
                "4": {
                    "verse_nr": "4",
                    "verse": "Pois h\u00e1 um s\u00f3 corpo e um s\u00f3 Esp\u00edrito, assim como voc\u00eas foram chamados para uma s\u00f3 esperan\u00e7a."
                },
                "5": {
                    "verse_nr": "5",
                    "verse": "H\u00e1 um s\u00f3 Senhor, uma s\u00f3 f\u00e9, um s\u00f3 batismo,"
                },
                "6": {
                    "verse_nr": "6",
                    "verse": "um s\u00f3 Deus e Pai de tudo, o qual est\u00e1 sobre todos, em todos, e vive por meio de todos."
                },
                "7": {
                    "verse_nr": "7",
                    "verse": "A cada um de n\u00f3s, por\u00e9m, ele concedeu uma d\u00e1diva, por meio da generosidade de Cristo."
                },
                "8": {
                    "verse_nr": "8",
                    "verse": "Por isso as Escrituras dizem: \u201cQuando ele subiu \u00e0s alturas, levou muitos prisioneiros e concedeu d\u00e1divas ao povo\u201d."
                },
                "9": {
                    "verse_nr": "9",
                    "verse": "Notem que diz que \u201cele subiu\u201d. Por certo, isso significa que Cristo tamb\u00e9m desceu ao mundo inferior."
                },
                "10": {
                    "verse_nr": "10",
                    "verse": "E aquele que desceu \u00e9 o mesmo que subiu acima de todos os c\u00e9us, a fim de encher consigo mesmo todas as coisas."
                },
                "11": {
                    "verse_nr": "11",
                    "verse": "Ele designou alguns para ap\u00f3stolos, outros para profetas, outros para evangelistas, outros para pastores e mestres."
                },
                "12": {
                    "verse_nr": "12",
                    "verse": "Eles s\u00e3o respons\u00e1veis por preparar o povo santo para realizar sua obra e edificar o corpo de Cristo,"
                },
                "13": {
                    "verse_nr": "13",
                    "verse": "at\u00e9 que todos alcancemos a unidade que a f\u00e9 e o conhecimento do Filho de Deus produzem e amadure\u00e7amos, chegando \u00e0 completa medida da estatura de Cristo."
                },
                "14": {
                    "verse_nr": "14",
                    "verse": "Ent\u00e3o n\u00e3o seremos mais imaturos como crian\u00e7as, nem levados de um lado para outro, empurrados por qualquer vento de novos ensinamentos, e tamb\u00e9m n\u00e3o seremos influenciados quando nos tentarem enganar com mentiras astutas."
                },
                "15": {
                    "verse_nr": "15",
                    "verse": "Em vez disso, falaremos a verdade em amor, tornando-nos, em todos os aspectos, cada vez mais parecidos com Cristo, que \u00e9 a cabe\u00e7a."
                },
                "16": {
                    "verse_nr": "16",
                    "verse": "Ele faz que todo o corpo se encaixe perfeitamente. E cada parte, ao cumprir sua fun\u00e7\u00e3o espec\u00edfica, ajuda as demais a crescer, para que todo o corpo se desenvolva e seja saud\u00e1vel em amor."
                },
                "17": {
                    "verse_nr": "17",
                    "verse": "Viver como filhos da luz - Assim, eu lhes digo com a autoridade do Senhor: n\u00e3o vivam mais como os gentios, levados por pensamentos vazios e in\u00fateis."
                },
                "18": {
                    "verse_nr": "18",
                    "verse": "A mente deles est\u00e1 mergulhada na escurid\u00e3o. Andam sem rumo, alienados da vida que Deus d\u00e1, pois s\u00e3o ignorantes e endureceram o cora\u00e7\u00e3o para ele."
                },
                "19": {
                    "verse_nr": "19",
                    "verse": "Tornaram-se insens\u00edveis, vivem em fun\u00e7\u00e3o dos prazeres sensuais e praticam avidamente toda esp\u00e9cie de impureza."
                },
                "20": {
                    "verse_nr": "20",
                    "verse": "Mas n\u00e3o foi isso que voc\u00eas aprenderam de Cristo."
                },
                "21": {
                    "verse_nr": "21",
                    "verse": "Uma vez que ouviram falar de Jesus e foram ensinados sobre a verdade que vem dele,"
                },
                "22": {
                    "verse_nr": "22",
                    "verse": "livrem-se de sua antiga natureza e de seu velho modo de viver, corrompido pelos desejos impuros e pelo engano."
                },
                "23": {
                    "verse_nr": "23",
                    "verse": "Deixem que o Esp\u00edrito renove seus pensamentos e atitudes"
                },
                "24": {
                    "verse_nr": "24",
                    "verse": "e revistam-se de sua nova natureza, criada para ser verdadeiramente justa e santa como Deus."
                },
                "25": {
                    "verse_nr": "25",
                    "verse": "Portanto, abandonem a mentira e digam a verdade a seu pr\u00f3ximo, pois somos todos parte do mesmo corpo."
                },
                "26": {
                    "verse_nr": "26",
                    "verse": "E \u201cn\u00e3o pequem ao permitir que a ira os controle\u201d. Acalmem a ira antes que o sol se ponha,"
                },
                "27": {
                    "verse_nr": "27",
                    "verse": "pois ela cria oportunidades para o diabo."
                },
                "28": {
                    "verse_nr": "28",
                    "verse": "Quem \u00e9 ladr\u00e3o, pare de roubar. Em vez disso, use as m\u00e3os para trabalhar com empenho e honestidade e, assim, ajudar generosamente os necessitados."
                },
                "29": {
                    "verse_nr": "29",
                    "verse": "Evitem o linguajar sujo e insultante. Que todas as suas palavras sejam boas e \u00fateis, a fim de dar \u00e2nimo \u00e0queles que as ouvirem."
                },
                "30": {
                    "verse_nr": "30",
                    "verse": "N\u00e3o entriste\u00e7am o Esp\u00edrito Santo de Deus, o selo que ele colocou sobre voc\u00eas para o dia em que nos resgatar\u00e1 como sua propriedade."
                },
                "31": {
                    "verse_nr": "31",
                    "verse": "Livrem-se de toda amargura, raiva, ira, das palavras \u00e1speras e da cal\u00fania, e de todo tipo de maldade."
                },
                "32": {
                    "verse_nr": "32",
                    "verse": "Em vez disso, sejam bondosos e tenham compaix\u00e3o uns dos outros, perdoando-se como Deus os perdoou em Cristo."
                }
            }
        },
        "5": {
            "chapter_nr": "5",
            "chapter": {
                "1": {
                    "verse_nr": "1",
                    "verse": "Viver na luz - Portanto, como filhos amados de Deus, imitem-no em tudo que fizerem."
                },
                "2": {
                    "verse_nr": "2",
                    "verse": "Vivam em amor, seguindo o exemplo de Cristo, que nos amou e se entregou por n\u00f3s como oferta e sacrif\u00edcio de aroma agrad\u00e1vel a Deus."
                },
                "3": {
                    "verse_nr": "3",
                    "verse": "Que n\u00e3o haja entre voc\u00eas imoralidade sexual, impureza ou gan\u00e2ncia. Esses pecados n\u00e3o t\u00eam lugar no meio do povo santo."
                },
                "4": {
                    "verse_nr": "4",
                    "verse": "As hist\u00f3rias obscenas, as conversas tolas e as piadas vulgares n\u00e3o s\u00e3o para voc\u00eas. Em vez disso, sejam agradecidos a Deus."
                },
                "5": {
                    "verse_nr": "5",
                    "verse": "Podem estar certos de que nenhum imoral, impuro ou ganancioso, que \u00e9 id\u00f3latra, herdar\u00e1 o reino de Cristo e de Deus."
                },
                "6": {
                    "verse_nr": "6",
                    "verse": "N\u00e3o se deixem enganar por palavras vazias, pois a ira de Deus vir\u00e1 sobre os que lhe desobedecerem."
                },
                "7": {
                    "verse_nr": "7",
                    "verse": "N\u00e3o participem do que essas pessoas fazem."
                },
                "8": {
                    "verse_nr": "8",
                    "verse": "Pois antigamente voc\u00eas estavam mergulhados na escurid\u00e3o, mas agora t\u00eam a luz no Senhor. Vivam, portanto, como filhos da luz!"
                },
                "9": {
                    "verse_nr": "9",
                    "verse": "Pois o fruto da luz produz apenas o que \u00e9 bom, justo e verdadeiro."
                },
                "10": {
                    "verse_nr": "10",
                    "verse": "Procurem descobrir o que agrada ao Senhor."
                },
                "11": {
                    "verse_nr": "11",
                    "verse": "N\u00e3o participem dos feitos in\u00fateis do mal e da escurid\u00e3o; antes, mostrem sua reprova\u00e7\u00e3o expondo-os \u00e0 luz."
                },
                "12": {
                    "verse_nr": "12",
                    "verse": "\u00c9 vergonhoso at\u00e9 mesmo falar daquilo que os maus fazem em segredo."
                },
                "13": {
                    "verse_nr": "13",
                    "verse": "Suas m\u00e1s inten\u00e7\u00f5es, por\u00e9m, ficar\u00e3o evidentes quando a luz brilhar sobre elas,"
                },
                "14": {
                    "verse_nr": "14",
                    "verse": "pois a luz torna vis\u00edveis todas as coisas. Por isso se diz: \u201cDesperte, voc\u00ea que dorme, levante-se dentre os mortos, e Cristo o iluminar\u00e1\u201d."
                },
                "15": {
                    "verse_nr": "15",
                    "verse": "Viver pelo poder do Esp\u00edrito - Portanto, sejam cuidadosos em seu modo de vida. N\u00e3o vivam como insensatos, mas como s\u00e1bios."
                },
                "16": {
                    "verse_nr": "16",
                    "verse": "Aproveitem ao m\u00e1ximo todas as oportunidades nestes dias maus."
                },
                "17": {
                    "verse_nr": "17",
                    "verse": "N\u00e3o ajam de forma impensada, mas procurem entender a vontade do Senhor."
                },
                "18": {
                    "verse_nr": "18",
                    "verse": "N\u00e3o se embriaguem com vinho, pois ele os levar\u00e1 ao descontrole. Em vez disso, sejam cheios do Esp\u00edrito,"
                },
                "19": {
                    "verse_nr": "19",
                    "verse": "cantando salmos, hinos e c\u00e2nticos espirituais entre si e louvando o Senhor de cora\u00e7\u00e3o com m\u00fasica."
                },
                "20": {
                    "verse_nr": "20",
                    "verse": "Por tudo deem gra\u00e7as a Deus, o Pai, em nome de nosso Senhor Jesus Cristo."
                },
                "21": {
                    "verse_nr": "21",
                    "verse": "Maridos e esposas - Sujeitem-se uns aos outros por temor a Cristo."
                },
                "22": {
                    "verse_nr": "22",
                    "verse": "Esposas, sujeite-se cada uma a seu marido, como ao Senhor."
                },
                "23": {
                    "verse_nr": "23",
                    "verse": "Pois o marido \u00e9 o cabe\u00e7a da esposa, como Cristo \u00e9 o cabe\u00e7a da igreja. Ele \u00e9 o Salvador de seu corpo, a igreja."
                },
                "24": {
                    "verse_nr": "24",
                    "verse": "Assim como a igreja se sujeita a Cristo, tamb\u00e9m voc\u00eas, esposas, devem se sujeitar em tudo a seu marido."
                },
                "25": {
                    "verse_nr": "25",
                    "verse": "Maridos, ame cada um a sua esposa, como Cristo amou a igreja. Ele entregou a vida por ela,"
                },
                "26": {
                    "verse_nr": "26",
                    "verse": "a fim de torn\u00e1-la santa, purificando-a ao lav\u00e1-la com \u00e1gua por meio da palavra."
                },
                "27": {
                    "verse_nr": "27",
                    "verse": "Assim o fez para apresent\u00e1-la a si mesmo como igreja gloriosa, sem mancha, ruga ou qualquer outro defeito, mas santa e sem culpa."
                },
                "28": {
                    "verse_nr": "28",
                    "verse": "Da mesma forma, os maridos devem amar cada um a sua esposa, como amam o pr\u00f3prio corpo, pois o homem que ama sua esposa na verdade ama a si mesmo."
                },
                "29": {
                    "verse_nr": "29",
                    "verse": "Ningu\u00e9m odeia o pr\u00f3prio corpo, mas o alimenta e cuida dele, como Cristo cuida da igreja."
                },
                "30": {
                    "verse_nr": "30",
                    "verse": "E n\u00f3s somos membros de seu corpo."
                },
                "31": {
                    "verse_nr": "31",
                    "verse": "\u201cPor isso o homem deixa pai e m\u00e3e e se une \u00e0 sua mulher, e os dois se tornam um s\u00f3.\u201d"
                },
                "32": {
                    "verse_nr": "32",
                    "verse": "Esse \u00e9 um grande mist\u00e9rio, mas ilustra a uni\u00e3o entre Cristo e a igreja."
                },
                "33": {
                    "verse_nr": "33",
                    "verse": "Portanto, volto a dizer: cada homem deve amar a esposa como ama a si mesmo, e a esposa deve respeitar o marido."
                }
            }
        },
        "6": {
            "chapter_nr": "6",
            "chapter": {
                "1": {
                    "verse_nr": "1",
                    "verse": "Filhos e pais - Filhos, obede\u00e7am a seus pais no Senhor, porque isso \u00e9 o certo a fazer."
                },
                "2": {
                    "verse_nr": "2",
                    "verse": "\u201cHonre seu pai e sua m\u00e3e.\u201d Esse \u00e9 o primeiro mandamento com promessa."
                },
                "3": {
                    "verse_nr": "3",
                    "verse": "Se honrar pai e m\u00e3e, \u201ctudo lhe ir\u00e1 bem e ter\u00e1 vida longa na terra\u201d."
                },
                "4": {
                    "verse_nr": "4",
                    "verse": "Pais, n\u00e3o tratem seus filhos de modo a irrit\u00e1-los; antes, eduquem-nos com a disciplina e a instru\u00e7\u00e3o que v\u00eam do Senhor."
                },
                "5": {
                    "verse_nr": "5",
                    "verse": "Escravos e senhores - Escravos, obede\u00e7am a seus senhores terrenos com respeito e temor. Sirvam com sinceridade, como serviriam a Cristo."
                },
                "6": {
                    "verse_nr": "6",
                    "verse": "Procurem agrad\u00e1-los sempre, e n\u00e3o apenas quando eles estiverem observando. Como escravos de Cristo, fa\u00e7am a vontade de Deus de todo o cora\u00e7\u00e3o."
                },
                "7": {
                    "verse_nr": "7",
                    "verse": "Trabalhem com entusiasmo, como se servissem ao Senhor, e n\u00e3o a homens."
                },
                "8": {
                    "verse_nr": "8",
                    "verse": "Lembrem-se de que o Senhor recompensar\u00e1 cada um de n\u00f3s pelo bem que fizermos, quer sejamos escravos, quer livres."
                },
                "9": {
                    "verse_nr": "9",
                    "verse": "Senhores, assim tamb\u00e9m tratem seus escravos. N\u00e3o os ameacem; lembrem-se de que voc\u00eas e eles t\u00eam o mesmo Senhor no c\u00e9u, e ele n\u00e3o age com favoritismo."
                },
                "10": {
                    "verse_nr": "10",
                    "verse": "A armadura completa de Deus - Uma palavra final: Sejam fortes no Senhor e em seu grande poder."
                },
                "11": {
                    "verse_nr": "11",
                    "verse": "Vistam toda a armadura de Deus, para que possam permanecer firmes contra as estrat\u00e9gias do diabo."
                },
                "12": {
                    "verse_nr": "12",
                    "verse": "Pois n\u00f3s n\u00e3o lutamos contra inimigos de carne e sangue, mas contra governantes e autoridades do mundo invis\u00edvel, contra grandes poderes neste mundo de trevas e contra esp\u00edritos malignos nas esferas celestiais."
                },
                "13": {
                    "verse_nr": "13",
                    "verse": "Portanto, vistam toda a armadura de Deus, para que possam resistir ao inimigo no tempo do mal. Ent\u00e3o, depois da batalha, voc\u00eas continuar\u00e3o de p\u00e9 e firmes."
                },
                "14": {
                    "verse_nr": "14",
                    "verse": "Assim, mantenham sua posi\u00e7\u00e3o, colocando o cinto da verdade e a coura\u00e7a da justi\u00e7a."
                },
                "15": {
                    "verse_nr": "15",
                    "verse": "Como cal\u00e7ados, usem a paz das boas-novas, para que estejam inteiramente preparados."
                },
                "16": {
                    "verse_nr": "16",
                    "verse": "Em todas as situa\u00e7\u00f5es, levantem o escudo da f\u00e9, para deter as flechas de fogo do maligno."
                },
                "17": {
                    "verse_nr": "17",
                    "verse": "Usem a salva\u00e7\u00e3o como capacete e empunhem a espada do Esp\u00edrito, que \u00e9 a palavra de Deus."
                },
                "18": {
                    "verse_nr": "18",
                    "verse": "Orem no Esp\u00edrito em todos os momentos e ocasi\u00f5es. Permane\u00e7am atentos e sejam persistentes em suas ora\u00e7\u00f5es por todo o povo santo."
                },
                "19": {
                    "verse_nr": "19",
                    "verse": "E orem tamb\u00e9m por mim. Pe\u00e7am que Deus me conceda as palavras certas, para que eu possa explicar corajosamente o segredo revelado pelas boas-novas."
                },
                "20": {
                    "verse_nr": "20",
                    "verse": "Agora estou preso em correntes, mas continuo a anunciar essa mensagem como embaixador de Deus. Portanto, orem para que eu siga falando corajosamente em nome dele, como \u00e9 meu dever."
                },
                "21": {
                    "verse_nr": "21",
                    "verse": "Sauda\u00e7\u00f5es finais - T\u00edquico lhes dar\u00e1 um relat\u00f3rio completo do que tenho feito e de como tenho passado. Ele \u00e9 um irm\u00e3o amado e um colaborador fiel na obra do Senhor."
                },
                "22": {
                    "verse_nr": "22",
                    "verse": "Eu o enviei a voc\u00eas com esse prop\u00f3sito, para que saibam como estamos e para anim\u00e1-los."
                },
                "23": {
                    "verse_nr": "23",
                    "verse": "A paz seja com voc\u00eas, irm\u00e3os, e que Deus, o Pai, e o Senhor Jesus Cristo lhes deem amor e fidelidade."
                },
                "24": {
                    "verse_nr": "24",
                    "verse": "Que a gra\u00e7a de Deus esteja eternamente sobre todos que amam nosso Senhor Jesus Cristo."
                }
            }
        }
    }
}