{
    "version": "NVT",
    "book_name": "Malachi",
    "book_nr": "39",
    "book": {
        "1": {
            "chapter_nr": "1",
            "chapter": {
                "1": {
                    "verse_nr": "1",
                    "verse": "Esta \u00e9 a mensagem que o SENHOR anunciou a Israel por meio do profeta Malaquias."
                },
                "2": {
                    "verse_nr": "2",
                    "verse": "O amor de Deus por Israel - \u201cEu sempre amei voc\u00eas\u201d, diz o SENHOR. Mas voc\u00eas perguntam: \u201cDe que maneira nos amou?\u201d. E o SENHOR responde: \u201cFoi desta maneira: amei seu antepassado Jac\u00f3,"
                },
                "3": {
                    "verse_nr": "3",
                    "verse": "mas rejeitei o irm\u00e3o dele, Esa\u00fa, e devastei sua regi\u00e3o montanhosa. Transformei a propriedade de Esa\u00fa num deserto para chacais\u201d."
                },
                "4": {
                    "verse_nr": "4",
                    "verse": "O povo de Edom talvez diga: \u201cFomos arrasados, mas reconstruiremos as ru\u00ednas\u201d. O SENHOR dos Ex\u00e9rcitos, por\u00e9m, declara: \u201cPodem reconstruir, mas eu demolirei tudo outra vez. Seu pa\u00eds ficar\u00e1 conhecido como \u2018Terra da Maldade\u2019, e seu povo ser\u00e1 chamado de \u2018Povo Contra o Qual o SENHOR Est\u00e1 Irado Para Sempre\u2019."
                },
                "5": {
                    "verse_nr": "5",
                    "verse": "Quando voc\u00eas virem a destrui\u00e7\u00e3o com os pr\u00f3prios olhos, dir\u00e3o: \u2018A grandeza do SENHOR vai muito al\u00e9m das fronteiras de Israel!\u2019\u201d."
                },
                "6": {
                    "verse_nr": "6",
                    "verse": "Sacrif\u00edcios indignos - O SENHOR dos Ex\u00e9rcitos diz aos sacerdotes: \u201cO filho honra seu pai, e o servo respeita seu senhor. Se eu sou seu pai e seu senhor, onde est\u00e3o a honra e o respeito que mere\u00e7o? Voc\u00eas desprezam meu nome! \u201cMas voc\u00eas perguntam: \u2018De que maneira desprezamos teu nome?\u2019."
                },
                "7": {
                    "verse_nr": "7",
                    "verse": "\u201cVoc\u00eas o desprezam oferecendo sacrif\u00edcios contaminados sobre meu altar. \u201cE voc\u00eas perguntam: \u2018De que maneira contaminamos os sacrif\u00edcios?\u2019. \u201cVoc\u00eas os contaminam dizendo que a mesa do SENHOR n\u00e3o merece respeito."
                },
                "8": {
                    "verse_nr": "8",
                    "verse": "Acaso n\u00e3o \u00e9 errado sacrificarem animais cegos? N\u00e3o \u00e9 errado oferecerem animais aleijados e doentes? Apresentem ofertas como essas a seu governador e vejam se ele ficar\u00e1 satisfeito e se agradar\u00e1 de voc\u00eas!\u201d, diz o SENHOR dos Ex\u00e9rcitos."
                },
                "9": {
                    "verse_nr": "9",
                    "verse": "\u201cV\u00e3o em frente, supliquem a Deus para que tenha compaix\u00e3o de voc\u00eas. Mas por que ele atenderia, uma vez que apresentam esse tipo de oferta?\u201d, diz o SENHOR dos Ex\u00e9rcitos."
                },
                "10": {
                    "verse_nr": "10",
                    "verse": "\u201cQuem dera um de voc\u00eas fechasse as portas do templo para que n\u00e3o se acendesse em v\u00e3o o fogo do meu altar! N\u00e3o me agrado de voc\u00eas\u201d, diz o SENHOR dos Ex\u00e9rcitos, \u201ce n\u00e3o aceitarei suas ofertas."
                },
                "11": {
                    "verse_nr": "11",
                    "verse": "Contudo, meu nome \u00e9 honrado de manh\u00e3 at\u00e9 a noite por pessoas de outras na\u00e7\u00f5es. Em todo o mundo oferecem incenso e sacrif\u00edcios puros em minha honra, pois meu nome \u00e9 grande entre as na\u00e7\u00f5es\u201d, diz o SENHOR dos Ex\u00e9rcitos."
                },
                "12": {
                    "verse_nr": "12",
                    "verse": "\u201cMas voc\u00eas, com suas a\u00e7\u00f5es, desonram meu nome. Ao trazer alimentos desprez\u00edveis, declaram que n\u00e3o h\u00e1 nada de errado em contaminar a mesa do Senhor."
                },
                "13": {
                    "verse_nr": "13",
                    "verse": "Dizem: \u2018\u00c9 dif\u00edcil demais servir ao SENHOR!\u2019 e desprezam minhas ordens\u201d, diz o SENHOR dos Ex\u00e9rcitos. \u201cVoc\u00eas trazem como ofertas animais roubados, aleijados e doentes! Acaso devo aceitar de suas m\u00e3os esse tipo de oferta?\u201d, diz o SENHOR."
                },
                "14": {
                    "verse_nr": "14",
                    "verse": "\u201cMaldito seja o trapaceiro que promete um carneiro forte de seu rebanho, mas depois sacrifica ao Senhor um animal defeituoso. Pois eu sou o grande Rei\u201d, diz o SENHOR dos Ex\u00e9rcitos, \u201ce meu nome \u00e9 temido entre as na\u00e7\u00f5es!\u201d"
                }
            }
        },
        "2": {
            "chapter_nr": "2",
            "chapter": {
                "1": {
                    "verse_nr": "1",
                    "verse": "Advert\u00eancia aos sacerdotes - \u201cOu\u00e7am, sacerdotes! Este mandamento \u00e9 para voc\u00eas."
                },
                "2": {
                    "verse_nr": "2",
                    "verse": "Escutem-me e decidam honrar meu nome\u201d, diz o SENHOR dos Ex\u00e9rcitos, \u201cpois, do contr\u00e1rio, enviarei maldi\u00e7\u00e3o sobre voc\u00eas. Amaldi\u00e7oarei at\u00e9 mesmo as b\u00ean\u00e7\u00e3os que receberem. Na verdade, j\u00e1 as amaldi\u00e7oei, pois voc\u00eas n\u00e3o levaram a s\u00e9rio minha advert\u00eancia."
                },
                "3": {
                    "verse_nr": "3",
                    "verse": "Castigarei seus descendentes, esfregarei em seu rosto o esterco dos sacrif\u00edcios que voc\u00eas ofereceram em suas festas sagradas e os lan\u00e7arei no monte de esterco."
                },
                "4": {
                    "verse_nr": "4",
                    "verse": "Assim, voc\u00eas saber\u00e3o que enviei este mandamento para que minha alian\u00e7a com os levitas continue\u201d, diz o SENHOR dos Ex\u00e9rcitos."
                },
                "5": {
                    "verse_nr": "5",
                    "verse": "\u201cO prop\u00f3sito de minha alian\u00e7a com os levitas era dar vida e paz, e foi o que lhes dei. Para isso, era necess\u00e1rio que me temessem, e eles demonstraram grande temor por mim e rever\u00eancia por meu nome."
                },
                "6": {
                    "verse_nr": "6",
                    "verse": "Transmitiram ao povo a verdade das leis que receberam de mim. N\u00e3o mentiram nem enganaram; andaram comigo, vivendo de modo pac\u00edfico e justo, e desviaram muitos do pecado."
                },
                "7": {
                    "verse_nr": "7",
                    "verse": "\u201cAs palavras do sacerdote devem guardar o conhecimento de Deus, e o povo deve buscar o sacerdote para receber instru\u00e7\u00e3o, pois ele \u00e9 mensageiro do SENHOR dos Ex\u00e9rcitos."
                },
                "8": {
                    "verse_nr": "8",
                    "verse": "Mas voc\u00eas, sacerdotes, se desviaram dos caminhos de Deus. Suas instru\u00e7\u00f5es fizeram muitos ca\u00edrem em pecado. Voc\u00eas quebraram a alian\u00e7a que fiz com os levitas\u201d, diz o SENHOR dos Ex\u00e9rcitos."
                },
                "9": {
                    "verse_nr": "9",
                    "verse": "\u201cPor isso fiz que voc\u00eas fossem desprezados e humilhados diante de todo o povo, pois n\u00e3o me obedeceram, mas mostraram parcialidade na aplica\u00e7\u00e3o de minha lei.\u201d"
                },
                "10": {
                    "verse_nr": "10",
                    "verse": "Chamado \u00e0 fidelidade - N\u00e3o somos filhos do mesmo Pai? N\u00e3o fomos todos criados pelo mesmo Deus? Ent\u00e3o por que tra\u00edmos uns aos outros e quebramos a alian\u00e7a de nossos antepassados?"
                },
                "11": {
                    "verse_nr": "11",
                    "verse": "Jud\u00e1 foi infiel, e uma coisa detest\u00e1vel foi feita em Israel e em Jerusal\u00e9m. Os homens de Jud\u00e1 contaminaram o santu\u00e1rio que o SENHOR ama ao se casarem com mulheres que adoram deuses estrangeiros."
                },
                "12": {
                    "verse_nr": "12",
                    "verse": "Que o SENHOR elimine das casas de Israel at\u00e9 o \u00faltimo homem que fez isso e que, ainda assim, apresenta uma oferta ao SENHOR dos Ex\u00e9rcitos."
                },
                "13": {
                    "verse_nr": "13",
                    "verse": "H\u00e1 outra coisa que voc\u00eas fazem. Cobrem de l\u00e1grimas o altar do SENHOR, choram e gemem porque ele n\u00e3o d\u00e1 aten\u00e7\u00e3o \u00e0s suas ofertas nem as aceita com prazer."
                },
                "14": {
                    "verse_nr": "14",
                    "verse": "E ainda perguntam: \u201cPor qu\u00ea?\u201d. Porque o SENHOR foi testemunha dos votos que voc\u00ea e sua esposa fizeram quando jovens. Mas voc\u00ea foi infiel, embora ela tenha continuado a ser sua companheira, a esposa \u00e0 qual voc\u00ea fez seus votos de casamento."
                },
                "15": {
                    "verse_nr": "15",
                    "verse": "Acaso o SENHOR n\u00e3o o fez um s\u00f3 com sua esposa? Em corpo e em esp\u00edrito voc\u00eas pertencem a ele. E o que ele quer? Dessa uni\u00e3o, quer filhos dedicados a ele. Portanto, guardem seu cora\u00e7\u00e3o; permane\u00e7am fi\u00e9is \u00e0 esposa de sua mocidade."
                },
                "16": {
                    "verse_nr": "16",
                    "verse": "\u201cPois eu odeio o div\u00f3rcio\u201d, diz o SENHOR, o Deus de Israel. \u201cDivorciar-se de sua esposa \u00e9 cobri-la de crueldade\u201d, diz o SENHOR dos Ex\u00e9rcitos. \u201cPortanto, guardem seu cora\u00e7\u00e3o; n\u00e3o sejam infi\u00e9is.\u201d"
                },
                "17": {
                    "verse_nr": "17",
                    "verse": "Voc\u00eas cansaram o SENHOR com suas palavras. \u201cDe que maneira o cansamos?\u201d, voc\u00eas perguntam. Voc\u00eas o cansaram dizendo que todos que praticam o mal s\u00e3o bons aos olhos do SENHOR e que ele se agrada deles, e tamb\u00e9m ao perguntar: \u201cOnde est\u00e1 o Deus da justi\u00e7a?\u201d."
                }
            }
        },
        "3": {
            "chapter_nr": "3",
            "chapter": {
                "1": {
                    "verse_nr": "1",
                    "verse": "O dia futuro de julgamento - \u201cVejam! Envio meu mensageiro, que preparar\u00e1 o caminho diante de mim. Ent\u00e3o, de repente, o Senhor a quem voc\u00eas buscam vir\u00e1 a seu templo. O mensageiro da alian\u00e7a, por quem voc\u00eas anseiam, certamente vir\u00e1\u201d, diz o SENHOR dos Ex\u00e9rcitos."
                },
                "2": {
                    "verse_nr": "2",
                    "verse": "\u201cMas quem poder\u00e1 suportar quando ele vier? Quem permanecer\u00e1 em p\u00e9 em sua presen\u00e7a quando ele aparecer? Pois ele ser\u00e1 como fogo ardente que refina o metal, como sab\u00e3o forte que branqueia as roupas."
                },
                "3": {
                    "verse_nr": "3",
                    "verse": "Ele se sentar\u00e1 como refinador de prata e queimar\u00e1 toda impureza. Purificar\u00e1 os levitas e os refinar\u00e1 como ouro e prata, para que voltem a oferecer sacrif\u00edcios aceit\u00e1veis ao SENHOR."
                },
                "4": {
                    "verse_nr": "4",
                    "verse": "Ent\u00e3o o SENHOR se agradar\u00e1 novamente das ofertas do povo de Jud\u00e1 e do povo de Jerusal\u00e9m, como no passado."
                },
                "5": {
                    "verse_nr": "5",
                    "verse": "\u201cNaquele dia, eu julgarei voc\u00eas. N\u00e3o demorarei para testemunhar contra todos os feiticeiros, ad\u00falteros e mentirosos. Falarei contra aqueles que roubam o sal\u00e1rio de seus empregados, que oprimem as vi\u00favas e os \u00f3rf\u00e3os, ou que privam os estrangeiros de seus direitos, pois essas pessoas n\u00e3o me temem\u201d, diz o SENHOR dos Ex\u00e9rcitos."
                },
                "6": {
                    "verse_nr": "6",
                    "verse": "Chamado ao arrependimento - \u201cEu sou o SENHOR e n\u00e3o mudo. Por isso voc\u00eas, descendentes de Jac\u00f3, ainda n\u00e3o foram destru\u00eddos."
                },
                "7": {
                    "verse_nr": "7",
                    "verse": "Desde os dias de seus antepassados voc\u00eas se afastaram de meus decretos e n\u00e3o os seguiram. Agora, voltem-se para mim, e eu me voltarei para voc\u00eas\u201d, diz o SENHOR dos Ex\u00e9rcitos. \u201cMas voc\u00eas perguntam: \u2018De que maneira voltaremos?\u2019."
                },
                "8": {
                    "verse_nr": "8",
                    "verse": "\u201cAcaso algu\u00e9m pode roubar a Deus? Mas voc\u00eas t\u00eam me roubado! \u201cPerguntam: \u2018Em que te roubamos?\u2019. \u201cVoc\u00eas me roubaram nos d\u00edzimos e nas ofertas."
                },
                "9": {
                    "verse_nr": "9",
                    "verse": "Est\u00e3o sob maldi\u00e7\u00e3o, pois a na\u00e7\u00e3o inteira tem me roubado."
                },
                "10": {
                    "verse_nr": "10",
                    "verse": "Tragam todos os seus d\u00edzimos aos dep\u00f3sitos do templo, para que haja provis\u00e3o em minha casa. Se o fizerem\u201d, diz o SENHOR dos Ex\u00e9rcitos, \u201cabrirei as janelas do c\u00e9u para voc\u00eas. Derramarei tantas b\u00ean\u00e7\u00e3os que n\u00e3o haver\u00e1 espa\u00e7o para guard\u00e1-las! Sim, ponham-me \u00e0 prova!"
                },
                "11": {
                    "verse_nr": "11",
                    "verse": "Suas colheitas ser\u00e3o fartas, pois as protegerei das pragas. Suas uvas n\u00e3o cair\u00e3o das videiras antes de amadurecerem\u201d, diz o SENHOR dos Ex\u00e9rcitos."
                },
                "12": {
                    "verse_nr": "12",
                    "verse": "\u201cEnt\u00e3o todas as na\u00e7\u00f5es os chamar\u00e3o de aben\u00e7oados, pois sua terra ser\u00e1 cheia de alegria\u201d, diz o SENHOR dos Ex\u00e9rcitos."
                },
                "13": {
                    "verse_nr": "13",
                    "verse": "\u201cVoc\u00eas falaram coisas terr\u00edveis contra mim\u201d, diz o SENHOR. \u201cMas voc\u00eas perguntam: \u2018O que falamos contra ti?\u2019."
                },
                "14": {
                    "verse_nr": "14",
                    "verse": "\u201cVoc\u00eas disseram: \u2018De que adianta servir a Deus? Que vantagem temos em obedecer a suas ordens ou chorar por nossos pecados diante do SENHOR dos Ex\u00e9rcitos?"
                },
                "15": {
                    "verse_nr": "15",
                    "verse": "De agora em diante, chamaremos de aben\u00e7oados os arrogantes. Pois os que praticam maldades enriquecem, e os que provocam a ira de Deus nenhum mal sofrem\u2019.\u201d"
                },
                "16": {
                    "verse_nr": "16",
                    "verse": "O SENHOR promete miseric\u00f3rdia - Ent\u00e3o aqueles que temiam o SENHOR falaram uns com os outros, e o SENHOR ouviu o que disseram. Na presen\u00e7a dele, foi escrito um livro memorial para registrar os nomes dos que o temiam e que sempre honravam seu nome."
                },
                "17": {
                    "verse_nr": "17",
                    "verse": "\u201cEles ser\u00e3o meu povo\u201d, diz o SENHOR dos Ex\u00e9rcitos. \u201cNo dia em que eu agir, eles ser\u00e3o meu tesouro especial. Terei compaix\u00e3o deles como o pai tem compaix\u00e3o de seu filho obediente."
                },
                "18": {
                    "verse_nr": "18",
                    "verse": "Ent\u00e3o voc\u00eas ver\u00e3o outra vez a diferen\u00e7a entre o justo e o mau, entre o que serve a Deus e o que n\u00e3o serve.\u201d"
                }
            }
        },
        "4": {
            "chapter_nr": "4",
            "chapter": {
                "1": {
                    "verse_nr": "1",
                    "verse": "O dia do julgamento se aproxima - Assim diz o SENHOR dos Ex\u00e9rcitos: \u201cO dia do julgamento se aproxima e arde como uma fornalha. Naquele dia, ser\u00e3o queimados como palha os arrogantes e os perversos. Ser\u00e3o consumidos, desde as ra\u00edzes at\u00e9 os ramos."
                },
                "2": {
                    "verse_nr": "2",
                    "verse": "\u201cMas, para voc\u00eas que temem meu nome, o sol da justi\u00e7a se levantar\u00e1, trazendo cura em suas asas. E voc\u00eas sair\u00e3o e saltar\u00e3o de alegria, como bezerros soltos no pasto."
                },
                "3": {
                    "verse_nr": "3",
                    "verse": "No dia em que eu agir, voc\u00eas pisar\u00e3o sobre os perversos como se eles fossem p\u00f3 sob os seus p\u00e9s\u201d, diz o SENHOR dos Ex\u00e9rcitos."
                },
                "4": {
                    "verse_nr": "4",
                    "verse": "\u201cLembrem-se de obedecer \u00e0 lei de Mois\u00e9s, meu servo, a todos os decretos e estatutos que dei a todo o Israel no monte Sinai."
                },
                "5": {
                    "verse_nr": "5",
                    "verse": "\u201cVejam, eu lhes envio o profeta Elias antes da vinda do grande e terr\u00edvel dia do SENHOR."
                },
                "6": {
                    "verse_nr": "6",
                    "verse": "Ele far\u00e1 que o cora\u00e7\u00e3o dos pais volte para seus filhos e o cora\u00e7\u00e3o dos filhos volte para seus pais. Do contr\u00e1rio, eu virei e castigarei a terra com maldi\u00e7\u00e3o.\u201d"
                }
            }
        }
    }
}