{
    "version": "GL9",
    "book_name": "1 Timothy",
    "book_nr": "54",
    "book": {
        "1": {
            "chapter_nr": "1",
            "chapter": {
                "1": {
                    "verse_nr": "1",
                    "verse": "Paulus, ein Apostel Jesu Christi nach dem Befehl Gottes, unsers Heilandes, und des HERRN Jesu Christi, der unsre Hoffnung ist,"
                },
                "2": {
                    "verse_nr": "2",
                    "verse": "dem Timotheus, meinem rechtschaffenen Sohn im Glauben: Gnade, Barmherzigkeit, Friede von Gott, unserm Vater, und unserm HERRN Jesus Christus!"
                },
                "3": {
                    "verse_nr": "3",
                    "verse": "Wie ich dich ermahnt habe, da\u00df du zu Ephesus bliebest, da ich nach Mazedonien zog, und geb\u00f6test etlichen, da\u00df sie nicht anders lehrten,"
                },
                "4": {
                    "verse_nr": "4",
                    "verse": "und nicht acht h\u00e4tten auf die Fabeln und Geschlechtsregister, die kein Ende haben und Fragen aufbringen mehr denn Besserung zu Gott im Glauben;"
                },
                "5": {
                    "verse_nr": "5",
                    "verse": "denn die Hauptsumme des Gebotes ist Liebe von reinem Herzen und von gutem Gewissen und von ungef\u00e4rbtem Glauben;"
                },
                "6": {
                    "verse_nr": "6",
                    "verse": "wovon etliche sind abgeirrt und haben sich umgewandt zu unn\u00fctzem Geschw\u00e4tz,"
                },
                "7": {
                    "verse_nr": "7",
                    "verse": "wollen der Schrift Meister sein, und verstehen nicht, was sie sagen oder was sie setzen."
                },
                "8": {
                    "verse_nr": "8",
                    "verse": "Wir wissen aber, da\u00df das Gesetz gut ist, so es jemand recht braucht"
                },
                "9": {
                    "verse_nr": "9",
                    "verse": "und wei\u00df solches, da\u00df dem Gerechten kein Gesetz gegeben ist, sondern den Ungerechten und Ungehorsamen, den Gottlosen und S\u00fcndern, den Unheiligen und Ungeistlichen, den Vaterm\u00f6rdern und Mutterm\u00f6rdern, den Totschl\u00e4gern"
                },
                "10": {
                    "verse_nr": "10",
                    "verse": "den Hurern, den Knabensch\u00e4ndern, den Menschendieben, den L\u00fcgnern, den Meineidigen und so etwas mehr der heilsamen Lehre zuwider ist,"
                },
                "11": {
                    "verse_nr": "11",
                    "verse": "nach dem herrlichen Evangelium des seligen Gottes, welches mir anvertrauet ist."
                },
                "12": {
                    "verse_nr": "12",
                    "verse": "Ich danke unserm HERR Christus Jesus, der mich stark gemacht und treu geachtet hat und gesetzt in das Amt,"
                },
                "13": {
                    "verse_nr": "13",
                    "verse": "der ich zuvor war ein L\u00e4sterer und ein Verfolger und ein Schm\u00e4her; aber mir ist Barmherzigkeit widerfahren, denn ich habe es unwissend getan im Unglauben."
                },
                "14": {
                    "verse_nr": "14",
                    "verse": "Es ist aber desto reicher gewesen die Gnade unsers HERRN samt dem Glauben und der Liebe, die in Christo Jesu ist."
                },
                "15": {
                    "verse_nr": "15",
                    "verse": "Das ist gewi\u00dflich wahr und ein teuer wertes Wort, da\u00df Christus Jesus gekommen ist in die Welt, die S\u00fcnder selig zu machen, unter welchen ich der vornehmste bin."
                },
                "16": {
                    "verse_nr": "16",
                    "verse": "Aber darum ist mir Barmherzigkeit widerfahren, auf da\u00df an mir vornehmlich Jesus Christus erzeigte alle Geduld, zum Vorbild denen, die an ihn glauben sollten zum ewigen Leben."
                },
                "17": {
                    "verse_nr": "17",
                    "verse": "Aber Gott, dem ewigen K\u00f6nig, dem Unverg\u00e4nglichen und Unsichtbaren und allein Weisen, sei Ehre und Preis in Ewigkeit! Amen."
                },
                "18": {
                    "verse_nr": "18",
                    "verse": "Dies Gebot befehle ich dir, mein Sohn Timotheus, nach den vorherigen Weissagungen \u00fcber dich, da\u00df du in ihnen eine gute Ritterschaft \u00fcbest"
                },
                "19": {
                    "verse_nr": "19",
                    "verse": "und habest den Glauben und gutes Gewissen, welches etliche von sich gesto\u00dfen und am Glauben Schiffbruch erlitten haben;"
                },
                "20": {
                    "verse_nr": "20",
                    "verse": "unter welchen ist Hymen\u00e4us und Alexander, welche ich habe dem Satan \u00fcbergeben, da\u00df sie gez\u00fcchtigt werden, nicht mehr zu l\u00e4stern."
                }
            }
        },
        "2": {
            "chapter_nr": "2",
            "chapter": {
                "1": {
                    "verse_nr": "1",
                    "verse": "So ermahne ich euch nun, da\u00df man vor allen Dingen zuerst tue Bitte, Gebet, F\u00fcrbitte und Danksagung f\u00fcr alle Menschen,"
                },
                "2": {
                    "verse_nr": "2",
                    "verse": "f\u00fcr die K\u00f6nige und alle Obrigkeit, auf da\u00df wir ein ruhiges und stilles Leben f\u00fchren m\u00f6gen in aller Gottseligkeit und Ehrbarkeit."
                },
                "3": {
                    "verse_nr": "3",
                    "verse": "Denn solches ist gut und angenehm vor Gott, unserm Heiland,"
                },
                "4": {
                    "verse_nr": "4",
                    "verse": "welcher will, da\u00df allen Menschen geholfen werde und sie zur Erkenntnis der Wahrheit kommen."
                },
                "5": {
                    "verse_nr": "5",
                    "verse": "Denn es ist ein Gott und ein Mittler zwischen Gott und den Menschen, n\u00e4mlich der Mensch Christus Jesus,"
                },
                "6": {
                    "verse_nr": "6",
                    "verse": "der sich selbst gegeben hat f\u00fcr alle zur Erl\u00f6sung, da\u00df solches zu seiner Zeit gepredigt w\u00fcrde;"
                },
                "7": {
                    "verse_nr": "7",
                    "verse": "dazu ich gesetzt bin als Prediger und Apostel (ich sage die Wahrheit in Christo und l\u00fcge nicht), als Lehrer der Heiden im Glauben und in der Wahrheit."
                },
                "8": {
                    "verse_nr": "8",
                    "verse": "So will ich nun, da\u00df die M\u00e4nner beten an allen Orten und aufheben heilige H\u00e4nde ohne Zorn und Zweifel."
                },
                "9": {
                    "verse_nr": "9",
                    "verse": "Desgleichen da\u00df die Weiber in zierlichem Kleide mit Scham und Zucht sich schm\u00fccken, nicht mit Z\u00f6pfen oder Gold oder Perlen oder k\u00f6stlichem Gewand,"
                },
                "10": {
                    "verse_nr": "10",
                    "verse": "sondern, wie sich's ziemt den Weibern, die da Gottseligkeit beweisen wollen, durch gute Werke."
                },
                "11": {
                    "verse_nr": "11",
                    "verse": "Ein Weib lerne in der Stille mit aller Untert\u00e4nigkeit."
                },
                "12": {
                    "verse_nr": "12",
                    "verse": "Einem Weibe aber gestatte ich nicht, da\u00df sie lehre, auch nicht, da\u00df sie des Mannes Herr sei, sondern stille sei."
                },
                "13": {
                    "verse_nr": "13",
                    "verse": "Denn Adam ist am ersten gemacht, darnach Eva."
                },
                "14": {
                    "verse_nr": "14",
                    "verse": "Und Adam ward nicht verf\u00fchrt; das Weib aber ward verf\u00fchrt und hat die \u00dcbertretung eingef\u00fchrt."
                },
                "15": {
                    "verse_nr": "15",
                    "verse": "Sie wird aber selig werden durch Kinderzeugen, so sie bleiben im Glauben und in der Liebe und in der Heiligung samt der Zucht."
                }
            }
        },
        "3": {
            "chapter_nr": "3",
            "chapter": {
                "1": {
                    "verse_nr": "1",
                    "verse": "Das ist gewi\u00dflich wahr: So jemand ein Bischofsamt begehrt, der begehrt ein k\u00f6stlich Werk."
                },
                "2": {
                    "verse_nr": "2",
                    "verse": "Es soll aber ein Bischof unstr\u00e4flich sein, eines Weibes Mann, n\u00fcchtern, m\u00e4\u00dfig, sittig, gastfrei, lehrhaft,"
                },
                "3": {
                    "verse_nr": "3",
                    "verse": "nicht ein Weins\u00e4ufer, nicht raufen, nicht unehrliche Hantierung treiben, sondern gelinde, nicht z\u00e4nkisch, nicht geizig,"
                },
                "4": {
                    "verse_nr": "4",
                    "verse": "der seinem eigenen Hause wohl vorstehe, der gehorsame Kinder habe mit aller Ehrbarkeit,"
                },
                "5": {
                    "verse_nr": "5",
                    "verse": "(so aber jemand seinem eigenen Hause nicht wei\u00df vorzustehen, wie wird er die Gemeinde Gottes versorgen?);"
                },
                "6": {
                    "verse_nr": "6",
                    "verse": "Nicht ein Neuling, auf da\u00df er sich nicht aufblase und ins Urteil des L\u00e4sterers falle."
                },
                "7": {
                    "verse_nr": "7",
                    "verse": "Er mu\u00df aber auch ein gutes Zeugnis haben von denen, die drau\u00dfen sind, auf da\u00df er nicht falle dem L\u00e4sterer in Schmach und Strick."
                },
                "8": {
                    "verse_nr": "8",
                    "verse": "Desgleichen die Diener sollen ehrbar sein, nicht zweiz\u00fcngig, nicht Weins\u00e4ufer, nicht unehrliche Hantierungen treiben;"
                },
                "9": {
                    "verse_nr": "9",
                    "verse": "die das Geheimnis des Glaubens in reinem Gewissen haben."
                },
                "10": {
                    "verse_nr": "10",
                    "verse": "Und diese lasse man zuvor versuchen; darnach lasse man sie dienen, wenn sie unstr\u00e4flich sind."
                },
                "11": {
                    "verse_nr": "11",
                    "verse": "Desgleichen ihre Weiber sollen ehrbar sein, nicht L\u00e4sterinnen, n\u00fcchtern, treu in allen Dingen."
                },
                "12": {
                    "verse_nr": "12",
                    "verse": "Die Diener la\u00df einen jeglichen sein eines Weibes Mann, die ihren Kindern wohl vorstehen und ihren eigenen H\u00e4usern."
                },
                "13": {
                    "verse_nr": "13",
                    "verse": "Welche aber wohl dienen, die erwerben sich selbst eine gute Stufe und eine gro\u00dfe Freudigkeit im Glauben an Christum Jesum."
                },
                "14": {
                    "verse_nr": "14",
                    "verse": "Solches schreibe ich dir und hoffe, bald zu dir zu kommen;"
                },
                "15": {
                    "verse_nr": "15",
                    "verse": "so ich aber verz\u00f6ge, da\u00df du wissest, wie du wandeln sollst in dem Hause Gottes, welches ist die Gemeinde des lebendigen Gottes, ein Pfeiler und eine Grundfeste der Wahrheit."
                },
                "16": {
                    "verse_nr": "16",
                    "verse": "Und k\u00fcndlich gro\u00df ist das gottselige Geheimnis: Gott ist offenbart im Fleisch, gerechtfertigt im Geist, erschienen den Engeln, gepredigt den Heiden, geglaubt von der Welt, aufgenommen in die Herrlichkeit."
                }
            }
        },
        "4": {
            "chapter_nr": "4",
            "chapter": {
                "1": {
                    "verse_nr": "1",
                    "verse": "Der Geist aber sagt deutlich, da\u00df in den letzten Zeiten werden etliche von dem Glauben abtreten und anhangen den verf\u00fchrerischen Geistern und Lehren der Teufel"
                },
                "2": {
                    "verse_nr": "2",
                    "verse": "durch die, so in Gleisnerei L\u00fcgen reden und Brandmal in ihrem Gewissen haben,"
                },
                "3": {
                    "verse_nr": "3",
                    "verse": "die da gebieten, nicht ehelich zu werden und zu meiden die Speisen, die Gott geschaffen hat zu nehmen mit Danksagung, den Gl\u00e4ubigen und denen, die die Wahrheit erkennen."
                },
                "4": {
                    "verse_nr": "4",
                    "verse": "Denn alle Kreatur Gottes ist gut, und nichts ist verwerflich, das mit Danksagung empfangen wird;"
                },
                "5": {
                    "verse_nr": "5",
                    "verse": "denn es wird geheiligt durch das Wort Gottes und Gebet."
                },
                "6": {
                    "verse_nr": "6",
                    "verse": "Wenn du den Br\u00fcdern solches vorh\u00e4ltst, so wirst du ein guter Diener Jesu Christi sein, auferzogen in den Worten des Glaubens und der guten Lehre, bei welcher du immerdar gewesen bist."
                },
                "7": {
                    "verse_nr": "7",
                    "verse": "Aber der ungeistlichen Altweiberfabeln entschlage dich; \u00fcbe dich selbst aber in der Gottseligkeit."
                },
                "8": {
                    "verse_nr": "8",
                    "verse": "Denn die leibliche \u00dcbung ist wenig n\u00fctz; aber die Gottseligkeit ist zu allen Dingen n\u00fctz und hat die Verhei\u00dfung dieses und des zuk\u00fcnftigen Lebens."
                },
                "9": {
                    "verse_nr": "9",
                    "verse": "Das ist gewi\u00dflich wahr und ein teuer wertes Wort."
                },
                "10": {
                    "verse_nr": "10",
                    "verse": "Denn dahin arbeiten wir auch und werden geschm\u00e4ht, da\u00df wir auf den lebendigen Gott gehofft haben, welcher ist der Heiland aller Menschen, sonderlich der Gl\u00e4ubigen."
                },
                "11": {
                    "verse_nr": "11",
                    "verse": "Solches gebiete und lehre."
                },
                "12": {
                    "verse_nr": "12",
                    "verse": "Niemand verachte deine Jugend; sondern sei ein Vorbild den Gl\u00e4ubigen im Wort, im Wandel, in der Liebe, im Geist, im Glauben, in der Keuschheit."
                },
                "13": {
                    "verse_nr": "13",
                    "verse": "Halte an mit Lesen, mit Ermahnen, mit Lehren, bis ich komme."
                },
                "14": {
                    "verse_nr": "14",
                    "verse": "La\u00df nicht aus der Acht die Gabe, die dir gegeben ist durch die Weissagung mit Handauflegung der \u00c4ltesten."
                },
                "15": {
                    "verse_nr": "15",
                    "verse": "Dessen warte, gehe damit um, auf da\u00df dein Zunehmen in allen Dingen offenbar sei."
                },
                "16": {
                    "verse_nr": "16",
                    "verse": "Habe acht auf dich selbst und auf die Lehre; beharre in diesen St\u00fccken. Denn wo du solches tust, wirst du dich selbst selig machen und die dich h\u00f6ren."
                }
            }
        },
        "5": {
            "chapter_nr": "5",
            "chapter": {
                "1": {
                    "verse_nr": "1",
                    "verse": "Einen Alten schilt nicht, sondern ermahne ihn als einen Vater, die Jungen als Br\u00fcder,"
                },
                "2": {
                    "verse_nr": "2",
                    "verse": "Die alten Weiber als M\u00fctter, die jungen als Schwestern mit aller Keuschheit."
                },
                "3": {
                    "verse_nr": "3",
                    "verse": "Ehre die Witwen, welche rechte Witwen sind."
                },
                "4": {
                    "verse_nr": "4",
                    "verse": "So aber eine Witwe Enkel oder Kinder hat, solche la\u00df zuvor lernen, ihre eigenen H\u00e4user g\u00f6ttlich regieren und den Eltern Gleiches vergelten; denn das ist wohl getan und angenehm vor Gott."
                },
                "5": {
                    "verse_nr": "5",
                    "verse": "Das ist aber die rechte Witwe, die einsam ist, die ihre Hoffnung auf Gott stellt und bleibt am Gebet und Flehen Tag und Nacht."
                },
                "6": {
                    "verse_nr": "6",
                    "verse": "Welche aber in Woll\u00fcsten lebt, die ist lebendig tot."
                },
                "7": {
                    "verse_nr": "7",
                    "verse": "Solches gebiete, auf da\u00df sie untadelig seien."
                },
                "8": {
                    "verse_nr": "8",
                    "verse": "So aber jemand die Seinen, sonderlich seine Hausgenossen, nicht versorgt, der hat den Glauben verleugnet und ist \u00e4rger denn ein Heide."
                },
                "9": {
                    "verse_nr": "9",
                    "verse": "La\u00df keine Witwe erw\u00e4hlt werden unter sechzig Jahren, und die da gewesen sei eines Mannes Weib,"
                },
                "10": {
                    "verse_nr": "10",
                    "verse": "und die ein Zeugnis habe guter Werke: so sie Kinder aufgezogen hat, so sie gastfrei gewesen ist, so sie der Heiligen F\u00fc\u00dfe gewaschen hat, so sie den Tr\u00fcbseligen Handreichung getan hat, so sie in allem guten Werk nachgekommen ist."
                },
                "11": {
                    "verse_nr": "11",
                    "verse": "Der jungen Witwen aber entschlage dich; denn wenn sie geil geworden sind wider Christum, so wollen sie freien"
                },
                "12": {
                    "verse_nr": "12",
                    "verse": "und haben ihr Urteil, da\u00df sie den ersten Glauben gebrochen haben."
                },
                "13": {
                    "verse_nr": "13",
                    "verse": "Daneben sind sie faul und lernen umlaufen durch die H\u00e4user; nicht allein aber sind sie faul sondern auch geschw\u00e4tzig und vorwitzig und reden, was nicht sein soll."
                },
                "14": {
                    "verse_nr": "14",
                    "verse": "So will ich nun, da\u00df die jungen Witwen freien, Kinder zeugen, haushalten, dem Widersacher keine Ursache geben zu schelten."
                },
                "15": {
                    "verse_nr": "15",
                    "verse": "Denn es sind schon etliche umgewandt dem Satan nach."
                },
                "16": {
                    "verse_nr": "16",
                    "verse": "So aber ein Gl\u00e4ubiger oder Gl\u00e4ubige Witwen hat, der versorge sie und lasse die Gemeinde nicht beschwert werden, auf da\u00df die, so rechte Witwen sind, m\u00f6gen genug haben."
                },
                "17": {
                    "verse_nr": "17",
                    "verse": "Die \u00c4ltesten, die wohl vorstehen, die halte man zweifacher Ehre wert, sonderlich die da arbeiten im Wort und in der Lehre."
                },
                "18": {
                    "verse_nr": "18",
                    "verse": "Denn es spricht die Schrift: \u201cDu sollst dem Ochsen nicht das Maul verbinden, der da drischt;\u201d und \u201cEin Arbeiter ist seines Lohnes wert.\u201d"
                },
                "19": {
                    "verse_nr": "19",
                    "verse": "Wider einen \u00c4ltesten nimm keine Klage an ohne zwei oder drei Zeugen."
                },
                "20": {
                    "verse_nr": "20",
                    "verse": "Die da s\u00fcndigen, die strafe vor allen, auf da\u00df sich auch die andern f\u00fcrchten."
                },
                "21": {
                    "verse_nr": "21",
                    "verse": "Ich bezeuge vor Gott und dem HERRN Jesus Christus und den auserw\u00e4hlten Engeln, da\u00df du solches haltest ohne eigenes Gutd\u00fcnken und nichts tust nach Gunst."
                },
                "22": {
                    "verse_nr": "22",
                    "verse": "Die H\u00e4nde lege niemand zu bald auf, mache dich auch nicht teilhaftig fremder S\u00fcnden. Halte dich selber keusch."
                },
                "23": {
                    "verse_nr": "23",
                    "verse": "Trinke nicht mehr Wasser, sondern auch ein wenig Wein um deines Magens willen und weil du oft krank bist."
                },
                "24": {
                    "verse_nr": "24",
                    "verse": "Etlicher Menschen S\u00fcnden sind offenbar, da\u00df man sie zuvor richten kann; bei etlichen aber werden sie hernach offenbar."
                },
                "25": {
                    "verse_nr": "25",
                    "verse": "Desgleichen auch etlicher gute Werke sind zuvor offenbar, und die andern bleiben auch nicht verborgen."
                }
            }
        },
        "6": {
            "chapter_nr": "6",
            "chapter": {
                "1": {
                    "verse_nr": "1",
                    "verse": "Die Knechte, so unter dem Joch sind, sollen ihre Herren aller Ehre wert halten, auf da\u00df nicht der Name Gottes und die Lehre verl\u00e4stert werde."
                },
                "2": {
                    "verse_nr": "2",
                    "verse": "Welche aber gl\u00e4ubige Herren haben, sollen sie nicht verachten, weil sie Br\u00fcder sind, sondern sollen viel mehr dienstbar sein, dieweil sie gl\u00e4ubig und geliebt und der Wohltat teilhaftig sind. Solches lehre und ermahne."
                },
                "3": {
                    "verse_nr": "3",
                    "verse": "So jemand anders lehrt und bleibt nicht bei den heilsamen Worten unsers HERRN Jesu Christi und bei der Lehre, die gem\u00e4\u00df ist der Gottseligkeit,"
                },
                "4": {
                    "verse_nr": "4",
                    "verse": "der ist aufgeblasen und wei\u00df nichts, sondern hat die Seuche der Fragen und Wortkriege, aus welchen entspringt Neid, Hader, L\u00e4sterung, b\u00f6ser Argwohn."
                },
                "5": {
                    "verse_nr": "5",
                    "verse": "Schulgez\u00e4nke solcher Menschen, die zerr\u00fcttete Sinne haben und der Wahrheit beraubt sind, die da meinen, Gottseligkeit sei ein Gewerbe. Tue dich von solchen!"
                },
                "6": {
                    "verse_nr": "6",
                    "verse": "Es ist aber ein gro\u00dfer Gewinn, wer gottselig ist und l\u00e4sset sich gen\u00fcgen."
                },
                "7": {
                    "verse_nr": "7",
                    "verse": "Denn wir haben nichts in die Welt gebracht; darum offenbar ist, wir werden auch nichts hinausbringen."
                },
                "8": {
                    "verse_nr": "8",
                    "verse": "Wenn wir aber Nahrung und Kleider haben, so lasset uns gen\u00fcgen."
                },
                "9": {
                    "verse_nr": "9",
                    "verse": "Denn die da reich werden wollen, die fallen in Versuchung und Stricke und viel t\u00f6richte und sch\u00e4dliche L\u00fcste, welche versenken die Menschen ins Verderben und Verdammnis."
                },
                "10": {
                    "verse_nr": "10",
                    "verse": "Denn Geiz ist eine Wurzel alles \u00dcbels; das hat etliche gel\u00fcstet und sind vom Glauben irregegangen und machen sich selbst viel Schmerzen."
                },
                "11": {
                    "verse_nr": "11",
                    "verse": "Aber du, Gottesmensch, fliehe solches! Jage aber nach der Gerechtigkeit, der Gottseligkeit, dem Glauben, der Liebe, der Geduld, der Sanftmut;"
                },
                "12": {
                    "verse_nr": "12",
                    "verse": "k\u00e4mpfe den guten Kampf des Glaubens; ergreife das ewige Leben, dazu du auch berufen bist und bekannt hast ein gutes Bekenntnis vor vielen Zeugen."
                },
                "13": {
                    "verse_nr": "13",
                    "verse": "Ich gebiete dir vor Gott, der alle Dinge lebendig macht, und vor Christo Jesu, der unter Pontius Pilatus bezeugt hat ein gutes Bekenntnis,"
                },
                "14": {
                    "verse_nr": "14",
                    "verse": "da\u00df du haltest das Gebot ohne Flecken, untadelig, bis auf die Erscheinung unsers HERRN Jesu Christi,"
                },
                "15": {
                    "verse_nr": "15",
                    "verse": "welche wird zeigen zu seiner Zeit der Selige und allein Gewaltige, der K\u00f6nig aller K\u00f6nige und HERR aller Herren."
                },
                "16": {
                    "verse_nr": "16",
                    "verse": "der allein Unsterblichkeit hat, der da wohnt in einem Licht, da niemand zukommen kann, welchen kein Mensch gesehen hat noch sehen kann; dem sei Ehre und ewiges Reich! Amen."
                },
                "17": {
                    "verse_nr": "17",
                    "verse": "Den Reichen von dieser Welt gebiete, da\u00df sie nicht stolz seien, auch nicht hoffen auf den ungewissen Reichtum, sondern auf den lebendigen Gott, der uns dargibt reichlich, allerlei zu genie\u00dfen;"
                },
                "18": {
                    "verse_nr": "18",
                    "verse": "da\u00df sie Gutes tun, reich werden an guten Werken, gern geben, behilflich seien,"
                },
                "19": {
                    "verse_nr": "19",
                    "verse": "Sch\u00e4tze sammeln, sich selbst einen guten Grund aufs Zuk\u00fcnftige, da\u00df sie ergreifen das wahre Leben."
                },
                "20": {
                    "verse_nr": "20",
                    "verse": "O Timotheus! bewahre, was dir vertraut ist, und meide die ungeistlichen, losen Geschw\u00e4tze und das Gez\u00e4nke der falsch ber\u00fchmten Kunst,"
                },
                "21": {
                    "verse_nr": "21",
                    "verse": "welche etliche vorgeben und gehen vom Glauben irre. Die Gnade sei mit dir! Amen."
                }
            }
        }
    }
}