{
    "version": "CZK",
    "book_name": "1 John",
    "book_nr": "62",
    "book": {
        "1": {
            "chapter_nr": "1",
            "chapter": {
                "1": {
                    "verse_nr": "1",
                    "verse": "Co\u017e bylo od po\u010d\u00e1tku, co\u017e jsme sl\u00fdchali, co jsme o\u010dima sv\u00fdma vid\u011bli, a co jsme piln\u011b spat\u0159ili, a \u010deho se ruce na\u0161e dot\u00fdkaly, o slovu \u017eivota,"
                },
                "2": {
                    "verse_nr": "2",
                    "verse": "(Nebo ten \u017eivot zjeven jest, a my jsme vid\u011bli, a sv\u011bd\u010d\u00edme, i zv\u011bstujeme v\u00e1m ten \u017eivot v\u011b\u010dn\u00fd, kter\u00fd\u017e byl u Otce, a zjeven jest n\u00e1m, )"
                },
                "3": {
                    "verse_nr": "3",
                    "verse": "Co\u017e jsme vid\u011bli a sly\u0161eli, zv\u011bstujeme v\u00e1m, abyste i vy s n\u00e1mi obecenstv\u00ed m\u011bli, a obecenstv\u00ed na\u0161e aby bylo s Otcem i s Synem jeho Jezukristem."
                },
                "4": {
                    "verse_nr": "4",
                    "verse": "A toto\u0165 p\u00ed\u0161eme v\u00e1m, aby radost va\u0161e byla pln\u00e1."
                },
                "5": {
                    "verse_nr": "5",
                    "verse": "To\u0165 jest tedy zv\u011bstov\u00e1n\u00ed to, kter\u00e9\u017e jsme sl\u00fdchali od n\u011bho, a zv\u011bstujeme v\u00e1m: \u017de B\u016fh jest sv\u011btlo, a tmy v n\u011bm ni\u017e\u00e1dn\u00e9 nen\u00ed."
                },
                "6": {
                    "verse_nr": "6",
                    "verse": "D\u00edme-li, \u017ee s n\u00edm obecenstv\u00ed m\u00e1me, a ve tm\u011b chod\u00edme, l\u017eeme, a ne\u010din\u00edme pravdy."
                },
                "7": {
                    "verse_nr": "7",
                    "verse": "Pakli\u0165 chod\u00edme v sv\u011btle, jako on jest v sv\u011btle, obecenstv\u00ed m\u00e1me vespolek, a krev Krista Je\u017e\u00ed\u0161e Syna jeho o\u010di\u0161\u0165uje n\u00e1s od v\u0161elik\u00e9ho h\u0159\u00edchu."
                },
                "8": {
                    "verse_nr": "8",
                    "verse": "Pakli\u0165 d\u00edme, \u017ee h\u0159\u00edchu nem\u00e1me, sami se svod\u00edme, a pravdy v n\u00e1s nen\u00ed."
                },
                "9": {
                    "verse_nr": "9",
                    "verse": "Jestli\u017ee pak budeme vyzn\u00e1vati h\u0159\u00edchy sv\u00e9, v\u011brn\u00fd\u0165 jest B\u016fh a spravedliv\u00fd, aby n\u00e1m odpustil h\u0159\u00edchy, a o\u010distil n\u00e1s od v\u0161elik\u00e9 nepravosti."
                },
                "10": {
                    "verse_nr": "10",
                    "verse": "D\u00edme-li, \u017ee jsme neh\u0159e\u0161ili, \u010din\u00edme jej lh\u00e1\u0159em, a nen\u00ed\u0165 v n\u00e1s slova jeho."
                }
            }
        },
        "2": {
            "chapter_nr": "2",
            "chapter": {
                "1": {
                    "verse_nr": "1",
                    "verse": "Syn\u00e1\u010dkov\u00e9 moji, toto\u0165 v\u00e1m p\u00ed\u0161i, abyste neh\u0159e\u0161ili. Pakli\u0165 by kdo zh\u0159e\u0161il, p\u0159\u00edmluvci m\u00e1me u Otce, Je\u017e\u00ed\u0161e Krista spravedliv\u00e9ho."
                },
                "2": {
                    "verse_nr": "2",
                    "verse": "A on\u0165 jest ob\u011bt slitov\u00e1n\u00ed za h\u0159\u00edchy na\u0161e, a netoliko za na\u0161e, ale i za v\u0161eho sv\u011bta."
                },
                "3": {
                    "verse_nr": "3",
                    "verse": "A po tom\u0165 zn\u00e1me, \u017ee jsme jej poznali, jestli\u017ee p\u0159ik\u00e1zan\u00ed jeho ost\u0159\u00edh\u00e1me."
                },
                "4": {
                    "verse_nr": "4",
                    "verse": "D\u00ed-li\u0165 kdo: Zn\u00e1m jej, a p\u0159ik\u00e1zan\u00ed jeho neost\u0159\u00edh\u00e1, lh\u00e1\u0159\u0165 jest, a pravdy v n\u011bm nen\u00ed."
                },
                "5": {
                    "verse_nr": "5",
                    "verse": "Ale kdo\u017e\u0165 ost\u0159\u00edh\u00e1 slova jeho, v pravd\u011b\u0165 l\u00e1ska Bo\u017e\u00ed v tom jest dokonal\u00e1. Po tom\u0165 zn\u00e1me, \u017ee jsme v n\u011bm."
                },
                "6": {
                    "verse_nr": "6",
                    "verse": "Kdo prav\u00ed, \u017ee v n\u011bm z\u016fst\u00e1v\u00e1, ten\u0165 m\u00e1, jak\u017e on chodil, tak choditi."
                },
                "7": {
                    "verse_nr": "7",
                    "verse": "Brat\u0159\u00ed, ne nov\u00e9 p\u0159ik\u00e1zan\u00ed p\u00ed\u0161i v\u00e1m, ale p\u0159ik\u00e1zan\u00ed star\u00e9, kter\u00e9\u017e jste m\u011bli od po\u010d\u00e1tku. A to p\u0159ik\u00e1zan\u00ed star\u00e9 jesti\u0165 slovo to, kter\u00e9\u017e jste sly\u0161eli od po\u010d\u00e1tku."
                },
                "8": {
                    "verse_nr": "8",
                    "verse": "A zase p\u0159ik\u00e1zan\u00ed nov\u00e9 p\u00ed\u0161i v\u00e1m, kter\u00e9\u017e jest prav\u00e9 i v n\u011bm i v v\u00e1s. Nebo tma pom\u00edj\u00ed, a sv\u011btlo to prav\u00e9 ji\u017e sv\u00edt\u00ed."
                },
                "9": {
                    "verse_nr": "9",
                    "verse": "Kdo prav\u00ed, \u017ee jest v sv\u011btle, a bratra sv\u00e9ho nen\u00e1vid\u00ed, v temnosti\u0165 jest a\u017e posavad."
                },
                "10": {
                    "verse_nr": "10",
                    "verse": "Kdo\u017e miluje bratra sv\u00e9ho, v sv\u011btle z\u016fst\u00e1v\u00e1, a pohor\u0161en\u00ed v n\u011bm nen\u00ed."
                },
                "11": {
                    "verse_nr": "11",
                    "verse": "Ale kdo\u017e nen\u00e1vid\u00ed bratra sv\u00e9ho, v temnosti jest, a v temnosti chod\u00ed, a nev\u00ed, kam jde; nebo temnost oslepila o\u010di jeho."
                },
                "12": {
                    "verse_nr": "12",
                    "verse": "P\u00ed\u0161i v\u00e1m, syn\u00e1\u010dkov\u00e9, \u017ee\u0165 jsou v\u00e1m odpu\u0161t\u011bni h\u0159\u00edchov\u00e9 pro jm\u00e9no jeho."
                },
                "13": {
                    "verse_nr": "13",
                    "verse": "P\u00ed\u0161i v\u00e1m, otcov\u00e9, \u017ee jste poznali toho, kter\u00fd\u017e jest od po\u010d\u00e1tku. P\u00ed\u0161i v\u00e1m, ml\u00e1denci, \u017ee jste sv\u00edt\u011bzili nad t\u00edm zlostn\u00edkem."
                },
                "14": {
                    "verse_nr": "14",
                    "verse": "P\u00ed\u0161i v\u00e1m, d\u00edtky, \u017ee jste poznali Otce. Psal jsem v\u00e1m, otcov\u00e9, \u017ee jste poznali toho, kter\u00fd\u017e jest od po\u010d\u00e1tku. Psal jsem v\u00e1m, ml\u00e1denci, \u017ee siln\u00ed jste, a slovo Bo\u017e\u00ed v v\u00e1s z\u016fst\u00e1v\u00e1, a \u017ee jste sv\u00edt\u011bzili nad t\u00edm zlostn\u00edkem."
                },
                "15": {
                    "verse_nr": "15",
                    "verse": "Nemilujte\u017e sv\u011bta, ani t\u011bch v\u011bc\u00ed, kter\u00e9\u017e na sv\u011bt\u011b jsou. Miluje-li\u0165 kdo sv\u011bt, nen\u00ed\u0165 l\u00e1sky Otcovy v n\u011bm."
                },
                "16": {
                    "verse_nr": "16",
                    "verse": "Nebo v\u0161ecko, co\u017e jest na sv\u011bt\u011b, jako \u017e\u00e1dost t\u011bla, a \u017e\u00e1dost o\u010d\u00ed, a p\u00fdcha \u017eivota, to\u0165 nen\u00ed z Otce, ale jest z sv\u011bta."
                },
                "17": {
                    "verse_nr": "17",
                    "verse": "Sv\u011bt pak hyne i \u017e\u00e1dost jeho, ale kdo\u017e \u010din\u00ed v\u016fli Bo\u017e\u00ed, ten\u0165 trv\u00e1 na v\u011bky."
                },
                "18": {
                    "verse_nr": "18",
                    "verse": "D\u00edtky, posledn\u00ed hodina jest, a jako\u017e jste sl\u00fdchali, \u017ee antikrist p\u0159ij\u00edti m\u00e1, i nyn\u00ed\u0165 antikristov\u00e9 mnoz\u00ed povstali. Odkud\u017e zn\u00e1me, \u017ee posledn\u00ed hodina jest."
                },
                "19": {
                    "verse_nr": "19",
                    "verse": "Z n\u00e1s\u0165 vy\u0161li, ale nebyli z n\u00e1s. Nebo by\u0165 byli z n\u00e1s, byli\u0165 by z\u016fstali s n\u00e1mi, ale vy\u0161li z n\u00e1s, aby zjeveni byli, \u017ee nejsou v\u0161ickni z n\u00e1s."
                },
                "20": {
                    "verse_nr": "20",
                    "verse": "Vy pak m\u00e1te pomaz\u00e1n\u00ed od Svat\u00e9ho, a zn\u00e1te v\u0161ecko."
                },
                "21": {
                    "verse_nr": "21",
                    "verse": "Nepsal jsem v\u00e1m, proto \u017ee byste neznali pravdy, ale \u017ee ji zn\u00e1te, a \u017ee v\u0161elik\u00e1 le\u017e nen\u00ed z pravdy."
                },
                "22": {
                    "verse_nr": "22",
                    "verse": "A kdo jest lh\u00e1\u0159? Nen\u00ed-li ten, kdo\u017e zap\u00edr\u00e1, \u017ee by Je\u017e\u00ed\u0161 nebyl Kristus? Ten\u0165 jest antikrist, kdo\u017e zap\u00edr\u00e1 Otce i Syna."
                },
                "23": {
                    "verse_nr": "23",
                    "verse": "Ka\u017ed\u00fd kdo\u017e zap\u00edr\u00e1 Syna, nem\u00e1\u0165 ani Otce."
                },
                "24": {
                    "verse_nr": "24",
                    "verse": "A proto\u017e z\u016fstani\u017e v v\u00e1s to, co\u017e jste sl\u00fdchali od po\u010d\u00e1tku. Z\u016fstane-li\u0165 v v\u00e1s to, co jste sl\u00fdchali od po\u010d\u00e1tku, i vy tak\u00e9 v Synu i v Otci z\u016fstanete."
                },
                "25": {
                    "verse_nr": "25",
                    "verse": "A to\u0165 jest to zasl\u00edben\u00ed, kter\u00e9\u017e on n\u00e1m zasl\u00edbil, toti\u017e ten \u017eivot v\u011b\u010dn\u00fd."
                },
                "26": {
                    "verse_nr": "26",
                    "verse": "Tyto v\u011bci psal jsem v\u00e1m o t\u011bch, kte\u0159\u00ed\u017e v\u00e1s svod\u00ed."
                },
                "27": {
                    "verse_nr": "27",
                    "verse": "Ale pomaz\u00e1n\u00ed to, kter\u00e9\u017e jste vzali od n\u011bho, v v\u00e1s z\u016fst\u00e1v\u00e1, ani\u017e pot\u0159ebujete, aby kdo u\u010dil v\u00e1s, ale jak\u017e pomaz\u00e1n\u00ed to u\u010d\u00ed v\u00e1s o v\u0161ech v\u011bcech, a prav\u00e9\u0165 jest a neoklamavateln\u00e9, a jak\u017e nau\u010dilo v\u00e1s, tak v n\u011bm z\u016fst\u00e1vejte."
                },
                "28": {
                    "verse_nr": "28",
                    "verse": "A nyn\u00ed, syn\u00e1\u010dkov\u00e9, z\u016fst\u00e1vejte\u017e v n\u011bm, abychom, kdy\u017e by se uk\u00e1zal, sm\u011bl\u00e9 douf\u00e1n\u00ed m\u011bli, a nebyli zahanbeni od n\u011bho v p\u0159\u00edchodu jeho."
                },
                "29": {
                    "verse_nr": "29",
                    "verse": "Pon\u011bvad\u017e v\u00edte, \u017ee on spravedliv\u00fd jest, znejte\u017e tak\u00e9, \u017ee ka\u017ed\u00fd, kdo\u017e \u010din\u00ed spravedlnost, z n\u011bho jest narozen."
                }
            }
        },
        "3": {
            "chapter_nr": "3",
            "chapter": {
                "1": {
                    "verse_nr": "1",
                    "verse": "Pohle\u010fte, jakou l\u00e1sku dal n\u00e1m Otec, toti\u017e abychom synov\u00e9 Bo\u017e\u00ed slouli. Proto\u0165 sv\u011bt nezn\u00e1 n\u00e1s, \u017ee jeho nezn\u00e1."
                },
                "2": {
                    "verse_nr": "2",
                    "verse": "Nejmilej\u0161\u00ed, nyn\u00ed synov\u00e9 Bo\u017e\u00ed jsme, ale je\u0161t\u011b\u0165 se neok\u00e1zalo, co budeme. V\u00edme\u0165 pak, \u017ee kdy\u017e se ok\u00e1\u017ee, podobni jemu budeme; nebo vid\u011bti jej budeme tak, jak\u017e jest."
                },
                "3": {
                    "verse_nr": "3",
                    "verse": "A ka\u017ed\u00fd, kdo\u017e m\u00e1 takovou nad\u011bji v n\u011bm, o\u010di\u0161\u0165uje se, jako\u017e i on \u010dist\u00fd jest."
                },
                "4": {
                    "verse_nr": "4",
                    "verse": "Ka\u017ed\u00fd, kdo\u017e \u010din\u00ed h\u0159\u00edch, \u010din\u00ed\u0165 proti z\u00e1konu; nebo h\u0159\u00edch jest p\u0159estoupen\u00ed z\u00e1kona."
                },
                "5": {
                    "verse_nr": "5",
                    "verse": "A v\u00edte, \u017ee on se ok\u00e1zal, aby h\u0159\u00edchy na\u0161e s\u0148al, a h\u0159\u00edchu v n\u011bm nen\u00ed."
                },
                "6": {
                    "verse_nr": "6",
                    "verse": "Ka\u017ed\u00fd tedy, kdo\u017e v n\u011bm z\u016fst\u00e1v\u00e1, neh\u0159e\u0161\u00ed; ale ka\u017ed\u00fd, kdo\u017e h\u0159e\u0161\u00ed, nevid\u011bl ho, ani\u017e ho poznal."
                },
                "7": {
                    "verse_nr": "7",
                    "verse": "Syn\u00e1\u010dkov\u00e9, ni\u017e\u00e1dn\u00fd v\u00e1s nesvo\u010f. Kdo\u017e \u010din\u00ed spravedlnost, spravedliv\u00fd jest, jako\u017e i on jest spravedliv\u00fd."
                },
                "8": {
                    "verse_nr": "8",
                    "verse": "Kdo\u017e \u010din\u00ed h\u0159\u00edch, z \u010f\u00e1bla jest; nebo \u010f\u00e1bel od po\u010d\u00e1tku h\u0159e\u0161\u00ed. Na to\u0165 jest zjeven Syn Bo\u017e\u00ed, aby kazil skutky \u010f\u00e1blovy."
                },
                "9": {
                    "verse_nr": "9",
                    "verse": "Ka\u017ed\u00fd, kdo\u017e se narodil z Boha, h\u0159\u00edchu ne\u010din\u00ed; nebo s\u00edm\u011b jeho v n\u011bm z\u016fst\u00e1v\u00e1, ani\u017e m\u016f\u017ee h\u0159e\u0161iti, nebo z Boha narozen jest."
                },
                "10": {
                    "verse_nr": "10",
                    "verse": "Po tomto\u0165 zjevn\u00ed jsou synov\u00e9 Bo\u017e\u00ed a synov\u00e9 \u010f\u00e1blovi. Ka\u017ed\u00fd, kdo\u017e ne\u010din\u00ed spravedlnosti, nen\u00ed\u0165 z Boha, a kdo\u017e nemiluje bratra sv\u00e9ho."
                },
                "11": {
                    "verse_nr": "11",
                    "verse": "Nebo to\u0165 jest to zv\u011bstov\u00e1n\u00ed, kter\u00e9\u017e jste sl\u00fdchali od po\u010d\u00e1tku, abychom milovali jedni druh\u00e9."
                },
                "12": {
                    "verse_nr": "12",
                    "verse": "Ne jako Kain, kter\u00fd\u017e z toho zlostn\u00edka byl, a zamordoval bratra sv\u00e9ho. A pro kterou p\u0159\u00ed\u010dinu zamordoval ho? Proto \u017ee skutkov\u00e9 jeho byli zl\u00ed, bratra pak jeho spravedliv\u00ed."
                },
                "13": {
                    "verse_nr": "13",
                    "verse": "Nedivte\u017e se, brat\u0159\u00ed moji, jestli\u017ee v\u00e1s sv\u011bt nen\u00e1vid\u00ed."
                },
                "14": {
                    "verse_nr": "14",
                    "verse": "My v\u00edme, \u017ee jsme p\u0159eneseni z smrti do \u017eivota, nebo milujeme brat\u0159\u00ed. Kdo\u017e nemiluje bratra, z\u016fst\u00e1v\u00e1\u0165 v smrti."
                },
                "15": {
                    "verse_nr": "15",
                    "verse": "Ka\u017ed\u00fd, kdo\u017e nen\u00e1vid\u00ed bratra sv\u00e9ho, vra\u017eedln\u00edk jest, a v\u00edte, \u017ee \u017e\u00e1dn\u00fd vra\u017eedln\u00edk nem\u00e1 \u017eivota v\u011b\u010dn\u00e9ho v sob\u011b z\u016fst\u00e1vaj\u00edc\u00edho."
                },
                "16": {
                    "verse_nr": "16",
                    "verse": "Po tomto jsme poznali l\u00e1sku, \u017ee on du\u0161i svou za n\u00e1s polo\u017eil, i my\u0165 tedy m\u00e1me za brat\u0159\u00ed du\u0161e kl\u00e1sti."
                },
                "17": {
                    "verse_nr": "17",
                    "verse": "Kdo by pak m\u011bl statek tohoto sv\u011bta, a vid\u011bl by bratra sv\u00e9ho, an nouzi trp\u00ed, a zav\u0159el by st\u0159eva sv\u00e1 p\u0159ed n\u00edm, kterak l\u00e1ska Bo\u017e\u00ed z\u016fst\u00e1v\u00e1 v n\u011bm?"
                },
                "18": {
                    "verse_nr": "18",
                    "verse": "Syn\u00e1\u010dkov\u00e9 moji, nemilujme\u017e slovem, ani jazykem, ale skutkem a pravdou."
                },
                "19": {
                    "verse_nr": "19",
                    "verse": "A po tom\u0165 pozn\u00e1v\u00e1me, \u017ee z pravdy jsme, a p\u0159ed obl\u00ed\u010dejem jeho spokoj\u00edme srdce sv\u00e1."
                },
                "20": {
                    "verse_nr": "20",
                    "verse": "Nebo potupovalo-li\u0165 by n\u00e1s srdce na\u0161e, ov\u0161em\u0165 B\u016fh, kter\u00fd\u017e jest v\u011bt\u0161\u00ed ne\u017eli srdce na\u0161e, a zn\u00e1 v\u0161ecko."
                },
                "21": {
                    "verse_nr": "21",
                    "verse": "Nejmilej\u0161\u00ed, jestli\u017ee\u0165 by n\u00e1s srdce na\u0161e nepotupovalo, sm\u011blou doufanlivost m\u00e1me k Bohu."
                },
                "22": {
                    "verse_nr": "22",
                    "verse": "A za\u010d bychom ho koli prosili, b\u00e9\u0159eme od n\u011bho; nebo p\u0159ik\u00e1zan\u00ed jeho ost\u0159\u00edh\u00e1me, a to, co\u017e jest lib\u00e9ho p\u0159ed obl\u00ed\u010dejem jeho, \u010d\u00edn\u00edme."
                },
                "23": {
                    "verse_nr": "23",
                    "verse": "A toto\u0165 jest to p\u0159ik\u00e1zan\u00ed jeho, abychom v\u011b\u0159ili jm\u00e9nu Syna jeho Jezukrista, a milovali jedni druh\u00e9, jako\u017e n\u00e1m vydal p\u0159ik\u00e1zan\u00ed."
                },
                "24": {
                    "verse_nr": "24",
                    "verse": "Nebo kdo\u017e ost\u0159\u00edh\u00e1 p\u0159ik\u00e1zan\u00ed jeho, v n\u011bm\u0165 z\u016fst\u00e1v\u00e1, a on tak\u00e9 v n\u011bm. A po tom\u0165 pozn\u00e1v\u00e1me, \u017ee z\u016fst\u00e1v\u00e1 v n\u00e1s, toti\u017e po Duchu, kter\u00e9ho\u017e dal n\u00e1m."
                }
            }
        },
        "4": {
            "chapter_nr": "4",
            "chapter": {
                "1": {
                    "verse_nr": "1",
                    "verse": "Nejmilej\u0161\u00ed, ne ka\u017ed\u00e9mu duchu v\u011b\u0159te, ale zku\u0161ujte duch\u016f, jsou-li z Boha; nebo mnoz\u00ed fale\u0161n\u00ed proroci vy\u0161li na sv\u011bt."
                },
                "2": {
                    "verse_nr": "2",
                    "verse": "Po tomto znejte Ducha Bo\u017e\u00edho: V\u0161elik\u00fd duch, kter\u00fd\u017e vyzn\u00e1v\u00e1 Jezukrista v t\u011ble p\u0159i\u0161l\u00e9ho, z Boha jest."
                },
                "3": {
                    "verse_nr": "3",
                    "verse": "Ale v\u0161elik\u00fd duch, kter\u00fd\u017e nevyzn\u00e1v\u00e1 Jezukrista v t\u011ble p\u0159i\u0161l\u00e9ho, nen\u00ed z Boha; n\u00fdbr\u017e to\u0165 jest ten duch antikrist\u016fv, o kter\u00e9m\u017e jste sl\u00fdchali, \u017ee p\u0159ij\u00edti m\u00e1, a ji\u017e\u0165 jest nyn\u00ed na sv\u011bt\u011b."
                },
                "4": {
                    "verse_nr": "4",
                    "verse": "Vy z Boha jste, syn\u00e1\u010dkov\u00e9, a sv\u00edt\u011bzili jste nad nimi; nebo v\u011bt\u0161\u00ed\u0165 jest ten, kter\u00fd\u017e v v\u00e1s, ne\u017eli ten, kter\u00fd\u017e jest v sv\u011bt\u011b."
                },
                "5": {
                    "verse_nr": "5",
                    "verse": "Oni z sv\u011bta jsou, a proto\u017e o sv\u011btu mluv\u00ed, a sv\u011bt jich poslouch\u00e1."
                },
                "6": {
                    "verse_nr": "6",
                    "verse": "My z Boha jsme. Kdo zn\u00e1 Boha, poslouch\u00e1\u0165 n\u00e1s; kdo\u017e nen\u00ed z Boha, neposlouch\u00e1\u0165 n\u00e1s. A po tom\u0165 pozn\u00e1v\u00e1me ducha pravdy a ducha bludu."
                },
                "7": {
                    "verse_nr": "7",
                    "verse": "Nejmilej\u0161\u00ed, milujme\u017e jedni druh\u00e9; nebo l\u00e1ska z Boha jest, a ka\u017ed\u00fd, kdo\u017e miluje, z Boha se narodil, a zn\u00e1\u0165 Boha."
                },
                "8": {
                    "verse_nr": "8",
                    "verse": "Kdo\u017e nemiluje, nezn\u00e1 Boha; nebo B\u016fh l\u00e1ska jest."
                },
                "9": {
                    "verse_nr": "9",
                    "verse": "V tom\u0165 zjevena jest l\u00e1ska Bo\u017e\u00ed k n\u00e1m, \u017ee Syna sv\u00e9ho toho jednorozen\u00e9ho poslal B\u016fh na sv\u011bt, abychom \u017eivi byli skrze n\u011bho."
                },
                "10": {
                    "verse_nr": "10",
                    "verse": "V tom\u0165 jest l\u00e1ska, ne \u017ee bychom my Boha milovali, ale \u017ee on miloval n\u00e1s, a poslal Syna sv\u00e9ho ob\u011bt slitov\u00e1n\u00ed za h\u0159\u00edchy na\u0161e."
                },
                "11": {
                    "verse_nr": "11",
                    "verse": "Nejmilej\u0161\u00ed, pon\u011bvad\u017e tak miloval n\u00e1s B\u016fh, i my\u0165 m\u00e1me jedni druh\u00e9 milovati."
                },
                "12": {
                    "verse_nr": "12",
                    "verse": "Boha \u017e\u00e1dn\u00fd nikdy nespat\u0159il, ale milujeme-li\u0165 jedni druh\u00e9, B\u016fh v n\u00e1s p\u0159eb\u00fdv\u00e1, a l\u00e1ska jeho dokonal\u00e1 jest v n\u00e1s."
                },
                "13": {
                    "verse_nr": "13",
                    "verse": "Po tomto\u0165 pozn\u00e1v\u00e1me, \u017ee v n\u011bm p\u0159eb\u00fdv\u00e1me, a on v n\u00e1s, \u017ee z Ducha sv\u00e9ho dal n\u00e1m."
                },
                "14": {
                    "verse_nr": "14",
                    "verse": "A my\u0165 jsme vid\u011bli, a sv\u011bd\u010d\u00edme, \u017ee Otec poslal Syna spasitele sv\u011bta."
                },
                "15": {
                    "verse_nr": "15",
                    "verse": "Kdo\u017e by koli vyzn\u00e1val, \u017ee Je\u017e\u00ed\u0161 jest Syn Bo\u017e\u00ed, B\u016fh v n\u011bm p\u0159eb\u00fdv\u00e1, a on v Bohu."
                },
                "16": {
                    "verse_nr": "16",
                    "verse": "A my\u0165 jsme poznali, a uv\u011b\u0159ili o l\u00e1sce, kterou\u017e B\u016fh m\u00e1 k n\u00e1m. B\u016fh l\u00e1ska jest, a kdo\u017e v l\u00e1sce p\u0159eb\u00fdv\u00e1, v Bohu p\u0159eb\u00fdv\u00e1, a B\u016fh v n\u011bm."
                },
                "17": {
                    "verse_nr": "17",
                    "verse": "V tomto\u0165 jest k dokon\u00e1n\u00ed sv\u00e9mu p\u0159i\u0161la l\u00e1ska Bo\u017e\u00ed s n\u00e1mi, abychom bezpe\u010dn\u00e9 douf\u00e1n\u00ed m\u011bli v den soudn\u00fd, kdy\u017eto, jak\u00fd\u017e jest on, takov\u00ed i my jsme na tomto sv\u011bt\u011b."
                },
                "18": {
                    "verse_nr": "18",
                    "verse": "B\u00e1zn\u011b\u0165 nen\u00ed v l\u00e1sce, ale l\u00e1ska dokonal\u00e1 ven vyh\u00e1n\u00ed b\u00e1ze\u0148; nebo b\u00e1ze\u0148 tr\u00e1pen\u00ed m\u00e1, kdo\u017e se pak boj\u00ed, nen\u00ed dokonal\u00fd v l\u00e1sce."
                },
                "19": {
                    "verse_nr": "19",
                    "verse": "My milujeme jej, nebo on prv\u00e9 miloval n\u00e1s."
                },
                "20": {
                    "verse_nr": "20",
                    "verse": "\u0158ekl-li by kdo: Miluji Boha, a bratra sv\u00e9ho nen\u00e1vid\u011bl by, lh\u00e1\u0159 jest. Nebo kdo\u017e nemiluje bratra sv\u00e9ho, kter\u00e9ho\u017e vid\u011bl, Boha, kter\u00e9ho\u017e nevid\u011bl, kterak m\u016f\u017ee milovati?"
                },
                "21": {
                    "verse_nr": "21",
                    "verse": "A toto\u0165 p\u0159ik\u00e1zan\u00ed m\u00e1me od n\u011bho, aby ten, kdo\u017e miluje Boha, miloval i bratra sv\u00e9ho."
                }
            }
        },
        "5": {
            "chapter_nr": "5",
            "chapter": {
                "1": {
                    "verse_nr": "1",
                    "verse": "Ka\u017ed\u00fd, kdo\u017e v\u011b\u0159\u00ed, \u017ee Je\u017e\u00ed\u0161 jest Kristus, z Boha se narodil; a ka\u017ed\u00fd, kdo\u017e miluje toho, kter\u00fd\u017e zplodil, miluje\u0165 i toho, kter\u00fd\u017e zplozen jest z n\u011bho."
                },
                "2": {
                    "verse_nr": "2",
                    "verse": "Po tom\u0165 pozn\u00e1v\u00e1me, \u017ee milujeme syny Bo\u017e\u00ed, kdy\u017e Boha milujeme, a p\u0159ik\u00e1zan\u00ed jeho ost\u0159\u00edh\u00e1me."
                },
                "3": {
                    "verse_nr": "3",
                    "verse": "Nebo to\u0165 je l\u00e1ska Bo\u017e\u00ed, abychom p\u0159ik\u00e1zan\u00ed jeho ost\u0159\u00edhali; a p\u0159ik\u00e1zan\u00ed jeho nejsou t\u011b\u017ek\u00e1."
                },
                "4": {
                    "verse_nr": "4",
                    "verse": "V\u0161ecko zajist\u00e9, co\u017e se narodilo z Boha, p\u0159em\u00e1h\u00e1 sv\u011bt; a to\u0165 jest to v\u00edt\u011bzstv\u00ed, kter\u00e9\u017e p\u0159em\u00e1h\u00e1 sv\u011bt, v\u00edra na\u0161e."
                },
                "5": {
                    "verse_nr": "5",
                    "verse": "Kdo jest, je\u0161to p\u0159em\u00e1h\u00e1 sv\u011bt, jedin\u00e9, kdo\u017e v\u011b\u0159\u00ed, \u017ee Je\u017e\u00ed\u0161 jest Syn Bo\u017e\u00ed?"
                },
                "6": {
                    "verse_nr": "6",
                    "verse": "To\u0165 jest ten, kter\u00fd\u017e p\u0159i\u0161el skrze vodu a krev, Je\u017e\u00ed\u0161 Kristus, ne u vod\u011b toliko, ale u vod\u011b a ve krvi. A Duch jest, kter\u00fd\u017e sv\u011bdectv\u00ed vyd\u00e1v\u00e1, \u017ee Duch jest pravda."
                },
                "7": {
                    "verse_nr": "7",
                    "verse": "Nebo t\u0159i jsou, kte\u0159\u00ed\u017e sv\u011bdectv\u00ed vyd\u00e1vaj\u00ed na nebi: Otec, Slovo, a Duch svat\u00fd, a ti t\u0159i jedno jsou."
                },
                "8": {
                    "verse_nr": "8",
                    "verse": "A t\u0159i jsou, kte\u0159\u00ed\u017e sv\u011bdectv\u00ed vyd\u00e1vaj\u00ed na zemi: Duch, a voda, a krev, a ti t\u0159i jedno jsou."
                },
                "9": {
                    "verse_nr": "9",
                    "verse": "Pon\u011bvad\u017e sv\u011bdectv\u00ed lidsk\u00e9 p\u0159ij\u00edm\u00e1me, sv\u011bdectv\u00ed\u0165 Bo\u017e\u00ed v\u011bt\u0161\u00ed jest. Nebo toto\u0165 sv\u011bdectv\u00ed jest Bo\u017e\u00ed, kter\u00e9\u017e vysv\u011bd\u010dil o Synu sv\u00e9m."
                },
                "10": {
                    "verse_nr": "10",
                    "verse": "Kdo\u017e v\u011b\u0159\u00ed v Syna Bo\u017e\u00edho, m\u00e1\u0165 sv\u011bdectv\u00ed s\u00e1m v sob\u011b. Kdo\u017e nev\u011b\u0159\u00ed Bohu, lh\u00e1\u0159em jej u\u010dinil; nebo neuv\u011b\u0159il tomu sv\u011bdectv\u00ed, kter\u00e9\u017e vysv\u011bd\u010dil B\u016fh o Synu sv\u00e9m."
                },
                "11": {
                    "verse_nr": "11",
                    "verse": "A toto\u0165 jest sv\u011bdectv\u00ed to, \u017ee \u017eivot v\u011b\u010dn\u00fd dal n\u00e1m B\u016fh, a ten \u017eivot v Synu jeho jest."
                },
                "12": {
                    "verse_nr": "12",
                    "verse": "Kdo\u017e\u0165 m\u00e1 Syna, m\u00e1\u0165 \u017eivot; kdo\u017e nem\u00e1 Syna Bo\u017e\u00edho, \u017eivota nem\u00e1."
                },
                "13": {
                    "verse_nr": "13",
                    "verse": "Tyto v\u011bci psal jsem v\u00e1m v\u011b\u0159\u00edc\u00edm ve jm\u00e9nu Syna Bo\u017e\u00edho, abyste v\u011bd\u011bli, \u017ee m\u00e1te v\u011b\u010dn\u00fd \u017eivot, a abyste v\u011b\u0159ili ve jm\u00e9no Syna Bo\u017e\u00edho."
                },
                "14": {
                    "verse_nr": "14",
                    "verse": "A toto\u0165 jest to sm\u011bl\u00e9 douf\u00e1n\u00ed, kter\u00e9\u017e m\u00e1me k n\u011bmu, \u017ee za\u010d bychom koli prosili podl\u00e9 v\u016fle jeho, sly\u0161\u00ed n\u00e1s."
                },
                "15": {
                    "verse_nr": "15",
                    "verse": "\u017de pak v\u00edme, \u017ee n\u00e1s sly\u0161\u00ed, prosili-li bychom za\u010d, podl\u00e9 toho v\u00edme, \u017ee m\u00e1me prosby napln\u011bn\u00e9, kter\u00e9\u017e jsme p\u0159edkl\u00e1dali jemu."
                },
                "16": {
                    "verse_nr": "16",
                    "verse": "Vid\u011bl-li by kdo bratra sv\u00e9ho h\u0159e\u0161\u00edc\u00edho h\u0159\u00edchem ne k smrti, modli\u017e se za n\u011bj, a d\u00e1 jemu B\u016fh \u017eivot, toti\u017e h\u0159e\u0161\u00edc\u00edm ne k smrti. Jesti\u0165 h\u0159\u00edch k smrti; ne za ten, prav\u00edm, aby se modlil."
                },
                "17": {
                    "verse_nr": "17",
                    "verse": "Ka\u017ed\u00e1 nepravost jesti\u0165 h\u0159\u00edch, ale jesti\u0165 h\u0159\u00edch ne k smrti."
                },
                "18": {
                    "verse_nr": "18",
                    "verse": "V\u00edme, \u017ee ka\u017ed\u00fd, kdo\u017e se narodil z Boha, neh\u0159e\u0161\u00ed; ale ten, kdo\u017e narozen jest z Boha, ost\u0159\u00edh\u00e1 sebe sam\u00e9ho, a ten zlostn\u00edk se ho nedot\u00fdk\u00e1."
                },
                "19": {
                    "verse_nr": "19",
                    "verse": "V\u00edme, \u017ee z Boha jsme, ale sv\u011bt v\u0161ecken ve zl\u00e9m le\u017e\u00ed."
                },
                "20": {
                    "verse_nr": "20",
                    "verse": "A v\u00edme\u0165, \u017ee Syn Bo\u017e\u00ed p\u0159i\u0161el a dal n\u00e1m smysl, abychom poznali toho prav\u00e9ho, a jsme\u0165 v tom prav\u00e9m, i v Synu jeho Je\u017e\u00ed\u0161i Kristu. On\u0165 jest ten prav\u00fd B\u016fh a \u017eivot v\u011b\u010dn\u00fd."
                },
                "21": {
                    "verse_nr": "21",
                    "verse": "Syn\u00e1\u010dkov\u00e9, vyst\u0159\u00edhejte se modl. Amen."
                }
            }
        }
    }
}