{
    "version": "CZK",
    "book_name": "Zephaniah",
    "book_nr": "36",
    "book": {
        "1": {
            "chapter_nr": "1",
            "chapter": {
                "1": {
                    "verse_nr": "1",
                    "verse": "Slovo Hospodinovo, kter\u00e9\u017e se stalo k Sofoni\u00e1\u0161ovi synu Chusi, syna Godoli\u00e1\u0161ova, syna Amari\u00e1\u0161ova, syna Ezechi\u00e1\u0161ova, za dn\u016f Jozi\u00e1\u0161e syna Amonova, kr\u00e1le Judsk\u00e9ho."
                },
                "2": {
                    "verse_nr": "2",
                    "verse": "Zajist\u00e9 \u017ee sklid\u00edm v\u0161ecko se svrchku t\u00e9 zem\u011b, prav\u00ed Hospodin."
                },
                "3": {
                    "verse_nr": "3",
                    "verse": "Sklid\u00edm lidi i hovada, sklid\u00edm ptactvo nebesk\u00e9 i ryby mo\u0159sk\u00e9, i pohor\u0161en\u00ed s bezbo\u017en\u00fdmi; vypl\u00e9n\u00edm, prav\u00edm, lidi se svrchku t\u00e9to zem\u011b, prav\u00ed Hospodin."
                },
                "4": {
                    "verse_nr": "4",
                    "verse": "Nebo vzt\u00e1hna ruku svou na Judu a na v\u0161ecky obyvatele Jeruzal\u00e9msk\u00e9, zahlad\u00edm z m\u00edsta tohoto ostatek B\u00e1le, i kn\u011b\u017e\u00ed jeho s jich pomocn\u00edky,"
                },
                "5": {
                    "verse_nr": "5",
                    "verse": "I ty, kte\u0159\u00ed\u017e se klan\u011bj\u00ed na st\u0159ech\u00e1ch vojsku nebesk\u00e9mu, i ty, kte\u0159\u00ed\u017e klan\u011bj\u00edce se, p\u0159isahaj\u00ed skrze Hospodina, i ty, kte\u0159\u00ed\u017e p\u0159isahaj\u00ed skrze Melecha sv\u00e9ho."
                },
                "6": {
                    "verse_nr": "6",
                    "verse": "I ty, kte\u0159\u00ed\u017e zp\u011bt odch\u00e1zej\u00ed, aby nen\u00e1sledovali Hospodina, a kte\u0159\u00ed\u017e nehledaj\u00ed Hospodina, ani\u017e se ho dotazuj\u00ed."
                },
                "7": {
                    "verse_nr": "7",
                    "verse": "Umlkni p\u0159ed obl\u00ed\u010dejem Panovn\u00edka Hospodina, nebo bl\u00edzk\u00fd jest den Hospodin\u016fv; p\u0159istrojil zajist\u00e9 Hospodin ob\u011bt, povolal pozvan\u00fdch sv\u00fdch."
                },
                "8": {
                    "verse_nr": "8",
                    "verse": "I stane se v den ob\u011bti Hospodinovy, \u017ee nav\u0161t\u00edv\u00edm kn\u00ed\u017eata a syny kr\u00e1lovy i v\u0161ecky, kte\u0159\u00ed\u017e se obl\u00e1\u010dej\u00ed v roucho cizozemc\u016f."
                },
                "9": {
                    "verse_nr": "9",
                    "verse": "Nav\u0161t\u00edv\u00edm v ten den i ka\u017ed\u00e9ho, kter\u00fd\u017e vskakuje na prah, kte\u0159\u00ed\u017e napl\u0148uj\u00ed d\u016fm p\u00e1n\u016f sv\u00fdch n\u00e1tiskem a lst\u00ed."
                },
                "10": {
                    "verse_nr": "10",
                    "verse": "I stane se v ten den, prav\u00ed Hospodin, hlas k\u0159iku od br\u00e1ny rybn\u00e9, a kv\u00edlen\u00ed od druh\u00e9 strany a t\u0159eskot velik\u00fd od pahrbk\u016f."
                },
                "11": {
                    "verse_nr": "11",
                    "verse": "Kv\u011blte vy, kte\u0159\u00ed\u017e bydl\u00edte u vnit\u0159ku; nebo vyhlazen bude v\u0161ecken obor kupc\u016f, vypl\u00e9n\u011bni budou v\u0161ickni sn\u00e1\u0161ej\u00edc\u00ed st\u0159\u00edbro."
                },
                "12": {
                    "verse_nr": "12",
                    "verse": "I stane se v ten \u010das, \u017ee p\u0159ehled\u00e1vati budu Jeruzal\u00e9m s lucernami, a nav\u0161t\u00edv\u00edm mu\u017ee, kte\u0159\u00ed\u017e ulnuli v kvasnic\u00edch sv\u00fdch, kte\u0159\u00ed\u017e \u0159\u00edkaj\u00ed v srdci sv\u00e9m: Ne\u010din\u00ed\u0165 dob\u0159e Hospodin, ani\u017e zle \u010din\u00ed."
                },
                "13": {
                    "verse_nr": "13",
                    "verse": "Nebo p\u0159ijde statek jejich na rozchv\u00e1t\u00e1n\u00ed, a domov\u00e9 jejich na zpu\u0161t\u011bn\u00ed. Stav\u011bj\u00ed zajist\u00e9 domy, ale nebudou v nich bydliti; a \u0161t\u011bpuj\u00ed vinice, ale nebudou p\u00edti v\u00edna z nich."
                },
                "14": {
                    "verse_nr": "14",
                    "verse": "Bl\u00edzk\u00fd jest den Hospodin\u016fv velik\u00fd, bl\u00edzk\u00fd jest a rychl\u00fd velmi zvuk dne Hospodinova, tu\u0165 ho\u0159ce k\u0159i\u010deti bude udatn\u00fd."
                },
                "15": {
                    "verse_nr": "15",
                    "verse": "Den rozhn\u011bv\u00e1n\u00ed bude ten den, den \u00fazkosti a tr\u00e1pen\u00ed, den zpu\u0161t\u011bn\u00ed a to hrozn\u00e9ho, den temnosti a mra\u010dna, den oblaku a mr\u00e1koty,"
                },
                "16": {
                    "verse_nr": "16",
                    "verse": "Den trouby a trouben\u00ed proti m\u011bst\u016fm hrazen\u00fdm, a proti \u00fahl\u016fm vysok\u00fdm,"
                },
                "17": {
                    "verse_nr": "17",
                    "verse": "V n\u011bm\u017e \u00fazkostmi sevru lidi, aby chodili jako slep\u00ed, nebo proti Hospodinu zh\u0159e\u0161ili. I vylita bude krev jejich jako prach, a t\u011bla jejich jako lejna."
                },
                "18": {
                    "verse_nr": "18",
                    "verse": "Ani st\u0159\u00edbro jejich, ani zlato jejich nebude jich moci vytrhnouti v den rozhn\u011bv\u00e1n\u00ed Hospodinova; nebo ohn\u011bm horlivosti jeho sehlcena bude tato v\u0161ecka zem\u011b, proto \u017ee konec jist\u011b rychl\u00fd u\u010din\u00ed v\u0161echn\u011bm obyvatel\u016fm zem\u011b."
                }
            }
        },
        "2": {
            "chapter_nr": "2",
            "chapter": {
                "1": {
                    "verse_nr": "1",
                    "verse": "Ohledejte sebe, ohledejte, prav\u00edm, \u00f3 n\u00e1rode nemil\u00fd,"
                },
                "2": {
                    "verse_nr": "2",
                    "verse": "Prv\u00e9 ne\u017e ulo\u017een\u00ed p\u0159ijde, a den jako plevy pomine, prv\u00e9 ne\u017e p\u0159ijde na v\u00e1s prchlivost hn\u011bvu Hospodinova, prv\u00e9 ne\u017e p\u0159ijde na v\u00e1s den hn\u011bvu Hospodinova."
                },
                "3": {
                    "verse_nr": "3",
                    "verse": "Hledejte Hospodina v\u0161ickni ti\u0161\u00ed zem\u011b, kte\u0159\u00ed\u017e soud jeho \u010din\u00edte; hledejte spravedlnosti, hledejte tichosti. Snad se ukryjete v den hn\u011bvu Hospodinova."
                },
                "4": {
                    "verse_nr": "4",
                    "verse": "Nebo G\u00e1za bude opu\u0161t\u011bno, a A\u0161kalon zpustne; Azot o poledn\u00e1ch za\u017eenou, a Akaron vyko\u0159en\u011bn bude."
                },
                "5": {
                    "verse_nr": "5",
                    "verse": "B\u011bda t\u011bm, kte\u0159\u00ed\u017e bydl\u00ed v krajin\u011b pomo\u0159sk\u00e9, n\u00e1rodu Ceretejsk\u00fdch. Slovo Hospodinovo proti v\u00e1m jest, \u00f3 zem\u011b Kananejsk\u00e1 Filistinsk\u00fdch, \u017ee t\u011b tak zahlad\u00edm, aby nebylo \u017e\u00e1dn\u00e9ho obyvatele."
                },
                "6": {
                    "verse_nr": "6",
                    "verse": "I bude krajina pomo\u0159sk\u00e1 m\u00edsto ov\u010dinc\u016f, jam past\u00fd\u0159sk\u00fdch a st\u00e1j\u00ed dobytka."
                },
                "7": {
                    "verse_nr": "7",
                    "verse": "Bude tak\u00e9 i ostatku domu Judsk\u00e9ho krajinou, kde\u017e by p\u00e1sli. V dom\u00edch A\u0161kalonu u ve\u010der l\u00e9hati budou, kdy\u017e je nav\u0161t\u00edv\u00ed Hospodin B\u016fh jejich, a p\u0159ivede zase zajat\u00e9 jejich."
                },
                "8": {
                    "verse_nr": "8",
                    "verse": "Sly\u0161el\u0165 jsem han\u011bn\u00ed Mo\u00e1bsk\u00fdch a utrh\u00e1n\u00ed syn\u016f Ammonitsk\u00fdch, kter\u00fdmi\u017e han\u011bli m\u016fj lid, a honosili se na pomez\u00ed jejich."
                },
                "9": {
                    "verse_nr": "9",
                    "verse": "Proto\u017e \u017eiv jsem j\u00e1, prav\u00ed Hospodin z\u00e1stup\u016f, B\u016fh Izraelsk\u00fd, \u017ee Mo\u00e1b jako Sodoma bude, a synov\u00e9 Ammonit\u0161t\u00ed jako Gomora, m\u00edstem kop\u0159iv a domem soln\u00fdm a pustinou a\u017e na v\u011bky. Ostatkov\u00e9 lidu m\u00e9ho rozchv\u00e1taj\u00ed je, a poz\u016fstal\u00ed z lidu m\u00e9ho d\u011bdi\u010dn\u011b je obdr\u017e\u00ed."
                },
                "10": {
                    "verse_nr": "10",
                    "verse": "To jim pro p\u00fdchu jejich, \u017ee zhan\u011bli a zp\u00ednali se nad lid Hospodina z\u00e1stup\u016f."
                },
                "11": {
                    "verse_nr": "11",
                    "verse": "Hrozn\u00fd jim bude Hospodin; nebo zp\u016fsob\u00ed, aby zhuben\u011bli v\u0161ickni bohov\u00e9 zem\u011b. I bude se jemu klan\u011bti ka\u017ed\u00fd z m\u00edsta sv\u00e9ho, v\u0161ickni ostrovov\u00e9 n\u00e1rodu."
                },
                "12": {
                    "verse_nr": "12",
                    "verse": "Tak\u00e9 i vy, Mou\u0159en\u00ednov\u00e9, me\u010dem m\u00fdm zbiti budete."
                },
                "13": {
                    "verse_nr": "13",
                    "verse": "Nebo vzt\u00e1hne ruku svou na p\u016flnoci, a zhub\u00ed Assyrii, a obr\u00e1t\u00ed Ninive v pustinu, a v suchost jako pou\u0161\u0165."
                },
                "14": {
                    "verse_nr": "14",
                    "verse": "I budou u prost\u0159ed n\u011bho l\u00e9hati st\u00e1da, v\u0161ecky \u0161elmy n\u00e1rod\u016f, pelik\u00e1n i v\u00fdr na makovic\u00edch jeho nocovati budou; hlas zn\u00edti bude na okn\u011b, pustina na ve\u0159eji, kdy\u017e cedrov\u00ed jeho obna\u017e\u00ed."
                },
                "15": {
                    "verse_nr": "15",
                    "verse": "Takov\u00e9\u0165 bude to m\u011bsto pl\u00e9saj\u00edc\u00ed, kter\u00e9\u017e sed\u00ed bezpe\u010dn\u011b, \u0159\u00edkaje v srdci sv\u00e9m: J\u00e1 jsem, a krom\u011b mne nen\u00ed \u017e\u00e1dn\u00e9ho v\u00edce. Jak\u0165 jest u\u010din\u011bno pust\u00e9, pele\u0161\u00ed \u0161elm\u00e1m! Kdo\u017ekoli p\u016fjde skrze n\u011b, ck\u00e1ti bude a zm\u00edtati rukou svou."
                }
            }
        },
        "3": {
            "chapter_nr": "3",
            "chapter": {
                "1": {
                    "verse_nr": "1",
                    "verse": "B\u011bda m\u011bstu tomuto hltav\u00e9mu a po\u0161kvrn\u011bn\u00e9mu a utiskuj\u00edc\u00edmu."
                },
                "2": {
                    "verse_nr": "2",
                    "verse": "Neposlouch\u00e1 hlasu, ani\u017e p\u0159ij\u00edm\u00e1 k\u00e1zn\u011b; v Hospodina nedouf\u00e1, k Bohu sv\u00e9mu nep\u0159ibli\u017euje se."
                },
                "3": {
                    "verse_nr": "3",
                    "verse": "Kn\u00ed\u017eata jeho jsou u prost\u0159ed n\u011bho lvov\u00e9 \u0159vouc\u00ed, soudcov\u00e9 jeho vlci ve\u010dern\u00ed, nehryzou kost\u00ed a\u017e do r\u00e1na."
                },
                "4": {
                    "verse_nr": "4",
                    "verse": "Proroci jeho kvapn\u00ed, mu\u017ei velmi ne\u0161lechetn\u00ed; kn\u011b\u017e\u00ed jeho po\u0161kvr\u0148uj\u00ed v\u011bci svat\u00e9, natahuj\u00ed z\u00e1kona."
                },
                "5": {
                    "verse_nr": "5",
                    "verse": "Hospodin spravedliv\u00fd u prost\u0159ed n\u011bho jest, nelibuje nepravosti, ka\u017ed\u00e9ho dne soud sv\u016fj vyn\u00e1\u0161\u00ed na sv\u011btlo bez p\u0159est\u00e1n\u00ed, a v\u0161ak ne\u0161lechetn\u00edk neum\u00ed se styd\u011bti."
                },
                "6": {
                    "verse_nr": "6",
                    "verse": "Vypl\u00e9nil jsem n\u00e1rody, zpustli z\u00e1mkov\u00e9 jejich, v pustinu obr\u00e1til jsem ulice jejich, tak \u017ee \u017e\u00e1dn\u00fd p\u0159es n\u011b nechod\u00ed; zpustla m\u011bsta jejich, tak \u017ee nen\u00ed \u010dlov\u011bka, nen\u00ed \u017e\u00e1dn\u00e9ho obyvatele."
                },
                "7": {
                    "verse_nr": "7",
                    "verse": "\u0158ekl jsem: Jistotn\u011b b\u00e1ti se mne bude\u0161, p\u0159ijme\u0161 k\u00e1ze\u0148, aby nebyl vypl\u00e9n\u011bn p\u0159\u00edbytek tv\u016fj t\u00edm, \u010d\u00edm jsem t\u011b nav\u0161t\u00edviti cht\u011bl. Ale r\u00e1no vstanouce, poru\u0161uj\u00ed v\u0161ecky sna\u017enosti sv\u00e9."
                },
                "8": {
                    "verse_nr": "8",
                    "verse": "Proto\u017e o\u010dek\u00e1vejte\u017e na mne, prav\u00ed Hospodin, do dne toho, v kter\u00e9m\u017e povstanu k loupe\u017ei. Nebo soud m\u016fj jest, abych sebral n\u00e1rody, shrom\u00e1\u017edil kr\u00e1lovstv\u00ed, abych vylil na n\u011b rozhn\u011bv\u00e1n\u00ed sv\u00e9 a v\u0161ecku prchlivost hn\u011bvu sv\u00e9ho; ohn\u011bm zajist\u00e9 horlivosti m\u00e9 sehlcena bude v\u0161ecka tato zem\u011b."
                },
                "9": {
                    "verse_nr": "9",
                    "verse": "Tehd\u00e1\u017e zajist\u00e9 zp\u016fsob\u00edm n\u00e1rod\u016fm rty \u010dist\u00e9, jimi\u017e by vz\u00fdvali v\u0161ickni jm\u00e9no Hospodinovo, a slou\u017eili jemu jedn\u00edm ramenem."
                },
                "10": {
                    "verse_nr": "10",
                    "verse": "Ti, kte\u0159\u00ed\u017e jsou za \u0159ekami Mou\u0159en\u00ednsk\u00e9 zem\u011b, ko\u0159\u00edce se mi, se dcerou rozpt\u00fdlen\u00fdch m\u00fdch dary mi p\u0159inesou."
                },
                "11": {
                    "verse_nr": "11",
                    "verse": "V ten den nebude\u0161 se hanbiti za \u017e\u00e1dn\u00e9 skutky sv\u00e9, jich\u017e jsi se dopustil proti mn\u011b; nebo tehd\u00e1\u017e odejmu z prost\u0159edku tv\u00e9ho ty, kte\u0159\u00ed\u017e pl\u00e9\u0161\u00ed v d\u016fstojnosti tv\u00e9, a nebude\u0161 se v\u00edce vyvy\u0161ovati na ho\u0159e svatosti m\u00e9."
                },
                "12": {
                    "verse_nr": "12",
                    "verse": "A poz\u016fstav\u00edm u prost\u0159ed tebe lid chud\u00fd a nuzn\u00fd, i budou doufati ve jm\u00e9nu Hospodinovu."
                },
                "13": {
                    "verse_nr": "13",
                    "verse": "Ostatkov\u00e9 Izraele neu\u010din\u00ed nepravosti, ani\u017e mluviti budou l\u017ei, ani\u017e se nalezne v \u00fastech jejich jazyk lstiv\u00fd, ale p\u00e1sti se budou a odpo\u010d\u00edvati, a nebude \u017e\u00e1dn\u00e9ho, kdo by je p\u0159estra\u0161il."
                },
                "14": {
                    "verse_nr": "14",
                    "verse": "Prozp\u011bvuj, dcero Sionsk\u00e1, prok\u0159ikujte, Izrael\u0161t\u00ed, vesel se a pl\u00e9sej v\u0161\u00edm srdcem, dcero Jeruzal\u00e9msk\u00e1,"
                },
                "15": {
                    "verse_nr": "15",
                    "verse": "\u017de odjal Hospodin soudy tv\u00e9, odklidil nep\u0159\u00edtele tv\u00e9ho. Kr\u00e1l Izraelsk\u00fd Hospodin jest u prost\u0159ed tebe, nebude\u0161 se b\u00e1ti v\u00edce zl\u00e9ho."
                },
                "16": {
                    "verse_nr": "16",
                    "verse": "V ten den bude \u0159e\u010deno Jeruzal\u00e9mu: Neboj se, a Sionu: Nech\u0165 nemdlej\u00ed ruce tv\u00e9."
                },
                "17": {
                    "verse_nr": "17",
                    "verse": "Hospodin B\u016fh tv\u016fj u prost\u0159ed tebe mocn\u00fd zachov\u00e1 t\u011b, radovati se bude z tebe velice, p\u0159estane na milov\u00e1n\u00ed sv\u00e9m tebe, pl\u00e9sati bude nad tebou s prozp\u011bvov\u00e1n\u00edm, \u0159ka:"
                },
                "18": {
                    "verse_nr": "18",
                    "verse": "Tou\u017e\u00edc\u00ed po Jeruzal\u00e9mu zase sberu, z tebe\u0165 jsou, bolest\u00edc\u00ed pro b\u0159\u00edm\u011b pohan\u011bn\u00ed vzlo\u017een\u00e9 na tebe."
                },
                "19": {
                    "verse_nr": "19",
                    "verse": "Aj, j\u00e1 konec u\u010din\u00edm v\u0161echn\u011bm, kte\u0159\u00ed\u017e t\u011b tr\u00e1piti budou v ten \u010das, a zachov\u00e1m kulhavou, a zahnanou shrom\u00e1\u017ed\u00edm; n\u00fdbr\u017e zp\u016fsob\u00edm jim chv\u00e1lu a jm\u00e9no po v\u0161\u00ed zemi, v n\u00ed\u017e pohan\u011bn\u00ed nesli."
                },
                "20": {
                    "verse_nr": "20",
                    "verse": "V ten \u010das p\u0159ivedu v\u00e1s, v ten \u010das, prav\u00edm, shrom\u00e1\u017ed\u00edm v\u00e1s; nebo d\u00e1m v\u00e1m jm\u00e9no a chv\u00e1lu mezi v\u0161emi n\u00e1rody zem\u011b, kdy\u017e zase p\u0159ivedu zajat\u00e9 va\u0161e p\u0159ed o\u010dima va\u0161ima, d\u00ed Hospodin."
                }
            }
        }
    }
}