{
    "version": "OJB",
    "book_name": "1 Peter",
    "book_nr": "60",
    "book": {
        "1": {
            "chapter_nr": "1",
            "chapter": {
                "1": {
                    "verse_nr": "1",
                    "verse": "Shimon Kefa a Shliach of Rebbe, Melech HaMoshiach Yehoshua to HaBechirim (the Chosen ones [2:4,6 9]), to the Exiled ones of the Golus, Sojourners living as aliens in the Diaspora, scattered in Pontus, Galatia, Cappadocia, Asia, and Bithynia,"
                },
                "2": {
                    "verse_nr": "2",
                    "verse": "To HaBechirim (the Chosen ones) according to the yedi\u2019ah mukdemet (foreknowledge [1:20]) of Elohim Avinu, the ones set apart as Kadoshim by the Ruach Hakodesh, resulting in mishma\u2019at (obedience [1:14,22; 3:6; 4:17]) to the Moshiach and resulting in hazzayat HaDam HaMoshiach (sprinkling of the Blood of Moshiach Isa 52:15, Ex 24:7), of Moshiach Yehoshua. May Chen v\u2019Chesed Hashem and Shalom Hashem abound to all of you!"
                },
                "3": {
                    "verse_nr": "3",
                    "verse": "Baruch Hashem, HaElohim Avi of Rebbe, Melech HaMoshiach Adoneinu Yehoshua! By his great rachamim (mercy) we have been born anew to a tikvah chayyah (living hope) through the Techiyas Yehoshua from HaMesim (the dead ones)."
                },
                "4": {
                    "verse_nr": "4",
                    "verse": "We have also been born anew to a nachalah (inheritance [3:9]) that is without shachat (corruption, decay Ps 16:10), undefiled and unfading, having been preserved in Shomayim for you,"
                },
                "5": {
                    "verse_nr": "5",
                    "verse": "The ones by the koach of Hashem being guarded through Emunah (Faith) for Yeshu\u2019at Eloheinu (the Salvation of our G-d), which is ready to be revealed at the Ketz Hayamim (End of Days)."
                },
                "6": {
                    "verse_nr": "6",
                    "verse": "In this you greatly rejoice, though now for a little while you may have to suffer in various masot (trials, temptations [4:12]),"
                },
                "7": {
                    "verse_nr": "7",
                    "verse": "That the genuineness of your Emunah, much more valuable than gold which though perishable is tested by Eish (Fire), may be found to the tehillah (praise) and the kavod (glory) and the tiferet (splendor) at the Hisgalus (Revelation, Apocalypse) of Moshiach Yehoshua."
                },
                "8": {
                    "verse_nr": "8",
                    "verse": "He is the one for whom you have ahavah, even though you have not seen him. Though you do not now see him, you have emunah in him [as Moshiach] and rejoice with simcha inexpressible and full of kavod,"
                },
                "9": {
                    "verse_nr": "9",
                    "verse": "Obtaining the maskana (outcome) of your Emunah, the Yeshu\u2019at Eloheynu of your nefashot (souls)."
                },
                "10": {
                    "verse_nr": "10",
                    "verse": "The Nevi\u2019im, who prophesied of the Chen v\u2019Chesed Hashem that was to come to you, searched and inquired about this Yeshu\u2019at Eloheynu."
                },
                "11": {
                    "verse_nr": "11",
                    "verse": "The Nevi\u2019im were searching for what zman (time) or what context of occasion the Ruach of Moshiach in them was pointing to, when predicting the Chevlei Moshiach and HaKavod to follow."
                },
                "12": {
                    "verse_nr": "12",
                    "verse": "The hisgalus (revelation) came to the Nevi\u2019im that the avodas hakodesh ministry they were rendering was not to themselves, but to you, when they spoke of the things announced to you through the Mevaserim (Messianic Darshanim, Maggidim) of the Besuras HaGeulah by the Ruach Hakodesh sent from Shomayim, the very things even malachim desire to look into."
                },
                "13": {
                    "verse_nr": "13",
                    "verse": "Therefore, tighten the &#34;readiness&#34; gartel of your mind, a mind that is one of kibush hayetzer (self-control). Set your tikvah completely on the Chen v\u2019Chesed Hashem that is being brought to you at the Hisgalus (Revelation, Apocalypse) of Moshiach Yehoshua."
                },
                "14": {
                    "verse_nr": "14",
                    "verse": "As Bnei Mishma\u2019at (Children of Obedience 1:2), not conforming yourselves to your former ta\u2019avot (lusts), when you lacked da\u2019as (personal, saving knowledge),"
                },
                "15": {
                    "verse_nr": "15",
                    "verse": "But, als (since) the One who bestows on you the kri\u2019ah (calling) is KADOSH HU (TEHILLIM 99:5), so also yourselves become Kadoshim in hitnahagut (conduct),"
                },
                "16": {
                    "verse_nr": "16",
                    "verse": "Because it says in the Torah, KEDOSHIM TIH\u2019YU KI KADOSH ANI (&#34;You must be holy ones for I am holy&#34; VAYIKRA 19:2)."
                },
                "17": {
                    "verse_nr": "17",
                    "verse": "And if you call upon as &#34;Avinu&#34; [Mt.6:9] the One who is the impartial Shofet (Shofet kol ha\u2019aretz) of each man L\u2019ISH K\u2019MA\u2019ASEIHU (&#34;To each according to his deeds&#34; TEHILLIM 62:13), then conduct yourself with yirat Shomayim during your time in the Golus of the Olam Hazeh,"
                },
                "18": {
                    "verse_nr": "18",
                    "verse": "Having da\u2019as that the padut nafsheynu (redemption ransom of our souls) was not with perishable things such as silver or gold when your Geulah (Redemption) was purchased from the Derech HaHevel (empty way of life) handed down to you from your Avot."
                },
                "19": {
                    "verse_nr": "19",
                    "verse": "No, it was the precious DAHM (VAYIKRA 17:11) as of a SEH TAMIM U\u2019MUM (&#34;lamb unblemished and unspotted\u201d SHEMOT 12:5; VAYIKRA 22:20; YESHAYAH 53:7,9), the DAHM of Moshiach (Mt.26:28)"
                },
                "20": {
                    "verse_nr": "20",
                    "verse": "Who, on the one hand, having been foreknown lifnei hivvased tevel (before the foundation of the world), but, on the other hand, having been manifested [5:4] at the Ketz Hayamim (End of Days) because of you."
                },
                "21": {
                    "verse_nr": "21",
                    "verse": "Through him [Moshiach] you have emunah in Hashem, the One who brought forth the Techiyas HaMoshiach from HaMesim (the dead ones) and gave him Kavod. And so your emunah and your tikvah [1:13] are in Hashem."
                },
                "22": {
                    "verse_nr": "22",
                    "verse": "Having purified your nefashot (souls) by mishma\u2019at (obedience 1:2) to HaEmes, resulting in ahavah shel achvah (brotherly love) without tzevi\u2019ut (hypocrisy), have fervent ahavah (agape) for one another, from a lev tahor."
                },
                "23": {
                    "verse_nr": "23",
                    "verse": "You have been given a new birth [Yn 3:3], not from perishable zerah (seed), but zerah that is without shachat (corruption TEHILLIM 16:10), through the Dvar Hashem who is Chai v\u2019Nitzav l\u2019Olam (living and remaining firm forever)."
                },
                "24": {
                    "verse_nr": "24",
                    "verse": "For, &#34;All flesh is grass and all of [mankind\u2019s] glory is like the flower: the grass withers, the flower falls,"
                },
                "25": {
                    "verse_nr": "25",
                    "verse": "But the Word of our G-d stands forever&#34; YESHAYAH 40:6-8). And this is the Dvar proclaimed to you as the Besuras HaGeulah [in Moshiach]. [T.N. On the word mevaserim 1K 1:12 see Isaiah 40:9.]"
                }
            }
        },
        "2": {
            "chapter_nr": "2",
            "chapter": {
                "1": {
                    "verse_nr": "1",
                    "verse": "Therefore, having put away all rishus (malice), all remiyah (guile, fraud, deceit) and tzevi\u2019ut (hypocrisy) and kin\u2019ah (envy) and all lashon hora,"
                },
                "2": {
                    "verse_nr": "2",
                    "verse": "As new born olalim (infants), desire the pure cholov ruchani (spiritual milk), that by it you may grow into Yeshu\u2019at Eloheynu,"
                },
                "3": {
                    "verse_nr": "3",
                    "verse": "Now that you have tasted KI TOV Hashem (&#34;that the L-rd is good,&#34; TEHILLIM 34:9)."
                },
                "4": {
                    "verse_nr": "4",
                    "verse": "Come to him [Moshiach], to that &#34;Even Chayyah&#34; (&#34;Living Stone&#34;), CHADAL ISHIM (&#34;rejected by men&#34; YESHAYAH 53:3; TEHILLIM 118:22; YESHAYAH 28:16) but BECHIR (&#34;Chosen&#34; YESHAYAH 42:1 [1:1]), and precious in the sight of Hashem."
                },
                "5": {
                    "verse_nr": "5",
                    "verse": "You also, like avanim chayyot (living stones [2:24]), are being built up for a Bayit Ruchani (a Spiritual Beis, House) for a kehunnat kodesh (holy priesthood) to offer up zivchei ruach (sacrifices of the spirit) acceptable to Hashem through Rebbe, Melech HaMoshiach Yehoshua."
                },
                "6": {
                    "verse_nr": "6",
                    "verse": "For it stands written in the Kitvei HaKodesh, HINENI YISSAD B\u2019TZION EVEN PINNAT YIKRAT (&#34;Behold, I place in Zion a precious corner stone\u201d YESHAYAH 28:16; TEHILLIM 118:22; DANIEL 2:34-35), chosen, and HAMMA\u2019AMIN LO YACHISH (&#34;the one believing [on him, on Moshiach] never will be dismayed, ashamed YESHAYAH 28:16)."
                },
                "7": {
                    "verse_nr": "7",
                    "verse": "Therefore, to you who are the ma\u2019aminim [in Moshiach] this EVEN (&#34;Stone&#34;) is YIKRAT (&#34;precious&#34; YESHAYAH 28:16), but to the Apikorosim (Unbelievers): EVEN MA\u2019ASU HABONIM HAY\u2019TAH LEROSH PINAH (&#34;The Stone which the ones building rejected became the head of the corner&#34; TEHILLIM 118:22 [YESHAYAH 53:3])."
                },
                "8": {
                    "verse_nr": "8",
                    "verse": "And EVEN NEGEF U\u2019L\u2019TZUR MICHSHOL (&#34;a stone for stumbling over and a rock for falling over&#34; YESHAYAH 8:14). They stumble because they have no mishma\u2019at (obedience 1:2,14,22; 4:17) to the Dvar Hashem which is also what they were appointed for [2K 2:9,12,17; Yd 1:4; Ro 9:14-24]."
                },
                "9": {
                    "verse_nr": "9",
                    "verse": "But you are an AM NIVCHAR (&#34;a chosen people\u201d YESHAYAH 43:20; SHEMOT 6:7), a MAMLECHET KOHANIM (&#34;a kingdom of priests, royal priests&#34; Ex 19:6), a GOY KADOSH (&#34;a holy nation&#34; Ex 19:6), an AM SEGULLAH (&#34;a people of treasured possession&#34; Ex 19:5; Mal 3:17), for this purpose: that you may declare the wondrous deeds of the One who gave you the kri\u2019ah (calling) and summoned you out of choshech into his marvelous ohr [Isa 43:21; 42:12]."
                },
                "10": {
                    "verse_nr": "10",
                    "verse": "You, who once were LO AMI (&#34;not My people&#34; Hos 1:9) but now AMI ATAH (&#34;My people you are&#34; Hos 2:25), the AM Hashem (&#34;the people of G-d&#34;), the ones having not received rachamim, but now having received rachamim (Hos 2:25)."
                },
                "11": {
                    "verse_nr": "11",
                    "verse": "Chaverim, I say \u201cChazak (Be Strong)!\u201d to you as aliens and exiles (1:1,17), exhorting you to abstain from fleshly ta\u2019avot (lusts) which make milchamah (war) against the neshamah."
                },
                "12": {
                    "verse_nr": "12",
                    "verse": "Let your hitnahagut (conduct) among the Goyim show feste (excellent) midas chasidus (trait of piety) that, wherein they speak against you as anshei resha (men of wickedness), by observing your ma\u2019asim tovim they may glorify Hashem in the YOM PEKUDDAH (&#34;Day of Visitation, Reckoning&#34; [Isa 10:3])."
                },
                "13": {
                    "verse_nr": "13",
                    "verse": "Submit [2:18; 3:1] to every created human memshalah (governing authority) because of Hashem, whether to a Melech (King) as being HaRosh,"
                },
                "14": {
                    "verse_nr": "14",
                    "verse": "Or to moshelim (governors) as being sent by Hashem for the purpose of nakam (vengeance) on anshei resha (men of wickedness) but for the purpose of shevach (praise, commendation) on anshei tzedek."
                },
                "15": {
                    "verse_nr": "15",
                    "verse": "For it is the ratzon Hashem (the will of G-d) that you, by acting as anshei tzedek, may silence the lack of da\u2019as (knowledge) of the kesilim (the foolish people)."
                },
                "16": {
                    "verse_nr": "16",
                    "verse": "As Avadim (Servants) of Hashem, live as Bnei Chorin (Sons of Freedom, Freedmen); yet do not use your cherut (freedom) as a cloak for concealing ra\u2019ah (evil)."
                },
                "17": {
                    "verse_nr": "17",
                    "verse": "Have kavod (respect, honor) toward kol Bnei Adam; have ahavah (agape) toward HaAchim (The Brotherhood of the Messianic Chavurah); have yirat Shomayim toward Hashem [1:17; 2:17; 3:2,6,14, 16], have kavod to HaMelech."
                },
                "18": {
                    "verse_nr": "18",
                    "verse": "Avadim, be submitting in kol yir\u2019ah (all fear) to your adonim (masters), not only to the good and eidele (gentle) adonim, but also to the hard sarei misim (task-masters, Shemot 1:11)."
                },
                "19": {
                    "verse_nr": "19",
                    "verse": "For this is worthy of shevach (praise, commendation) if, because of a consciousness of Hashem, anyone bears up under tzoros (troubles) while suffering unjustly."
                },
                "20": {
                    "verse_nr": "20",
                    "verse": "For what shevach (praise) is it if, after committing chatta\u2019im (sins) and being beaten, you endure? But if being osei tzedek (doers of what is right) and suffering, then you endure, this is worthy of shevach before Hashem."
                },
                "21": {
                    "verse_nr": "21",
                    "verse": "It was for this tachlis (purpose) [of your being osei tzedek and suffering] that you were given your kri\u2019ah (calling), because also Moshiach suffered on behalf of you [Isa 53:5-6], leaving you a mofet (example), that you should follow be\u2019ikvot Moshiach (in the steps of Moshiach),"
                },
                "22": {
                    "verse_nr": "22",
                    "verse": "Who was beli chet (without sin) V\u2019LO MIRMAH BEFIV (&#34;and no deceit was in his mouth&#34; Isa 53:9);"
                },
                "23": {
                    "verse_nr": "23",
                    "verse": "Rebbe, Melech HaMoshiach, who, being reviled, did not retaliate; suffering, he did not utter iyumim (threats), but handed himself over, entrusting himself to the Shofet Tzedek (Righteous Judge [4:5]);"
                },
                "24": {
                    "verse_nr": "24",
                    "verse": "Moshiach, who himself NASAH (bore, carried away, Isa 53:4, 12) ES PEYSHA\u2019EINU (our transgressions, our sins YESHAYAH 53:5,8,12) in geviyyato [BERESHIS 47:18; YESHAYAH 53:5] on HAETZ [DEVARIM 21:23] that, having become niftarim (deceased ones) to chattoteinu, we might become Kol Chai (all living) to Tzidkanut (Righteousness); UVACHAVURATO NIRPA LANU (&#34;by whose wounds you were healed\u201d YESHAYAH 53:5)."
                },
                "25": {
                    "verse_nr": "25",
                    "verse": "For you were KULLANU KA\u2019TZON TA\u2019INU (&#34;all of us like sheep we went astray&#34; YESHAYAH 53:6), for you were as sheep being led astray, but you made teshuva now to the Ro\u2019eh [YECHEZKEL 34:1-16] and Mashgiach (Overseer IYOV 10:12) of your nefashot (souls)."
                }
            }
        },
        "3": {
            "chapter_nr": "3",
            "chapter": {
                "1": {
                    "verse_nr": "1",
                    "verse": "Nashim (wives), submit similarly to your own ba\u2019alim (husbands), that even if any anashim lack mishma\u2019at (obedience) to the Dvar Hashem, they may be won without the Dvar through the hitnahagut (conduct) of their nashim,"
                },
                "2": {
                    "verse_nr": "2",
                    "verse": "When they see your yirat Shomayim and your midas chasidus (quality of piety)."
                },
                "3": {
                    "verse_nr": "3",
                    "verse": "Do not let your adornment be outward, with coiffures and with wearing gold or fine apparel,"
                },
                "4": {
                    "verse_nr": "4",
                    "verse": "But let your adornment be nistar (hidden), adornment shebalev (inwardly) by the imperishable [1:4] adorning of the quiet ruach anavah (humble spirit), which is before Hashem of great worth."
                },
                "5": {
                    "verse_nr": "5",
                    "verse": "For so formerly also the nashim hakedoshot (holy women) whose tikvah was in Hashem were adorning themselves, submitting themselves to their own ba\u2019alim."
                },
                "6": {
                    "verse_nr": "6",
                    "verse": "Just so, Sarah submitted in mishma\u2019at (obedience) to Avraham Avinu, calling him ADONI [BERESHIS 18:12]. You nashim became Sarah\u2019s banot (daughters), if you act as nashei tzedek [2:15] and you fear no intimidation [MISHLE 3:25]."
                },
                "7": {
                    "verse_nr": "7",
                    "verse": "Likewise, Ba\u2019alim (Husbands), dwell with them according to the da\u2019as of the isha as a k\u2019li rach (weaker vessel), showing them kavod as also being yoreshim together [3:9] of the mattanah (gift) of the Chen v\u2019Chesed HaChayyim, so that your tefillos will not be hindered [3:12; 4:7]."
                },
                "8": {
                    "verse_nr": "8",
                    "verse": "Now, to say over, all of you be an agudah (bound together union) in your thinking, have achdus, be sympathetic, having ahavah (agape) for the Achim b\u2019Moshiach [Tehillim 133:1], being tenderhearted men of mercy v\u2019shiflei ruach (and lowly of spirit),"
                },
                "9": {
                    "verse_nr": "9",
                    "verse": "Not rendering ra\u2019ah for ra\u2019ah or lashon hora for lashon hora, but, fahkert (on the contrary), rendering a bracha (blessing), because to this tachlis (purpose) you were given your kri\u2019ah (calling), that you may inherit a bracha (blessing)."
                },
                "10": {
                    "verse_nr": "10",
                    "verse": "HAISH HECHAFETZ CHAYYIM OHEV YAMIM LIROT TOV (&#34;For the one wanting to love life and to see good days&#34;) NETZOR L\u2019SHONECHA MERAH U\u2019SFATECHA MIDABER MIRMAH (&#34;Let him stop his tongue from speaking lashon hora and his lips from speaking remiyah [guile, fraud, deceit].&#34;"
                },
                "11": {
                    "verse_nr": "11",
                    "verse": "\u201cLet him turn away from resha and let him do that which is good, let him seek shalom and pursue it&#34;);"
                },
                "12": {
                    "verse_nr": "12",
                    "verse": "EINEI ADONOI EL TZADDIKIM V\u2019AZNAV EL SHAV\u2019ATAM (&#34;Because the tzaddikim are before the eyes of Hashem and His ears are open to their tefillos.&#34; P\u2019NEI ADONOI B\u2019OSEI RAH L\u2019HACHRIT ME\u2019A\u2019RETZ ZICHRAM (&#34;But the face of the L-rd is against the ones doing evil to cut off their memory from the earth&#34; TEHILLIM 34:13-17)."
                },
                "13": {
                    "verse_nr": "13",
                    "verse": "And who is the one harming you if you have kana\u2019ut (zeal) for HaTov (The Good)?"
                },
                "14": {
                    "verse_nr": "14",
                    "verse": "But if indeed you should suffer tzoros because of Tzidkat Hashem, you are blessed and happy. But do not fear their pachad (terror), neither be troubled."
                },
                "15": {
                    "verse_nr": "15",
                    "verse": "But reverence in your levavot Rebbe, Melech HaMoshiach as Adoneinu, prepared always for a hitstaddekut (an apologetic defense) to everyone coming to you with a she\u2019elah (question), ready with a word concerning the tikvah in you,"
                },
                "16": {
                    "verse_nr": "16",
                    "verse": "But with anavah (meekness) and yirat Shomayim, having a clear matzpun (conscience [3:21]), so that, when you are maligned by lashon hora, your abusers may be humiliated by your midas chasidus in Moshiach."
                },
                "17": {
                    "verse_nr": "17",
                    "verse": "For im yirtzeh Hashem (if the L-rd wills), it is better to suffer tzoros for doing mitzvot than for doing ra\u2019ah."
                },
                "18": {
                    "verse_nr": "18",
                    "verse": "Because, indeed, Moshiach suffered once on behalf of chatta\u2019im (sins), a Tzaddik (righteous one) on behalf of the chote\u2019im (unrighteous ones, sinners), that he might bring you to Hashem he, having been in the basar [TEHILLIM 16:9-10] put to death, yet, in the Ruach Hakodesh, having been made alive [4:6]; [see Isa 53:8]"
                },
                "19": {
                    "verse_nr": "19",
                    "verse": "In which also to the ruchot (spirits) in mishmar (prison), having gone, Moshiach made the hachrazah (proclamation, kerygma)"
                },
                "20": {
                    "verse_nr": "20",
                    "verse": "To ones without mishma\u2019at (obedience) back then when the zitzfleisch (patience) of Hashem was waiting, in the days of Noach, while the Teva (Ark) was being prepared, in which a few, that is shemoneh nefashot (eight souls), were delivered through that mabbul\u2019s mikveh mayim;"
                },
                "21": {
                    "verse_nr": "21",
                    "verse": "And Moshiach\u2019s tevilah in the mikveh mayim, which this mabbul prefigures, now delivers you, not by means of the removal of filth from the basar, but through the hitchaiy\u2019vut (pledge) of a clean matzpun toward Hashem, through the Techiyas HaMoshiach Yehoshua,"
                },
                "22": {
                    "verse_nr": "22",
                    "verse": "Who is at the right hand of Hashem, having gone into Shomayim, with malachim and rashuyot (authorities) and gevurot under his feet."
                }
            }
        },
        "4": {
            "chapter_nr": "4",
            "chapter": {
                "1": {
                    "verse_nr": "1",
                    "verse": "Therefore, als (since) Rebbe, Melech HaMoshiach underwent bodily yissurim (sufferings [4:13]), also you arm yourselves with the same way of thinking as Moshiach, because the one having suffered in the basar (flesh) has finished with chet (sin)"
                },
                "2": {
                    "verse_nr": "2",
                    "verse": "So as no longer to live the remaining time of the Olam Hazeh in the basar, in the ta\u2019avot Bnei Adam (lusts of men), but in the ratzon Hashem (will of G-d)."
                },
                "3": {
                    "verse_nr": "3",
                    "verse": "For you have already spent sufficient time (time already gone by) in the Olam Hazeh participating in the ta\u2019avot (lusts) of the Goyim, walking in darchei zimah (the ways of licentiousness), ta\u2019avot (lusts), shichrut (drunkenness), orgiastic drinking mesibot (parties), and unlawful avodas elilim (idolatry)."
                },
                "4": {
                    "verse_nr": "4",
                    "verse": "The Goyim think it strange [4:12] that you are not running with them into the same mabbul (flood) of dissipation, and so they blaspheme and commit Chillul Hashem."
                },
                "5": {
                    "verse_nr": "5",
                    "verse": "But they will give an account to the One being ready to take his moshav (seat) as the Shofet of HaChayyim v\u2019HaMesim (the Living and the Dead)."
                },
                "6": {
                    "verse_nr": "6",
                    "verse": "For, indeed, this is the reason that the Besuras HaGeulah was preached to the mesim (dead ones, i.e., those who have died in the L-rd), that, though judged in the basar according to men [MJ 12:23; Yn 5:25; 1Th 4:13-18], they might live according to G-d in the spirit."
                },
                "7": {
                    "verse_nr": "7",
                    "verse": "The Ketz (End) of all things now has drawn near. Let your thinking be one of zililut da\u2019as (sobermindedness), therefore, and exercise kibush hayetzer (self-control), for the sake of your tefillos."
                },
                "8": {
                    "verse_nr": "8",
                    "verse": "Above all else, have fervent ahavah among yourselves, for AHAVAH KOL PEYSHA\u2019IM T\u2019CHASSEH (&#34;love covers all wrongs\u201d MISHLE 10:12)."
                },
                "9": {
                    "verse_nr": "9",
                    "verse": "Practice hachnosas orchim (hospitality) with one another without kevetching,"
                },
                "10": {
                    "verse_nr": "10",
                    "verse": "Each one according as he received a mattanah (gift), as k\u2019lei kodesh ministering to one another, mefakkechim tovim (good stewards, supervisors) of the varied Chen v\u2019Chesed Hashem."
                },
                "11": {
                    "verse_nr": "11",
                    "verse": "If anyone speaks, let it be as though it were the oracles of Hashem; if anyone ministers, let it be as by the chozek (strength) which Hashem supplies, that in all things Hashem may be glorified through Rebbe Melech HaMoshiach Yehoshua. Lo HaKavod V\u2019HaOz L\u2019Olemei Olamim. Omein (To whom be the glory and the power into the ages of the ages. Omein.)"
                },
                "12": {
                    "verse_nr": "12",
                    "verse": "Chaverim, do not be surprised at the masah (trial) of eish (fire) among you coming for you for your testing, as though some strange thing were happening to you."
                },
                "13": {
                    "verse_nr": "13",
                    "verse": "But in so far as you share in the yissurim (sufferings) of Moshiach, in the Chevlei HaMoshiach, be glad that also in the Hisgalus (Revelation, Apocalypse) of his Kavod, you may have simcha and sasson."
                },
                "14": {
                    "verse_nr": "14",
                    "verse": "If you are reproached for the Shem HaMoshiach, ashrei (happy, blessed) are you, because the Ruach of Kavod and of Hashem [YESHAYAH 11:2] rests upon you."
                },
                "15": {
                    "verse_nr": "15",
                    "verse": "Let not any of you suffer as a rotzeach (murderer) or a ganav (thief) or an oseh ra\u2019ah (an evil doer) or as one who is mitarev (meddlesome)."
                },
                "16": {
                    "verse_nr": "16",
                    "verse": "But if any one of you suffers as a ma\u2019amin b\u2019Moshiach (believer in Moshiach), let him not be ashamed, but let him glorify Hashem by this Name."
                },
                "17": {
                    "verse_nr": "17",
                    "verse": "Because the time has come to begin the Mishpat from the Beis Hashem; and if the Mishpat begins with us, what will be the toitzaa (outcome) of the ones without mishma\u2019at (obedience) to the Besuras HaGeulah of Hashem?"
                },
                "18": {
                    "verse_nr": "18",
                    "verse": "And if indeed the Tzaddik is saved with difficulty, where will appear the man without chasidus [in Moshiach], the choteh and the rashah [see quoted MISHLE 11:31]?"
                },
                "19": {
                    "verse_nr": "19",
                    "verse": "Therefore, the ones undergoing sevalot (sufferings, yissurim) according to the ratzon Hashem, let them commit their nefashot to a trustworthy Yotzer (Creator) while they continue to do ma\u2019asim tovim."
                }
            }
        },
        "5": {
            "chapter_nr": "5",
            "chapter": {
                "1": {
                    "verse_nr": "1",
                    "verse": "Therefore, I give this word of chozek to the Zekenim (Elders [see SHEMOT 12:21]) among you I, as a fellow Zaken (Elder) and as an Eidus (Witness) of the sevalot (sufferings) of Rebbe, Melech HaMoshiach, and also as a partaker of the Kavod about to be unveiled:"
                },
                "2": {
                    "verse_nr": "2",
                    "verse": "Exercise the avodas hakodesh ministry of Ro\u2019eh (Shepherd) on behalf of the Eder Hashem (Flock of G-d [YIRMEYAH 13:17]) among you, serving as Mashgichim Ruchaniyim (Spiritual Overseers), not unwillingly, for the sake of dishonest gelt, but willingly, eagerly, in conformity with Hashem,"
                },
                "3": {
                    "verse_nr": "3",
                    "verse": "Not as domineering the ones assigned by Hashem to your oversight, but being a mofet (example) for the tzon (flock)."
                },
                "4": {
                    "verse_nr": "4",
                    "verse": "After the Sar HaRo\u2019im (Chief of Shepherds) has been manifested [1:20], you will receive the unfading Ateret HaKavod (Crown of Glory)."
                },
                "5": {
                    "verse_nr": "5",
                    "verse": "Likewise, bochrim (young men), be submissive to the Zekenim (Elders) and clothe yourselves in the kaftan of anavah (humility) toward one another, because IM LALETZIM HU YALITZ V\u2019LA\u2019ANAYIM YITEN CHEN (&#34;Indeed Hashem scorns the scorners, but gives grace to the humble\u201d MISHLE 3:34)."
                },
                "6": {
                    "verse_nr": "6",
                    "verse": "Therefore, be humbled under the mighty hand of Hashem, that you may be exalted in due time."
                },
                "7": {
                    "verse_nr": "7",
                    "verse": "HASHLECH AL ADONOI Y\u2019HAVECHA V\u2019HU Y\u2019CHALKELECHA (&#34;Cast your care on Hashem and He will sustain you&#34; TEHILLIM 55:23), because Hashem cares and is concerned about you."
                },
                "8": {
                    "verse_nr": "8",
                    "verse": "Be shomer in zililut da\u2019as (sober-mindedness). Your adversary Hasatan [Samma\u2019el], prowls around like a roaring arye (lion), seeking whom to swallow."
                },
                "9": {
                    "verse_nr": "9",
                    "verse": "Oppose him, firm in emunah, knowing that in the Olam Hazeh, the same Chevlei [Moshiach] are to be laid upon HaAchim b\u2019Moshiach."
                },
                "10": {
                    "verse_nr": "10",
                    "verse": "Now the Elohei Kol Chen v\u2019Chesed (the G-d of all Grace), the one having bestowed upon you the kri\u2019ah (calling) into His eternal kavod in Moshiach Yehoshua, after you have suffered tzoros for a little while, will Himself restore, confirm, strengthen and establish you."
                },
                "11": {
                    "verse_nr": "11",
                    "verse": "Lo HaKavod V\u2019HaOz L\u2019Olemei Olamim. Omein."
                },
                "12": {
                    "verse_nr": "12",
                    "verse": "To you, through Sila HaAch HaNe\u2019eman (the Faithful Brother in Moshiach), as such I regard him, I have written you briefly, a dvar chizzuk, encouraging you and giving edut (testimony) that this is the true Chen v\u2019Chesed Hashem in which you stand."
                },
                "13": {
                    "verse_nr": "13",
                    "verse": "Drishat Shalom to you from your coequal Nivcharah (Chosen One), she in Babel. Drishat Shalom also from Markos, beni."
                },
                "14": {
                    "verse_nr": "14",
                    "verse": "Greet one another with a neshikat ahavah (kiss of agape). Drishat Shalom to all of you, the ones in Rebbe, Melech HaMoshiach."
                }
            }
        }
    }
}