{
    "version": "OJB",
    "book_name": "2 Timothy",
    "book_nr": "55",
    "book": {
        "1": {
            "chapter_nr": "1",
            "chapter": {
                "1": {
                    "verse_nr": "1",
                    "verse": "Sha\u2019ul, a Shliach of Rebbe, Melech HaMoshiach Yehoshua birtzon Hashem (by the will of G-d), according to the havtachah haChayyim (promise of Life) in Moshiach Yehoshua."
                },
                "2": {
                    "verse_nr": "2",
                    "verse": "To Timotiyos, beni haahuv (my beloved son). Chesed Hashem, Rachamim Hashem and Shalom Hashem from Elohim Avinu and Rebbe, Melech HaMoshiach Yehoshua Adoneinu."
                },
                "3": {
                    "verse_nr": "3",
                    "verse": "Modeh Ani (I give thanks) to Hashem whom I offer avodas hakodesh service with a clear matzpun\u2014as did the Avot of me\u2014when I remember you constantly in my tefillos."
                },
                "4": {
                    "verse_nr": "4",
                    "verse": "As I remember your weeping, I want to see you, that I may be filled with simcha."
                },
                "5": {
                    "verse_nr": "5",
                    "verse": "I remember your genuine emunah [in Moshiach], which dwelt first in Lois your savtah (grandmother, bobe) and in your Em, Eunice, and I have been persuaded dwells also in you."
                },
                "6": {
                    "verse_nr": "6",
                    "verse": "For which reason I remind you to meorer (rekindle) the matnat Elohim, (the gift of Hashem) which is in you through my conferring of s\u2019michah (ordination). [1Ti 4:14]"
                },
                "7": {
                    "verse_nr": "7",
                    "verse": "For Hashem did not bestow upon us a ruach of pachad (terror), but of gevurah (miraculous power) and of ahavah (love) and of sound havchanah (judgment)."
                },
                "8": {
                    "verse_nr": "8",
                    "verse": "Do not, therefore, be ashamed of the eidus of Adoneinu nor of me, his asir (prisoner), but suffer together with me for the Besuras HaGeulah in the ko\u2019ach of Hashem,"
                },
                "9": {
                    "verse_nr": "9",
                    "verse": "The one having granted us Yeshu\u2019at Eloheinu and having called us with a kri\u2019ah kedoshah (holy calling), not according to the ma\u2019asim mitzvot of us but according to his own tachlis (purpose) and chesed having been given to us in Rebbe, Melech HaMoshiach Yehoshua before Yamim HaOlam,"
                },
                "10": {
                    "verse_nr": "10",
                    "verse": "But having been manifested now through the appearing of Moshieynu Moshiach Yehoshua, who nullified death [i.e., his own histalkus and Mavet itself] and also brought Chayyim and al-killayon (incorruptibility) to light through the Besuras HaGeulah,"
                },
                "11": {
                    "verse_nr": "11",
                    "verse": "For which I was appointed a karoz (herald), a maggid (darshan, preacher), a Shliach and a rabbi (teacher)."
                },
                "12": {
                    "verse_nr": "12",
                    "verse": "It is because of these things also that I suffer. But I am not ashamed, for I know whom I have believed and I have been persuaded that He is able to stand shomer, guarding [preserving] until HaYom HaHu the [orthodox Jewish, see 1Ti 6:20] pikkadon (deposit) entrusted to Him by me."
                },
                "13": {
                    "verse_nr": "13",
                    "verse": "Follow the pattern of sound orthodox Jewish devarim which you heard from me, in emunah and ahavah in Rebbe, Melech HaMoshiach Yehoshua."
                },
                "14": {
                    "verse_nr": "14",
                    "verse": "Stand shomer over the orthodox Jewish pikkadon entrusted to you through the Ruach Hakodesh dwelling in us."
                },
                "15": {
                    "verse_nr": "15",
                    "verse": "Of this you have da\u2019as: all the ones in Asia, of whom are Phygelus and Hermogenes, turned away from me."
                },
                "16": {
                    "verse_nr": "16",
                    "verse": "May Hashem grant rachamim to the bais of Onesiphorus, because often he refreshed me and he was not ashamed of my sharsherot."
                },
                "17": {
                    "verse_nr": "17",
                    "verse": "For, when he was in Rome, he sought me with zerizut and found me."
                },
                "18": {
                    "verse_nr": "18",
                    "verse": "May Adoneinu grant to him to find rachamim from Hashem in HaYom HaHu. [1:12]. Also, while in Ephesus in how many ways he did avodas hakodesh you know very well."
                }
            }
        },
        "2": {
            "chapter_nr": "2",
            "chapter": {
                "1": {
                    "verse_nr": "1",
                    "verse": "You, therefore, beni, be empowered in the Chen v\u2019Chesed which is in Rebbe, Melech HaMoshiach Yehoshua."
                },
                "2": {
                    "verse_nr": "2",
                    "verse": "And what things you heard from me through edim rabbim, these things commit to anashim ne\u2019emanim (faithful men) of zrizus (reliability) who will be qualified rabbinic morim to teach others also."
                },
                "3": {
                    "verse_nr": "3",
                    "verse": "Take your place in suffering as a chaiyal tov (good soldier) of Rebbe, Melech HaMoshiach Yehoshua."
                },
                "4": {
                    "verse_nr": "4",
                    "verse": "No one on duty as a chaiyal is entangled with the everyday chiloni (secular) affairs of inactive duty, in order that he may please the One who has enlisted him."
                },
                "5": {
                    "verse_nr": "5",
                    "verse": "And no participant in an athletic tacharut (competition) is crowned unless he competes according to the rules."
                },
                "6": {
                    "verse_nr": "6",
                    "verse": "It is the hard working ikkar (farmer) who ought to have the rishonah mipri ha\u2019adamah (the first share from the harvest of the earth)."
                },
                "7": {
                    "verse_nr": "7",
                    "verse": "Let your hitbonenut be on what I say, for Hashem will give to you binah in all things."
                },
                "8": {
                    "verse_nr": "8",
                    "verse": "Remember Rebbe, Melech HaMoshiach Yehoshua, of the zera Dovid, and remember the Techiyas HaMoshiach, according to my Besuras HaGeulah,"
                },
                "9": {
                    "verse_nr": "9",
                    "verse": "For which I suffer as if I were an evil-doer, even to the point of the bais hasohar\u2019s bonds, but the Dvar Hashem has no bonds."
                },
                "10": {
                    "verse_nr": "10",
                    "verse": "Therefore, I endure all things for the sake of the Bechirim (the Chosen ones), in order that they also may obtain the Yeshu\u2019at HaEloheinu in Rebbe, Melech HaMoshiach Yehoshua with kavod olamim."
                },
                "11": {
                    "verse_nr": "11",
                    "verse": "Trustworthy is Hashem, for if we died [to the Olam Hazeh] with Him, also we will live [in the Olam Habah] with Him."
                },
                "12": {
                    "verse_nr": "12",
                    "verse": "If we endure, we also will reign with Him; if we will deny Him, He also will deny us."
                },
                "13": {
                    "verse_nr": "13",
                    "verse": "If we are not ne\u2019emanim (faithful), He remains ne\u2019eman (faithful), for to deny Himself, He is not able."
                },
                "14": {
                    "verse_nr": "14",
                    "verse": "Remind them of these things, solemnly warning them in the presence of Hashem not to be engaged in disputes over devarim, which is not beneficial, but only ruins the hearers."
                },
                "15": {
                    "verse_nr": "15",
                    "verse": "Do your best to shtel zich (apply yourself), to present yourself to Hashem as one approved, a po\u2019el (workman) without bushah (shame), keeping on a derech yashar the Dvar HaEmes."
                },
                "16": {
                    "verse_nr": "16",
                    "verse": "But profane chatter bereft of kedushah, avoid, for such will advance that which is frai (irreligious)."
                },
                "17": {
                    "verse_nr": "17",
                    "verse": "Their lashon hora will spread like gangrene, as in the case of Hymenaeus and Philetus,"
                },
                "18": {
                    "verse_nr": "18",
                    "verse": "Who concerning HaEmes missed the mark, teaching that the Techiyas HaMesim has already occurred. They are overthrowing the emunah of some."
                },
                "19": {
                    "verse_nr": "19",
                    "verse": "Al kol panim (nevertheless), the solid yesod of Hashem stands firm and zicher (certain), having this seal: V\u2019YODA\u2019 Hashem ES ASHER LO (&#34;Hashem KNOWS THE ONES WHO ARE HIS&#34; BAMIDBAR 16:5); and let everyone who names the name of Hashem depart from avel (iniquity, gross injustice)."
                },
                "20": {
                    "verse_nr": "20",
                    "verse": "In a bais gadol, there are not only k\u2019lei (vessels) of gold and silver but also those wooden ones and earthen ones: some, for honorable use; others, for dishonorable use."
                },
                "21": {
                    "verse_nr": "21",
                    "verse": "If anyone makes himself tahor from these things he will be a k\u2019li vessel for honorable use, having been set aside as kodesh, useful to HaAdon, ready for every ma\u2019aseh tov."
                },
                "22": {
                    "verse_nr": "22",
                    "verse": "But flee from the ta\u2019avot hane\u2019urim (lusts of youth TEHILLIM 25:7) and pursue tzedek, emunah, ahavah, and shalom with the ones calling on Adoneinu out of a lev tahor."
                },
                "23": {
                    "verse_nr": "23",
                    "verse": "But speculations characterized by narrishkait and lacking da\u2019as\u2014such refuse, knowing that they produce fights."
                },
                "24": {
                    "verse_nr": "24",
                    "verse": "And an eved Hashem ought not be a Ba\u2019al Machlokes (quarrelsome person), but ought to be eidel (gentle, courteous) to all, a skilled rabbinic moreh, savlan (patient),"
                },
                "25": {
                    "verse_nr": "25",
                    "verse": "Correcting the mitnaggedim (opponents) in anavat ruach (a spirit of meekness), in the tikvah that Hashem may efsher (perhaps) grant them teshuva, resulting in da\u2019as HaEmes,"
                },
                "26": {
                    "verse_nr": "26",
                    "verse": "And that they may come to their senses, escaping the pakh (trap) of Hasatan, after having been captured by him to do his will."
                }
            }
        },
        "3": {
            "chapter_nr": "3",
            "chapter": {
                "1": {
                    "verse_nr": "1",
                    "verse": "But of this have da\u2019as, that in the acharit hayamim there will be terrible times,"
                },
                "2": {
                    "verse_nr": "2",
                    "verse": "For Bnei Adam will be in love with self, ohavei kesef (lovers of money), ga\u2019avtanim (proud boasters), speakers of lashon hora, disobedient to horim (parents), without hakarat todah (gratitude), without kedushah,"
                },
                "3": {
                    "verse_nr": "3",
                    "verse": "Without ahavah, unforgiving and irreconcilable, without shlitah atzmi (self-control), bestial, son\u2019ei HaTov (haters of the Good),"
                },
                "4": {
                    "verse_nr": "4",
                    "verse": "Treacherous, reckless, conceited, ohavei ta\u2019anugot (lovers of pleasures) rather than ohavei Hashem,"
                },
                "5": {
                    "verse_nr": "5",
                    "verse": "Having an outward form of chasidus but the ko\u2019ach having denied. Turn away from these."
                },
                "6": {
                    "verse_nr": "6",
                    "verse": "For of such are the morim entering into homes and capturing weak-willed nashim laden with chatta\u2019im, led away by various ta\u2019avot,"
                },
                "7": {
                    "verse_nr": "7",
                    "verse": "Always learning but never being able to come to da\u2019as HaEmes."
                },
                "8": {
                    "verse_nr": "8",
                    "verse": "As Jannes and Jambres opposed Moshe Rabbeinu, so also these oppose HaEmes. These men have been corrupted in their mind and are failures with respect to the emunah [of Moshiach, Yd 1:3],"
                },
                "9": {
                    "verse_nr": "9",
                    "verse": "But they will not proceed very far, for the sichlut (folly, stupidity) of them will likewise become conspicuous to all."
                },
                "10": {
                    "verse_nr": "10",
                    "verse": "But you closely followed my torah, my halichah, my tachlis, my emunah, my zitzfleisch (patience), my ahavah, my endurance,"
                },
                "11": {
                    "verse_nr": "11",
                    "verse": "The redifot (persecutions) and Messianic yissurim (sufferings) which happened to me in Antioch, in Iconium, in Lystra, what kind of redifot I endured. And out of all Adoneinu rescued me."
                },
                "12": {
                    "verse_nr": "12",
                    "verse": "Also all the ones wanting to live as chasidim in Rebbe, Melech HaMoshiach Yehoshua will be persecuted,"
                },
                "13": {
                    "verse_nr": "13",
                    "verse": "But anashim ra\u2019im and impostors will progress to their abysmal worst, misleading and being misled."
                },
                "14": {
                    "verse_nr": "14",
                    "verse": "But, you, remain in the shiurim you learned, and the things you were convinced of, knowing under which rabbi you sat,"
                },
                "15": {
                    "verse_nr": "15",
                    "verse": "And that from infancy you have known the Kitvei HaKodesh, which are able to make you chocham with a view to Yeshu\u2019at Eloheynu through emunah in Rebbe, Melech HaMoshiach Yehoshua."
                },
                "16": {
                    "verse_nr": "16",
                    "verse": "The entire Kitvei HaKodesh is Hashem-breathed and useful for hora\u2019ah (teaching), for reproof, for correction, for training in tzedek,"
                },
                "17": {
                    "verse_nr": "17",
                    "verse": "That the ish haElohim may be proficient, having been equipped for every one of the ma\u2019asim mitzvot."
                }
            }
        },
        "4": {
            "chapter_nr": "4",
            "chapter": {
                "1": {
                    "verse_nr": "1",
                    "verse": "I solemnly charge you before Hashem and Moshiach Yehoshua, the imminent Shofet of the living and dead, and by the Bi\u2019as HaMoshiach and His Malchut:"
                },
                "2": {
                    "verse_nr": "2",
                    "verse": "Attend to the hatafah (preaching) of the Dvar Hashem. Be ready in season, out of season, expose, rebuke, encourage, with all long suffering and hora\u2019ah (teaching)."
                },
                "3": {
                    "verse_nr": "3",
                    "verse": "For there will be a time when sound charedi (orthodox) hora\u2019ah they will not tolerate, but according to their ta\u2019avot they will accumulate morim to tickle their ears."
                },
                "4": {
                    "verse_nr": "4",
                    "verse": "And from HaEmes of Hashem they will turn their ear away shmad and to aggadah they will be turned aside."
                },
                "5": {
                    "verse_nr": "5",
                    "verse": "But, you, exercise shlitah atzmi (self-control) in all things, suffer hardship, do the work of a mevaser of the Besuras HaGeulah, fully carry out your avodas kodesh ministry of kiruv rechokim (bringing near the far away ones)."
                },
                "6": {
                    "verse_nr": "6",
                    "verse": "For already I am being poured out, and the time of my avekfor (departure, see Pp 1:23) has come."
                },
                "7": {
                    "verse_nr": "7",
                    "verse": "The milchemet tzedek (war of righteousness) I have fought, the course I have finished, the emunah [Yd 1:3] I have been shomer over."
                },
                "8": {
                    "verse_nr": "8",
                    "verse": "Henceforth, there is laid up for me the keter hatzedakah (crown of righteousness) which Adoneinu, the Shofet Tzedek, will give to me in HaYom HaHu, and not only to me, but also to all the ones who are ohavei Bi\u2019as HaMoshiach."
                },
                "9": {
                    "verse_nr": "9",
                    "verse": "Have zerizut (diligence) to come to me quickly."
                },
                "10": {
                    "verse_nr": "10",
                    "verse": "For Demas deserted me. Having loved the Olam Hazeh, he departed for Thessalonica; Crescens, to Galatia; Titos, to Dalmatia."
                },
                "11": {
                    "verse_nr": "11",
                    "verse": "Lukas alone is with me. Get Markos and bring him with you, for he is useful to me for avodas hakodesh."
                },
                "12": {
                    "verse_nr": "12",
                    "verse": "Now Tychicus I sent to Ephesus."
                },
                "13": {
                    "verse_nr": "13",
                    "verse": "When you come, bring the cloak which I left behind in Troas with Carpus, and the megillos, especially the parchments."
                },
                "14": {
                    "verse_nr": "14",
                    "verse": "Alexander the coppersmith did ra\u2019ot rabbot (much evil) to me; Adonoi will repay him L\u2019ISH K\u2019MA\u2019ASEIHU (&#34;TO EACH AS HIS DEEDS&#34; TEHILLIM 62:13)."
                },
                "15": {
                    "verse_nr": "15",
                    "verse": "You also watch out for him, because he greatly opposed our message [about Rebbe, Melech HaMoshiach]."
                },
                "16": {
                    "verse_nr": "16",
                    "verse": "At my first hitstaddekut (defense), no one came to be with me, but all forsook me. May it not be counted against them."
                },
                "17": {
                    "verse_nr": "17",
                    "verse": "But Adoneinu stood with me, and empowered me, that through me the hachrazah (proclamation, kerygma) of the Besuras HaGeulah might be fully preached and all the Nations might hear it. And I was rescued out of the mouth of the lion."
                },
                "18": {
                    "verse_nr": "18",
                    "verse": "Hashem will rescue me from every evil work and thus will bring me safely into his Malchut HaShomayim. Lo haKavod l\u2019olam va\u2019ed. Omein."
                },
                "19": {
                    "verse_nr": "19",
                    "verse": "Drishat Shalom to Prisca and Aquila and the bais of Onesiphorus."
                },
                "20": {
                    "verse_nr": "20",
                    "verse": "Erastus remained in Corinth, but Trophimus, ailing, I left behind in Miletus."
                },
                "21": {
                    "verse_nr": "21",
                    "verse": "Make haste to come before winter. Drishat Shalom to you from Eubulus and Pudens and Linus, Claudia, and all the Achim b\u2019Moshiach."
                },
                "22": {
                    "verse_nr": "22",
                    "verse": "Hashem be with your neshamah. Chen v\u2019Chesed Hashem be with you."
                }
            }
        }
    }
}