{
    "version": "NP",
    "book_name": "Haggai",
    "book_nr": "37",
    "book": {
        "1": {
            "chapter_nr": "1",
            "chapter": {
                "1": {
                    "verse_nr": "1",
                    "verse": "verse doesn't exist in this bible version"
                },
                "2": {
                    "verse_nr": "2",
                    "verse": "verse doesn't exist in this bible version"
                },
                "3": {
                    "verse_nr": "3",
                    "verse": "verse doesn't exist in this bible version"
                },
                "4": {
                    "verse_nr": "4",
                    "verse": "verse doesn't exist in this bible version"
                },
                "5": {
                    "verse_nr": "5",
                    "verse": "verse doesn't exist in this bible version"
                },
                "6": {
                    "verse_nr": "6",
                    "verse": "verse doesn't exist in this bible version"
                },
                "7": {
                    "verse_nr": "7",
                    "verse": "verse doesn't exist in this bible version"
                },
                "8": {
                    "verse_nr": "8",
                    "verse": "verse doesn't exist in this bible version"
                },
                "9": {
                    "verse_nr": "9",
                    "verse": "verse doesn't exist in this bible version"
                },
                "10": {
                    "verse_nr": "10",
                    "verse": "verse doesn't exist in this bible version"
                },
                "11": {
                    "verse_nr": "11",
                    "verse": "verse doesn't exist in this bible version"
                },
                "12": {
                    "verse_nr": "12",
                    "verse": "verse doesn't exist in this bible version"
                },
                "13": {
                    "verse_nr": "13",
                    "verse": "verse doesn't exist in this bible version"
                },
                "14": {
                    "verse_nr": "14",
                    "verse": "verse doesn't exist in this bible version"
                },
                "15": {
                    "verse_nr": "15",
                    "verse": "verse doesn't exist in this bible version"
                }
            }
        },
        "2": {
            "chapter_nr": "2",
            "chapter": {
                "1": {
                    "verse_nr": "1",
                    "verse": "verse doesn't exist in this bible version"
                },
                "2": {
                    "verse_nr": "2",
                    "verse": "verse doesn't exist in this bible version"
                },
                "3": {
                    "verse_nr": "3",
                    "verse": "verse doesn't exist in this bible version"
                },
                "4": {
                    "verse_nr": "4",
                    "verse": "verse doesn't exist in this bible version"
                },
                "5": {
                    "verse_nr": "5",
                    "verse": "verse doesn't exist in this bible version"
                },
                "6": {
                    "verse_nr": "6",
                    "verse": "verse doesn't exist in this bible version"
                },
                "7": {
                    "verse_nr": "7",
                    "verse": "verse doesn't exist in this bible version"
                },
                "8": {
                    "verse_nr": "8",
                    "verse": "verse doesn't exist in this bible version"
                },
                "9": {
                    "verse_nr": "9",
                    "verse": "verse doesn't exist in this bible version"
                },
                "10": {
                    "verse_nr": "10",
                    "verse": "verse doesn't exist in this bible version"
                },
                "11": {
                    "verse_nr": "11",
                    "verse": "verse doesn't exist in this bible version"
                },
                "12": {
                    "verse_nr": "12",
                    "verse": "verse doesn't exist in this bible version"
                },
                "13": {
                    "verse_nr": "13",
                    "verse": "verse doesn't exist in this bible version"
                },
                "14": {
                    "verse_nr": "14",
                    "verse": "verse doesn't exist in this bible version"
                },
                "15": {
                    "verse_nr": "15",
                    "verse": "verse doesn't exist in this bible version"
                },
                "16": {
                    "verse_nr": "16",
                    "verse": "verse doesn't exist in this bible version"
                },
                "17": {
                    "verse_nr": "17",
                    "verse": "verse doesn't exist in this bible version"
                },
                "18": {
                    "verse_nr": "18",
                    "verse": "verse doesn't exist in this bible version"
                },
                "19": {
                    "verse_nr": "19",
                    "verse": "verse doesn't exist in this bible version"
                },
                "20": {
                    "verse_nr": "20",
                    "verse": "verse doesn't exist in this bible version"
                },
                "21": {
                    "verse_nr": "21",
                    "verse": "verse doesn't exist in this bible version"
                },
                "22": {
                    "verse_nr": "22",
                    "verse": "verse doesn't exist in this bible version"
                },
                "23": {
                    "verse_nr": "23",
                    "verse": "verse doesn't exist in this bible version"
                }
            }
        }
    }
}