{
    "version": "nv",
    "book_name": "Lamentations",
    "book_nr": "25",
    "book": {
        "1": {
            "chapter_nr": 1,
            "chapter": {
                "1": {
                    "verse_nr": 1,
                    "verse": "ALEPH. Quomodo sedet sola civitas plena populo! Facta est quasi vidua domina gentium; princeps provinciarum facta est sub tributo.\n"
                },
                "2": {
                    "verse_nr": 2,
                    "verse": "BETH. Plorans plorat in nocte, et lacrimae eius in maxillis eius; non est qui consoletur eam ex omnibus caris eius: omnes amici eius spreverunt eam et facti sunt ei inimici.\n"
                },
                "3": {
                    "verse_nr": 3,
                    "verse": "GHIMEL. Migravit Iudas prae afflictione et multitudine servitutis; habitat inter gentes nec invenit requiem: omnes persecutores eius apprehenderunt eam inter angustias.\n"
                },
                "4": {
                    "verse_nr": 4,
                    "verse": "DALETH. Viae Sion lugent, eo quod non sint qui veniant ad sollemnitatem; omnes portae eius destructae, sacerdotes eius gementes, virgines eius afflictae, et ipsa oppressa amaritudine.\n"
                },
                "5": {
                    "verse_nr": 5,
                    "verse": "HE. Facti sunt hostes eius in caput, inimici eius in securitate, quia Dominus afflixit eam propter multitudinem iniquitatum eius; parvuli eius ducti sunt captivi ante faciem tribulantis.\n"
                },
                "6": {
                    "verse_nr": 6,
                    "verse": "VAU. Et egressus est a filia Sion omnis decor eius; facti sunt principes eius velut cervi non invenientes pascua et abierunt absque fortitudine ante faciem persequentis.\n"
                },
                "7": {
                    "verse_nr": 7,
                    "verse": "ZAIN. Recordata est Ierusalem dierum afflictionis suae et peregrinationis, omnium desiderabilium suorum, quae habuerat a diebus antiquis, cum caderet populus eius in manu hostili, et non esset auxiliator; viderunt eam hostes et deriserunt interitum eius.\n"
                },
                "8": {
                    "verse_nr": 8,
                    "verse": "HETH. Peccatum peccavit Ierusalem, propterea abominabilis facta est; omnes, qui glorificabant eam, spreverunt illam, quia viderunt ignominiam eius: ipsa autem gemens conversa est retrorsum.\n"
                },
                "9": {
                    "verse_nr": 9,
                    "verse": "TETH. Sordes eius in fimbriis eius, nec recordata est finis sui; deposita est vehementer, non habens consolatorem. \u201c Vide, Domine, afflictionem meam, quoniam erectus est inimicus! \u201d.\n"
                },
                "10": {
                    "verse_nr": 10,
                    "verse": "IOD. Manum suam misit hostis ad omnia desiderabilia eius, quia vidit gentes ingressas sanctuarium suum, de quibus praeceperas, ne intrarent in ecclesiam tuam.\n"
                },
                "11": {
                    "verse_nr": 11,
                    "verse": "CAPH. Omnis populus eius gemens et quaerens panem; dederunt pretiosa quaeque pro cibo ad refocillandam animam. \u201c Vide, Domine, et considera, quoniam facta sum vilis!\n"
                },
                "12": {
                    "verse_nr": 12,
                    "verse": "LAMED. O vos omnes, qui transitis per viam, attendite et videte, si est dolor sicut dolor meus, quem paravit mihi, quo afflixit me Dominus in die irae furoris sui.\n"
                },
                "13": {
                    "verse_nr": 13,
                    "verse": "MEM. De excelso misit ignem, in ossa mea immisit eum; expandit rete pedibus meis, convertit me retrorsum: posuit me desolatam, tota die maerore confectam.\n"
                },
                "14": {
                    "verse_nr": 14,
                    "verse": "NUN. Vigilavit super iniquitates meas, in manu eius convolutae sunt et impositae collo meo; debilitavit virtutem meam: dedit me Dominus in manu, de qua non potero surgere.\n"
                },
                "15": {
                    "verse_nr": 15,
                    "verse": "SAMECH. Sprevit omnes fortes meos Dominus in medio mei; vocavit adversum me conventum, ut contereret iuvenes meos: torcular calcavit Dominus virgini filiae Iudae.\n"
                },
                "16": {
                    "verse_nr": 16,
                    "verse": "AIN. Idcirco ego plorans, et oculus meus deducens aquas, quia longe factus est a me consolator reficiens animam meam; facti sunt filii mei desolati, quoniam invaluit inimicus \u201d.\n"
                },
                "17": {
                    "verse_nr": 17,
                    "verse": "PHE. Expandit Sion manus suas, non est qui consoletur eam; mandavit Dominus adversum Iacob in circuitu eius hostes eius: facta est Ierusalem quasi polluta menstruis inter eos.\n"
                },
                "18": {
                    "verse_nr": 18,
                    "verse": "SADE. \u201c Iustus est Dominus, quia contra os eius rebellis fui. Audite, obsecro, universi populi, et videte dolorem meum: virgines meae et iuvenes mei abierunt in captivitatem.\n"
                },
                "19": {
                    "verse_nr": 19,
                    "verse": "COPH. Vocavi amicos meos, et ipsi deceperunt me; sacerdotes mei et senes mei in urbe consumpti sunt, quia quaesierunt cibum sibi, ut refocillarent animam suam.\n"
                },
                "20": {
                    "verse_nr": 20,
                    "verse": "RES. Vide, Domine, quoniam tribulor; efferbuerunt viscera mea, subversum est cor meum in memetipsa, quoniam valde rebellis fui; foris orbavit me gladius et domi mors.\n"
                },
                "21": {
                    "verse_nr": 21,
                    "verse": "SIN. Audi, quia ingemisco ego, et non est qui consoletur me; omnes inimici mei audierunt malum meum, laetati sunt quoniam tu fecisti. Adduc diem, quem proclamasti, et fient similes mei.\n"
                },
                "22": {
                    "verse_nr": 22,
                    "verse": "THAU. Ingrediatur omne malum eorum coram te, et fac eis, sicut fecisti mihi propter omnes iniquitates meas; multi enim gemitus mei, et cor meum maerens \u201d.\n"
                }
            }
        },
        "2": {
            "chapter_nr": 2,
            "chapter": {
                "1": {
                    "verse_nr": 1,
                    "verse": "ALEPH. Quomodo obtexit caligine in furore suo Dominus filiam Sion! Proiecit de caelo in terram gloriam Israel et non est recordatus scabelli pedum suorum in die furoris sui.\n"
                },
                "2": {
                    "verse_nr": 2,
                    "verse": "BETH. Praecipitavit Dominus nec pepercit omnia pascua Iacob; destruxit in furore suo munitiones filiae Iudae; deiecit in terram, polluit regnum et principes eius.\n"
                },
                "3": {
                    "verse_nr": 3,
                    "verse": "GHIMEL. Confregit in ira furoris sui omne cornu Israel; avertit retrorsum dexteram suam a facie inimici et succendit in Iacob quasi ignem flammae devorantis in gyro.\n"
                },
                "4": {
                    "verse_nr": 4,
                    "verse": "DALETH. Tetendit arcum suum quasi inimicus, firmavit dexteram suam quasi hostis et occidit omne, quod pulchrum erat visu, in tabernaculo filiae Sion; effudit quasi ignem indignationem suam.\n"
                },
                "5": {
                    "verse_nr": 5,
                    "verse": "HE. Factus est Dominus velut inimicus, deglutivit Israel, deglutivit omnia moenia eius, dissipavit munitiones eius et multiplicavit in filia Iudae maerorem et maestitiam.\n"
                },
                "6": {
                    "verse_nr": 6,
                    "verse": "VAU. Et dissipavit quasi hortum saepem suam, demolitus est tabernaculum suum; oblivioni tradidit Dominus in Sion festivitatem et sabbatum et despexit in indignatione furoris sui regem et sacerdotem.\n"
                },
                "7": {
                    "verse_nr": 7,
                    "verse": "ZAIN. Reppulit Dominus altare suum, maledixit sanctuario suo; tradidit in manu inimici muros domorum eius: vocem dederunt in domo Domini sicut in die sollemni.\n"
                },
                "8": {
                    "verse_nr": 8,
                    "verse": "HETH. Cogitavit Dominus dissipare murum filiae Sion; tetendit funiculum, non avertit manum suam a perditione; et in luctum redegit antemurale et murum: pariter elanguerunt.\n"
                },
                "9": {
                    "verse_nr": 9,
                    "verse": "TETH. Defixae sunt in terra portae eius; perdidit et contrivit vectes eius. Rex eius et principes eius in gentibus; non est lex, et prophetae eius non invenerunt visionem a Domino.\n"
                },
                "10": {
                    "verse_nr": 10,
                    "verse": "IOD. Sederunt in terra, conticuerunt senes filiae Sion, consperserunt cinere capita sua, accincti sunt ciliciis; abiecerunt in terram capita sua virgines Ierusalem.\n"
                },
                "11": {
                    "verse_nr": 11,
                    "verse": "CAPH. Defecerunt prae lacrimis oculi mei, efferbuerunt viscera mea; effusum est in terra iecur meum super contritione filiae populi mei, cum deficeret parvulus et lactans in plateis oppidi.\n"
                },
                "12": {
                    "verse_nr": 12,
                    "verse": "LAMED. Matribus suis dixerunt: \u201c Ubi est triticum et vinum? \u201d, cum deficerent quasi vulnerati in plateis civitatis, cum exhalarent animas suas in sinu matrum suarum.\n"
                },
                "13": {
                    "verse_nr": 13,
                    "verse": "MEM. Cui comparabo te vel cui assimilabo te, filia Ierusalem? Cui exaequabo te et consolabor te, virgo filia Sion? Magna est enim velut mare contritio tua; quis medebitur tui?\n"
                },
                "14": {
                    "verse_nr": 14,
                    "verse": "NUN. Prophetae tui viderunt tibi falsa et stulta nec aperiebant iniquitatem tuam, ut converterent sortem tuam; viderunt autem tibi oracula mendacii et seductionis.\n"
                },
                "15": {
                    "verse_nr": 15,
                    "verse": "SAMECH. Plauserunt super te manibus omnes transeuntes per viam; sibilaverunt et moverunt caput suum super filiam Ierusalem: \u201c Haeccine est urbs, quam vocabant perfectum decorem, gaudium universae terrae? \u201d.\n"
                },
                "16": {
                    "verse_nr": 16,
                    "verse": "PHE. Aperuerunt super te os suum omnes inimici tui; sibilaverunt et fremuerunt dentibus et dixerunt: \u201c Devoravimus; en ista est dies, quam exspectabamus: invenimus, vidimus \u201d.\n"
                },
                "17": {
                    "verse_nr": 17,
                    "verse": "AIN. Fecit Dominus, quae cogitavit; complevit sermonem suum, quem praeceperat a diebus antiquis: destruxit et non pepercit. Et laetificavit super te inimicum et exaltavit cornu hostium tuorum.\n"
                },
                "18": {
                    "verse_nr": 18,
                    "verse": "SADE. Clamet cor tuum ad Dominum super muros filiae Sion; deduc quasi torrentem lacrimas per diem et noctem. Non des requiem tibi, neque taceat pupilla oculi tui.\n"
                },
                "19": {
                    "verse_nr": 19,
                    "verse": "COPH. Consurge, lamentare in nocte in principio vigiliarum, effunde sicut aquam cor tuum ante conspectum Domini; leva ad eum manus tuas pro anima parvulorum tuorum, qui defecerunt in fame in capite omnium compitorum.\n"
                },
                "20": {
                    "verse_nr": 20,
                    "verse": "RES. \u201c Vide, Domine, et considera, cui feceris ita; ergone comedent mulieres fructum suum, parvulos diligenter fovendos? Num occidetur in sanctuario Domini sacerdos et propheta?\n"
                },
                "21": {
                    "verse_nr": 21,
                    "verse": "SIN. Iacuerunt in terra foris puer et senex; virgines meae et iuvenes mei ceciderunt in gladio: interfecisti in die furoris tui, percussisti nec misertus es.\n"
                },
                "22": {
                    "verse_nr": 22,
                    "verse": "THAU. Vocasti quasi ad diem sollemnem, qui terrerent me de circuitu, et non fuit in die furoris Domini, qui effugeret et relinqueretur: quos fovi et enutrivi, inimicus meus consumpsit eos \u201d.\n"
                }
            }
        },
        "3": {
            "chapter_nr": 3,
            "chapter": {
                "1": {
                    "verse_nr": 1,
                    "verse": "ALEPH. Ego vir videns paupertatem meam in virga indignationis eius.\n"
                },
                "2": {
                    "verse_nr": 2,
                    "verse": "ALEPH. Me minavit et adduxit in tenebras et non in lucem.\n"
                },
                "3": {
                    "verse_nr": 3,
                    "verse": "ALEPH. Tantum in me vertit et convertit manum suam tota die.\n"
                },
                "4": {
                    "verse_nr": 4,
                    "verse": "BETH. Consumpsit pellem meam et carnem meam, contrivit ossa mea.\n"
                },
                "5": {
                    "verse_nr": 5,
                    "verse": "BETH. Aedificavit in gyro meo et circumdedit me felle et labore.\n"
                },
                "6": {
                    "verse_nr": 6,
                    "verse": "BETH. In tenebrosis collocavit me quasi mortuos sempiternos.\n"
                },
                "7": {
                    "verse_nr": 7,
                    "verse": "GHIMEL. Circumaedificavit adversum me, ut non egrediar, aggravavit compedem meum.\n"
                },
                "8": {
                    "verse_nr": 8,
                    "verse": "GHIMEL. Sed et cum clamavero et rogavero, exclusit orationem meam.\n"
                },
                "9": {
                    "verse_nr": 9,
                    "verse": "GHIMEL. Conclusit vias meas lapidibus quadris, semitas meas subvertit.\n"
                },
                "10": {
                    "verse_nr": 10,
                    "verse": "DALETH. Ursus insidians factus est mihi, leo in absconditis.\n"
                },
                "11": {
                    "verse_nr": 11,
                    "verse": "DALETH. Semitas meas subvertit et confregit me, posuit me desolatam.\n"
                },
                "12": {
                    "verse_nr": 12,
                    "verse": "DALETH. Tetendit arcum suum et posuit me quasi signum ad sagittam.\n"
                },
                "13": {
                    "verse_nr": 13,
                    "verse": "HE. Misit in renibus meis filias pharetrae suae.\n"
                },
                "14": {
                    "verse_nr": 14,
                    "verse": "HE. Factus sum in derisum omni populo meo, canticum eorum tota die.\n"
                },
                "15": {
                    "verse_nr": 15,
                    "verse": "HE. Replevit me amaritudinibus, inebriavit me absinthio.\n"
                },
                "16": {
                    "verse_nr": 16,
                    "verse": "VAU. Et fregit in glarea dentes meos, depressit me cinere.\n"
                },
                "17": {
                    "verse_nr": 17,
                    "verse": "VAU. Et repulsa est a pace anima mea, oblitus sum bonorum.\n"
                },
                "18": {
                    "verse_nr": 18,
                    "verse": "VAU. Et dixi: \u201c Periit splendor meus et spes mea a Domino \u201d.\n"
                },
                "19": {
                    "verse_nr": 19,
                    "verse": "ZAIN. Recordare paupertatis et peregrinationis meae, absinthii et fellis.\n"
                },
                "20": {
                    "verse_nr": 20,
                    "verse": "ZAIN. Memoria memor est et tabescit in me anima mea.\n"
                },
                "21": {
                    "verse_nr": 21,
                    "verse": "ZAIN. Haec recolam in corde meo, ideo sperabo.\n"
                },
                "22": {
                    "verse_nr": 22,
                    "verse": "HETH. Misericordiae Domini, quia non sumus consumpti, quia non defecerunt miserationes eius.\n"
                },
                "23": {
                    "verse_nr": 23,
                    "verse": "HETH. Novae sunt omni mane, magna est fides tua.\n"
                },
                "24": {
                    "verse_nr": 24,
                    "verse": "HETH. \u201c Pars mea Dominus, dixit anima mea; propterea exspectabo eum \u201d.\n"
                },
                "25": {
                    "verse_nr": 25,
                    "verse": "TETH. Bonus est Dominus sperantibus in eum, animae quaerenti illum.\n"
                },
                "26": {
                    "verse_nr": 26,
                    "verse": "TETH. Bonum est praestolari cum silentio salutare Domini.\n"
                },
                "27": {
                    "verse_nr": 27,
                    "verse": "TETH. Bonum est viro, cum portaverit iugum ab adulescentia sua.\n"
                },
                "28": {
                    "verse_nr": 28,
                    "verse": "IOD. Sedebit solitarius et tacebit, cum istud imponitur ei.\n"
                },
                "29": {
                    "verse_nr": 29,
                    "verse": "IOD. Ponet in pulvere os suum, si forte sit spes.\n"
                },
                "30": {
                    "verse_nr": 30,
                    "verse": "IOD. Dabit percutienti se maxillam, saturabitur opprobriis.\n"
                },
                "31": {
                    "verse_nr": 31,
                    "verse": "CAPH. Quia non repellet in sempiternum Dominus.\n"
                },
                "32": {
                    "verse_nr": 32,
                    "verse": "CAPH. Quia si afflixit, et miserebitur secundum multitudinem misericordiarum suarum.\n"
                },
                "33": {
                    "verse_nr": 33,
                    "verse": "CAPH. Non enim humiliat ex corde suo et affligit filios hominum.\n"
                },
                "34": {
                    "verse_nr": 34,
                    "verse": "LAMED. Conterere sub pedibus suis omnes vinctos terrae.\n"
                },
                "35": {
                    "verse_nr": 35,
                    "verse": "LAMED. Declinare iudicium viri in conspectu vultus Altissimi.\n"
                },
                "36": {
                    "verse_nr": 36,
                    "verse": "LAMED. Pervertere hominem in iudicio suo, num Dominus haec ignorat?\n"
                },
                "37": {
                    "verse_nr": 37,
                    "verse": "MEM. Quis est iste, qui dixit, et factum est? Dominus non iussit?\n"
                },
                "38": {
                    "verse_nr": 38,
                    "verse": "MEM. Ex ore Altissimi nonne egrediuntur et mala et bona?\n"
                },
                "39": {
                    "verse_nr": 39,
                    "verse": "MEM. Quid murmurabit homo vivens, vir pro peccatis suis?\n"
                },
                "40": {
                    "verse_nr": 40,
                    "verse": "NUN. \u201c Scrutemur vias nostras et quaeramus et revertamur ad Dominum.\n"
                },
                "41": {
                    "verse_nr": 41,
                    "verse": "NUN. Levemus corda nostra cum manibus ad Dominum in caelos.\n"
                },
                "42": {
                    "verse_nr": 42,
                    "verse": "NUN. Nos inique egimus et rebelles fuimus; idcirco tu inexorabilis fuisti.\n"
                },
                "43": {
                    "verse_nr": 43,
                    "verse": "SAMECH. Operuisti in furore et percussisti nos; occidisti nec pepercisti.\n"
                },
                "44": {
                    "verse_nr": 44,
                    "verse": "SAMECH. Opposuisti nubem tibi, ne transeat oratio.\n"
                },
                "45": {
                    "verse_nr": 45,
                    "verse": "SAMECH. In eradicationem et abiectionem posuisti nos in medio populorum.\n"
                },
                "46": {
                    "verse_nr": 46,
                    "verse": "PHE. Aperuerunt super nos os suum omnes inimici nostri.\n"
                },
                "47": {
                    "verse_nr": 47,
                    "verse": "PHE. Formido et fovea facta est nobis, vastatio et contritio \u201d.\n"
                },
                "48": {
                    "verse_nr": 48,
                    "verse": "PHE. Rivos aquarum deducit oculus meus in contritione filiae populi mei.\n"
                },
                "49": {
                    "verse_nr": 49,
                    "verse": "AIN. Oculus meus lacrimas effundit nec tacet, eo quod non sit requies.\n"
                },
                "50": {
                    "verse_nr": 50,
                    "verse": "AIN. Donec respiciat et videat Dominus de caelis.\n"
                },
                "51": {
                    "verse_nr": 51,
                    "verse": "AIN. Oculus meus affligit animam meam prae cunctis filiabus urbis meae.\n"
                },
                "52": {
                    "verse_nr": 52,
                    "verse": "SADE. Venatione venati sunt me quasi avem inimici mei gratis.\n"
                },
                "53": {
                    "verse_nr": 53,
                    "verse": "SADE. Perdiderunt in lacu vitam meam et iecerunt lapides super me.\n"
                },
                "54": {
                    "verse_nr": 54,
                    "verse": "SADE. Inundaverunt aquae super caput meum, dixi: \u201c Perii \u201d.\n"
                },
                "55": {
                    "verse_nr": 55,
                    "verse": "COPH. Invocavi nomen tuum, Domine, de profunditate lacus.\n"
                },
                "56": {
                    "verse_nr": 56,
                    "verse": "COPH. Vocem meam audisti: \u201c Ne avertas aurem tuam a singultu meo et clamoribus \u201d.\n"
                },
                "57": {
                    "verse_nr": 57,
                    "verse": "COPH. Appropinquasti in die, quando invocavi te, dixisti: \u201c Ne timeas \u201d.\n"
                },
                "58": {
                    "verse_nr": 58,
                    "verse": "RES. Iudicasti, Domine, causam animae meae, redemisti vitam meam.\n"
                },
                "59": {
                    "verse_nr": 59,
                    "verse": "RES. Vidisti, Domine, afflictionem meam; iudica iudicium meum.\n"
                },
                "60": {
                    "verse_nr": 60,
                    "verse": "RES. Vidisti omnem furorem eorum, universas cogitationes eorum adversum me.\n"
                },
                "61": {
                    "verse_nr": 61,
                    "verse": "SIN. Audisti opprobrium eorum, Domine, omnes cogitationes eorum adversum me.\n"
                },
                "62": {
                    "verse_nr": 62,
                    "verse": "SIN. Labia insurgentium mihi et meditationes eorum adversum me tota die.\n"
                },
                "63": {
                    "verse_nr": 63,
                    "verse": "SIN. Sessionem eorum et resurrectionem eorum vide; ego sum psalmus eorum.\n"
                },
                "64": {
                    "verse_nr": 64,
                    "verse": "THAU. Reddes eis vicem, Domine, iuxta opera manuum suarum.\n"
                },
                "65": {
                    "verse_nr": 65,
                    "verse": "THAU. Dabis eis duritiam cordis, exsecrationem tuam.\n"
                },
                "66": {
                    "verse_nr": 66,
                    "verse": "THAU. Persequeris in furore et conteres eos sub caelis tuis, Domine.\n"
                }
            }
        },
        "4": {
            "chapter_nr": 4,
            "chapter": {
                "1": {
                    "verse_nr": 1,
                    "verse": "ALEPH. Quomodo obscuratum est aurum, mutatum est obryzum optimum! Dispersi sunt lapides sancti in capite omnium platearum.\n"
                },
                "2": {
                    "verse_nr": 2,
                    "verse": "BETH. Filii Sion incliti et ponderati auro primo, quomodo reputati sunt in vasa testea, opus manuum figuli!\n"
                },
                "3": {
                    "verse_nr": 3,
                    "verse": "GHIMEL. Sed et thoes nudaverunt mammam, lactaverunt catulos suos; filia populi mei crudelis quasi struthio in deserto.\n"
                },
                "4": {
                    "verse_nr": 4,
                    "verse": "DALETH. Adhaesit lingua lactantis ad palatum eius in siti; parvuli petierunt panem, et non erat qui frangeret eis.\n"
                },
                "5": {
                    "verse_nr": 5,
                    "verse": "HE. Qui vescebantur voluptuose, interierunt in viis; qui nutriebantur in coccinis, amplexati sunt stercora.\n"
                },
                "6": {
                    "verse_nr": 6,
                    "verse": "VAU. Et maior effecta est iniquitas filiae populi mei peccato Sodomae, quae subversa est in momento, et non laborabant in ea manus.\n"
                },
                "7": {
                    "verse_nr": 7,
                    "verse": "ZAIN. Candidiores nazaraei eius nive, nitidiores lacte, rubicundiores in corpore coralliis, sapphirus aspectus eorum.\n"
                },
                "8": {
                    "verse_nr": 8,
                    "verse": "HETH. Denigrata est super carbones facies eorum, et non sunt cogniti in plateis: adhaesit cutis eorum ossibus, aruit et facta est quasi lignum.\n"
                },
                "9": {
                    "verse_nr": 9,
                    "verse": "TETH. Melius fuit occisis gladio quam interfectis fame, quoniam isti extabuerunt consumpti a sterilitate terrae.\n"
                },
                "10": {
                    "verse_nr": 10,
                    "verse": "IOD. Manus mulierum misericordium coxerunt filios suos: facti sunt cibus earum in contritione filiae populi mei.\n"
                },
                "11": {
                    "verse_nr": 11,
                    "verse": "CAPH. Complevit Dominus furorem suum, effudit iram indignationis suae; et succendit ignem in Sion, qui devoravit fundamenta eius.\n"
                },
                "12": {
                    "verse_nr": 12,
                    "verse": "LAMED. Non crediderunt reges terrae et universi habitatores orbis, quoniam ingrederetur hostis et inimicus per portas Ierusalem.\n"
                },
                "13": {
                    "verse_nr": 13,
                    "verse": "MEM. Propter peccata prophetarum eius et iniquitates sacerdotum eius, qui effuderunt in medio eius sanguinem iustorum.\n"
                },
                "14": {
                    "verse_nr": 14,
                    "verse": "NUN. Erraverunt caeci in plateis, polluti sunt in sanguine, ita ut nemo posset attingere lacinias eorum.\n"
                },
                "15": {
                    "verse_nr": 15,
                    "verse": "SAMECH. \u201c Recedite! Pollutus est \u201d, clamaverunt eis; \u201c Recedite, abite, nolite tangere! \u201d. Cum fugerent et errarent, dixerunt inter gentes: \u201c Non addent ultra ut incolant \u201d.\n"
                },
                "16": {
                    "verse_nr": 16,
                    "verse": "PHE. Facies Domini dispersit eos, non addet ut respiciat eos; facies sacerdotum non respexerunt neque senum miserti sunt.\n"
                },
                "17": {
                    "verse_nr": 17,
                    "verse": "AIN. Adhuc deficiunt oculi nostri ad auxilium nostrum vanum? In specula nostra respeximus ad gentem, quae salvare non potest.\n"
                },
                "18": {
                    "verse_nr": 18,
                    "verse": "SADE. Insidiati sunt vestigiis nostris, ne iremus per plateas nostras. \u201c Appropinquavit finis noster, completi sunt dies nostri, quia venit finis noster \u201d.\n"
                },
                "19": {
                    "verse_nr": 19,
                    "verse": "COPH. Velociores fuerunt persecutores nostri aquilis caeli; super montes persecuti sunt nos, in deserto insidiati sunt nobis.\n"
                },
                "20": {
                    "verse_nr": 20,
                    "verse": "RES. Spiritus oris nostri, unctus Domini, captus est in foveis eorum, de quo dicebamus: \u201c Sub umbra sua vivemus in gentibus \u201d.\n"
                },
                "21": {
                    "verse_nr": 21,
                    "verse": "SIN. Gaude et laetare, filia Edom, quae habitas in terra Us; ad te quoque perveniet calix, inebriaberis atque nudaberis.\n"
                },
                "22": {
                    "verse_nr": 22,
                    "verse": "THAU. Completa est iniquitas tua, filia Sion, non addet ultra ut transmigret te; visitavit iniquitatem tuam, filia Edom, discooperuit peccata tua.\n"
                }
            }
        },
        "5": {
            "chapter_nr": 5,
            "chapter": {
                "1": {
                    "verse_nr": 1,
                    "verse": "Recordare, Domine, quid acci derit nobis; intuere et respice opprobrium nostrum.\n"
                },
                "2": {
                    "verse_nr": 2,
                    "verse": "Hereditas nostra versa est ad alienos, domus nostrae ad extraneos.\n"
                },
                "3": {
                    "verse_nr": 3,
                    "verse": "Pupilli facti sumus absque patre, matres nostrae quasi viduae.\n"
                },
                "4": {
                    "verse_nr": 4,
                    "verse": "Aquam nostram pecunia bibimus, ligna nostra pretio comparamus.\n"
                },
                "5": {
                    "verse_nr": 5,
                    "verse": "Iugum in cervicibus nostris minamur; lassis non datur requies.\n"
                },
                "6": {
                    "verse_nr": 6,
                    "verse": "Aegyptiis dedimus manum et Assyriis, ut saturaremur pane.\n"
                },
                "7": {
                    "verse_nr": 7,
                    "verse": "Patres nostri peccaverunt et non sunt, et nos iniquitates eorum portamus. \n"
                },
                "8": {
                    "verse_nr": 8,
                    "verse": "Servi dominantur nostri; non est qui redimat de manu eorum.\n"
                },
                "9": {
                    "verse_nr": 9,
                    "verse": "Vitae nostrae periculo afferimus panem nobis a facie gladii in deserto.\n"
                },
                "10": {
                    "verse_nr": 10,
                    "verse": "Pellis nostra quasi clibanus exusta est propter aestum famis.\n"
                },
                "11": {
                    "verse_nr": 11,
                    "verse": "Mulieres in Sion humiliaverunt et virgines in civitatibus Iudae.\n"
                },
                "12": {
                    "verse_nr": 12,
                    "verse": "Principes manu eorum suspensi sunt; facies senum honorem non habuerunt.\n"
                },
                "13": {
                    "verse_nr": 13,
                    "verse": "Adulescentes molam portaverunt, et pueri sub lignis corruerunt.\n"
                },
                "14": {
                    "verse_nr": 14,
                    "verse": "Senes deficiunt de portis, iuvenes de choro psallentium.\n"
                },
                "15": {
                    "verse_nr": 15,
                    "verse": "Defecit gaudium cordis nostri; versus est in luctum chorus noster.\n"
                },
                "16": {
                    "verse_nr": 16,
                    "verse": "Cecidit corona capitis nostri; vae nobis, quia peccavimus!\n"
                },
                "17": {
                    "verse_nr": 17,
                    "verse": "Propterea maestum factum est cor nostrum, ideo contenebrati sunt oculi nostri,\n"
                },
                "18": {
                    "verse_nr": 18,
                    "verse": "propter montem Sion, quia desolatus est: vulpes ambulant in eo.\n"
                },
                "19": {
                    "verse_nr": 19,
                    "verse": "Tu autem, Domine, in aeternum permanebis, solium tuum in generationem et generationem.\n"
                },
                "20": {
                    "verse_nr": 20,
                    "verse": "Quare in perpetuum oblivisceris nostri, derelinques nos in longitudinem dierum?\n"
                },
                "21": {
                    "verse_nr": 21,
                    "verse": "Converte nos, Domine, ad te, et convertemur; innova dies nostros sicut a principio.\n"
                },
                "22": {
                    "verse_nr": 22,
                    "verse": "Ergone proiciens reppulisti nos, iratus es contra nos vehementer?\n"
                }
            }
        }
    }
}