{
    "version": "R1933",
    "book_name": "Jonah",
    "book_nr": "32",
    "book": {
        "1": {
            "chapter_nr": "1",
            "chapter": {
                "1": {
                    "verse_nr": "1",
                    "verse": "Joonalle, Amittain pojalle, tuli t\u00e4m\u00e4 Herran sana:"
                },
                "2": {
                    "verse_nr": "2",
                    "verse": "&#34;Nouse, mene Niiniveen, siihen suureen kaupunkiin, ja saarnaa sit\u00e4 vastaan; sill\u00e4 heid\u00e4n pahuutensa on noussut minun kasvojeni eteen&#34;."
                },
                "3": {
                    "verse_nr": "3",
                    "verse": "Mutta Joona nousi paetaksensa Tarsiiseen Herran kasvojen edest\u00e4 ja meni alas Jaafoon ja l\u00f6ysi laivan, joka oli l\u00e4htev\u00e4 Tarsiiseen. Ja h\u00e4n suoritti laivamaksun ja astui siihen menn\u00e4kseen heid\u00e4n kanssansa Tarsiiseen, pois Herran kasvojen edest\u00e4."
                },
                "4": {
                    "verse_nr": "4",
                    "verse": "Mutta Herra heitti suuren tuulen merelle, niin ett\u00e4 merell\u00e4 nousi suuri myrsky ja laiva oli s\u00e4rkym\u00e4isill\u00e4\u00e4n."
                },
                "5": {
                    "verse_nr": "5",
                    "verse": "Niin merimiehet pelk\u00e4siv\u00e4t ja huusivat avuksi itsekukin jumalaansa. Ja he heittiv\u00e4t mereen tavarat, mit\u00e4 laivassa oli, kevent\u00e4\u00e4kseen sit\u00e4. Mutta Joona oli mennyt alas laivan pohjalle ja pannut maata, ja h\u00e4n nukkui raskaasti."
                },
                "6": {
                    "verse_nr": "6",
                    "verse": "Niin laivuri tuli h\u00e4nen luoksensa ja sanoi h\u00e4nelle: &#34;Mit\u00e4s nukut? Nouse ja huuda jumalaasi. Ehk\u00e4p\u00e4 se jumala muistaa meit\u00e4, niin ettemme huku.&#34;"
                },
                "7": {
                    "verse_nr": "7",
                    "verse": "Ja he sanoivat toisillensa: &#34;Tulkaa, heitt\u00e4k\u00e4\u00e4mme arpaa, saadaksemme tiet\u00e4\u00e4, kenen t\u00e4hden t\u00e4m\u00e4 onnettomuus on meille tullut&#34;. Mutta kun he heittiv\u00e4t arpaa, lankesi arpa Joonalle."
                },
                "8": {
                    "verse_nr": "8",
                    "verse": "Niin he sanoivat h\u00e4nelle: &#34;Ilmoita meille, kenen t\u00e4hden t\u00e4m\u00e4 onnettomuus on meille tullut. Mik\u00e4 on toimesi ja mist\u00e4 tulet? Mik\u00e4 on sinun maasi ja mist\u00e4 kansasta olet?&#34;"
                },
                "9": {
                    "verse_nr": "9",
                    "verse": "H\u00e4n vastasi heille: &#34;Min\u00e4 olen hebrealainen, ja min\u00e4 pelk\u00e4\u00e4n Herraa, taivaan Jumalaa, joka on tehnyt meren ja kuivan maan&#34;."
                },
                "10": {
                    "verse_nr": "10",
                    "verse": "Niin miehet pelj\u00e4styiv\u00e4t suuresti ja sanoivat h\u00e4nelle: &#34;Miksi olet tehnyt n\u00e4in?&#34; Sill\u00e4 miehet tiesiv\u00e4t, ett\u00e4 h\u00e4n oli pakenemassa Herran kasvojen edest\u00e4; h\u00e4n oli n\u00e4et ilmaissut sen heille."
                },
                "11": {
                    "verse_nr": "11",
                    "verse": "He sanoivat h\u00e4nelle: &#34;Mit\u00e4 on meid\u00e4n teht\u00e4v\u00e4 sinulle, ett\u00e4 meri tulisi meille tyveneksi?&#34; Sill\u00e4 meri myrskysi myrsky\u00e4mist\u00e4ns\u00e4."
                },
                "12": {
                    "verse_nr": "12",
                    "verse": "H\u00e4n vastasi heille: &#34;Ottakaa minut ja heitt\u00e4k\u00e4\u00e4 minut mereen, niin meri teille tyventyy. Sill\u00e4 min\u00e4 tied\u00e4n, ett\u00e4 t\u00e4m\u00e4 suuri myrsky on tullut teille minun t\u00e4hteni.&#34;"
                },
                "13": {
                    "verse_nr": "13",
                    "verse": "Miehet soutivat p\u00e4\u00e4st\u00e4kseen j\u00e4lleen kuivalle maalle, mutta eiv\u00e4t voineet, sill\u00e4 meri myrskysi vastaan myrsky\u00e4mist\u00e4ns\u00e4."
                },
                "14": {
                    "verse_nr": "14",
                    "verse": "Ja he huusivat Herraa ja sanoivat: &#34;Voi, Herra, \u00e4l\u00e4 anna meid\u00e4n hukkua t\u00e4m\u00e4n miehen hengen t\u00e4hden \u00e4l\u00e4k\u00e4 lue syyksemme viatonta verta, sill\u00e4 sin\u00e4, Herra, teet, niinkuin sinulle otollista on&#34;."
                },
                "15": {
                    "verse_nr": "15",
                    "verse": "Sitten he ottivat Joonan ja heittiv\u00e4t h\u00e4net mereen, ja meri asettui raivostansa."
                },
                "16": {
                    "verse_nr": "16",
                    "verse": "Ja miehet pelk\u00e4siv\u00e4t suuresti Herraa, uhrasivat Herralle teurasuhrin ja tekiv\u00e4t lupauksia."
                },
                "17": {
                    "verse_nr": "17",
                    "verse": "verse doesn't exist in this bible version"
                }
            }
        },
        "2": {
            "chapter_nr": "2",
            "chapter": {
                "1": {
                    "verse_nr": "1",
                    "verse": "Mutta Herra toimitti suuren kalan nielaisemaan Joonan. Ja Joona oli kalan sis\u00e4ss\u00e4 kolme p\u00e4iv\u00e4\u00e4 ja kolme y\u00f6t\u00e4."
                },
                "2": {
                    "verse_nr": "2",
                    "verse": "Ja Joona rukoili Herraa, Jumalaansa, kalan sis\u00e4ss\u00e4"
                },
                "3": {
                    "verse_nr": "3",
                    "verse": "ja sanoi: &#34;Min\u00e4 huusin ahdistuksessani Herraa, ja h\u00e4n vastasi minulle. Tuonelan kohdussa min\u00e4 huusin apua, ja sin\u00e4 kuulit minun \u00e4\u00e4neni."
                },
                "4": {
                    "verse_nr": "4",
                    "verse": "Sin\u00e4 sy\u00f6ksit minut syvyyteen, merten syd\u00e4meen, ja virta ymp\u00e4r\u00f6itsi minut, kaikki sinun kuohusi ja aaltosi vy\u00f6ryiv\u00e4t minun ylitseni."
                },
                "5": {
                    "verse_nr": "5",
                    "verse": "Min\u00e4 ajattelin: Olen karkoitettu pois sinun silmiesi edest\u00e4. Kuitenkin min\u00e4 saan viel\u00e4 katsella sinun pyh\u00e4\u00e4 temppeli\u00e4si."
                },
                "6": {
                    "verse_nr": "6",
                    "verse": "Vedet piirittiv\u00e4t minut aina sieluun asti, syvyys ymp\u00e4r\u00f6itsi minut, kaisla kietoutui p\u00e4\u00e4h\u00e4ni."
                },
                "7": {
                    "verse_nr": "7",
                    "verse": "Min\u00e4 vajosin alas vuorten perustuksiin asti, maan salvat sulkeutuivat minun ylitseni iankaikkisesti. Mutta sin\u00e4 nostit minun henkeni yl\u00f6s haudasta, Herra, minun Jumalani."
                },
                "8": {
                    "verse_nr": "8",
                    "verse": "Kun sieluni n\u00e4\u00e4ntyi minussa, min\u00e4 muistin Herraa, ja minun rukoukseni tuli sinun tyk\u00f6si, sinun pyh\u00e4\u00e4n temppeliisi."
                },
                "9": {
                    "verse_nr": "9",
                    "verse": "Ne, jotka kunnioittavat v\u00e4\u00e4ri\u00e4 jumalia, hylk\u00e4\u00e4v\u00e4t armonantajansa."
                },
                "10": {
                    "verse_nr": "10",
                    "verse": "Mutta min\u00e4 tahdon uhrata sinulle kiitoksen kaikuessa. Mit\u00e4 olen luvannut, sen min\u00e4 t\u00e4yt\u00e4n. Herrassa on pelastus.&#34;"
                }
            }
        },
        "3": {
            "chapter_nr": "3",
            "chapter": {
                "1": {
                    "verse_nr": "1",
                    "verse": "Joonalle tuli toistamiseen t\u00e4m\u00e4 Herran sana:"
                },
                "2": {
                    "verse_nr": "2",
                    "verse": "&#34;Nouse ja mene Niiniveen, siihen suureen kaupunkiin, ja saarnaa sille se saarna, mink\u00e4 min\u00e4 sinulle puhun&#34;."
                },
                "3": {
                    "verse_nr": "3",
                    "verse": "Niin Joona nousi ja meni Niiniveen Herran sanan mukaan. Ja Niinive oli suuri kaupunki Jumalan edess\u00e4: kolme p\u00e4iv\u00e4nmatkaa."
                },
                "4": {
                    "verse_nr": "4",
                    "verse": "Ja Joona k\u00e4veli kaupungissa aluksi yhden p\u00e4iv\u00e4nmatkan ja saarnasi sanoen: &#34;Viel\u00e4 nelj\u00e4kymment\u00e4 p\u00e4iv\u00e4\u00e4, ja Niinive h\u00e4vitet\u00e4\u00e4n&#34;."
                },
                "5": {
                    "verse_nr": "5",
                    "verse": "Niin Niiniven miehet uskoivat Jumalaan, kuuluttivat paaston ja pukeutuivat s\u00e4kkeihin, niin suuret kuin pienet."
                },
                "6": {
                    "verse_nr": "6",
                    "verse": "Ja kun tieto t\u00e4st\u00e4 tuli Niiniven kuninkaalle, nousi h\u00e4n valtaistuimeltaan, riisui ylt\u00e4\u00e4n vaippansa, verhoutui s\u00e4kkiin ja istui tuhkaan."
                },
                "7": {
                    "verse_nr": "7",
                    "verse": "Ja h\u00e4n huudatti Niinivess\u00e4: &#34;Kuninkaan ja h\u00e4nen ylimystens\u00e4 m\u00e4\u00e4r\u00e4ys kuuluu: \u00c4lk\u00f6\u00f6t ihmiset \u00e4lk\u00f6\u00f6tk\u00e4 el\u00e4imet - raavaat ja lampaat - maistako mit\u00e4\u00e4n, k\u00e4yk\u00f6 laitumella tai vett\u00e4 juoko."
                },
                "8": {
                    "verse_nr": "8",
                    "verse": "Verhoutukoot ihmiset ja el\u00e4imet s\u00e4kkeihin, huutakoot v\u00e4kev\u00e4sti Jumalaa ja k\u00e4\u00e4ntyk\u00f6\u00f6t itsekukin pois pahalta tielt\u00e4ns\u00e4 sek\u00e4 v\u00e4kivallasta, mik\u00e4 heid\u00e4n k\u00e4si\u00e4ns\u00e4 tahraa."
                },
                "9": {
                    "verse_nr": "9",
                    "verse": "Ehk\u00e4p\u00e4 Jumala j\u00e4lleen katuu ja k\u00e4\u00e4ntyy vihansa hehkusta, niin ettemme huku.&#34;"
                },
                "10": {
                    "verse_nr": "10",
                    "verse": "Kun Jumala n\u00e4ki heid\u00e4n tekonsa, ett\u00e4 he k\u00e4\u00e4ntyiv\u00e4t pois pahalta tielt\u00e4ns\u00e4, niin Jumala katui sit\u00e4 pahaa, mink\u00e4 h\u00e4n oli sanonut tekev\u00e4ns\u00e4 heille, eik\u00e4 tehnyt sit\u00e4."
                }
            }
        },
        "4": {
            "chapter_nr": "4",
            "chapter": {
                "1": {
                    "verse_nr": "1",
                    "verse": "Mutta Joona pahastui t\u00e4st\u00e4 kovin, ja h\u00e4n vihastui."
                },
                "2": {
                    "verse_nr": "2",
                    "verse": "Ja h\u00e4n rukoili Herraa ja sanoi: &#34;Voi Herra! Enk\u00f6 min\u00e4 sit\u00e4 sanonut, kun olin viel\u00e4 omassa maassani? Siksih\u00e4n min\u00e4 eh\u00e4tin pakenemaan Tarsiiseen. Sill\u00e4 min\u00e4 tiesin, ett\u00e4 sin\u00e4 olet armahtavainen ja laupias Jumala, pitk\u00e4mielinen ja armosta rikas, ja ett\u00e4 sin\u00e4 kadut pahaa."
                },
                "3": {
                    "verse_nr": "3",
                    "verse": "Ja nyt, Herra, ota minun henkeni, sill\u00e4 kuolema on minulle parempi kuin el\u00e4m\u00e4.&#34;"
                },
                "4": {
                    "verse_nr": "4",
                    "verse": "Mutta Herra sanoi: &#34;Onko vihastumisesi oikea?&#34;"
                },
                "5": {
                    "verse_nr": "5",
                    "verse": "Niin Joona l\u00e4hti kaupungista ja asettui kaupungin it\u00e4puolelle. H\u00e4n teki itsellens\u00e4 sinne lehtimajan ja k\u00e4vi istumaan sen alle varjoon, kunnes n\u00e4kisi, miten kaupungin oli k\u00e4yv\u00e4."
                },
                "6": {
                    "verse_nr": "6",
                    "verse": "Mutta Herra Jumala toimitti risiinikasvin kasvamaan Joonan p\u00e4\u00e4n ylitse, varjostamaan h\u00e4nen p\u00e4\u00e4t\u00e4ns\u00e4 ja p\u00e4\u00e4st\u00e4m\u00e4\u00e4n h\u00e4nt\u00e4 h\u00e4nen mielipahastaan. Ja Joona iloitsi suuresti risiinikasvista."
                },
                "7": {
                    "verse_nr": "7",
                    "verse": "Mutta seuraavana p\u00e4iv\u00e4n\u00e4, aamun sarastaessa, Jumala toimitti madon kalvamaan risiinikasvia, niin ett\u00e4 se kuivui."
                },
                "8": {
                    "verse_nr": "8",
                    "verse": "Ja auringon noustua Jumala toimitti tulikuuman it\u00e4tuulen, ja aurinko paahtoi Joonaa p\u00e4\u00e4h\u00e4n, niin ett\u00e4 h\u00e4nt\u00e4 n\u00e4\u00e4nnytti. Niin h\u00e4n toivotti itsellens\u00e4 kuolemaa ja sanoi: &#34;Parempi on minulle kuolema kuin el\u00e4m\u00e4&#34;."
                },
                "9": {
                    "verse_nr": "9",
                    "verse": "Mutta Jumala sanoi Joonalle: &#34;Onko vihastumisesi risiinikasvin t\u00e4hden oikea?&#34; T\u00e4m\u00e4 vastasi: &#34;Oikea on vihastumiseni kuolemaan asti&#34;."
                },
                "10": {
                    "verse_nr": "10",
                    "verse": "Niin Herra sanoi: &#34;Sin\u00e4 armahdat risiinikasvia, josta et ole vaivaa n\u00e4hnyt ja jota et ole kasvattanut, joka yhden y\u00f6n lapsena syntyi ja yhden y\u00f6n lapsena kuoli."
                },
                "11": {
                    "verse_nr": "11",
                    "verse": "Enk\u00f6 siis min\u00e4 armahtaisi Niinive\u00e4, sit\u00e4 suurta kaupunkia, jossa on enemm\u00e4n kuin sata kaksikymment\u00e4 tuhatta ihmist\u00e4, jotka eiv\u00e4t viel\u00e4 tied\u00e4, kumpi k\u00e4si on oikea, kumpi vasen, niin my\u00f6s paljon el\u00e4imi\u00e4?&#34;"
                }
            }
        }
    }
}