{
    "version": "ARC",
    "book_name": "2 Peter",
    "book_nr": "61",
    "book": {
        "1": {
            "chapter_nr": "1",
            "chapter": {
                "1": {
                    "verse_nr": "1",
                    "verse": "Pref\u00e1cio e sauda\u00e7\u00e3o - Sim\u00e3o Pedro, servo e ap\u00f3stolo de Jesus Cristo, aos que conosco alcan\u00e7aram f\u00e9 igualmente preciosa pela justi\u00e7a do nosso Deus e Salvador Jesus Cristo:"
                },
                "2": {
                    "verse_nr": "2",
                    "verse": "gra\u00e7a e paz vos sejam multiplicadas, pelo conhecimento de Deus e de Jesus, nosso Senhor."
                },
                "3": {
                    "verse_nr": "3",
                    "verse": "Visto como o seu divino poder nos deu tudo o que diz respeito \u00e0 vida e piedade, pelo conhecimento daquele que nos chamou por sua gl\u00f3ria e virtude,"
                },
                "4": {
                    "verse_nr": "4",
                    "verse": "pelas quais ele nos tem dado grand\u00edssimas e preciosas promessas, para que por elas fiqueis participantes da natureza divina, havendo escapado da corrup\u00e7\u00e3o, que, pela concupisc\u00eancia, h\u00e1 no mundo,"
                },
                "5": {
                    "verse_nr": "5",
                    "verse": "e v\u00f3s tamb\u00e9m, pondo nisto mesmo toda a dilig\u00eancia, acrescentai \u00e0 vossa f\u00e9 a virtude, e \u00e0 virtude, a ci\u00eancia,"
                },
                "6": {
                    "verse_nr": "6",
                    "verse": "e \u00e0 ci\u00eancia, a temperan\u00e7a, e \u00e0 temperan\u00e7a, a paci\u00eancia, e \u00e0 paci\u00eancia, a piedade,"
                },
                "7": {
                    "verse_nr": "7",
                    "verse": "e \u00e0 piedade, a fraternidade, e \u00e0 fraternidade, o amor."
                },
                "8": {
                    "verse_nr": "8",
                    "verse": "Porque, se em v\u00f3s houver e aumentarem estas coisas, n\u00e3o vos deixar\u00e3o ociosos nem est\u00e9reis no conhecimento de nosso Senhor Jesus Cristo."
                },
                "9": {
                    "verse_nr": "9",
                    "verse": "Pois aquele em quem n\u00e3o h\u00e1 estas coisas \u00e9 cego, nada vendo ao longe, havendo-se esquecido da purifica\u00e7\u00e3o dos seus antigos pecados."
                },
                "10": {
                    "verse_nr": "10",
                    "verse": "Portanto, irm\u00e3os, procurai fazer cada vez mais firme a vossa voca\u00e7\u00e3o e elei\u00e7\u00e3o; porque, fazendo isto, nunca jamais trope\u00e7areis."
                },
                "11": {
                    "verse_nr": "11",
                    "verse": "Porque assim vos ser\u00e1 amplamente concedida a entrada no Reino eterno de nosso Senhor e Salvador Jesus Cristo."
                },
                "12": {
                    "verse_nr": "12",
                    "verse": "Pelo que n\u00e3o deixarei de exortar-vos sempre acerca destas coisas, ainda que bem as saibais e estejais confirmados na presente verdade."
                },
                "13": {
                    "verse_nr": "13",
                    "verse": "E tenho por justo, enquanto estiver neste tabern\u00e1culo, despertar-vos com admoesta\u00e7\u00f5es,"
                },
                "14": {
                    "verse_nr": "14",
                    "verse": "sabendo que brevemente hei de deixar este meu tabern\u00e1culo, como tamb\u00e9m nosso Senhor Jesus Cristo j\u00e1 mo tem revelado."
                },
                "15": {
                    "verse_nr": "15",
                    "verse": "Mas tamb\u00e9m eu procurarei, em toda a ocasi\u00e3o, que depois da minha morte tenhais lembran\u00e7a destas coisas."
                },
                "16": {
                    "verse_nr": "16",
                    "verse": "Porque n\u00e3o vos fizemos saber a virtude e a vinda de nosso Senhor Jesus Cristo, seguindo f\u00e1bulas artificialmente compostas, mas n\u00f3s mesmos vimos a sua majestade,"
                },
                "17": {
                    "verse_nr": "17",
                    "verse": "porquanto ele recebeu de Deus Pai honra e gl\u00f3ria, quando da magn\u00edfica gl\u00f3ria lhe foi dirigida a seguinte voz: Este \u00e9 o meu Filho amado, em quem me tenho comprazido."
                },
                "18": {
                    "verse_nr": "18",
                    "verse": "E ouvimos esta voz dirigida do c\u00e9u, estando n\u00f3s com ele no monte santo."
                },
                "19": {
                    "verse_nr": "19",
                    "verse": "E temos, mui firme, a palavra dos profetas, \u00e0 qual bem fazeis em estar atentos, como a uma luz que alumia em lugar escuro, at\u00e9 que o dia esclare\u00e7a, e a estrela da alva apare\u00e7a em vosso cora\u00e7\u00e3o,"
                },
                "20": {
                    "verse_nr": "20",
                    "verse": "sabendo primeiramente isto: que nenhuma profecia da Escritura \u00e9 de particular interpreta\u00e7\u00e3o;"
                },
                "21": {
                    "verse_nr": "21",
                    "verse": "porque a profecia nunca foi produzida por vontade de homem algum, mas os homens santos de Deus falaram inspirados pelo Esp\u00edrito Santo."
                }
            }
        },
        "2": {
            "chapter_nr": "2",
            "chapter": {
                "1": {
                    "verse_nr": "1",
                    "verse": "Os falsos mestres - E tamb\u00e9m houve entre o povo falsos profetas, como entre v\u00f3s haver\u00e1 tamb\u00e9m falsos doutores, que introduzir\u00e3o encobertamente heresias de perdi\u00e7\u00e3o e negar\u00e3o o Senhor que os resgatou, trazendo sobre si mesmos repentina perdi\u00e7\u00e3o."
                },
                "2": {
                    "verse_nr": "2",
                    "verse": "E muitos seguir\u00e3o as suas dissolu\u00e7\u00f5es, pelos quais ser\u00e1 blasfemado o caminho da verdade;"
                },
                "3": {
                    "verse_nr": "3",
                    "verse": "e, por avareza, far\u00e3o de v\u00f3s neg\u00f3cio com palavras fingidas; sobre os quais j\u00e1 de largo tempo n\u00e3o ser\u00e1 tardia a senten\u00e7a, e a sua perdi\u00e7\u00e3o n\u00e3o dormita."
                },
                "4": {
                    "verse_nr": "4",
                    "verse": "Porque, se Deus n\u00e3o perdoou aos anjos que pecaram, mas, havendo-os lan\u00e7ado no inferno, os entregou \u00e0s cadeias da escurid\u00e3o, ficando reservados para o Ju\u00edzo;"
                },
                "5": {
                    "verse_nr": "5",
                    "verse": "e n\u00e3o perdoou ao mundo antigo, mas guardou a No\u00e9, pregoeiro da justi\u00e7a, com mais sete pessoas, ao trazer o dil\u00favio sobre o mundo dos \u00edmpios;"
                },
                "6": {
                    "verse_nr": "6",
                    "verse": "e condenou \u00e0 subvers\u00e3o as cidades de Sodoma e Gomorra, reduzindo-as a cinza e pondo-as para exemplo aos que vivessem impiamente;"
                },
                "7": {
                    "verse_nr": "7",
                    "verse": "e livrou o justo L\u00f3, enfadado da vida dissoluta dos homens abomin\u00e1veis"
                },
                "8": {
                    "verse_nr": "8",
                    "verse": "(porque este justo, habitando entre eles, afligia todos os dias a sua alma justa, pelo que via e ouvia sobre as suas obras injustas)."
                },
                "9": {
                    "verse_nr": "9",
                    "verse": "Assim, sabe o Senhor livrar da tenta\u00e7\u00e3o os piedosos e reservar os injustos para o Dia de Ju\u00edzo, para serem castigados,"
                },
                "10": {
                    "verse_nr": "10",
                    "verse": "mas principalmente aqueles que segundo a carne andam em concupisc\u00eancias de imund\u00edcia e desprezam as domina\u00e7\u00f5es. Atrevidos, obstinados, n\u00e3o receiam blasfemar das autoridades;"
                },
                "11": {
                    "verse_nr": "11",
                    "verse": "enquanto os anjos, sendo maiores em for\u00e7a e poder, n\u00e3o pronunciam contra eles ju\u00edzo blasfemo diante do Senhor."
                },
                "12": {
                    "verse_nr": "12",
                    "verse": "Mas estes, como animais irracionais, que seguem a natureza, feitos para serem presos e mortos, blasfemando do que n\u00e3o entendem, perecer\u00e3o na sua corrup\u00e7\u00e3o,"
                },
                "13": {
                    "verse_nr": "13",
                    "verse": "recebendo o galard\u00e3o da injusti\u00e7a; pois que tais homens t\u00eam prazer nos deleites cotidianos; n\u00f3doas s\u00e3o eles e m\u00e1culas, deleitando-se em seus enganos, quando se banqueteiam convosco;"
                },
                "14": {
                    "verse_nr": "14",
                    "verse": "tendo os olhos cheios de adult\u00e9rio e n\u00e3o cessando de pecar, engodando as almas inconstantes, tendo o cora\u00e7\u00e3o exercitado na avareza, filhos de maldi\u00e7\u00e3o;"
                },
                "15": {
                    "verse_nr": "15",
                    "verse": "os quais, deixando o caminho direito, erraram seguindo o caminho de Bala\u00e3o, filho de Beor, que amou o pr\u00eamio da injusti\u00e7a."
                },
                "16": {
                    "verse_nr": "16",
                    "verse": "Mas teve a repreens\u00e3o da sua transgress\u00e3o; o mudo jumento, falando com voz humana, impediu a loucura do profeta."
                },
                "17": {
                    "verse_nr": "17",
                    "verse": "Estes s\u00e3o fontes sem \u00e1gua, nuvens levadas pela for\u00e7a do vento, para os quais a escurid\u00e3o das trevas eternamente se reserva;"
                },
                "18": {
                    "verse_nr": "18",
                    "verse": "porque, falando coisas mui arrogantes de vaidades, engodam com as concupisc\u00eancias da carne e com dissolu\u00e7\u00f5es aqueles que se estavam afastando dos que andam em erro,"
                },
                "19": {
                    "verse_nr": "19",
                    "verse": "prometendo-lhes liberdade, sendo eles mesmos servos da corrup\u00e7\u00e3o. Porque de quem algu\u00e9m \u00e9 vencido, do tal faz-se tamb\u00e9m servo."
                },
                "20": {
                    "verse_nr": "20",
                    "verse": "Porquanto se, depois de terem escapado das corrup\u00e7\u00f5es do mundo, pelo conhecimento do Senhor e Salvador Jesus Cristo, forem outra vez envolvidos nelas e vencidos, tornou-se-lhes o \u00faltimo estado pior do que o primeiro."
                },
                "21": {
                    "verse_nr": "21",
                    "verse": "Porque melhor lhes fora n\u00e3o conhecerem o caminho da justi\u00e7a do que, conhecendo-o, desviarem-se do santo mandamento que lhes fora dado."
                },
                "22": {
                    "verse_nr": "22",
                    "verse": "Deste modo, sobreveio-lhes o que por um verdadeiro prov\u00e9rbio se diz: O c\u00e3o voltou ao seu pr\u00f3prio v\u00f4mito; a porca lavada, ao espojadouro de lama."
                }
            }
        },
        "3": {
            "chapter_nr": "3",
            "chapter": {
                "1": {
                    "verse_nr": "1",
                    "verse": "A vinda do Senhor - Amados, escrevo-vos, agora, esta segunda carta, em ambas as quais desperto com exorta\u00e7\u00e3o o vosso \u00e2nimo sincero,"
                },
                "2": {
                    "verse_nr": "2",
                    "verse": "para que vos lembreis das palavras que primeiramente foram ditas pelos santos profetas e do mandamento do Senhor e Salvador, mediante os vossos ap\u00f3stolos,"
                },
                "3": {
                    "verse_nr": "3",
                    "verse": "sabendo primeiro isto: que nos \u00faltimos dias vir\u00e3o escarnecedores, andando segundo as suas pr\u00f3prias concupisc\u00eancias"
                },
                "4": {
                    "verse_nr": "4",
                    "verse": "e dizendo: Onde est\u00e1 a promessa da sua vinda? Porque desde que os pais dormiram todas as coisas permanecem como desde o princ\u00edpio da cria\u00e7\u00e3o."
                },
                "5": {
                    "verse_nr": "5",
                    "verse": "Eles voluntariamente ignoram isto: que pela palavra de Deus j\u00e1 desde a antiguidade existiram os c\u00e9us e a terra, que foi tirada da \u00e1gua e no meio da \u00e1gua subsiste;"
                },
                "6": {
                    "verse_nr": "6",
                    "verse": "pelas quais coisas pereceu o mundo de ent\u00e3o, coberto com as \u00e1guas do dil\u00favio."
                },
                "7": {
                    "verse_nr": "7",
                    "verse": "Mas os c\u00e9us e a terra que agora existem pela mesma palavra se reservam como tesouro e se guardam para o fogo, at\u00e9 o Dia do Ju\u00edzo e da perdi\u00e7\u00e3o dos homens \u00edmpios."
                },
                "8": {
                    "verse_nr": "8",
                    "verse": "Mas, amados, n\u00e3o ignoreis uma coisa: que um dia para o Senhor \u00e9 como mil anos, e mil anos, como um dia."
                },
                "9": {
                    "verse_nr": "9",
                    "verse": "O Senhor n\u00e3o retarda a sua promessa, ainda que alguns a t\u00eam por tardia; mas \u00e9 long\u00e2nimo para convosco, n\u00e3o querendo que alguns se percam, sen\u00e3o que todos venham a arrepender-se."
                },
                "10": {
                    "verse_nr": "10",
                    "verse": "Mas o Dia do Senhor vir\u00e1 como o ladr\u00e3o de noite, no qual os c\u00e9us passar\u00e3o com grande estrondo, e os elementos, ardendo, se desfar\u00e3o, e a terra e as obras que nela h\u00e1 se queimar\u00e3o."
                },
                "11": {
                    "verse_nr": "11",
                    "verse": "Havendo, pois, de perecer todas estas coisas, que pessoas vos conv\u00e9m ser em santo trato e piedade,"
                },
                "12": {
                    "verse_nr": "12",
                    "verse": "aguardando e apressando-vos para a vinda do Dia de Deus, em que os c\u00e9us, em fogo, se desfar\u00e3o, e os elementos, ardendo, se fundir\u00e3o?"
                },
                "13": {
                    "verse_nr": "13",
                    "verse": "Mas n\u00f3s, segundo a sua promessa, aguardamos novos c\u00e9us e nova terra, em que habita a justi\u00e7a."
                },
                "14": {
                    "verse_nr": "14",
                    "verse": "Pelo que, amados, aguardando estas coisas, procurai que dele sejais achados imaculados e irrepreens\u00edveis em paz"
                },
                "15": {
                    "verse_nr": "15",
                    "verse": "e tende por salva\u00e7\u00e3o a longanimidade de nosso Senhor, como tamb\u00e9m o nosso amado irm\u00e3o Paulo vos escreveu, segundo a sabedoria que lhe foi dada,"
                },
                "16": {
                    "verse_nr": "16",
                    "verse": "falando disto, como em todas as suas ep\u00edstolas, entre as quais h\u00e1 pontos dif\u00edceis de entender, que os indoutos e inconstantes torcem e igualmente as outras Escrituras, para sua pr\u00f3pria perdi\u00e7\u00e3o."
                },
                "17": {
                    "verse_nr": "17",
                    "verse": "V\u00f3s, portanto, amados, sabendo isto de antem\u00e3o, guardai-vos de que, pelo engano dos homens abomin\u00e1veis, sejais juntamente arrebatados e descaiais da vossa firmeza;"
                },
                "18": {
                    "verse_nr": "18",
                    "verse": "antes, crescei na gra\u00e7a e conhecimento de nosso Senhor e Salvador Jesus Cristo. A ele seja dada a gl\u00f3ria, assim agora como no dia da eternidade. Am\u00e9m!"
                }
            }
        }
    }
}