{
    "version": "ARC",
    "book_name": "Micah",
    "book_nr": "33",
    "book": {
        "1": {
            "chapter_nr": "1",
            "chapter": {
                "1": {
                    "verse_nr": "1",
                    "verse": "Amea\u00e7as contra Israel e Jud\u00e1 por causa de sua injusti\u00e7a e rebeli\u00e3o - Palavra do SENHOR que veio a Miqueias, morastita, nos dias de Jot\u00e3o, Acaz e Ezequias, reis de Jud\u00e1, a qual ele viu sobre Samaria e Jerusal\u00e9m."
                },
                "2": {
                    "verse_nr": "2",
                    "verse": "Ouvi, todos os povos, presta aten\u00e7\u00e3o, \u00f3 terra, em tua plenitude, e seja o Senhor JEOV\u00e1 testemunha contra v\u00f3s, o Senhor, desde o templo da sua santidade."
                },
                "3": {
                    "verse_nr": "3",
                    "verse": "Porque eis que o SENHOR sai do seu lugar, e descer\u00e1, e andar\u00e1 sobre as alturas da terra."
                },
                "4": {
                    "verse_nr": "4",
                    "verse": "E os montes debaixo dele se derreter\u00e3o, e os vales se fender\u00e3o, como a cera diante do fogo, como as \u00e1guas que se precipitam em um abismo."
                },
                "5": {
                    "verse_nr": "5",
                    "verse": "Tudo isso por causa da prevarica\u00e7\u00e3o de Jac\u00f3 e dos pecados da casa de Israel; qual \u00e9 a transgress\u00e3o de Jac\u00f3? N\u00e3o \u00e9 Samaria? E quais os altos de Jud\u00e1? N\u00e3o \u00e9 Jerusal\u00e9m?"
                },
                "6": {
                    "verse_nr": "6",
                    "verse": "Por isso, farei de Samaria um mont\u00e3o de pedras do campo, uma terra de plantar vinhas, e farei rebolar as suas pedras no vale, e descobrirei os seus fundamentos."
                },
                "7": {
                    "verse_nr": "7",
                    "verse": "E todas as suas imagens de escultura ser\u00e3o despeda\u00e7adas, e todos os seus sal\u00e1rios ser\u00e3o queimados pelo fogo, e de todos os seus \u00eddolos eu farei uma assola\u00e7\u00e3o, porque do pre\u00e7o de sua prostitui\u00e7\u00e3o os ajuntou, e em recompensa de prostituta se volver\u00e3o."
                },
                "8": {
                    "verse_nr": "8",
                    "verse": "Por isso, lamentarei, e uivarei, e andarei despojado e nu; farei lamenta\u00e7\u00e3o como de drag\u00f5es e pranto como de avestruzes."
                },
                "9": {
                    "verse_nr": "9",
                    "verse": "Porque a sua chaga \u00e9 incur\u00e1vel, porque chegou at\u00e9 Jud\u00e1; estendeu-se at\u00e9 \u00e0 porta do meu povo, at\u00e9 Jerusal\u00e9m."
                },
                "10": {
                    "verse_nr": "10",
                    "verse": "N\u00e3o o anuncieis em Gate, nem choreis muito; revolve-te no p\u00f3, em Bete-Leafra."
                },
                "11": {
                    "verse_nr": "11",
                    "verse": "Passa, \u00f3 moradora de Safir, com nudez vergonhosa; a moradora de Zaan\u00e3 n\u00e3o saiu; o pranto de Bete-Ezel receber\u00e1 de v\u00f3s a sua morada."
                },
                "12": {
                    "verse_nr": "12",
                    "verse": "Porque a moradora de Marote teve dor pelo bem; porque desceu do SENHOR o mal at\u00e9 \u00e0 porta de Jerusal\u00e9m."
                },
                "13": {
                    "verse_nr": "13",
                    "verse": "Ata os animais ligeiros ao carro, \u00f3 moradora de Laquis (esta foi o princ\u00edpio do pecado para a filha de Si\u00e3o), porque em ti se acharam as transgress\u00f5es de Israel."
                },
                "14": {
                    "verse_nr": "14",
                    "verse": "Por isso, dar\u00e1s presentes a Moresete-Gate; as casas de Aczibe ser\u00e3o uma mentira para os reis de Israel."
                },
                "15": {
                    "verse_nr": "15",
                    "verse": "Ainda te trarei um herdeiro, \u00f3 moradora de Maressa; chegar\u00e1 at\u00e9 Adul\u00e3o a gl\u00f3ria de Israel."
                },
                "16": {
                    "verse_nr": "16",
                    "verse": "Faze-te calva e tosquia-te, por causa dos filhos das tuas del\u00edcias; alarga a tua calva como a \u00e1guia, porque de ti foram levados para o cativeiro."
                }
            }
        },
        "2": {
            "chapter_nr": "2",
            "chapter": {
                "1": {
                    "verse_nr": "1",
                    "verse": "Ai daqueles que, nas suas camas, intentam a iniquidade e maquinam o mal; \u00e0 luz da alva o praticam, porque est\u00e1 no poder da sua m\u00e3o!"
                },
                "2": {
                    "verse_nr": "2",
                    "verse": "E cobi\u00e7am campos, e os arrebatam, e casas, e as tomam; assim fazem viol\u00eancia a um homem e \u00e0 sua casa, a uma pessoa e \u00e0 sua heran\u00e7a."
                },
                "3": {
                    "verse_nr": "3",
                    "verse": "Portanto, assim diz o SENHOR: Eis que projeto um mal contra esta gera\u00e7\u00e3o, do qual n\u00e3o tirareis os vossos pesco\u00e7os; e n\u00e3o andareis t\u00e3o altivos, porque o tempo ser\u00e1 mau."
                },
                "4": {
                    "verse_nr": "4",
                    "verse": "Naquele dia, se levantar\u00e1 um prov\u00e9rbio sobre v\u00f3s, e se levantar\u00e1 pranto lastimoso, dizendo: N\u00f3s estamos inteiramente desolados! A por\u00e7\u00e3o do meu povo, ele a troca! Como me despoja! Tira os nossos campos e os reparte!"
                },
                "5": {
                    "verse_nr": "5",
                    "verse": "Portanto, n\u00e3o ter\u00e1s tu na congrega\u00e7\u00e3o do SENHOR quem lance o cordel pela sorte."
                },
                "6": {
                    "verse_nr": "6",
                    "verse": "N\u00e3o profetizeis; os que profetizam, n\u00e3o profetizem deste modo, que se n\u00e3o apartar\u00e1 a vergonha."
                },
                "7": {
                    "verse_nr": "7",
                    "verse": "\u00d3 v\u00f3s que sois chamados a casa de Jac\u00f3, tem-se restringido o Esp\u00edrito do SENHOR? S\u00e3o estas as suas obras? E n\u00e3o \u00e9 assim que fazem bem as minhas palavras ao que anda retamente?"
                },
                "8": {
                    "verse_nr": "8",
                    "verse": "Mas h\u00e1 pouco se levantou o meu povo como um inimigo; de sobre a vestidura tirastes a capa daqueles que passavam seguros, como homens que voltavam da guerra."
                },
                "9": {
                    "verse_nr": "9",
                    "verse": "Lan\u00e7astes fora as mulheres do meu povo, da casa das suas del\u00edcias; dos seus meninos tirastes o meu louvor para sempre."
                },
                "10": {
                    "verse_nr": "10",
                    "verse": "Levantai-vos e andai, porque n\u00e3o ser\u00e1 aqui o vosso descanso; por causa da corrup\u00e7\u00e3o que destr\u00f3i, sim, que destr\u00f3i grandemente."
                },
                "11": {
                    "verse_nr": "11",
                    "verse": "Se houver algum que siga o seu esp\u00edrito de falsidade, mentindo e dizendo: Eu te profetizarei acerca do vinho e da bebida forte; ser\u00e1 esse tal o profeta deste povo."
                },
                "12": {
                    "verse_nr": "12",
                    "verse": "Certamente te ajuntarei todo inteiro, \u00f3 Jac\u00f3; certamente congregarei o restante de Israel; p\u00f4-los-ei todos juntos, como ovelhas de Bozra; como rebanho no meio do seu curral, far\u00e3o estrondo por causa da multid\u00e3o dos homens."
                },
                "13": {
                    "verse_nr": "13",
                    "verse": "Subir\u00e1 diante deles o arroteador; eles romper\u00e3o, e entrar\u00e3o pela porta, e sair\u00e3o por ela; e o rei ir\u00e1 adiante deles, e o SENHOR, \u00e0 testa deles."
                }
            }
        },
        "3": {
            "chapter_nr": "3",
            "chapter": {
                "1": {
                    "verse_nr": "1",
                    "verse": "Amea\u00e7as contra os chefes e os falsos profetas - Mais disse eu: Ouvi agora v\u00f3s, chefes de Jac\u00f3, e v\u00f3s, pr\u00edncipes da casa de Israel: n\u00e3o \u00e9 a v\u00f3s que pertence saber o direito?"
                },
                "2": {
                    "verse_nr": "2",
                    "verse": "A v\u00f3s que aborreceis o bem e amais o mal, que arrancais a pele de cima deles e a sua carne de cima dos seus ossos,"
                },
                "3": {
                    "verse_nr": "3",
                    "verse": "e que comeis a carne do meu povo, e lhes arrancais a pele, e lhes esmiu\u00e7ais os ossos, e os repartis como para a panela e como carne do meio do caldeir\u00e3o."
                },
                "4": {
                    "verse_nr": "4",
                    "verse": "Ent\u00e3o, clamar\u00e3o ao SENHOR, mas n\u00e3o os ouvir\u00e1, antes esconder\u00e1 deles a sua face naquele tempo, visto que eles fizeram mal nas suas obras."
                },
                "5": {
                    "verse_nr": "5",
                    "verse": "Assim diz o SENHOR contra os profetas que fazem errar o meu povo, que mordem com os seus dentes e clamam: Paz! Mas contra aquele que nada lhes mete na boca preparam guerra."
                },
                "6": {
                    "verse_nr": "6",
                    "verse": "Portanto, se vos far\u00e1 noite, para que n\u00e3o haja profecia, e haver\u00e1 trevas, para que n\u00e3o haja adivinha\u00e7\u00e3o, e se por\u00e1 o sol sobre esses profetas, e o dia sobre eles se enegrecer\u00e1."
                },
                "7": {
                    "verse_nr": "7",
                    "verse": "E os videntes se envergonhar\u00e3o, e os adivinhadores se confundir\u00e3o, sim, todos eles cobrir\u00e3o os seus l\u00e1bios, porque n\u00e3o haver\u00e1 resposta de Deus."
                },
                "8": {
                    "verse_nr": "8",
                    "verse": "Mas, decerto, eu sou cheio da for\u00e7a do Esp\u00edrito do SENHOR e cheio de ju\u00edzo e de \u00e2nimo, para anunciar a Jac\u00f3 a sua transgress\u00e3o e a Israel o seu pecado."
                },
                "9": {
                    "verse_nr": "9",
                    "verse": "Ouvi agora isto, v\u00f3s, chefes da casa de Jac\u00f3, e v\u00f3s, maiorais da casa de Israel, que abominais o ju\u00edzo e perverteis tudo o que \u00e9 direito,"
                },
                "10": {
                    "verse_nr": "10",
                    "verse": "edificando a Si\u00e3o com sangue e a Jerusal\u00e9m com injusti\u00e7a."
                },
                "11": {
                    "verse_nr": "11",
                    "verse": "Os seus chefes d\u00e3o as senten\u00e7as por presentes, e os seus sacerdotes ensinam por interesse, e os seus profetas adivinham por dinheiro; e ainda se encostam ao SENHOR, dizendo: N\u00e3o est\u00e1 o SENHOR no meio de n\u00f3s? Nenhum mal nos sobrevir\u00e1."
                },
                "12": {
                    "verse_nr": "12",
                    "verse": "Portanto, por causa de v\u00f3s, Si\u00e3o ser\u00e1 lavrado como um campo, e Jerusal\u00e9m se tornar\u00e1 em mont\u00f5es de pedras, e o monte desta casa, em lugares altos de um bosque."
                }
            }
        },
        "4": {
            "chapter_nr": "4",
            "chapter": {
                "1": {
                    "verse_nr": "1",
                    "verse": "O an\u00fancio da voca\u00e7\u00e3o dos gentios - Mas, nos \u00faltimos dias, acontecer\u00e1 que o monte da Casa do SENHOR ser\u00e1 estabelecido no cume dos montes e se elevar\u00e1 sobre os outeiros, e concorrer\u00e3o a ele os povos."
                },
                "2": {
                    "verse_nr": "2",
                    "verse": "E ir\u00e3o muitas na\u00e7\u00f5es e dir\u00e3o: Vinde, e subamos ao monte do SENHOR e \u00e0 Casa do Deus de Jac\u00f3, para que nos ensine os seus caminhos, e n\u00f3s andemos pelas suas veredas; porque de Si\u00e3o sair\u00e1 a lei, e a palavra do SENHOR, de Jerusal\u00e9m."
                },
                "3": {
                    "verse_nr": "3",
                    "verse": "E julgar\u00e1 entre muitos povos e castigar\u00e1 poderosas na\u00e7\u00f5es at\u00e9 mui longe; e converter\u00e3o as suas espadas em enxadas e as suas lan\u00e7as em foices; uma na\u00e7\u00e3o n\u00e3o levantar\u00e1 a espada contra outra na\u00e7\u00e3o, nem aprender\u00e3o mais a guerra."
                },
                "4": {
                    "verse_nr": "4",
                    "verse": "Mas assentar-se-\u00e1 cada um debaixo da sua videira e debaixo da sua figueira, e n\u00e3o haver\u00e1 quem os espante, porque a boca do SENHOR dos Ex\u00e9rcitos o disse."
                },
                "5": {
                    "verse_nr": "5",
                    "verse": "Porque todos os povos andar\u00e3o, cada um em nome do seu deus; mas n\u00f3s andaremos no nome do SENHOR, nosso Deus, eternamente e para sempre."
                },
                "6": {
                    "verse_nr": "6",
                    "verse": "Naquele dia, diz o SENHOR, congregarei a que coxeava e recolherei a que eu tinha expulsado e a que eu tinha maltratado."
                },
                "7": {
                    "verse_nr": "7",
                    "verse": "E da que coxeava farei a parte restante, e da que tinha sido arrojada para longe, uma na\u00e7\u00e3o poderosa; e o SENHOR reinar\u00e1 sobre eles no monte Si\u00e3o, desde agora e para sempre."
                },
                "8": {
                    "verse_nr": "8",
                    "verse": "E a ti, \u00f3 torre do rebanho, monte da filha de Si\u00e3o, a ti vir\u00e1; sim, a ti vir\u00e1 o primeiro dom\u00ednio, o reino da filha de Jerusal\u00e9m."
                },
                "9": {
                    "verse_nr": "9",
                    "verse": "E, agora, porque far\u00e1s t\u00e3o grande pranto? N\u00e3o h\u00e1 em ti rei? Pereceu o teu conselheiro? Apoderou-se de ti dor, como da que est\u00e1 de parto?"
                },
                "10": {
                    "verse_nr": "10",
                    "verse": "Sofre dores e trabalhos, \u00f3 filha de Si\u00e3o, como a que est\u00e1 de parto, porque agora sair\u00e1s da cidade, e morar\u00e1s no campo, e vir\u00e1s at\u00e9 Babil\u00f4nia; ali, por\u00e9m, ser\u00e1s livrada; ali te remir\u00e1 o SENHOR da m\u00e3o de teus inimigos."
                },
                "11": {
                    "verse_nr": "11",
                    "verse": "Agora, se congregaram muitas na\u00e7\u00f5es contra ti, que dizem: Seja profanada, e os nossos olhos ver\u00e3o seus desejos sobre Si\u00e3o."
                },
                "12": {
                    "verse_nr": "12",
                    "verse": "Mas n\u00e3o sabem os pensamentos do SENHOR, nem entendem o seu conselho, porque as ajuntou como gavelas em uma eira."
                },
                "13": {
                    "verse_nr": "13",
                    "verse": "Levanta-te e trilha, \u00f3 filha de Si\u00e3o; porque eu farei de ferro a tua ponta e de cobre, as tuas unhas, e esmiu\u00e7ar\u00e1s a muitos povos, e o seu ganho ser\u00e1 consagrado ao SENHOR, e a sua fazenda, ao Senhor de toda a terra."
                }
            }
        },
        "5": {
            "chapter_nr": "5",
            "chapter": {
                "1": {
                    "verse_nr": "1",
                    "verse": "Agora, ajunta-te em esquadr\u00f5es, \u00f3 filha de esquadr\u00f5es; p\u00f4r-se-\u00e1 cerco contra n\u00f3s; ferir\u00e3o com a vara no queixo ao juiz de Israel."
                },
                "2": {
                    "verse_nr": "2",
                    "verse": "Predi\u00e7\u00e3o do nascimento do Messias e da institui\u00e7\u00e3o do seu Reino - E tu, Bel\u00e9m Efrata, posto que pequena entre milhares de Jud\u00e1, de ti me sair\u00e1 o que ser\u00e1 Senhor em Israel, e cujas origens s\u00e3o desde os tempos antigos, desde os dias da eternidade."
                },
                "3": {
                    "verse_nr": "3",
                    "verse": "Portanto, os entregar\u00e1 at\u00e9 ao tempo em que a que est\u00e1 de parto tiver dado \u00e0 luz; ent\u00e3o, o resto de seus irm\u00e3os voltar\u00e1 com os filhos de Israel."
                },
                "4": {
                    "verse_nr": "4",
                    "verse": "E ele permanecer\u00e1 e apascentar\u00e1 o povo na for\u00e7a do SENHOR, na excel\u00eancia do nome do SENHOR, seu Deus; e eles permanecer\u00e3o, porque agora ser\u00e1 ele engrandecido at\u00e9 aos fins da terra."
                },
                "5": {
                    "verse_nr": "5",
                    "verse": "E este ser\u00e1 a nossa paz. Quando a Ass\u00edria vier \u00e0 nossa terra e quando passar sobre os nossos pal\u00e1cios, levantaremos contra ela sete pastores e oito pr\u00edncipes dentre os homens."
                },
                "6": {
                    "verse_nr": "6",
                    "verse": "Esses consumir\u00e3o a terra da Ass\u00edria \u00e0 espada e a terra de Ninrode, nas suas entradas. Assim, nos livrar\u00e1 da Ass\u00edria, quando vier \u00e0 nossa terra e quando calcar os nossos termos."
                },
                "7": {
                    "verse_nr": "7",
                    "verse": "E estar\u00e1 o resto de Jac\u00f3 no meio de muitos povos, como orvalho do SENHOR, como chuvisco sobre a erva, que n\u00e3o espera pelo homem, nem aguarda filhos de homens."
                },
                "8": {
                    "verse_nr": "8",
                    "verse": "E o resto de Jac\u00f3 estar\u00e1 entre as na\u00e7\u00f5es, no meio de muitos povos, como um le\u00e3o entre os animais do bosque, como um le\u00e3ozinho entre os rebanhos de ovelhas, o qual, quando passar, as pisar\u00e1 e despeda\u00e7ar\u00e1, sem que haja quem as livre."
                },
                "9": {
                    "verse_nr": "9",
                    "verse": "A tua m\u00e3o se exaltar\u00e1 sobre os teus advers\u00e1rios; e todos os teus inimigos ser\u00e3o exterminados."
                },
                "10": {
                    "verse_nr": "10",
                    "verse": "E suceder\u00e1, naquele dia, diz o SENHOR, que eu exterminarei no meio de ti os teus cavalos e destruirei os teus carros;"
                },
                "11": {
                    "verse_nr": "11",
                    "verse": "e destruirei as cidades da tua terra e derribarei todas as tuas fortalezas;"
                },
                "12": {
                    "verse_nr": "12",
                    "verse": "e tirarei as feiti\u00e7arias da tua m\u00e3o, e n\u00e3o ter\u00e1s agoureiros;"
                },
                "13": {
                    "verse_nr": "13",
                    "verse": "e arrancarei do meio de ti as tuas imagens de escultura e as tuas est\u00e1tuas; e tu n\u00e3o te inclinar\u00e1s mais diante da obra das tuas m\u00e3os."
                },
                "14": {
                    "verse_nr": "14",
                    "verse": "E arrancarei os teus bosques do meio de ti; e destruirei as tuas cidades."
                },
                "15": {
                    "verse_nr": "15",
                    "verse": "E, com ira e com furor, exercerei vingan\u00e7a sobre as na\u00e7\u00f5es que n\u00e3o ouvem."
                }
            }
        },
        "6": {
            "chapter_nr": "6",
            "chapter": {
                "1": {
                    "verse_nr": "1",
                    "verse": "A contenda do SENHOR com o seu povo. As maldades de Israel. Deus n\u00e3o ter\u00e1 compaix\u00e3o - Ouvi, agora, o que diz o SENHOR: Levanta-te, contende com os montes, e ou\u00e7am os outeiros a tua voz."
                },
                "2": {
                    "verse_nr": "2",
                    "verse": "Ouvi, montes, a contenda do SENHOR, e v\u00f3s, fortes fundamentos da terra; porque o SENHOR tem uma contenda com o seu povo e com Israel entrar\u00e1 em ju\u00edzo."
                },
                "3": {
                    "verse_nr": "3",
                    "verse": "\u00d3 povo meu! Que te tenho feito? E em que te enfadei? Testifica contra mim."
                },
                "4": {
                    "verse_nr": "4",
                    "verse": "Certamente, te fiz subir da terra do Egito e da casa da servid\u00e3o te remi; e pus diante de ti a Mois\u00e9s, Ar\u00e3o e Miri\u00e3."
                },
                "5": {
                    "verse_nr": "5",
                    "verse": "Povo meu, ora, lembra-te da consulta de Balaque, rei de Moabe, e do que lhe respondeu Bala\u00e3o, filho de Beor, desde Sitim at\u00e9 Gilgal; para que conhe\u00e7as as justi\u00e7as do SENHOR."
                },
                "6": {
                    "verse_nr": "6",
                    "verse": "Com que me apresentarei ao SENHOR e me inclinarei ante o Deus Alt\u00edssimo? Virei perante ele com holocaustos, com bezerros de um ano?"
                },
                "7": {
                    "verse_nr": "7",
                    "verse": "Agradar-se-\u00e1 o SENHOR de milhares de carneiros? De dez mil ribeiros de azeite? Darei o meu primog\u00eanito pela minha transgress\u00e3o? O fruto do meu ventre, pelo pecado da minha alma?"
                },
                "8": {
                    "verse_nr": "8",
                    "verse": "Ele te declarou, \u00f3 homem, o que \u00e9 bom; e que \u00e9 o que o SENHOR pede de ti, sen\u00e3o que pratiques a justi\u00e7a, e ames a benefic\u00eancia, e andes humildemente com o teu Deus?"
                },
                "9": {
                    "verse_nr": "9",
                    "verse": "A voz do SENHOR clama \u00e0 cidade, e o s\u00e1bio ver\u00e1 o teu nome: Ouvi a vara e quem a ordenou."
                },
                "10": {
                    "verse_nr": "10",
                    "verse": "Ainda h\u00e1 na casa do \u00edmpio tesouros de impiedade? E efa pequeno, que \u00e9 detest\u00e1vel?"
                },
                "11": {
                    "verse_nr": "11",
                    "verse": "Seria eu limpo com balan\u00e7as falsas? E com um saco de pesos enganosos?"
                },
                "12": {
                    "verse_nr": "12",
                    "verse": "Porque os seus ricos est\u00e3o cheios de viol\u00eancia, e os seus habitantes falam mentiras; e a sua l\u00edngua \u00e9 enganosa na sua boca."
                },
                "13": {
                    "verse_nr": "13",
                    "verse": "Assim, eu tamb\u00e9m te enfraquecerei, ferindo-te e assolando-te por causa dos teus pecados."
                },
                "14": {
                    "verse_nr": "14",
                    "verse": "Tu comer\u00e1s, mas n\u00e3o te fartar\u00e1s; e a tua humilha\u00e7\u00e3o estar\u00e1 no meio de ti; remover\u00e1s, mas n\u00e3o livrar\u00e1s; e aquilo que livrares, eu o entregarei \u00e0 espada."
                },
                "15": {
                    "verse_nr": "15",
                    "verse": "Tu semear\u00e1s, mas n\u00e3o segar\u00e1s; pisar\u00e1s a azeitona, mas n\u00e3o te ungir\u00e1s com azeite; e o mosto, mas n\u00e3o beber\u00e1s vinho."
                },
                "16": {
                    "verse_nr": "16",
                    "verse": "Porque se observam os estatutos de Onri e toda a obra da casa de Acabe, e v\u00f3s andais nos conselhos deles; para que eu fa\u00e7a de ti uma desola\u00e7\u00e3o e dos seus habitantes um assobio; assim, trareis sobre v\u00f3s o opr\u00f3brio do meu povo."
                }
            }
        },
        "7": {
            "chapter_nr": "7",
            "chapter": {
                "1": {
                    "verse_nr": "1",
                    "verse": "Ai de mim! Porque estou como quando s\u00e3o colhidas as frutas do ver\u00e3o, como os rabiscos da vindima: n\u00e3o h\u00e1 cacho de uvas para comer, nem figos tempor\u00e3os que a minha alma desejou."
                },
                "2": {
                    "verse_nr": "2",
                    "verse": "Pereceu o benigno da terra, e n\u00e3o h\u00e1 entre os homens um que seja reto; todos armam ciladas para sangue; ca\u00e7a cada um a seu irm\u00e3o com uma rede."
                },
                "3": {
                    "verse_nr": "3",
                    "verse": "As suas m\u00e3os fazem diligentemente o mal; o pr\u00edncipe inquire, e o juiz se apressa \u00e0 recompensa, e o grande fala da corrup\u00e7\u00e3o da sua alma, e assim todos eles s\u00e3o perturbadores."
                },
                "4": {
                    "verse_nr": "4",
                    "verse": "O melhor deles \u00e9 como um espinho; o mais reto \u00e9 pior do que o espinhal; veio o dia dos teus vigias, veio a tua visita\u00e7\u00e3o; agora ser\u00e1 a sua confus\u00e3o."
                },
                "5": {
                    "verse_nr": "5",
                    "verse": "N\u00e3o creiais no amigo, nem confieis no vosso guia; daquela que repousa no teu seio guarda as portas da tua boca."
                },
                "6": {
                    "verse_nr": "6",
                    "verse": "Porque o filho despreza o pai, a filha se levanta contra sua m\u00e3e, a nora, contra sua sogra, os inimigos do homem s\u00e3o os da sua pr\u00f3pria casa."
                },
                "7": {
                    "verse_nr": "7",
                    "verse": "Eu, por\u00e9m, esperarei no SENHOR; esperei no Deus da minha salva\u00e7\u00e3o; o meu Deus me ouvir\u00e1."
                },
                "8": {
                    "verse_nr": "8",
                    "verse": "\u00d3 inimiga minha, n\u00e3o te alegres a meu respeito; ainda que eu tenha ca\u00eddo, levantar-me-ei; se morar nas trevas, o SENHOR ser\u00e1 a minha luz."
                },
                "9": {
                    "verse_nr": "9",
                    "verse": "Sofrerei a ira do SENHOR, porque pequei contra ele, at\u00e9 que julgue a minha causa e execute o meu direito; ele me trar\u00e1 \u00e0 luz, e eu verei a sua justi\u00e7a."
                },
                "10": {
                    "verse_nr": "10",
                    "verse": "E a minha inimiga ver\u00e1 isso, e cobri-la-\u00e1 a confus\u00e3o, a ela que me diz: Onde est\u00e1 o SENHOR, teu Deus? Os meus olhos a ver\u00e3o sendo pisada como a lama das ruas."
                },
                "11": {
                    "verse_nr": "11",
                    "verse": "No dia em que reedificar os teus muros, nesse dia, longe estar\u00e1 ainda o estatuto."
                },
                "12": {
                    "verse_nr": "12",
                    "verse": "Naquele dia, vir\u00e3o a ti, desde a Ass\u00edria at\u00e9 \u00e0s cidades fortes, e das fortalezas at\u00e9 ao rio, e do mar at\u00e9 ao mar, e da montanha at\u00e9 \u00e0 montanha."
                },
                "13": {
                    "verse_nr": "13",
                    "verse": "Mas esta terra ser\u00e1 posta em desola\u00e7\u00e3o, por causa dos seus moradores, por causa do fruto das suas obras."
                },
                "14": {
                    "verse_nr": "14",
                    "verse": "Apascenta o teu povo com a tua vara, o rebanho da tua heran\u00e7a, que mora s\u00f3 no bosque, no meio da terra f\u00e9rtil; apascentem-se em Bas\u00e3 e Gileade, como nos dias da antiguidade."
                },
                "15": {
                    "verse_nr": "15",
                    "verse": "Eu lhes mostrarei maravilhas, como nos dias da tua sa\u00edda da terra do Egito."
                },
                "16": {
                    "verse_nr": "16",
                    "verse": "As na\u00e7\u00f5es o ver\u00e3o e envergonhar-se-\u00e3o, por causa de todo o seu poder; por\u00e3o a m\u00e3o sobre a boca, e os seus ouvidos ficar\u00e3o surdos."
                },
                "17": {
                    "verse_nr": "17",
                    "verse": "Lamber\u00e3o o p\u00f3 como serpentes; como uns r\u00e9pteis da terra, tremendo, sair\u00e3o dos seus encerramentos; com pavor vir\u00e3o ao SENHOR, nosso Deus, e ter\u00e3o medo de ti."
                },
                "18": {
                    "verse_nr": "18",
                    "verse": "Quem, \u00f3 Deus, \u00e9 semelhante a ti, que perdoas a iniquidade e que te esqueces da rebeli\u00e3o do restante da tua heran\u00e7a? O SENHOR n\u00e3o ret\u00e9m a sua ira para sempre, porque tem prazer na benignidade."
                },
                "19": {
                    "verse_nr": "19",
                    "verse": "Tornar\u00e1 a apiedar-se de n\u00f3s, subjugar\u00e1 as nossas iniquidades e lan\u00e7ar\u00e1 todos os nossos pecados nas profundezas do mar."
                },
                "20": {
                    "verse_nr": "20",
                    "verse": "Dar\u00e1s a Jac\u00f3 a fidelidade e a Abra\u00e3o, a benignidade que juraste a nossos pais, desde os dias antigos."
                }
            }
        }
    }
}