{
    "version": "ARC",
    "book_name": "Zephaniah",
    "book_nr": "36",
    "book": {
        "1": {
            "chapter_nr": "1",
            "chapter": {
                "1": {
                    "verse_nr": "1",
                    "verse": "Amea\u00e7as contra Jud\u00e1 e Jerusal\u00e9m - Palavra do SENHOR vinda a Sofonias, filho de Cusi, filho de Gedalias, filho de Amarias, filho de Ezequias, nos dias de Josias, filho de Amom, rei de Jud\u00e1."
                },
                "2": {
                    "verse_nr": "2",
                    "verse": "Inteiramente consumirei tudo sobre a face da terra, diz o SENHOR."
                },
                "3": {
                    "verse_nr": "3",
                    "verse": "Arrebatarei os homens e os animais, consumirei as aves do c\u00e9u, e os peixes do mar, e os trope\u00e7os com os \u00edmpios; e exterminarei os homens de cima da terra, disse o SENHOR."
                },
                "4": {
                    "verse_nr": "4",
                    "verse": "E estenderei a minha m\u00e3o contra Jud\u00e1 e contra todos os habitantes de Jerusal\u00e9m e exterminarei deste lugar o resto de Baal e o nome dos quemarins com os sacerdotes;"
                },
                "5": {
                    "verse_nr": "5",
                    "verse": "e os que sobre os telhados se curvam ao ex\u00e9rcito do c\u00e9u; e os que se inclinam jurando ao SENHOR e juram por Malc\u00e3;"
                },
                "6": {
                    "verse_nr": "6",
                    "verse": "e os que deixam de andar em seguimento do SENHOR, e os que n\u00e3o buscam ao SENHOR, nem perguntam por ele."
                },
                "7": {
                    "verse_nr": "7",
                    "verse": "Cala-te diante do Senhor JEOV\u00e1, porque o dia do SENHOR est\u00e1 perto, porque o SENHOR preparou o sacrif\u00edcio e santificou os seus convidados."
                },
                "8": {
                    "verse_nr": "8",
                    "verse": "E acontecer\u00e1 que, no dia do sacrif\u00edcio do SENHOR, hei de castigar os pr\u00edncipes, e os filhos do rei, e todos os que se vestem de vestidura estranha."
                },
                "9": {
                    "verse_nr": "9",
                    "verse": "Castigarei tamb\u00e9m, naquele dia, todos aqueles que saltam sobre o umbral, que enchem de viol\u00eancia e engano a casa dos seus senhores."
                },
                "10": {
                    "verse_nr": "10",
                    "verse": "E, naquele dia, diz o SENHOR, far-se-\u00e1 ouvir uma voz de clamor desde a Porta do Peixe, e um uivo desde a segunda parte, e grande quebranto desde os outeiros."
                },
                "11": {
                    "verse_nr": "11",
                    "verse": "Uivai v\u00f3s, moradores de Mact\u00e9s, porque todo o povo de Cana\u00e3 est\u00e1 arruinado, todos os carregados de dinheiro s\u00e3o destru\u00eddos."
                },
                "12": {
                    "verse_nr": "12",
                    "verse": "E h\u00e1 de ser que, naquele tempo, esquadrinharei Jerusal\u00e9m com lanternas e castigarei os homens que est\u00e3o assentados sobre as suas fezes, que dizem no seu cora\u00e7\u00e3o: O SENHOR n\u00e3o faz bem nem faz mal."
                },
                "13": {
                    "verse_nr": "13",
                    "verse": "Por isso, ser\u00e1 saqueada a sua fazenda, e assoladas as suas casas; e edificar\u00e3o casas, mas n\u00e3o habitar\u00e3o nelas, e plantar\u00e3o vinhas, mas n\u00e3o lhes beber\u00e3o o vinho."
                },
                "14": {
                    "verse_nr": "14",
                    "verse": "O grande dia do SENHOR est\u00e1 perto, est\u00e1 perto, e se apressa muito a voz do dia do SENHOR; amargamente clamar\u00e1 ali o homem poderoso."
                },
                "15": {
                    "verse_nr": "15",
                    "verse": "Aquele dia \u00e9 um dia de indigna\u00e7\u00e3o, dia de ang\u00fastia e de \u00e2nsia, dia de alvoro\u00e7o e de desola\u00e7\u00e3o, dia de trevas e de escurid\u00e3o, dia de nuvens e de densas trevas,"
                },
                "16": {
                    "verse_nr": "16",
                    "verse": "dia de trombeta e de alarido contra as cidades fortes e contra as torres altas."
                },
                "17": {
                    "verse_nr": "17",
                    "verse": "E angustiarei os homens, e eles andar\u00e3o como cegos, porque pecaram contra o SENHOR; e o seu sangue se derramar\u00e1 como p\u00f3, e a sua carne, como esterco."
                },
                "18": {
                    "verse_nr": "18",
                    "verse": "Nem a sua prata nem o seu ouro os poder\u00e1 livrar no dia do furor do SENHOR, mas, pelo fogo do seu zelo, toda esta terra ser\u00e1 consumida, porque certamente far\u00e1 de todos os moradores da terra uma destrui\u00e7\u00e3o total e apressada."
                }
            }
        },
        "2": {
            "chapter_nr": "2",
            "chapter": {
                "1": {
                    "verse_nr": "1",
                    "verse": "Amea\u00e7as contra diversas na\u00e7\u00f5es - Congrega-te, sim, congrega-te, \u00f3 na\u00e7\u00e3o que n\u00e3o tens desejo,"
                },
                "2": {
                    "verse_nr": "2",
                    "verse": "antes que saia o decreto, e o dia passe como a palha; antes que venha sobre v\u00f3s a ira do SENHOR; sim, antes que venha sobre v\u00f3s o dia da ira do SENHOR."
                },
                "3": {
                    "verse_nr": "3",
                    "verse": "Buscai o SENHOR, v\u00f3s todos os mansos da terra, que pondes por obra o seu ju\u00edzo; buscai a justi\u00e7a, buscai a mansid\u00e3o; porventura sereis escondidos no dia da ira do SENHOR."
                },
                "4": {
                    "verse_nr": "4",
                    "verse": "Porque Gaza ser\u00e1 desamparada, e Asquelom, assolada; Asdode ao meio-dia ser\u00e1 expelida, e Ecrom, desarraigada."
                },
                "5": {
                    "verse_nr": "5",
                    "verse": "Ai dos habitantes da borda do mar, do povo dos quereteus! A palavra do SENHOR ser\u00e1 contra v\u00f3s, \u00f3 Cana\u00e3, terra dos filisteus, e eu vos farei destruir, at\u00e9 que n\u00e3o haja morador."
                },
                "6": {
                    "verse_nr": "6",
                    "verse": "E a borda do mar ser\u00e1 de pastagens, com cabanas para os pastores e currais para os rebanhos."
                },
                "7": {
                    "verse_nr": "7",
                    "verse": "E ser\u00e1 a costa para o resto da casa de Jud\u00e1 para que nela apascentem; \u00e0 tarde, se assentar\u00e3o nas casas de Asquelom, porque o SENHOR, seu Deus, os visitar\u00e1 e reconduzir\u00e1 os seus cativos."
                },
                "8": {
                    "verse_nr": "8",
                    "verse": "Eu ouvi o esc\u00e1rnio de Moabe e as injuriosas palavras dos filhos de Amom, com que escarneceram do meu povo e se engrandeceram contra o seu termo."
                },
                "9": {
                    "verse_nr": "9",
                    "verse": "Portanto, t\u00e3o certo como eu vivo, diz o SENHOR dos Ex\u00e9rcitos, o Deus de Israel, Moabe ser\u00e1 como Sodoma, e os filhos de Amom, como Gomorra, campo de urtigas, e po\u00e7os de sal, e assola\u00e7\u00e3o perp\u00e9tua; o resto do meu povo os saquear\u00e1, e o restante do meu povo os possuir\u00e1."
                },
                "10": {
                    "verse_nr": "10",
                    "verse": "Isso ter\u00e3o em recompensa da sua soberba, porque escarneceram e se engrandeceram contra o povo do SENHOR dos Ex\u00e9rcitos."
                },
                "11": {
                    "verse_nr": "11",
                    "verse": "O SENHOR ser\u00e1 terr\u00edvel para eles, porque aniquilar\u00e1 todos os deuses da terra; e todos vir\u00e3o ador\u00e1-lo, cada um desde o seu lugar, todas as ilhas das na\u00e7\u00f5es."
                },
                "12": {
                    "verse_nr": "12",
                    "verse": "Tamb\u00e9m v\u00f3s, \u00f3 et\u00edopes, sereis mortos com a minha espada."
                },
                "13": {
                    "verse_nr": "13",
                    "verse": "Estender\u00e1 tamb\u00e9m a sua m\u00e3o contra o Norte e destruir\u00e1 a Ass\u00edria; e far\u00e1 de N\u00ednive uma assola\u00e7\u00e3o, terra seca como o deserto."
                },
                "14": {
                    "verse_nr": "14",
                    "verse": "E, no meio dela, repousar\u00e3o os rebanhos, todos os animais dos povos; e alojar-se-\u00e3o nos seus capit\u00e9is assim o pelicano como o ouri\u00e7o; a voz do seu canto retinir\u00e1 nas janelas, a assola\u00e7\u00e3o estar\u00e1 no umbral, quando tiver descoberto a sua obra de cedro."
                },
                "15": {
                    "verse_nr": "15",
                    "verse": "Esta \u00e9 a cidade alegre e descuidada, que dizia no seu cora\u00e7\u00e3o: Eu sou, e n\u00e3o h\u00e1 outra al\u00e9m de mim; como se tornou em assola\u00e7\u00e3o, em pousada de animais! Qualquer que passar por ela assobiar\u00e1 e menear\u00e1 a sua m\u00e3o."
                }
            }
        },
        "3": {
            "chapter_nr": "3",
            "chapter": {
                "1": {
                    "verse_nr": "1",
                    "verse": "O castigo de Jerusal\u00e9m. A promessa feita aos fi\u00e9is - Ai da rebelde e manchada, da cidade opressora!"
                },
                "2": {
                    "verse_nr": "2",
                    "verse": "N\u00e3o ouve a voz, n\u00e3o aceita o castigo, n\u00e3o confia no SENHOR, nem se aproximou do seu Deus."
                },
                "3": {
                    "verse_nr": "3",
                    "verse": "Os seus pr\u00edncipes s\u00e3o le\u00f5es rugidores no meio dela; os seus ju\u00edzes s\u00e3o lobos da tarde, que n\u00e3o deixam os ossos para o outro dia."
                },
                "4": {
                    "verse_nr": "4",
                    "verse": "Os seus profetas s\u00e3o levianos e criaturas aleivosas; os seus sacerdotes profanaram o santu\u00e1rio e fizeram viol\u00eancia \u00e0 lei."
                },
                "5": {
                    "verse_nr": "5",
                    "verse": "O SENHOR \u00e9 justo, no meio dela; ele n\u00e3o comete iniquidade; cada manh\u00e3 traz o seu ju\u00edzo \u00e0 luz; nunca falta; mas o perverso n\u00e3o conhece a vergonha."
                },
                "6": {
                    "verse_nr": "6",
                    "verse": "Exterminei as na\u00e7\u00f5es, as suas torres est\u00e3o assoladas; fiz desertas as suas pra\u00e7as, a ponto de n\u00e3o ficar quem passe por elas; as suas cidades foram destru\u00eddas, at\u00e9 n\u00e3o ficar ningu\u00e9m, at\u00e9 n\u00e3o haver quem as habite."
                },
                "7": {
                    "verse_nr": "7",
                    "verse": "Eu dizia: Certamente me temer\u00e1s e aceitar\u00e1s a corre\u00e7\u00e3o; e assim a sua morada n\u00e3o seria destru\u00edda, conforme o que havia determinado; mas eles se levantaram de madrugada, corromperam todas as suas obras."
                },
                "8": {
                    "verse_nr": "8",
                    "verse": "Portanto, esperai-me a mim, diz o SENHOR, no dia em que eu me levantar para o despojo; porque o meu ju\u00edzo \u00e9 ajuntar as na\u00e7\u00f5es e congregar os reinos, para sobre eles derramar a minha indigna\u00e7\u00e3o e todo o ardor da minha ira; porque toda esta terra ser\u00e1 consumida pelo fogo do meu zelo."
                },
                "9": {
                    "verse_nr": "9",
                    "verse": "Porque, ent\u00e3o, darei l\u00e1bios puros aos povos, para que todos invoquem o nome do SENHOR, para que o sirvam com um mesmo esp\u00edrito."
                },
                "10": {
                    "verse_nr": "10",
                    "verse": "Dal\u00e9m dos rios da Eti\u00f3pia os meus zelosos adoradores, a filha da minha dispers\u00e3o, me trar\u00e3o sacrif\u00edcio."
                },
                "11": {
                    "verse_nr": "11",
                    "verse": "Naquele dia, n\u00e3o te envergonhar\u00e1s de nenhuma das tuas obras, com que te rebelaste contra mim; porque ent\u00e3o tirarei do meio de ti os que exultam na sua soberba, e tu nunca mais te ensoberbecer\u00e1s no meu monte santo."
                },
                "12": {
                    "verse_nr": "12",
                    "verse": "Mas deixarei no meio de ti um povo humilde e pobre; e eles confiar\u00e3o no nome do SENHOR."
                },
                "13": {
                    "verse_nr": "13",
                    "verse": "O remanescente de Israel n\u00e3o cometer\u00e1 iniquidade, nem proferir\u00e1 mentira, e na sua boca n\u00e3o se achar\u00e1 l\u00edngua enganosa; porque ser\u00e3o apascentados, deitar-se-\u00e3o, e n\u00e3o haver\u00e1 quem os espante."
                },
                "14": {
                    "verse_nr": "14",
                    "verse": "Canta alegremente, \u00f3 filha de Si\u00e3o; rejubila, \u00f3 Israel; regozija-te e exulta de todo o cora\u00e7\u00e3o, \u00f3 filha de Jerusal\u00e9m."
                },
                "15": {
                    "verse_nr": "15",
                    "verse": "O SENHOR afastou os teus ju\u00edzos, exterminou o teu inimigo; o SENHOR, o rei de Israel, est\u00e1 no meio de ti; tu n\u00e3o ver\u00e1s mais mal algum."
                },
                "16": {
                    "verse_nr": "16",
                    "verse": "Naquele dia, se dir\u00e1 a Jerusal\u00e9m: N\u00e3o temas, \u00f3 Si\u00e3o, n\u00e3o se enfraque\u00e7am as tuas m\u00e3os."
                },
                "17": {
                    "verse_nr": "17",
                    "verse": "O SENHOR, teu Deus, est\u00e1 no meio de ti, poderoso para te salvar; ele se deleitar\u00e1 em ti com alegria; calar-se-\u00e1 por seu amor, regozijar-se-\u00e1 em ti com j\u00fabilo."
                },
                "18": {
                    "verse_nr": "18",
                    "verse": "Os que em ti se entristeceram, por causa da reuni\u00e3o solene, eu os congregarei; esses para os quais o peso foi uma afronta."
                },
                "19": {
                    "verse_nr": "19",
                    "verse": "Eis que, naquele tempo, procederei contra todos os que te afligem, e salvarei os que coxeiam, e recolherei os que foram expulsos; e lhes darei um louvor e um nome em toda a terra em que foram envergonhados."
                },
                "20": {
                    "verse_nr": "20",
                    "verse": "Naquele tempo, vos trarei, naquele tempo, vos recolherei; certamente, vos darei um nome e um louvor entre todos os povos da terra, quando reconduzir os vossos cativos diante dos vossos olhos, diz o SENHOR."
                }
            }
        }
    }
}