{
    "version": "GNT",
    "book_name": "Hosea",
    "book_nr": "28",
    "book": {
        "1": {
            "chapter_nr": "1",
            "chapter": {
                "1": {
                    "verse_nr": "1",
                    "verse": "This is the message which the LORD gave Hosea son of Beeri during the time that Uzziah, Jotham, Ahaz, and Hezekiah were kings of Judah, and Jeroboam son of Jehoash was king of Israel."
                },
                "2": {
                    "verse_nr": "2",
                    "verse": "Hosea&#39;s Wife and Children - When the LORD first spoke to Israel through Hosea, he said to Hosea, \u201cGo and get married; your wife will be unfaithful, and your children will be just like her. In the same way my people have left me and become unfaithful.\u201d"
                },
                "3": {
                    "verse_nr": "3",
                    "verse": "So Hosea married a woman named Gomer, the daughter of Diblaim. After the birth of their first child, a son,"
                },
                "4": {
                    "verse_nr": "4",
                    "verse": "the LORD said to Hosea, \u201cName him \u2018Jezreel,\u2019 because it will not be long before I punish the king of Israel for the murders that his ancestor Jehu committed at Jezreel. I am going to put an end to Jehu&#39;s dynasty."
                },
                "5": {
                    "verse_nr": "5",
                    "verse": "And in Jezreel Valley I will at that time destroy Israel&#39;s military power.\u201d"
                },
                "6": {
                    "verse_nr": "6",
                    "verse": "Gomer had a second child\u2014this time it was a daughter. The LORD said to Hosea, \u201cName her \u2018Unloved,\u2019 because I will no longer show love to the people of Israel or forgive them."
                },
                "7": {
                    "verse_nr": "7",
                    "verse": "But to the people of Judah I will show love. I, the LORD their God, will save them, but I will not do it by war\u2014with swords or bows and arrows or with horses and horsemen.\u201d"
                },
                "8": {
                    "verse_nr": "8",
                    "verse": "After Gomer had weaned her daughter, she became pregnant again and had another son."
                },
                "9": {
                    "verse_nr": "9",
                    "verse": "The LORD said to Hosea, \u201cName him \u2018Not-My-People,\u2019 because the people of Israel are not my people, and I am not their God.\u201d"
                },
                "10": {
                    "verse_nr": "10",
                    "verse": "Israel Is to Be Restored - The people of Israel will become like the sand of the sea, more than can be counted or measured. Now God says to them, \u201cYou are not my people,\u201d but the day is coming when he will say to them, \u201cYou are the children of the living God!\u201d"
                },
                "11": {
                    "verse_nr": "11",
                    "verse": "The people of Judah and the people of Israel will be reunited. They will choose for themselves a single leader, and once again they will grow and prosper in their land. Yes, the day of Jezreel will be a great day!"
                }
            }
        },
        "2": {
            "chapter_nr": "2",
            "chapter": {
                "1": {
                    "verse_nr": "1",
                    "verse": "So call your fellow Israelites \u201cGod&#39;s People\u201d and \u201cLoved-by-the-Lord.\u201d"
                },
                "2": {
                    "verse_nr": "2",
                    "verse": "Unfaithful Gomer\u2014Unfaithful Israel - My children, plead with your mother\u2014though she is no longer a wife to me, and I am no longer her husband. Plead with her to stop her adultery and prostitution."
                },
                "3": {
                    "verse_nr": "3",
                    "verse": "If she does not, I will strip her as naked as she was on the day she was born. I will make her like a dry and barren land, and she will die of thirst."
                },
                "4": {
                    "verse_nr": "4",
                    "verse": "I will not show mercy to her children; they are the children of a shameless prostitute. She herself said, \u201cI will go to my lovers\u2014they give me food and water, wool and linen, olive oil and wine.\u201d"
                },
                "5": {
                    "verse_nr": "5",
                    "verse": "I will not show mercy to her children; they are the children of a shameless prostitute. She herself said, \u201cI will go to my lovers\u2014they give me food and water, wool and linen, olive oil and wine.\u201d"
                },
                "6": {
                    "verse_nr": "6",
                    "verse": "So I am going to fence her in with thorn bushes and build a wall to block her way."
                },
                "7": {
                    "verse_nr": "7",
                    "verse": "She will run after her lovers but will not catch them. She will look for them but will not find them. Then she will say, \u201cI am going back to my first husband\u2014I was better off then than I am now.\u201d"
                },
                "8": {
                    "verse_nr": "8",
                    "verse": "She would never acknowledge that I am the one who gave her the grain, the wine, the olive oil, and all the silver and gold that she used in the worship of Baal."
                },
                "9": {
                    "verse_nr": "9",
                    "verse": "So at harvest time I will take back my gifts of grain and wine, and will take away the wool and the linen I gave her for clothing."
                },
                "10": {
                    "verse_nr": "10",
                    "verse": "I will strip her naked in front of her lovers, and no one will be able to save her from my power."
                },
                "11": {
                    "verse_nr": "11",
                    "verse": "I will put an end to all her festivities\u2014her annual and monthly festivals and her Sabbath celebrations\u2014all her religious meetings."
                },
                "12": {
                    "verse_nr": "12",
                    "verse": "I will destroy her grapevines and her fig trees, which she said her lovers gave her for serving them. I will turn her vineyards and orchards into a wilderness; wild animals will destroy them."
                },
                "13": {
                    "verse_nr": "13",
                    "verse": "I will punish her for the times that she forgot me, when she burned incense to Baal and put on her jewelry to go chasing after her lovers. The LORD has spoken."
                },
                "14": {
                    "verse_nr": "14",
                    "verse": "The LORD&#39;s Love for His People - So I am going to take her into the desert again; there I will win her back with words of love."
                },
                "15": {
                    "verse_nr": "15",
                    "verse": "I will give back to her the vineyards she had and make Trouble Valley a door of hope. She will respond to me there as she did when she was young, when she came from Egypt."
                },
                "16": {
                    "verse_nr": "16",
                    "verse": "Then once again she will call me her husband\u2014she will no longer call me her Baal."
                },
                "17": {
                    "verse_nr": "17",
                    "verse": "I will never let her speak the name of Baal again."
                },
                "18": {
                    "verse_nr": "18",
                    "verse": "At that time I will make a covenant with all the wild animals and birds, so that they will not harm my people. I will also remove all weapons of war from the land, all swords and bows, and will let my people live in peace and safety."
                },
                "19": {
                    "verse_nr": "19",
                    "verse": "Israel, I will make you my wife; I will be true and faithful; I will show you constant love and mercy and make you mine forever."
                },
                "20": {
                    "verse_nr": "20",
                    "verse": "I will keep my promise and make you mine, and you will acknowledge me as LORD."
                },
                "21": {
                    "verse_nr": "21",
                    "verse": "At that time I will answer the prayers of my people Israel. I will make rain fall on the earth, and the earth will produce grain and grapes and olives."
                },
                "22": {
                    "verse_nr": "22",
                    "verse": "At that time I will answer the prayers of my people Israel. I will make rain fall on the earth, and the earth will produce grain and grapes and olives."
                },
                "23": {
                    "verse_nr": "23",
                    "verse": "I will establish my people in the land and make them prosper. I will show love to those who were called \u201cUnloved,\u201d and to those who were called \u201cNot-My-People\u201d I will say, \u201cYou are my people,\u201d and they will answer, \u201cYou are our God.\u201d"
                }
            }
        },
        "3": {
            "chapter_nr": "3",
            "chapter": {
                "1": {
                    "verse_nr": "1",
                    "verse": "Hosea and the Unfaithful Woman - The LORD said to me, \u201cGo again and show your love for a woman who is committing adultery with a lover. You must love her just as I still love the people of Israel, even though they turn to other gods and like to take offerings of raisins to idols.\u201d"
                },
                "2": {
                    "verse_nr": "2",
                    "verse": "So I paid fifteen pieces of silver and seven bushels of barley to buy her."
                },
                "3": {
                    "verse_nr": "3",
                    "verse": "I told her that for a long time she would have to wait for me without being a prostitute or committing adultery; and during this time I would wait for her."
                },
                "4": {
                    "verse_nr": "4",
                    "verse": "In just this way the people of Israel will have to live for a long time without kings or leaders, without sacrifices or sacred stone pillars, without idols or images to use for divination."
                },
                "5": {
                    "verse_nr": "5",
                    "verse": "But the time will come when the people of Israel will once again turn to the LORD their God and to a descendant of David their king. Then they will fear the LORD and will receive his good gifts."
                }
            }
        },
        "4": {
            "chapter_nr": "4",
            "chapter": {
                "1": {
                    "verse_nr": "1",
                    "verse": "The Lord&#39;s Accusation against Israel - The LORD has an accusation to bring against the people who live in this land. Listen, Israel, to what he says: \u201cThere is no faithfulness or love in the land, and the people do not acknowledge me as God."
                },
                "2": {
                    "verse_nr": "2",
                    "verse": "They make promises and break them; they lie, murder, steal, and commit adultery. Crimes increase, and there is one murder after another."
                },
                "3": {
                    "verse_nr": "3",
                    "verse": "And so the land will dry up, and everything that lives on it will die. All the animals and birds, and even the fish, will die.\u201d"
                },
                "4": {
                    "verse_nr": "4",
                    "verse": "The LORD Accuses the Priests - The LORD says, \u201cLet no one accuse the people or reprimand them\u2014my complaint is against you priests."
                },
                "5": {
                    "verse_nr": "5",
                    "verse": "Night and day you blunder on, and the prophets do no better than you. I am going to destroy Israel, your mother."
                },
                "6": {
                    "verse_nr": "6",
                    "verse": "My people are doomed because they do not acknowledge me. You priests have refused to acknowledge me and have rejected my teaching, and so I reject you and will not acknowledge your sons as my priests."
                },
                "7": {
                    "verse_nr": "7",
                    "verse": "\u201cThe more of you priests there are, the more you sin against me, and so I will turn your honor into disgrace."
                },
                "8": {
                    "verse_nr": "8",
                    "verse": "You grow rich from the sins of my people, and so you want them to sin more and more."
                },
                "9": {
                    "verse_nr": "9",
                    "verse": "You will suffer the same punishment as the people! I will punish you and make you pay for the evil you do."
                },
                "10": {
                    "verse_nr": "10",
                    "verse": "You will eat your share of the sacrifices, but still be hungry. You will worship the fertility gods, but still have no children, because you have turned away from me to follow other gods.\u201d"
                },
                "11": {
                    "verse_nr": "11",
                    "verse": "The LORD Condemns Pagan Worship - The LORD says, \u201cWine, both old and new, is robbing my people of their senses!"
                },
                "12": {
                    "verse_nr": "12",
                    "verse": "They ask for revelations from a piece of wood! A stick tells them what they want to know! They have left me. Like a woman who becomes a prostitute, they have given themselves to other gods."
                },
                "13": {
                    "verse_nr": "13",
                    "verse": "At sacred places on the mountaintops they offer sacrifices, and on the hills they burn incense under tall, spreading trees, because the shade is so pleasant! \u201cAs a result, your daughters serve as prostitutes, and your daughters-in-law commit adultery."
                },
                "14": {
                    "verse_nr": "14",
                    "verse": "Yet I will not punish them for this, because you yourselves go off with temple prostitutes, and together with them you offer pagan sacrifices. As the proverb says, \u2018A people without sense will be ruined.\u2019"
                },
                "15": {
                    "verse_nr": "15",
                    "verse": "\u201cEven though you people of Israel are unfaithful to me, may Judah not be guilty of the same thing. Don&#39;t worship at Gilgal or Bethaven, or make promises there in the name of the living LORD."
                },
                "16": {
                    "verse_nr": "16",
                    "verse": "The people of Israel are as stubborn as mules. How can I feed them like lambs in a meadow?"
                },
                "17": {
                    "verse_nr": "17",
                    "verse": "The people of Israel are under the spell of idols. Let them go their own way."
                },
                "18": {
                    "verse_nr": "18",
                    "verse": "After drinking much wine, they delight in their prostitution, preferring disgrace to honor."
                },
                "19": {
                    "verse_nr": "19",
                    "verse": "They will be carried away as by the wind, and they will be ashamed of their pagan sacrifices."
                }
            }
        },
        "5": {
            "chapter_nr": "5",
            "chapter": {
                "1": {
                    "verse_nr": "1",
                    "verse": "\u201cListen to this, you priests! Pay attention, people of Israel! Listen, you that belong to the royal family! You are supposed to judge with justice\u2014so judgment will fall on you! You have become a trap at Mizpah, a net spread on Mount Tabor,"
                },
                "2": {
                    "verse_nr": "2",
                    "verse": "a deep pit at Acacia City, and I will punish all of you."
                },
                "3": {
                    "verse_nr": "3",
                    "verse": "I know what Israel is like\u2014she cannot hide from me. She has been unfaithful, and her people are unfit to worship me.\u201d"
                },
                "4": {
                    "verse_nr": "4",
                    "verse": "Hosea Warns against Idolatry - The evil that the people have done keeps them from returning to their God. Idolatry has a powerful hold on them, and they do not acknowledge the LORD."
                },
                "5": {
                    "verse_nr": "5",
                    "verse": "The arrogance of the people of Israel cries out against them. Their sins make them stumble and fall, and the people of Judah fall with them."
                },
                "6": {
                    "verse_nr": "6",
                    "verse": "They take their sheep and cattle to offer as sacrifices to the LORD, but it does them no good. They cannot find him, for he has left them."
                },
                "7": {
                    "verse_nr": "7",
                    "verse": "They have been unfaithful to the LORD; their children do not belong to him. So now they and their lands will soon be destroyed."
                },
                "8": {
                    "verse_nr": "8",
                    "verse": "War between Judah and Israel - Blow the war trumpets in Gibeah! Sound the alarm in Ramah! Raise the war cry at Bethaven! Into battle, men of Benjamin!"
                },
                "9": {
                    "verse_nr": "9",
                    "verse": "The day of punishment is coming, and Israel will be ruined. People of Israel, this will surely happen!"
                },
                "10": {
                    "verse_nr": "10",
                    "verse": "The LORD says, \u201cI am angry because the leaders of Judah have invaded Israel and stolen land from her. So I will pour out punishment on them like a flood."
                },
                "11": {
                    "verse_nr": "11",
                    "verse": "Israel is suffering oppression; she has lost land that was rightfully hers, because she insisted on going for help to those who had none to give."
                },
                "12": {
                    "verse_nr": "12",
                    "verse": "I will bring destruction on Israel and ruin on the people of Judah."
                },
                "13": {
                    "verse_nr": "13",
                    "verse": "\u201cWhen Israel saw how sick she was and when Judah saw her own wounds, then Israel went to Assyria to ask the great emperor for help, but he could not cure them or heal their wounds."
                },
                "14": {
                    "verse_nr": "14",
                    "verse": "I will attack the people of Israel and Judah like a lion. I myself will tear them to pieces and then leave them. When I drag them off, no one will be able to save them."
                },
                "15": {
                    "verse_nr": "15",
                    "verse": "\u201cI will abandon my people until they have suffered enough for their sins and come looking for me. Perhaps in their suffering they will try to find me.\u201d"
                }
            }
        },
        "6": {
            "chapter_nr": "6",
            "chapter": {
                "1": {
                    "verse_nr": "1",
                    "verse": "The People&#39;s Insincere Repentance - The people say, \u201cLet&#39;s return to the LORD! He has hurt us, but he will be sure to heal us; he has wounded us, but he will bandage our wounds, won&#39;t he?"
                },
                "2": {
                    "verse_nr": "2",
                    "verse": "In two or three days he will revive us, and we will live in his presence."
                },
                "3": {
                    "verse_nr": "3",
                    "verse": "Let us try to know the LORD. He will come to us as surely as the day dawns, as surely as the spring rains fall upon the earth.\u201d"
                },
                "4": {
                    "verse_nr": "4",
                    "verse": "But the LORD says, \u201cIsrael and Judah, what am I going to do with you? Your love for me disappears as quickly as morning mist; it is like dew, that vanishes early in the day."
                },
                "5": {
                    "verse_nr": "5",
                    "verse": "That is why I have sent my prophets to you with my message of judgment and destruction. What I want from you is plain and clear:"
                },
                "6": {
                    "verse_nr": "6",
                    "verse": "I want your constant love, not your animal sacrifices. I would rather have my people know me than burn offerings to me."
                },
                "7": {
                    "verse_nr": "7",
                    "verse": "\u201cBut as soon as they entered the land at Adam, they broke the covenant I had made with them."
                },
                "8": {
                    "verse_nr": "8",
                    "verse": "Gilead is a city full of evil people and murderers."
                },
                "9": {
                    "verse_nr": "9",
                    "verse": "The priests are like a gang of robbers who wait in ambush for someone. Even on the road to the holy place at Shechem they commit murder. And they do all this evil deliberately!"
                },
                "10": {
                    "verse_nr": "10",
                    "verse": "I have seen a horrible thing in Israel: my people have defiled themselves by worshiping idols."
                },
                "11": {
                    "verse_nr": "11",
                    "verse": "\u201cAnd as for you, people of Judah, I have set a time to punish you also for what you are doing."
                }
            }
        },
        "7": {
            "chapter_nr": "7",
            "chapter": {
                "1": {
                    "verse_nr": "1",
                    "verse": "\u201cWhenever I want to heal my people Israel and make them prosperous again, all I can see is their wickedness and the evil they do. They cheat one another; they break into houses and steal; they rob people in the streets."
                },
                "2": {
                    "verse_nr": "2",
                    "verse": "It never enters their heads that I will remember all this evil; but their sins surround them, and I cannot avoid seeing them.\u201d"
                },
                "3": {
                    "verse_nr": "3",
                    "verse": "Conspiracy in the Palace - The LORD says, \u201cPeople deceive the king and his officers by their evil plots."
                },
                "4": {
                    "verse_nr": "4",
                    "verse": "They are all treacherous and disloyal. Their hatred smolders like the fire in an oven, which is not stirred by the baker until the dough is ready to bake."
                },
                "5": {
                    "verse_nr": "5",
                    "verse": "On the day of the king&#39;s celebration they made the king and his officials drunk and foolish with wine."
                },
                "6": {
                    "verse_nr": "6",
                    "verse": "Yes, they burned like an oven with their plotting. All night their anger smoldered, and in the morning it burst into flames."
                },
                "7": {
                    "verse_nr": "7",
                    "verse": "\u201cIn the heat of their anger they murdered their rulers. Their kings have been assassinated one after another, but no one prays to me for help.\u201d"
                },
                "8": {
                    "verse_nr": "8",
                    "verse": "Israel and the Nations - The LORD says, \u201cThe people of Israel are like a half-baked loaf of bread. They rely on the nations around them"
                },
                "9": {
                    "verse_nr": "9",
                    "verse": "and do not realize that this reliance on foreigners has robbed them of their strength. Their days are numbered, but they don&#39;t even know it."
                },
                "10": {
                    "verse_nr": "10",
                    "verse": "The arrogance of the people of Israel cries out against them. In spite of everything that has happened, they have not returned to me, the LORD their God."
                },
                "11": {
                    "verse_nr": "11",
                    "verse": "Israel flits around like a silly pigeon; first her people call on Egypt for help, and then they run to Assyria!"
                },
                "12": {
                    "verse_nr": "12",
                    "verse": "But I will spread out a net and catch them like birds as they go by. I will punish them for the evil they have done."
                },
                "13": {
                    "verse_nr": "13",
                    "verse": "\u201cThey are doomed! They have left me and rebelled against me. They will be destroyed. I wanted to save them, but their worship of me was false."
                },
                "14": {
                    "verse_nr": "14",
                    "verse": "They have not prayed to me sincerely, but instead they throw themselves down and wail as the heathen do. When they pray for grain and wine, they gash themselves like pagans. What rebels they are!"
                },
                "15": {
                    "verse_nr": "15",
                    "verse": "Even though I was the one who brought them up and made them strong, they plotted against me."
                },
                "16": {
                    "verse_nr": "16",
                    "verse": "They keep on turning away from me to a god that is powerless. They are as unreliable as a crooked bow. Because their leaders talk arrogantly, they will die a violent death, and the Egyptians will laugh.\u201d"
                }
            }
        },
        "8": {
            "chapter_nr": "8",
            "chapter": {
                "1": {
                    "verse_nr": "1",
                    "verse": "The Lord Condemns Israel for Idol Worship - The LORD says, \u201cSound the alarm! Enemies are swooping down on my land like eagles! My people have broken the covenant I made with them and have rebelled against my teaching."
                },
                "2": {
                    "verse_nr": "2",
                    "verse": "Even though they call me their God and claim that they are my people and that they know me,"
                },
                "3": {
                    "verse_nr": "3",
                    "verse": "they have rejected what is good. Because of this their enemies will pursue them."
                },
                "4": {
                    "verse_nr": "4",
                    "verse": "\u201cMy people chose kings, but they did it on their own. They appointed leaders, but without my approval. They took their silver and gold and made idols\u2014for their own destruction."
                },
                "5": {
                    "verse_nr": "5",
                    "verse": "I hate the gold bull worshiped by the people of the city of Samaria. I am furious with them. How long will it be before they give up their idolatry?"
                },
                "6": {
                    "verse_nr": "6",
                    "verse": "An Israelite craftsman made the idol, and it is not a god at all! The gold bull worshiped in Samaria will be smashed to pieces!"
                },
                "7": {
                    "verse_nr": "7",
                    "verse": "When they sow the wind, they will reap a storm! A field of grain that doesn&#39;t ripen can never produce any bread. But even if it did, foreigners would eat it up."
                },
                "8": {
                    "verse_nr": "8",
                    "verse": "Israel has become like any other nation and is as useless as a broken pot."
                },
                "9": {
                    "verse_nr": "9",
                    "verse": "Stubborn as wild donkeys, the people of Israel go their own way. They have gone off to seek help from Assyria and have paid other nations to protect them."
                },
                "10": {
                    "verse_nr": "10",
                    "verse": "But now I am going to gather them together and punish them. Soon they will writhe in pain when the emperor of Assyria oppresses them."
                },
                "11": {
                    "verse_nr": "11",
                    "verse": "\u201cThe more altars the people of Israel build for removing sin, the more places they have for sinning!"
                },
                "12": {
                    "verse_nr": "12",
                    "verse": "I write down countless teachings for the people, but they reject them as strange and foreign."
                },
                "13": {
                    "verse_nr": "13",
                    "verse": "They offer sacrifices to me and eat the meat of the sacrifices. But I, the LORD, am not pleased with them, and now I will remember their sin and punish them for it; I will send them back to Egypt!"
                },
                "14": {
                    "verse_nr": "14",
                    "verse": "\u201cThe people of Israel have built palaces, but they have forgotten their own Maker. The people of Judah have built fortified cities. But I will send fire that will burn down their palaces and their cities.\u201d"
                }
            }
        },
        "9": {
            "chapter_nr": "9",
            "chapter": {
                "1": {
                    "verse_nr": "1",
                    "verse": "Hosea Announces Punishment for Israel - People of Israel, stop celebrating your festivals like pagans. You have turned away from your God and have been unfaithful to him. All over the land you have sold yourselves like prostitutes to the god Baal and have loved the grain you thought he paid you with!"
                },
                "2": {
                    "verse_nr": "2",
                    "verse": "But soon you will not have enough grain and olive oil, and there will be no wine."
                },
                "3": {
                    "verse_nr": "3",
                    "verse": "The people of Israel will not remain in the LORD&#39;s land, but will have to go back to Egypt and will have to eat forbidden food in Assyria."
                },
                "4": {
                    "verse_nr": "4",
                    "verse": "In those foreign lands they will not be able to make wine offerings to the LORD or bring their sacrifices to him. Their food will defile everyone who eats it, like food eaten at funerals. It will be used only to satisfy their hunger; none of it will be taken as an offering to the LORD&#39;s Temple."
                },
                "5": {
                    "verse_nr": "5",
                    "verse": "And when the time comes for the appointed festivals in honor of the LORD, what will they do then?"
                },
                "6": {
                    "verse_nr": "6",
                    "verse": "When the disaster comes and the people are scattered, the Egyptians will gather them up\u2014gather them for burial there at Memphis! Their treasures of silver and the places where their homes once stood will be overgrown with weeds and thorn bushes."
                },
                "7": {
                    "verse_nr": "7",
                    "verse": "The time for punishment has come, the time when people will get what they deserve. When that happens, Israel will know it! \u201cThis prophet,\u201d you say, \u201cis a fool. This inspired man is insane.\u201d You people hate me so much because your sin is so great."
                },
                "8": {
                    "verse_nr": "8",
                    "verse": "God has sent me as a prophet to warn his people Israel. Yet wherever I go, you try to trap me like a bird. Even in God&#39;s Temple the people are the prophet&#39;s enemies."
                },
                "9": {
                    "verse_nr": "9",
                    "verse": "They are hopelessly evil in what they do, just as they were at Gibeah. God will remember their sin and punish them for it."
                },
                "10": {
                    "verse_nr": "10",
                    "verse": "Israel&#39;s Sin and Its Consequences - The LORD says, \u201cWhen I first found Israel, it was like finding grapes growing in the desert. When I first saw your ancestors, it was like seeing the first ripe figs of the season. But when they came to Mount Peor, they began to worship Baal and soon became as disgusting as the gods they loved."
                },
                "11": {
                    "verse_nr": "11",
                    "verse": "Israel&#39;s greatness will fly away like a bird, and there will be no more children born to them, no more women pregnant, no more children conceived."
                },
                "12": {
                    "verse_nr": "12",
                    "verse": "But even if they did bring up children, I would take them away and not leave one alive. When I abandon these people, terrible things will happen to them.\u201d"
                },
                "13": {
                    "verse_nr": "13",
                    "verse": "LORD, I can see their children being hunted down and killed."
                },
                "14": {
                    "verse_nr": "14",
                    "verse": "What shall I ask you to do to these people? Make their women barren! Make them unable to nurse their babies!"
                },
                "15": {
                    "verse_nr": "15",
                    "verse": "The LORD&#39;s Judgment on Israel - The LORD says, \u201cAll their evildoing began in Gilgal. It was there that I began to hate them. And because of the evil they have done, I will drive them out of my land. I will not love them any more; all their leaders have rebelled against me."
                },
                "16": {
                    "verse_nr": "16",
                    "verse": "The people of Israel are like a plant whose roots have dried up and which bears no fruit. They will have no children, but even if they did, I would kill the children so dear to them.\u201d"
                },
                "17": {
                    "verse_nr": "17",
                    "verse": "The Prophet Speaks about Israel - The God I serve will reject his people, because they have not listened to him. They will become wanderers among the nations."
                }
            }
        },
        "10": {
            "chapter_nr": "10",
            "chapter": {
                "1": {
                    "verse_nr": "1",
                    "verse": "The people of Israel were like a grapevine that was full of grapes. The more prosperous they were, the more altars they built. The more productive their land was, the more beautiful they made the sacred stone pillars they worship."
                },
                "2": {
                    "verse_nr": "2",
                    "verse": "The people whose hearts are deceitful must now suffer for their sins. God will break down their altars and destroy their sacred pillars."
                },
                "3": {
                    "verse_nr": "3",
                    "verse": "These people will soon be saying, \u201cWe have no king because we did not fear the LORD. But what could a king do for us anyway?\u201d"
                },
                "4": {
                    "verse_nr": "4",
                    "verse": "They utter empty words and make false promises and useless treaties. Justice has become injustice, growing like poisonous weeds in a plowed field."
                },
                "5": {
                    "verse_nr": "5",
                    "verse": "The people who live in the city of Samaria will be afraid and will mourn the loss of the gold bull at Bethaven. They and the priests who serve the idol will weep over it. They will wail when it is stripped of its golden splendor."
                },
                "6": {
                    "verse_nr": "6",
                    "verse": "The idol will be carried off to Assyria as tribute to the great emperor. The people of Israel will be disgraced and put to shame because of the advice they followed."
                },
                "7": {
                    "verse_nr": "7",
                    "verse": "Their king will be carried off, like a chip of wood on water."
                },
                "8": {
                    "verse_nr": "8",
                    "verse": "The hilltop shrines of Aven, where the people of Israel worship idols, will be destroyed. Thorns and weeds will grow up over their altars. The people will call out to the mountains, \u201cHide us!\u201d and to the hills, \u201cCover us!\u201d"
                },
                "9": {
                    "verse_nr": "9",
                    "verse": "The LORD Pronounces Judgment on Israel - The LORD says, \u201cThe people of Israel have not stopped sinning against me since the time of their sin at Gibeah. So at Gibeah war will catch up with them."
                },
                "10": {
                    "verse_nr": "10",
                    "verse": "I will attack this sinful people and punish them. Nations will join together against them, and they will be punished for their many sins."
                },
                "11": {
                    "verse_nr": "11",
                    "verse": "\u201cIsrael was once like a well-trained young cow, ready and willing to thresh grain. But I decided to put a yoke on her beautiful neck and to harness her for harder work. I made Judah pull the plow and Israel pull the harrow."
                },
                "12": {
                    "verse_nr": "12",
                    "verse": "I said, \u2018Plow new ground for yourselves, plant righteousness, and reap the blessings that your devotion to me will produce. It is time for you to turn to me, your LORD, and I will come and pour out blessings upon you.\u2019"
                },
                "13": {
                    "verse_nr": "13",
                    "verse": "But instead you planted evil and reaped its harvest. You have eaten the fruit produced by your lies. \u201cBecause you trusted in your chariots and in the large number of your soldiers,"
                },
                "14": {
                    "verse_nr": "14",
                    "verse": "war will come to your people, and all your fortresses will be destroyed. It will be like the day when King Shalman destroyed the city of Betharbel in battle, and mothers and their children were crushed to death."
                },
                "15": {
                    "verse_nr": "15",
                    "verse": "That is what will happen to you, people of Bethel, because of the terrible evil that you have done. As soon as the battle begins, the king of Israel will die.\u201d"
                }
            }
        },
        "11": {
            "chapter_nr": "11",
            "chapter": {
                "1": {
                    "verse_nr": "1",
                    "verse": "God&#39;s Love for His Rebellious People - The LORD says, \u201cWhen Israel was a child, I loved him and called him out of Egypt as my son."
                },
                "2": {
                    "verse_nr": "2",
                    "verse": "But the more I called to him, the more he turned away from me. My people sacrificed to Baal; they burned incense to idols."
                },
                "3": {
                    "verse_nr": "3",
                    "verse": "Yet I was the one who taught Israel to walk. I took my people up in my arms, but they did not acknowledge that I took care of them."
                },
                "4": {
                    "verse_nr": "4",
                    "verse": "I drew them to me with affection and love. I picked them up and held them to my cheek; I bent down to them and fed them."
                },
                "5": {
                    "verse_nr": "5",
                    "verse": "\u201cThey refuse to return to me, and so they must return to Egypt, and Assyria will rule them."
                },
                "6": {
                    "verse_nr": "6",
                    "verse": "War will sweep through their cities and break down the city gates. It will destroy my people because they do what they themselves think best."
                },
                "7": {
                    "verse_nr": "7",
                    "verse": "They insist on turning away from me. They will cry out because of the yoke that is on them, but no one will lift it from them."
                },
                "8": {
                    "verse_nr": "8",
                    "verse": "\u201cHow can I give you up, Israel? How can I abandon you? Could I ever destroy you as I did Admah, or treat you as I did Zeboiim? My heart will not let me do it! My love for you is too strong."
                },
                "9": {
                    "verse_nr": "9",
                    "verse": "I will not punish you in my anger; I will not destroy Israel again. For I am God and not a mere human being. I, the Holy One, am with you. I will not come to you in anger."
                },
                "10": {
                    "verse_nr": "10",
                    "verse": "\u201cMy people will follow me when I roar like a lion at their enemies. They will hurry to me from the west."
                },
                "11": {
                    "verse_nr": "11",
                    "verse": "They will come from Egypt, as swiftly as birds, and from Assyria, like doves. I will bring them to their homes again. I, the LORD, have spoken.\u201d"
                },
                "12": {
                    "verse_nr": "12",
                    "verse": "Israel and Judah Are Condemned - The LORD says, \u201cThe people of Israel have surrounded me with lies and deceit, and the people of Judah are still rebelling against me, the faithful and holy God."
                }
            }
        },
        "12": {
            "chapter_nr": "12",
            "chapter": {
                "1": {
                    "verse_nr": "1",
                    "verse": "Everything that the people of Israel do from morning to night is useless and destructive. Treachery and acts of violence increase among them. They make treaties with Assyria and do business with Egypt.\u201d"
                },
                "2": {
                    "verse_nr": "2",
                    "verse": "The LORD has an accusation to bring against the people of Judah; he is also going to punish Israel for the way her people act. He will pay them back for what they have done."
                },
                "3": {
                    "verse_nr": "3",
                    "verse": "Their ancestor Jacob struggled with his twin brother Esau while the two of them were still in their mother&#39;s womb; when Jacob grew up, he fought against God\u2014"
                },
                "4": {
                    "verse_nr": "4",
                    "verse": "he fought against an angel and won. He wept and asked for a blessing. And at Bethel God came to our ancestor Jacob and spoke with him."
                },
                "5": {
                    "verse_nr": "5",
                    "verse": "This was the LORD God Almighty\u2014the LORD is the name by which he is to be worshiped."
                },
                "6": {
                    "verse_nr": "6",
                    "verse": "So now, descendants of Jacob, trust in your God and return to him. Be loyal and just, and wait patiently for your God to act."
                },
                "7": {
                    "verse_nr": "7",
                    "verse": "Further Words of Judgment - The LORD says, \u201cThe people of Israel are as dishonest as the Canaanites; they love to cheat their customers with false scales."
                },
                "8": {
                    "verse_nr": "8",
                    "verse": "\u2018We are rich,\u2019 they say. \u2018We&#39;ve made a fortune. And no one can accuse us of getting rich dishonestly.\u2019"
                },
                "9": {
                    "verse_nr": "9",
                    "verse": "But I, the LORD your God who led you out of Egypt, I will make you live in tents again, as you did when I came to you in the desert."
                },
                "10": {
                    "verse_nr": "10",
                    "verse": "\u201cI spoke to the prophets and gave them many visions, and through the prophets I gave my people warnings."
                },
                "11": {
                    "verse_nr": "11",
                    "verse": "Yet idols are worshiped in Gilead, and those who worship them will die. Bulls are sacrificed in Gilgal, and the altars there will become piles of stone in the open fields.\u201d"
                },
                "12": {
                    "verse_nr": "12",
                    "verse": "Our ancestor Jacob had to flee to Mesopotamia, where, in order to get a wife, he worked for another man and took care of his sheep."
                },
                "13": {
                    "verse_nr": "13",
                    "verse": "The LORD sent a prophet to rescue the people of Israel from slavery in Egypt and to take care of them."
                },
                "14": {
                    "verse_nr": "14",
                    "verse": "The people of Israel have made the LORD bitterly angry; they deserve death for their crimes. Their Lord will punish them for the disgrace they have brought on him."
                }
            }
        },
        "13": {
            "chapter_nr": "13",
            "chapter": {
                "1": {
                    "verse_nr": "1",
                    "verse": "Final Judgment on Israel - In the past, when the tribe of Ephraim spoke, the other tribes of Israel were afraid; they looked up to Ephraim. But the people sinned by worshiping Baal, and for this they will die."
                },
                "2": {
                    "verse_nr": "2",
                    "verse": "They still keep on sinning by making metal images to worship\u2014idols of silver, designed by human minds, made by human hands. And then they say, \u201cOffer sacrifices to them!\u201d How can anyone kiss those idols\u2014idols in the shape of bulls!"
                },
                "3": {
                    "verse_nr": "3",
                    "verse": "And so these people will disappear like morning mist, like the dew that vanishes early in the day. They will be like chaff which the wind blows from the threshing place, like smoke from a chimney."
                },
                "4": {
                    "verse_nr": "4",
                    "verse": "The LORD says, \u201cI am the LORD your God, who led you out of Egypt. You have no God but me. I alone am your savior."
                },
                "5": {
                    "verse_nr": "5",
                    "verse": "I took care of you in a dry, desert land."
                },
                "6": {
                    "verse_nr": "6",
                    "verse": "But when you entered the good land, you became full and satisfied, and then you grew proud and forgot me."
                },
                "7": {
                    "verse_nr": "7",
                    "verse": "So I will attack you like a lion. Like a leopard I will lie in wait along your path."
                },
                "8": {
                    "verse_nr": "8",
                    "verse": "I will attack you like a bear that has lost her cubs, and I will tear you open. Like a lion I will devour you on the spot, and will tear you to pieces like a wild animal."
                },
                "9": {
                    "verse_nr": "9",
                    "verse": "\u201cI will destroy you, people of Israel! Then who can help you?"
                },
                "10": {
                    "verse_nr": "10",
                    "verse": "You asked for a king and for leaders, but how can they save the nation?"
                },
                "11": {
                    "verse_nr": "11",
                    "verse": "In my anger I have given you kings, and in my fury I have taken them away."
                },
                "12": {
                    "verse_nr": "12",
                    "verse": "\u201cIsrael&#39;s sin and guilt are on record, and the records are safely stored away."
                },
                "13": {
                    "verse_nr": "13",
                    "verse": "Israel has a chance to live, but is too foolish to take it\u2014like a child about to be born, who refuses to come out of the womb."
                },
                "14": {
                    "verse_nr": "14",
                    "verse": "I will not save this people from the world of the dead or rescue them from the power of death. Bring on your plagues, death! Bring on your destruction, world of the dead! I will no longer have pity for this people."
                },
                "15": {
                    "verse_nr": "15",
                    "verse": "Even though Israel flourishes like weeds, I will send a hot east wind from the desert, and it will dry up their springs and wells. It will take away everything of value."
                },
                "16": {
                    "verse_nr": "16",
                    "verse": "Samaria must be punished for rebelling against me. Her people will die in war; babies will be dashed to the ground, and pregnant women will be ripped open.\u201d"
                }
            }
        },
        "14": {
            "chapter_nr": "14",
            "chapter": {
                "1": {
                    "verse_nr": "1",
                    "verse": "Hosea&#39;s Plea to Israel - Return to the LORD your God, people of Israel. Your sin has made you stumble and fall."
                },
                "2": {
                    "verse_nr": "2",
                    "verse": "Return to the LORD, and let this prayer be your offering to him: \u201cForgive all our sins and accept our prayer, and we will praise you as we have promised."
                },
                "3": {
                    "verse_nr": "3",
                    "verse": "Assyria can never save us, and war horses cannot protect us. We will never again say to our idols that they are our God. O LORD, you show mercy to those who have no one else to turn to.\u201d"
                },
                "4": {
                    "verse_nr": "4",
                    "verse": "The LORD Promises New Life for Israel - The LORD says, \u201cI will bring my people back to me. I will love them with all my heart; no longer am I angry with them."
                },
                "5": {
                    "verse_nr": "5",
                    "verse": "I will be to the people of Israel like rain in a dry land. They will blossom like flowers; they will be firmly rooted like the trees of Lebanon."
                },
                "6": {
                    "verse_nr": "6",
                    "verse": "They will be alive with new growth, and beautiful like olive trees. They will be fragrant like the cedars of Lebanon."
                },
                "7": {
                    "verse_nr": "7",
                    "verse": "Once again they will live under my protection. They will grow crops of grain and be fruitful like a vineyard. They will be as famous as the wine of Lebanon."
                },
                "8": {
                    "verse_nr": "8",
                    "verse": "The people of Israel will have nothing more to do with idols; I will answer their prayers and take care of them. Like an evergreen tree I will shelter them; I am the source of all their blessings.\u201d"
                },
                "9": {
                    "verse_nr": "9",
                    "verse": "Conclusion - May those who are wise understand what is written here, and may they take it to heart. The LORD&#39;s ways are right, and righteous people live by following them, but sinners stumble and fall because they ignore them."
                }
            }
        }
    }
}