{
    "version": "VFL",
    "book_name": "1 Timothy",
    "book_nr": "54",
    "book": {
        "1": {
            "chapter_nr": "1",
            "chapter": {
                "1": {
                    "verse_nr": "1",
                    "verse": "Introdu\u00e7\u00e3o - De Paulo, ap\u00f3stolo de Cristo Jesus por ordem de Deus, nosso Salvador, e de Cristo Jesus, nossa esperan\u00e7a,"
                },
                "2": {
                    "verse_nr": "2",
                    "verse": "a Tim\u00f3teo, meu verdadeiro filho na f\u00e9. Que Deus Pai e Cristo Jesus, nosso Senhor, lhe deem gra\u00e7a, miseric\u00f3rdia e paz."
                },
                "3": {
                    "verse_nr": "3",
                    "verse": "Como j\u00e1 pedi, quando estava prestes a partir para a Maced\u00f4nia, quero que voc\u00ea fique em \u00c9feso para poder repreender algumas pessoas que est\u00e3o ensinando doutrinas diferentes."
                },
                "4": {
                    "verse_nr": "4",
                    "verse": "Diga a elas que n\u00e3o se ocupem com lendas e genealogias sem fim, as quais s\u00f3 resultam em discuss\u00f5es e n\u00e3o contribuem para o trabalho de Deus, que \u00e9 realizado pela f\u00e9."
                },
                "5": {
                    "verse_nr": "5",
                    "verse": "A finalidade desta ordem \u00e9 o amor que procede de um cora\u00e7\u00e3o puro, de uma consci\u00eancia limpa e de uma f\u00e9 sem fingimento."
                },
                "6": {
                    "verse_nr": "6",
                    "verse": "Alguns homens se desviaram disto e falam de coisas que n\u00e3o t\u00eam nenhum valor."
                },
                "7": {
                    "verse_nr": "7",
                    "verse": "Eles querem ser professores da lei, mas n\u00e3o compreendem o que dizem e nem entendem os assuntos sobre os quais discutem com tanta certeza."
                },
                "8": {
                    "verse_nr": "8",
                    "verse": "N\u00f3s sabemos que a lei \u00e9 boa, se ela for usada corretamente."
                },
                "9": {
                    "verse_nr": "9",
                    "verse": "Devemos reconhecer que a lei n\u00e3o foi feita para os que fazem o bem. A lei foi feita para aqueles que est\u00e3o contra a lei, para os rebeldes, para os que s\u00e3o contra a religi\u00e3o, para os pecadores, para os impuros, para os que n\u00e3o t\u00eam respeito por Deus, para os que matam pais e m\u00e3es, ou para os demais assassinos."
                },
                "10": {
                    "verse_nr": "10",
                    "verse": "A lei tamb\u00e9m foi feita para os que cometem imoralidade sexual, para os homens prom\u00edscuos, para os que pegam as pessoas e as vendem como escravas, para os que fazem juramentos falsos e para todos aqueles que s\u00e3o contra o verdadeiro ensino de Deus."
                },
                "11": {
                    "verse_nr": "11",
                    "verse": "E este verdadeiro ensino est\u00e1 de acordo com as gloriosas Boas Novas que procedem do Deus Bendito, as quais fui encarregado de anunciar."
                },
                "12": {
                    "verse_nr": "12",
                    "verse": "Gratid\u00e3o pela miseric\u00f3rdia de Deus - Agrade\u00e7o a Cristo Jesus, nosso Senhor, que \u00e9 aquele que me tem fortalecido, pois ele me considerou fiel e me escolheu para servi-lo."
                },
                "13": {
                    "verse_nr": "13",
                    "verse": "Ele me fez tudo isto apesar de eu ter falado mal dele no passado e de t\u00ea-lo perseguido e insultado. Mas eu obtive miseric\u00f3rdia, pois agi sem saber o que estava fazendo, uma vez que n\u00e3o tinha f\u00e9."
                },
                "14": {
                    "verse_nr": "14",
                    "verse": "A gra\u00e7a de nosso Senhor foi muito grande para comigo e, com esta gra\u00e7a, vieram a f\u00e9 e o amor que est\u00e3o em Cristo Jesus."
                },
                "15": {
                    "verse_nr": "15",
                    "verse": "Isto \u00e9 verdade, e deve ser completamente aceito: Cristo Jesus veio ao mundo para salvar os pecadores. Eu sou o pior de todos eles,"
                },
                "16": {
                    "verse_nr": "16",
                    "verse": "mas foi por esse mesmo motivo que fui perdoado, para que por meio de mim, o pior dos pecadores, Cristo Jesus pudesse mostrar toda a sua paci\u00eancia. Cristo queria que eu servisse de exemplo para todos aqueles que viessem a crer nele, para que assim pudessem receber a vida eterna."
                },
                "17": {
                    "verse_nr": "17",
                    "verse": "Ao Rei eterno, imortal, invis\u00edvel e Deus \u00fanico, sejam dadas honra e gl\u00f3ria para sempre! Am\u00e9m!"
                },
                "18": {
                    "verse_nr": "18",
                    "verse": "Tim\u00f3teo, meu filho, este \u00e9 o dever de que eu o encarrego, de acordo com as profecias que h\u00e1 muito tempo foram feitas sobre voc\u00ea: siga essas profecias e empenhe-se na batalha do Senhor."
                },
                "19": {
                    "verse_nr": "19",
                    "verse": "Combata com f\u00e9 e com a consci\u00eancia limpa, pois alguns rejeitaram a consci\u00eancia limpa e por isso tiveram a sua f\u00e9 destru\u00edda."
                },
                "20": {
                    "verse_nr": "20",
                    "verse": "Entre eles est\u00e3o Himeneu e Alexandre, os quais entreguei a Satan\u00e1s para que aprendam a n\u00e3o falar mal de Deus."
                }
            }
        },
        "2": {
            "chapter_nr": "2",
            "chapter": {
                "1": {
                    "verse_nr": "1",
                    "verse": "Devemos orar por todas as pessoas - Em primeiro lugar, pe\u00e7o que sejam feitas s\u00faplicas, ora\u00e7\u00f5es, pedidos e a\u00e7\u00f5es de gra\u00e7a a favor de todas as pessoas."
                },
                "2": {
                    "verse_nr": "2",
                    "verse": "Fa\u00e7am isso especialmente a favor daqueles que governam e de todas as autoridades, para que possamos viver uma vida tranquila e cheia de paz, com toda devo\u00e7\u00e3o e respeito a Deus."
                },
                "3": {
                    "verse_nr": "3",
                    "verse": "Isto \u00e9 bom e agrad\u00e1vel a Deus, nosso Salvador,"
                },
                "4": {
                    "verse_nr": "4",
                    "verse": "o qual deseja que todas as pessoas sejam salvas e cheguem a conhecer a verdade."
                },
                "5": {
                    "verse_nr": "5",
                    "verse": "Pois existe somente um Deus e somente um intermedi\u00e1rio entre Deus e os homens: o homem Cristo Jesus."
                },
                "6": {
                    "verse_nr": "6",
                    "verse": "Foi ele quem deu a sua pr\u00f3pria vida para pagar pelos pecados de todas as pessoas. Desta forma, no momento oportuno, Jesus provou que Deus quer que todas as pessoas se salvem."
                },
                "7": {
                    "verse_nr": "7",
                    "verse": "Eu fui escolhido para proclamar essa mensagem e para servir de ap\u00f3stolo. (N\u00e3o estou mentindo; estou falando a verdade.) Tamb\u00e9m fui escolhido para ensinar a f\u00e9 e a verdade aos que n\u00e3o s\u00e3o judeus."
                },
                "8": {
                    "verse_nr": "8",
                    "verse": "Portanto, quero que os homens orem em todo lugar e, ao orarem, eles devem levantar m\u00e3os que sejam dedicadas a Deus, sem raiva ou sem discuss\u00f5es."
                },
                "9": {
                    "verse_nr": "9",
                    "verse": "Da mesma maneira, quero que as mulheres se vistam sem usar de muita vaidade, com simplicidade e bom senso. Elas n\u00e3o deveriam se enfeitar com penteados exagerados, com ouro, com p\u00e9rolas, nem com vestidos caros."
                },
                "10": {
                    "verse_nr": "10",
                    "verse": "Por\u00e9m, deveriam se enfeitar com boas a\u00e7\u00f5es, como \u00e9 pr\u00f3prio \u00e0s mulheres que s\u00e3o reverentes a Deus."
                },
                "11": {
                    "verse_nr": "11",
                    "verse": "A mulher deve aprender ouvindo em sil\u00eancio e com todo o respeito."
                },
                "12": {
                    "verse_nr": "12",
                    "verse": "N\u00e3o permito que a mulher ensine ou tenha autoridade sobre o homem. Ela deve ficar em sil\u00eancio,"
                },
                "13": {
                    "verse_nr": "13",
                    "verse": "pois primeiro foi criado Ad\u00e3o e, depois, Eva."
                },
                "14": {
                    "verse_nr": "14",
                    "verse": "E n\u00e3o foi Ad\u00e3o quem foi enganado, e sim a mulher, que foi iludida e caiu no pecado."
                },
                "15": {
                    "verse_nr": "15",
                    "verse": "Mas as mulheres ser\u00e3o salvas se forem m\u00e3es. Isso se continuarem na f\u00e9 e no amor e se mantiverem puras e com bom senso."
                }
            }
        },
        "3": {
            "chapter_nr": "3",
            "chapter": {
                "1": {
                    "verse_nr": "1",
                    "verse": "Como devem ser os bispos da igreja - Isto \u00e9 verdade: se algu\u00e9m deseja ser bispo, deseja um \u00f3timo trabalho."
                },
                "2": {
                    "verse_nr": "2",
                    "verse": "O bispo deve viver de tal maneira que ningu\u00e9m possa acus\u00e1-lo de nada. Ele deve ter sido fiel \u00e0 sua esposa e deve ser s\u00f3brio, prudente e respeit\u00e1vel. Ele deve tamb\u00e9m ser hospitaleiro e competente para ensinar."
                },
                "3": {
                    "verse_nr": "3",
                    "verse": "Ele n\u00e3o deve ser dado ao vinho nem violento, mas gentil e pac\u00edfico. Ele tamb\u00e9m n\u00e3o deve ter amor ao dinheiro."
                },
                "4": {
                    "verse_nr": "4",
                    "verse": "Ele deve governar bem a sua pr\u00f3pria casa; deve criar seus filhos de maneira que estes lhe obede\u00e7am com todo o respeito."
                },
                "5": {
                    "verse_nr": "5",
                    "verse": "(Pois se algu\u00e9m n\u00e3o sabe governar a sua pr\u00f3pria casa, como ser\u00e1 capaz de cuidar da igreja de Deus?)"
                },
                "6": {
                    "verse_nr": "6",
                    "verse": "Ele n\u00e3o deve ser uma pessoa que se converteu recentemente, para que n\u00e3o fique cheio de orgulho e receba a mesma condena\u00e7\u00e3o que o Diabo recebeu."
                },
                "7": {
                    "verse_nr": "7",
                    "verse": "\u00c9 necess\u00e1rio tamb\u00e9m que seja bem respeitado por aqueles que n\u00e3o pertencem \u00e0 igreja, para que n\u00e3o venha a ser criticado por todos e apanhado pelo Diabo."
                },
                "8": {
                    "verse_nr": "8",
                    "verse": "Como devem ser os di\u00e1conos - Do mesmo modo, os di\u00e1conos devem ser respeit\u00e1veis e suas palavras devem merecer confian\u00e7a. Eles n\u00e3o devem beber muito vinho nem ser pessoas que queiram ficar ricas por meios desonestos."
                },
                "9": {
                    "verse_nr": "9",
                    "verse": "Eles devem conservar a verdade da f\u00e9 que Deus nos revelou, e faz\u00ea-lo com a consci\u00eancia limpa."
                },
                "10": {
                    "verse_nr": "10",
                    "verse": "Estes homens tamb\u00e9m devem ser colocados \u00e0 prova primeiro. Ent\u00e3o, se n\u00e3o houver nada contra eles, que sirvam como di\u00e1conos."
                },
                "11": {
                    "verse_nr": "11",
                    "verse": "Da mesma maneira, as mulheres devem ser respeit\u00e1veis. Elas n\u00e3o devem falar mal dos outros, mas devem ser s\u00f3brias e de confian\u00e7a em tudo."
                },
                "12": {
                    "verse_nr": "12",
                    "verse": "Os di\u00e1conos devem ter somente uma esposa, devem governar bem os seus filhos e as suas pr\u00f3prias casas."
                },
                "13": {
                    "verse_nr": "13",
                    "verse": "Pois aqueles que se desempenharem bem como di\u00e1conos, estar\u00e3o conseguindo uma posi\u00e7\u00e3o de honra para si mesmos e se sentir\u00e3o seguros da f\u00e9 que t\u00eam em Cristo Jesus."
                },
                "14": {
                    "verse_nr": "14",
                    "verse": "Jesus Cristo: o segredo da nossa vida - Apesar de esperar v\u00ea-lo em breve, estou lhe escrevendo estas coisas"
                },
                "15": {
                    "verse_nr": "15",
                    "verse": "para que, se eu demorar, voc\u00ea fique sabendo como se deve proceder na casa de Deus. A casa de Deus \u00e9 a igreja do Deus vivo, a coluna e o alicerce da verdade."
                },
                "16": {
                    "verse_nr": "16",
                    "verse": "Sem d\u00favida nenhuma, grande \u00e9 o segredo da nossa vida de adora\u00e7\u00e3o: \u201cEle apareceu em forma humana, foi declarado justo pelo Esp\u00edrito, foi visto por anjos, foi anunciado entre as na\u00e7\u00f5es, foi acreditado no mundo, e foi levado para o c\u00e9u em gl\u00f3ria\u201d."
                }
            }
        },
        "4": {
            "chapter_nr": "4",
            "chapter": {
                "1": {
                    "verse_nr": "1",
                    "verse": "Alerta contra os falsos mestres - O Esp\u00edrito diz claramente que nos \u00faltimos tempos alguns abandonar\u00e3o a f\u00e9. Eles seguir\u00e3o esp\u00edritos enganadores e ensinos de dem\u00f4nios."
                },
                "2": {
                    "verse_nr": "2",
                    "verse": "Estes ensinos v\u00eam por meio de homens hip\u00f3critas e mentirosos, que t\u00eam a consci\u00eancia insens\u00edvel, como se ela tivesse sido queimada com um ferro em brasa."
                },
                "3": {
                    "verse_nr": "3",
                    "verse": "Estes homens pro\u00edbem o casamento e ensinam que n\u00e3o se devem comer certos tipos de comida. Mas Deus criou esses alimentos para serem recebidos com gratid\u00e3o por todos aqueles que t\u00eam f\u00e9 e conhecem a verdade."
                },
                "4": {
                    "verse_nr": "4",
                    "verse": "Tudo o que Deus criou \u00e9 bom. Nada deve ser rejeitado, uma vez que foi recebido com gratid\u00e3o,"
                },
                "5": {
                    "verse_nr": "5",
                    "verse": "pois a comida \u00e9 consagrada pelas palavras de Deus e pela ora\u00e7\u00e3o."
                },
                "6": {
                    "verse_nr": "6",
                    "verse": "O bom servo de Cristo Jesus - Ao ensinar estas coisas aos irm\u00e3os, voc\u00ea ser\u00e1 um bom servo de Cristo Jesus, criado e alimentado nas palavras da f\u00e9 e do bom ensinamento que voc\u00ea tem seguido."
                },
                "7": {
                    "verse_nr": "7",
                    "verse": "Mas rejeite as lendas mundanas que s\u00e3o pr\u00f3prias de velhinhas caducas, e exercite-se pessoalmente na devo\u00e7\u00e3o a Deus."
                },
                "8": {
                    "verse_nr": "8",
                    "verse": "Pois o exerc\u00edcio f\u00edsico, na verdade, tem algum valor, mas a devo\u00e7\u00e3o a Deus tem valor para tudo, porque promete b\u00ean\u00e7\u00e3os para a vida presente e para a vida futura."
                },
                "9": {
                    "verse_nr": "9",
                    "verse": "Isto \u00e9 verdade e merece toda a confian\u00e7a."
                },
                "10": {
                    "verse_nr": "10",
                    "verse": "\u00c9 para esse fim que n\u00f3s trabalhamos duramente e nos esfor\u00e7amos: porque temos colocado a nossa esperan\u00e7a no Deus vivo, que \u00e9 o Salvador de todos, especialmente daqueles que t\u00eam f\u00e9."
                },
                "11": {
                    "verse_nr": "11",
                    "verse": "Ordene e ensine estas coisas."
                },
                "12": {
                    "verse_nr": "12",
                    "verse": "Que ningu\u00e9m o despreze por voc\u00ea ser jovem. Pelo contr\u00e1rio, mostre-se um exemplo para os que acreditam em Cristo, por meio daquilo que fala, de seu comportamento, de seu amor, de sua f\u00e9 e da pureza de sua vida."
                },
                "13": {
                    "verse_nr": "13",
                    "verse": "At\u00e9 eu chegar, continue a dedicar-se \u00e0 leitura das Escrituras em p\u00fablico, \u00e0 prega\u00e7\u00e3o e ao ensino."
                },
                "14": {
                    "verse_nr": "14",
                    "verse": "N\u00e3o continue a descuidar do dom que h\u00e1 em voc\u00ea, o qual lhe foi dado como resultado de uma profecia, quando o grupo de presb\u00edteros p\u00f4s as m\u00e3os sobre voc\u00ea."
                },
                "15": {
                    "verse_nr": "15",
                    "verse": "Continue dando total aten\u00e7\u00e3o a estas coisas. Entregue-se completamente a elas, para que todos possam ver o seu progresso."
                },
                "16": {
                    "verse_nr": "16",
                    "verse": "Tenha cuidado com a sua pr\u00f3pria vida e com aquilo que ensina. Continue nestes deveres, porque assim voc\u00ea salvar\u00e1 tanto a si mesmo como aos seus ouvintes."
                }
            }
        },
        "5": {
            "chapter_nr": "5",
            "chapter": {
                "1": {
                    "verse_nr": "1",
                    "verse": "Como tratar aqueles que fazem parte da igreja - N\u00e3o repreenda o homem idoso. Antes o aconselhe como se ele fosse seu pai. Trate os mo\u00e7os como irm\u00e3os,"
                },
                "2": {
                    "verse_nr": "2",
                    "verse": "as mulheres idosas como m\u00e3es, e as mo\u00e7as como irm\u00e3s, com toda a pureza."
                },
                "3": {
                    "verse_nr": "3",
                    "verse": "Respeite e ajude as vi\u00favas que n\u00e3o t\u00eam mais nenhum parente."
                },
                "4": {
                    "verse_nr": "4",
                    "verse": "Mas se alguma vi\u00fava tem filhos ou netos, eles deveriam aprender primeiro a colocar em pr\u00e1tica a religi\u00e3o deles, cuidando da sua pr\u00f3pria fam\u00edlia. Assim eles pagar\u00e3o o que receberam dos seus pais e av\u00f3s. Isto \u00e9 agrad\u00e1vel a Deus."
                },
                "5": {
                    "verse_nr": "5",
                    "verse": "Por\u00e9m, a vi\u00fava que n\u00e3o tem mais nenhum parente nem ningu\u00e9m que a ajude, p\u00f5e a sua esperan\u00e7a em Deus e passa a se dedicar \u00e0 ora\u00e7\u00e3o dia e noite, pedindo a ajuda dele."
                },
                "6": {
                    "verse_nr": "6",
                    "verse": "Entretanto, a vi\u00fava que s\u00f3 vive para os prazeres desta vida j\u00e1 est\u00e1 morta, embora continue viva."
                },
                "7": {
                    "verse_nr": "7",
                    "verse": "D\u00ea estas instru\u00e7\u00f5es a todos para que ningu\u00e9m possa acus\u00e1-los de nada."
                },
                "8": {
                    "verse_nr": "8",
                    "verse": "Mas se algu\u00e9m n\u00e3o cuida dos seus parentes, especialmente daqueles que s\u00e3o da sua pr\u00f3pria casa, ele tem negado a f\u00e9 e \u00e9 pior do que aquele que n\u00e3o acredita em Cristo."
                },
                "9": {
                    "verse_nr": "9",
                    "verse": "Para estar na lista de vi\u00favas, a vi\u00fava tem que ter pelo menos sessenta anos, ter sido fiel ao seu marido"
                },
                "10": {
                    "verse_nr": "10",
                    "verse": "e ser bem conhecida como algu\u00e9m que fez boas obras, como por exemplo: deve ter educado seus filhos, mostrado hospitalidade, lavado os p\u00e9s daqueles que pertencem ao povo de Deus, ajudado os que estavam em dificuldades e se dedicado a todo tipo de boas obras."
                },
                "11": {
                    "verse_nr": "11",
                    "verse": "Mas n\u00e3o coloque na lista as vi\u00favas mais novas, porque, quando os seus desejos sexuais s\u00e3o mais fortes do que sua dedica\u00e7\u00e3o a Cristo, elas querem se casar novamente."
                },
                "12": {
                    "verse_nr": "12",
                    "verse": "E assim se tornam culpadas por anularem o seu primeiro compromisso."
                },
                "13": {
                    "verse_nr": "13",
                    "verse": "Al\u00e9m disso, as vi\u00favas mais novas se habituam a ser pregui\u00e7osas e a andar de casa em casa. E elas n\u00e3o s\u00f3 se habituam a ser pregui\u00e7osas, como tamb\u00e9m tagarelas e intrigantes, falando o que n\u00e3o devem."
                },
                "14": {
                    "verse_nr": "14",
                    "verse": "Quero, portanto, que as vi\u00favas mais novas se casem, tenham filhos, sejam boas donas de casa, e que n\u00e3o deem aos inimigos nenhum pretexto para critic\u00e1-las."
                },
                "15": {
                    "verse_nr": "15",
                    "verse": "Eu digo isto porque algumas vi\u00favas j\u00e1 se afastaram e seguiram a Satan\u00e1s."
                },
                "16": {
                    "verse_nr": "16",
                    "verse": "Se alguma mulher crist\u00e3 tem vi\u00favas na sua fam\u00edlia, ela mesma deve ajud\u00e1-las. A igreja n\u00e3o deve ficar sobrecarregada, para que assim possa ajudar as vi\u00favas que n\u00e3o t\u00eam nenhum parente."
                },
                "17": {
                    "verse_nr": "17",
                    "verse": "Os presb\u00edteros que lideram bem a igreja merecem sal\u00e1rio em dobro, especialmente aqueles que se dedicam a pregar e a ensinar."
                },
                "18": {
                    "verse_nr": "18",
                    "verse": "Pois as Escrituras dizem: \u201cN\u00e3o amarre a boca do boi quando ele estiver debulhando o trigo\u201d. E dizem ainda: \u201cO trabalhador tem o direito de receber o seu sal\u00e1rio\u201d."
                },
                "19": {
                    "verse_nr": "19",
                    "verse": "N\u00e3o aceite nenhuma acusa\u00e7\u00e3o contra um presb\u00edtero, a n\u00e3o ser que ela seja feita pelo depoimento de duas ou tr\u00eas testemunhas."
                },
                "20": {
                    "verse_nr": "20",
                    "verse": "Repreenda, diante de toda a igreja, aqueles que continuam em seus pecados, para que os demais fiquem com medo."
                },
                "21": {
                    "verse_nr": "21",
                    "verse": "Diante de Deus, de Jesus Cristo e dos anjos eleitos, eu lhe ordeno que fa\u00e7a estas coisas sem preconceitos e que n\u00e3o fa\u00e7a nada com parcialidade."
                },
                "22": {
                    "verse_nr": "22",
                    "verse": "N\u00e3o tenha pressa em colocar as suas m\u00e3os sobre ningu\u00e9m, nomeando-o, assim, para o servi\u00e7o do Senhor. N\u00e3o participe dos pecados dos outros. Mantenha-se puro."
                },
                "23": {
                    "verse_nr": "23",
                    "verse": "N\u00e3o continue a beber somente \u00e1gua. Use um pouco de vinho por causa do seu est\u00f4mago e das suas frequentes enfermidades."
                },
                "24": {
                    "verse_nr": "24",
                    "verse": "Os pecados de algumas pessoas s\u00e3o t\u00e3o evidentes que podem ser vistos at\u00e9 mesmo antes de serem levados a ju\u00edzo. Mas os pecados de outras pessoas s\u00f3 se manifestam mais tarde."
                },
                "25": {
                    "verse_nr": "25",
                    "verse": "Da mesma maneira tamb\u00e9m as boas obras s\u00e3o bem evidentes, e mesmo aquelas que n\u00e3o s\u00e3o t\u00e3o evidentes n\u00e3o poder\u00e3o ficar escondidas para sempre."
                }
            }
        },
        "6": {
            "chapter_nr": "6",
            "chapter": {
                "1": {
                    "verse_nr": "1",
                    "verse": "Todos aqueles que s\u00e3o escravos devem considerar seus senhores dignos de todo o respeito. Assim, ningu\u00e9m falar\u00e1 mal do nome de Deus nem do nosso ensino."
                },
                "2": {
                    "verse_nr": "2",
                    "verse": "E aqueles escravos que t\u00eam senhores que acreditam em Cristo, n\u00e3o devem mostrar menos respeito por eles serem irm\u00e3os. Pelo contr\u00e1rio, devem trabalhar ainda mais, pois os senhores que recebem os benef\u00edcios do trabalho s\u00e3o crist\u00e3os e irm\u00e3os amados. Ensine e recomende estas coisas."
                },
                "3": {
                    "verse_nr": "3",
                    "verse": "Ensinos falsos e riquezas verdadeiras - Se algu\u00e9m ensina coisas diferentes e n\u00e3o concorda com o verdadeiro ensino de nosso Senhor Jesus Cristo e com o ensino que mostra a maneira certa de devo\u00e7\u00e3o a Deus,"
                },
                "4": {
                    "verse_nr": "4",
                    "verse": "essa pessoa est\u00e1 cheia de orgulho e n\u00e3o sabe nada. Ela tem mania de discutir e brigar por causa de palavras. E destas coisas surgem inveja, desaven\u00e7as, insultos, desconfian\u00e7as"
                },
                "5": {
                    "verse_nr": "5",
                    "verse": "e discuss\u00f5es sem fim de pessoas cujas mentes est\u00e3o pervertidas e longe da verdade. Elas pensam que servir a Deus \u00e9 um meio de ficar rico."
                },
                "6": {
                    "verse_nr": "6",
                    "verse": "De fato, servir a Deus faz com que uma pessoa fique rica, se ela estiver feliz com aquilo que tem."
                },
                "7": {
                    "verse_nr": "7",
                    "verse": "Pois n\u00f3s n\u00e3o trouxemos nada para o mundo, e nem podemos levar nada dele."
                },
                "8": {
                    "verse_nr": "8",
                    "verse": "Portanto, devemos estar contentes se tivermos o que comer e o que vestir."
                },
                "9": {
                    "verse_nr": "9",
                    "verse": "Mas aqueles que querem ficar ricos caem em tenta\u00e7\u00e3o e na cilada de desejos tolos e prejudiciais que os arrastam para a ru\u00edna e para a destrui\u00e7\u00e3o."
                },
                "10": {
                    "verse_nr": "10",
                    "verse": "O amor ao dinheiro \u00e9 a causa de todo tipo de mal. E alguns, por desejarem tanto o dinheiro, se afastaram da f\u00e9 e causaram a si mesmos muitos sofrimentos."
                },
                "11": {
                    "verse_nr": "11",
                    "verse": "Alguns conselhos pessoais - Mas quanto a voc\u00ea, homem de Deus, evite estas coisas. Procure viver da maneira certa, com dedica\u00e7\u00e3o a Deus, com f\u00e9, com amor, com const\u00e2ncia e com mansid\u00e3o."
                },
                "12": {
                    "verse_nr": "12",
                    "verse": "D\u00ea o melhor de voc\u00ea para ganhar a nobre corrida da f\u00e9. Tome posse da vida eterna, para a qual voc\u00ea foi chamado quando fez a boa declara\u00e7\u00e3o a respeito de Cristo diante de muitas testemunhas."
                },
                "13": {
                    "verse_nr": "13",
                    "verse": "Agora, diante de Deus, que d\u00e1 vida a todas as coisas, e diante de Cristo Jesus, que fez a mesma boa declara\u00e7\u00e3o em frente de P\u00f4ncio Pilatos, eu lhe ordeno:"
                },
                "14": {
                    "verse_nr": "14",
                    "verse": "Obede\u00e7a ao mandamento que lhe foi dado e guarde-o puro e perfeito at\u00e9 o dia em que o nosso Senhor Jesus Cristo aparecer."
                },
                "15": {
                    "verse_nr": "15",
                    "verse": "Quando chegar o tempo certo, isto ser\u00e1 revelado por Deus, que \u00e9 bendito, o \u00fanico Soberano, o Rei dos reis e o Senhor dos senhores."
                },
                "16": {
                    "verse_nr": "16",
                    "verse": "Ele \u00e9 o \u00fanico que \u00e9 imortal. Ele vive na luz da qual ningu\u00e9m pode se aproximar. Ningu\u00e9m jamais o viu nem pode v\u00ea-lo. A ele sejam dados a honra e o poder para sempre! Am\u00e9m."
                },
                "17": {
                    "verse_nr": "17",
                    "verse": "Ordene isto aos que t\u00eam riquezas deste mundo: que n\u00e3o sejam orgulhosos e que n\u00e3o depositem a sua esperan\u00e7a no dinheiro, pois ele n\u00e3o traz seguran\u00e7a nenhuma. Diga-lhes para depositar a sua esperan\u00e7a em Deus, que nos d\u00e1 tudo de que precisamos em grande quantidade, para a nossa satisfa\u00e7\u00e3o."
                },
                "18": {
                    "verse_nr": "18",
                    "verse": "Tamb\u00e9m ordene aos ricos que fa\u00e7am o bem, que sejam ricos em boas obras, que sejam generosos e que estejam prontos para repartir o que t\u00eam com os outros."
                },
                "19": {
                    "verse_nr": "19",
                    "verse": "Assim eles estar\u00e3o acumulando para si mesmos um tesouro no c\u00e9u, que ser\u00e1 um alicerce s\u00f3lido para o futuro, para que possam tomar posse da verdadeira vida."
                },
                "20": {
                    "verse_nr": "20",
                    "verse": "E voc\u00ea, Tim\u00f3teo, guarde o que lhe foi confiado. Evite os falat\u00f3rios in\u00fateis e que desagradam a Deus e as contradi\u00e7\u00f5es que se referem \u00e0s coisas que falsamente chamam de \u201cconhecimento\u201d."
                },
                "21": {
                    "verse_nr": "21",
                    "verse": "Algumas pessoas t\u00eam seguido esse \u201cconhecimento\u201d e se desviado da f\u00e9. Que a gra\u00e7a de Deus esteja com todos voc\u00eas."
                }
            }
        }
    }
}