{
    "version": "VFL",
    "book_name": "Zephaniah",
    "book_nr": "36",
    "book": {
        "1": {
            "chapter_nr": "1",
            "chapter": {
                "1": {
                    "verse_nr": "1",
                    "verse": "Esta \u00e9 a mensagem que Sofonias recebeu do SENHOR no tempo de Josias, filho de Amom, rei de Jud\u00e1. Sofonias era filho de Cusi, neto de Gedalias, bisneto de Amarias e trineto de Ezequias."
                },
                "2": {
                    "verse_nr": "2",
                    "verse": "O dia no qual o Senhor castigar\u00e1 todas as pessoas - O SENHOR diz: \u201cDestruirei tudo o que existe sobre a face da terra."
                },
                "3": {
                    "verse_nr": "3",
                    "verse": "Destruirei os seres humanos e os animais, as aves do c\u00e9u e os peixes do mar. Farei com que as pessoas m\u00e1s cambaleiem assim como tamb\u00e9m todas as pessoas."
                },
                "4": {
                    "verse_nr": "4",
                    "verse": "\u201cAmea\u00e7arei Jud\u00e1 com a m\u00e3o erguida e a todos os moradores de Jerusal\u00e9m. Destruirei as pessoas que adoram Baal e os sacerdotes que realizam seu culto;"
                },
                "5": {
                    "verse_nr": "5",
                    "verse": "as pessoas que se ajoelham nos terra\u00e7os para adorar as estrelas do c\u00e9u; as pessoas que adoram o SENHOR, mas tamb\u00e9m juram pelo deus Moloque;"
                },
                "6": {
                    "verse_nr": "6",
                    "verse": "as pessoas que viraram as costas ao SENHOR, as pessoas que n\u00e3o procuram pelo SENHOR e as pessoas que n\u00e3o lhe pedem conselho\u201d."
                },
                "7": {
                    "verse_nr": "7",
                    "verse": "Sofonias diz: \u201cGuardem sil\u00eancio diante do Senhor DEUS, porque o dia do SENHOR est\u00e1 perto! O SENHOR tem planejado um sacrif\u00edcio; que se consagre cada um dos seus convidados!\u201d"
                },
                "8": {
                    "verse_nr": "8",
                    "verse": "O SENHOR diz: \u201cNaquele dia de ju\u00edzo castigarei os l\u00edderes, os filhos do rei e toda pessoa que se veste com roupas estrangeiras."
                },
                "9": {
                    "verse_nr": "9",
                    "verse": "Nesse dia castigarei toda pessoa que salta por cima da linha de entrada do templo. Castigarei toda pessoa que enche de mentiras e viol\u00eancia a casa do seu amo."
                },
                "10": {
                    "verse_nr": "10",
                    "verse": "\u201cNesse dia haver\u00e1 gritos de lamenta\u00e7\u00e3o e afli\u00e7\u00e3o desde a porta do Peixe at\u00e9 o outro extremo da cidade. Faltar\u00e1 comida at\u00e9 fora da cidade."
                },
                "11": {
                    "verse_nr": "11",
                    "verse": "Lamentem, moradores da parte baixa da cidade, porque todos os negociantes e os ricos comerciantes ser\u00e3o destru\u00eddos."
                },
                "12": {
                    "verse_nr": "12",
                    "verse": "\u201cNesse dia pegarei uma l\u00e2mpada e buscarei em toda Jerusal\u00e9m pelas pessoas que se sentem t\u00e3o satisfeitas e falam: \u2018O SENHOR n\u00e3o faz nada, nem bom nem mau\u2019."
                },
                "13": {
                    "verse_nr": "13",
                    "verse": "Por causa disso, suas riquezas ser\u00e3o roubadas e suas casas ser\u00e3o destru\u00eddas. Construir\u00e3o casas, mas n\u00e3o poder\u00e3o viver nelas. Plantar\u00e3o parreiras de uvas, mas n\u00e3o poder\u00e3o beber seu vinho\u201d."
                },
                "14": {
                    "verse_nr": "14",
                    "verse": "Sofonias diz: \u201cO grande dia do SENHOR est\u00e1 perto, se aproxima rapidamente. No dia do SENHOR se escutar\u00e1 ru\u00eddos terr\u00edveis, gritos de guerra."
                },
                "15": {
                    "verse_nr": "15",
                    "verse": "Esse ser\u00e1 um dia cheio de ira, dificuldades e afli\u00e7\u00e3o, dia de ru\u00edna, destrui\u00e7\u00e3o e escurid\u00e3o, dia de nuvens espessas e escuras,"
                },
                "16": {
                    "verse_nr": "16",
                    "verse": "em que se ouvir\u00e3o sons de trombetas e gritos de batalha contra as cidades fortificadas e suas torres de defesa\u201d."
                },
                "17": {
                    "verse_nr": "17",
                    "verse": "O SENHOR diz: \u201cFarei com que a vida dessas pessoas se torne muito dif\u00edcil. Elas ir\u00e3o trope\u00e7ar em todo lugar como se estivessem cegas\u201d. Sofonias diz: \u201cElas pecaram contra o SENHOR, por isso ser\u00e1 derramado o seu sangue e este sangue cobrir\u00e1 o ch\u00e3o como o p\u00f3. Seus corpos ficar\u00e3o espalhados pelo ch\u00e3o como fezes de animal."
                },
                "18": {
                    "verse_nr": "18",
                    "verse": "N\u00e3o poder\u00e3o se salvar, ainda que tenham muito dinheiro, como eles t\u00eam agora. No dia em que o SENHOR mostrar sua f\u00faria, o fogo da sua ira queimar\u00e1 toda a terra. Sim, ele destruir\u00e1 por completo todos os moradores deste lugar."
                }
            }
        },
        "2": {
            "chapter_nr": "2",
            "chapter": {
                "1": {
                    "verse_nr": "1",
                    "verse": "\u201cVoc\u00ea, na\u00e7\u00e3o que n\u00e3o sente vergonha, que se junte todo o povo"
                },
                "2": {
                    "verse_nr": "2",
                    "verse": "e se volte a Deus antes de que seja destru\u00edda e arrastada como a folha ao entardecer. Retorne antes de que a f\u00faria do SENHOR destrua voc\u00ea, antes de que o dia da f\u00faria do SENHOR chegue at\u00e9 voc\u00ea."
                },
                "3": {
                    "verse_nr": "3",
                    "verse": "Escutem todas as pessoas humildes que obedecem a Deus. Procurem pelo SENHOR e pe\u00e7am ajuda a ele. Procurem a justi\u00e7a e a humildade. Assim talvez poder\u00e3o se salvar no dia em que o SENHOR mostrar a sua f\u00faria."
                },
                "4": {
                    "verse_nr": "4",
                    "verse": "Castigo para os vizinhos de Israel - \u201cPois Gaza ser\u00e1 abandonada e Ascalom ser\u00e1 destru\u00edda. Os moradores de Asdode ser\u00e3o expulsos ao meio-dia e Ecrom ser\u00e1 expulsa."
                },
                "5": {
                    "verse_nr": "5",
                    "verse": "Na\u00e7\u00f5es que vivem perto do mar, povo de Creta, o SENHOR tem uma mensagem contra voc\u00eas!\u201d O SENHOR diz: \u201cCana\u00e3, terra dos filisteus, farei desaparecer todos os seus moradores e voc\u00ea ficar\u00e1 vazia."
                },
                "6": {
                    "verse_nr": "6",
                    "verse": "As cidades perto do mar virar\u00e3o campos abandonados com uns poucos pastores e rebanhos."
                },
                "7": {
                    "verse_nr": "7",
                    "verse": "Depois, essa terra pertencer\u00e1 aos sobreviventes de Jud\u00e1. As pessoas de Jud\u00e1 levar\u00e3o os seus rebanhos a esses campos e, durante a parte da tarde, descansar\u00e3o nas casas de Ascalom\u201d. Sofonias diz: \u201cO SENHOR, seu Deus, prestar\u00e1 aux\u00edlio a elas e lhes devolver\u00e1 o que tiver sido tirado delas\u201d."
                },
                "8": {
                    "verse_nr": "8",
                    "verse": "O SENHOR diz: \u201cEu ouvi os de Moabe e Amom insultando o meu povo. Ouvi as suas zombarias e insultos. Escutei como ficavam alegres por terem tirado o territ\u00f3rio de Jud\u00e1."
                },
                "9": {
                    "verse_nr": "9",
                    "verse": "Por isso, com a mesma certeza de eu ser o SENHOR Todo-Poderoso, Deus de Israel, juro que Moabe e os amonitas ser\u00e3o destru\u00eddos por completo, da mesma forma que eu destru\u00ed Sodoma e Gomorra. Sua terra ser\u00e1 como um campo cheio de espinhos, coberto com sal para que vire ru\u00edna. Os sobreviventes do meu povo ficar\u00e3o com a sua terra\u201d."
                },
                "10": {
                    "verse_nr": "10",
                    "verse": "Sofonias diz: \u201cEssas pessoas foram arrogantes, insultaram e maltrataram o povo do SENHOR Todo-Poderoso. Mas elas ser\u00e3o castigadas por tudo isso."
                },
                "11": {
                    "verse_nr": "11",
                    "verse": "O SENHOR Todo-Poderoso far\u00e1 com que elas fiquem com muito medo, porque destruir\u00e1 os seus deuses. Ent\u00e3o cada um dos moradores da costa se inclinar\u00e1 onde estiver para adorar a Deus\u201d."
                },
                "12": {
                    "verse_nr": "12",
                    "verse": "O SENHOR diz: \u201cTamb\u00e9m voc\u00eas, et\u00edopes, ser\u00e3o mortos com a minha espada\u201d."
                },
                "13": {
                    "verse_nr": "13",
                    "verse": "Sofonias diz: \u201cO Senhor estender\u00e1 sua m\u00e3o em dire\u00e7\u00e3o ao norte e destruir\u00e1 Ass\u00edria. Ele destruir\u00e1 N\u00ednive e a converter\u00e1 num deserto."
                },
                "14": {
                    "verse_nr": "14",
                    "verse": "Ent\u00e3o todos os animais selvagens entrar\u00e3o nessa cidade. As corujas e os corvos passar\u00e3o a noite entre suas ru\u00ednas. As vozes que entrar\u00e3o pelas janelas ser\u00e3o as dos corvos. Essas aves de cor negra ser\u00e3o as que acordar\u00e3o as pessoas."
                },
                "15": {
                    "verse_nr": "15",
                    "verse": "Isso ser\u00e1 o que restar\u00e1 dessa alegre cidade, a cidade que se sentia t\u00e3o segura, a que se achava a mais importante. N\u00ednive virar\u00e1 um lugar deserto. Ser\u00e1 o lugar de descanso dos animais selvagens. Toda pessoa que passar por ali ficar\u00e1 surpresa ao ver aquela cidade, far\u00e1 gestos com as m\u00e3os e assobiar\u00e1\u201d."
                }
            }
        },
        "3": {
            "chapter_nr": "3",
            "chapter": {
                "1": {
                    "verse_nr": "1",
                    "verse": "O futuro de Jerusal\u00e9m - Sofonias diz: \u201cOlhe a Jerusal\u00e9m, a cidade rebelde. Essa cidade suja que oprimia as pessoas."
                },
                "2": {
                    "verse_nr": "2",
                    "verse": "A cidade que n\u00e3o quis me escutar. A que ignorou os meus ensinos, a que n\u00e3o confiou no SENHOR nem se aproximou do seu Deus."
                },
                "3": {
                    "verse_nr": "3",
                    "verse": "Os l\u00edderes dessa cidade s\u00e3o como le\u00f5es que rugem. Seus ju\u00edzes s\u00e3o como lobos que atacam ao entardecer e devoram completamente os cad\u00e1veres."
                },
                "4": {
                    "verse_nr": "4",
                    "verse": "Seus profetas s\u00e3o pessoas extravagantes que mentem e enganam para obter o que querem. Seus sacerdotes n\u00e3o respeitam as coisas sagradas e violam a lei."
                },
                "5": {
                    "verse_nr": "5",
                    "verse": "Diferente de tudo isso, o SENHOR \u00e9 justo nessa cidade. Ele n\u00e3o faz nenhum mal e todos os dias demonstra a sua justi\u00e7a. Sim, ele \u00e9 sempre justo nas suas decis\u00f5es. Nunca faz nada que seja cruel ou perverso\u201d."
                },
                "6": {
                    "verse_nr": "6",
                    "verse": "O SENHOR diz: \u201cTenho destru\u00eddo as na\u00e7\u00f5es, suas torres t\u00eam sido destru\u00eddas. Tenho destru\u00eddo suas ruas para que ningu\u00e9m passe mais por elas. Suas cidades foram destru\u00eddas para que ningu\u00e9m mais viva nelas."
                },
                "7": {
                    "verse_nr": "7",
                    "verse": "Pensei que, ao falar isso, os moradores de Jerusal\u00e9m sentiriam temor de mim e aprenderiam a li\u00e7\u00e3o. Pensei que desta forma eles nunca esqueceriam esta li\u00e7\u00e3o. Mas o que aconteceu foi que eles ficaram com vontade de fazer mais maldades."
                },
                "8": {
                    "verse_nr": "8",
                    "verse": "\u201cPor isso, esperem por mim. Esperem o dia em que me levantarei para castig\u00e1-los. Decidi reunir as na\u00e7\u00f5es e reinos, para castigar voc\u00eas e lhes mostrar como me sinto mal; para lhes mostrar toda a minha ira. Sim, o fogo da minha ira queimar\u00e1 a terra inteira."
                },
                "9": {
                    "verse_nr": "9",
                    "verse": "Naquele tempo farei com que os l\u00e1bios de todos os povos fiquem puros e farei com que as pessoas de outras na\u00e7\u00f5es clamem pelo nome do SENHOR. Assim, todos poder\u00e3o me servir como se fossem um s\u00f3 povo."
                },
                "10": {
                    "verse_nr": "10",
                    "verse": "At\u00e9 desde lugares al\u00e9m da Eti\u00f3pia o meu povo, que est\u00e1 espalhado, vir\u00e1 pedindo pela minha ajuda; eles me trar\u00e3o a oferta que me pertence."
                },
                "11": {
                    "verse_nr": "11",
                    "verse": "Jerusal\u00e9m, naquele tempo voc\u00ea j\u00e1 n\u00e3o sentir\u00e1 mais vergonha por todos os pecados que cometeu contra mim. Tirarei de voc\u00ea os que se acham t\u00e3o importantes e n\u00e3o existir\u00e3o mais pessoas arrogantes no meu monte santo."
                },
                "12": {
                    "verse_nr": "12",
                    "verse": "S\u00f3 ficar\u00e3o ali os simples e humildes que confiam no nome do SENHOR\u201d."
                },
                "13": {
                    "verse_nr": "13",
                    "verse": "Sofonias diz: \u201cOs sobreviventes do povo de Israel n\u00e3o far\u00e3o o mal, nem dir\u00e3o coisas falsas, nem mentir\u00e3o. Eles ser\u00e3o como ovelhas que pastam e se deitam tranquilas, sem medo de serem atacadas\u201d."
                },
                "14": {
                    "verse_nr": "14",
                    "verse": "Canto de alegria - Sofonias diz: \u201cSi\u00e3o, cante com alegria! Israel, grite de felicidade! Jerusal\u00e9m, fique alegre e comemore com todo o seu cora\u00e7\u00e3o!"
                },
                "15": {
                    "verse_nr": "15",
                    "verse": "O SENHOR perdoou voc\u00ea e afastou os seus inimigos. O Rei de Israel, o SENHOR, est\u00e1 no seu meio. Por isso, voc\u00ea j\u00e1 n\u00e3o ter\u00e1 mais medo do sofrimento."
                },
                "16": {
                    "verse_nr": "16",
                    "verse": "Nesse dia, ser\u00e1 dito a Jerusal\u00e9m o seguinte: \u2018Si\u00e3o, n\u00e3o tenha medo, n\u00e3o desista."
                },
                "17": {
                    "verse_nr": "17",
                    "verse": "O SENHOR, seu Deus, est\u00e1 em seu meio. Ele \u00e9 um guerreiro que d\u00e1 a vit\u00f3ria, demonstrar\u00e1 a alegria que sente por voc\u00ea com gozo. Sentir\u00e1 um novo amor por voc\u00ea. Por causa de voc\u00ea, Deus festejar\u00e1 com cantos alegres,"
                },
                "18": {
                    "verse_nr": "18",
                    "verse": "como se comemora em um dia de festa\u2019\u201d. O Senhor diz: \u201cJ\u00e1 n\u00e3o haver\u00e1 mais insultos contra voc\u00ea; ningu\u00e9m mais zombar\u00e1 de voc\u00ea."
                },
                "19": {
                    "verse_nr": "19",
                    "verse": "Nesse dia, farei com que deixem de fazer dano a voc\u00ea. Resgatarei os feridos e reunirei os que t\u00eam sido expulsos da sua terra. Ser\u00e3o famosos e respeitados em todos os lugares nos quais agora sentem vergonha."
                },
                "20": {
                    "verse_nr": "20",
                    "verse": "Nesse dia vou fazer que retornem. Vou reunir a todos e ser\u00e3o famosos e respeitados entre todos os povos da terra. Isso acontecer\u00e1 quando fizer voltar os prisioneiros diante dos seus olhos\u201d. Eu, o SENHOR, falei isto."
                }
            }
        }
    }
}