{
    "version": "AZB",
    "book_name": "2 Peter",
    "book_nr": "61",
    "book": {
        "1": {
            "chapter_nr": "1",
            "chapter": {
                "1": {
                    "verse_nr": "1",
                    "verse": "\u0130sa M\u0259sihin qulu v\u0259 h\u0259varisi m\u0259n \u015eimon Peterd\u0259n Allah\u0131m\u0131z v\u0259 Xilaskar\u0131m\u0131z \u0130sa M\u0259sihin salehliyi say\u0259sind\u0259 biziml\u0259 b\u0259rab\u0259r qiym\u0259tli iman \u0259ld\u0259 etmi\u015f olanlara salam!"
                },
                "2": {
                    "verse_nr": "2",
                    "verse": "Allah\u0131 v\u0259 R\u0259bbimiz \u0130san\u0131 tan\u0131d\u0131qca l\u00fctf v\u0259 s\u00fclh siz\u0259 bol-bol verilsin!"
                },
                "3": {
                    "verse_nr": "3",
                    "verse": "Bizi \u00d6z izz\u0259ti v\u0259 alic\u0259nabl\u0131\u011f\u0131na \u00c7a\u011f\u0131ran\u0131n ilahi g\u00fcc\u00fc Onu tan\u0131ma\u011f\u0131m\u0131z vasit\u0259sil\u0259 ya\u015fama\u011f\u0131m\u0131z v\u0259 m\u00f6min olma\u011f\u0131m\u0131z \u00fc\u00e7\u00fcn laz\u0131m g\u0259l\u0259n h\u0259r \u015feyi biz\u0259 b\u0259x\u015f etdi."
                },
                "4": {
                    "verse_nr": "4",
                    "verse": "Bel\u0259likl\u0259, O biz\u0259 \u00e7ox b\u00f6y\u00fck v\u0259 d\u0259y\u0259rli v\u0259dl\u0259r verdi ki, bunlar vasit\u0259sil\u0259 ehtiras\u0131n n\u0259tic\u0259si olan d\u00fcnyadak\u0131 poz\u011funluqdan qa\u00e7\u0131b ilahi t\u0259bi\u0259t\u0259 \u015f\u0259rik olas\u0131n\u0131z."
                },
                "5": {
                    "verse_nr": "5",
                    "verse": "El\u0259 buna g\u00f6r\u0259 d\u0259 siz b\u00fct\u00fcn s\u0259yl\u0259 iman\u0131n\u0131za alic\u0259nabl\u0131q, alic\u0259nabl\u0131\u011f\u0131n\u0131za bilik,"
                },
                "6": {
                    "verse_nr": "6",
                    "verse": "biliyiniz\u0259 n\u0259fs\u0259 hakim olmaq, n\u0259fs\u0259 hakim olma\u011f\u0131n\u0131za d\u00f6z\u00fcm, d\u00f6z\u00fcm\u00fcn\u00fcz\u0259 m\u00f6minlik,"
                },
                "7": {
                    "verse_nr": "7",
                    "verse": "m\u00f6minliyiniz\u0259 qarda\u015fl\u0131q sevgisi v\u0259 qarda\u015fl\u0131q sevgisin\u0259 m\u0259h\u0259bb\u0259t \u0259lav\u0259 edin."
                },
                "8": {
                    "verse_nr": "8",
                    "verse": "\u00c7\u00fcnki \u0259g\u0259r bunlar sizd\u0259 varsa v\u0259 art\u0131rsa, sizi R\u0259bbimiz \u0130sa M\u0259sihi tan\u0131maqda f\u0259aliyy\u0259tsiz v\u0259 s\u0259m\u0259r\u0259siz olmaqdan qoruyacaq."
                },
                "9": {
                    "verse_nr": "9",
                    "verse": "Bunlar kimd\u0259 yoxdursa, o kordur, uza\u011f\u0131 g\u00f6r\u0259 bilm\u0259z v\u0259 \u0259vv\u0259lki g\u00fcnahlar\u0131ndan t\u0259mizl\u0259ndiyini unutmu\u015fdur."
                },
                "10": {
                    "verse_nr": "10",
                    "verse": "Bel\u0259likl\u0259, ey qarda\u015flar, \u00e7a\u011f\u0131r\u0131ld\u0131\u011f\u0131n\u0131z\u0131 v\u0259 se\u00e7ildiyinizi t\u0259sdiq etm\u0259k \u00fc\u00e7\u00fcn daha da s\u0259y g\u00f6st\u0259rin. \u00c7\u00fcnki \u0259g\u0259r bunu ets\u0259niz, he\u00e7 vaxt b\u00fcdr\u0259m\u0259zsiniz."
                },
                "11": {
                    "verse_nr": "11",
                    "verse": "Bel\u0259c\u0259 R\u0259bbimiz v\u0259 Xilaskar\u0131m\u0131z \u0130sa M\u0259sihin \u0259b\u0259di Pad\u015fahl\u0131\u011f\u0131na girm\u0259k s\u0259lahiyy\u0259ti siz\u0259 bol-bol ehsan edil\u0259c\u0259k."
                },
                "12": {
                    "verse_nr": "12",
                    "verse": "Ona g\u00f6r\u0259 d\u0259 bunlar\u0131 bils\u0259niz v\u0259 sahib oldu\u011funuz h\u0259qiq\u0259tl\u0259 m\u00f6hk\u0259m dursan\u0131z da, daima bunlar\u0131 siz\u0259 xat\u0131rlad\u0131ram."
                },
                "13": {
                    "verse_nr": "13",
                    "verse": "Bu b\u0259d\u0259nd\u0259 ya\u015fad\u0131\u011f\u0131m m\u00fcdd\u0259td\u0259 xat\u0131rlatmaqla sizi oyand\u0131rma\u011f\u0131 do\u011fru hesab edir\u0259m."
                },
                "14": {
                    "verse_nr": "14",
                    "verse": "\u00c7\u00fcnki R\u0259bbimiz \u0130sa M\u0259sihin m\u0259n\u0259 bildirdiyi kimi, bu b\u0259d\u0259nd\u0259n ayr\u0131lma\u011f\u0131m\u0131n yax\u0131n oldu\u011funu bilir\u0259m."
                },
                "15": {
                    "verse_nr": "15",
                    "verse": "Buna g\u00f6r\u0259 d\u0259 \u00e7al\u0131\u015f\u0131ram ki, m\u0259n bu d\u00fcnyadan k\u00f6\u00e7d\u00fckd\u0259n sonra da siz bunlar\u0131 h\u0259mi\u015f\u0259 yada salas\u0131n\u0131z."
                },
                "16": {
                    "verse_nr": "16",
                    "verse": "R\u0259bbimiz \u0130sa M\u0259sihin q\u00fcdr\u0259tini v\u0259 z\u00fchurunu siz\u0259 bildir\u0259rk\u0259n uydurma \u0259fsan\u0259l\u0259r\u0259 \u0259saslanmad\u0131q. Amma \u00f6z g\u00f6z\u00fcm\u00fczl\u0259 Onun ululu\u011funun \u015fahidl\u0259ri olduq."
                },
                "17": {
                    "verse_nr": "17",
                    "verse": "\u00c7\u00fcnki B\u00f6y\u00fck Ehti\u015fam\u0131 Olandan Ona bel\u0259 bir s\u0259s g\u0259ldi: \u00abBu M\u0259nim sevimli O\u011flumdur, Ondan raz\u0131yam\u00bb. O vaxt Ata Allahdan izz\u0259t v\u0259 \u015f\u0259r\u0259f q\u0259bul etdi."
                },
                "18": {
                    "verse_nr": "18",
                    "verse": "M\u00fcq\u0259dd\u0259s da\u011fda Onunla birg\u0259 oldu\u011fumuz \u00fc\u00e7\u00fcn g\u00f6yd\u0259n g\u0259l\u0259n bu s\u0259si biz d\u0259 e\u015fitdik."
                },
                "19": {
                    "verse_nr": "19",
                    "verse": "H\u0259m\u00e7inin bizd\u0259 daha \u0259min olan pey\u011f\u0259mb\u0259rlik s\u00f6zl\u0259ri var. Onlar qaranl\u0131q yerd\u0259 i\u015f\u0131q sa\u00e7an bir \u00e7\u0131ra\u011fa b\u0259nz\u0259yir. S\u0259h\u0259r a\u00e7\u0131l\u0131b dan ulduzu \u00fcr\u0259kl\u0259rinizd\u0259 do\u011fana q\u0259d\u0259r bu s\u00f6zl\u0259r\u0259 diqq\u0259t verirsinizs\u0259, yax\u015f\u0131 edirsiniz."
                },
                "20": {
                    "verse_nr": "20",
                    "verse": "H\u0259r \u015feyd\u0259n \u0259vv\u0259l bunu bilm\u0259lisiniz ki, M\u00fcq\u0259dd\u0259s Yaz\u0131lardak\u0131 pey\u011f\u0259mb\u0259rlik s\u00f6zl\u0259rinin he\u00e7 birini \u015f\u0259xs\u0259n \u015f\u0259rh etm\u0259k olmaz."
                },
                "21": {
                    "verse_nr": "21",
                    "verse": "\u00c7\u00fcnki he\u00e7 vaxt pey\u011f\u0259mb\u0259rlik insan irad\u0259si il\u0259 qaynaqlanmam\u0131\u015fd\u0131r, lakin M\u00fcq\u0259dd\u0259s Ruh t\u0259r\u0259find\u0259n y\u00f6n\u0259ldil\u0259n insanlar Allahdan g\u0259l\u0259n s\u00f6zl\u0259ri s\u00f6yl\u0259di."
                }
            }
        },
        "2": {
            "chapter_nr": "2",
            "chapter": {
                "1": {
                    "verse_nr": "1",
                    "verse": "Amma Allah\u0131n xalq\u0131 aras\u0131nda yalan\u00e7\u0131 pey\u011f\u0259mb\u0259rl\u0259r d\u0259 ortaya \u00e7\u0131xd\u0131. El\u0259c\u0259 d\u0259 sizin aran\u0131zda yanl\u0131\u015f t\u0259lim yayanlar ortaya \u00e7\u0131xacaq. Bunlar h\u0259tta \u00f6zl\u0259rini sat\u0131n alan Sahibini inkar edib gizlic\u0259 aran\u0131za da\u011f\u0131d\u0131c\u0131 v\u0259 t\u0259friq\u0259\u00e7i t\u0259lim g\u0259tir\u0259c\u0259kl\u0259r. Bel\u0259l\u0259ri \u00f6z ba\u015flar\u0131na tezlikl\u0259 h\u0259lak g\u0259tir\u0259c\u0259k."
                },
                "2": {
                    "verse_nr": "2",
                    "verse": "H\u0259tta \u00e7oxlar\u0131 onlar\u0131n poz\u011funlu\u011funa qo\u015fulacaq v\u0259 onlar\u0131n \u00fcz\u00fcnd\u0259n h\u0259qiq\u0259t yoluna k\u00fcfr edil\u0259c\u0259k."
                },
                "3": {
                    "verse_nr": "3",
                    "verse": "Tamahkarl\u0131qlar\u0131ndan uydurma s\u00f6zl\u0259rl\u0259 sizi istismar ed\u0259c\u0259kl\u0259r. Onlar\u0131n m\u00fchakim\u0259si \u00e7oxdan davam edir v\u0259 h\u0259lak\u0131 haz\u0131rd\u0131r."
                },
                "4": {
                    "verse_nr": "4",
                    "verse": "\u00c7\u00fcnki Allah g\u00fcnahkar m\u0259l\u0259kl\u0259ri c\u0259zas\u0131z qoymad\u0131, onlar\u0131 qiyam\u0259t g\u00fcn\u00fcn\u0259 q\u0259d\u0259r saxlanmaq \u00fc\u00e7\u00fcn c\u0259h\u0259nn\u0259m\u0259 ataraq z\u00fclm\u0259td\u0259 buxovlad\u0131."
                },
                "5": {
                    "verse_nr": "5",
                    "verse": "O, allahs\u0131z adamlar\u0131n ya\u015fad\u0131\u011f\u0131 q\u0259dim d\u00fcnyaya da\u015fq\u0131n g\u00f6nd\u0259r\u0259r\u0259k o d\u00fcnyan\u0131 c\u0259zas\u0131z qoymad\u0131, amma s\u0259kkiz n\u0259f\u0259ri, o c\u00fcml\u0259d\u0259n, salehliyi b\u0259yan ed\u0259n Nuhu qoruyub saxlad\u0131."
                },
                "6": {
                    "verse_nr": "6",
                    "verse": "O, Sodom v\u0259 Homorra \u015f\u0259h\u0259rl\u0259rini yand\u0131r\u0131b-yaxaraq viran olma\u011fa m\u0259hkum etdi v\u0259 bel\u0259likl\u0259, g\u0259l\u0259c\u0259kd\u0259 olan allahs\u0131z adamlara n\u00fcmun\u0259 g\u00f6st\u0259rdi."
                },
                "7": {
                    "verse_nr": "7",
                    "verse": "Poz\u011fun insanlar\u0131n \u0259xlaqs\u0131z h\u0259yat t\u0259rzind\u0259n \u0259ziyy\u0259t \u00e7\u0259k\u0259n saleh Lutu is\u0259 qurtard\u0131."
                },
                "8": {
                    "verse_nr": "8",
                    "verse": "\u00c7\u00fcnki onlar\u0131n aras\u0131nda ya\u015fayan bu saleh insan g\u00fcnb\u0259g\u00fcn onlar\u0131n qanunsuz \u0259m\u0259ll\u0259rini g\u00f6r\u00fcb-e\u015fidib \u00f6z saleh ruhunda iztirab \u00e7\u0259kirdi."
                },
                "9": {
                    "verse_nr": "9",
                    "verse": "\u018flb\u0259tt\u0259 ki, R\u0259bb m\u00f6minl\u0259ri s\u0131naqdan nec\u0259 qurtarma\u011f\u0131, haqs\u0131zlar\u0131 is\u0259 qiyam\u0259t g\u00fcn\u00fcn\u0259 kimi c\u0259za alt\u0131nda nec\u0259 saxlama\u011f\u0131 bilir."
                },
                "10": {
                    "verse_nr": "10",
                    "verse": "O, x\u00fcsusil\u0259, cismani murdar ehtiras\u0131na uyaraq a\u011fal\u0131\u011fa xor baxanlar\u0131 bel\u0259 saxlay\u0131r. Bel\u0259 adamlar h\u0259yas\u0131z v\u0259 dikba\u015fd\u0131rlar, ehti\u015faml\u0131 varl\u0131qlara \u015f\u0259r atmaqdan qorxmurlar."
                },
                "11": {
                    "verse_nr": "11",
                    "verse": "Halbuki onlardan q\u00fcvv\u0259t v\u0259 q\u00fcdr\u0259td\u0259 \u00fcst\u00fcn olan m\u0259l\u0259kl\u0259r R\u0259bbin \u00f6n\u00fcnd\u0259 ehti\u015faml\u0131 varl\u0131qlara \u015f\u0259r ataraq ittiham etm\u0259z."
                },
                "12": {
                    "verse_nr": "12",
                    "verse": "Bu adamlarsa sanki d\u0259rrak\u0259siz, qeyri-iradi sur\u0259td\u0259 apar\u0131lan heyvanlard\u0131r ki, tutulub k\u0259silm\u0259k \u00fc\u00e7\u00fcn do\u011fulublar. Onlar ba\u015fa d\u00fc\u015fm\u0259diyi \u015feyl\u0259r\u0259 \u015f\u0259r at\u0131rlar. Heyvanlar nec\u0259 k\u0259silirs\u0259, onlar da el\u0259 k\u0259sil\u0259c\u0259kl\u0259r."
                },
                "13": {
                    "verse_nr": "13",
                    "verse": "Etdikl\u0259ri z\u0259r\u0259rin \u0259v\u0259zini alacaqlar. G\u00fcnd\u00fcz kef \u00e7\u0259km\u0259yi \u0259yl\u0259nc\u0259 say\u0131rlar. Sizinl\u0259 yeyib-i\u00e7\u0259rk\u0259n sanki aran\u0131zda l\u0259k\u0259l\u0259r v\u0259 n\u00f6qsanlar olaraq \u00f6z hiyl\u0259l\u0259rind\u0259n z\u00f6vq al\u0131rlar."
                },
                "14": {
                    "verse_nr": "14",
                    "verse": "Onlar\u0131n g\u00f6zl\u0259ri zina il\u0259 doludur, g\u00fcnahdan doymurlar. Q\u0259rars\u0131z insanlar\u0131 yoldan \u00e7\u0131xar\u0131rlar. \u00dcr\u0259kl\u0259ri tamahkarl\u0131\u011fa al\u0131\u015fd\u0131r\u0131lm\u0131\u015f l\u0259n\u0259tli insanlard\u0131r."
                },
                "15": {
                    "verse_nr": "15",
                    "verse": "Haqs\u0131zl\u0131qla \u0259ld\u0259 etdiyi qazanc\u0131 sev\u0259n Beor o\u011flu Bilam\u0131n yolunu tutaraq d\u00fcz yolu qoyub azd\u0131lar."
                },
                "16": {
                    "verse_nr": "16",
                    "verse": "Bilam i\u015fl\u0259diyi g\u00fcnaha g\u00f6r\u0259 if\u015fa olundu: dilsiz-a\u011f\u0131zs\u0131z e\u015f\u015f\u0259k insan s\u0259si il\u0259 dan\u0131\u015f\u0131b bu pey\u011f\u0259mb\u0259ri d\u0259lilik etm\u0259kd\u0259n \u00e7\u0259kindirdi."
                },
                "17": {
                    "verse_nr": "17",
                    "verse": "Bu insanlar susuz bulaqlar, qas\u0131r\u011fan\u0131n da\u011f\u0131td\u0131\u011f\u0131 buludlar kimidir. Allah qat\u0131 qaranl\u0131\u011f\u0131 onlar \u00fc\u00e7\u00fcn saxlay\u0131r."
                },
                "18": {
                    "verse_nr": "18",
                    "verse": "\u00c7\u00fcnki bo\u015f v\u0259 lov\u011fa s\u00f6zl\u0259r s\u00f6yl\u0259y\u0259r\u0259k s\u0259hv yolla ged\u0259nl\u0259rin aras\u0131ndan \u00e7\u0259tinlikl\u0259 qa\u00e7anlar\u0131 cismani ehtiraslarla v\u0259 \u0259xlaqs\u0131zl\u0131qla yoldan azd\u0131r\u0131rlar."
                },
                "19": {
                    "verse_nr": "19",
                    "verse": "Onlara azadl\u0131q v\u0259d edirl\u0259r, halbuki \u00f6zl\u0259ri poz\u011funlu\u011fun k\u00f6l\u0259sidirl\u0259r. \u00c7\u00fcnki insan n\u0259y\u0259 m\u0259\u011flub olarsa, onun k\u00f6l\u0259si olar."
                },
                "20": {
                    "verse_nr": "20",
                    "verse": "R\u0259bbimiz v\u0259 Xilaskar\u0131m\u0131z \u0130sa M\u0259sihi tan\u0131maqla d\u00fcnyan\u0131n \u00e7irkab\u0131ndan qa\u00e7d\u0131qdan sonra yen\u0259 h\u0259min i\u015fl\u0259rl\u0259 m\u0259\u015f\u011ful olub m\u0259\u011flub olarlarsa, son v\u0259ziyy\u0259tl\u0259ri \u0259vv\u0259lkind\u0259n bet\u0259r olar."
                },
                "21": {
                    "verse_nr": "21",
                    "verse": "\u00c7\u00fcnki salehlik yolunu tan\u0131y\u0131b \u00f6zl\u0259rin\u0259 \u0259man\u0259t edil\u0259n m\u00fcq\u0259dd\u0259s \u0259mrd\u0259n geri d\u00f6nm\u0259kd\u0259ns\u0259 bu yolu tan\u0131mamaq onlar \u00fc\u00e7\u00fcn daha yax\u015f\u0131 olard\u0131."
                },
                "22": {
                    "verse_nr": "22",
                    "verse": "Bu do\u011fru m\u0259s\u0259ll\u0259rd\u0259 deyil\u0259nl\u0259r onlar\u0131n \u00f6z ba\u015f\u0131na g\u0259ldi: \u00ab\u0130t \u00f6z qusuntusuna qay\u0131dar\u00bb v\u0259 \u00ab\u00e7imdirilmi\u015f donuz pal\u00e7\u0131qda a\u011fnama\u011fa qay\u0131dar\u00bb."
                }
            }
        },
        "3": {
            "chapter_nr": "3",
            "chapter": {
                "1": {
                    "verse_nr": "1",
                    "verse": "Sevimlil\u0259r, indi bu m\u0259nim siz\u0259 yazd\u0131\u011f\u0131m ikinci m\u0259ktubdur. H\u0259r iki m\u0259ktubumda t\u0259miz d\u00fc\u015f\u00fcnc\u0259li olma\u011f\u0131n\u0131z\u0131 xat\u0131rladaraq sizi oyaq edir\u0259m."
                },
                "2": {
                    "verse_nr": "2",
                    "verse": "M\u00fcq\u0259dd\u0259s pey\u011f\u0259mb\u0259rl\u0259rin qabaqcadan s\u00f6yl\u0259diyi s\u00f6zl\u0259ri v\u0259 Xilaskar\u0131m\u0131z R\u0259bbin h\u0259varil\u0259riniz vasit\u0259sil\u0259 verdiyi \u0259mri yada salmal\u0131s\u0131n\u0131z."
                },
                "3": {
                    "verse_nr": "3",
                    "verse": "H\u0259r \u015feyd\u0259n \u0259vv\u0259l bunu bilm\u0259lisiniz ki, ax\u0131r zamanda \u00f6z ehtiraslar\u0131na g\u00f6r\u0259 h\u0259r\u0259k\u0259t ed\u0259n ri\u015fx\u0259nd\u00e7il\u0259r g\u0259l\u0259c\u0259k v\u0259 ri\u015fx\u0259ndl\u0259"
                },
                "4": {
                    "verse_nr": "4",
                    "verse": "dey\u0259c\u0259kl\u0259r: \u00abR\u0259bbin v\u0259d etdiyi z\u00fchuru haradad\u0131r? Ax\u0131 ata-babalar\u0131m\u0131z v\u0259fat ed\u0259nd\u0259n b\u0259ri, yarad\u0131l\u0131\u015f\u0131n ba\u015flan\u011f\u0131c\u0131ndan h\u0259r \u015fey eyni c\u00fcr olaraq qal\u0131r\u00bb."
                },
                "5": {
                    "verse_nr": "5",
                    "verse": "Onlar q\u0259sd\u0259n unutmu\u015flar ki, Allah\u0131n k\u0259lam\u0131 il\u0259 g\u00f6yl\u0259r q\u0259dimd\u0259n b\u0259ri m\u00f6vcuddur, quru da sudan ayr\u0131laraq su vasit\u0259sil\u0259 yarand\u0131."
                },
                "6": {
                    "verse_nr": "6",
                    "verse": "Yen\u0259 d\u0259 su il\u0259, y\u0259ni da\u015fq\u0131nla o d\u00f6vrk\u00fc d\u00fcnya m\u0259hv oldu."
                },
                "7": {
                    "verse_nr": "7",
                    "verse": "\u0130ndiki yer v\u0259 g\u00f6yl\u0259r is\u0259 h\u0259min k\u0259lamla oda t\u0259slim olmaq \u00fc\u00e7\u00fcn t\u0259yin olunub, allahs\u0131zlar\u0131n m\u00fchakim\u0259 v\u0259 h\u0259lak olaca\u011f\u0131 g\u00fcn\u0259d\u0259k saxlan\u0131l\u0131r."
                },
                "8": {
                    "verse_nr": "8",
                    "verse": "Sevimlil\u0259r, bu bir \u015feyi yad\u0131n\u0131zdan \u00e7\u0131xarmay\u0131n ki, R\u0259bb \u00fc\u00e7\u00fcn bir g\u00fcn min il kimidir, min ils\u0259 bir g\u00fcn kimidir."
                },
                "9": {
                    "verse_nr": "9",
                    "verse": "B\u0259zil\u0259ri bunu gecikm\u0259 sayar, amma R\u0259bb v\u0259dini yerin\u0259 yetirm\u0259kd\u0259 gecikm\u0259z, lakin siz\u0259 g\u00f6r\u0259 s\u0259bir edir. \u00c7\u00fcnki O he\u00e7 k\u0259sin h\u0259lak olmas\u0131n\u0131 ist\u0259mir, amma h\u0259r k\u0259sin t\u00f6vb\u0259 etm\u0259sini ist\u0259yir."
                },
                "10": {
                    "verse_nr": "10",
                    "verse": "R\u0259bbin g\u00fcn\u00fc is\u0259 o\u011fru kimi g\u0259l\u0259c\u0259k. O g\u00fcn g\u00f6yl\u0259r b\u00f6y\u00fck gurultu il\u0259 aradan qalxacaq. \u00dcns\u00fcrl\u0259r yanaraq m\u0259hv olacaq. Yer \u00fcz\u00fc v\u0259 onun \u00fcst\u00fcnd\u0259 h\u0259r \u015fey if\u015fa olunacaq."
                },
                "11": {
                    "verse_nr": "11",
                    "verse": "H\u0259r \u015fey bel\u0259 m\u0259hv olacaqsa, siz n\u0259 c\u00fcr insanlar olmal\u0131s\u0131n\u0131z? M\u00fcq\u0259dd\u0259s h\u0259yat s\u00fcrm\u0259li, m\u00f6min olmal\u0131s\u0131n\u0131z."
                },
                "12": {
                    "verse_nr": "12",
                    "verse": "Allah\u0131n z\u00fchur g\u00fcn\u00fcn\u00fc g\u00f6zl\u0259y\u0259r\u0259k tezl\u0259\u015fdirm\u0259lisiniz. O g\u00fcn g\u00f6yl\u0259r od tutub m\u0259hv olacaq v\u0259 \u00fcns\u00fcrl\u0259r yan\u0131b \u0259riy\u0259c\u0259k."
                },
                "13": {
                    "verse_nr": "13",
                    "verse": "Amma biz Allah\u0131n v\u0259din\u0259 \u0259sas\u0259n salehliyin sakin olaca\u011f\u0131 yeni g\u00f6yl\u0259ri v\u0259 yeni yeri g\u00f6zl\u0259yirik."
                },
                "14": {
                    "verse_nr": "14",
                    "verse": "Buna g\u00f6r\u0259, sevimlil\u0259r, madam ki bunlar\u0131 g\u00f6zl\u0259yirsiniz, Allah\u0131n \u00f6n\u00fcnd\u0259 l\u0259k\u0259siz v\u0259 n\u00f6qsans\u0131z olaraq s\u00fclh i\u00e7ind\u0259 ya\u015fama\u011fa s\u0259y g\u00f6st\u0259rin."
                },
                "15": {
                    "verse_nr": "15",
                    "verse": "Sevimli qarda\u015f\u0131m\u0131z Paulun da ona b\u0259x\u015f edilmi\u015f m\u00fcdriklikl\u0259 siz\u0259 yazd\u0131\u011f\u0131 kimi, R\u0259bbimizin s\u0259brini d\u0259 xilas f\u00fcrs\u0259ti kimi say\u0131n."
                },
                "16": {
                    "verse_nr": "16",
                    "verse": "Paul b\u00fct\u00fcn m\u0259ktublar\u0131nda bu m\u00f6vzulara eyni c\u00fcr toxunur. M\u0259ktublar\u0131nda \u00e7\u0259tin ba\u015fa d\u00fc\u015f\u00fcl\u0259n b\u0259zi i\u015fl\u0259r var; cahill\u0259r v\u0259 q\u0259rars\u0131zlar dig\u0259r M\u00fcq\u0259dd\u0259s Yaz\u0131lar kimi bunlar\u0131n da m\u0259nas\u0131n\u0131 t\u0259hrif ed\u0259r\u0259k \u00f6z h\u0259laklar\u0131na s\u0259b\u0259b olurlar."
                },
                "17": {
                    "verse_nr": "17",
                    "verse": "Bel\u0259likl\u0259, siz, ey sevimlil\u0259r, bunu \u0259vv\u0259lc\u0259d\u0259n bilib poz\u011fun adamlar sizi aldadaraq yoldan azd\u0131rmas\u0131n v\u0259 sabit v\u0259ziyy\u0259tinizd\u0259n ayr\u0131lmayas\u0131n\u0131z dey\u0259 \u00f6z\u00fcn\u00fcz\u00fc qoruyun."
                },
                "18": {
                    "verse_nr": "18",
                    "verse": "Lakin R\u0259bbimiz v\u0259 Xilaskar\u0131m\u0131z \u0130sa M\u0259sihin l\u00fctf\u00fcnd\u0259 v\u0259 Onu tan\u0131maqda b\u00f6y\u00fcy\u00fcn. Ona indi v\u0259 \u0259b\u0259di olaraq izz\u0259t olsun! Amin."
                }
            }
        }
    }
}