{
    "version": "AZB",
    "book_name": "Zephaniah",
    "book_nr": "36",
    "book": {
        "1": {
            "chapter_nr": "1",
            "chapter": {
                "1": {
                    "verse_nr": "1",
                    "verse": "Y\u0259huda pad\u015fah\u0131 Amon o\u011flu Yo\u015fiyan\u0131n h\u00f6km etdiyi d\u00f6vrd\u0259 Xizqiya o\u011flu Amarya o\u011flu Gedalya o\u011flu Ku\u015fi o\u011flu Sefanyaya R\u0259bbin s\u00f6z\u00fc nazil oldu."
                },
                "2": {
                    "verse_nr": "2",
                    "verse": "R\u0259bb bel\u0259 b\u0259yan edir: \u00abYer \u00fcz\u00fcnd\u0259n h\u0259r \u015feyi silib-s\u00fcp\u00fcr\u0259c\u0259y\u0259m\u00bb."
                },
                "3": {
                    "verse_nr": "3",
                    "verse": "Budur, R\u0259bb bel\u0259 b\u0259yan edir: \u00ab\u0130nsanlar\u0131, heyvanlar\u0131, G\u00f6yd\u0259ki qu\u015flar\u0131, d\u0259nizd\u0259ki bal\u0131qlar\u0131, Pis adamlar\u0131 il\u0259 \u015e\u0259r \u00fc\u00e7\u00fcn qurulan t\u0259l\u0259l\u0259rini Silib-s\u00fcp\u00fcr\u0259c\u0259y\u0259m, \u0130nsan\u0131 yer \u00fcz\u00fcnd\u0259n yox ed\u0259c\u0259y\u0259m."
                },
                "4": {
                    "verse_nr": "4",
                    "verse": "\u018flimi uzad\u0131b Y\u0259huda v\u0259 Yerus\u0259lim sakinl\u0259rinin Ham\u0131s\u0131n\u0131 c\u0259zaland\u0131raca\u011fam, Baal b\u00fctl\u0259rin\u0259 ibad\u0259tin qal\u0131qlar\u0131n\u0131, Kahinl\u0259rl\u0259 b\u00fctp\u0259r\u0259st din xadiml\u0259rinin adlar\u0131n\u0131 da buradan silib ataca\u011fam."
                },
                "5": {
                    "verse_nr": "5",
                    "verse": "Damlarda g\u00f6y cisiml\u0259rin\u0259 s\u0259cd\u0259 ed\u0259nl\u0259ri, H\u0259m R\u0259bbin ad\u0131na, h\u0259m d\u0259 Milkom b\u00fct\u00fc ad\u0131na And i\u00e7ib s\u0259cd\u0259 ed\u0259nl\u0259ri,"
                },
                "6": {
                    "verse_nr": "6",
                    "verse": "R\u0259bbin yolundan d\u00f6n\u0259nl\u0259ri, R\u0259bb\u0259 m\u00fcraci\u0259t etm\u0259y\u0259nl\u0259ri, R\u0259bd\u0259n m\u0259sl\u0259h\u0259t almayanlar\u0131 Buradan yox ed\u0259c\u0259y\u0259m\u00bb."
                },
                "7": {
                    "verse_nr": "7",
                    "verse": "Susun Xudav\u0259nd R\u0259bbin qar\u015f\u0131s\u0131nda, \u00c7\u00fcnki Onun g\u00fcn\u00fc yax\u0131nla\u015f\u0131r, R\u0259bb qurban haz\u0131rlay\u0131b, qonaqlar\u0131n\u0131 d\u0259v\u0259t edib."
                },
                "8": {
                    "verse_nr": "8",
                    "verse": "R\u0259bb deyir: \u00abO qurban g\u00fcn\u00fc \u0259mirl\u0259ri, \u015fahzad\u0259l\u0259ri, \u018fcn\u0259bi d\u0259bi il\u0259 geyin\u0259nl\u0259ri c\u0259zaland\u0131raca\u011fam."
                },
                "9": {
                    "verse_nr": "9",
                    "verse": "O g\u00fcn kandar\u0131ndan tullan\u0131b ke\u00e7\u0259nl\u0259ri, \u00d6z a\u011falar\u0131n\u0131n evl\u0259rini zorak\u0131l\u0131q v\u0259 hiyl\u0259 il\u0259 Dolduranlar\u0131 c\u0259zaland\u0131raca\u011fam\u00bb."
                },
                "10": {
                    "verse_nr": "10",
                    "verse": "R\u0259bb b\u0259yan edir: \u00abO g\u00fcn Yerus\u0259limd\u0259 Bal\u0131qlar darvazas\u0131ndan f\u0259\u011fan s\u0259si, \u0130kinci M\u0259h\u0259ll\u0259d\u0259n f\u0259ryadlar, T\u0259p\u0259l\u0259rd\u0259n is\u0259 b\u00f6y\u00fck gurultu e\u015fidil\u0259c\u0259k\u00bb."
                },
                "11": {
                    "verse_nr": "11",
                    "verse": "Ey bazar m\u0259h\u0259ll\u0259sinin sakinl\u0259ri, nal\u0259 \u00e7\u0259kin! B\u00fct\u00fcn tacirl\u0259riniz m\u0259hv olacaq, T\u0259r\u0259zid\u0259 g\u00fcm\u00fc\u015f \u00e7\u0259k\u0259nl\u0259riniz q\u0131r\u0131lacaq."
                },
                "12": {
                    "verse_nr": "12",
                    "verse": "O zaman Yerus\u0259limin h\u0259r t\u0259r\u0259fini \u00c7\u0131raqlarla axtaraca\u011fam, Firavan ya\u015fayan qay\u011f\u0131s\u0131zlar\u0131, \u00dcr\u0259kl\u0259rind\u0259 \u00abR\u0259bb n\u0259 yax\u015f\u0131l\u0131q, n\u0259 d\u0259 pislik \u2013 He\u00e7 n\u0259 etm\u0259z\u00bb Dey\u0259nl\u0259ri c\u0259zaland\u0131raca\u011fam."
                },
                "13": {
                    "verse_nr": "13",
                    "verse": "Var-d\u00f6vl\u0259tl\u0259ri talan olacaq, Evl\u0259ri xaraba qalacaq, Tikdikl\u0259ri evl\u0259rd\u0259 ya\u015famayacaqlar, Onlar sald\u0131qlar\u0131 \u00fcz\u00fcml\u00fckl\u0259rin \u015e\u0259rablar\u0131n\u0131 i\u00e7m\u0259y\u0259c\u0259kl\u0259r."
                },
                "14": {
                    "verse_nr": "14",
                    "verse": "R\u0259bbin m\u00f6ht\u0259\u015f\u0259m g\u00fcn\u00fc yax\u0131nla\u015f\u0131r, Yax\u0131nla\u015f\u0131r, tez g\u0259l\u0259c\u0259k. R\u0259bbin g\u00fcn\u00fcnd\u0259 f\u0259ryad s\u0259si \u00e7\u0131xacaq, \u0130gid adam bel\u0259, f\u0259ryad ed\u0259c\u0259k."
                },
                "15": {
                    "verse_nr": "15",
                    "verse": "O g\u00fcn q\u0259z\u0259b g\u00fcn\u00fcd\u00fcr: H\u0259r t\u0259r\u0259fi \u018fziyy\u0259t v\u0259 m\u0259\u015f\u0259qq\u0259tin, Viran v\u0259 talan\u0131n, Qaranl\u0131q v\u0259 z\u00fclm\u0259tin, Qara buludlar\u0131n b\u00fcr\u00fcd\u00fcy\u00fc g\u00fcnd\u00fcr!"
                },
                "16": {
                    "verse_nr": "16",
                    "verse": "O g\u00fcn istehkaml\u0131 \u015f\u0259h\u0259rl\u0259r\u0259, H\u00fcnd\u00fcr k\u00fcnc q\u00fcll\u0259l\u0259rin\u0259 qar\u015f\u0131 D\u00f6y\u00fc\u015f \u00fc\u00e7\u00fcn \u00e7al\u0131nan \u015feypurlar\u0131n, D\u00f6y\u00fc\u015f n\u0259r\u0259l\u0259rinin s\u0259sl\u0259ndiyi g\u00fcnd\u00fcr!"
                },
                "17": {
                    "verse_nr": "17",
                    "verse": "R\u0259bb deyir: \u00abAdamlara el\u0259 b\u0259la g\u00f6nd\u0259r\u0259c\u0259y\u0259m ki, Kor kimi hara ged\u0259c\u0259kl\u0259rini bilm\u0259y\u0259c\u0259kl\u0259r, \u00c7\u00fcnki M\u0259n R\u0259bb\u0259 qar\u015f\u0131 g\u00fcnah edibl\u0259r. Qanlar\u0131 su kimi axacaq, B\u0259d\u0259nl\u0259ri yerd\u0259 \u00e7\u00fcr\u00fcy\u00fcb peyin olacaq\u00bb."
                },
                "18": {
                    "verse_nr": "18",
                    "verse": "R\u0259bbin q\u0259z\u0259b g\u00fcn\u00fcnd\u0259 Q\u0131z\u0131l-g\u00fcm\u00fc\u015fl\u0259ri Onlar\u0131 qurtara bilm\u0259y\u0259c\u0259k, Onun q\u0131sqanc q\u0259z\u0259binin alovunda B\u00fct\u00fcn \u00f6lk\u0259 yan\u0131b yox olacaq, \u00c7\u00fcnki O, bir anda \u00f6lk\u0259nin sakinl\u0259rini q\u0131racaq."
                }
            }
        },
        "2": {
            "chapter_nr": "2",
            "chapter": {
                "1": {
                    "verse_nr": "1",
                    "verse": "Ey utanmaz mill\u0259t, topla\u015f\u0131n!"
                },
                "2": {
                    "verse_nr": "2",
                    "verse": "F\u0259rman \u00e7\u0131xmadan, O g\u00fcn saman \u00e7\u00f6p\u00fc t\u0259k u\u00e7madan, R\u0259bbin q\u0131z\u011f\u0131n q\u0259z\u0259bi ba\u015f\u0131n\u0131za g\u0259lm\u0259d\u0259n, R\u0259bbin q\u0259z\u0259b g\u00fcn\u00fc siz\u0259 yeti\u015fm\u0259d\u0259n \u00f6nc\u0259 topla\u015f\u0131n!"
                },
                "3": {
                    "verse_nr": "3",
                    "verse": "Ey R\u0259bbin h\u00f6km\u00fcn\u0259 \u0259m\u0259l ed\u0259n sizl\u0259r, \u00d6lk\u0259d\u0259ki ita\u0259tkar insanlar, R\u0259bb\u0259 meyl sal\u0131n! Salehliy\u0259 meyl sal\u0131n! \u0130ta\u0259tkarl\u0131\u011fa meyl sal\u0131n! B\u0259lk\u0259 siz R\u0259bbin q\u0259z\u0259b g\u00fcn\u00fcnd\u0259 qurtula bildiniz."
                },
                "4": {
                    "verse_nr": "4",
                    "verse": "Q\u0259zz\u0259 bombo\u015f qalacaq, A\u015fqelon xarabal\u0131\u011fa d\u00f6n\u0259c\u0259k, A\u015fdod \u0259halisi g\u00fcnorta \u00e7a\u011f\u0131 qovulacaq, Eqron \u00f6z\u00fcl\u00fcnd\u0259n s\u00f6k\u00fcl\u0259c\u0259k!"
                },
                "5": {
                    "verse_nr": "5",
                    "verse": "D\u0259niz sahilind\u0259 ya\u015fayanlar\u0131n \u2013 Keretlil\u0259rin vay hal\u0131na! Ey Fili\u015ftlil\u0259rin torpa\u011f\u0131 K\u0259nan, R\u0259bbin h\u00f6km\u00fc siz\u0259 qar\u015f\u0131d\u0131r, R\u0259bb ham\u0131n\u0131z\u0131 yox ed\u0259c\u0259k. \u00d6lk\u0259d\u0259 he\u00e7 bir sakin sa\u011f qalmayacaq!"
                },
                "6": {
                    "verse_nr": "6",
                    "verse": "D\u0259niz sahilind\u0259ki \u00f6lk\u0259niz otlaqlara, \u00c7oban daxmalar\u0131na v\u0259 qoyun-ke\u00e7i a\u011f\u0131llar\u0131na d\u00f6n\u0259c\u0259k!"
                },
                "7": {
                    "verse_nr": "7",
                    "verse": "Bu \u00f6lk\u0259 Y\u0259huda n\u0259slind\u0259n qalanlar\u0131n \u0259lin\u0259 ke\u00e7\u0259c\u0259k, S\u00fcr\u00fcl\u0259rini orada otaracaqlar, Ax\u015fam A\u015fqelondak\u0131 evl\u0259rind\u0259 yatacaqlar, \u00c7\u00fcnki \u00f6zl\u0259rinin Allah\u0131 R\u0259bb onlar\u0131 yada salaraq Yen\u0259 firavan ed\u0259c\u0259k."
                },
                "8": {
                    "verse_nr": "8",
                    "verse": "\u00abMoavl\u0131lar\u0131n ri\u015fx\u0259ndl\u0259rini, Ammonlular\u0131n t\u0259hqirl\u0259rini e\u015fitdim. Xalq\u0131ma ri\u015fx\u0259nd edib lov\u011falanaraq dedil\u0259r ki, Xalq\u0131m\u0131n s\u0259rh\u0259dl\u0259rini ke\u00e7\u0259c\u0259kl\u0259r."
                },
                "9": {
                    "verse_nr": "9",
                    "verse": "Buna g\u00f6r\u0259 d\u0259 \u0130srailin Allah\u0131, Ordular R\u0259bbi b\u0259yan edir. Varl\u0131\u011f\u0131ma and olsun ki, Moav m\u00fctl\u0259q Sodom kimi, Ammon Homorra kimi olacaq: Oralar\u0131 alaqlar v\u0259 duzlu \u00e7alalar basacaq, \u018fb\u0259di viran\u0259liy\u0259 d\u00f6n\u0259c\u0259k. Xalq\u0131m\u0131n qalanlar\u0131 oran\u0131 talan ed\u0259c\u0259k, Torpaqlar\u0131na mill\u0259timd\u0259n sa\u011f qalanlar Sahib olacaq\u00bb."
                },
                "10": {
                    "verse_nr": "10",
                    "verse": "Bu onlar\u0131n m\u0259\u011frurlu\u011funun \u0259v\u0259zi olacaq, \u00c7\u00fcnki bu xalqlar Ordular R\u0259bbinin xalq\u0131na ri\u015fx\u0259nd edib lov\u011faland\u0131."
                },
                "11": {
                    "verse_nr": "11",
                    "verse": "R\u0259bb onlar\u0131 d\u0259h\u015f\u0259t\u0259 salacaq, Yer \u00fcz\u00fcn\u00fcn b\u00fct\u00fcn allahlar\u0131n\u0131 yox ed\u0259c\u0259k. Uzaqlarda ya\u015fayan b\u00fct\u00fcn mill\u0259tl\u0259r Olduqlar\u0131 yerl\u0259rd\u0259 Ona s\u0259cd\u0259 ed\u0259c\u0259k."
                },
                "12": {
                    "verse_nr": "12",
                    "verse": "\u00abEy Ku\u015flular, siz d\u0259 M\u0259nim q\u0131l\u0131nc\u0131mla \u00f6ld\u00fcr\u00fcl\u0259c\u0259ksiniz\u00bb R\u0259bb deyir."
                },
                "13": {
                    "verse_nr": "13",
                    "verse": "R\u0259bb \u0259lini \u015fimala do\u011fru uzad\u0131b A\u015f\u015furu yox ed\u0259c\u0259k, Ninevan\u0131 viran\u0259liy\u0259, S\u0259hra kimi quruya \u00e7evir\u0259c\u0259k,"
                },
                "14": {
                    "verse_nr": "14",
                    "verse": "Ora s\u00fcr\u00fcl\u0259rin, h\u0259r c\u00fcr heyvan\u0131n Yatd\u0131\u011f\u0131 yer olacaq. Orada s\u00fctun ba\u015flar\u0131nda, Bayqu\u015flar, yapalaqlar yuva quracaq, Onlar p\u0259nc\u0259r\u0259l\u0259rd\u0259n ulayacaq, Qar\u011falar kandarlardan qar\u0131ldayacaq Evl\u0259rd\u0259 sidr tirl\u0259ri g\u00f6r\u00fcn\u0259c\u0259k."
                },
                "15": {
                    "verse_nr": "15",
                    "verse": "Bu \u015f\u0259h\u0259r z\u00f6vq-s\u0259fal\u0131 \u015f\u0259h\u0259r idi, \u018fmin-amanl\u0131q i\u00e7ind\u0259 ya\u015fay\u0131rd\u0131. Hey bel\u0259 dey\u0259rdi: \u00abM\u0259n m\u0259n\u0259m, m\u0259nd\u0259n ba\u015fqas\u0131 yoxdur!\u00bb Nec\u0259 d\u0259 bu \u015f\u0259h\u0259r xarabal\u0131\u011fa d\u00f6nd\u00fc, V\u0259h\u015fi heyvanlar\u0131n yuvas\u0131 oldu! Yan\u0131ndan ke\u00e7\u0259n h\u0259r k\u0259s vahim\u0259d\u0259n K\u0259nara \u00e7\u0259kilir."
                }
            }
        },
        "3": {
            "chapter_nr": "3",
            "chapter": {
                "1": {
                    "verse_nr": "1",
                    "verse": "\u00dcsyankar, poz\u011fun, q\u0259ddar \u015f\u0259h\u0259rin vay hal\u0131na!"
                },
                "2": {
                    "verse_nr": "2",
                    "verse": "S\u00f6z dinl\u0259m\u0259di, ibr\u0259t d\u0259rsi almad\u0131, R\u0259bb\u0259 g\u00fcv\u0259nm\u0259di, Allah\u0131na yax\u0131nla\u015fmad\u0131."
                },
                "3": {
                    "verse_nr": "3",
                    "verse": "Ba\u015f\u00e7\u0131lar\u0131 n\u0259rild\u0259y\u0259n aslanlara b\u0259nz\u0259yir, Hakiml\u0259ri ax\u015fam g\u0259z\u0259n ac qurdlar kimi S\u0259h\u0259r\u0259 q\u0259d\u0259r bir \u015fey qoymaz."
                },
                "4": {
                    "verse_nr": "4",
                    "verse": "Pey\u011f\u0259mb\u0259rl\u0259ri m\u0259suliyy\u0259tsiz, xain adamlard\u0131r, Kahinl\u0259ri m\u00fcq\u0259dd\u0259s olan\u0131 murdarlay\u0131b, Qanunun m\u0259nas\u0131n\u0131 pozur."
                },
                "5": {
                    "verse_nr": "5",
                    "verse": "Amma \u015f\u0259h\u0259rin i\u00e7ind\u0259 olan R\u0259bb salehdir, O haqs\u0131zl\u0131q etm\u0259z. H\u0259r yeni g\u00fcn\u00fcn s\u0259h\u0259rind\u0259 Durmadan \u0259dal\u0259tini z\u00fchur etdir\u0259r, Amma haqs\u0131z adam utanmaq bilm\u0259z."
                },
                "6": {
                    "verse_nr": "6",
                    "verse": "R\u0259bb bel\u0259 deyir: \u00abMill\u0259tl\u0259ri m\u0259hv etdim, K\u00fcnc q\u00fcll\u0259l\u0259ri da\u011f\u0131ld\u0131. K\u00fc\u00e7\u0259l\u0259rini viran qoydum, O k\u00fc\u00e7\u0259l\u0259rd\u0259n art\u0131q g\u0259lib-ke\u00e7\u0259n yoxdur! \u015e\u0259h\u0259rl\u0259ri xarabal\u0131\u011fa d\u00f6nd\u00fc, Orada he\u00e7 bir sakin d\u0259 qalmad\u0131."
                },
                "7": {
                    "verse_nr": "7",
                    "verse": "M\u0259n dedim: \u201cXalq\u0131m M\u0259nd\u0259n qorxar, \u0130br\u0259t d\u0259rsi alar\u201d. Onda m\u0259sk\u0259nl\u0259ri da\u011f\u0131d\u0131lmaz, Verdiyim c\u0259zalar\u0131n ham\u0131s\u0131 \u00fcz\u0259rl\u0259rin\u0259 g\u0259lm\u0259z, Lakin onlar h\u0259r c\u00fcr poz\u011fun i\u015f g\u00f6rm\u0259kd\u0259n z\u00f6vq ald\u0131\u00bb."
                },
                "8": {
                    "verse_nr": "8",
                    "verse": "Buna g\u00f6r\u0259 R\u0259bb b\u0259yan edir: \u00ab\u015eahid kimi qalxd\u0131\u011f\u0131m G\u00fcn\u0259 q\u0259d\u0259r M\u0259ni g\u00f6zl\u0259yin. \u00c7\u00fcnki M\u0259n mill\u0259tl\u0259ri y\u0131\u011fma\u011f\u0131 Pad\u015fahl\u0131qlar\u0131 toplama\u011f\u0131 q\u0259rara alm\u0131\u015fam. Qoy \u00fcz\u0259rl\u0259rin\u0259 qeyzimi, q\u0131z\u011f\u0131n q\u0259z\u0259bimi t\u00f6k\u00fcm. \u00c7\u00fcnki q\u0131sqanc q\u0259z\u0259bimin odu il\u0259 b\u00fct\u00fcn yer \u00fcz\u00fc t\u0259l\u0259f olacaq."
                },
                "9": {
                    "verse_nr": "9",
                    "verse": "O zaman M\u0259n xalqlar\u0131n nitqini d\u0259yi\u015fib, Onlara pak dil ver\u0259c\u0259y\u0259m ki, Ham\u0131 R\u0259bbin ad\u0131n\u0131 \u00e7a\u011f\u0131rs\u0131n, M\u0259n\u0259 \u00e7iyin-\u00e7iyin\u0259 xidm\u0259t etsinl\u0259r."
                },
                "10": {
                    "verse_nr": "10",
                    "verse": "Q\u00fcrb\u0259t\u0259 da\u011f\u0131lm\u0131\u015f, M\u0259n\u0259 s\u0259cd\u0259 ed\u0259nl\u0259r Ku\u015f \u00e7aylar\u0131n\u0131n o tay\u0131ndan M\u0259n\u0259 t\u0259qdiml\u0259r g\u0259tir\u0259c\u0259k."
                },
                "11": {
                    "verse_nr": "11",
                    "verse": "O g\u00fcn s\u0259n, ey xalq\u0131m, M\u0259n\u0259 qar\u015f\u0131 \u00fcsyankarl\u0131q etdiyin\u0259 g\u00f6r\u0259 Daha x\u0259cal\u0259tli olmayacaqsan. \u00c7\u00fcnki q\u00fcrurlu, t\u0259k\u0259bb\u00fcrl\u00fc adamlar\u0131 S\u0259nin arandan uzaqla\u015fd\u0131raca\u011fam, M\u00fcq\u0259dd\u0259s da\u011f\u0131mda bir daha t\u0259k\u0259bb\u00fcrl\u00fc olmayacaqsan."
                },
                "12": {
                    "verse_nr": "12",
                    "verse": "Sizin aran\u0131zda ita\u0259tkar v\u0259 m\u0259zlum bir xalq\u0131 sa\u011f qoyaca\u011fam, Onlar R\u0259bbin ad\u0131na p\u0259nah g\u0259tir\u0259c\u0259k."
                },
                "13": {
                    "verse_nr": "13",
                    "verse": "\u0130sraild\u0259n sa\u011f qalanlar haqs\u0131zl\u0131q etm\u0259y\u0259c\u0259k! Kims\u0259ni aldadaraq yalan s\u00f6yl\u0259m\u0259y\u0259c\u0259kl\u0259r, \u00c7\u00fcnki onlar qarn\u0131 tox yatacaq, Onlar\u0131 qorxudan olmayacaq\u00bb."
                },
                "14": {
                    "verse_nr": "14",
                    "verse": "Ey Sion q\u0131z\u0131, t\u0259r\u0259nn\u00fcm el\u0259, Ey \u0130srail, uca s\u0259sl\u0259 \u00e7\u0131\u011f\u0131r! Ey Yerus\u0259lim q\u0131z\u0131, b\u00fct\u00fcn q\u0259lbinl\u0259 sevin v\u0259 f\u0259r\u0259hl\u0259n!"
                },
                "15": {
                    "verse_nr": "15",
                    "verse": "R\u0259bb s\u0259nin c\u0259zan\u0131 l\u0259\u011fv etdi, d\u00fc\u015fm\u0259nl\u0259rini qovdu! \u0130srailin pad\u015fah\u0131 R\u0259bb s\u0259ninl\u0259dir, Art\u0131q pislikd\u0259n qorxmayacaqsan!"
                },
                "16": {
                    "verse_nr": "16",
                    "verse": "O g\u00fcn Yerus\u0259lim\u0259 deyil\u0259c\u0259k: \u00abQorxma, ey Sion, qoy \u0259ll\u0259rin taq\u0259td\u0259n d\u00fc\u015fm\u0259sin!"
                },
                "17": {
                    "verse_nr": "17",
                    "verse": "Allah\u0131n R\u0259bb, Q\u00fcvv\u0259tli Qurtar\u0131c\u0131n s\u0259ninl\u0259dir! O s\u0259nin \u00fc\u00e7\u00fcn sevinib \u015fadlanacaq, S\u0259ni m\u0259h\u0259bb\u0259ti il\u0259 yenil\u0259\u015fdir\u0259c\u0259k, S\u0259nin \u00fc\u00e7\u00fcn t\u0259r\u0259nn\u00fcml\u0259 co\u015facaq!"
                },
                "18": {
                    "verse_nr": "18",
                    "verse": "Bayram g\u00fcn\u00fcn\u00fc qeyd ed\u0259n kimi M\u0259n s\u0259nin \u00fcz\u0259rind\u0259n b\u0259lalar\u0131 g\u00f6t\u00fcr\u0259c\u0259y\u0259m ki, Onlara g\u00f6r\u0259 x\u0259cal\u0259tli olmayasan."
                },
                "19": {
                    "verse_nr": "19",
                    "verse": "Budur, vaxt g\u0259lir, M\u0259n siz\u0259 z\u00fclm ed\u0259nl\u0259rin ham\u0131s\u0131n\u0131 c\u0259zaland\u0131raca\u011fam, \u015eik\u0259stl\u0259ri qurtaraca\u011fam, s\u00fcrg\u00fcnl\u0259ri y\u0131\u011faca\u011fam, B\u00fct\u00fcn d\u00fcnyada \u00e7\u0259kdikl\u0259ri x\u0259cal\u0259ti \u015ean-\u015f\u00f6hr\u0259t\u0259 \u00e7evir\u0259c\u0259y\u0259m."
                },
                "20": {
                    "verse_nr": "20",
                    "verse": "O zaman sizi toplay\u0131b yurdunuza geri qaytaraca\u011fam. G\u00f6r\u0259c\u0259ksiniz, M\u0259n sizi yen\u0259 firavan ed\u0259nd\u0259 B\u00fct\u00fcn d\u00fcnya xalqlar\u0131 aras\u0131nda Siz\u0259 \u015fan-\u015f\u00f6hr\u0259t ver\u0259c\u0259y\u0259m\u00bb R\u0259bb deyir."
                }
            }
        }
    }
}