{
    "version": "cnt",
    "book_name": "James",
    "book_nr": "59",
    "book": {
        "1": {
            "chapter_nr": 1,
            "chapter": {
                "1": {
                    "verse_nr": 1,
                    "verse": "\u4ee5\u8a66\u7149\u70ba\u559c\u6a02\u3000\u795e\u548c\u4e3b\u8036\u7a4c\u57fa\u7763\u7684\u50d5\u4eba\u96c5\u5404\uff0c\u5411\u6563\u5c45\u5404\u5730\u7684\u5341\u4e8c\u652f\u6d3e\u554f\u5b89\u3002\n"
                },
                "2": {
                    "verse_nr": 2,
                    "verse": "\u6211\u7684\u5f1f\u5144\u5011\uff0c\u4f60\u5011\u906d\u9047\u5404\u7a2e\u8a66\u7149\u7684\u6642\u5019\uff0c\u90fd\u8981\u770b\u70ba\u559c\u6a02\uff1b\n"
                },
                "3": {
                    "verse_nr": 3,
                    "verse": "\u56e0\u70ba\u77e5\u9053\u4f60\u5011\u7684\u4fe1\u5fc3\u7d93\u904e\u8003\u9a57\uff0c\u5c31\u7522\u751f\u5fcd\u8010\u3002\n"
                },
                "4": {
                    "verse_nr": 4,
                    "verse": "\u4f46\u5fcd\u8010\u8981\u5805\u6301\u5230\u5e95\uff08\u201c\u5805\u6301\u5230\u5e95\u201d\u539f\u6587\u4f5c\u201c\u6709\u5b8c\u5168\u7684\u529f\u6548\u201d\uff09\uff0c\u4f7f\u4f60\u5011\u53ef\u4ee5\u5b8c\u5168\uff0c\u6beb\u7121\u7f3a\u4e4f\u3002\n"
                },
                "5": {
                    "verse_nr": 5,
                    "verse": "\u4f60\u5011\u4e2d\u9593\u82e5\u6709\u4eba\u7f3a\u5c11\u667a\u6167\uff0c\u5c31\u7576\u5411\u90a3\u539a\u8cdc\u773e\u4eba\uff0c\u800c\u4e14\u4e0d\u65a5\u8cac\u4eba\u7684\u3000\u795e\u7948\u6c42\uff0c\u4ed6\u5c31\u5fc5\u5f97\u8457\u3002\n"
                },
                "6": {
                    "verse_nr": 6,
                    "verse": "\u53ef\u662f\uff0c\u4ed6\u61c9\u8a72\u6191\u8457\u4fe1\u5fc3\u7948\u6c42\uff0c\u4e0d\u8981\u6709\u7591\u60d1\uff1b\u56e0\u70ba\u7591\u60d1\u7684\u4eba\uff0c\u5c31\u50cf\u88ab\u98a8\u5439\u8569\u7ffb\u9a30\u7684\u6d77\u6d6a\u3002\n"
                },
                "7": {
                    "verse_nr": 7,
                    "verse": "\u90a3\u6a23\u7684\u4eba\uff0c\u4e0d\u8981\u60f3\u5f9e\u4e3b\u5f97\u5230\u751a\u9ebc\uff1b\n"
                },
                "8": {
                    "verse_nr": 8,
                    "verse": "\u56e0\u70ba\u4e09\u5fc3\u5169\u610f\u7684\u4eba\uff0c\u5728\u4ed6\u7684\u4e00\u5207\u9053\u8def\u4e0a\uff0c\u90fd\u6416\u64fa\u4e0d\u5b9a\u3002\n"
                },
                "9": {
                    "verse_nr": 9,
                    "verse": "\u5bcc\u8cb4\u69ae\u83ef\u8f49\u773c\u6d88\u901d\u5351\u5fae\u7684\u5f1f\u5144\u61c9\u7576\u4ee5\u9ad8\u5347\u70ba\u69ae\uff1b\n"
                },
                "10": {
                    "verse_nr": 10,
                    "verse": "\u5bcc\u8db3\u7684\u4e5f\u4e0d\u61c9\u8a72\u4ee5\u964d\u5351\u70ba\u8fb1\uff1b\u56e0\u70ba\u4ed6\u5982\u540c\u8349\u4e0a\u7684\u82b1\uff0c\u5fc5\u8981\u904e\u53bb\u3002\n"
                },
                "11": {
                    "verse_nr": 11,
                    "verse": "\u592a\u967d\u4e00\u51fa\uff0c\u71b1\u98a8\u4e00\u5439\uff0c\u8349\u5fc5\u67af\u4e7e\uff0c\u82b1\u5fc5\u51cb\u8b1d\uff0c\u5b83\u7684\u7f8e\u5bb9\u5c31\u6d88\u5931\u4e86\uff1b\u5bcc\u8db3\u7684\u4eba\u4e5f\u5fc5\u5728\u4ed6\u7684\u5954\u6ce2\u7d93\u71df\u4e2d\u9019\u6a23\u8870\u843d\u3002\n"
                },
                "12": {
                    "verse_nr": 12,
                    "verse": "\u5fcd\u53d7\u8a66\u7149\u7684\u4eba\u6709\u798f\u4e86\u80fd\u5fcd\u53d7\u8a66\u7149\u7684\u4eba\uff0c\u662f\u6709\u798f\u7684\uff1b\u56e0\u70ba\u4ed6\u7d93\u904e\u8003\u9a57\u4e4b\u5f8c\uff0c\u5fc5\u5f97\u8457\u751f\u547d\u7684\u51a0\u5195\uff0c\u9019\u51a0\u5195\u662f\u4e3b\u61c9\u8a31\u7d66\u611b\u4ed6\u7684\u4eba\u7684\u3002\n"
                },
                "13": {
                    "verse_nr": 13,
                    "verse": "\u4eba\u88ab\u8a66\u63a2\uff0c\u4e0d\u53ef\u8aaa\u201c\u6211\u88ab\u3000\u795e\u8a66\u63a2\u201d\uff1b\u56e0\u70ba\u3000\u795e\u4e0d\u80fd\u88ab\u60e1\u8a66\u63a2\uff0c\u4ed6\u4e5f\u4e0d\u8a66\u63a2\u4efb\u4f55\u4eba\u3002\n"
                },
                "14": {
                    "verse_nr": 14,
                    "verse": "\u6bcf\u4e00\u500b\u4eba\u53d7\u8a66\u63a2\uff0c\u90fd\u662f\u88ab\u81ea\u5df1\u7684\u79c1\u617e\u6240\u52fe\u5f15\u8a98\u60d1\u7684\u3002\n"
                },
                "15": {
                    "verse_nr": 15,
                    "verse": "\u79c1\u617e\u61f7\u4e86\u80ce\uff0c\u5c31\u751f\u51fa\u7f6a\uff1b\u7f6a\u9577\u6210\u4e86\uff0c\u5c31\u7522\u751f\u6b7b\u4ea1\u3002\n"
                },
                "16": {
                    "verse_nr": 16,
                    "verse": "\u6211\u89aa\u611b\u7684\u5f1f\u5144\u5011\uff0c\u4e0d\u8981\u770b\u932f\u4e86\u3002\n"
                },
                "17": {
                    "verse_nr": 17,
                    "verse": "\u5404\u6a23\u7f8e\u597d\u7684\u8cde\u8cdc\uff0c\u5404\u6a23\u5b8c\u5099\u7684\u6069\u8cdc\uff0c\u90fd\u662f\u5f9e\u4e0a\u9762\u3001\u5f9e\u773e\u5149\u4e4b\u7236\u964d\u4e0b\u4f86\u7684\uff0c\u4ed6\u672c\u8eab\u4e26\u6c92\u6709\u6539\u8b8a\uff0c\u4e5f\u6c92\u6709\u8f49\u52d5\u7684\u5f71\u5b50\u3002\n"
                },
                "18": {
                    "verse_nr": 18,
                    "verse": "\u4ed6\u6191\u8457\u81ea\u5df1\u7684\u65e8\u610f\uff0c\u85c9\u8457\u771f\u7406\u7684\u9053\u751f\u4e86\u6211\u5011\uff0c\u4f7f\u6211\u5011\u4f5c\u4ed6\u6240\u9020\u7684\u842c\u7269\u4e2d\u521d\u719f\u7684\u679c\u5b50\u3002\n"
                },
                "19": {
                    "verse_nr": 19,
                    "verse": "\u8981\u4f5c\u884c\u9053\u7684\u4eba\u6211\u89aa\u611b\u7684\u5f1f\u5144\u5011\uff0c\u4f60\u5011\u8981\u77e5\u9053\uff0c\u4eba\u4eba\u90fd\u61c9\u8a72\u5feb\u5feb\u5730\u807d\uff0c\u6162\u6162\u5730\u8aaa\uff0c\u6162\u4e00\u9ede\u52d5\u6012\uff1b\n"
                },
                "20": {
                    "verse_nr": 20,
                    "verse": "\u56e0\u70ba\u4eba\u7684\u5fff\u6012\u4e26\u4e0d\u80fd\u6210\u5168\u3000\u795e\u7684\u7fa9\u3002\n"
                },
                "21": {
                    "verse_nr": 21,
                    "verse": "\u6240\u4ee5\u4f60\u5011\u61c9\u7576\u64fa\u812b\u4e00\u5207\u6c61\u7a62\u548c\u6240\u6709\u7684\u90aa\u60e1\uff0c\u4ee5\u6eab\u67d4\u7684\u5fc3\u9818\u53d7\u3000\u795e\u683d\u7a2e\u7684\u9053\uff1b\u9019\u9053\u80fd\u6551\u4f60\u5011\u7684\u9748\u9b42\u3002\n"
                },
                "22": {
                    "verse_nr": 22,
                    "verse": "\u4f60\u5011\u61c9\u8a72\u4f5c\u884c\u9053\u7684\u4eba\uff0c\u4e0d\u8981\u55ae\u4f5c\u807d\u9053\u7684\u4eba\uff0c\u81ea\u5df1\u6b3a\u9a19\u81ea\u5df1\uff1b\n"
                },
                "23": {
                    "verse_nr": 23,
                    "verse": "\u56e0\u70ba\u4eba\u82e5\u53ea\u4f5c\u807d\u9053\u7684\u4eba\uff0c\u4e0d\u4f5c\u884c\u9053\u7684\u4eba\uff0c\u4ed6\u5c31\u50cf\u4e00\u500b\u4eba\u5c0d\u8457\u93e1\u5b50\u770b\u81ea\u5df1\u672c\u4f86\u7684\u9762\u8c8c\uff0c\n"
                },
                "24": {
                    "verse_nr": 24,
                    "verse": "\u770b\u904e\u8d70\u958b\u4ee5\u5f8c\uff0c\u99ac\u4e0a\u5c31\u5fd8\u8a18\u81ea\u5df1\u7684\u6a23\u5b50\u3002\n"
                },
                "25": {
                    "verse_nr": 25,
                    "verse": "\u552f\u6709\u8a73\u7d30\u5bdf\u770b\u90a3\u4f7f\u4eba\u81ea\u7531\u7684\u5168\u5099\u7684\u5f8b\u6cd5\uff0c\u4e26\u4e14\u6642\u5e38\u9075\u5b88\u7684\u4eba\uff0c\u4ed6\u4e0d\u662f\u807d\u4e86\u5c31\u5fd8\u8a18\uff0c\u800c\u662f\u5be6\u884c\u51fa\u4f86\uff0c\u5c31\u5fc5\u56e0\u81ea\u5df1\u6240\u4f5c\u7684\u8499\u798f\u3002\n"
                },
                "26": {
                    "verse_nr": 26,
                    "verse": "\u5982\u679c\u6709\u4eba\u81ea\u4ee5\u70ba\u8654\u8aa0\uff0c\u537b\u4e0d\u7d04\u675f\u4ed6\u7684\u820c\u982d\uff0c\u53cd\u800c\u81ea\u5df1\u6b3a\u9a19\u81ea\u5df1\uff0c\u9019\u4eba\u7684\u8654\u8aa0\u662f\u6c92\u6709\u7528\u7684\u3002\n"
                },
                "27": {
                    "verse_nr": 27,
                    "verse": "\u5728\u7236\u3000\u795e\u770b\u4f86\uff0c\u7d14\u6f54\u7121\u73b7\u6c61\u7684\u8654\u8aa0\uff0c\u5c31\u662f\u7167\u9867\u60a3\u96e3\u4e2d\u7684\u5b64\u5152\u5be1\u5a66\uff0c\u4e26\u4e14\u4fdd\u5b88\u81ea\u5df1\u4e0d\u88ab\u4e16\u4fd7\u6240\u6c61\u67d3\u3002\n"
                }
            }
        },
        "2": {
            "chapter_nr": 2,
            "chapter": {
                "1": {
                    "verse_nr": 1,
                    "verse": "\u4e0d\u53ef\u91cd\u5bcc\u8f15\u8ca7\u6211\u7684\u5f1f\u5144\u5011\uff0c\u4f60\u5011\u65e2\u7136\u5c0d\u6211\u5011\u69ae\u8000\u7684\u4e3b\u8036\u7a4c\u57fa\u7763\u6709\u4fe1\u5fc3\uff0c\u5c31\u4e0d\u61c9\u8a72\u6191\u5916\u8c8c\u5f85\u4eba\u3002\n"
                },
                "2": {
                    "verse_nr": 2,
                    "verse": "\u5982\u679c\u6709\u4e00\u500b\u624b\u6234\u91d1\u6212\u6307\u3001\u8eab\u7a7f\u83ef\u9e97\u8863\u670d\u7684\u4eba\uff0c\u9032\u5165\u4f60\u5011\u7684\u6703\u5802\uff1b\u53c8\u6709\u4e00\u500b\u8863\u886b\u8964\u8938\u7684\u7aae\u4eba\uff0c\u4e5f\u9032\u53bb\u4e86\u3002\n"
                },
                "3": {
                    "verse_nr": 3,
                    "verse": "\u4f60\u5011\u5c31\u770b\u91cd\u90a3\u7a7f\u83ef\u9e97\u8863\u670d\u7684\u4eba\uff0c\u8aaa\uff1a\u201c\u8acb\u5750\u5728\u9019\u597d\u4f4d\u4e0a\u3002\u201d\u53c8\u5c0d\u90a3\u500b\u7aae\u4eba\u8aaa\uff1a\u201c\u4f60\u7ad9\u5728\u90a3\u88e1\u3002\u201d\u6216\u8aaa\uff1a\u201c\u5750\u5728\u6211\u7684\u8173\u51f3\u4e0b\u908a\u3002\u201d\n"
                },
                "4": {
                    "verse_nr": 4,
                    "verse": "\u9019\u4e0d\u662f\u4f60\u5011\u5c0d\u4eba\u6709\u6b67\u8996\uff0c\u6210\u4e86\u5fc3\u61f7\u60e1\u610f\u7684\u5be9\u5224\u5b98\u55ce\uff1f\n"
                },
                "5": {
                    "verse_nr": 5,
                    "verse": "\u6211\u89aa\u611b\u7684\u5f1f\u5144\u5011\uff0c\u8acb\u807d\uff1a\u3000\u795e\u4e0d\u662f\u63c0\u9078\u4e86\u5728\u4e16\u4e0a\u88ab\u8a8d\u70ba\u8ca7\u7aae\u7684\u4eba\u55ce\uff1f\u9019\u4e9b\u4eba\u537b\u5728\u4fe1\u5fc3\u4e0a\u5bcc\u8db3\uff0c\u800c\u4e14\u662f\u627f\u53d7\u3000\u795e\u7684\u570b\u7684\u4eba\u3002\u9019\u570b\u662f\u3000\u795e\u61c9\u8a31\u8cdc\u7d66\u611b\u4ed6\u7684\u4eba\u7684\u3002\n"
                },
                "6": {
                    "verse_nr": 6,
                    "verse": "\u7136\u800c\u4f60\u5011\u537b\u4fae\u8fb1\u7aae\u4eba\u3002\u5176\u5be6\uff0c\u90a3\u4e9b\u6b3a\u58d3\u4f60\u5011\uff0c\u62c9\u4f60\u5011\u4e0a\u6cd5\u5ead\u7684\uff0c\u4e0d\u5c31\u662f\u5bcc\u8db3\u7684\u4eba\u55ce\uff1f\n"
                },
                "7": {
                    "verse_nr": 7,
                    "verse": "\u96e3\u9053\u4e0d\u662f\u4ed6\u5011\u893b\u7006\u90a3\u53ec\u4f60\u5011\u7684\u5c0a\u540d\u55ce\uff1f\uff08\u6216\u8b6f\uff1a\u201c\u96e3\u9053\u4e0d\u662f\u4ed6\u5011\u6bc0\u8b17\u4f60\u5011\u8499\u53ec\u7684\u7f8e\u540d\u55ce\uff1f\u201d\uff09\n"
                },
                "8": {
                    "verse_nr": 8,
                    "verse": "\u4f60\u5011\u82e5\u7167\u8457\u8056\u7d93\u6240\u8aaa\u201c\u8981\u611b\u4eba\u5982\u5df1\u201d\u9019\u8a71\uff0c\u53bb\u5b8c\u6210\u9019\u81f3\u5c0a\u7684\u5f8b\u6cd5\uff0c\u4f60\u5011\u5c31\u4f5c\u5c0d\u4e86\u3002\n"
                },
                "9": {
                    "verse_nr": 9,
                    "verse": "\u5982\u679c\u4f60\u5011\u6191\u5916\u8c8c\u5f85\u4eba\uff0c\u5c31\u662f\u72af\u7f6a\uff0c\u5f8b\u6cd5\u5c31\u8981\u88c1\u5b9a\u4f60\u5011\u662f\u72af\u6cd5\u7684\u3002\n"
                },
                "10": {
                    "verse_nr": 10,
                    "verse": "\u56e0\u70ba\u51e1\u662f\u9075\u5b88\u5168\u90e8\u5f8b\u6cd5\u7684\uff0c\u53ea\u8981\u5728\u4e00\u689d\u4e0a\u5931\u8db3\uff0c\u5c31\u9055\u72af\u6240\u6709\u7684\u4e86\u3002\n"
                },
                "11": {
                    "verse_nr": 11,
                    "verse": "\u5c31\u50cf\u90a3\u8aaa\u201c\u4e0d\u53ef\u59e6\u6deb\u201d\u7684\uff0c\u4e5f\u8aaa\u201c\u4e0d\u53ef\u6bba\u4eba\u201d\uff1b\u4f60\u7e31\u7136\u4e0d\u59e6\u6deb\uff0c\u537b\u6bba\u4eba\uff0c\u9084\u662f\u72af\u6cd5\u7684\u3002\n"
                },
                "12": {
                    "verse_nr": 12,
                    "verse": "\u4f60\u5011\u65e2\u7136\u6309\u8457\u4f7f\u4eba\u81ea\u7531\u7684\u5f8b\u6cd5\u53d7\u5be9\u5224\uff0c\u5c31\u61c9\u7167\u8457\u9019\u5f8b\u6cd5\u8aaa\u8a71\u884c\u4e8b\u3002\n"
                },
                "13": {
                    "verse_nr": 13,
                    "verse": "\u56e0\u70ba\u5c0d\u4e0d\u884c\u6190\u61ab\u7684\u4eba\uff0c\u5be9\u5224\u4ed6\u5011\u7684\u6642\u5019\u5c31\u6c92\u6709\u6190\u61ab\uff1b\u6190\u61ab\u52dd\u904e\u5be9\u5224\u3002\n"
                },
                "14": {
                    "verse_nr": 14,
                    "verse": "\u4fe1\u5fc3\u6c92\u6709\u884c\u70ba\u662f\u6b7b\u7684\u6211\u7684\u5f1f\u5144\u5011\uff0c\u4eba\u82e5\u8aaa\u4ed6\u6709\u4fe1\u5fc3\uff0c\u537b\u6c92\u6709\u884c\u70ba\uff0c\u6709\u751a\u9ebc\u76ca\u8655\u5462\uff1f\u9019\u4fe1\u5fc3\u80fd\u6551\u4ed6\u55ce\uff1f\n"
                },
                "15": {
                    "verse_nr": 15,
                    "verse": "\u5982\u679c\u6709\u5f1f\u5144\u6216\u59ca\u59b9\u7f3a\u8863\u5c11\u98df\uff0c\n"
                },
                "16": {
                    "verse_nr": 16,
                    "verse": "\u800c\u4f60\u5011\u4e2d\u9593\u6709\u4eba\u5c0d\u4ed6\u5011\u8aaa\uff1a\u201c\u5e73\u5e73\u5b89\u5b89\u5730\u53bb\u5427\uff01\u9858\u4f60\u5011\u7a7f\u5f97\u6696\uff0c\u5403\u5f97\u98fd\u3002\u201d\u537b\u4e0d\u7d66\u4ed6\u5011\u8eab\u9ad4\u6240\u9700\u7528\u7684\uff0c\u90a3\u6709\u751a\u9ebc\u7528\u8655\u5462\uff1f\n"
                },
                "17": {
                    "verse_nr": 17,
                    "verse": "\u7167\u6a23\uff0c\u5982\u679c\u53ea\u6709\u4fe1\u5fc3\uff0c\u6c92\u6709\u884c\u70ba\uff0c\u9019\u4fe1\u5fc3\u5c31\u662f\u6b7b\u7684\u3002\n"
                },
                "18": {
                    "verse_nr": 18,
                    "verse": "\u4e5f\u8a31\u6709\u4eba\u8981\u8aaa\uff0c\u4f60\u6709\u4fe1\u5fc3\uff0c\u6211\u6709\u884c\u70ba\uff1b\u8acb\u628a\u4f60\u6c92\u6709\u884c\u70ba\u7684\u4fe1\u5fc3\u6307\u7d66\u6211\u770b\uff0c\u6211\u5c31\u85c9\u8457\u6211\u7684\u884c\u70ba\uff0c\u628a\u6211\u7684\u4fe1\u5fc3\u6307\u7d66\u4f60\u770b\u3002\n"
                },
                "19": {
                    "verse_nr": 19,
                    "verse": "\u4f60\u4fe1\u3000\u795e\u53ea\u6709\u4e00\u4f4d\uff0c\u4f60\u4fe1\u7684\u4e0d\u932f\uff1b\u5c31\u9023\u9b3c\u9b54\u4e5f\u4fe1\uff0c\u537b\u662f\u6230\u5162\u3002\n"
                },
                "20": {
                    "verse_nr": 20,
                    "verse": "\u611a\u6627\u7684\u4eba\u54ea\uff0c\u4f60\u9858\u610f\u77e5\u9053\u6c92\u6709\u884c\u70ba\u7684\u4fe1\u5fc3\u662f\u6c92\u6709\u7528\u7684\u55ce\uff1f\n"
                },
                "21": {
                    "verse_nr": 21,
                    "verse": "\u6211\u5011\u7684\u7956\u5148\u4e9e\u4f2f\u62c9\u7f55\uff0c\u628a\u4ed6\u7684\u5152\u5b50\u4ee5\u6492\u737b\u5728\u796d\u58c7\u4e0a\uff0c\u4e0d\u662f\u56e0\u884c\u70ba\u7a31\u7fa9\u55ce\uff1f\n"
                },
                "22": {
                    "verse_nr": 22,
                    "verse": "\u4f60\u770b\uff0c\u4ed6\u7684\u4fe1\u5fc3\u8207\u884c\u70ba\u662f\u4e00\u81f4\u7684\uff0c\u4fe1\u5fc3\u5c31\u56e0\u8457\u884c\u70ba\u5f97\u5230\u5b8c\u5168\u4e86\uff1b\n"
                },
                "23": {
                    "verse_nr": 23,
                    "verse": "\u9019\u6b63\u61c9\u9a57\u4e86\u7d93\u4e0a\u6240\u8aaa\u7684\uff1a\u201c\u4e9e\u4f2f\u62c9\u7f55\u4fe1\u3000\u795e\uff0c\u9019\u5c31\u7b97\u70ba\u4ed6\u7684\u7fa9\u3002\u201d\u4ed6\u4e5f\u88ab\u7a31\u70ba\u3000\u795e\u7684\u670b\u53cb\u3002\n"
                },
                "24": {
                    "verse_nr": 24,
                    "verse": "\u53ef\u898b\u4eba\u7a31\u7fa9\u662f\u56e0\u8457\u884c\u70ba\uff0c\u4e0d\u50c5\u662f\u56e0\u8457\u4fe1\u5fc3\u3002\n"
                },
                "25": {
                    "verse_nr": 25,
                    "verse": "\u7167\u6a23\uff0c\u5993\u5973\u5587\u5408\u63a5\u5f85\u4e86\u63a2\u5b50\uff0c\u53c8\u5f9e\u53e6\u4e00\u689d\u8def\u628a\u4ed6\u5011\u9001\u8d70\uff0c\u4e0d\u4e5f\u662f\u56e0\u884c\u70ba\u7a31\u7fa9\u55ce\uff1f\n"
                },
                "26": {
                    "verse_nr": 26,
                    "verse": "\u8eab\u9ad4\u6c92\u6709\u9748\u9b42\u662f\u6b7b\u7684\uff0c\u7167\u6a23\uff0c\u4fe1\u5fc3\u6c92\u6709\u884c\u70ba\u4e5f\u662f\u6b7b\u7684\u3002\n"
                }
            }
        },
        "3": {
            "chapter_nr": 3,
            "chapter": {
                "1": {
                    "verse_nr": 1,
                    "verse": "\u8981\u5236\u4f0f\u820c\u982d\u6211\u7684\u5f1f\u5144\u5011\uff0c\u4f60\u5011\u4e0d\u61c9\u8a72\u6709\u592a\u591a\u4eba\u4f5c\u6559\u5e2b\uff0c\u56e0\u70ba\u77e5\u9053\u6211\u5011\u4f5c\u6559\u5e2b\u7684\u5c07\u53d7\u66f4\u56b4\u53b2\u7684\u5be9\u5224\u3002\n"
                },
                "2": {
                    "verse_nr": 2,
                    "verse": "\u6211\u5011\u5728\u8a31\u591a\u7684\u4e8b\u4e0a\u90fd\u6709\u904e\u932f\uff0c\u5047\u5982\u6709\u4eba\u5728\u8a00\u8a9e\u4e0a\u6c92\u6709\u904e\u932f\uff0c\u4ed6\u5c31\u662f\u5b8c\u5168\u7684\u4eba\uff0c\u4e5f\u80fd\u5920\u63a7\u5236\u5168\u8eab\u3002\n"
                },
                "3": {
                    "verse_nr": 3,
                    "verse": "\u6211\u5011\u82e5\u628a\u56bc\u74b0\u6263\u5165\u99ac\u5634\uff0c\u4f7f\u7260\u5011\u99b4\u670d\uff0c\u5c31\u80fd\u99d5\u99ad\u7260\u5011\u7684\u5168\u8eab\u3002\n"
                },
                "4": {
                    "verse_nr": 4,
                    "verse": "\u8a66\u770b\uff0c\u8239\u96bb\u96d6\u7136\u751a\u5927\uff0c\u53c8\u88ab\u72c2\u98a8\u50ac\u903c\uff0c\u8235\u624b\u53ea\u7528\u5c0f\u5c0f\u7684\u8235\uff0c\u5c31\u53ef\u4ee5\u96a8\u610f\u64cd\u7e31\u3002\n"
                },
                "5": {
                    "verse_nr": 5,
                    "verse": "\u7167\u6a23\uff0c\u820c\u982d\u96d6\u7136\u662f\u500b\u5c0f\u80a2\u9ad4\uff0c\u537b\u6703\u8aaa\u8a87\u5927\u7684\u8a71\u3002\u8a66\u770b\uff0c\u661f\u661f\u4e4b\u706b\uff0c\u53ef\u4ee5\u71ce\u539f\uff1b\n"
                },
                "6": {
                    "verse_nr": 6,
                    "verse": "\u820c\u982d\u5c31\u662f\u706b\uff0c\u5728\u6211\u5011\u767e\u9ad4\u4e2d\uff0c\u662f\u500b\u4e0d\u7fa9\u7684\u4e16\u754c\uff0c\u80fd\u6c61\u7a62\u5168\u8eab\uff0c\u628a\u6574\u500b\u751f\u547d\u5728\u904b\u8f49\u4e2d\u711a\u71d2\u8d77\u4f86\uff0c\u800c\u4e14\u662f\u88ab\u5730\u7344\u4e4b\u706b\u9ede\u71c3\u7684\u3002\n"
                },
                "7": {
                    "verse_nr": 7,
                    "verse": "\u5404\u985e\u98db\u79bd\u3001\u8d70\u7378\u3001\u6606\u87f2\u3001\u6c34\u65cf\uff0c\u90fd\u53ef\u4ee5\u99b4\u670d\uff0c\u800c\u4e14\u90fd\u5df2\u7d93\u88ab\u4eba\u985e\u5236\u4f0f\u4e86\uff1b\n"
                },
                "8": {
                    "verse_nr": 8,
                    "verse": "\u53ef\u662f\u6c92\u6709\u4eba\u80fd\u5920\u5236\u4f0f\u820c\u982d\uff1b\u5b83\u662f\u558b\u558b\u4e0d\u4f11\u7684\u60e1\u7269\uff0c\u5145\u6eff\u4e86\u81f4\u547d\u7684\u6bd2\u7d20\u3002\n"
                },
                "9": {
                    "verse_nr": 9,
                    "verse": "\u6211\u5011\u7528\u5b83\u4f86\u7a31\u980c\u6211\u5011\u7684\u4e3b\u548c\u5929\u7236\uff0c\u53c8\u7528\u5b83\u4f86\u5492\u8a5b\u7167\u3000\u795e\u7684\u5f62\u8c61\u88ab\u9020\u7684\u4eba\u3002\n"
                },
                "10": {
                    "verse_nr": 10,
                    "verse": "\u540c\u4e00\u5f35\u5634\u7adf\u7136\u53c8\u7a31\u980c\u4e3b\uff0c\u53c8\u5492\u8a5b\u4eba\uff1b\u6211\u7684\u5f1f\u5144\u5011\uff0c\u9019\u662f\u4e0d\u61c9\u8a72\u7684\uff01\n"
                },
                "11": {
                    "verse_nr": 11,
                    "verse": "\u540c\u4e00\u6cc9\u773c\u88e1\u80fd\u5920\u6e67\u51fa\u751c\u6c34\u548c\u82e6\u6c34\u4f86\u55ce\uff1f\n"
                },
                "12": {
                    "verse_nr": 12,
                    "verse": "\u6211\u7684\u5f1f\u5144\u5011\uff0c\u7121\u82b1\u679c\u6a39\u80fd\u7d50\u6a44\u6b16\u55ce\uff1f\u8461\u8404\u6a39\u80fd\u9577\u7121\u82b1\u679c\u55ce\uff1f\u9e79\u6c34\u4e5f\u4e0d\u80fd\u767c\u51fa\u751c\u6c34\u4f86\u3002\n"
                },
                "13": {
                    "verse_nr": 13,
                    "verse": "\u5f9e\u5929\u4e0a\u4f86\u7684\u667a\u6167\u4f60\u5011\u4e2d\u9593\u8ab0\u662f\u6709\u667a\u6167\u3001\u6709\u898b\u8b58\u7684\u5462\uff1f\u4ed6\u5c31\u61c9\u7576\u6709\u7f8e\u597d\u7684\u751f\u6d3b\uff0c\u7528\u660e\u667a\u7684\u6eab\u67d4\uff0c\u628a\u81ea\u5df1\u7684\u884c\u70ba\u8868\u73fe\u51fa\u4f86\u3002\n"
                },
                "14": {
                    "verse_nr": 14,
                    "verse": "\u5982\u679c\u4f60\u5011\u5fc3\u4e2d\u5b58\u8457\u523b\u8584\u7684\u5ac9\u5992\u548c\u81ea\u79c1\uff0c\u5c31\u4e0d\u53ef\u8a87\u53e3\uff0c\u4e5f\u4e0d\u53ef\u8aaa\u8b0a\u62b5\u64cb\u771f\u7406\u3002\n"
                },
                "15": {
                    "verse_nr": 15,
                    "verse": "\u9019\u7a2e\u667a\u6167\u4e0d\u662f\u5f9e\u5929\u4e0a\u4f86\u7684\uff0c\u800c\u662f\u5c6c\u5730\u7684\u3001\u5c6c\u8840\u6c23\u7684\u548c\u5c6c\u9b3c\u9b54\u7684\u3002\n"
                },
                "16": {
                    "verse_nr": 16,
                    "verse": "\u56e0\u70ba\u51e1\u6709\u5ac9\u5992\u548c\u81ea\u79c1\u7684\u5730\u65b9\uff0c\u5c31\u5fc5\u6709\u64fe\u4e82\u548c\u5404\u6a23\u7684\u58de\u4e8b\u3002\n"
                },
                "17": {
                    "verse_nr": 17,
                    "verse": "\u81f3\u65bc\u5f9e\u5929\u4e0a\u4f86\u7684\u667a\u6167\uff0c\u9996\u5148\u662f\u7d14\u6f54\u7684\uff0c\u5176\u6b21\u662f\u548c\u5e73\u7684\uff0c\u6eab\u67d4\u7684\uff0c\u8b19\u905c\u7684\uff0c\u6eff\u6709\u6069\u6148\u548c\u5584\u679c\uff0c\u6c92\u6709\u504f\u8892\uff0c\u6c92\u6709\u865b\u507d\u3002\n"
                },
                "18": {
                    "verse_nr": 18,
                    "verse": "\u9019\u662f\u7de0\u9020\u548c\u5e73\u7684\u4eba\uff0c\u7528\u548c\u5e73\u6240\u57f9\u690d\u51fa\u4f86\u7684\u7fa9\u679c\u3002\n"
                }
            }
        },
        "4": {
            "chapter_nr": 4,
            "chapter": {
                "1": {
                    "verse_nr": 1,
                    "verse": "\u8207\u4e16\u4fd7\u70ba\u53cb\u5c31\u662f\u8207\u3000\u795e\u70ba\u6575\u4f60\u5011\u4e2d\u9593\u7684\u722d\u57f7\u548c\u6253\u9b25\u662f\u5f9e\u54ea\u88e1\u4f86\u7684\u5462\uff1f\u4e0d\u662f\u5f9e\u4f60\u5011\u80a2\u9ad4\u4e2d\u597d\u9b25\u7684\u79c1\u617e\u4f86\u7684\u55ce\uff1f\n"
                },
                "2": {
                    "verse_nr": 2,
                    "verse": "\u4f60\u5011\u653e\u7e31\u8caa\u617e\uff0c\u5982\u679c\u5f97\u4e0d\u5230\uff0c\u5c31\u6bba\u4eba\uff1b\u4f60\u5011\u5ac9\u5992\uff0c\u5982\u679c\u4e00\u7121\u6240\u5f97\uff0c\u5c31\u6253\u9b25\u722d\u57f7\u3002\u4f60\u5011\u5f97\u4e0d\u5230\uff0c\u56e0\u70ba\u4f60\u5011\u4e0d\u6c42\uff1b\n"
                },
                "3": {
                    "verse_nr": 3,
                    "verse": "\u4f60\u5011\u6c42\u4e5f\u5f97\u4e0d\u5230\uff0c\u56e0\u70ba\u4f60\u5011\u7684\u52d5\u6a5f\u4e0d\u826f\uff0c\u8981\u628a\u6240\u5f97\u7684\u8017\u8cbb\u5728\u4f60\u5011\u7684\u79c1\u617e\u4e0a\u3002\n"
                },
                "4": {
                    "verse_nr": 4,
                    "verse": "\u6deb\u4e82\u7684\u4eba\u54ea\uff0c\u4f60\u5011\u4e0d\u77e5\u9053\u8207\u4e16\u4fd7\u70ba\u53cb\uff0c\u5c31\u662f\u8207\u3000\u795e\u70ba\u6575\u55ce\uff1f\u6240\u4ee5\u8207\u4e16\u4fd7\u70ba\u53cb\u7684\uff0c\u5c31\u6210\u4e86\u3000\u795e\u7684\u4ec7\u6575\u3002\n"
                },
                "5": {
                    "verse_nr": 5,
                    "verse": "\u8056\u7d93\u8aaa\uff1a\u201c\u3000\u795e\u611b\u4ed6\u90a3\u5b89\u7f6e\u5728\u6211\u5011\u88e1\u9762\u7684\u9748\uff0c\u611b\u5230\u5ac9\u5992\u7684\u5730\u6b65\u201d\uff08\u6216\u8b6f\uff1a\u201c\u3000\u795e\u5b89\u7f6e\u5728\u6211\u5011\u88e1\u9762\u7684\u9748\uff0c\u611b\u5230\u5ac9\u5992\u7684\u5730\u6b65\u201d\uff09\uff0c\u4f60\u5011\u60f3\u9019\u8a71\u662f\u5f92\u7136\u7684\u55ce\uff1f\n"
                },
                "6": {
                    "verse_nr": 6,
                    "verse": "\u4f46\u3000\u795e\u6240\u8cdc\u7684\u6069\u66f4\u5927\uff1b\u6240\u4ee5\u8056\u7d93\u4e0a\u8aaa\uff1a\u201c\u3000\u795e\u62b5\u64cb\u9a55\u50b2\u7684\u4eba\uff0c\u8cdc\u6069\u7d66\u8b19\u5351\u7684\u4eba\u3002\u201d\n"
                },
                "7": {
                    "verse_nr": 7,
                    "verse": "\u4f60\u5011\u61c9\u7576\u9806\u670d\u3000\u795e\uff0c\u62b5\u64cb\u9b54\u9b3c\uff0c\u9b54\u9b3c\u5c31\u9003\u907f\u4f60\u5011\u3002\n"
                },
                "8": {
                    "verse_nr": 8,
                    "verse": "\u4f60\u5011\u61c9\u7576\u89aa\u8fd1\u3000\u795e\uff0c\u3000\u795e\u5c31\u89aa\u8fd1\u4f60\u5011\u3002\u7f6a\u4eba\u554a\uff0c\u8981\u6f54\u6de8\u4f60\u5011\u7684\u624b\uff1b\u4e09\u5fc3\u5169\u610f\u7684\u4eba\u54ea\uff0c\u8981\u6e05\u6f54\u4f60\u5011\u7684\u5fc3\u3002\n"
                },
                "9": {
                    "verse_nr": 9,
                    "verse": "\u4f60\u5011\u8981\u6101\u82e6\u3001\u60b2\u54c0\u3001\u54ed\u6ce3\uff0c\u628a\u6b61\u7b11\u8b8a\u70ba\u50b7\u75db\uff0c\u628a\u5feb\u6a02\u8b8a\u70ba\u6182\u6101\u3002\n"
                },
                "10": {
                    "verse_nr": 10,
                    "verse": "\u4f60\u5011\u52d9\u8981\u5728\u4e3b\u9762\u524d\u8b19\u5351\uff0c\u4ed6\u5c31\u4f7f\u4f60\u5011\u9ad8\u5347\u3002\n"
                },
                "11": {
                    "verse_nr": 11,
                    "verse": "\u4e0d\u53ef\u5f7c\u6b64\u6279\u8a55\u5f1f\u5144\u5011\uff0c\u4e0d\u8981\u4e92\u76f8\u6bc0\u8b17\uff1b\u4eba\u82e5\u6bc0\u8b17\u5f1f\u5144\uff0c\u6216\u5224\u65b7\u5f1f\u5144\uff0c\u5c31\u662f\u6bc0\u8b17\u5f8b\u6cd5\u3001\u5224\u65b7\u5f8b\u6cd5\u4e86\u3002\u5982\u679c\u4f60\u5224\u65b7\u5f8b\u6cd5\uff0c\u5c31\u4e0d\u662f\u5be6\u884c\u5f8b\u6cd5\u7684\u4eba\uff0c\u800c\u662f\u5be9\u5224\u5b98\u4e86\u3002\n"
                },
                "12": {
                    "verse_nr": 12,
                    "verse": "\u7acb\u6cd5\u7684\uff0c\u5be9\u5224\u7684\uff0c\u53ea\u6709\u4e00\u4f4d\uff0c\u5c31\u662f\u90a3\u80fd\u62ef\u6551\u4eba\uff0c\u4e5f\u80fd\u6bc0\u6ec5\u4eba\u7684\u3000\u795e\uff1b\u4f60\u9019\u5224\u65b7\u9130\u820d\u7684\uff0c\u4f60\u662f\u8ab0\u5462\uff1f\n"
                },
                "13": {
                    "verse_nr": 13,
                    "verse": "\u4e0d\u53ef\u81ea\u8a87\u81ea\u6043\u4f60\u5011\u8aaa\uff1a\u201c\u4eca\u5929\u6216\u660e\u5929\uff0c\u6211\u5011\u8981\u5230\u67d0\u57ce\u53bb\uff0c\u5728\u90a3\u88e1\u4f4f\u4e00\u5e74\uff0c\u4f5c\u751f\u610f\u8cfa\u9322\u3002\u201d\n"
                },
                "14": {
                    "verse_nr": 14,
                    "verse": "\u5176\u5be6\u660e\u5929\u600e\u6a23\uff0c\u4f60\u5011\u4e26\u4e0d\u77e5\u9053\u3002\u4f60\u5011\u7684\u751f\u547d\u662f\u751a\u9ebc\u5462\uff1f\u4f60\u5011\u672c\u4f86\u662f\u904e\u773c\u96f2\u7159\uff0c\u8f49\u77ac\u4e4b\u9593\u5c31\u6d88\u901d\u4e86\u3002\n"
                },
                "15": {
                    "verse_nr": 15,
                    "verse": "\u4f60\u5011\u5012\u4e0d\u5982\u8aaa\uff1a\u201c\u4e3b\u82e5\u9858\u610f\uff0c\u6211\u5011\u5c31\u53ef\u4ee5\u6d3b\u8457\uff0c\u4f5c\u9019\u4e8b\u6216\u4f5c\u90a3\u4e8b\u3002\u201d\n"
                },
                "16": {
                    "verse_nr": 16,
                    "verse": "\u4f46\u73fe\u5728\u4f60\u5011\u7adf\u7136\u5f35\u72c2\u81ea\u8a87\uff1b\u9019\u4e00\u5207\u81ea\u8a87\uff0c\u90fd\u662f\u90aa\u60e1\u7684\u3002\n"
                },
                "17": {
                    "verse_nr": 17,
                    "verse": "\u4eba\u82e5\u77e5\u9053\u8a72\u884c\u5584\u4e8b\uff0c\u537b\u4e0d\u53bb\u884c\uff0c\u9019\u5c31\u662f\u4ed6\u7684\u7f6a\u4e86\u3002\n"
                }
            }
        },
        "5": {
            "chapter_nr": 5,
            "chapter": {
                "1": {
                    "verse_nr": 1,
                    "verse": "\u8b66\u544a\u4e0d\u7fa9\u7684\u6709\u9322\u4eba\u4f60\u5011\u5bcc\u6709\u7684\u4eba\u54ea\uff0c\u61c9\u7576\u70ba\u90a3\u5c07\u8981\u81e8\u5230\u4f60\u5011\u7684\u707d\u798d\u54ed\u6ce3\u54c0\u865f\u3002\n"
                },
                "2": {
                    "verse_nr": 2,
                    "verse": "\u4f60\u5011\u7684\u8ca1\u7269\u673d\u58de\u4e86\uff0c\u4f60\u5011\u7684\u8863\u670d\u7d66\u86c0\u4e86\uff0c\n"
                },
                "3": {
                    "verse_nr": 3,
                    "verse": "\u4f60\u5011\u7684\u91d1\u9280\u751f\u93fd\uff0c\u9019\u93fd\u8981\u6210\u70ba\u63a7\u544a\u4f60\u5011\u7684\u9435\u8b49\uff0c\u53c8\u8981\u50cf\u706b\u4e00\u6a23\u541e\u5403\u4f60\u5011\u7684\u8089\u3002\u4f60\u5011\u7adf\u7136\u5728\u9019\u672b\u4e16\u7a4d\u805a\u8ca1\u5bf6\u3002\n"
                },
                "4": {
                    "verse_nr": 4,
                    "verse": "\u770b\u54ea\uff0c\u5de5\u4eba\u70ba\u4f60\u5011\u6536\u5272\u838a\u7a3c\uff0c\u4f60\u5011\u7adf\u7136\u524b\u6263\u4ed6\u5011\u7684\u5de5\u8cc7\uff1b\u90a3\u5de5\u8cc7\u5fc5\u70ba\u4ed6\u5011\u547c\u51a4\uff1b\u6536\u5272\u8005\u7684\u547c\u8072\uff0c\u5df2\u7d93\u9054\u5230\u842c\u8ecd\u4e4b\u4e3b\u7684\u8033\u4e2d\u4e86\u3002\n"
                },
                "5": {
                    "verse_nr": 5,
                    "verse": "\u4f60\u5011\u5728\u4e16\u4e0a\u7aae\u5962\u6975\u4f88\uff0c\u990a\u80a5\u4e86\u81ea\u5df1\uff0c\u7adf\u4e0d\u77e5\u5c60\u5bb0\u7684\u65e5\u5b50\u5230\u4e86\u3002\n"
                },
                "6": {
                    "verse_nr": 6,
                    "verse": "\u4f60\u5011\u628a\u7fa9\u4eba\u5b9a\u7f6a\u6bba\u5bb3\uff0c\u4f46\u4ed6\u4e26\u6c92\u6709\u53cd\u6297\u3002\n"
                },
                "7": {
                    "verse_nr": 7,
                    "verse": "\u5fcd\u8010\u7684\u4eba\u6709\u798f\u4e86\u6240\u4ee5\uff0c\u5f1f\u5144\u5011\uff0c\u4f60\u5011\u61c9\u7576\u5fcd\u8010\uff0c\u76f4\u5230\u4e3b\u4f86\u3002\u770b\u54ea\uff0c\u8fb2\u592b\u7b49\u5f85\u8457\u5730\u88e1\u5bf6\u8cb4\u7684\u51fa\u7522\uff0c\u70ba\u5b83\u5fcd\u8010\uff0c\u76f4\u5230\u7372\u5f97\u79cb\u9716\u6625\u96e8\u3002\n"
                },
                "8": {
                    "verse_nr": 8,
                    "verse": "\u4f60\u5011\u4e5f\u61c9\u7576\u5fcd\u8010\uff0c\u5805\u5b9a\u81ea\u5df1\u7684\u5fc3\uff1b\u56e0\u70ba\u4e3b\u518d\u4f86\u7684\u65e5\u5b50\u8fd1\u4e86\u3002\n"
                },
                "9": {
                    "verse_nr": 9,
                    "verse": "\u5f1f\u5144\u5011\uff0c\u4e0d\u8981\u5f7c\u6b64\u62b1\u6028\uff0c\u514d\u5f97\u4f60\u5011\u53d7\u5be9\u5224\u3002\u770b\u54ea\uff0c\u5be9\u5224\u7684\u4e3b\u5df2\u7d93\u7ad9\u5728\u9580\u524d\u4e86\u3002\n"
                },
                "10": {
                    "verse_nr": 10,
                    "verse": "\u5f1f\u5144\u5011\uff0c\u4f60\u5011\u61c9\u7576\u6548\u6cd5\u5949\u4e3b\u7684\u540d\u8aaa\u8a71\u7684\u5148\u77e5\uff0c\u4ee5\u4ed6\u5011\u70ba\u53d7\u82e6\u5fcd\u8010\u7684\u699c\u6a23\u3002\n"
                },
                "11": {
                    "verse_nr": 11,
                    "verse": "\u770b\u54ea\uff0c\u90a3\u4e9b\u5fcd\u8010\u7684\u4eba\uff0c\u6211\u5011\u7a31\u4ed6\u5011\u662f\u6709\u798f\u7684\uff1b\u4f60\u5011\u807d\u904e\u7d04\u4f2f\u7684\u5fcd\u8010\uff0c\u4e5f\u770b\u898b\u4e86\u4e3b\u8cdc\u7d66\u4ed6\u7684\u7d50\u5c40\uff0c\u77e5\u9053\u4e3b\u662f\u6eff\u6709\u6190\u61ab\u548c\u4ec1\u6148\u7684\u3002\n"
                },
                "12": {
                    "verse_nr": 12,
                    "verse": "\u6211\u7684\u5f1f\u5144\u5011\uff0c\u6700\u8981\u7dca\u7684\u662f\u4e0d\u53ef\u8d77\u8a93\uff1a\u4e0d\u53ef\u6307\u8457\u5929\u8d77\u8a93\uff0c\u4e5f\u4e0d\u53ef\u6307\u8457\u5730\u8d77\u8a93\uff0c\u4efb\u4f55\u7684\u8a93\u90fd\u7576\u7981\u7d55\u3002\u4f60\u5011\u7684\u8a71\uff0c\u662f\u5c31\u8aaa\u662f\uff0c\u4e0d\u662f\u5c31\u8aaa\u4e0d\u662f\uff1b\u514d\u5f97\u4f60\u5011\u843d\u5728\u5be9\u5224\u4e4b\u4e0b\u3002\n"
                },
                "13": {
                    "verse_nr": 13,
                    "verse": "\u7fa9\u4eba\u7684\u7948\u79b1\u5927\u6709\u529f\u6548\u4f60\u5011\u4e2d\u9593\u6709\u4eba\u53d7\u82e6\u55ce\uff1f\u4ed6\u5c31\u61c9\u8a72\u79b1\u544a\u3002\u6709\u4eba\u5fc3\u60c5\u6109\u5feb\u55ce\uff1f\u4ed6\u5c31\u61c9\u8a72\u6b4c\u980c\u3002\n"
                },
                "14": {
                    "verse_nr": 14,
                    "verse": "\u4f60\u5011\u4e2d\u9593\u6709\u4eba\u60a3\u75c5\u55ce\uff1f\u4ed6\u5c31\u61c9\u8a72\u8acb\u6559\u6703\u7684\u9577\u8001\u4f86\uff0c\u8b93\u4ed6\u5011\u5949\u4e3b\u7684\u540d\u70ba\u4ed6\u62b9\u6cb9\u7948\u79b1\u3002\n"
                },
                "15": {
                    "verse_nr": 15,
                    "verse": "\u51fa\u65bc\u4fe1\u5fc3\u7684\u7948\u79b1\uff0c\u53ef\u4ee5\u4f7f\u75c5\u4eba\u5eb7\u5fa9\uff0c\u4e3b\u5fc5\u53eb\u4ed6\u8d77\u4f86\uff1b\u4ed6\u82e5\u72af\u4e86\u7f6a\uff0c\u4e5f\u5fc5\u8499\u8d66\u514d\u3002\n"
                },
                "16": {
                    "verse_nr": 16,
                    "verse": "\u6240\u4ee5\u4f60\u5011\u61c9\u7576\u5f7c\u6b64\u8a8d\u7f6a\uff0c\u4e92\u76f8\u4ee3\u6c42\uff0c\u9019\u6a23\u4f60\u5011\u5c31\u53ef\u4ee5\u75ca\u6108\u3002\u7fa9\u4eba\u7948\u79b1\u6240\u767c\u51fa\u7684\u529b\u91cf\uff0c\u662f\u5927\u6709\u529f\u6548\u7684\u3002\n"
                },
                "17": {
                    "verse_nr": 17,
                    "verse": "\u4ee5\u5229\u4e9e\u662f\u8207\u6211\u5011\u6027\u60c5\u76f8\u540c\u7684\u4eba\uff1b\u4ed6\u61c7\u5207\u7948\u6c42\u4e0d\u8981\u4e0b\u96e8\uff0c\u5730\u4e0a\u5c31\u4e09\u5e74\u96f6\u516d\u500b\u6708\u6c92\u6709\u96e8\uff1b\n"
                },
                "18": {
                    "verse_nr": 18,
                    "verse": "\u4ed6\u53c8\u7948\u79b1\uff0c\u5929\u5c31\u4e0b\u96e8\uff0c\u5730\u5c31\u751f\u51fa\u571f\u7522\u4f86\u3002\n"
                },
                "19": {
                    "verse_nr": 19,
                    "verse": "\u6211\u7684\u5f1f\u5144\u5011\uff0c\u4f60\u5011\u4e2d\u9593\u82e5\u6709\u4eba\u88ab\u9a19\u96e2\u958b\u4e86\u771f\u9053\uff0c\u5982\u679c\u6709\u4eba\u4f7f\u4ed6\u56de\u982d\uff0c\n"
                },
                "20": {
                    "verse_nr": 20,
                    "verse": "\u4f60\u5011\u61c9\u8a72\u77e5\u9053\uff0c\u90a3\u4f7f\u7f6a\u4eba\u5f9e\u6b67\u9014\u4e0a\u8f49\u56de\u7684\uff0c\u5c31\u6703\u62ef\u6551\u4ed6\u7684\u9748\u9b42\u812b\u96e2\u6b7b\u4ea1\uff0c\u4e5f\u6703\u906e\u84cb\u8a31\u591a\u7f6a\u60e1\u3002\n"
                }
            }
        }
    }
}