{
    "version": "cnt",
    "book_name": "Zephaniah",
    "book_nr": "36",
    "book": {
        "1": {
            "chapter_nr": 1,
            "chapter": {
                "1": {
                    "verse_nr": 1,
                    "verse": "\u8036\u548c\u83ef\u5ba3\u5e03\u5be9\u5224\u7336\u5927\u738b\u4e9e\u5011\u7684\u5152\u5b50\u7d04\u897f\u4e9e\u5728\u4f4d\u7684\u6642\u5019\uff0c\u8036\u548c\u83ef\u7684\u8a71\u81e8\u5230\u5e0c\u897f\u5bb6\u7684\u7384\u5b6b\u3001\u4e9e\u746a\u5229\u96c5\u7684\u66fe\u5b6b\u3001\u57fa\u5927\u5229\u7684\u5b6b\u5b50\u3001\u53e4\u793a\u7684\u5152\u5b50\u897f\u756a\u96c5\u3002\n"
                },
                "2": {
                    "verse_nr": 2,
                    "verse": "\u8036\u548c\u83ef\u8aaa\uff1a\u201c\u6211\u5fc5\u628a\u842c\u7269\u5f9e\u5730\u4e0a\u5b8c\u5168\u9664\u6ec5\u3002\u201d\n"
                },
                "3": {
                    "verse_nr": 3,
                    "verse": "\u8036\u548c\u83ef\u8aaa\uff1a\u201c\u6211\u5fc5\u9664\u6ec5\u4eba\u985e\u3001\u7272\u755c\u3001\u7a7a\u4e2d\u98db\u9ce5\u3001\u6d77\u88e1\u7684\u9b5a\u3002\u6211\u5fc5\u4f7f\u60e1\u4eba\u8dcc\u5012\uff0c\u6211\u5fc5\u628a\u4eba\u985e\u5f9e\u5730\u4e0a\u526a\u9664\u3002\n"
                },
                "4": {
                    "verse_nr": 4,
                    "verse": "\u6211\u5fc5\u4f38\u624b\u653b\u64ca\u7336\u5927\uff0c\u653b\u64ca\u8036\u8def\u6492\u51b7\u6240\u6709\u7684\u5c45\u6c11\u3002\u6211\u5fc5\u5f9e\u9019\u5730\u65b9\u9664\u6389\u5df4\u529b\u6240\u9918\u4e0b\u7684\uff0c\u9664\u6389\u62dc\u5076\u50cf\u7684\u796d\u53f8\u7684\u540d\u5b57\uff0c\u4ee5\u53ca\u8036\u548c\u83ef\u7684\u796d\u53f8\uff1b\n"
                },
                "5": {
                    "verse_nr": 5,
                    "verse": "\u5c31\u662f\u90a3\u4e9b\u5728\u623f\u9802\u4e0a\u656c\u62dc\u5929\u4e0a\u842c\u8c61\u7684\uff0c\u90a3\u4e9b\u656c\u62dc\u8036\u548c\u83ef\uff0c\u6307\u8457\u4ed6\u8d77\u8a93\uff0c\u53c8\u6307\u8457\u746a\u52d2\u516c\u8d77\u8a93\u7684\uff0c\n"
                },
                "6": {
                    "verse_nr": 6,
                    "verse": "\u90a3\u4e9b\u8f49\u96e2\u4e0d\u8ddf\u5f9e\u8036\u548c\u83ef\u7684\uff0c\u4e0d\u5c0b\u627e\u8036\u548c\u83ef\uff0c\u4e5f\u4e0d\u6c42\u554f\u4ed6\u7684\u3002\u201d\n"
                },
                "7": {
                    "verse_nr": 7,
                    "verse": "\u8036\u548c\u83ef\u7684\u65e5\u5b50\u4f60\u8981\u5728\u6211\u4e3b\u8036\u548c\u83ef\u9762\u524d\u8085\u975c\uff01\u56e0\u70ba\u8036\u548c\u83ef\u7684\u65e5\u5b50\u81e8\u8fd1\u4e86\uff0c\u56e0\u70ba\u8036\u548c\u83ef\u5df2\u7d93\u9810\u5099\u4e86\u796d\u7269\uff0c\u628a\u81ea\u5df1\u6240\u8acb\u4f86\u7684\u4eba\u5206\u5225\u70ba\u8056\u3002\n"
                },
                "8": {
                    "verse_nr": 8,
                    "verse": "\u201c\u5230\u4e86\u6211\u8036\u548c\u83ef\u737b\u796d\u7684\u65e5\u5b50\uff0c\u6211\u5fc5\u61f2\u7f70\u9996\u9818\u548c\u738b\u5b50\uff0c\u61f2\u7f70\u6240\u6709\u7a7f\u5916\u65cf\u8863\u670d\u7684\u4eba\u3002\n"
                },
                "9": {
                    "verse_nr": 9,
                    "verse": "\u5230\u90a3\u65e5\uff0c\u6211\u5fc5\u61f2\u7f70\u6240\u6709\u8df3\u904e\u9580\u6abb\u7684\uff0c\u6240\u6709\u4f7f\u5f37\u66b4\u548c\u6b3a\u8a50\u5145\u6eff\u4e3b\u4eba\u623f\u5c4b\u7684\u3002\u201d\n"
                },
                "10": {
                    "verse_nr": 10,
                    "verse": "\u8036\u548c\u83ef\u8aaa\uff1a\u201c\u5230\u90a3\u65e5\uff0c\u5fc5\u6709\u547c\u53eb\u7684\u8072\u97f3\u5f9e\u9b5a\u9580\u767c\u51fa\u4f86\uff0c\u5fc5\u6709\u54c0\u865f\u5f9e\u65b0\u5340\u767c\u51fa\u4f86\uff0c\u5fc5\u6709\u5d29\u88c2\u5de8\u97ff\u5f9e\u5c71\u9593\u767c\u51fa\u4f86\u3002\n"
                },
                "11": {
                    "verse_nr": 11,
                    "verse": "\u746a\u9769\u63d0\u65bd\u7684\u5c45\u6c11\u54ea\uff01\u4f60\u5011\u8981\u54c0\u865f\uff0c\u56e0\u70ba\u6240\u6709\u7684\u5546\u4eba\u90fd\u6ec5\u4ea1\u4e86\uff1b\u6240\u6709\u7a31\u9280\u5b50\u7684\u90fd\u88ab\u526a\u9664\u4e86\u3002\n"
                },
                "12": {
                    "verse_nr": 12,
                    "verse": "\u90a3\u6642\uff0c\u6211\u5fc5\u63d0\u71c8\u641c\u67e5\u8036\u8def\u6492\u51b7\uff0c\u61f2\u7f70\u90a3\u4e9b\u6c89\u6fb1\u5728\u9152\u6e23\u4e0a\u7684\u4eba\u3002\u9019\u4e9b\u4eba\u5fc3\u88e1\u8aaa\uff1a\u2018\u8036\u548c\u83ef\u5fc5\u4e0d\u8cdc\u798f\uff0c\u4e5f\u4e0d\u964d\u798d\u3002\u2019\n"
                },
                "13": {
                    "verse_nr": 13,
                    "verse": "\u4ed6\u5011\u7684\u8ca1\u5bf6\u5fc5\u6210\u70ba\u63a0\u7269\uff0c\u4ed6\u5011\u7684\u623f\u5c4b\u5fc5\u8b8a\u70ba\u5ee2\u589f\u3002\u4ed6\u5011\u5efa\u9020\u623f\u5c4b\uff0c\u537b\u4e0d\u5f97\u4f4f\u5728\u5176\u4e2d\uff1b\u4ed6\u5011\u683d\u690d\u8461\u8404\u5712\uff0c\u537b\u4e0d\u5f97\u559d\u6240\u51fa\u7684\u9152\u3002\u201d\n"
                },
                "14": {
                    "verse_nr": 14,
                    "verse": "\u90a3\u65e5\u5b50\u7684\u60c5\u5f62\u8036\u548c\u83ef\u7684\u5927\u65e5\u5b50\u81e8\u8fd1\u4e86\uff0c\u81e8\u8fd1\u4e86\uff0c\u4f86\u5f97\u975e\u5e38\u5feb\u901f\u3002\u807d\uff01\u8036\u548c\u83ef\u7684\u65e5\u5b50\u7684\u8072\u97f3\u3002\u5728\u90a3\u65e5\uff0c\u52c7\u58eb\u8981\u54c0\u75db\u5730\u865f\u53eb\u3002\n"
                },
                "15": {
                    "verse_nr": 15,
                    "verse": "\u90a3\u65e5\u662f\u5fff\u6012\u7684\u65e5\u5b50\uff0c\u662f\u56f0\u82e6\u8271\u96e3\u7684\u65e5\u5b50\uff0c\u662f\u8352\u5ee2\u6dd2\u6dbc\u7684\u65e5\u5b50\uff0c\u662f\u9ed1\u6697\u5e7d\u51a5\u7684\u65e5\u5b50\uff0c\u662f\u5bc6\u96f2\u6f06\u9ed1\u7684\u65e5\u5b50\uff0c\n"
                },
                "16": {
                    "verse_nr": 16,
                    "verse": "\u662f\u5439\u865f\u5436\u558a\uff0c\u8981\u653b\u6253\u5805\u57ce\uff0c\u9032\u64ca\u57ce\u6a13\u7684\u65e5\u5b50\u3002\n"
                },
                "17": {
                    "verse_nr": 17,
                    "verse": "\u6211\u8981\u4f7f\u4eba\u53d7\u56f0\u82e6\uff0c\u4ee5\u81f4\u4ed6\u5011\u50cf\u778e\u5b50\u884c\u8d70\uff0c\u56e0\u70ba\u4ed6\u5011\u5f97\u7f6a\u8036\u548c\u83ef\u3002\u4ed6\u5011\u7684\u9bae\u8840\u5fc5\u5012\u51fa\uff0c\u5982\u5012\u7070\u5875\u4e00\u6a23\uff0c\u4ed6\u5011\u7684\u8eab\u9ad4\u5fc5\u88ab\u907a\u68c4\u50cf\u7cde\u571f\u4e00\u822c\u3002\n"
                },
                "18": {
                    "verse_nr": 18,
                    "verse": "\u5728\u8036\u548c\u83ef\u767c\u6012\u7684\u65e5\u5b50\uff0c\u4ed6\u5011\u7684\u91d1\u9280\u4e5f\u4e0d\u80fd\u6551\u4ed6\u5011\uff0c\u5168\u5730\u90fd\u8981\u88ab\u4ed6\u7684\u5992\u706b\u541e\u6ec5\uff1b\u56e0\u70ba\u4ed6\u8981\u5fb9\u5e95\u6bc0\u6ec5\u5730\u4e0a\u6240\u6709\u7684\u5c45\u6c11\uff0c\u771f\u662f\u53ef\u6015\u7684\u6bc0\u6ec5\u3002\n"
                }
            }
        },
        "2": {
            "chapter_nr": 2,
            "chapter": {
                "1": {
                    "verse_nr": 1,
                    "verse": "\u52f8\u53ca\u6642\u6094\u6539\u7121\u6065\u7684\u570b\u6c11\u54ea\uff01\u4f60\u5011\u8981\u805a\u96c6\uff0c\u8981\u805a\u96c6\u8d77\u4f86\u3002\n"
                },
                "2": {
                    "verse_nr": 2,
                    "verse": "\u8d81\u547d\u4ee4\u9084\u6c92\u6709\u767c\u51fa\uff0c\u65e5\u5b50\u9084\u6c92\u6709\u50cf\u98a8\u524d\u7684\u7ce0\u79d5\u4e00\u822c\u5439\u904e\uff0c\u8036\u548c\u83ef\u7684\u70c8\u6012\u9084\u6c92\u6709\u81e8\u5230\u4f60\u5011\uff0c\u8036\u548c\u83ef\u5fff\u6012\u7684\u65e5\u5b50\u9084\u6c92\u6709\u81e8\u5230\u4f60\u5011\u4ee5\u524d\uff0c\u4f60\u5011\u8981\u805a\u96c6\u8d77\u4f86\uff01\n"
                },
                "3": {
                    "verse_nr": 3,
                    "verse": "\u5730\u4e0a\u6240\u6709\u8b19\u5351\u7684\u4eba\uff0c\u5c31\u662f\u9075\u5b88\u8036\u548c\u83ef\u5178\u7ae0\u7684\u4eba\u54ea\uff01\u4f60\u5011\u8981\u5c0b\u6c42\u8036\u548c\u83ef\uff0c\u4f60\u5011\u8981\u5c0b\u6c42\u516c\u7fa9\uff0c\u5c0b\u6c42\u8b19\u5351\u3002\u5728\u8036\u548c\u83ef\u5fff\u6012\u7684\u65e5\u5b50\uff0c\u4f60\u5011\u6216\u8a31\u5f97\u4ee5\u96b1\u85cf\u8d77\u4f86\u3002\n"
                },
                "4": {
                    "verse_nr": 4,
                    "verse": "\u5be9\u5224\u975e\u5229\u58eb\u56e0\u70ba\u8fe6\u85a9\u5fc5\u88ab\u62cb\u68c4\uff0c\u4e9e\u5be6\u57fa\u502b\u5fc5\u6210\u8352\u5834\uff0c\u4e9e\u5be6\u7a81\u7684\u5c45\u6c11\u5fc5\u5728\u664c\u5348\u88ab\u8d95\u8d70\uff1b\u4ee5\u9769\u502b\u5fc5\u9023\u6839\u62d4\u8d77\u4f86\u3002\n"
                },
                "5": {
                    "verse_nr": 5,
                    "verse": "\u4f4f\u5728\u6cbf\u6d77\u5730\u5e36\u7684\u4eba\uff0c\u57fa\u5217\u63d0\u7684\u570b\u6c11\u54ea\uff01\u4f60\u5011\u6709\u798d\u4e86\u3002\u9019\u662f\u8036\u548c\u83ef\u653b\u64ca\u4f60\u5011\u7684\u8a71\uff1a\u201c\u975e\u5229\u58eb\u4eba\u4e4b\u5730\u8fe6\u5357\u554a\uff01\u6211\u5fc5\u6bc0\u6ec5\u4f60\uff0c\u4f7f\u4f60\u90a3\u88e1\u6c92\u6709\u4eba\u5c45\u4f4f\u3002\n"
                },
                "6": {
                    "verse_nr": 6,
                    "verse": "\u6cbf\u6d77\u7684\u5730\u5fc5\u6210\u70ba\u8349\u5834\u3001\u7267\u4eba\u7684\u6d1e\u7a74\u3001\u7f8a\u7fa4\u7684\u5708\u6b04\u3002\n"
                },
                "7": {
                    "verse_nr": 7,
                    "verse": "\u9019\u5730\u5fc5\u6b78\u7d66\u7336\u5927\u5bb6\u7684\u9918\u6c11\uff1b\u4ed6\u5011\u8981\u5728\u90a3\u88e1\u653e\u7267\uff0c\u665a\u4e0a\u4ed6\u5011\u8eba\u81e5\u5728\u4e9e\u5be6\u57fa\u502b\u7684\u623f\u820d\u4e2d\uff1b\u56e0\u70ba\u8036\u548c\u83ef\u4ed6\u5011\u7684\u3000\u795e\u5fc5\u7737\u9867\u4ed6\u5011\uff0c\u4f7f\u4ed6\u5011\u5f9e\u88ab\u64c4\u4e4b\u5730\u6b78\u56de\u3002\u201d\n"
                },
                "8": {
                    "verse_nr": 8,
                    "verse": "\u5be9\u5224\u6469\u62bc\u8207\u4e9e\u636b\u6211\u807d\u898b\u4e86\u6469\u62bc\u4eba\u7684\u8fb1\u7f75\u4e4b\u8a00\uff0c\u807d\u898b\u4e86\u4e9e\u636b\u4eba\u7684\u6bc0\u8b17\u4e4b\u8a9e\uff0c\u4ed6\u5011\u8fb1\u7f75\u6211\u7684\u5b50\u6c11\uff0c\u53c8\u81ea\u8a87\u81ea\u5927\u4fb5\u72af\u4ed6\u5011\u7684\u5883\u754c\u3002\n"
                },
                "9": {
                    "verse_nr": 9,
                    "verse": "\u56e0\u6b64\uff0c\u842c\u8ecd\u4e4b\u8036\u548c\u83ef\u4ee5\u8272\u5217\u7684\u3000\u795e\u8aaa\uff1a\u201c\u6211\u6307\u8457\u6211\u7684\u6c38\u751f\u8d77\u8a93\uff1a\u6469\u62bc\u4eba\u5fc5\u8981\u50cf\u6240\u591a\u746a\uff0c\u4e9e\u636b\u4eba\u5fc5\u5b9a\u50cf\u86fe\u6469\u62c9\uff0c\u6210\u70ba\u523a\u8349\u548c\u9e7d\u5751\u4e4b\u6240\uff0c\u6c38\u9060\u8352\u6dbc\u4e4b\u5730\u3002\u6211\u9918\u4e0b\u7684\u5b50\u6c11\u5fc5\u64c4\u63a0\u4ed6\u5011\uff0c\u6211\u570b\u4e2d\u6240\u9918\u7684\u8981\u5f97\u8457\u4ed6\u5011\u70ba\u696d\u3002\u201d\n"
                },
                "10": {
                    "verse_nr": 10,
                    "verse": "\u7531\u65bc\u4ed6\u5011\u7684\u72c2\u50b2\uff0c\u9019\u4e8b\u5c31\u81e8\u5230\u4ed6\u5011\uff1b\u56e0\u70ba\u4ed6\u5011\u81ea\u8a87\u81ea\u5927\uff0c\u8fb1\u7f75\u842c\u8ecd\u4e4b\u8036\u548c\u83ef\u7684\u5b50\u6c11\u3002\n"
                },
                "11": {
                    "verse_nr": 11,
                    "verse": "\u5c0d\u65bc\u4ed6\u5011\uff0c\u8036\u548c\u83ef\u662f\u53ef\u754f\u61fc\u7684\uff0c\u56e0\u70ba\u4ed6\u8981\u6d88\u6ec5\u5730\u4e0a\u4e00\u5207\u795e\u7947\uff1b\u90a3\u6642\uff0c\u5217\u570b\u6d77\u5cf6\u4e0a\u7684\u5c45\u6c11\uff0c\u90fd\u5404\u5728\u81ea\u5df1\u7684\u5730\u65b9\u656c\u62dc\u4ed6\u3002\n"
                },
                "12": {
                    "verse_nr": 12,
                    "verse": "\u5be9\u5224\u53e4\u5be6\u8207\u4e9e\u8ff0\u53e4\u5be6\u4eba\u54ea\uff01\u4f60\u5011\u4e5f\u5fc5\u88ab\u6211\u7684\u5200\u528d\u6240\u6bba\u3002\n"
                },
                "13": {
                    "verse_nr": 13,
                    "verse": "\u8036\u548c\u83ef\u5fc5\u4f38\u624b\u653b\u64ca\u5317\u65b9\uff0c\u6bc0\u6ec5\u4e9e\u8ff0\uff0c\u4f7f\u5c3c\u5c3c\u5fae\u8b8a\u6210\u8352\u5834\uff0c\u4e7e\u65f1\u50cf\u66e0\u91ce\u3002\n"
                },
                "14": {
                    "verse_nr": 14,
                    "verse": "\u7fa4\u755c\u548c\u5404\u985e\u7684\u8d70\u7378\u5fc5\u8eba\u81e5\u5728\u5176\u4e2d\uff1b\u9d5c\u9d98\u548c\u7bad\u8c6c\u68f2\u5bbf\u5728\u67f1\u9802\u4e0a\uff1b\u7a97\u5167\u6709\u9cf4\u53eb\u7684\u8072\u97f3\uff0c\u9580\u6abb\u4e0a\u5fc5\u6709\u8352\u6dbc\uff1b\u56e0\u70ba\u9999\u67cf\u6728\u90fd\u8981\u66b4\u9732\u51fa\u4f86\u3002\n"
                },
                "15": {
                    "verse_nr": 15,
                    "verse": "\u9019\u5c31\u662f\u90a3\u6b61\u6a02\u5b89\u5c45\u4e4b\u57ce\uff0c\u5979\u5fc3\u88e1\u66fe\u8aaa\uff1a\u201c\u53ea\u6709\u6211\uff0c\u9664\u6211\u4ee5\u5916\uff0c\u518d\u6c92\u6709\u5225\u7684\u4e86\u3002\u201d\u73fe\u5728\u600e\u9ebc\u7adf\u6210\u4e86\u8352\u5834\u3001\u8d70\u7378\u8eba\u81e5\u4e4b\u8655\u5462\uff01\u51e1\u5f9e\u90a3\u88e1\u7d93\u904e\u7684\uff0c\u90fd\u5fc5\u821e\u624b\u55e4\u7b11\u3002\n"
                }
            }
        },
        "3": {
            "chapter_nr": 3,
            "chapter": {
                "1": {
                    "verse_nr": 1,
                    "verse": "\u6307\u6458\u8036\u8def\u6492\u51b7\u7684\u7f6a\u9019\u53db\u9006\u3001\u6c61\u7a62\u3001\u6b3a\u58d3\u4eba\u7684\u57ce\u6709\u798d\u4e86\uff01\n"
                },
                "2": {
                    "verse_nr": 2,
                    "verse": "\u5979\u4e0d\u807d\u8a71\uff0c\u4e5f\u4e0d\u53d7\u7ba1\u6559\uff1b\u5979\u4e0d\u501a\u9760\u8036\u548c\u83ef\uff0c\u4e5f\u4e0d\u89aa\u8fd1\u5979\u7684\u3000\u795e\u3002\n"
                },
                "3": {
                    "verse_nr": 3,
                    "verse": "\u57ce\u4e2d\u7684\u9818\u8896\u90fd\u662f\u5486\u54ee\u7684\u7345\u5b50\uff0c\u57ce\u4e2d\u7684\u5be9\u5224\u5b98\u662f\u591c\u9593\u7684\u8c7a\u72fc\uff0c\u751a\u9ebc\u90fd\u4e0d\u7559\u5230\u65e9\u6668\u3002\n"
                },
                "4": {
                    "verse_nr": 4,
                    "verse": "\u57ce\u4e2d\u7684\u5148\u77e5\u90fd\u662f\u8f15\u6d6e\u8a6d\u8a50\u7684\u4eba\uff1b\u57ce\u4e2d\u7684\u796d\u53f8\u893b\u7006\u8056\u7269\uff0c\u9055\u72af\u5f8b\u6cd5\u3002\n"
                },
                "5": {
                    "verse_nr": 5,
                    "verse": "\u8036\u548c\u83ef\u5728\u57ce\u4e2d\u662f\u516c\u7fa9\u7684\uff0c\u6c7a\u4e0d\u884c\u4e0d\u7fa9\u7684\u4e8b\uff1b\u4ed6\u6bcf\u65e5\u65e9\u6668\u90fd\u986f\u660e\u516c\u6b63\uff0c\u6c38\u4e0d\u6b62\u606f\u3002\u4e0d\u516c\u7fa9\u7684\u4eba\u537b\u4e0d\u77e5\u5ec9\u6065\u3002\n"
                },
                "6": {
                    "verse_nr": 6,
                    "verse": "\u6211\u8036\u548c\u83ef\u5df2\u7d93\u526a\u9664\u5217\u570b\uff0c\u4ed6\u5011\u7684\u57ce\u6a13\u88ab\u6bc0\uff1b\u6211\u5df2\u7d93\u4f7f\u4ed6\u5011\u7684\u8857\u9053\u8352\u6dbc\uff0c\u4ee5\u81f4\u6773\u7121\u4eba\u8de1\uff1b\u4ed6\u5011\u7684\u57ce\u5e02\u8352\u5ee2\uff0c\u4ee5\u81f4\u7121\u4eba\u5b58\u7559\uff0c\u7121\u4eba\u5c45\u4f4f\u3002\n"
                },
                "7": {
                    "verse_nr": 7,
                    "verse": "\u6211\u8aaa\uff1a\u201c\u5979\u5b9a\u8981\u656c\u754f\u6211\uff0c\u63a5\u53d7\u7ba1\u6559\u3002\u201d\u9019\u6a23\uff0c\u5979\u7684\u4f4f\u6240\u5fc5\u4e0d\u6703\u7167\u8457\u6211\u539f\u5b9a\u5c0d\u5979\u7684\u61f2\u7f70\u88ab\u526a\u9664\u3002\u53ef\u662f\u4ed6\u5011\u6bb7\u52e4\u884c\u60e1\uff0c\u6557\u58de\u4e86\u81ea\u5df1\u4e00\u5207\u6240\u4f5c\u7684\u3002\n"
                },
                "8": {
                    "verse_nr": 8,
                    "verse": "\u8036\u8def\u6492\u51b7\u5fc5\u8499\u62ef\u6551\u8036\u548c\u83ef\u8aaa\uff1a\u201c\u56e0\u6b64\uff0c\u4f60\u5011\u8981\u7b49\u5019\u6211\uff0c\u7b49\u5019\u6211\u8d77\u4f86\u6307\u8b49\u7684\u65e5\u5b50\uff0c\u6211\u5df2\u7d93\u6c7a\u5b9a\u96c6\u5408\u842c\u90a6\uff0c\u53ec\u805a\u5217\u570b\uff0c\u628a\u6211\u7684\u76db\u6012\uff0c\u5c31\u662f\u6211\u7684\u4e00\u5207\u70c8\u6012\uff0c\u90fd\u50be\u5012\u5728\u4ed6\u5011\u8eab\u4e0a\uff1b\u56e0\u70ba\u5168\u5730\u90fd\u5fc5\u88ab\u6211\u7684\u5992\u706b\u541e\u6ec5\u3002\n"
                },
                "9": {
                    "verse_nr": 9,
                    "verse": "\u90a3\u6642\u6211\u8981\u4f7f\u842c\u6c11\u6709\u6f54\u6de8\u7684\u5634\u5507\uff0c\u4ed6\u5011\u5168\u90fd\u53ef\u4ee5\u547c\u6c42\u8036\u548c\u83ef\u7684\u540d\uff0c\u540c\u5fc3\u5408\u610f\u4e8b\u5949\u8036\u548c\u83ef\u3002\n"
                },
                "10": {
                    "verse_nr": 10,
                    "verse": "\u656c\u62dc\u6211\u7684\u4eba\uff0c\u5c31\u662f\u6211\u6240\u5206\u6563\u7684\u4eba\uff0c\u5fc5\u5f9e\u53e4\u5be6\u6cb3\u5916\u800c\u4f86\uff0c\u7d66\u6211\u737b\u4e0a\u79ae\u7269\u3002\n"
                },
                "11": {
                    "verse_nr": 11,
                    "verse": "\u5230\u4e86\u90a3\u65e5\uff0c\u4f60\u5fc5\u4e0d\u56e0\u4f60\u80cc\u53db\u6211\u6240\u4f5c\u7684\u4e00\u5207\u611f\u5230\u7f9e\u6127\uff0c\u56e0\u70ba\u90a3\u6642\u6211\u5fc5\u5f9e\u4f60\u4e2d\u9593\u9664\u6389\u90a3\u4e9b\u81ea\u9ad8\u81ea\u5927\u7684\u4eba\u3002\u5728\u6211\u7684\u8056\u5c71\u4e0a\uff0c\u4f60\u5fc5\u4e0d\u518d\u9ad8\u50b2\u3002\n"
                },
                "12": {
                    "verse_nr": 12,
                    "verse": "\u4f46\u6211\u8981\u5728\u4f60\u4e2d\u9593\u7559\u4e0b\u8b19\u865b\u5351\u5fae\u7684\u4eba\uff1b\u4ed6\u5011\u5fc5\u6295\u9760\u8036\u548c\u83ef\u7684\u540d\u3002\n"
                },
                "13": {
                    "verse_nr": 13,
                    "verse": "\u4ee5\u8272\u5217\u7684\u9918\u6c11\u5fc5\u4e0d\u518d\u884c\u4e0d\u7fa9\uff0c\u4e5f\u5fc5\u4e0d\u8aaa\u8b0a\uff1b\u4ed6\u5011\u7684\u53e3\u88e1\u4e5f\u6c92\u6709\u8a6d\u8a50\u7684\u820c\u982d\u3002\u4ed6\u5011\u5403\u559d\u8eba\u81e5\uff0c\u6c92\u6709\u4eba\u9a5a\u5687\u4ed6\u5011\u3002\u201d\n"
                },
                "14": {
                    "verse_nr": 14,
                    "verse": "\u6b61\u6a02\u4e4b\u6b4c\u932b\u5b89\u7684\u5c45\u6c11\uff08\u201c\u5c45\u6c11\u201d\u539f\u6587\u4f5c\u201c\u5973\u5b50\u201d\uff09\u54ea\uff01\u4f60\u5011\u8981\u9ad8\u6b4c\u3002\u4ee5\u8272\u5217\u554a\uff01\u4f60\u5011\u8981\u6b61\u547c\u3002\u8036\u8def\u6492\u51b7\u7684\u5c45\u6c11\u54ea\uff01\u4f60\u5011\u8981\u6eff\u5fc3\u6b61\u559c\u5feb\u6a02\u3002\n"
                },
                "15": {
                    "verse_nr": 15,
                    "verse": "\u8036\u548c\u83ef\u5df2\u7d93\u9664\u53bb\u4f60\u5011\u7684\u5211\u7f70\uff0c\u8d95\u8d70\u4f60\u5011\u7684\u4ec7\u6575\u3002\u4ee5\u8272\u5217\u7684\u738b\uff0c\u8036\u548c\u83ef\u5728\u4f60\u5011\u4e2d\u9593\uff0c\u4f60\u5011\u5fc5\u4e0d\u518d\u61fc\u6015\u707d\u798d\u3002\n"
                },
                "16": {
                    "verse_nr": 16,
                    "verse": "\u5230\u4e86\u90a3\u65e5\uff0c\u5fc5\u6709\u4eba\u5c0d\u8036\u8def\u6492\u51b7\u8aaa\uff1a\u201c\u932b\u5b89\u54ea\uff01\u4e0d\u8981\u61fc\u6015\uff1b\u4f60\u7684\u624b\u4e0d\u8981\u4e0b\u5782\u3002\n"
                },
                "17": {
                    "verse_nr": 17,
                    "verse": "\u8036\u548c\u83ef\u4f60\u7684\u3000\u795e\u5728\u4f60\u4e2d\u9593\uff0c\u4ed6\u662f\u65bd\u884c\u62ef\u6551\u7684\u5927\u80fd\u8005\uff0c\u5fc5\u56e0\u4f60\u6b61\u6b23\u5feb\u6a02\uff0c\u5fc5\u9ed8\u7136\u611b\u4f60\uff0c\u800c\u4e14\u5fc5\u56e0\u4f60\u559c\u6a02\u6b61\u5531\u3002\u201d\n"
                },
                "18": {
                    "verse_nr": 18,
                    "verse": "\u201c\u90a3\u4e9b\u5c6c\u4f60\uff0c\u70ba\u4e86\u5207\u6155\u5927\u6703\u800c\u6182\u6101\u7684\u4eba\uff0c\u4ed6\u5011\u64d4\u7576\u4e86\u7f9e\u8fb1\uff1b\u6211\u5fc5\u62db\u805a\u4ed6\u5011\u3002\n"
                },
                "19": {
                    "verse_nr": 19,
                    "verse": "\u770b\u54ea\uff01\u90a3\u6642\u6211\u5fc5\u5c0d\u4ed8\u4e00\u5207\u82e6\u5f85\u4f60\u7684\u4eba\uff1b\u6211\u5fc5\u62ef\u6551\u90a3\u4e9b\u7638\u817f\u7684\uff0c\u805a\u96c6\u90a3\u4e9b\u88ab\u8d95\u6563\u7684\uff1b\u5728\u5168\u5730\u53d7\u7f9e\u8fb1\u7684\uff0c\u6211\u5fc5\u4f7f\u4ed6\u5011\u5f97\u7a31\u8b9a\uff0c\u6709\u540d\u8072\u3002\n"
                },
                "20": {
                    "verse_nr": 20,
                    "verse": "\u90a3\u6642\u6211\u5fc5\u628a\u4f60\u5011\u9818\u56de\uff0c\u90a3\u6642\u6211\u5fc5\u628a\u4f60\u5011\u9f4a\u96c6\uff1b\u6211\u4f7f\u4f60\u5011\u88ab\u64c4\u7684\u4eba\u6b78\u56de\u7684\u6642\u5019\uff0c\u5fc5\u5728\u4f60\u5011\u773c\u524d\uff0c\u53eb\u4f60\u5011\u5728\u5730\u4e0a\u7684\u842c\u6c11\u4e2d\u5f97\u7a31\u8b9a\uff0c\u6709\u540d\u8072\u3002\u201d\u9019\u662f\u8036\u548c\u83ef\u8aaa\u7684\u3002\n"
                }
            }
        }
    }
}