{
    "version": "sv",
    "book_name": "Ezra",
    "book_nr": "15",
    "book": {
        "1": {
            "chapter_nr": 1,
            "chapter": {
                "1": {
                    "verse_nr": 1,
                    "verse": "In het eerste jaar nu van Kores, koning van Perzie, opdat volbracht wierd het woord des HEEREN, uit den mond van Jeremia, verwekte de HEERE den geest van Kores, koning van Perzie, dat hij een stem liet doorgaan door zijn ganse koninkrijk, zelfs ook in geschrift, zeggende:\n"
                },
                "2": {
                    "verse_nr": 2,
                    "verse": "Zo zegt Kores, koning van Perzie: De HEERE, de God des hemels, heeft mij alle koninkrijken der aarde gegeven; en Hij heeft mij bevolen Hem een huis te bouwen te Jeruzalem, hetwelk in Juda is.\n"
                },
                "3": {
                    "verse_nr": 3,
                    "verse": "Wie is onder ulieden van al Zijn volk? Zijn God zij met hem, en hij trekke op naar Jeruzalem, dat in Juda is, en hij bouwe het huis des HEEREN, des Gods van Israel; Hij is de God, Die te Jeruzalem woont.\n"
                },
                "4": {
                    "verse_nr": 4,
                    "verse": "En al wie achterblijven zou in enige plaatsen, waar hij als vreemdeling verkeert, dien zullen de lieden zijner plaats bevorderlijk zijn met zilver, en met goud, en met have, en met beesten; benevens een vrijwillige gave, voor het huis Gods, Die te Jeruzalem woont.\n"
                },
                "5": {
                    "verse_nr": 5,
                    "verse": "Toen maakten zich op de hoofden der vaderen van Juda en Benjamin, en de priesteren en de Levieten, benevens een iegelijk, wiens geest God verwekte, dat zij optrokken om te bouwen het huis des HEEREN, die te Jeruzalem woont.\n"
                },
                "6": {
                    "verse_nr": 6,
                    "verse": "Allen nu, die rondom hen waren, sterkten hunlieder handen met zilveren vaten, met goud, met have, en met beesten, en met kostelijkheden; behalve alles, wat vrijwillig gegeven werd.\n"
                },
                "7": {
                    "verse_nr": 7,
                    "verse": "Ook bracht de koning Kores uit, de vaten van het huis des HEEREN, die Nebukadnezar uit Jeruzalem had uitgevoerd, en had gesteld in het huis zijns gods.\n"
                },
                "8": {
                    "verse_nr": 8,
                    "verse": "En Kores, de koning van Perzie, bracht ze uit door de hand van Mithredath, den schatmeester, die ze aan Sesbazar, den vorst van Juda, toetelde.\n"
                },
                "9": {
                    "verse_nr": 9,
                    "verse": "En dit is hun getal: dertig gouden bekkens, duizend zilveren bekkens, negen en twintig messen;\n"
                },
                "10": {
                    "verse_nr": 10,
                    "verse": "Dertig gouden bekers, vierhonderd en tien andere zilveren bekers; andere vaten, duizend.\n"
                },
                "11": {
                    "verse_nr": 11,
                    "verse": "Alle vaten van goud en van zilver waren vijf duizend en vierhonderd; deze alle voerde Sesbazar op, met degenen, die van de gevangenis opgevoerd werden, van Babel naar Jeruzalem.\n"
                }
            }
        },
        "2": {
            "chapter_nr": 2,
            "chapter": {
                "1": {
                    "verse_nr": 1,
                    "verse": "Dit zijn de kinderen van dat landschap, die optogen uit de gevangenis, van de weggevoerden, die Nebukadnezar, koning van Babel, weggevoerd had naar Babel, die naar Jeruzalem en Juda zijn wedergekeerd, een iegelijk naar zijn stad;\n"
                },
                "2": {
                    "verse_nr": 2,
                    "verse": "Dewelken kwamen met Zerubbabel, Jesua, Nehemia, Seraja, Reelaja, Mordechai, Bilsan, Mizpar, Bigvai, Rehum en Baena. Dit is het getal der mannen des volks van Israel.\n"
                },
                "3": {
                    "verse_nr": 3,
                    "verse": "De kinderen van Paros, twee duizend honderd twee en zeventig.\n"
                },
                "4": {
                    "verse_nr": 4,
                    "verse": "De kinderen van Sefatja, driehonderd twee en zeventig.\n"
                },
                "5": {
                    "verse_nr": 5,
                    "verse": "De kinderen van Arach, zevenhonderd vijf en zeventig.\n"
                },
                "6": {
                    "verse_nr": 6,
                    "verse": "De kinderen van Pahath-Moab, van de kinderen van Jesua-Joab, twee duizend achthonderd en twaalf.\n"
                },
                "7": {
                    "verse_nr": 7,
                    "verse": "De kinderen van Elam, duizend tweehonderd vier en vijftig.\n"
                },
                "8": {
                    "verse_nr": 8,
                    "verse": "De kinderen van Zatthu, negenhonderd zestig.\n"
                },
                "9": {
                    "verse_nr": 9,
                    "verse": "De kinderen van Zakkai, zevenhonderd zestig.\n"
                },
                "10": {
                    "verse_nr": 10,
                    "verse": "De kinderen van Bani, zeshonderd twee en veertig.\n"
                },
                "11": {
                    "verse_nr": 11,
                    "verse": "De kinderen van Bebai, zeshonderd drie en twintig.\n"
                },
                "12": {
                    "verse_nr": 12,
                    "verse": "De kinderen van Azgad, duizend tweehonderd twee en twintig.\n"
                },
                "13": {
                    "verse_nr": 13,
                    "verse": "De kinderen van Adonikam, zeshonderd zes en zestig.\n"
                },
                "14": {
                    "verse_nr": 14,
                    "verse": "De kinderen van Bigvai, twee duizend zes en vijftig.\n"
                },
                "15": {
                    "verse_nr": 15,
                    "verse": "De kinderen van Adin, vierhonderd vier en vijftig.\n"
                },
                "16": {
                    "verse_nr": 16,
                    "verse": "De kinderen van Ater, van Hizkia, acht en negentig.\n"
                },
                "17": {
                    "verse_nr": 17,
                    "verse": "De kinderen van Bezai, driehonderd drie en twintig.\n"
                },
                "18": {
                    "verse_nr": 18,
                    "verse": "De kinderen van Jora, honderd en twaalf.\n"
                },
                "19": {
                    "verse_nr": 19,
                    "verse": "De kinderen van Hasum, tweehonderd drie en twintig.\n"
                },
                "20": {
                    "verse_nr": 20,
                    "verse": "De kinderen van Gibbar, vijf en negentig.\n"
                },
                "21": {
                    "verse_nr": 21,
                    "verse": "De kinderen van Bethlehem, honderd drie en twintig.\n"
                },
                "22": {
                    "verse_nr": 22,
                    "verse": "De mannen van Netofa, zes en vijftig.\n"
                },
                "23": {
                    "verse_nr": 23,
                    "verse": "De mannen van Anathoth, honderd acht en twintig.\n"
                },
                "24": {
                    "verse_nr": 24,
                    "verse": "De kinderen van Azmaveth, twee en veertig.\n"
                },
                "25": {
                    "verse_nr": 25,
                    "verse": "De kinderen van Kirjath-Arim, Cefira en Beeroth, zevenhonderd drie en veertig.\n"
                },
                "26": {
                    "verse_nr": 26,
                    "verse": "De kinderen van Rama en Gaba, zeshonderd een en twintig.\n"
                },
                "27": {
                    "verse_nr": 27,
                    "verse": "De mannen van Michmas, honderd twee en twintig.\n"
                },
                "28": {
                    "verse_nr": 28,
                    "verse": "De mannen van Beth-El en Ai, tweehonderd drie en twintig.\n"
                },
                "29": {
                    "verse_nr": 29,
                    "verse": "De kinderen van Nebo, twee en vijftig.\n"
                },
                "30": {
                    "verse_nr": 30,
                    "verse": "De kinderen van Magbis, honderd zes en vijftig.\n"
                },
                "31": {
                    "verse_nr": 31,
                    "verse": "De kinderen van den anderen Elam, duizend tweehonderd vier en vijftig.\n"
                },
                "32": {
                    "verse_nr": 32,
                    "verse": "De kinderen van Harim, driehonderd en twintig.\n"
                },
                "33": {
                    "verse_nr": 33,
                    "verse": "De kinderen van Lod, Hadid en Ono, zevenhonderd vijf en twintig.\n"
                },
                "34": {
                    "verse_nr": 34,
                    "verse": "De kinderen van Jericho, driehonderd vijf en veertig.\n"
                },
                "35": {
                    "verse_nr": 35,
                    "verse": "De kinderen van Senaa, drie duizend zeshonderd en dertig.\n"
                },
                "36": {
                    "verse_nr": 36,
                    "verse": "De priesters. De kinderen van Jedaja, van het huis van Jesua, negenhonderd drie en zeventig.\n"
                },
                "37": {
                    "verse_nr": 37,
                    "verse": "De kinderen van Immer, duizend twee en vijftig.\n"
                },
                "38": {
                    "verse_nr": 38,
                    "verse": "De kinderen van Pashur, duizend tweehonderd zeven en veertig.\n"
                },
                "39": {
                    "verse_nr": 39,
                    "verse": "De kinderen van Harim, duizend en zeventien.\n"
                },
                "40": {
                    "verse_nr": 40,
                    "verse": "De Levieten. De kinderen van Jesua en Kadmiel, van de kinderen van Hodavja, vier en zeventig.\n"
                },
                "41": {
                    "verse_nr": 41,
                    "verse": "De zangers. De kinderen van Asaf honderd acht en twintig.\n"
                },
                "42": {
                    "verse_nr": 42,
                    "verse": "De kinderen der poortiers. De kinderen van Sallum, de kinderen van Ater, de kinderen van Talmon, de kinderen van Akkub, de kinderen van Hatita, de kinderen van Sobai; deze allen waren honderd negen en dertig.\n"
                },
                "43": {
                    "verse_nr": 43,
                    "verse": "De Nethinim. De kinderen van Ziha, de kinderen van Hasufa, de kinderen van Tabbaoth;\n"
                },
                "44": {
                    "verse_nr": 44,
                    "verse": "De kinderen van Keros, de kinderen van Siaha, de kinderen van Padon;\n"
                },
                "45": {
                    "verse_nr": 45,
                    "verse": "De kinderen van Lebana, de kinderen van Hagaba, de kinderen van Akkub;\n"
                },
                "46": {
                    "verse_nr": 46,
                    "verse": "De kinderen van Hagab, de kinderen van Samlai, de kinderen van Hanan;\n"
                },
                "47": {
                    "verse_nr": 47,
                    "verse": "De kinderen van Giddel, de kinderen van Gahar, de kinderen van Reaja;\n"
                },
                "48": {
                    "verse_nr": 48,
                    "verse": "De kinderen van Rezin, de kinderen van Nekoda, de kinderen van Gazzam;\n"
                },
                "49": {
                    "verse_nr": 49,
                    "verse": "De kinderen van Uza, de zonen van Paeah, de kinderen van Bezai;\n"
                },
                "50": {
                    "verse_nr": 50,
                    "verse": "De kinderen van Asna, de kinderen der Mehunim, de kinderen der Nefusim;\n"
                },
                "51": {
                    "verse_nr": 51,
                    "verse": "De kinderen van Bakbuk, de kinderen van Hakufa, de kinderen van Harhur;\n"
                },
                "52": {
                    "verse_nr": 52,
                    "verse": "De kinderen van Bazluth, de kinderen van Mehida, de kinderen van Harsa;\n"
                },
                "53": {
                    "verse_nr": 53,
                    "verse": "De kinderen van Barkos, de kinderen van Sisera, de kinderen van Thamah;\n"
                },
                "54": {
                    "verse_nr": 54,
                    "verse": "De kinderen van Neziah, de kinderen van Hatifa.\n"
                },
                "55": {
                    "verse_nr": 55,
                    "verse": "De kinderen der knechten van Salomo. De kinderen van Sotai, de kinderen van Sofereth, de kinderen van Peruda;\n"
                },
                "56": {
                    "verse_nr": 56,
                    "verse": "De kinderen van Jaala, de kinderen van Darkon, de kinderen van Giddel;\n"
                },
                "57": {
                    "verse_nr": 57,
                    "verse": "De kinderen van Sefatja, de kinderen van Hattil, de kinderen van Pocheret-Hazebaim, de kinderen van Ami.\n"
                },
                "58": {
                    "verse_nr": 58,
                    "verse": "Al de Nethinim, en de kinderen der knechten van Salomo, waren driehonderd twee en negentig.\n"
                },
                "59": {
                    "verse_nr": 59,
                    "verse": "Dezen togen ook op van Tel-melah, Tel-harsa, Cherub, Addan en Immer; doch zij konden hunner vaderen huis en hun zaad niet bewijzen, of zij uit Israel waren.\n"
                },
                "60": {
                    "verse_nr": 60,
                    "verse": "De kinderen van Delaja, de kinderen van Tobia, de kinderen van Nekoda, zeshonderd twee en vijftig.\n"
                },
                "61": {
                    "verse_nr": 61,
                    "verse": "En van de kinderen der priesteren, de kinderen van Habaja, de kinderen van Koz, de kinderen van Barzillai, die van de dochteren van Barzillai, den Gileadiet, een vrouw genomen had, en naar hun naam genoemd was.\n"
                },
                "62": {
                    "verse_nr": 62,
                    "verse": "Dezen zochten hun register, onder degenen, die in het geslachtsregister gesteld waren, maar zij werden niet gevonden; daarom werden zij als onreinen van het priesterdom geweerd.\n"
                },
                "63": {
                    "verse_nr": 63,
                    "verse": "En Hattirsatha zeide tot hen, dat zij van de heiligste dingen niet zouden eten, totdat er een priester stond met urim en met thummim.\n"
                },
                "64": {
                    "verse_nr": 64,
                    "verse": "Deze ganse gemeente te zamen was twee en veertig duizend driehonderd en zestig.\n"
                },
                "65": {
                    "verse_nr": 65,
                    "verse": "Behalve hun knechten en hun maagden, die waren zeven duizend driehonderd zeven en dertig; en zij hadden tweehonderd zangers en zangeressen.\n"
                },
                "66": {
                    "verse_nr": 66,
                    "verse": "Hun paarden waren zevenhonderd zes en dertig; hun muildieren, tweehonderd vijf en veertig;\n"
                },
                "67": {
                    "verse_nr": 67,
                    "verse": "Hun kemelen, vierhonderd vijf en dertig; de ezelen, zes duizend zevenhonderd en twintig.\n"
                },
                "68": {
                    "verse_nr": 68,
                    "verse": "En sommigen van de hoofden der vaderen, als zij kwamen ten huize des HEEREN, die te Jeruzalem woont, gaven vrijwilliglijk ten huize Gods, om dat te zetten op zijn vaste plaats.\n"
                },
                "69": {
                    "verse_nr": 69,
                    "verse": "Zij gaven naar hun vermogen tot den schat des werks, aan goud, een en zestig duizend drachmen, en aan zilver, vijf duizend ponden, en honderd priesterrokken.\n"
                },
                "70": {
                    "verse_nr": 70,
                    "verse": "En de priesters en de Levieten, en sommigen uit het volk, zo de zangers als de poortiers, en de Nethinim woonden in hun steden, en gans Israel in zijn steden.\n"
                }
            }
        },
        "3": {
            "chapter_nr": 3,
            "chapter": {
                "1": {
                    "verse_nr": 1,
                    "verse": "Toen nu de zevende maand aankwam, en de kinderen Israels in de steden waren, verzamelde zich het volk, als een enig man, te Jeruzalem.\n"
                },
                "2": {
                    "verse_nr": 2,
                    "verse": "En Jesua, de zoon van Jozadak, maakte zich op, en zijn broederen, de priesters en Zerubbabel, de zoon van Sealthiel, en zijn broederen, en zij bouwden het altaar des Gods van Israel, om daarop brandofferen te offeren, gelijk geschreven is in de wet van Mozes, den man Gods.\n"
                },
                "3": {
                    "verse_nr": 3,
                    "verse": "En zij vestigden het altaar op zijn stelling, maar met verschrikking, die over hen was, vanwege de volken der landen; en zij offerden daarop brandofferen den HEERE, brandofferen des morgens en des avonds.\n"
                },
                "4": {
                    "verse_nr": 4,
                    "verse": "En zij hielden het feest der loofhutten, gelijk geschreven is; en zij offerden brandofferen dag bij dag in getal, naar het recht, van elk dagelijks op zijn dag.\n"
                },
                "5": {
                    "verse_nr": 5,
                    "verse": "Daarna ook het gedurig brandoffer, en van de nieuwe maanden, en van alle gezette hoogtijden des HEEREN, die geheiligd waren; ook van een ieder, die een vrijwillige offerande den HEERE vrijwilliglijk offerde.\n"
                },
                "6": {
                    "verse_nr": 6,
                    "verse": "Van den eersten dag af der zevende maand begonnen zij den HEERE brandofferen te offeren; doch de grond van den tempel des HEEREN was niet gelegd.\n"
                },
                "7": {
                    "verse_nr": 7,
                    "verse": "Zo gaven zij geld aan de houwers en werkmeesters, ook spijs en drank, en olie, aan de Sidoniers en aan de Tyriers, om cederenhout van den Libanon te brengen aan de zee naar Jafo, naar de vergunning van Kores, koning van Perzie, aan hen.\n"
                },
                "8": {
                    "verse_nr": 8,
                    "verse": "In het tweede jaar nu hunner aankomst ten huize Gods te Jeruzalem, in de tweede maand, begonnen Zerubbabel, de zoon van Sealthiel, en Jesua, de zoon van Jozadak, en de overige hunner broederen, de priesters en de Levieten, en allen, die uit de gevangenis te Jeruzalem gekomen waren; en zij stelden de Levieten, van twintig jaren oud en daarboven, om opzicht te nemen over het werk van des HEEREN huis.\n"
                },
                "9": {
                    "verse_nr": 9,
                    "verse": "Toen stond Jesua, zijn zonen en zijn broederen, en Kadmiel met zijn zonen, kinderen van Juda, als een man, om opzicht te hebben over degenen, die het werk deden aan het huis Gods, met de zonen van Henadad, hun zonen en hun broederen, de Levieten.\n"
                },
                "10": {
                    "verse_nr": 10,
                    "verse": "Als nu de bouwlieden den grond van des HEEREN tempel legden, zo stelden zij de priesteren, aangekleed zijnde, met trompetten, en de Levieten, Asafs zonen, met cimbalen, om den HEERE te loven, naar de instelling van David, den koning van Israel.\n"
                },
                "11": {
                    "verse_nr": 11,
                    "verse": "En zij zongen bij beurten, met den HEERE te loven en te danken, dat Hij goedig is, dat Zijn weldadigheid tot in eeuwigheid is over Israel. En al het volk juichte met groot gejuich, als men den HEERE loofde over de grondlegging van het huis des HEEREN.\n"
                },
                "12": {
                    "verse_nr": 12,
                    "verse": "Maar velen van de priesteren, en de Levieten, en hoofden der vaderen, die oud waren, die het eerste huis gezien hadden, dit huis in zijn grondlegging voor hun ogen zijnde, weenden met luider stem; maar velen verhieven de stem met gejuich en met vreugde.\n"
                },
                "13": {
                    "verse_nr": 13,
                    "verse": "Zodat het volk niet onderkende de stem van het gejuich der vreugde, van de stem des geweens van het volk; want het volk juichte met groot gejuich, dat de stem tot van verre gehoord werd.\n"
                }
            }
        },
        "4": {
            "chapter_nr": 4,
            "chapter": {
                "1": {
                    "verse_nr": 1,
                    "verse": "Toen nu de wederpartijders van Juda en Benjamin hoorden, dat de kinderen der gevangenis den HEERE, den God Israels, den tempel bouwden;\n"
                },
                "2": {
                    "verse_nr": 2,
                    "verse": "Zo kwamen zij aan tot Zerubbabel, en tot de hoofden der vaderen, en zeiden tot hen: Laat ons met ulieden bouwen, want wij zullen uw God zoeken, gelijk gijlieden ook hebben wij Hem geofferd sinds de dagen van Esar-Haddon, den koning van Assur, die ons herwaarts heeft doen optrekken.\n"
                },
                "3": {
                    "verse_nr": 3,
                    "verse": "Maar Zerubbabel, en Jesua, en de overige hoofden der vaderen van Israel zeiden tot hen: Het betaamt niet, dat gijlieden en wij onzen God een huis bouwen; maar wij alleen zullen het den HEERE, den God Israels, bouwen, gelijk als de koning Kores, koning van Perzie, ons geboden heeft.\n"
                },
                "4": {
                    "verse_nr": 4,
                    "verse": "Evenwel maakte het volk des lands de handen des volks van Juda slap, en verstoorde hen in het bouwen;\n"
                },
                "5": {
                    "verse_nr": 5,
                    "verse": "En zij huurden tegen hen raadslieden, om hun raad te vernietigen, al de dagen van Kores, koning van Perzie, tot aan het koninkrijk van Darius, den koning van Perzie.\n"
                },
                "6": {
                    "verse_nr": 6,
                    "verse": "En onder het koninkrijk van Ahasveros, in het begin zijns koninkrijks, schreven zij een aanklacht tegen de inwoners van Juda en Jeruzalem.\n"
                },
                "7": {
                    "verse_nr": 7,
                    "verse": "En in de dagen van Arthahsasta schreef Bislam, Mithredath, Tabeel, en de overigen van zijn gezelschap, aan Arthahsasta, koning van Perzie; en de schrift des briefs was in het Syrisch geschreven, en in het Syrisch uitgelegd.\n"
                },
                "8": {
                    "verse_nr": 8,
                    "verse": "Rehum, de kanselier, en Simsai, de schrijver, schreven een brief tegen Jeruzalem, aan den koning Arthahsasta, op deze manier:\n"
                },
                "9": {
                    "verse_nr": 9,
                    "verse": "Toen Rehum, de kanselier, en Simsai, de schrijver, en de overigen van hun gezelschap, de Dinaieten, de Afarsathchieten, de Tarpelieten, de Afarsieten, de Archevieten, de Babyloniers, de Susanchieten, de Dehavieten, de Elamieten,\n"
                },
                "10": {
                    "verse_nr": 10,
                    "verse": "En de overige volkeren, die de grote en vermaarde Asnappar heeft vervoerd, en doen wonen in de stad van Samaria, ook de overigen, aan deze zijde der rivier, en op zulken tijd.\n"
                },
                "11": {
                    "verse_nr": 11,
                    "verse": "Dit is een afschrift des briefs, dien zij aan hem, aan den koning Arthahsasta, zonden: Uw knechten, de mannen aan deze zijde der rivier, en op zulken tijd.\n"
                },
                "12": {
                    "verse_nr": 12,
                    "verse": "Den koning zij bekend, dat de Joden, die van u zijn opgetogen, tot ons gekomen zijn te Jeruzalem, bouwende die rebelle en die boze stad, waarvan zij de muren voltrekken, en de fondamenten samenvoegen.\n"
                },
                "13": {
                    "verse_nr": 13,
                    "verse": "Zo zij nu den koning bekend, indien dezelve stad zal worden opgebouwd, en de muren voltrokken, dat zij den cijns, ouden impost, en tol niet zullen geven, en gij zult aan de inkomsten der koningen schade aanbrengen.\n"
                },
                "14": {
                    "verse_nr": 14,
                    "verse": "Nu, omdat wij salaris uit het paleis trekken, en het ons niet betaamt des konings oneer te zien, daarom hebben wij gezonden, en dit den koning bekend gemaakt;\n"
                },
                "15": {
                    "verse_nr": 15,
                    "verse": "Opdat men zoeke in het boek der kronieken uwer vaderen, zo zult gij vinden in het boek der kronieken, en weten, dat dezelve stad een rebelle stad geweest is, en den koningen en landschappen schade aanbrengende, en dat zij daarbinnen afval gesticht hebben, van oude tijden af; daarom is dezelve stad verwoest.\n"
                },
                "16": {
                    "verse_nr": 16,
                    "verse": "Wij maken dan de koning bekend, dat, zo dezelve stad zal worden opgebouwd, en haar muren voltrokken, gij daardoor geen deel zult hebben aan deze zijde der rivier.\n"
                },
                "17": {
                    "verse_nr": 17,
                    "verse": "De koning zond antwoord aan Rehum, den kanselier, en Simsai, den schrijver, en de overigen van hun gezelschappen, die te Samaria woonden; mitsgaders aan de overigen van deze zijde der rivier aldus: Vrede, en op zulken tijd.\n"
                },
                "18": {
                    "verse_nr": 18,
                    "verse": "De brief, dien gij aan ons geschikt hebt, is duidelijk voor mij gelezen.\n"
                },
                "19": {
                    "verse_nr": 19,
                    "verse": "En als van mij bevel gegeven was, hebben zij gezocht en gevonden, dat dezelve stad zich van oude tijden af tegen de koningen heeft verheven, en rebellie en afval daarin gesticht is.\n"
                },
                "20": {
                    "verse_nr": 20,
                    "verse": "Ook zijn er machtige koningen geweest over Jeruzalem, die geheerst hebben overal aan gene zijde der rivier; en hun is cijns, oude impost en tol gegeven.\n"
                },
                "21": {
                    "verse_nr": 21,
                    "verse": "Geeft dan nu bevel, om diezelve mannen te beletten, dat diezelve stad niet opgebouwd worde, totdat van mij bevel zal worden gegeven.\n"
                },
                "22": {
                    "verse_nr": 22,
                    "verse": "Weest gewaarschuwd, van feil in dezen te begaan; waarom zou het verderf tot schade der koningen aanwassen?\n"
                },
                "23": {
                    "verse_nr": 23,
                    "verse": "Toen, van dat het afschrift des briefs van den koning Arthahsasta voor Rehum, en Simsai, den schrijver, en hun gezelschappen gelezen was, togen zij in haast naar Jeruzalem tot de Joden, en beletten hen met arm en geweld.\n"
                },
                "24": {
                    "verse_nr": 24,
                    "verse": "Toen hield het werk op van het huis Gods, Die te Jeruzalem woont, ja, het hield op tot in het tweede jaar van het koninkrijk van Darius, den koning van Perzie.\n"
                }
            }
        },
        "5": {
            "chapter_nr": 5,
            "chapter": {
                "1": {
                    "verse_nr": 1,
                    "verse": "Haggai nu, de profeet, en Zacharia, de zoon van Iddo, profeteerden tot de Joden, die in Juda en te Jeruzalem waren; in den naam Gods van Israel profeteerden zij tot hen.\n"
                },
                "2": {
                    "verse_nr": 2,
                    "verse": "Toen maakten zich op Zerubbabel, de zoon van Sealthiel, en Jesua, de zoon van Jozadak, en begonnen te bouwen het huis Gods, Die te Jeruzalem woont; en met hen de profeten Gods, die hen ondersteunden.\n"
                },
                "3": {
                    "verse_nr": 3,
                    "verse": "Te dier tijd kwam tot hen Thathnai, de landvoogd aan deze zijde der rivier, en Sthar-Boznai, en hun gezelschap, en zeiden aldus tot hen: Wie heeft ulieden bevel gegeven dit huis te bouwen, en dezen muur te voltrekken?\n"
                },
                "4": {
                    "verse_nr": 4,
                    "verse": "Toen zeiden wij aldus tot hen, en welke de namen waren der mannen, die dit gebouw bouwden.\n"
                },
                "5": {
                    "verse_nr": 5,
                    "verse": "Doch het oog huns Gods was over de oudsten der Joden, dat zij hun niet beletten, totdat de zaak aan Darius kwam, en zij alsdan daarover een brief wederbrachten.\n"
                },
                "6": {
                    "verse_nr": 6,
                    "verse": "Afschrift des briefs, dien Thathnai, de landvoogd aan deze zijde der rivier, met Sthar-Boznai, en zijn gezelschap, de Afarsechaieten, die aan deze zijde der rivier waren, aan den koning Darius zond.\n"
                },
                "7": {
                    "verse_nr": 7,
                    "verse": "Zij zonden een verhaal aan hem; en daarin was aldus geschreven: Den koning Darius zij alle vrede.\n"
                },
                "8": {
                    "verse_nr": 8,
                    "verse": "Den koning zij bekend, dat wij getogen zijn naar het landschap Juda, ten huize des groten Gods, hetwelk gebouwd wordt met grote stenen, en het hout wordt gelegd in de wanden; en datzelve werk wordt ras gedaan, en gaat voorspoediglijk door hun handen voort.\n"
                },
                "9": {
                    "verse_nr": 9,
                    "verse": "Toen hebben wij denzelven oudsten gevraagd, en aldus tot hen gezegd: Wie heeft ulieden bevel gegeven dit huis te bouwen, en dezen muur te voltrekken?\n"
                },
                "10": {
                    "verse_nr": 10,
                    "verse": "Wijders hebben wij hun ook hun namen afgevraagd, dat wij ze u bekend maakten; dat wij mochten overschrijven de namen der mannen, die hoofden onder hen zijn.\n"
                },
                "11": {
                    "verse_nr": 11,
                    "verse": "En zij hebben ons dusdanig antwoord wedergegeven, zeggende: Wij zijn knechten van den God des hemels en der aarde, en bouwen het huis, dat vele jaren voor dezen is gebouwd geweest; want een groot koning van Israel had het gebouwd en voltrokken.\n"
                },
                "12": {
                    "verse_nr": 12,
                    "verse": "Maar nadat onze vaders den God des hemels hadden vertoornd, heeft Hij hen gegeven in de hand van Nebukadnezar, den koning van Babel, den Chaldeeer; dewelke dat huis heeft vernield, en het volk naar Babel weggevoerd.\n"
                },
                "13": {
                    "verse_nr": 13,
                    "verse": "Doch in het eerste jaar van Kores, koning van Babel, heeft de koning Kores bevel gegeven dit huis Gods te bouwen.\n"
                },
                "14": {
                    "verse_nr": 14,
                    "verse": "Ja, de vaten van Gods huis, welke van goud en zilver waren, die Nebukadnezar uit den tempel, die te Jeruzalem was, had weggenomen en dezelve gebracht in den tempel van Babel, die heeft de koning Kores uitgehaald uit den tempel van Babel, en zij zijn gegeven aan een, wiens naam was Sesbazar, dien hij tot een landvoogd had gesteld.\n"
                },
                "15": {
                    "verse_nr": 15,
                    "verse": "En hij zeide tot hem: Neem deze vaten, ga ze afvoeren in den tempel, die te Jeruzalem is, en laat het huis Gods gebouwd worden op zijn plaats.\n"
                },
                "16": {
                    "verse_nr": 16,
                    "verse": "Toen kwam dezelve Sesbazar; hij legde de fondamenten van het huis Gods, Die te Jeruzalem woont; en er is van toen af tot nu toe gebouwd, doch niet volbracht.\n"
                },
                "17": {
                    "verse_nr": 17,
                    "verse": "Zo het dan nu den koning goeddunkt, laat er gezocht worden in het schathuis des konings aldaar, dat te Babel is, of het zij, dat een bevel van den koning Kores gegeven zij, om dit huis Gods te Jeruzalem te bouwen; en dat men des konings believen hiervan tot ons zende.\n"
                }
            }
        },
        "6": {
            "chapter_nr": 6,
            "chapter": {
                "1": {
                    "verse_nr": 1,
                    "verse": "Toen gaf de koning Darius bevel; en zij zochten in de kanselarij, waar de schatten waren weggelegd, in Babel.\n"
                },
                "2": {
                    "verse_nr": 2,
                    "verse": "En te Achmetha, in de burcht, die in het landschap Medie is, werd een rol gevonden; en daarin was aldus geschreven: GEDACHTENIS:\n"
                },
                "3": {
                    "verse_nr": 3,
                    "verse": "In het eerste jaar van den koning Kores, gaf de koning Kores dit bevel: Het huis Gods te Jeruzalem, dat huis zal gebouwd worden, ter plaatse, waar zij offeranden offeren, en de fondamenten daarvan zullen zwaar zijn; zijn hoogte van zestig ellen, en zijn breedte van zestig ellen;\n"
                },
                "4": {
                    "verse_nr": 4,
                    "verse": "Met drie rijen van groten steen, en een rij van nieuw hout; en de onkosten zullen uit des konings huis gegeven worden.\n"
                },
                "5": {
                    "verse_nr": 5,
                    "verse": "Daartoe zal men ook de gouden en zilveren vaten van het huis Gods, die Nebukadnezar uit den tempel, die te Jeruzalem was, heeft weggevoerd, en naar Babel gebracht, wedergeven, dat zij gaan naar den tempel, die te Jeruzalem is, aan zijn plaats, en men zal ze afvoeren ten huize Gods.\n"
                },
                "6": {
                    "verse_nr": 6,
                    "verse": "Nu, gij Thathnai, landvoogd aan gene zijde der rivier, gij Sthar-Boznai, met ulieder gezelschap, gij Afarsechaieten, die aan gene zijde der rivier zijt, weest verre van daar!\n"
                },
                "7": {
                    "verse_nr": 7,
                    "verse": "Laat hen aan den arbeid van dit huis Gods; dat de landvoogd der Joden en de oudsten der Joden dit huis Gods bouwen aan zijn plaats.\n"
                },
                "8": {
                    "verse_nr": 8,
                    "verse": "Ook wordt van mij bevel gegeven, wat gijlieden doen zult aan de oudsten dezer Joden, om dit huis Gods te bouwen; te weten, dat uit des konings goederen, van den cijns aan gene zijde der rivier, de onkosten dezen mannen spoediglijk gegeven worden, opdat men hen niet belette.\n"
                },
                "9": {
                    "verse_nr": 9,
                    "verse": "En wat nodig is, als jonge runderen, en rammen, en lammeren, tot brandofferen aan den God des hemels, tarwe, zout, wijn en olie, naar het zeggen der priesteren, die te Jeruzalem zijn, dat het hun dag bij dag gegeven worde, dat er geen feil zij;\n"
                },
                "10": {
                    "verse_nr": 10,
                    "verse": "Opdat zij offeranden van liefelijken reuk aan den God des hemels offeren, en bidden voor het leven des konings en zijner kinderen.\n"
                },
                "11": {
                    "verse_nr": 11,
                    "verse": "Voorts wordt bevel van mij gegeven, dat al dengene, die dit woord zal veranderen, een hout uit zijn huis zal gerukt en opgericht worden, waaraan hij zal worden opgehangen; en zijn huis zal om diens wille tot een drekhoop gemaakt worden.\n"
                },
                "12": {
                    "verse_nr": 12,
                    "verse": "De God nu, die Zijn Naam aldaar heeft doen wonen, werpe ter neder alle koningen en volken, die hun hand zullen uitstrekken, om te veranderen en te verderven dit huis Gods, dat te Jeruzalem is. Ik, Darius, heb het bevel gegeven, dat het spoediglijk gedaan worde.\n"
                },
                "13": {
                    "verse_nr": 13,
                    "verse": "Toen deden Thathnai, de landvoogd aan gene zijde der rivier, Sthar-Boznai, en hun gezelschap, spoediglijk alzo, naar hetgeen de koning Darius gezonden had.\n"
                },
                "14": {
                    "verse_nr": 14,
                    "verse": "En de oudsten der Joden bouwden en gingen voorspoediglijk voort, door de profetie van den profeet Haggai en Zacharia, den zoon van Iddo; en zij bouwden en voltrokken het, naar het bevel van den God Israels, en naar het bevel van Kores, en Darius, en Arthahsasta, koning van Perzie.\n"
                },
                "15": {
                    "verse_nr": 15,
                    "verse": "En dit huis werd volbracht op den derden dag der maand Adar; datzelve was het zesde jaar van het koninkrijk van den koning Darius.\n"
                },
                "16": {
                    "verse_nr": 16,
                    "verse": "En de kinderen Israels, de priesteren en Levieten, en de overige kinderen der gevangenis deden de inwijding van dit huis Gods met vreugde.\n"
                },
                "17": {
                    "verse_nr": 17,
                    "verse": "En zij offerden, ter inwijding van dit huis Gods, honderd runderen, tweehonderd rammen, vierhonderd lammeren en twaalf geitenbokken, ten zondoffer voor gans Israel, naar het getal der stammen Israels.\n"
                },
                "18": {
                    "verse_nr": 18,
                    "verse": "En zij stelden de priesteren in hun onderscheidingen, en de Levieten in hun verdelingen, tot den dienst Gods, Die te Jeruzalem is, naar het voorschrift des boeks van Mozes.\n"
                },
                "19": {
                    "verse_nr": 19,
                    "verse": "Ook hielden de kinderen der gevangenis het pascha, op den veertienden der eerste maand.\n"
                },
                "20": {
                    "verse_nr": 20,
                    "verse": "Want de priesters en de Levieten hadden zich gereinigd als een enig man; zij waren allen rein; en zij slachtten het pascha voor alle kinderen der gevangenis, en voor hun broederen, de priesteren, en voor zichzelven.\n"
                },
                "21": {
                    "verse_nr": 21,
                    "verse": "Alzo aten de kinderen Israels, die uit de gevangenis wedergekomen waren, mitsgaders al wie zich van de onreinigheid der heidenen des lands tot hen afgezonderd had, om den HEERE, den God Israels, te zoeken.\n"
                },
                "22": {
                    "verse_nr": 22,
                    "verse": "En zij hielden het feest der ongezuurde broden zeven dagen, met blijdschap; want de HEERE had hen verblijd, en het hart des konings van Assur tot hen gewend, om hun handen te sterken in het huis Gods, des Gods van Israel.\n"
                }
            }
        },
        "7": {
            "chapter_nr": 7,
            "chapter": {
                "1": {
                    "verse_nr": 1,
                    "verse": "Na deze geschiedenissen nu, in het koninkrijk van Arthahsasta, koning van Perzie: Ezra, de zoon van Seraja, den zoon van Azarja, den zoon van Hilkia,\n"
                },
                "2": {
                    "verse_nr": 2,
                    "verse": "Den zoon van Sallum, den zoon van Zadok, den zoon van Ahitub,\n"
                },
                "3": {
                    "verse_nr": 3,
                    "verse": "Den zoon van Amarja, den zoon van Azarja, den zoon van Merajoth,\n"
                },
                "4": {
                    "verse_nr": 4,
                    "verse": "Den zoon van Zerahja, den zoon van Uzzi, den zoon van Bukki,\n"
                },
                "5": {
                    "verse_nr": 5,
                    "verse": "Den zoon van Abisua, den zoon van Pinehas, den zoon van Eleazar, den zoon van Aaron, den hoofdpriester.\n"
                },
                "6": {
                    "verse_nr": 6,
                    "verse": "Deze Ezra toog op uit Babel; en hij was een vaardig schriftgeleerde in de wet van Mozes, die de HEERE, de God Israels, gegeven heeft; en de koning gaf hem, naar de hand des HEEREN, zijns Gods, over hem, al zijn verzoek.\n"
                },
                "7": {
                    "verse_nr": 7,
                    "verse": "Ook sommigen van de kinderen Israels, en van de priesteren en de Levieten, en de zangers, en de poortiers, en de Nethinim, togen op naar Jeruzalem, in het zevende jaar van den koning Arthahsasta.\n"
                },
                "8": {
                    "verse_nr": 8,
                    "verse": "En hij kwam te Jeruzalem in de vijfde maand; dat was het zevende jaar dezes konings.\n"
                },
                "9": {
                    "verse_nr": 9,
                    "verse": "Want op den eersten der eerste maand was het begin des optochts uit Babel, en op den eersten der vijfde maand kwam hij te Jeruzalem, naar de goede hand zijns Gods over hem.\n"
                },
                "10": {
                    "verse_nr": 10,
                    "verse": "Want Ezra had zijn hart gericht, om de wet des HEEREN te zoeken en te doen, en om in Israel te leren de inzettingen en de rechten.\n"
                },
                "11": {
                    "verse_nr": 11,
                    "verse": "Dit is nu het afschrift des briefs, dien de koning Arthahsasta gaf aan Ezra, den priester, den schriftgeleerde; den schriftgeleerde van de woorden der geboden des HEEREN, en Zijn inzettingen over Israel:\n"
                },
                "12": {
                    "verse_nr": 12,
                    "verse": "Arthahsasta koning der koningen, aan Ezra, den priester, den schriftgeleerde der wet van den God des hemels, volkomen vrede en op zulken tijd.\n"
                },
                "13": {
                    "verse_nr": 13,
                    "verse": "Van mij wordt bevel gegeven, dat al wie vrijwillig is in mijn koninkrijk, van het volk van Israel, en van deszelfs priesteren en Levieten, om te gaan naar Jeruzalem, dat hij met u ga.\n"
                },
                "14": {
                    "verse_nr": 14,
                    "verse": "Dewijl gij van voor den koning en zijn zeven raadsheren gezonden zijt, om onderzoek te doen in Judea, en te Jeruzalem, naar de wet uws Gods, die in uw hand is;\n"
                },
                "15": {
                    "verse_nr": 15,
                    "verse": "En om henen te brengen het zilver en goud, dat de koning en zijn raadsheren vrijwilliglijk gegeven hebben aan den God Israels, Wiens woning te Jeruzalem is;\n"
                },
                "16": {
                    "verse_nr": 16,
                    "verse": "Mitsgaders al het zilver en goud, dat gij vinden zult in het ganse landschap van Babel, met de vrijwillige gave des volks en der priesteren, die vrijwilliglijk geven, ten huize huns Gods, dat te Jeruzalem is;\n"
                },
                "17": {
                    "verse_nr": 17,
                    "verse": "Opdat gij spoediglijk voor dat geld koopt runderen, rammen, lammeren, met hun spijsofferen, en hun drankofferen, en die offert op het altaar van het huis van ulieder God, dat te Jeruzalem is.\n"
                },
                "18": {
                    "verse_nr": 18,
                    "verse": "Daartoe, wat u en uw broederen goeddunken zal, met het overige zilver en goud te doen, zult gijlieden doen naar het welgevallen uws Gods.\n"
                },
                "19": {
                    "verse_nr": 19,
                    "verse": "En geef de vaten, die u gegeven zijn tot den dienst van het huis uws Gods, weder voor den God van Jeruzalem.\n"
                },
                "20": {
                    "verse_nr": 20,
                    "verse": "Het overige nu, dat van node zal zijn voor het huis uws Gods, dat u voorvallen zal uit te geven, zult gij geven uit het schathuis des konings.\n"
                },
                "21": {
                    "verse_nr": 21,
                    "verse": "En van mij, mij, koning Arthahsasta, wordt bevel gegeven aan alle schatmeesters, die aan gene zijde der rivier zijt, dat alles, wat Ezra, de priester, de schriftgeleerde der wet van den God des hemels, van u zal begeren, spoediglijk gedaan worde;\n"
                },
                "22": {
                    "verse_nr": 22,
                    "verse": "Tot honderd talenten zilvers toe, en tot honderd kor tarwe, en tot honderd bath wijn, en tot honderd bath olie, en zout zonder voorschrift.\n"
                },
                "23": {
                    "verse_nr": 23,
                    "verse": "Al wat naar het bevel van den God des hemels is, dat het vlijtiglijk gedaan worde, voor het huis van den God des hemels; want waartoe zou er grote toorn zijn over het koninkrijk des konings en zijner kinderen?\n"
                },
                "24": {
                    "verse_nr": 24,
                    "verse": "Ook laten wij ulieden weten, aangaande alle priesteren en Levieten, zangers, poortiers, Nethinim en dienaars van het huis dezes Gods, dat men den cijns, ouden impost en tol hun niet zal vermogen op te leggen.\n"
                },
                "25": {
                    "verse_nr": 25,
                    "verse": "En gij, Ezra, naar de wijsheid uws Gods, die in uw hand is, stel regeerders en richters, die al het volk richten, dat aan gene zijde der rivier is, allen, die de wetten Gods weten, en die ze niet weet, zult gijlieden die bekend maken.\n"
                },
                "26": {
                    "verse_nr": 26,
                    "verse": "En al wie de wet uws Gods en de wet des konings niet zal doen, over dien laat spoediglijk recht worden gedaan, hetzij ter dood, of tot uitbanning, of tot boete van goederen, of tot de banden.\n"
                },
                "27": {
                    "verse_nr": 27,
                    "verse": "Geloofd zij de HEERE, de God onzer vaderen, Die alzulks in het hart des konings gegeven heeft, om te versieren het huis des HEEREN, dat te Jeruzalem is.\n"
                },
                "28": {
                    "verse_nr": 28,
                    "verse": "En heeft tot mij weldadigheid geneigd, voor het aangezicht des konings en zijner raadsheren, en aller geweldige vorsten des konings! Zo heb ik mij gesterkt, naar de hand des HEEREN, mijns Gods, over mij, en de hoofden uit Israel vergaderd, om met mij op te trekken.\n"
                }
            }
        },
        "8": {
            "chapter_nr": 8,
            "chapter": {
                "1": {
                    "verse_nr": 1,
                    "verse": "Dit nu zijn de hoofden hunner vaderen, met hun geslachtsrekening, die met mij uit Babel optogen, onder het koninkrijk van den koning Arthahsasta.\n"
                },
                "2": {
                    "verse_nr": 2,
                    "verse": "Van de kinderen van Pinehas, Gersom; van de kinderen van Ithamar, Daniel; van de kinderen van David, Hattus.\n"
                },
                "3": {
                    "verse_nr": 3,
                    "verse": "Van de kinderen van Sechanja, van de kinderen van Paros, Zacharja; en met hem werden bij geslachtsregisters gerekend, aan manspersonen, honderd en vijftig.\n"
                },
                "4": {
                    "verse_nr": 4,
                    "verse": "Van de kinderen van Pahath-Moab, Eljehoenai, van de zoon van Zerahja; en met hem tweehonderd manspersonen.\n"
                },
                "5": {
                    "verse_nr": 5,
                    "verse": "Van de kinderen van Sechanja, de zoon van Jahaziel; en met hem driehonderd manspersonen.\n"
                },
                "6": {
                    "verse_nr": 6,
                    "verse": "En van de kinderen van Adin, Ebed, de zoon van Jonathan; en met hem vijftig manspersonen.\n"
                },
                "7": {
                    "verse_nr": 7,
                    "verse": "En van de kinderen van Elam, Jesaja, de zoon van Athalja; en met hem zeventig manspersonen.\n"
                },
                "8": {
                    "verse_nr": 8,
                    "verse": "En van de kinderen van Sefatja, Zebadja, de zoon van Michael; en met hem tachtig manspersonen.\n"
                },
                "9": {
                    "verse_nr": 9,
                    "verse": "En van de kinderen van Joab, Obadja, de zoon van Jehiel; en met hem tweehonderd en achttien manspersonen.\n"
                },
                "10": {
                    "verse_nr": 10,
                    "verse": "En van de kinderen van Selomith, de zoon van Josifja; en met hem honderd en zestig manspersonen.\n"
                },
                "11": {
                    "verse_nr": 11,
                    "verse": "En van de kinderen van Babai, Zacharja, de zoon van Bebai; en met hem acht en twintig manspersonen.\n"
                },
                "12": {
                    "verse_nr": 12,
                    "verse": "En van de kinderen van Azgad, Johanan, de zoon van Katan; en met hem honderd en tien manspersonen.\n"
                },
                "13": {
                    "verse_nr": 13,
                    "verse": "En van de laatste kinderen van Adonikam, welker namen deze waren: Elifelet, Jehiel, en Semaja; en met hen zestig manspersonen.\n"
                },
                "14": {
                    "verse_nr": 14,
                    "verse": "En van de kinderen van Bigvai, Uthai en Zabbud; en met hen zeventig manspersonen.\n"
                },
                "15": {
                    "verse_nr": 15,
                    "verse": "En ik vergaderde hen aan de rivier, gaande naar Ahava, en wij legerden ons aldaar drie dagen; toen lette ik op het volk en de priesteren, en vond aldaar geen van de kinderen van Levi.\n"
                },
                "16": {
                    "verse_nr": 16,
                    "verse": "Zo zond ik tot Eliezer, tot Ariel, tot Semaja, en tot Elnathan, en tot Jarib, en tot Elnathan, en tot Nathan, en tot Zacharja, en tot Mesullam, de hoofden; en tot Jojarib en tot Elnathan, de leraars;\n"
                },
                "17": {
                    "verse_nr": 17,
                    "verse": "En ik gaf hun bevel aan Iddo, het hoofd in de plaats Chasifja; en ik legde de woorden in hun mond, om te zeggen tot Iddo, zijn broeder, en de Nethinim, in de plaats Chasifja, dat zij ons brachten dienaars voor het huis onzes Gods.\n"
                },
                "18": {
                    "verse_nr": 18,
                    "verse": "En zij brachten ons, naar de goede hand onzes Gods over ons, een man van verstand, van de kinderen van Mahli, den zoon van Levi, den zoon van Israel; namelijk Serebja, met zijn zonen en broederen, achttien;\n"
                },
                "19": {
                    "verse_nr": 19,
                    "verse": "En Hasabja, en met hem Jesaja, van de kinderen van Merari, met zijn broederen, en hun zonen, twintig;\n"
                },
                "20": {
                    "verse_nr": 20,
                    "verse": "En van Nethinim, die David en de vorsten ten dienste der Levieten gegeven hadden, tweehonderd en twintig Nethinim, die allen bij namen genoemd werden.\n"
                },
                "21": {
                    "verse_nr": 21,
                    "verse": "Toen riep ik aldaar een vasten uit aan de rivier Ahava, opdat wij ons verootmoedigden voor het aangezicht onzes Gods, om van Hem te verzoeken een rechten weg, voor ons, en voor onze kinderkens, en voor al onze have.\n"
                },
                "22": {
                    "verse_nr": 22,
                    "verse": "Want ik schaamde mij van den koning een heir en ruiters te begeren, om ons te helpen van den vijand, op den weg; omdat wij tot den koning hadden gesproken, zeggende: De hand onzes Gods is ten goede over allen, die Hem zoeken, maar Zijn sterkte en Zijn toorn over allen, die Hem verlaten.\n"
                },
                "23": {
                    "verse_nr": 23,
                    "verse": "Alzo vastten wij; en verzochten zulks van onzen God; en Hij liet zich van ons verbidden.\n"
                },
                "24": {
                    "verse_nr": 24,
                    "verse": "Toen scheidde ik twaalf uit van de oversten der priesteren: Serebja Hasabja, en tien van hun broederen met hen.\n"
                },
                "25": {
                    "verse_nr": 25,
                    "verse": "En ik woog hun toe het zilver, en het goud, en de vaten, zijnde de offering van het huis onzes Gods die de koning en zijn raadsheren, en zijn vorsten, en gans Israel, die er gevonden werden, geofferd hadden;\n"
                },
                "26": {
                    "verse_nr": 26,
                    "verse": "Ik woog dan aan hun hand zeshonderd en vijftig talenten zilvers, en honderd zilveren vaten in talenten; aan goud, honderd talenten;\n"
                },
                "27": {
                    "verse_nr": 27,
                    "verse": "En twintig gouden bekers, tot duizend drachmen; en twee vaten van blinkend goed koper, begeerlijk als goud.\n"
                },
                "28": {
                    "verse_nr": 28,
                    "verse": "En ik zeide tot hen: Gij zijt heilig den HEERE, en deze vaten zijn heilig; ook dit zilver en dit goud, de vrijwillige gave, den HEERE, den God uwer vaderen.\n"
                },
                "29": {
                    "verse_nr": 29,
                    "verse": "Waakt en bewaart het, totdat gij het opweegt, in tegenwoordigheid van de oversten der priesteren en Levieten, en der vorsten der vaderen van Israel, te Jeruzalem, in de kameren van des HEEREN huis.\n"
                },
                "30": {
                    "verse_nr": 30,
                    "verse": "Toen ontvingen de priesters en de Levieten het gewicht des zilvers en des gouds, en der vaten, om te brengen te Jeruzalem, ten huize onzes Gods.\n"
                },
                "31": {
                    "verse_nr": 31,
                    "verse": "Alzo verreisden wij van de rivier Ahava, op den twaalfden der eerste maand, om te gaan naar Jeruzalem; en de hand onzes Gods was over ons, en redde ons van de hand des vijands, en desgenen, die ons lagen legde op den weg.\n"
                },
                "32": {
                    "verse_nr": 32,
                    "verse": "En wij kwamen te Jeruzalem; en wij bleven aldaar drie dagen.\n"
                },
                "33": {
                    "verse_nr": 33,
                    "verse": "Op den vierden dag nu werd gewogen het zilver, en het goud, en de vaten, in het huis onzes Gods, aan de hand van Meremoth, den zoon van Uria, den priester, en met hem Eleazar, de zoon van Pinehas; en met hem Jozabad, de zoon van Jesua, en Noadja, de zoon van Binnui, de Levieten.\n"
                },
                "34": {
                    "verse_nr": 34,
                    "verse": "Naar het getal en naar het gewicht van dat alles; en het ganse gewicht werd ter zelfder tijd opgeschreven.\n"
                },
                "35": {
                    "verse_nr": 35,
                    "verse": "En de weggevoerden, die uit de gevangenis gekomen waren, offerden den God Israels brandofferen; twaalf varren voor gans Israel, zes en negentig rammen, zeven en zeventig lammeren, twaalf bokken ten zondoffer; alles ten brandoffer den HEERE.\n"
                },
                "36": {
                    "verse_nr": 36,
                    "verse": "Daarna gaven zij de wetten des konings aan des konings stadhouders en landvoogden aan deze zijde der rivier; en zij bevorderden het volk en het huis Gods.\n"
                }
            }
        },
        "9": {
            "chapter_nr": 9,
            "chapter": {
                "1": {
                    "verse_nr": 1,
                    "verse": "Als nu deze dingen voleind waren, traden de vorsten tot mij toe, zeggende: Het volk Israels, en de priesters, en de Levieten, zijn niet afgezonderd van de volken dezer landen, naar hun gruwelen, namelijk van de Kanaanieten, de Hethieten, de Ferezieten, de Jebusieten, de Ammonieten, de Moabieten, de Egyptenaren en Amorieten.\n"
                },
                "2": {
                    "verse_nr": 2,
                    "verse": "Want zij hebben van hun dochteren genomen voor zichzelven en voor hun zonen, zodat zich vermengd hebben het heilig zaad met de volken dezer landen; ja, de hand der vorsten en overheden is de eerste geweest in deze overtreding.\n"
                },
                "3": {
                    "verse_nr": 3,
                    "verse": "Als ik nu deze zaak hoorde, scheurde ik mijn kleed en mijn mantel; en ik trok van het haar mijns hoofds en mijns baards uit, en zat verbaasd neder.\n"
                },
                "4": {
                    "verse_nr": 4,
                    "verse": "Toen verzamelden zich tot mij allen, die voor de woorden van den God Israels beefden, om de overtreding der weggevoerden; doch ik bleef verbaasd zitten tot aan het avondoffer.\n"
                },
                "5": {
                    "verse_nr": 5,
                    "verse": "En omtrent het avondoffer stond ik op uit mijn bedruktheid, als ik nu mijn kleed en mijn mantel gescheurd had; en ik boog mij op mijn knieen, en breidde mijn handen uit tot den HEERE, mijn God.\n"
                },
                "6": {
                    "verse_nr": 6,
                    "verse": "En ik zeide: Mijn God, ik ben beschaamd en schaamrood, om mijn aangezicht tot U op te heffen, mijn God; want onze ongerechtigheden zijn vermenigvuldigd tot boven ons hoofd, en onze schuld is groot geworden tot aan den hemel.\n"
                },
                "7": {
                    "verse_nr": 7,
                    "verse": "Van de dagen onzer vaderen af zijn wij in grote schuld tot op dezen dag; en wij zijn om onze ongerechtigheden overgegeven, wij, onze koningen en onze priesters, in de hand van de koningen der landen, in zwaard, in gevangenis, en in roof, en in schaamte des aangezichts, gelijk het is te dezen dage.\n"
                },
                "8": {
                    "verse_nr": 8,
                    "verse": "En nu is er, als een klein ogenblik, een genade geschied van den HEERE, onzen God, om ons een ontkoming over te laten, en ons een nagel te geven in Zijn heilige plaats, om onze ogen te verlichten, o onze God, en om ons een weinig levens te geven in onze dienstbaarheid.\n"
                },
                "9": {
                    "verse_nr": 9,
                    "verse": "Want wij zijn knechten; doch in onze dienstbaarheid heeft ons onze God niet verlaten; maar Hij heeft weldadigheid tot ons geneigd voor het aangezicht der koningen van Perzie, dat Hij ons een weinig levens gave, om het huis onzes Gods te verhogen, en de woestigheden van hetzelve op te richten, en om ons een tuin te geven in Juda en te Jeruzalem.\n"
                },
                "10": {
                    "verse_nr": 10,
                    "verse": "En nu, wat zullen wij zeggen, o onze God! na dezen? Want wij hebben Uw geboden verlaten,\n"
                },
                "11": {
                    "verse_nr": 11,
                    "verse": "Die Gij geboden hadt door den dienst Uwer knechten, de profeten, zeggende: Het land, waar gijlieden inkomt, om dat te erven, is een vuil land, door de vuiligheid van de volken der landen, om hun gruwelen, waarmede zij dat vervuild hebben, van het ene einde tot het andere einde, met hun onreinigheid.\n"
                },
                "12": {
                    "verse_nr": 12,
                    "verse": "Zo zult gij nu uw dochteren niet geven aan hun zonen, en hun dochteren niet nemen voor uw zonen, en zult hun vrede en hun best niet zoeken, tot in eeuwigheid; opdat gij sterk wordt, en het goede des lands eet, en uw kinderen doet erven tot in eeuwigheid.\n"
                },
                "13": {
                    "verse_nr": 13,
                    "verse": "En na alles, wat over ons gekomen is, om onze boze werken, en om onze grote schuld, omdat Gij, o onze God! belet hebt, dat wij niet te onder zijn vanwege onze ongerechtigheid, en hebt ons een ontkoming gegeven, als deze is;\n"
                },
                "14": {
                    "verse_nr": 14,
                    "verse": "Zullen wij nu wederkeren, om Uw geboden te vernietigen, en ons te verzwageren met de volken dezer gruwelen? Zoudt Gij niet tegen ons toornen tot verterens toe, dat er geen overblijfsel noch ontkoming zij?\n"
                },
                "15": {
                    "verse_nr": 15,
                    "verse": "O HEERE, God van Israel! Gij zijt rechtvaardig; want wij zijn overgelaten ter ontkoming, als het is te dezen dage. Zie, wij zijn voor Uw aangezicht in onze schuld; want er is niemand, die voor Uw aangezicht zou kunnen bestaan, om zulks.\n"
                }
            }
        },
        "10": {
            "chapter_nr": 10,
            "chapter": {
                "1": {
                    "verse_nr": 1,
                    "verse": "Als Ezra alzo bad, en als hij deze belijdenis deed, wenende en zich voor Gods huis nederwerpende, verzamelde zich tot hem uit Israel een zeer grote gemeente van mannen, en vrouwen, en kinderen; want het volk weende met groot geween.\n"
                },
                "2": {
                    "verse_nr": 2,
                    "verse": "Toen antwoordde Sechanja, de zoon van Jehiel, een van de zonen van Elam, en zeide tot Ezra: Wij hebben overtreden tegen onzen God, en wij hebben vreemde vrouwen van de volken des lands bij ons doen wonen; maar nu, er is hope voor Israel, dezen aangaande.\n"
                },
                "3": {
                    "verse_nr": 3,
                    "verse": "Laat ons dan nu een verbond maken met onze God, dat wij al die vrouwen, en wat van haar geboren is, zullen doen uitgaan, naar den raad des HEEREN, en dergenen, die beven voor het gebod onzes Gods; en laat er gedaan worden naar de wet.\n"
                },
                "4": {
                    "verse_nr": 4,
                    "verse": "Sta op, want deze zaak komt u toe; en wij zullen met u zijn; wees sterk en doe het.\n"
                },
                "5": {
                    "verse_nr": 5,
                    "verse": "Toen stond Ezra op, en deed de oversten der priesteren, de Levieten en gans Israel zweren, te zullen doen naar dit woord; en zij zwoeren.\n"
                },
                "6": {
                    "verse_nr": 6,
                    "verse": "En Ezra stond op van voor Gods huis, en ging in de kamer van Johanan, den zoon van Eljasib; als hij daar kwam, at hij geen brood, en dronk geen water, want hij bedreef rouw over de overtreding der weggevoerden.\n"
                },
                "7": {
                    "verse_nr": 7,
                    "verse": "En zij lieten een stem doorgaan door Juda en Jeruzalem, aan al de kinderen der gevangenis, dat zij zich te Jeruzalem zouden verzamelen.\n"
                },
                "8": {
                    "verse_nr": 8,
                    "verse": "En al wie niet kwam in drie dagen, naar den raad der vorsten en der oudsten, al zijn have zou verbannen zijn; en hij zelf zou afgezonderd wezen van de gemeente der weggevoerden.\n"
                },
                "9": {
                    "verse_nr": 9,
                    "verse": "Toen verzamelden zich alle mannen van Juda en Benjamin te Jeruzalem in drie dagen; het was de negende maand op den twintigsten in de maand; en al het volk zat op de straat van Gods huis, sidderende om deze zaak, en vanwege de plasregenen.\n"
                },
                "10": {
                    "verse_nr": 10,
                    "verse": "Toen stond Ezra, de priester, op en zeide tot hen: Gijlieden hebt overtreden, en vreemde vrouwen bij u doen wonen, om Israels schuld te vermeerderen.\n"
                },
                "11": {
                    "verse_nr": 11,
                    "verse": "Nu dan, doet den HEERE, uwer vaderen God, belijdenis en doet Zijn welgevallen, en scheidt u af van de volken des lands, en van de vreemde vrouwen.\n"
                },
                "12": {
                    "verse_nr": 12,
                    "verse": "En de ganse gemeente antwoordde en zeide met luider stem: Naar uw woorden, alzo komt het ons toe te doen.\n"
                },
                "13": {
                    "verse_nr": 13,
                    "verse": "Maar des volks is veel, en het is een tijd van plasregen, dat men hier buiten niet staan kan; en het is geen werk van een dag noch van twee; want velen onzer hebben overtreden in deze zaak.\n"
                },
                "14": {
                    "verse_nr": 14,
                    "verse": "Laat toch onze vorsten der ganse gemeente hierover staan, en allen, die in onze steden zijn, die vreemde vrouwen bij zich hebben doen wonen, op gezette tijden komen, en met hen de oudsten van elke stad en derzelver rechters; totdat wij van ons afwenden de hittigheid des toorns onzes Gods, om dezer zaken wil.\n"
                },
                "15": {
                    "verse_nr": 15,
                    "verse": "Alleenlijk Jonathan, de zoon van Asahel, en Jehazia, de zoon van Tikva, stonden hierover; en Mesullam, en Sabbethai, de Leviet, hielpen hen.\n"
                },
                "16": {
                    "verse_nr": 16,
                    "verse": "En de kinderen der gevangenis deden alzo; en Ezra, de priester, met de mannen, de hoofden der vaderen, naar het huis hunner vaderen, en zij allen, bij namen genoemd, scheidden zich af, en zij zaten op den eersten dag der tiende maand, om deze zaak te onderzoeken.\n"
                },
                "17": {
                    "verse_nr": 17,
                    "verse": "En zij voleindden het met alle mannen, die vreemde vrouwen bij zich hadden doen wonen, tot op den eersten dag der eerste maand.\n"
                },
                "18": {
                    "verse_nr": 18,
                    "verse": "En er werden gevonden van de zonen der priesteren, die vreemde vrouwen bij zich hadden doen wonen; van de zonen van Jesua, den zoon van Jozadak, en zijn broederen, Maaseja, en Eliezer, en Jarib, en Gedalja.\n"
                },
                "19": {
                    "verse_nr": 19,
                    "verse": "En zij gaven hun hand, dat zij hun vrouwen zouden doen uitgaan; en schuldig zijnde, offerden zij een ram van de kudde voor hun schuld.\n"
                },
                "20": {
                    "verse_nr": 20,
                    "verse": "En van de kinderen van Immer: Hanani en Zebadja.\n"
                },
                "21": {
                    "verse_nr": 21,
                    "verse": "En van de kinderen van Harim: Maaseja, en Elia, en Semaja, en Jehiel, en Uzia,\n"
                },
                "22": {
                    "verse_nr": 22,
                    "verse": "En van de kinderen van Pashur: Eljoenai, Maaseja, Ismael, Nethaneel, Jozabad en Elasa.\n"
                },
                "23": {
                    "verse_nr": 23,
                    "verse": "En van de Levieten: Jozabad, en Simei, en Kelaja (deze is Kelita), Pethahja, Juda en Eliezer.\n"
                },
                "24": {
                    "verse_nr": 24,
                    "verse": "En van de zangers: Eljasib; en van de poortiers: Sallum, en Telem, en Uri.\n"
                },
                "25": {
                    "verse_nr": 25,
                    "verse": "En van Israel: van de kinderen van Paros: Ramja, en Jezia, en Malchia, en Mijamim, en Eleazar, en Malchia, en Benaja.\n"
                },
                "26": {
                    "verse_nr": 26,
                    "verse": "En van de kinderen van Elam: Mattanja, Zacharja, en Jehiel, en Abdi, en Jeremoth, en Elia.\n"
                },
                "27": {
                    "verse_nr": 27,
                    "verse": "En van de kinderen van Zatthu: Eljoenai, Eljasib, Mattanja, en Jeremoth, en Zabad, Aziza.\n"
                },
                "28": {
                    "verse_nr": 28,
                    "verse": "En van de kinderen van Bebai: Johanan, Hananja, Sabbai, en Athlai.\n"
                },
                "29": {
                    "verse_nr": 29,
                    "verse": "En van de kinderen van Bani: Mesullam, Malluch en Adaja, Jasub en Seal, Jeramoth.\n"
                },
                "30": {
                    "verse_nr": 30,
                    "verse": "En van de kinderen van Pahath-Moab: Adna, en Chelal, Benaja, Maaseja, Mattanja, Bezaleel, en Binnui, en Manasse.\n"
                },
                "31": {
                    "verse_nr": 31,
                    "verse": "En van de kinderen van Harim: Eliezer, Jissia, Malchia, Semaja, Simeon,\n"
                },
                "32": {
                    "verse_nr": 32,
                    "verse": "Benjamin, Malluch, Semarja.\n"
                },
                "33": {
                    "verse_nr": 33,
                    "verse": "Van de kinderen van Hasum: Mathnai, Mattata, Zabad, Elifelet, Jeremai, Manasse, Simei.\n"
                },
                "34": {
                    "verse_nr": 34,
                    "verse": "Van de kinderen van Bani: Maadai, Amram, en Uel,\n"
                },
                "35": {
                    "verse_nr": 35,
                    "verse": "Benaja, Bedeja, Cheluhu,\n"
                },
                "36": {
                    "verse_nr": 36,
                    "verse": "Vanja, Meremoth, Eljasib,\n"
                },
                "37": {
                    "verse_nr": 37,
                    "verse": "Mattanja, Mathnai, en Jaasai,\n"
                },
                "38": {
                    "verse_nr": 38,
                    "verse": "En Bani, en Binnui, Simei,\n"
                },
                "39": {
                    "verse_nr": 39,
                    "verse": "En Selemja, en Nathan, en Adaja,\n"
                },
                "40": {
                    "verse_nr": 40,
                    "verse": "Machnadbai, Sasai, Sarai,\n"
                },
                "41": {
                    "verse_nr": 41,
                    "verse": "Azareel, Selemja, Semarja,\n"
                },
                "42": {
                    "verse_nr": 42,
                    "verse": "Sallum, Amarja, Jozef.\n"
                },
                "43": {
                    "verse_nr": 43,
                    "verse": "Van de kinderen van Nebo: Jeiel, Mattithja, Zabad, Zebina, Jaddai, en Joel, Benaja.\n"
                },
                "44": {
                    "verse_nr": 44,
                    "verse": "Alle dezen hadden vreemde vrouwen genomen; en sommigen van hen hadden vrouwen, waarbij zij kinderen gekregen hadden.\n"
                }
            }
        }
    }
}