{
    "version": "SLV",
    "book_name": "Ephesians",
    "book_nr": "49",
    "book": {
        "1": {
            "chapter_nr": "1",
            "chapter": {
                "1": {
                    "verse_nr": "1",
                    "verse": "Pavel, po Bo\u017eji volji apostol Jezusa Kristusa, svetim, ki so v Efezu in zvestim v Kristusu Jezusu:"
                },
                "2": {
                    "verse_nr": "2",
                    "verse": "\u201aMilost bodi vam in mir od Boga, na\u0161ega O\u010deta in od Gospoda Jezusa Kristusa.\u2018"
                },
                "3": {
                    "verse_nr": "3",
                    "verse": "Blagoslovljen bodi Bog in O\u010de na\u0161ega Gospoda Jezusa Kristusa, ki nas je blagoslovil z vsemi duhovnimi blagoslovi v nebe\u0161kih prostorih v Kristusu;"
                },
                "4": {
                    "verse_nr": "4",
                    "verse": "v kolikor nas je pred ustanovitvijo sveta izbral v njem, da bi bili pred njim sveti in brez graje, v ljubezni,"
                },
                "5": {
                    "verse_nr": "5",
                    "verse": "nas je glede na dobro voljo svojega hotenja zase vnaprej dolo\u010dil za posvojitev otrok po Jezusu Kristusu,"
                },
                "6": {
                    "verse_nr": "6",
                    "verse": "v hvalo slave njegove milosti, v \u010demer nas je naredil sprejete v ljubljenem."
                },
                "7": {
                    "verse_nr": "7",
                    "verse": "V katerem imamo po njegovi krvi odkupitev, odpu\u0161\u010danje grehov glede na bogastva njegove milosti;"
                },
                "8": {
                    "verse_nr": "8",
                    "verse": "v \u010demer je imel do nas obilje v vsej modrosti in razumnosti,"
                },
                "9": {
                    "verse_nr": "9",
                    "verse": "ko nam je dal spoznati skrivnost njegove volje, po svojem zadovoljstvu, katerega je namenil v sebi;"
                },
                "10": {
                    "verse_nr": "10",
                    "verse": "da v razdeljevanju polnosti \u010dasov lahko zbere skupaj v eno vse stvari v Kristusu, tako te, ki so na nebu, kakor te, ki so na zemlji; cel\u00f3 v njem;"
                },
                "11": {
                    "verse_nr": "11",
                    "verse": "v katerem smo dosegli tudi dedi\u0161\u010dino, vnaprej dolo\u010deni glede na namen njega, ki vse stvari dela po sklepu svoje lastne volje;"
                },
                "12": {
                    "verse_nr": "12",
                    "verse": "da bi bili mi, ki smo prvi zaupali v Kristusa, v hvalo njegove slave."
                },
                "13": {
                    "verse_nr": "13",
                    "verse": "V katerega ste tudi vi zaupali, potem ko ste sli\u0161ali besedo resnice, evangelij re\u0161itve va\u0161ih du\u0161, v katerem ste bili potem, ko ste verovali, tudi zape\u010dateni s tem Svetim Duhom obljube,"
                },
                "14": {
                    "verse_nr": "14",
                    "verse": "ki je poro\u0161tvo na\u0161e dedi\u0161\u010dine do odkupitve kupljene lastnine, v hvalo njegove slave."
                },
                "15": {
                    "verse_nr": "15",
                    "verse": "Zato se tudi jaz, potem ko sem sli\u0161al o va\u0161i veri v Gospoda Jezusa in ljubezni do vseh svetih,"
                },
                "16": {
                    "verse_nr": "16",
                    "verse": "ne preneham zahvaljevati za vas in vas omenjati v svojih molitvah;"
                },
                "17": {
                    "verse_nr": "17",
                    "verse": "da bi vam Bog na\u0161ega Gospoda Jezusa Kristusa, O\u010de slave, lahko dal duha modrosti in razodetja v spoznanju njega;"
                },
                "18": {
                    "verse_nr": "18",
                    "verse": "da bi bile o\u010di va\u0161ega razumevanja razsvetljene, da boste lahko vedeli kak\u0161no je upanje njegovega klicanja in kak\u0161na bogastva slave njegove dedi\u0161\u010dine v svetih"
                },
                "19": {
                    "verse_nr": "19",
                    "verse": "in kak\u0161na je silna veli\u010dina njegove mo\u010di do nas, ki verujemo, glede na delovanje njegove mogo\u010dne mo\u010di,"
                },
                "20": {
                    "verse_nr": "20",
                    "verse": "katero je u\u010dinkovito prikazal v Kristusu, ko ga je dvignil od mrtvih in ga postavil na svojo lastno desnico v nebe\u0161kih prostorih,"
                },
                "21": {
                    "verse_nr": "21",
                    "verse": "dale\u010d nad vsako kne\u017eevino in oblast in mo\u010d in gospostvo ter vsako ime, ki je poimenovano ne samo na tem svetu, temve\u010d tudi na tem, ki prihaja;"
                },
                "22": {
                    "verse_nr": "22",
                    "verse": "in vse stvari je polo\u017eil pod njegova stopala in mu dal, da je nad vsemi stvarmi, glava cerkvi,"
                },
                "23": {
                    "verse_nr": "23",
                    "verse": "ki je njegovo telo, polnost njega, ki izpolnjuje vse v vsem."
                }
            }
        },
        "2": {
            "chapter_nr": "2",
            "chapter": {
                "1": {
                    "verse_nr": "1",
                    "verse": "In pohitril je vas, ki ste bili mrtvi v prestopkih in grehih,"
                },
                "2": {
                    "verse_nr": "2",
                    "verse": "v katerih ste v preteklem \u010dasu \u017eiveli glede na na\u010din tega sveta, glede na princa oblasti zraka, duha, ki sedaj deluje v otrocih neposlu\u0161nosti;"
                },
                "3": {
                    "verse_nr": "3",
                    "verse": "med katerimi smo tudi mi vsi imeli v preteklih \u010dasih na\u0161e ved\u00eanje v po\u017eelenjih na\u0161ega mesa in uresni\u010dujo\u010d \u017eelje mesa in mi\u0161ljenja in smo bili po naravi otroci besa, tako kakor drugi."
                },
                "4": {
                    "verse_nr": "4",
                    "verse": "Toda Bog, ki je bogat v usmiljenju, nas je zaradi svoje velike ljubezni, s katero nas je vzljubil,"
                },
                "5": {
                    "verse_nr": "5",
                    "verse": "cel\u00f3 ko smo bili mrtvi v grehih, skupaj s Kristusom pohitril (po milosti ste re\u0161eni)"
                },
                "6": {
                    "verse_nr": "6",
                    "verse": "in nas skupaj dvignil in nas skupaj posadil v nebe\u0161ke prostore v Kristusu Jezusu,"
                },
                "7": {
                    "verse_nr": "7",
                    "verse": "da bi v prihajajo\u010dih \u010dasih lahko pokazal izjemna bogastva svoje milosti v svoji prijaznosti do nas po Kristusu Jezusu."
                },
                "8": {
                    "verse_nr": "8",
                    "verse": "Kajti z milostjo ste re\u0161eni po veri; in to ni od vas, to je Bo\u017eji dar;"
                },
                "9": {
                    "verse_nr": "9",
                    "verse": "ne [pa] iz del, da se ne bi katerikoli \u010dlovek bahal."
                },
                "10": {
                    "verse_nr": "10",
                    "verse": "Kajti mi smo njegova izdelava, ustvarjeni v Kristusu Jezusu za dobra dela, ki jih je Bog poprej odredil, da bi v njih hodili."
                },
                "11": {
                    "verse_nr": "11",
                    "verse": "Zatorej se spomnite, da ste bili v preteklem \u010dasu pogani v mesu, ki se imenujete Neobreza po tem, kar se imenuje Obreza v mesu, storjena z rokami;"
                },
                "12": {
                    "verse_nr": "12",
                    "verse": "da ste bili ob tistem \u010dasu brez Kristusa, neznanci pred Izraelovo republiko in tujci pred zavezami obljube in niste imeli upanja in ste bili brez Boga na svetu,"
                },
                "13": {
                    "verse_nr": "13",
                    "verse": "toda sedaj ste v Kristusu Jezusu vi, ki ste bili v\u010dasih dale\u010d pro\u010d, pribli\u017eani po Kristusovi krvi."
                },
                "14": {
                    "verse_nr": "14",
                    "verse": "Kajti on je na\u0161 mir, ki je oba napravil eno in je med nami zlomil srednji zid pregrade"
                },
                "15": {
                    "verse_nr": "15",
                    "verse": "in v svojem mesu odpravil sovra\u0161tvo, cel\u00f3 zakon zapovedi, vsebovan v predpisih; zato da naredi v sebi iz dveh enega novega \u010dloveka in tako sklene mir;"
                },
                "16": {
                    "verse_nr": "16",
                    "verse": "in da lahko oba v enem telesu po kri\u017eu spravi k Bogu ter s tem umori sovra\u0161tvo;"
                },
                "17": {
                    "verse_nr": "17",
                    "verse": "in pri\u0161el je ter oznanil mir vam, ki ste bili dale\u010d stran in tem, ki so bili blizu."
                },
                "18": {
                    "verse_nr": "18",
                    "verse": "Kajti po njem imamo oboji po enem Duhu dostop k O\u010detu."
                },
                "19": {
                    "verse_nr": "19",
                    "verse": "Zdaj torej niste ve\u010d tujci in tuji ljudje, temve\u010d sodr\u017eavljani s svetimi in iz Bo\u017eje dru\u017eine"
                },
                "20": {
                    "verse_nr": "20",
                    "verse": "in zgrajeni ste na temelju apostolov ter prerokov, sam Jezus Kristus pa je glavni vogalni kamen;"
                },
                "21": {
                    "verse_nr": "21",
                    "verse": "v katerem vsa zgradba, primerno zasnovana skupaj, raste v svet tempelj v Gospodu,"
                },
                "22": {
                    "verse_nr": "22",
                    "verse": "v katerem ste tudi vi po Duhu skupaj sezidani za Bo\u017eje prebivali\u0161\u010de."
                }
            }
        },
        "3": {
            "chapter_nr": "3",
            "chapter": {
                "1": {
                    "verse_nr": "1",
                    "verse": "Zaradi tega razloga jaz, Pavel, jetnik Jezusa Kristusa za vas pogane,"
                },
                "2": {
                    "verse_nr": "2",
                    "verse": "\u010de ste sli\u0161ali o razdeljevanju Bo\u017eje milosti, katera mi je dana posebej do vas:"
                },
                "3": {
                    "verse_nr": "3",
                    "verse": "kako, da mi je po razodetju dal spoznati skrivnost (kakor sem prej napisal z nekaj besedami,"
                },
                "4": {
                    "verse_nr": "4",
                    "verse": "s \u010dimer, ko berete, lahko razumete moje spoznanje v Kristusovi skrivnosti);"
                },
                "5": {
                    "verse_nr": "5",
                    "verse": "katera v drugih \u010dasih ni bila razgla\u0161ena \u010dlove\u0161kim sinovom, kakor je sedaj po Duhu razodeta njegovim svetim apostolom in prerokom,"
                },
                "6": {
                    "verse_nr": "6",
                    "verse": "da naj bi bili pogani sodedi\u010di in iz istega telesa ter po evangeliju udele\u017eenci njegove obljube v Kristusu,"
                },
                "7": {
                    "verse_nr": "7",
                    "verse": "katerega slu\u017eabnik sem postal, glede na Bo\u017eji dar milosti, dane meni, po dejavnem delovanju njegove mo\u010di."
                },
                "8": {
                    "verse_nr": "8",
                    "verse": "Meni, ki sem manj, kakor najmanj\u0161i izmed vseh svetih, je dana ta milost, da naj bi med pogani oznanjal nedoumljiva Kristusova bogastva"
                },
                "9": {
                    "verse_nr": "9",
                    "verse": "in storil, da vsi ljudje vidijo kak\u0161na je dru\u017eba skrivnosti, ki je bila od za\u010detka sveta skrita v Bogu, ki je po Jezusu Kristusu ustvaril vse stvari;"
                },
                "10": {
                    "verse_nr": "10",
                    "verse": "z namenom, da se lahko zdaj kne\u017eevinam in oblastem v nebe\u0161kih prostorih prek cerkve da spoznati mnogovrstna Bo\u017eja modrost,"
                },
                "11": {
                    "verse_nr": "11",
                    "verse": "glede na ve\u010den namen, katerega je nameraval v Kristusu Jezusu, na\u0161em Gospodu,"
                },
                "12": {
                    "verse_nr": "12",
                    "verse": "v katerem imamo pogum in dostop z zaupanjem po njegovi veri."
                },
                "13": {
                    "verse_nr": "13",
                    "verse": "Zatorej \u017eelim, da ob mojih stiskah za vas, kar je va\u0161a slava, ne ope\u0161ate."
                },
                "14": {
                    "verse_nr": "14",
                    "verse": "Zaradi tega razloga upogibam svoja kolena k O\u010detu na\u0161ega Gospoda Jezusa Kristusa,"
                },
                "15": {
                    "verse_nr": "15",
                    "verse": "po katerem je imenovana celotna dru\u017eina na nebu in zemlji,"
                },
                "16": {
                    "verse_nr": "16",
                    "verse": "da vam bo zagotovil, glede na bogastva svoje slave, da boste v notranjem \u010dloveku okrepljeni z mo\u010djo njegovega Duha;"
                },
                "17": {
                    "verse_nr": "17",
                    "verse": "da lahko Kristus po veri prebiva v va\u0161ih srcih, da bi ukoreninjeni in utemeljeni v ljubezni,"
                },
                "18": {
                    "verse_nr": "18",
                    "verse": "lahko z vsemi svetimi zmogli doumeti, kolik\u0161na je \u0161irina in dol\u017eina in globina in vi\u0161ina"
                },
                "19": {
                    "verse_nr": "19",
                    "verse": "ter da spoznate Kristusovo ljubezen, ki presega spoznanje, da bi bili lahko izpolnjeni z vso Bo\u017ejo polnostjo."
                },
                "20": {
                    "verse_nr": "20",
                    "verse": "Torej njemu, ki je zmo\u017een, glede na mo\u010d, ki deluje v nas, narediti presegajo\u010de obilno povrh vsega kar prosimo ali mislimo,"
                },
                "21": {
                    "verse_nr": "21",
                    "verse": "njemu bodi slava v cerkvi po Kristusu Jezusu skozi vse \u010dase, od veka do veka. Amen."
                }
            }
        },
        "4": {
            "chapter_nr": "4",
            "chapter": {
                "1": {
                    "verse_nr": "1",
                    "verse": "Jaz torej, Gospodov jetnik, vas rotim, da \u017eivite vredno Bo\u017ejemu pozivu, s katerim ste poklicani,"
                },
                "2": {
                    "verse_nr": "2",
                    "verse": "z vso poni\u017enostjo in krotkostjo, s potrpe\u017eljivostjo prena\u0161ajte drug drugega v ljubezni;"
                },
                "3": {
                    "verse_nr": "3",
                    "verse": "prizadevajo\u010d si ohraniti enotnost Duha v vezi miru."
                },
                "4": {
                    "verse_nr": "4",
                    "verse": "Obstaja eno telo in en Duh, to\u010dno tako kot ste poklicani v enem upanju va\u0161e poklicanosti;"
                },
                "5": {
                    "verse_nr": "5",
                    "verse": "en Gospod, ena vera, en krst,"
                },
                "6": {
                    "verse_nr": "6",
                    "verse": "en Bog in O\u010de vseh, ki je nad vsemi in po vseh in v vas vseh."
                },
                "7": {
                    "verse_nr": "7",
                    "verse": "Toda vsakomur izmed nas je dana milost glede na mero Kristusovega daru."
                },
                "8": {
                    "verse_nr": "8",
                    "verse": "Zatorej pravi: \u201aKo se je povzpel gor na vi\u0161avo, je odpeljal ujeto ujetni\u0161tvo in dal darove ljudem.\u2018"
                },
                "9": {
                    "verse_nr": "9",
                    "verse": "(Torej, da se je povzpel, kaj je to razen, da se je tudi najprej spustil v globo\u010dine zemlje?"
                },
                "10": {
                    "verse_nr": "10",
                    "verse": "On, ki se je spustil, je tudi isti, ki se je povzpel dale\u010d nad vsa nebesa, da bi lahko izvr\u0161il vse stvari.)"
                },
                "11": {
                    "verse_nr": "11",
                    "verse": "In dal je nekatere apostole in nekatere preroke in nekatere evangeliste in nekatere pastirje in u\u010ditelje;"
                },
                "12": {
                    "verse_nr": "12",
                    "verse": "za izpopolnjevanje svetih, za delo slu\u017eenja, za izgrajevanje Kristusovega telesa;"
                },
                "13": {
                    "verse_nr": "13",
                    "verse": "dokler mi vsi ne pridemo k enotnosti vere in spoznanja Bo\u017ejega Sina, do popolnega \u010dloveka, do mere postave Kristusove polnosti,"
                },
                "14": {
                    "verse_nr": "14",
                    "verse": "da odslej ne bomo ve\u010d otroci, premetavani sem ter tja in prena\u0161ani okoli z vsakim vetrom nauka, s \u010dlove\u0161ko pretkanostjo in spretno prekanjenostjo, s \u010dimer oni pre\u017eijo, da bi zavedli;"
                },
                "15": {
                    "verse_nr": "15",
                    "verse": "temve\u010d, ker govorimo resnico v ljubezni, lahko v vseh stvareh rastemo vanj, ki je glava, cel\u00f3 Kristus,"
                },
                "16": {
                    "verse_nr": "16",
                    "verse": "iz katerega celotno telo, primerno zdru\u017eeno skupaj in strnjeno s tem, kar vsak sklep oskrbuje, glede na dejavno delovanje po meri vsakega dela, omogo\u010da rast telesa v izgrajevanje sebe v ljubezni."
                },
                "17": {
                    "verse_nr": "17",
                    "verse": "To torej pravim in pri\u010dujem v Gospodu, da odslej ne \u017eivite kakor \u017eivijo drugi pogani, v ni\u010devosti svojega uma,"
                },
                "18": {
                    "verse_nr": "18",
                    "verse": "ki imajo zatemnjeno razumevanje, odtujeni so od Bo\u017ejega \u017eivljenja preko nevednosti, ki je v njih, zaradi slepote njihovega srca;"
                },
                "19": {
                    "verse_nr": "19",
                    "verse": "ki so se prek svojega ob\u010dutka predali v pohotnost, da s pohlepom po\u010denjajo vso ne\u010distost."
                },
                "20": {
                    "verse_nr": "20",
                    "verse": "Toda vi se niste tako u\u010dili Kristusa,"
                },
                "21": {
                    "verse_nr": "21",
                    "verse": "\u010de je tako, da ste ga sli\u0161ali in ste bili po njem pou\u010deni, kakor je resnica v Jezusu;"
                },
                "22": {
                    "verse_nr": "22",
                    "verse": "da glede na prej\u0161nje ved\u00eanje odlo\u017eite starega \u010dloveka, ki je pokvarjen glede varljivih po\u017eelenj;"
                },
                "23": {
                    "verse_nr": "23",
                    "verse": "in bodite obnovljeni v duhu va\u0161ega uma;"
                },
                "24": {
                    "verse_nr": "24",
                    "verse": "in da si oble\u010dete novega \u010dloveka, ki je po Bogu ustvarjen v pravi\u010dnosti in resni\u010dni svetosti."
                },
                "25": {
                    "verse_nr": "25",
                    "verse": "Zatorej zavra\u010dajte laganje in vsak [naj] govori resnico s svojim bli\u017enjim, kajti mi smo udje drug drugega."
                },
                "26": {
                    "verse_nr": "26",
                    "verse": "Bodite jezni in ne gre\u0161ite; sonce naj ne zaide nad va\u0161im besom"
                },
                "27": {
                    "verse_nr": "27",
                    "verse": "niti ne dajajte prostora hudi\u010du."
                },
                "28": {
                    "verse_nr": "28",
                    "verse": "Kdor je kradel, naj ne krade ve\u010d, temve\u010d naj se raje trudi in s svojimi rokami dela stvar, ki je dobra, da bo imel [kaj] dati tistemu, ki potrebuje."
                },
                "29": {
                    "verse_nr": "29",
                    "verse": "Nobenemu umazanemu govoru ne dopustite iziti iz va\u0161ih ust, temve\u010d to, kar je dobro, v prid izgrajevanju, da lahko nudi milost poslu\u0161alcem."
                },
                "30": {
                    "verse_nr": "30",
                    "verse": "In ne \u017ealostite Bo\u017ejega Svetega Duha, s \u010dimer ste zape\u010dateni za dan odkupitve."
                },
                "31": {
                    "verse_nr": "31",
                    "verse": "Naj bo vsa grenkoba in bes in jeza in razgrajanje ter zlo govorjenje vzdignjeno od vas z vso zlobnostjo [vred];"
                },
                "32": {
                    "verse_nr": "32",
                    "verse": "in bodite prijazni drug do drugega, ne\u017enega srca, odpu\u0161\u010dajo\u010d drug drugemu, cel\u00f3 kakor je Bog zaradi Kristusa odpustil vam."
                }
            }
        },
        "5": {
            "chapter_nr": "5",
            "chapter": {
                "1": {
                    "verse_nr": "1",
                    "verse": "Bodite torej Bo\u017eji posnemovalci, kakor ljubljeni otroci"
                },
                "2": {
                    "verse_nr": "2",
                    "verse": "in \u017eivite v ljubezni, kakor nas je tudi Kristus ljubil in dal samega sebe za nas kot daritev in \u017ertev Bogu v blagodi\u0161e\u010d vonj."
                },
                "3": {
                    "verse_nr": "3",
                    "verse": "Toda pre\u0161u\u0161tvovanje in vse ne\u010distosti ali pohlepnosti naj ne bodo niti enkrat omenjene med vami, kakor se spodobi svetim;"
                },
                "4": {
                    "verse_nr": "4",
                    "verse": "niti umazanost, niti nespametno govorjenje, niti \u0161aljiva vulgarnost, katere niso primerne, temve\u010d raj\u0161i zahvaljevanje."
                },
                "5": {
                    "verse_nr": "5",
                    "verse": "Kajti to veste, da ne vla\u010dugar, ne ne\u010dista oseba niti pohlepne\u017e, ki je malikovalec, nima nobene dedi\u0161\u010dine v Kristusovem in Bo\u017ejem kraljestvu."
                },
                "6": {
                    "verse_nr": "6",
                    "verse": "Naj vas noben \u010dlovek ne vara s praznimi besedami, kajti zaradi teh stvari prihaja Bo\u017eji bes na otroke neposlu\u0161nosti."
                },
                "7": {
                    "verse_nr": "7",
                    "verse": "Ne bodite torej udele\u017eenci z njimi."
                },
                "8": {
                    "verse_nr": "8",
                    "verse": "Kajti v\u010dasih ste bili tema, toda sedaj ste svetloba v Gospodu; \u017eivite kot otroci svetlobe"
                },
                "9": {
                    "verse_nr": "9",
                    "verse": "(kajti sad Duha je v vsej dobroti in pravi\u010dnosti ter resnici)"
                },
                "10": {
                    "verse_nr": "10",
                    "verse": "in preizku\u0161ajte kaj je sprejemljivo Gospodu."
                },
                "11": {
                    "verse_nr": "11",
                    "verse": "In ne imejte dru\u017ebe z brezplodnimi deli teme, temve\u010d jih raje grajajte."
                },
                "12": {
                    "verse_nr": "12",
                    "verse": "Kajti sramota je cel\u00f3 govoriti o teh stvareh, ki so po njih storjene na skrivnem."
                },
                "13": {
                    "verse_nr": "13",
                    "verse": "Toda vse stvari, ki so pograjane, so razodete po svetlobi; kajti karkoli razodeva je svetloba."
                },
                "14": {
                    "verse_nr": "14",
                    "verse": "Zatorej on pravi: \u201aPreb\u00fadi se ti, ki spi\u0161 in vstani od mrtvih in Kristus ti bo dal svetlobo.\u2018"
                },
                "15": {
                    "verse_nr": "15",
                    "verse": "Glejte torej, da \u017eivite preudarno, ne kakor bedaki, temve\u010d kakor modri,"
                },
                "16": {
                    "verse_nr": "16",
                    "verse": "izkori\u0161\u010dajte \u010das, ker dnevi so hudi."
                },
                "17": {
                    "verse_nr": "17",
                    "verse": "Zatorej ne bodite nemodri, temve\u010d razumevajte kaj je Gospodova volja."
                },
                "18": {
                    "verse_nr": "18",
                    "verse": "In ne bodite opiti z vinom, v \u010demer je izgred; temve\u010d bodite napolnjeni z Duhom;"
                },
                "19": {
                    "verse_nr": "19",
                    "verse": "nagovarjajte se s psalmi in hvalnicami ter duhovnimi pesmimi, prepevajte in v svojem srcu skladajte napeve Gospodu;"
                },
                "20": {
                    "verse_nr": "20",
                    "verse": "vedno se zahvaljujte Bogu in O\u010detu v imenu na\u0161ega Gospoda Jezusa Kristusa za vse stvari;"
                },
                "21": {
                    "verse_nr": "21",
                    "verse": "podrejajo\u010d se drug drugemu v strahu Bo\u017ejem."
                },
                "22": {
                    "verse_nr": "22",
                    "verse": "\u017dene, podredite se svojim lastnim soprogom, kakor Gospodu."
                },
                "23": {
                    "verse_nr": "23",
                    "verse": "Kajti soprog je glava \u017eeni, kakor je tudi Kristus glava cerkvi; in on je re\u0161itelj telesa."
                },
                "24": {
                    "verse_nr": "24",
                    "verse": "Torej kakor je cerkev podrejena Kristusu, tako naj bodo v vsaki stvari \u017eene svojim lastnim soprogom."
                },
                "25": {
                    "verse_nr": "25",
                    "verse": "Soprogi, ljubite svoje \u017eene, prav tako kakor je tudi Kristus ljubil cerkev in dal zanjo samega sebe,"
                },
                "26": {
                    "verse_nr": "26",
                    "verse": "da bi jo lahko posvetil in o\u010distil z vodnim izpiranjem po besedi,"
                },
                "27": {
                    "verse_nr": "27",
                    "verse": "da bi lahko sebi predstavil krasno cerkev, ki nima made\u017ea ali gube ali katerekoli tak\u0161ne stvari, temve\u010d da bi bila sveta in brez pomanjkljivosti."
                },
                "28": {
                    "verse_nr": "28",
                    "verse": "Tako so mo\u017eje dol\u017eni ljubiti svoje \u017eene kakor svoja lastna telesa. Kdor ljubi svojo \u017eeno, ljubi sebe."
                },
                "29": {
                    "verse_nr": "29",
                    "verse": "Kajti \u0161e nikoli ni noben \u010dlovek sovra\u017eil svojega lastnega mesa, temve\u010d ga hrani in neguje, kakor Gospod cerkev;"
                },
                "30": {
                    "verse_nr": "30",
                    "verse": "kajti mi smo udje njegovega telesa, iz njegovega mesa in iz njegovih kosti."
                },
                "31": {
                    "verse_nr": "31",
                    "verse": "Zaradi tega razloga bo mo\u017e zapustil svojega o\u010deta in mater in bo pridru\u017een k svoji \u017eeni in ona dva bosta eno meso."
                },
                "32": {
                    "verse_nr": "32",
                    "verse": "To je velika skrivnost, vendar jaz govorim glede Kristusa in cerkve."
                },
                "33": {
                    "verse_nr": "33",
                    "verse": "Vseeno naj vsak izmed vas \u0161e posebej ljubi svojo \u017eeno, celo kakor samega sebe; in \u017eena [naj] gleda, da spo\u0161tuje svojega soproga."
                }
            }
        },
        "6": {
            "chapter_nr": "6",
            "chapter": {
                "1": {
                    "verse_nr": "1",
                    "verse": "Otroci, ubogajte svoje star\u0161e v Gospodu, kajti to je prav."
                },
                "2": {
                    "verse_nr": "2",
                    "verse": "Spo\u0161tuj svojega o\u010deta in mater (kar je prva zapoved z obljubo),"
                },
                "3": {
                    "verse_nr": "3",
                    "verse": "da bo lahko dobro s teboj in bo\u0161 lahko dolgo \u017eivel na zemlji."
                },
                "4": {
                    "verse_nr": "4",
                    "verse": "In vi o\u010detje, ne provocirajte svojih otrok do besa, temve\u010d jih vzgajajte v Gospodovem pou\u010devanju in svarilu."
                },
                "5": {
                    "verse_nr": "5",
                    "verse": "Slu\u017eabniki, bodite poslu\u0161ni tem, ki so va\u0161i gospodarji glede na meso, s strahom in trepetom, v iskrenosti va\u0161ega srca, kakor Kristusu;"
                },
                "6": {
                    "verse_nr": "6",
                    "verse": "ne z navidezno vdanostjo, kakor bi raje ugajali ljudem kot pa Bogu, temve\u010d kot Kristusovi slu\u017eabniki iz srca izpolnjujte Bo\u017ejo voljo;"
                },
                "7": {
                    "verse_nr": "7",
                    "verse": "z dobro voljo izvr\u0161ujte slu\u017ebo kakor Gospodu in ne ljudem,"
                },
                "8": {
                    "verse_nr": "8",
                    "verse": "ker veste, da katerokoli dobro stvar kdorkoli stori, isto bo prejel od Gospoda, bodisi je su\u017eenj ali svoboden."
                },
                "9": {
                    "verse_nr": "9",
                    "verse": "In vi, gospodarji, jim storite iste stvari in prizana\u0161ajte gro\u017enjam, ker veste, da je tudi va\u0161 Gospodar v nebesih; niti pri njem ni oziranja na osebe."
                },
                "10": {
                    "verse_nr": "10",
                    "verse": "Kon\u010dno, moji bratje, bodite mo\u010dni v Gospodu in v sili njegove mo\u010di."
                },
                "11": {
                    "verse_nr": "11",
                    "verse": "Nadenite si vso Bo\u017ejo bojno opremo, da boste zmo\u017eni obstati proti hudi\u010devim zvija\u010dam."
                },
                "12": {
                    "verse_nr": "12",
                    "verse": "Kajti ne borimo se proti mesu in krvi, temve\u010d proti kne\u017eevinam, proti oblastem, proti vladarjem teme tega sveta, proti duhovni zlobnosti na visokih polo\u017eajih."
                },
                "13": {
                    "verse_nr": "13",
                    "verse": "Zato vzemite nase celotno Bo\u017ejo bojno opremo, da se boste zmo\u017eni na hudoben dan zoperstaviti in vse storiti ter obstati."
                },
                "14": {
                    "verse_nr": "14",
                    "verse": "Stojte torej, imejte va\u0161a ledja opasana z resnico in na sebi imejte prsni oklep pravi\u010dnosti"
                },
                "15": {
                    "verse_nr": "15",
                    "verse": "in va\u0161a stopala obuta s pripravljenostjo evangelija miru;"
                },
                "16": {
                    "verse_nr": "16",
                    "verse": "predvsem vzemite \u0161\u010dit vere, s katerim boste zmo\u017eni pogasiti vse ognjene pu\u0161\u010dice zlobnih."
                },
                "17": {
                    "verse_nr": "17",
                    "verse": "In vzemite \u010delado re\u0161itve du\u0161e in me\u010d Duha, kar je Bo\u017eja beseda;"
                },
                "18": {
                    "verse_nr": "18",
                    "verse": "in vedno mol\u00edte z vso molitvijo in poni\u017eno pro\u0161njo v Duhu in k temu bedite z vso vztrajnostjo in poni\u017eno pro\u0161njo za vse svete;"
                },
                "19": {
                    "verse_nr": "19",
                    "verse": "in zame, da mi bo lahko dan govor, da bom lahko pogumno odpiral svoja usta, da se razglasi skrivnost evangelija,"
                },
                "20": {
                    "verse_nr": "20",
                    "verse": "za katerega sem predstavnik v vezeh: da bom v tem lahko pogumno govoril, kakor bi moral govoriti."
                },
                "21": {
                    "verse_nr": "21",
                    "verse": "Toda, da boste lahko poznali tudi moje zadeve in kako delam, vam bo Tihik, moj ljubljeni brat in zvesti slu\u017eabnik v Gospodu, oznanil vse stvari;"
                },
                "22": {
                    "verse_nr": "22",
                    "verse": "katerega sem poslal k vam zaradi istega namena, da bi vi lahko spoznali na\u0161e zadeve in da bi on lahko potola\u017eil va\u0161a srca."
                },
                "23": {
                    "verse_nr": "23",
                    "verse": "Mir bodi bratom in ljubezen z vero od Boga O\u010deta in Gospoda Jezusa Kristusa."
                },
                "24": {
                    "verse_nr": "24",
                    "verse": "Milost bodi z vsemi tistimi, ki z iskrenostjo ljubijo na\u0161ega Gospoda Jezusa Kristusa. Amen. [Napisano iz Rima Efe\u017eanom po Tihiku.]"
                }
            }
        }
    }
}