{
    "version": "SLV",
    "book_name": "Nahum",
    "book_nr": "34",
    "book": {
        "1": {
            "chapter_nr": "1",
            "chapter": {
                "1": {
                    "verse_nr": "1",
                    "verse": "Breme Niniv. Knjiga videnja Nahuma Elko\u0161\u00e1na."
                },
                "2": {
                    "verse_nr": "2",
                    "verse": "Bog je ljubosumen in Gospod ma\u0161\u010duje; Gospod ma\u0161\u010duje in je razjarjen; Gospod se bo ma\u0161\u010deval na svojih nasprotnikih in on prihranja bes za svoje sovra\u017enike."
                },
                "3": {
                    "verse_nr": "3",
                    "verse": "Gospod je po\u010dasen za jezo in silen v mo\u010di in sploh ne bo oprostil to\u017ebe zlobnih. Gospod ima svojo pot v vrtin\u010dastem vetru in v viharju in oblaki so prah njegovih stopal."
                },
                "4": {
                    "verse_nr": "4",
                    "verse": "O\u0161teva morje in ga osu\u0161uje in su\u0161i vse reke. Ba\u0161\u00e1n pe\u0161a in Karmel in cvet Libanona pe\u0161a."
                },
                "5": {
                    "verse_nr": "5",
                    "verse": "Gore se tresejo ob njem in hribi se topijo in zemlja je se\u017egana ob njegovi prisotnosti, da, zemeljski krog in vsi, ki prebivajo na njem."
                },
                "6": {
                    "verse_nr": "6",
                    "verse": "Kdo lahko obstane pred njegovim ogor\u010denjem? In kdo lahko prebiva v okrutnosti njegove jeze? Njegova razjarjenost je izlita kakor ogenj in skale so vr\u017eene dol po njem."
                },
                "7": {
                    "verse_nr": "7",
                    "verse": "Gospod je dober, opori\u0161\u010de v dnevu stiske in pozna tiste, ki zaupajo vanj."
                },
                "8": {
                    "verse_nr": "8",
                    "verse": "Toda s preplavljajo\u010do povodnijo bo naredil popoln konec njihovemu kraju in tema bo zasledovala njegove sovra\u017enike."
                },
                "9": {
                    "verse_nr": "9",
                    "verse": "Kaj si domi\u0161ljate zoper Gospoda? On bo naredil popoln konec. Stiska se drugi\u010d ne bo vzdignila."
                },
                "10": {
                    "verse_nr": "10",
                    "verse": "Kajti medtem ko so zviti skupaj kakor trnje in medtem ko so pijani kakor pijanci, bodo pogoltnjeni kakor popolnoma suho strni\u0161\u010de."
                },
                "11": {
                    "verse_nr": "11",
                    "verse": "Nekdo je iz\u0161el iz tebe, ki si je zoper Gospoda domi\u0161ljal hudobijo, zloben svetovalec."
                },
                "12": {
                    "verse_nr": "12",
                    "verse": "Tako govori Gospod: \u201e\u010ceprav so tihi in prav tako \u0161tevilni, vendar bodo tako posekani, ko bo on \u0161el skozi. \u010ceprav sem te prizadel, te ne bom ve\u010d prizadel.\u201c"
                },
                "13": {
                    "verse_nr": "13",
                    "verse": "Kajti sedaj bom zlomil njegov jarem iznad tebe in tvoje vezi razpo\u010dil narazen."
                },
                "14": {
                    "verse_nr": "14",
                    "verse": "Gospod je glede tebe dal zapoved, da se ne bo ve\u010d sejalo iz tvojega imena. Iz hi\u0161e tvojih bogov bom odrezal izrezljano podobo in ulito podobo. Jaz bom naredil tvoj grob; kajti hudoben si."
                },
                "15": {
                    "verse_nr": "15",
                    "verse": "Poglej na gorah stopala tistega, ki prina\u0161a dobre novice, ki razgla\u0161a mir! Oh Juda, ohranjaj svoje slovesne praznike, izpolni svoje zaobljube, kajti zlobni ne bo \u0161el ve\u010d skozte; popolnoma je odrezan."
                }
            }
        },
        "2": {
            "chapter_nr": "2",
            "chapter": {
                "1": {
                    "verse_nr": "1",
                    "verse": "Kdor razbija na ko\u0161\u010dke je pri\u0161el gor, pred tvoj obraz. Ohranjaj strelivo, pazi na pot, naredi svoja ledja mo\u010dna, mogo\u010dno utrdi svojo mo\u010d."
                },
                "2": {
                    "verse_nr": "2",
                    "verse": "Kajti Gospod je odvrnil Jakobovo odli\u010dnost kakor odli\u010dnost Izraela, kajti izpraznjevalci so jih izpraznili in skazili njihove trtne mladike."
                },
                "3": {
                    "verse_nr": "3",
                    "verse": "\u0160\u010dit njegovih mogo\u010dnih mo\u017e je porde\u010del, hrabri mo\u017eje so v \u0161krlatu. Bojni vozovi bodo s plamene\u010dimi baklami na dan njegove priprave in ciprese bodo stra\u0161no stresene."
                },
                "4": {
                    "verse_nr": "4",
                    "verse": "Bojni vozovi bodo besneli na ulicah, zadevali se bodo drug ob drugega na \u0161irokih poteh, zdeli se bodo kakor bakle, tekli bodo kakor bliski."
                },
                "5": {
                    "verse_nr": "5",
                    "verse": "Spomnil se bo svojih vrlih. Spotaknili se bodo v svoji hoji, podvizali se bodo k njegovemu zidu in obramba bo pripravljena."
                },
                "6": {
                    "verse_nr": "6",
                    "verse": "Velika vrata rek bodo odprta in pala\u010da bo razpadla."
                },
                "7": {
                    "verse_nr": "7",
                    "verse": "Huzzab bo odvedena v ujetni\u0161tvo, privedena bo gor in njene slu\u017eabnice jo bodo vodile kakor z glasom golobic, ki igrajo na tamburine na svojih prsih."
                },
                "8": {
                    "verse_nr": "8",
                    "verse": "Toda Ninive so od davnine podobne vodnemu ribniku, vendar bodo pobegnile. \u201eStojte, stojte; \u201cbodo kri\u010dali toda nih\u010de ne bo pogledal nazaj."
                },
                "9": {
                    "verse_nr": "9",
                    "verse": "Vzemite plen srebra, vzemite plen zlata, kajti nobenega konca zaloge ni in slave iz vse prijetne opreme."
                },
                "10": {
                    "verse_nr": "10",
                    "verse": "Prazna je in izpraznjena in opusto\u0161ena: in srce se topi in kolena udarjajo skupaj in precej bole\u010dine je v vseh ledjih in vsi njihovi obrazi zbirajo \u010drnino."
                },
                "11": {
                    "verse_nr": "11",
                    "verse": "Kje je prebivali\u0161\u010de levov in kraj za hranjenje mladih levov, kjer je hodil lev, cel\u00f3 star lev in levji mladi\u010d in nih\u010de ju ni prestra\u0161il?"
                },
                "12": {
                    "verse_nr": "12",
                    "verse": "Lev je raztrgal na ko\u0161\u010dke dovolj za svoje mladi\u010de in zadavil za svoje levinje in svoje jame napolnil s plenom in svoje brloge z ropom."
                },
                "13": {
                    "verse_nr": "13",
                    "verse": "\u201eGlej, jaz sem zoper tebe, \u201cgovori Gospod nad bojevniki, \u201ein jaz bom se\u017egal njene bojne vozove v dimu in me\u010d bo pou\u017eil tvoje mlade leve in iztrebil bom tvoj plen iz zemlje in glasu tvojih poslancev ne bo ve\u010d sli\u0161ati.\u201c"
                }
            }
        },
        "3": {
            "chapter_nr": "3",
            "chapter": {
                "1": {
                    "verse_nr": "1",
                    "verse": "Gorje krvolo\u010dnemu mestu! To je polno la\u017ei in ropa, plen ga ne zapusti."
                },
                "2": {
                    "verse_nr": "2",
                    "verse": "Tlesk bi\u010da in hrup ropotanja koles in drve\u010dih konj in poskakujo\u010dih bojnih vozov."
                },
                "3": {
                    "verse_nr": "3",
                    "verse": "Konjenik dviguje tako ble\u0161\u010de\u010d me\u010d kakor lesketajo\u010do sulico in tam je mno\u017eica umorjenih in veliko \u0161tevilo trupel in tam ni konca njihovih trupel, spotikajo se na njihovih truplih."
                },
                "4": {
                    "verse_nr": "4",
                    "verse": "Zaradi \u0161tevilnih vla\u010dugarstev dobro favorizirane pocestnice, gospodarice \u010daranj, ki prodaja narode preko svojih vla\u010dugarstev in dru\u017eine preko svojih \u010daranj."
                },
                "5": {
                    "verse_nr": "5",
                    "verse": "\u201eGlej, jaz sem zoper tebe, \u201cgovori Gospod nad bojevniki, \u201ein odkril bom krajce tvojega obla\u010dila nad tvojim obrazom in narodom bom pokazal tvojo nagoto in kraljestvom tvojo sramoto."
                },
                "6": {
                    "verse_nr": "6",
                    "verse": "In nate bom vrgel gnusno umazanijo in te naredil ogabno in te postavil kakor predmet zani\u010devanja."
                },
                "7": {
                    "verse_nr": "7",
                    "verse": "In zgodilo se bo, da bodo vsi, ki gledajo nate, pobegnili od tebe in rekli: \u201aNinive so opusto\u0161ene, kdo jih bo objokoval? Od kod bom iskal tola\u017enike zate?\u2018"
                },
                "8": {
                    "verse_nr": "8",
                    "verse": "Ali si bolj\u0161a kakor gosto naseljen No, ki je bil ume\u0161\u010den med reke, ki je imel okoli sebe vode, katerega obrambni zid je bilo morje in je bil njegov zid od morja?"
                },
                "9": {
                    "verse_nr": "9",
                    "verse": "Etiopija in Egipt sta bila njegova mo\u010d in ta je bila neskon\u010dna; Put in Libija sta bila tvoja pomo\u010dnika."
                },
                "10": {
                    "verse_nr": "10",
                    "verse": "Vendar je bil odveden pro\u010d, od\u0161el je v ujetni\u0161tvo. Tudi njegovi mladi otroci so bili raztre\u0161\u010deni na ko\u0161\u010dke na vrhu vseh ulic: in metali so \u017erebe za njegove \u010dastitljive mo\u017ee in vsi njegovi veliki mo\u017eje so bili zvezani v verigah."
                },
                "11": {
                    "verse_nr": "11",
                    "verse": "Tudi ti bo\u0161 pijan. Skrit bo\u0161, tudi ti bo\u0161 iskal mo\u010d zaradi sovra\u017enika."
                },
                "12": {
                    "verse_nr": "12",
                    "verse": "Vsa tvoja opori\u0161\u010da bodo podobna figovemu drevesu s sadom prvih fig. \u010ce bodo potresena, bodo celo padla v usta jedca."
                },
                "13": {
                    "verse_nr": "13",
                    "verse": "Glej, tvoje ljudstvo v tvoji sredi so \u017eenske. Velika vrata tvoje de\u017eele bodo na \u0161iroko odprta tvojim sovra\u017enikom. Ogenj bo pogoltnil tvoje zapahe."
                },
                "14": {
                    "verse_nr": "14",
                    "verse": "Potegni vode za obleganje, utrdi svoja opori\u0161\u010da. Pojdi v glino in tla\u010di malto, oja\u010daj opekarsko pe\u010d."
                },
                "15": {
                    "verse_nr": "15",
                    "verse": "Tam te bo po\u017erl ogenj, odsekal te bo me\u010d, pojedel te bo kakor \u0161kodljiva gosenica. Naredi se tako \u0161tevilen kakor \u0161kodljiva gosenica, naredi se tako \u0161tevilen kakor lete\u010de kobilice."
                },
                "16": {
                    "verse_nr": "16",
                    "verse": "Pomno\u017eil si svoje trgovce nad [\u0161tevilo] zvezd neba. \u0160kodljiva gosenica uni\u010duje in odleti pro\u010d."
                },
                "17": {
                    "verse_nr": "17",
                    "verse": "Tvoji kronani so kakor lete\u010de kobilice in tvoji poveljniki kakor velike kobilice, ki taborijo na ograjah na mrzel dan, toda ko vstane sonce, odletijo pro\u010d in njihov prostor ni znan kje so."
                },
                "18": {
                    "verse_nr": "18",
                    "verse": "Tvoji pastirji dremajo, oh asirski kralj, tvoji plemi\u010di bodo prebivali v prahu, tvoje ljudstvo je razkropljeno po gorah in nih\u010de jih ne zbira."
                },
                "19": {
                    "verse_nr": "19",
                    "verse": "Ni ozdravljenja tvojega zloma, tvoja rana je bole\u010da. Vsi, ki sli\u0161ijo objavo o tebi, bodo z rokami ploskali nad teboj, kajti nad kom tvoja zlobnost ni nenehno besnela?\u201c"
                }
            }
        }
    }
}