{
    "version": "SLV",
    "book_name": "Titus",
    "book_nr": "56",
    "book": {
        "1": {
            "chapter_nr": "1",
            "chapter": {
                "1": {
                    "verse_nr": "1",
                    "verse": "Pavel, Bo\u017eji slu\u017eabnik in apostol Jezusa Kristusa, glede na vero Bo\u017ejih izvoljencev in priznavanje resnice, ki je po bogaboje\u010dnosti;"
                },
                "2": {
                    "verse_nr": "2",
                    "verse": "v upanju ve\u010dnega \u017eivljenja, katerega je Bog, ki ne more lagati, obljubil preden je svet nastal;"
                },
                "3": {
                    "verse_nr": "3",
                    "verse": "toda ob primernih \u010dasih je svojo besedo jasno pokazal prek oznanjevanja, ki mi je bila zaupana glede na zapoved Boga, na\u0161ega Odre\u0161enika;"
                },
                "4": {
                    "verse_nr": "4",
                    "verse": "Titu, mojemu lastnemu sinu, po skupni veri: \u201aMilost, usmiljenje in mir od Boga O\u010deta in Gospoda Jezusa Kristusa, na\u0161ega Odre\u0161enika.\u2018"
                },
                "5": {
                    "verse_nr": "5",
                    "verse": "Na Kreti sem te pustil zaradi tega razloga, da uredi\u0161 stvari, ki so pomanjkljive, ter v vsakem mestu dolo\u010di\u0161 stare\u0161ine, kakor sem ti dolo\u010dil;"
                },
                "6": {
                    "verse_nr": "6",
                    "verse": "\u010de je kdorkoli brez krivde, soprog ene \u017eene, z zvestimi otroci, [ki] niso obto\u017eeni razgrajanja ali neposlu\u0161nosti."
                },
                "7": {
                    "verse_nr": "7",
                    "verse": "Kajti duhovni nadzornik mora biti brez krivde, kakor Bo\u017eji oskrbnik, ne samovoljen, ne hitro jezen, ne vdan vinu, ne razuzdanec, ne vdan umazani grabe\u017eljivosti;"
                },
                "8": {
                    "verse_nr": "8",
                    "verse": "temve\u010d ljubitelj gostoljubnosti, ljubitelj dobrih ljudi, trezen, pravi\u010den, svet, zmeren;"
                },
                "9": {
                    "verse_nr": "9",
                    "verse": "ki trdno dr\u017ei zvesto besedo, kakor je bil pou\u010den, da bo lahko zmo\u017een z zdravim naukom ugovarjalce tako spodbujati kakor prepri\u010devati."
                },
                "10": {
                    "verse_nr": "10",
                    "verse": "Kajti mnogo je neposlu\u0161nih in praznih blebeta\u010dev ter sleparjev, posebno tistih iz obreze,"
                },
                "11": {
                    "verse_nr": "11",
                    "verse": "katerih usta se morajo zapreti, ki zaradi umazanega dobi\u010dka spodkopavajo cele dru\u017eine, ko u\u010dijo stvari, katere ne bi smeli."
                },
                "12": {
                    "verse_nr": "12",
                    "verse": "Eden izmed njih, cel\u00f3 njihov lasten prerok, je rekel: \u201eKre\u010dani so vedno la\u017enivci, zle \u017eivali, po\u010dasni trebuhi.\u201c"
                },
                "13": {
                    "verse_nr": "13",
                    "verse": "To pri\u010devanje je resni\u010dno. Zatorej jih ostro o\u0161tej, da bodo lahko brez graje v veri;"
                },
                "14": {
                    "verse_nr": "14",
                    "verse": "ne dajajo\u010d pozornost judovskim bajkam in \u010dlove\u0161kim zapovedim, ki odvra\u010dajo od resnice."
                },
                "15": {
                    "verse_nr": "15",
                    "verse": "\u010cistim so vse stvari \u010diste, toda tem, ki so omade\u017eevani in neverni, ni ni\u010d \u010disto, temve\u010d so omade\u017eevane cel\u00f3 njihove misli in vest."
                },
                "16": {
                    "verse_nr": "16",
                    "verse": "Izpovedujejo, da poznajo Boga, toda z deli ga zanikajo, ker so gnusni in neposlu\u0161ni in neuporabni za vsako dobro delo."
                }
            }
        },
        "2": {
            "chapter_nr": "2",
            "chapter": {
                "1": {
                    "verse_nr": "1",
                    "verse": "Toda ti govori stvari, ki so primerne zdravemu nauku,"
                },
                "2": {
                    "verse_nr": "2",
                    "verse": "da bodo starej\u0161i mo\u017eje trezni, dostojanstveni, zmerni, brez graje v veri, v sosedski ljubezni, v potrpe\u017eljivosti."
                },
                "3": {
                    "verse_nr": "3",
                    "verse": "Prav tako starej\u0161e \u017eenske, da bodo v obna\u0161anju, kakor se spodobi svetosti, ne la\u017ene obto\u017eevalke, ne vdane mnogemu vinu, u\u010diteljice dobrih stvari;"
                },
                "4": {
                    "verse_nr": "4",
                    "verse": "da bodo lahko u\u010dile mlade \u017eenske biti trezne, ljubiti svoje soproge, ljubiti svoje otroke,"
                },
                "5": {
                    "verse_nr": "5",
                    "verse": "biti zaupne, \u010diste, varuhinje doma, dobre, poslu\u0161ne svojim lastnim soprogom, da se zoper Bo\u017ejo besedo ne izreka bogokletja."
                },
                "6": {
                    "verse_nr": "6",
                    "verse": "Prav tako spodbujaj mladeni\u010de, da bodo treznega mi\u0161ljenja."
                },
                "7": {
                    "verse_nr": "7",
                    "verse": "V vseh stvareh se ka\u017ei za vzor dobrih del; v nauku prika\u017ei nepokvarjenost, resnost, iskrenost,"
                },
                "8": {
                    "verse_nr": "8",
                    "verse": "zdrav govor, ki ne more biti obsojen; da bo lahko osramo\u010den kdor je iz nasprotne strani, ker ne bo imel o tebi povedati nobene hudobne stvari."
                },
                "9": {
                    "verse_nr": "9",
                    "verse": "Spodbujaj slu\u017eabnike, da so poslu\u0161ni svojim lastnim gospodarjem in da jim res v vseh stvareh ugodijo brez ugovarjanja;"
                },
                "10": {
                    "verse_nr": "10",
                    "verse": "brez kraje, temve\u010d prika\u017eejo vso dobro zvestobo; da lahko v vseh stvareh olep\u0161ajo nauk Boga, na\u0161ega Odre\u0161enika."
                },
                "11": {
                    "verse_nr": "11",
                    "verse": "Kajti Bo\u017eja milost, ki prina\u0161a re\u0161itev du\u0161, se je prikazala vsem ljudem"
                },
                "12": {
                    "verse_nr": "12",
                    "verse": "in nas u\u010di, da naj bi v tem sedanjem svetu zanikali brezbo\u017enost in posvetna po\u017eelenja, \u017eiveli trezno, pravi\u010dno in bogaboje\u010de"
                },
                "13": {
                    "verse_nr": "13",
                    "verse": "in pri\u010dakovali to blagoslovljeno upanje in veli\u010dastno pojavitev v\u00e9likega Boga in na\u0161ega Odre\u0161enika, Jezusa Kristusa;"
                },
                "14": {
                    "verse_nr": "14",
                    "verse": "ki je samega sebe dal za nas, da nas lahko odkupi pred vso krivi\u010dnostjo in zase o\u010disti izvoljene ljudi, vnete za dobra dela."
                },
                "15": {
                    "verse_nr": "15",
                    "verse": "Te stvari govori in spodbujaj ter o\u0161tevaj z vso oblastjo. Ne dopusti, da te kdorkoli prezira."
                }
            }
        },
        "3": {
            "chapter_nr": "3",
            "chapter": {
                "1": {
                    "verse_nr": "1",
                    "verse": "Spomni jih, naj bodo podrejeni kne\u017eevinam in oblastem, da se podredijo avtoritetam, da so pripravljeni za vsako dobro delo,"
                },
                "2": {
                    "verse_nr": "2",
                    "verse": "da o nobenem \u010dloveku ne govorijo hudobno, da niso razgraja\u010di, temve\u010d blagi in izkazujejo vso krotkost do vseh ljudi."
                },
                "3": {
                    "verse_nr": "3",
                    "verse": "Kajti tudi mi sami smo bili v\u010dasih nespametni, neposlu\u0161ni, zavedeni in [smo] slu\u017eili raznim po\u017eelenjem ter u\u017eitkom in \u017eiveli v zlobnosti ter zavisti, osovra\u017eeni in sovra\u017eili drug drugega."
                },
                "4": {
                    "verse_nr": "4",
                    "verse": "Toda potem se je do \u010dloveka prikazala prijaznost in ljubezen Boga, na\u0161ega Odre\u0161enika,"
                },
                "5": {
                    "verse_nr": "5",
                    "verse": "ne z deli pravi\u010dnosti, katere smo storili, temve\u010d nas je re\u0161il glede na njegovo usmiljenje, s kopeljo prerojenja in obnovitve Svetega Duha;"
                },
                "6": {
                    "verse_nr": "6",
                    "verse": "katerega je po Jezusu Kristusu, na\u0161em Odre\u0161eniku, obilno razlil na nas;"
                },
                "7": {
                    "verse_nr": "7",
                    "verse": "da naj bi opravi\u010deni po njegovi milosti postali dedi\u010di glede na upanje ve\u010dnega \u017eivljenja."
                },
                "8": {
                    "verse_nr": "8",
                    "verse": "To je zvesto govorjenje in te stvari ho\u010dem, da nenehno izjavlja\u0161, da bodo tisti, ki verujejo v Boga, lahko pazljivi, da skrbijo za dobra dela. Te stvari so dobre in koristne vsem ljudem."
                },
                "9": {
                    "verse_nr": "9",
                    "verse": "Toda izogibaj se neumnih vpra\u0161anj in rodovnikov in sporov ter pri\u010dkanj glede postave; kajti te so nekoristne in prazne."
                },
                "10": {
                    "verse_nr": "10",
                    "verse": "\u010cloveka, ki je krivoverec, po prvem in drugem svarilu zavrni;"
                },
                "11": {
                    "verse_nr": "11",
                    "verse": "vedo\u010d, da kdor je tak\u0161en, je spodkopan in gre\u0161i in sam od sebe obsojen."
                },
                "12": {
                    "verse_nr": "12",
                    "verse": "Ko bom k tebi poslal Artem\u00e1ja ali Tihika si prizadevaj, da pride\u0161 k meni v Nik\u00f3polo, kajti sklenil sem, da tam prezimim."
                },
                "13": {
                    "verse_nr": "13",
                    "verse": "Zen\u00e1ja, izvedenca v postavi in Apola marljivo pospremi na njuno pot, da jima ne bo ni\u010desar manjkalo."
                },
                "14": {
                    "verse_nr": "14",
                    "verse": "In naj se tudi na\u0161i nau\u010dijo, da obdr\u017eijo dobra dela za potrebne zadeve, da ne bodo brez sadu."
                },
                "15": {
                    "verse_nr": "15",
                    "verse": "Pozdravljajo te vsi, ki so z menoj. Pozdravi tiste, ki nas ljubijo v veri. Milost bodi z vami vsemi. Amen. [To je bilo napisano Titu, prvemu posve\u010denemu duhovnemu nadzorniku cerkve Kre\u010danov, iz Nik\u00f3pole v Makedoniji.]"
                }
            }
        }
    }
}