{
    "version": "POG",
    "book_name": "2 Thessalonians",
    "book_nr": "53",
    "book": {
        "1": {
            "chapter_nr": "1",
            "chapter": {
                "1": {
                    "verse_nr": "1",
                    "verse": "Pawe\u0142 i Sylwan, i Tymoteusz zborowi Tesalonice\u0144skiemu w Bogu, Ojcu naszym, i w Panu Jezusie Chrystusie."
                },
                "2": {
                    "verse_nr": "2",
                    "verse": "\u0141aska wam i pok\u00f3j niech b\u0119dzie od Boga, Ojca naszego, i Pana Jezusa Chrystusa."
                },
                "3": {
                    "verse_nr": "3",
                    "verse": "Powinni\u015bmy Bogu zawsze dzi\u0119kowa\u0107 za was, bracia! tak jako si\u0119 godzi, i\u017c bardzo ro\u015bnie wiara wasza i pomna\u017ca si\u0119 mi\u0142o\u015b\u0107 ka\u017cdego z was, jednych przeciwko drugim,"
                },
                "4": {
                    "verse_nr": "4",
                    "verse": "Tak i\u017c i my sami chlubimy si\u0119 z was we zborach Bo\u017cych z waszej cierpliwo\u015bci i wiary we wszystkich prze\u015bladowaniach waszych i w uciskach, kt\u00f3re ponosicie."
                },
                "5": {
                    "verse_nr": "5",
                    "verse": "Co jest jawnym dowodem sprawiedliwego s\u0105du Bo\u017cego, aby\u015bcie godnymi byli poczytani kr\u00f3lestwa Bo\u017cego, dla kt\u00f3rego te\u017c cierpicie,"
                },
                "6": {
                    "verse_nr": "6",
                    "verse": "Poniewa\u017c sprawiedliwa jest u Boga, \u017ceby wzajem odda\u0142 uci\u015bnienie tym, kt\u00f3rzy was uciskaj\u0105;"
                },
                "7": {
                    "verse_nr": "7",
                    "verse": "A wam, kt\u00f3rzy\u015bcie uci\u015bnieni, odpocznienie z nami przy objawieniu Pana Jezusa z nieba z Anio\u0142ami mocy jego,"
                },
                "8": {
                    "verse_nr": "8",
                    "verse": "W ogniu p\u0142omienistym oddawaj\u0105c pomst\u0119 tym, kt\u00f3rzy Boga nie znaj\u0105 i tym, kt\u00f3rzy nie s\u0105 pos\u0142uszni Ewangielii Pana naszego, Jezusa Chrystusa;"
                },
                "9": {
                    "verse_nr": "9",
                    "verse": "Kt\u00f3rzy pomst\u0119 odnios\u0105, wieczne zatracenie od obliczno\u015bci Pa\u0144skiej i od chwa\u0142y mocy jego."
                },
                "10": {
                    "verse_nr": "10",
                    "verse": "Gdy przyjdzie, aby by\u0142 uwielbiony w \u015bwi\u0119tych swoich i aby si\u0119 dziwnym okaza\u0142 we wszystkich wierz\u0105cych (dlatego i\u017c uwierzono naszemu \u015bwiadectwu u was) w on dzie\u0144."
                },
                "11": {
                    "verse_nr": "11",
                    "verse": "Dlaczego te\u017c modlimy si\u0119 zawsze za was, aby B\u00f3g nasz godnymi was uczyni\u0142 powo\u0142ania tego i wype\u0142ni\u0142 wszystko upodobanie dobrotliwo\u015bci swojej, i skutek wiary w mocy."
                },
                "12": {
                    "verse_nr": "12",
                    "verse": "Aby by\u0142o uwielbione imi\u0119 Pana naszego, Jezusa Chrystusa w was, a wy w nim, wed\u0142ug \u0142aski Boga naszego i Pana Jezusa Chrystusa."
                }
            }
        },
        "2": {
            "chapter_nr": "2",
            "chapter": {
                "1": {
                    "verse_nr": "1",
                    "verse": "A prosimy was, bracia! przez przyj\u015bcie Pana naszego Jezusa Chrystusa i nasze zgromadzenie do niego,"
                },
                "2": {
                    "verse_nr": "2",
                    "verse": "Aby\u015bcie si\u0119 nie zaraz dali zra\u017ca\u0107 z zmys\u0142u waszego, ani sob\u0105 trwo\u017cy\u0107, lub przez ducha lub przez mow\u0119, lub przez list, jakoby od nas pisany, jakoby nadchodzi\u0142 dzie\u0144 Chrystusowy."
                },
                "3": {
                    "verse_nr": "3",
                    "verse": "Niech was nikt nie zwodzi \u017cadnym sposobem; albowiem nie przyjdzie on dzie\u0144, a\u017cby pierwej przysz\u0142o odst\u0105pienie i by\u0142by objawiony cz\u0142owiek on grzechu, on syn zatracenia."
                },
                "4": {
                    "verse_nr": "4",
                    "verse": "Kt\u00f3ry si\u0119 sprzeciwia i wynosi nad to wszystko, co si\u0119 zowie Bogiem, albo co ma Bosk\u0105 cze\u015b\u0107, tak i\u017c on w ko\u015bciele Bo\u017cym jako B\u00f3g usi\u0105dzie, udawaj\u0105c si\u0119 za Boga."
                },
                "5": {
                    "verse_nr": "5",
                    "verse": "Izali nie pami\u0119tacie, i\u017c jeszcze z wami b\u0119d\u0105c, o temem wam powiada\u0142?"
                },
                "6": {
                    "verse_nr": "6",
                    "verse": "A teraz wiecie, co przeszkadza, aby by\u0142 objawiony czasu swego."
                },
                "7": {
                    "verse_nr": "7",
                    "verse": "Albowiem si\u0119 ju\u017c sprawuje tajemnica nieprawo\u015bci, tylko \u017ce ten, kt\u00f3ry teraz przeszkadza, przeszkadza\u0107 b\u0119dzie, a\u017cby by\u0142 z po\u015brodku odj\u0119ty."
                },
                "8": {
                    "verse_nr": "8",
                    "verse": "A tedy objawiony b\u0119dzie on niezbo\u017cnik, kt\u00f3rego Pan zabije duchem ust swoich i zniesie objawieniem przyj\u015bcia swego."
                },
                "9": {
                    "verse_nr": "9",
                    "verse": "Kt\u00f3rego niezbo\u017cnika przyj\u015bcie jest pod\u0142ug skutku szata\u0144skiego, ze wszelk\u0105 moc\u0105 i znakami, i cudami k\u0142amliwemi,"
                },
                "10": {
                    "verse_nr": "10",
                    "verse": "I ze wszystkiem oszukaniem nieprawo\u015bci w tych, kt\u00f3rzy gin\u0105, przeto i\u017c mi\u0142o\u015bci prawdy nie przyj\u0119li, aby byli zbawieni."
                },
                "11": {
                    "verse_nr": "11",
                    "verse": "A przeto\u017c po\u015ble im B\u00f3g skutek b\u0142\u0119d\u00f3w, aby wierzyli k\u0142amstwu,"
                },
                "12": {
                    "verse_nr": "12",
                    "verse": "Aby byli os\u0105dzeni wszyscy, kt\u00f3rzy nie uwierzyli prawdzie, ale sobie upodobali niesprawiedliwo\u015b\u0107."
                },
                "13": {
                    "verse_nr": "13",
                    "verse": "Lecz my powinni\u015bmy Bogu dzi\u0119kowa\u0107 zawsze za was, bracia umi\u0142owani od Pana! i\u017c was B\u00f3g od pocz\u0105tku wybra\u0142 ku zbawieniu w po\u015bwi\u0119ceniu Ducha i w wierze prawdy,"
                },
                "14": {
                    "verse_nr": "14",
                    "verse": "Do czego was powo\u0142a\u0142 przez Ewangielij\u0119 nasz\u0119 ku dost\u0105pieniu chwa\u0142y Pana naszego, Jezusa Chrystusa."
                },
                "15": {
                    "verse_nr": "15",
                    "verse": "Przeto\u017c, bracia! st\u00f3jcie, a trzymajcie si\u0119 nauki podanej, kt\u00f3rej\u015bcie si\u0119 nauczyli lub przez mow\u0119, lub przez list nasz."
                },
                "16": {
                    "verse_nr": "16",
                    "verse": "A sam Pan nasz, Jezus Chrystus i B\u00f3g a Ojciec nasz, kt\u00f3ry nas umi\u0142owa\u0142 i da\u0142 pociech\u0119 wieczn\u0105, i nadziej\u0119 dobr\u0105 przez \u0142ask\u0119,"
                },
                "17": {
                    "verse_nr": "17",
                    "verse": "Niech cieszy serca wasze i utwierdza was w ka\u017cdej mowie i w uczynku dobrym."
                }
            }
        },
        "3": {
            "chapter_nr": "3",
            "chapter": {
                "1": {
                    "verse_nr": "1",
                    "verse": "Na ostatek, bracia! m\u00f3dlcie si\u0119 za nas, aby si\u0119 s\u0142owo Pa\u0144skie szerzy\u0142o i rozs\u0142awia\u0142o, jako i u was;"
                },
                "2": {
                    "verse_nr": "2",
                    "verse": "I aby\u015bmy byli wyrwani od niezb\u0119dnych i z\u0142ych ludzi; albowiem nie wszystkich jest wiara."
                },
                "3": {
                    "verse_nr": "3",
                    "verse": "Ale\u0107 wierny jest Pan, kt\u00f3ry was utwierdzi i strzec b\u0119dzie od z\u0142ego."
                },
                "4": {
                    "verse_nr": "4",
                    "verse": "A ufamy w Panu o was, i\u017c to, co wam rozkazujemy, i czynicie i czyni\u0107 b\u0119dziecie."
                },
                "5": {
                    "verse_nr": "5",
                    "verse": "A Pan niech sprawuje serca wasze ku mi\u0142o\u015bci Bo\u017cej i ku cierpliwemu oczekiwaniu Chrystusa."
                },
                "6": {
                    "verse_nr": "6",
                    "verse": "A rozkazujemy wam, bracia! w imieniu Pana naszego, Jezusa Chrystusa, aby\u015bcie si\u0119 od\u0142\u0105czyli od ka\u017cdego brata nieporz\u0105dnie chodz\u0105cego, a nie wed\u0142ug podanej nauki, kt\u00f3r\u0105 wzi\u0105\u0142 od nas."
                },
                "7": {
                    "verse_nr": "7",
                    "verse": "Albowiem sami wiecie, jako nas potrzeba na\u015bladowa\u0107, poniewa\u017ce\u015bmy nie \u017cyli mi\u0119dzy wami nieporz\u0105dnie;"
                },
                "8": {
                    "verse_nr": "8",
                    "verse": "Ani\u015bmy darmo chleba jedli u kogo, ale z prac\u0105 i z k\u0142opotem we dnie i w nocy robi\u0105c, aby\u015bmy nikomu z was ci\u0119\u017ckimi nie byli;"
                },
                "9": {
                    "verse_nr": "9",
                    "verse": "Nie i\u017cby\u015bmy tej mocy nie mieli, ale \u017ceby\u015bmy wam sami siebie za przyk\u0142ad podali, aby\u015bcie nas na\u015bladowali."
                },
                "10": {
                    "verse_nr": "10",
                    "verse": "Albowiem gdy\u015bmy byli u was, to\u015bmy wam rozkazali, \u017ce je\u017ali kto nie chce robi\u0107, niechaj\u017ce te\u017c nie je."
                },
                "11": {
                    "verse_nr": "11",
                    "verse": "Bo s\u0142yszymy, i\u017c niekt\u00f3rzy mi\u0119dzy wami nieporz\u0105dnie chodz\u0105, nic nie robi\u0105c, ale si\u0119 niepotrzebnemi rzeczami bawi\u0105c."
                },
                "12": {
                    "verse_nr": "12",
                    "verse": "Przeto\u017c takowym rozkazujemy i napominamy ich przez Pana naszego, Jezusa Chrystusa, aby w pokoju robi\u0105c, sw\u00f3j w\u0142asny chleb jedli."
                },
                "13": {
                    "verse_nr": "13",
                    "verse": "A wy, bracia! nie s\u0142abiejcie, dobrze czyni\u0105c."
                },
                "14": {
                    "verse_nr": "14",
                    "verse": "A je\u017ali kto jest niepos\u0142uszny s\u0142owu naszemu przez list pisanemu, tego naznaczcie, a nie mieszajcie si\u0119 z nim, aby si\u0119 zawstydzi\u0142;"
                },
                "15": {
                    "verse_nr": "15",
                    "verse": "Wszak\u017ce nie miejcie go za nieprzyjaciela, ale napominajcie jako brata."
                },
                "16": {
                    "verse_nr": "16",
                    "verse": "A sam Pan pokoju niech wam da pok\u00f3j zawsze i wszelkim sposobem. Pan niech b\u0119dzie z wami wszystkimi."
                },
                "17": {
                    "verse_nr": "17",
                    "verse": "Pozdrowienie r\u0119k\u0105 moj\u0105 Paw\u0142ow\u0105, co jest znakiem w ka\u017cdym li\u015bcie; tak pisz\u0119."
                },
                "18": {
                    "verse_nr": "18",
                    "verse": "\u0141aska Pana naszego, Jezusa Chrystusa, niech b\u0119dzie z wami wszystkimi. Amen."
                }
            }
        }
    }
}