{
    "version": "POG",
    "book_name": "Obadiah",
    "book_nr": "31",
    "book": {
        "1": {
            "chapter_nr": "1",
            "chapter": {
                "1": {
                    "verse_nr": "1",
                    "verse": "Widzenie Abdyjaszowe. Tak m\u00f3wi panuj\u0105cy Pan o ziemi Edomskiej: S\u0142yszeli\u015bmy wie\u015b\u0107 od Pana i od pos\u0142a wys\u0142anego do narod\u00f3w: Ruszcie si\u0119, a powsta\u0144my przeciwko niemu ku bitwie,"
                },
                "2": {
                    "verse_nr": "2",
                    "verse": "Oto ci\u0119 maluczkim uczyni\u0119 mi\u0119dzy narodami, ty b\u0119dziesz bardzo wzgardzony."
                },
                "3": {
                    "verse_nr": "3",
                    "verse": "Pycha serca twego zdradzi\u0142a ci\u0119, o ty! kt\u00f3ry mieszkasz w rozpadlinach skalnych, w wysokiem mieszkaniu twojem, kt\u00f3ry m\u00f3wisz w sercu swojem: Kt\u00f3\u017c mi\u0119 na ziemi\u0119 \u015bci\u0105gnie?"
                },
                "4": {
                    "verse_nr": "4",
                    "verse": "Cho\u0107by\u015b si\u0119 wywy\u017cszy\u0142 jako orze\u0142, owszem, cho\u0107by\u015b mi\u0119dzy gwiazdami po\u0142o\u017cy\u0142 gniazdo twoje, i stamt\u0105d ci\u0119 stargn\u0119, m\u00f3wi Pan."
                },
                "5": {
                    "verse_nr": "5",
                    "verse": "O jako\u017ce\u015b zniszczony! Izali\u017c z\u0142odzieje przyszli na ci\u0119? Izali zb\u00f3jcy nocni? Izaliby kradli nad potrzeb\u0119 swoj\u0119? Gdyby ci na ci\u0119 przyszli, co wino zbieraj\u0105, izaliby nie zostawili kt\u00f3rego grona?"
                },
                "6": {
                    "verse_nr": "6",
                    "verse": "Jako\u017c wyszpiegowane s\u0105 skarby Ezaw, a wynalezione s\u0105 skryte rzeczy jego."
                },
                "7": {
                    "verse_nr": "7",
                    "verse": "A\u017c do granicy wypchn\u0105 ci\u0119 wszyscy, z kt\u00f3rymi masz przymierze; zdradz\u0105 ci\u0119, moc wezm\u0105 nad tob\u0105 ci, z kt\u00f3rymi masz pok\u00f3j; kt\u00f3rzy chleb tw\u00f3j jedz\u0105, ran\u0119\u0107 zdradliwie zadadz\u0105, tak, i\u017c si\u0119 nie obaczysz."
                },
                "8": {
                    "verse_nr": "8",
                    "verse": "Izali dnia onego, m\u00f3wi Pan, nie wytrac\u0119 m\u0119drc\u00f3w z Edom, a roztropnych z g\u00f3ry Ezawa?"
                },
                "9": {
                    "verse_nr": "9",
                    "verse": "I ul\u0119kn\u0105 si\u0119 mocarze twoi, o Temanie! dlatego, \u017ce pora\u017ceni b\u0119d\u0105c wygubieni b\u0119d\u0105 wszyscy z g\u00f3ry Ezawa."
                },
                "10": {
                    "verse_nr": "10",
                    "verse": "Dla bezprawia bratu twemu Jak\u00f3bowi uczynionego ha\u0144ba ci\u0119 okryje, a wykorzeniony b\u0119dziesz na wieki."
                },
                "11": {
                    "verse_nr": "11",
                    "verse": "Sta\u0142e\u015b dnia onego naprzeciwko, dnia onego, gdy cudzy imali wojsko jego, i gdy cudzoziemcy wchodzili w bramy jego, a o Jeruzalem los miotali, ty\u015b te\u017c by\u0142 jako jeden z nich."
                },
                "12": {
                    "verse_nr": "12",
                    "verse": "Nie patrz\u017ce tedy na dzie\u0144 brata swego, na dzie\u0144 pojmania jego; ani si\u0119 wesel nad synami Judzkimi w dzie\u0144 zginienia ich, ani hardzie m\u00f3w usty swemi w dzie\u0144 ucisku."
                },
                "13": {
                    "verse_nr": "13",
                    "verse": "Nie wchod\u017a w bram\u0119 ludu mego w dzie\u0144 utrapienia ich, ani patrz na z\u0142e jego w dzie\u0144 doleg\u0142o\u015bci jego, ani \u015bci\u0105gaj r\u0119ki swej na maj\u0119tno\u015b\u0107 jego, w dzie\u0144 skruszenia jego;"
                },
                "14": {
                    "verse_nr": "14",
                    "verse": "Ani st\u00f3j na rozstaniu dr\u00f3g, aby\u015b zatraca\u0142 tych, kt\u00f3rzy z nich uchodz\u0105; ani podawaj nieprzyjacielowi w moc tych, kt\u00f3rzy z nich zostali w dzie\u0144 ucisku."
                },
                "15": {
                    "verse_nr": "15",
                    "verse": "Bo bliski jest dzie\u0144 Pa\u0144ski przeciwko tym wszystkim narodom; jako\u015b uczyni\u0142, tak ci si\u0119 stanie, nagroda twoja obr\u00f3ci si\u0119 na g\u0142ow\u0119 twoj\u0119."
                },
                "16": {
                    "verse_nr": "16",
                    "verse": "Bo poniewa\u017c wy pi\u0107 b\u0119dziecie na g\u00f3rze mojej \u015bwi\u0119tej, tak pi\u0107 b\u0119d\u0105 wszystkie narody; ustawicznie, m\u00f3wi\u0119, pi\u0107 i po\u017cera\u0107 b\u0119d\u0105, a\u017c si\u0119 stan\u0105, jakoby ich nie by\u0142o."
                },
                "17": {
                    "verse_nr": "17",
                    "verse": "A na g\u00f3rze Syon b\u0119dzie wybawienie, a ta g\u00f3ra b\u0119dzie \u015bwi\u0119ta, i posi\u0119dzie dom Jak\u00f3bowy osiad\u0142o\u015bci swe."
                },
                "18": {
                    "verse_nr": "18",
                    "verse": "I stanie si\u0119 dom Jak\u00f3bowy ogniem, a dom J\u00f3zefowy p\u0142omieniem, dom za\u015b Ezawowy \u015bcierniskiem; i rozpali si\u0119 na nich, i strawi ich, a nikt nie zostanie z domu Ezawowego; bo Pan to m\u00f3wi\u0142."
                },
                "19": {
                    "verse_nr": "19",
                    "verse": "A tak odziedzicz\u0105 krain\u0119 po\u0142udniow\u0105 z g\u00f3r\u0105 Ezawa, i r\u00f3wnin\u0119 z Filisty\u0144czykami; posi\u0119d\u0105 te\u017c krain\u0119 Efraimow\u0105, i krain\u0119 Samaryi, i Benjaminow\u0105 i Galaadsk\u0105."
                },
                "20": {
                    "verse_nr": "20",
                    "verse": "A zaprowadzeni w niewol\u0119 tego wojska syn\u00f3w Izraelskich posi\u0119d\u0105 to, co by\u0142o Chananejczyk\u00f3w a\u017c do Sarepty; a zaprowadzeni w niewol\u0119 Jeruzalemczyk\u00f3w posi\u0119d\u0105 to, co jest na ko\u0144cu pa\u0144stwa, posi\u0119d\u0105 z miastami na po\u0142udnie."
                },
                "21": {
                    "verse_nr": "21",
                    "verse": "I wst\u0105pi\u0105 wybawiciele na g\u00f3r\u0119 Syon, aby s\u0105dzili g\u00f3r\u0119 Ezawa; a tak b\u0119dzie kr\u00f3lestwo samego Pana."
                }
            }
        }
    }
}