{
    "version": "RVA-2015",
    "book_name": "Jonah",
    "book_nr": "32",
    "book": {
        "1": {
            "chapter_nr": "1",
            "chapter": {
                "1": {
                    "verse_nr": "1",
                    "verse": "Jon\u00e1s huye de su misi\u00f3n - La palabra del SE\u00d1OR vino a Jon\u00e1s hijo de Amitai diciendo:"
                },
                "2": {
                    "verse_nr": "2",
                    "verse": "\u201cLev\u00e1ntate y ve a N\u00ednive, la gran ciudad, y predica contra ella porque su maldad ha subido a mi presencia\u201d."
                },
                "3": {
                    "verse_nr": "3",
                    "verse": "Entonces Jon\u00e1s se levant\u00f3 para huir de la presencia del SE\u00d1OR a Tarsis. Descendi\u00f3 a Jope y hall\u00f3 un barco que iba a Tarsis; y pagando su pasaje entr\u00f3 en \u00e9l para irse con ellos a Tarsis huyendo de la presencia del SE\u00d1OR."
                },
                "4": {
                    "verse_nr": "4",
                    "verse": "Pero el SE\u00d1OR lanz\u00f3 un gran viento sobre el mar y se produjo una enorme tempestad de manera que el barco estaba a punto de romperse."
                },
                "5": {
                    "verse_nr": "5",
                    "verse": "Los marineros tuvieron miedo y cada uno invocaba a su dios. Y echaron al mar el cargamento que hab\u00eda en el barco para aligerarlo. Pero Jon\u00e1s hab\u00eda bajado al fondo del barco, se hab\u00eda acostado y se hab\u00eda quedado profundamente dormido."
                },
                "6": {
                    "verse_nr": "6",
                    "verse": "El capit\u00e1n del barco se acerc\u00f3 a Jon\u00e1s y le dijo: \u2014\u00bfQu\u00e9 te pasa dormil\u00f3n? \u00a1Lev\u00e1ntate e invoca a tu dios! Quiz\u00e1s \u00e9l se fije en nosotros y no perezcamos."
                },
                "7": {
                    "verse_nr": "7",
                    "verse": "Entonces se dijeron unos a otros: \u2014\u00a1Vengan y echemos suertes para saber por culpa de qui\u00e9n nos ha sobrevenido este mal! Echaron suertes y la suerte cay\u00f3 sobre Jon\u00e1s."
                },
                "8": {
                    "verse_nr": "8",
                    "verse": "Entonces le dijeron: \u2014Decl\u00e1ranos por qu\u00e9 nos ha sobrevenido este mal. \u00bfQu\u00e9 oficio tienes y de d\u00f3nde vienes? \u00bfCu\u00e1l es tu pa\u00eds y de qu\u00e9 pueblo eres?"
                },
                "9": {
                    "verse_nr": "9",
                    "verse": "\u00c9l respondi\u00f3: \u2014Soy hebreo y temo al SE\u00d1OR Dios de los cielos, que hizo el mar y la tierra."
                },
                "10": {
                    "verse_nr": "10",
                    "verse": "Aquellos hombres temieron much\u00edsimo y le preguntaron: \u2014\u00bfPor qu\u00e9 has hecho esto? Pues entendieron que hu\u00eda de la presencia del SE\u00d1OR ya que \u00e9l se lo hab\u00eda declarado."
                },
                "11": {
                    "verse_nr": "11",
                    "verse": "Y le preguntaron: \u2014\u00bfQu\u00e9 haremos contigo para que el mar se nos calme? Porque el mar se embravec\u00eda m\u00e1s y m\u00e1s."
                },
                "12": {
                    "verse_nr": "12",
                    "verse": "Y \u00e9l respondi\u00f3: \u2014Lev\u00e1ntenme y \u00e9chenme al mar y se les calmar\u00e1; pues yo s\u00e9 que por mi causa les ha sobrevenido esta gran tempestad."
                },
                "13": {
                    "verse_nr": "13",
                    "verse": "Aquellos hombres remaban para hacer volver el barco a tierra pero no pudieron porque el mar se embravec\u00eda cada vez m\u00e1s."
                },
                "14": {
                    "verse_nr": "14",
                    "verse": "Entonces clamaron al SE\u00d1OR diciendo: \u2014\u00a1Oh SE\u00d1OR, por favor, que no perezcamos nosotros por la vida de este hombre! No nos hagas responsables de sangre inocente porque t\u00fa, oh SE\u00d1OR, has hecho como has querido."
                },
                "15": {
                    "verse_nr": "15",
                    "verse": "Entonces levantaron a Jon\u00e1s y lo echaron al mar y el mar ces\u00f3 de su furia."
                },
                "16": {
                    "verse_nr": "16",
                    "verse": "Y aquellos hombres temieron grandemente al SE\u00d1OR; le ofrecieron un sacrificio e hicieron votos."
                },
                "17": {
                    "verse_nr": "17",
                    "verse": "Pero el SE\u00d1OR dispuso un gran pez que se tragara a Jon\u00e1s. Y este estuvo en el vientre del pez tres d\u00edas y tres noches."
                }
            }
        },
        "2": {
            "chapter_nr": "2",
            "chapter": {
                "1": {
                    "verse_nr": "1",
                    "verse": "Jon\u00e1s ora desde el vientre del pez - Y desde el vientre del pez or\u00f3 Jon\u00e1s al SE\u00d1OR su Dios."
                },
                "2": {
                    "verse_nr": "2",
                    "verse": "Y dijo: \u201cDesde mi angustia invoqu\u00e9 al SE\u00d1OR y \u00e9l me respondi\u00f3. Clam\u00e9 desde el vientre del Seol y t\u00fa escuchaste mi voz."
                },
                "3": {
                    "verse_nr": "3",
                    "verse": "Me arrojaste a lo profundo, en el coraz\u00f3n de los mares y me rode\u00f3 la corriente: Todas tus ondas y tus olas han pasado sobre m\u00ed."
                },
                "4": {
                    "verse_nr": "4",
                    "verse": "Yo dije: Expulsado soy de delante de tus ojos; pero a\u00fan he de ver tu santo templo."
                },
                "5": {
                    "verse_nr": "5",
                    "verse": "Las aguas me han envuelto hasta la garganta; me rode\u00f3 el abismo. Las algas se enredaron en mi cabeza."
                },
                "6": {
                    "verse_nr": "6",
                    "verse": "Descend\u00ed a la base de las monta\u00f1as. La tierra ech\u00f3 sus cerrojos tras de m\u00ed para siempre. Pero t\u00fa hiciste subir mi vida de la fosa, \u00a1oh SE\u00d1OR Dios m\u00edo!"
                },
                "7": {
                    "verse_nr": "7",
                    "verse": "Cuando mi alma desfallec\u00eda dentro de m\u00ed me acord\u00e9 del SE\u00d1OR; y mi oraci\u00f3n lleg\u00f3 hasta ti, a tu santo templo."
                },
                "8": {
                    "verse_nr": "8",
                    "verse": "Los que veneran las vanidades ilusorias abandonan su lealtad."
                },
                "9": {
                    "verse_nr": "9",
                    "verse": "Pero yo te ofrecer\u00e9 sacrificio con voz de alabanza. Lo que promet\u00ed haciendo votos lo cumplir\u00e9. \u00a1La salvaci\u00f3n pertenece al SE\u00d1OR!\u201d."
                },
                "10": {
                    "verse_nr": "10",
                    "verse": "Entonces el SE\u00d1OR habl\u00f3 al pez y este vomit\u00f3 a Jon\u00e1s en tierra."
                }
            }
        },
        "3": {
            "chapter_nr": "3",
            "chapter": {
                "1": {
                    "verse_nr": "1",
                    "verse": "Jon\u00e1s predica en N\u00ednive - La palabra del SE\u00d1OR vino por segunda vez a Jon\u00e1s, diciendo:"
                },
                "2": {
                    "verse_nr": "2",
                    "verse": "\u201cLev\u00e1ntate y ve a N\u00ednive, la gran ciudad, y procl\u00e1male el mensaje que yo te dar\u00e9\u201d."
                },
                "3": {
                    "verse_nr": "3",
                    "verse": "Entonces Jon\u00e1s se levant\u00f3 y fue a N\u00ednive conforme a la palabra del SE\u00d1OR. N\u00ednive era una ciudad grande de tres d\u00edas de camino."
                },
                "4": {
                    "verse_nr": "4",
                    "verse": "Jon\u00e1s comenz\u00f3 a recorrer la ciudad durante un d\u00eda de recorrido y proclamaba diciendo: \u201c\u00a1De aqu\u00ed a cuarenta d\u00edas N\u00ednive ser\u00e1 destruida!\u201d."
                },
                "5": {
                    "verse_nr": "5",
                    "verse": "Los de N\u00ednive se arrepienten - Pero los hombres de N\u00ednive creyeron a Dios, proclamaron ayuno y se cubrieron de cilicio desde el mayor hasta el menor."
                },
                "6": {
                    "verse_nr": "6",
                    "verse": "El asunto lleg\u00f3 hasta el rey de N\u00ednive quien se levant\u00f3 de su trono, se despoj\u00f3 de su manto, se cubri\u00f3 de cilicio y se sent\u00f3 sobre ceniza."
                },
                "7": {
                    "verse_nr": "7",
                    "verse": "E hizo proclamar y anunciar en N\u00ednive por mandato del rey y de sus grandes: \u201c\u00a1Que hombres y animales, bueyes y ovejas, no coman cosa alguna! \u00a1No se les d\u00e9 alimento ni beban agua!"
                },
                "8": {
                    "verse_nr": "8",
                    "verse": "C\u00fabranse de cilicio tanto hombres como animales. Invoquen a Dios con todas sus fuerzas y arrepi\u00e9ntase cada uno de su mal camino y de la violencia que hay en sus manos."
                },
                "9": {
                    "verse_nr": "9",
                    "verse": "\u00bfQui\u00e9n sabe si Dios desiste y cambia de parecer, y se aparta del furor de su ira y as\u00ed no pereceremos?\u201d."
                },
                "10": {
                    "verse_nr": "10",
                    "verse": "Dios vio lo que hicieron, que se volvieron de su mal camino, y desisti\u00f3 del mal que hab\u00eda determinado hacerles y no lo hizo."
                }
            }
        },
        "4": {
            "chapter_nr": "4",
            "chapter": {
                "1": {
                    "verse_nr": "1",
                    "verse": "Jon\u00e1s se enoja por el resultado - Pero esto desagrad\u00f3 grandemente a Jon\u00e1s y lo enoj\u00f3."
                },
                "2": {
                    "verse_nr": "2",
                    "verse": "Y or\u00f3 al SE\u00d1OR diciendo: \u2014Oh SE\u00d1OR, \u00bfno es esto lo que dec\u00eda yo estando a\u00fan en mi tierra? \u00a1Por eso me adelant\u00e9 a huir a Tarsis! Porque sab\u00eda que t\u00fa eres un Dios clemente y compasivo, lento para la ira, grande en misericordia y que desistes de hacer el mal."
                },
                "3": {
                    "verse_nr": "3",
                    "verse": "Ahora, oh SE\u00d1OR, por favor, qu\u00edtame la vida porque mejor me es la muerte que la vida."
                },
                "4": {
                    "verse_nr": "4",
                    "verse": "El SE\u00d1OR le respondi\u00f3: \u2014\u00bfHaces bien en enojarte tanto?"
                },
                "5": {
                    "verse_nr": "5",
                    "verse": "El SE\u00d1OR ense\u00f1a compasi\u00f3n a Jon\u00e1s - Entonces Jon\u00e1s sali\u00f3 de la ciudad y se sent\u00f3 al oriente de ella. All\u00ed se hizo una enramada y se sent\u00f3 a su sombra hasta ver qu\u00e9 suceder\u00eda a la ciudad."
                },
                "6": {
                    "verse_nr": "6",
                    "verse": "Entonces el SE\u00d1OR dispuso que creciera una planta de ricino, para que hiciera sombra sobre la cabeza de Jon\u00e1s para protegerlo de la insolaci\u00f3n. Y Jon\u00e1s se alegr\u00f3 much\u00edsimo por el ricino."
                },
                "7": {
                    "verse_nr": "7",
                    "verse": "Pero Dios dispuso tambi\u00e9n, al amanecer del d\u00eda siguiente, un gusano que atac\u00f3 la planta de ricino y esta se sec\u00f3."
                },
                "8": {
                    "verse_nr": "8",
                    "verse": "Y aconteci\u00f3 que al salir el sol Dios dispuso un sofocante viento oriental y el sol hiri\u00f3 la cabeza de Jon\u00e1s, de modo que se desmayaba y anhelaba morirse. Y dijo: \u2014\u00a1Mejor me es la muerte que la vida!"
                },
                "9": {
                    "verse_nr": "9",
                    "verse": "Entonces Dios dijo a Jon\u00e1s: \u2014\u00bfTe parece bien enojarte por lo de la planta de ricino? \u00c9l respondi\u00f3: \u2014\u00a1Me parece bien enojarme hasta la muerte!"
                },
                "10": {
                    "verse_nr": "10",
                    "verse": "Y el SE\u00d1OR le dijo: \u2014T\u00fa te preocupas por la planta de ricino por la cual no trabajaste ni la hiciste crecer, que en una noche lleg\u00f3 a existir y en una noche pereci\u00f3."
                },
                "11": {
                    "verse_nr": "11",
                    "verse": "\u00bfY no he de preocuparme yo por N\u00ednive, aquella gran ciudad donde hay m\u00e1s de ciento veinte mil personas que no distinguen su mano derecha de su mano izquierda, y muchos animales?"
                }
            }
        }
    }
}