{
    "version": "LAV",
    "book_name": "Song of Solomon",
    "book_nr": "22",
    "book": {
        "1": {
            "chapter_nr": "1",
            "chapter": {
                "1": {
                    "verse_nr": "1",
                    "verse": "Salamana augst\u0101 dziesma."
                },
                "2": {
                    "verse_nr": "2",
                    "verse": "Lai vi\u0146\u0161 mani sk\u016bpsta ar savas mutes sk\u016bpst\u012b\u0161anu; jo tava m\u012blest\u012bba ir jo m\u012bl\u012bg\u0101ka nek\u0101 v\u012bns."
                },
                "3": {
                    "verse_nr": "3",
                    "verse": "Tavai e\u013c\u013cai ir salda smar\u017ea; tavs v\u0101rds ir izlieta e\u013c\u013ca, t\u0101p\u0113c jaunavas tevi m\u012bl."
                },
                "4": {
                    "verse_nr": "4",
                    "verse": "Velc mani, tad m\u0113s tev tec\u0113sim paka\u013c; \u0137\u0113ni\u0146\u0161 mani ved savos kambaros; m\u0113s l\u012bksmosimies un priec\u0101simies par tevi; m\u0113s piemin\u0113sim tavu m\u012blest\u012bbu vair\u0101k nek\u0101 v\u012bnu; paties\u012bgi tevi m\u012bl."
                },
                "5": {
                    "verse_nr": "5",
                    "verse": "Es esmu melna, bet m\u012bl\u012bga, j\u016bs Jeruz\u0101lemes meitas, t\u0101 k\u0101 \u0136edara teltis, k\u0101 Salamana gard\u012bnes(aizkari)."
                },
                "6": {
                    "verse_nr": "6",
                    "verse": "Neuzl\u016bkojiet mani, ka esmu pamelna, jo saul\u0113 esmu nodegusi; manas m\u0101tes b\u0113rni pret mani apskaitu\u0161ies, tie mani liku\u0161i par v\u012bna d\u0101rzu sarg\u0101t\u0101ju; savu pa\u0161u v\u012bna d\u0101rzu neesmu apsarg\u0101jusi."
                },
                "7": {
                    "verse_nr": "7",
                    "verse": "Saki man, tu, ko mana dv\u0113sele m\u012bl, kur tu gani, kur tu gulies pusdien\u0101? Jo k\u0101p\u0113c man b\u016bs aloties pie tavu biedru gan\u0101miem pulkiem?"
                },
                "8": {
                    "verse_nr": "8",
                    "verse": "Ja tu to nezini, tu visu skaist\u0101k\u0101 starp siev\u0101m, tad ej jel pa avju p\u0113d\u0101m un gani savus kazl\u0113nus pie ganu telt\u012bm."
                },
                "9": {
                    "verse_nr": "9",
                    "verse": "Es tevi l\u012bdzin\u0101ju, mana draudzene, ar tiem zirgiem pie Faraona ratiem."
                },
                "10": {
                    "verse_nr": "10",
                    "verse": "Tavi vaigi ir m\u012bl\u012bgi spr\u0101dz\u0113s, tavs kakls p\u0113r\u013cu rot\u0101."
                },
                "11": {
                    "verse_nr": "11",
                    "verse": "M\u0113s tev tais\u012bsim zelta spr\u0101dzes ar sudraba podzi\u0146\u0101m."
                },
                "12": {
                    "verse_nr": "12",
                    "verse": "Kam\u0113r \u0137\u0113ni\u0146\u0161 pie galda, mana nardes pu\u0137\u012bte dod savu smar\u017eu."
                },
                "13": {
                    "verse_nr": "13",
                    "verse": "Mans draugs man ir mirru pu\u0161\u0137is, pie man\u0101m kr\u016bt\u012bm piesprausts."
                },
                "14": {
                    "verse_nr": "14",
                    "verse": "Mans draugs man ir v\u012bna \u0137ekars En\u0123edi v\u012bna d\u0101rzos."
                },
                "15": {
                    "verse_nr": "15",
                    "verse": "Redzi, tu esi skaista, mana draudzene, redzi, tu esi skaista, tavas acis ir k\u0101 balo\u017eu acis."
                },
                "16": {
                    "verse_nr": "16",
                    "verse": "Redzi, tu esi skaists, mans draugs, un m\u012bl\u012bgs, un m\u016bsu dusas vieta za\u013co."
                },
                "17": {
                    "verse_nr": "17",
                    "verse": "M\u016bsu namu ba\u013c\u0137i ir ciedri, m\u016bsu sijas ir cipreses."
                }
            }
        },
        "2": {
            "chapter_nr": "2",
            "chapter": {
                "1": {
                    "verse_nr": "1",
                    "verse": "Es esmu roze \u0160aron\u0101 un lilija ielej\u0101."
                },
                "2": {
                    "verse_nr": "2",
                    "verse": "T\u0101 k\u0101 lilija starp \u0113rk\u0161\u0137iem, t\u0101da ir mana draudzene starp t\u0101m meit\u0101m."
                },
                "3": {
                    "verse_nr": "3",
                    "verse": "T\u0101 k\u0101 \u0101bele starp me\u017ea kokiem, t\u0101ds ir mans draugs starp tiem d\u0113liem. Es ilgojos s\u0113d\u0113t vi\u0146a pav\u0113n\u012b, un vi\u0146a auglis manai mutei salds."
                },
                "4": {
                    "verse_nr": "4",
                    "verse": "Vi\u0146\u0161 mani ved v\u012bna nam\u0101, un m\u012blest\u012bba ir vi\u0146a karogs p\u0101r mani."
                },
                "5": {
                    "verse_nr": "5",
                    "verse": "Atspirdzin\u0101jiet mani ar v\u012bna og\u0101m un sp\u0113cin\u0101jiet mani ar \u0101boliem; jo es n\u012bkstu no m\u012blest\u012bbas."
                },
                "6": {
                    "verse_nr": "6",
                    "verse": "Vi\u0146a kreis\u0101 roka ir apak\u0161 manas galvas, un vi\u0146a lab\u0101 roka mani apkampj."
                },
                "7": {
                    "verse_nr": "7",
                    "verse": "Es j\u016bs m\u012b\u013ci l\u016bdzu, j\u016bs Jeruz\u0101lemes meitas, pie t\u0101m stirn\u0101m un kalnu kaz\u0101m lauk\u0101, neuztraucat un nemodin\u0101jat m\u012blest\u012bbu, kam\u0113r tai pa\u0161ai pat\u012bk."
                },
                "8": {
                    "verse_nr": "8",
                    "verse": "\u0160\u012b ir mana drauga balss; redzi, vi\u0146\u0161 n\u0101k un l\u0113k\u0101 pa tiem kalniem un deij pa tiem pakalniem."
                },
                "9": {
                    "verse_nr": "9",
                    "verse": "Mans draugs ir l\u012bdz\u012bgs stirnai vai jaunam briedim. Redzi, vi\u0146\u0161 st\u0101v aiz sienas, skat\u0101s caur logiem un raug\u0101s caur skadri\u0146iem."
                },
                "10": {
                    "verse_nr": "10",
                    "verse": "Mans draugs atbild un saka uz mani: celies, mana draudzene, mana skaist\u0101, un n\u0101c!"
                },
                "11": {
                    "verse_nr": "11",
                    "verse": "Jo redzi, ziema ir pag\u0101jusi, stiprais lietus jau ir p\u0101rg\u0101jis un nost."
                },
                "12": {
                    "verse_nr": "12",
                    "verse": "Pu\u0137es r\u0101d\u0101s lauk\u0101, dziesmu laiks atn\u0101cis, un \u016bbeles balss dzirdama m\u016bsu zem\u0113."
                },
                "13": {
                    "verse_nr": "13",
                    "verse": "V\u012b\u0123es koks dab\u016bjis pumpurus, un v\u012bna koki plaukst un dod smar\u017eu; celies, n\u0101c, mana draudzene, mana skaist\u0101, n\u0101c \u0161urp!"
                },
                "14": {
                    "verse_nr": "14",
                    "verse": "Mans balodis akme\u0146u kalnos, apsl\u0113ptos plaisumos, par\u0101di man savu vaigu, dod man savu balsi dzird\u0113t; jo tava balss ir salda, un tavs vaigs ir m\u012bl\u012bgs."
                },
                "15": {
                    "verse_nr": "15",
                    "verse": "G\u016bstat mums lapsas, t\u0101s maz\u0101s lapsas, kas v\u012bna d\u0101rzus mait\u0101, jo m\u016bsu v\u012bna d\u0101rzi st\u0101v ziedos."
                },
                "16": {
                    "verse_nr": "16",
                    "verse": "Mans draugs ir mans, es esmu vi\u0146a, kas pa t\u0101m lilij\u0101m gana."
                },
                "17": {
                    "verse_nr": "17",
                    "verse": "Kam\u0113r diena met\u0101s dzestra un \u0113nas b\u0113g, atgriezies, mans draugs, k\u0101 stirna, vai k\u0101 jauns briedis pa kalnu plaisumiem."
                }
            }
        },
        "3": {
            "chapter_nr": "3",
            "chapter": {
                "1": {
                    "verse_nr": "1",
                    "verse": "Nakt\u012b sav\u0101 gult\u0101 es mekl\u0113ju to, ko mana dv\u0113sele m\u012bl; es mekl\u0113ju, bet vi\u0146u neatradu."
                },
                "2": {
                    "verse_nr": "2",
                    "verse": "Es cel\u0161os jel un ie\u0161u pils\u0113t\u0101 apk\u0101rt pa gatv\u0113m un iel\u0101m; es mekl\u0113\u0161u to, ko mana dv\u0113sele m\u012bl. Es mekl\u0113ju, bet vi\u0146u neatradu."
                },
                "3": {
                    "verse_nr": "3",
                    "verse": "Sargi mani atrada, kas pils\u0113t\u0101 iet apk\u0101rt: vai j\u016bs neesat redz\u0113ju\u0161i to, ko mana dv\u0113sele m\u012bl?"
                },
                "4": {
                    "verse_nr": "4",
                    "verse": "Kad es ma\u0137en\u012bt tiem biju pag\u0101jusi gar\u0101m, tad es atradu to, ko mana dv\u0113sele m\u012bl; es vi\u0146u turu un to neatlaid\u012b\u0161u, kam\u0113r es vi\u0146u ved\u012b\u0161u savas m\u0101tes nam\u0101, savas dzemd\u0113t\u0101jas kambar\u012b."
                },
                "5": {
                    "verse_nr": "5",
                    "verse": "Es j\u016bs m\u012b\u013ci l\u016bdzu, j\u016bs Jeruz\u0101lemes meitas, pie t\u0101m stirn\u0101m un kalnu kaz\u0101m, neuztraucat un nemodin\u0101jat m\u012blest\u012bbu, kam\u0113r tai pa\u0161ai pat\u012bk."
                },
                "6": {
                    "verse_nr": "6",
                    "verse": "Kas ir \u0161\u012b, kas no tuksne\u0161a n\u0101k k\u0101 d\u016bmu stabs, apkv\u0113pin\u0101ta ar mirr\u0113m un v\u012braku, ar vis\u0101d\u0101m veikalnieku z\u0101l\u0113m?"
                },
                "7": {
                    "verse_nr": "7",
                    "verse": "Redzi, ap Salamana kr\u0113slu apk\u0101rt ir se\u0161desmit varo\u0146i no Isra\u0113la varo\u0146iem."
                },
                "8": {
                    "verse_nr": "8",
                    "verse": "Tie visi tur zobenus, m\u0101c\u012bti karot; ikkatram savs zobens pie gurniem pret nakts bail\u0113m."
                },
                "9": {
                    "verse_nr": "9",
                    "verse": "\u0136\u0113ni\u0146\u0161 Salamans sev licis tais\u012bt nesamu kr\u0113slu no L\u012bbanus kokiem."
                },
                "10": {
                    "verse_nr": "10",
                    "verse": "Vi\u0146a stabus vi\u0146\u0161 tais\u012bja no sudraba, to l\u0113ni no zelta, to s\u0113dekli no purpura, vi\u0146a iek\u0161puse bija izpu\u0161\u0137ota no Jeruz\u0101lemes meitu m\u012blest\u012bbas."
                },
                "11": {
                    "verse_nr": "11",
                    "verse": "Ejat \u0101r\u0101 un uzl\u016bkojiet, Ci\u0101nas meitas, \u0137\u0113ni\u0146u Salamanu ar to kroni, ar ko vi\u0146a m\u0101te to kron\u0113ja vi\u0146a k\u0101zu dien\u0101 un vi\u0146a sirds l\u012bksm\u012bbas dien\u0101."
                }
            }
        },
        "4": {
            "chapter_nr": "4",
            "chapter": {
                "1": {
                    "verse_nr": "1",
                    "verse": "Redzi, tu esi skaista, mana draudzene, redzi, tu esi skaista; tavas acis ir k\u0101 balo\u017eu acis aiz tava galvas apsega. Tavi mati ir k\u0101 kazu pulks, kas gu\u013c uz Gile\u0101d kalna."
                },
                "2": {
                    "verse_nr": "2",
                    "verse": "Tavi zobi ir k\u0101 avju pulks, kas cirptas un izn\u0101k no peld\u0113\u0161anas, kas visas dv\u012b\u0146us ved\u0101s, un neviena starp vi\u0146\u0101m nav neaugl\u012bga."
                },
                "3": {
                    "verse_nr": "3",
                    "verse": "Tavas l\u016bpas ir k\u0101 purpura aukla, un tava mute ir m\u012bl\u012bga. Tavi vaigi ir k\u0101 gran\u0101t\u0101bola puses aiz tava galvas apsega."
                },
                "4": {
                    "verse_nr": "4",
                    "verse": "Tavs kakls ir k\u0101 D\u0101vida tornis, kas tais\u012bts, lai tur iero\u010dus uzkar, kur t\u016bksto\u0161as priek\u0161turam\u0101s bru\u0146as uzk\u0101rtas, vis\u0101das stipru v\u012bru bru\u0146as."
                },
                "5": {
                    "verse_nr": "5",
                    "verse": "Tavas kr\u016btis ir k\u0101 divas jaunas stirnas, k\u0101 kalnu kazas dv\u012b\u0146i, kas liliju starp\u0101 gan\u0101s."
                },
                "6": {
                    "verse_nr": "6",
                    "verse": "Kad diena met\u0101s dzestra, un \u0113nas b\u0113g, tad ie\u0161u pie mirru kalna un pie v\u012braka pakalna."
                },
                "7": {
                    "verse_nr": "7",
                    "verse": "Tu esi visai skaista, mana draudzene, un pie tevis nav vainas."
                },
                "8": {
                    "verse_nr": "8",
                    "verse": "N\u0101c man l\u012bdz no L\u012bbanus, mana br\u016bte, n\u0101c man l\u012bdz no L\u012bbanus. Skaties no Amana kalna gala, no Senira un Hermona gala, no lauvu al\u0101m, no leopardu kalniem."
                },
                "9": {
                    "verse_nr": "9",
                    "verse": "Tu man sirdi esi pa\u0146\u0113musi, mana m\u0101sa, m\u012b\u013c\u0101 br\u016bte; tu man sirdi esi pa\u0146\u0113musi ar vienu acti\u0146u, ar vienu kakla \u0137\u0113d\u012bti."
                },
                "10": {
                    "verse_nr": "10",
                    "verse": "Cik skaista ir tava m\u012blest\u012bba, mana m\u0101sa, m\u012b\u013c\u0101 br\u016bte! Cik lab\u0101ka ir tava m\u012blest\u012bba p\u0101r v\u012bnu, un tavas e\u013c\u013cas smar\u017ea p\u0101r vis\u0101m kv\u0113pin\u0101m\u0101m z\u0101l\u0113m."
                },
                "11": {
                    "verse_nr": "11",
                    "verse": "Tavas l\u016bpas, ak br\u016bte! Pil no kaus\u0113t\u0101 medus; medus un piens ir apak\u0161 tavas m\u0113les, un tava dr\u0113bju smar\u017ea ir k\u0101 L\u012bbanus smar\u017ea."
                },
                "12": {
                    "verse_nr": "12",
                    "verse": "Tu esi aizsl\u0113gts d\u0101rzs, mana m\u0101sa, m\u012b\u013c\u0101 br\u016bte, aizsl\u0113gts avots, aizsl\u0113gta aka."
                },
                "13": {
                    "verse_nr": "13",
                    "verse": "Tavi zari ir k\u0101 jauks d\u0101rzs, kur gran\u0101tu \u0101beles ar d\u0101rgiem aug\u013ciem, kovera pu\u0137es ar nard\u0113m,"
                },
                "14": {
                    "verse_nr": "14",
                    "verse": "Narde un safrans, kalmes un kan\u0113lis, ar vis\u0101diem v\u012braka kokiem, mirres un alvejas, l\u012bdz ar vislab\u0101k\u0101m smar\u017e\u012bg\u0101m z\u0101l\u0113m."
                },
                "15": {
                    "verse_nr": "15",
                    "verse": "T\u0101 k\u0101 d\u0101rzu aka (tu esi), k\u0101 aka ar dz\u012bvu \u016bdeni, un k\u0101 strauti no L\u012bbanus."
                },
                "16": {
                    "verse_nr": "16",
                    "verse": "Celies, ziemeli, un n\u0101c, dienvidu v\u0113j\u0161, p\u016bt pa manu d\u0101rzu, ka vi\u0146a z\u0101les pil (smar\u017eas no d\u0101rza augiem). Mans draugs lai n\u0101k sav\u0101 d\u0101rz\u0101, un lai \u0113d savus skaistos aug\u013cus."
                }
            }
        },
        "5": {
            "chapter_nr": "5",
            "chapter": {
                "1": {
                    "verse_nr": "1",
                    "verse": "Es n\u0101ku sav\u0101 d\u0101rz\u0101, mana m\u0101sa, m\u012b\u013c\u0101 br\u016bte; es pl\u016bcu savas mirres un savu balzamu, es \u0113du savas \u0161\u016bnas ar savu medu, es dzeru savu v\u012bnu un savu pienu. \u0112diet, m\u012b\u013cie, dzeriet un padzeraties, draugi!"
                },
                "2": {
                    "verse_nr": "2",
                    "verse": "Es gu\u013cu, bet mana sirds ir nomod\u0101; t\u0101 ir mana drauga balss, kas klaudzina: atdari man, mana m\u0101sa, mana draudzene, mans balodis, mana sirds skaidr\u0101; jo mana galva ir rasas pilna, mani mati ar nakts l\u0101s\u0113m."
                },
                "3": {
                    "verse_nr": "3",
                    "verse": "\u201eEs savus sv\u0101rkus esmu novilkusi, k\u0101 man tos atkal b\u016bs apvilkt? Es savas k\u0101jas esmu mazg\u0101jusi, k\u0101 man t\u0101s atkal b\u016bs dar\u012bt net\u012bras?\u201c"
                },
                "4": {
                    "verse_nr": "4",
                    "verse": "Mans draugs savu roku stiepa pa logu, un mana sirds par to tr\u012bc\u0113ja."
                },
                "5": {
                    "verse_nr": "5",
                    "verse": "Es pac\u0113los, savam draugam atdar\u012bt, un no man\u0101m rok\u0101m pil\u0113ja mirres un no maniem pirkstiem teko\u0161as mirres pie durvju atsl\u0113gas."
                },
                "6": {
                    "verse_nr": "6",
                    "verse": "Es savam draugam atdar\u012bju, bet mans draugs bija proj\u0101m, vi\u0146\u0161 bija aizg\u0101jis. Mana dv\u0113sele izg\u0101ja p\u0113c vi\u0146a v\u0101rdiem. Es vi\u0146u mekl\u0113ju, bet es vi\u0146u neatradu; es vi\u0146u saucu, bet vi\u0146\u0161 man neatbild\u0113ja."
                },
                "7": {
                    "verse_nr": "7",
                    "verse": "Sargi, kas pils\u0113t\u0101 iet apk\u0101rt, mani atrada; mani sita un mani ievainoja; tie m\u016bru sargi nor\u0101va manu apsegu no manis."
                },
                "8": {
                    "verse_nr": "8",
                    "verse": "Es jums piekodin\u0101ju, Jeruz\u0101lemes meitas, kad j\u016bs manu draugu atrodat, ko j\u016bs vi\u0146am sac\u012bsiet? Ka es esmu apsirgusi no m\u012blest\u012bbas."
                },
                "9": {
                    "verse_nr": "9",
                    "verse": "K\u0101ds tad ir tavs draugs p\u0101r citiem draugiem, tu visuskaist\u0101k\u0101 starp siev\u0101m? K\u0101ds ir tavs draugs p\u0101r citiem draugiem, ka tu mums t\u0101 esi piekodin\u0101jusi?"
                },
                "10": {
                    "verse_nr": "10",
                    "verse": "Mans draugs ir balts un sarkans, p\u0101r\u0101ks p\u0101r t\u016bksto\u0161iem."
                },
                "11": {
                    "verse_nr": "11",
                    "verse": "Vi\u0146a galva ir visu\u0161\u0137\u012bst\u0101kais zelts, vi\u0146a mati ir kupli jo kupli, melni k\u0101 krauklis."
                },
                "12": {
                    "verse_nr": "12",
                    "verse": "Vi\u0146a acis ir k\u0101 balo\u017eu acis pie \u016bdens strautiem, ar pienu mazg\u0101tas, skaist\u0101 pilnum\u0101."
                },
                "13": {
                    "verse_nr": "13",
                    "verse": "Vi\u0146a vaigi ir k\u0101 balzama dobes, t\u0101 k\u0101 smar\u017e\u012bgas pu\u0137es uz pakalniem. Vi\u0146a l\u016bpas ir k\u0101 rozes, kur pil teko\u0161as mirres."
                },
                "14": {
                    "verse_nr": "14",
                    "verse": "Vi\u0146a rokas ir k\u0101 zelta gredzeni ar tur\u0137izu akme\u0146iem pild\u012bti. Vi\u0146a miesa ir k\u0101 dai\u013c\u0161 zilo\u0146kaulu darbs, ar saf\u012briem pu\u0161\u0137ots;"
                },
                "15": {
                    "verse_nr": "15",
                    "verse": "Vi\u0146a lieli ir k\u0101 marmora p\u012bl\u0101ri uz vis\u0161\u0137\u012bst\u0101k\u0101 zelta pamatiem. Vi\u0146a augums ir k\u0101 L\u012bbanus, di\u017eens k\u0101 ciedri."
                },
                "16": {
                    "verse_nr": "16",
                    "verse": "Vi\u0146a mute ir salda, un visa vi\u0146a b\u016b\u0161ana \u013coti m\u012bl\u012bga. T\u0101ds ir mans draugs, un t\u0101ds ir mans m\u012b\u013c\u0101kais, Jeruz\u0101lemes meitas."
                }
            }
        },
        "6": {
            "chapter_nr": "6",
            "chapter": {
                "1": {
                    "verse_nr": "1",
                    "verse": "Kurp tavs draugs ir nog\u0101jis, tu visu skaist\u0101k\u0101 starp siev\u0101m? Uz kuru pusi tavs draugs ir griezies, ka m\u0113s l\u012bdz ar tevi vi\u0146u mekl\u0113jam."
                },
                "2": {
                    "verse_nr": "2",
                    "verse": "Mans draugs ir nog\u0101jis sav\u0101 d\u0101rz\u0101, pie t\u0101m smar\u017e\u012bg\u0101m dob\u0113m, pa d\u0101rzu pastaig\u0101ties un lilijas las\u012bt."
                },
                "3": {
                    "verse_nr": "3",
                    "verse": "Mans draugs ir mans un es esmu vi\u0146a, kas starp lilij\u0101m gana."
                },
                "4": {
                    "verse_nr": "4",
                    "verse": "Tu esi skaista, mana draudzene, t\u0101 k\u0101 Tirca, m\u012bl\u012bga k\u0101 Jeruz\u0101leme, briesm\u012bga k\u0101 kara sp\u0113ki ar karogiem."
                },
                "5": {
                    "verse_nr": "5",
                    "verse": "Nogriez savas acis no manis, jo t\u0101s mani p\u0101rvar\u0113ju\u0161as. Tavi mati ir k\u0101 kazu pulks, kas gu\u013c uz Gile\u0101d kalna."
                },
                "6": {
                    "verse_nr": "6",
                    "verse": "Tavi zobi ir k\u0101 avju pulks, kas n\u0101k no peld\u0113\u0161anas, kas visas dv\u012b\u0146us ved\u0101s, un neviena starp vi\u0146\u0101m nav neaugl\u012bga."
                },
                "7": {
                    "verse_nr": "7",
                    "verse": "Tavi vaigi ir k\u0101 gran\u0101t\u0101bola puses aiz tava galvas apsega."
                },
                "8": {
                    "verse_nr": "8",
                    "verse": "Se\u0161desmit ir \u0137\u0113ni\u0146ienes un asto\u0146desmit liekas sievas un tas jaunavu pulks nav izskait\u0101ms."
                },
                "9": {
                    "verse_nr": "9",
                    "verse": "Bet viena vien\u012bga ir mans balodis, mana sirds skaidr\u0101, t\u0101 vien\u012bg\u0101 savai m\u0101tei, t\u0101 m\u012b\u013c\u0101k\u0101 savai dzemd\u0113t\u0101jai. Kad t\u0101s meitas vi\u0146u redz, tad t\u0101s vi\u0146u teic, \u0137\u0113ni\u0146ienes un liek\u0101s sievas vi\u0146u slav\u0113."
                },
                "10": {
                    "verse_nr": "10",
                    "verse": "Kas t\u0101 t\u0101da, kas sp\u012bd k\u0101 auseklis, skaista k\u0101 m\u0113nesis, skaidra k\u0101 saule, briesm\u012bga k\u0101 karasp\u0113ki ar karogiem?"
                },
                "11": {
                    "verse_nr": "11",
                    "verse": "Es nog\u0101ju riekstu d\u0101rz\u0101, redz\u0113t za\u013cos aug\u013cus pie upes, un l\u016bkot, vai v\u012bna koks zied un gran\u0101tu koki plaukst."
                },
                "12": {
                    "verse_nr": "12",
                    "verse": "Es nesajutu, ka mana dv\u0113sele mani bija pac\u0113lusi uz manas slav\u0113t\u0101s tautas goda ratiem."
                },
                "13": {
                    "verse_nr": "13",
                    "verse": "Atgriezies, atgriezies, ak Sulamite! Atgriezies, atgriezies, ka m\u0113s tevi varam skat\u012bt. Ko j\u016bs redzat pie Sulamites? K\u0101 die\u0161anu pie Mah\u0101na\u012bma."
                }
            }
        },
        "7": {
            "chapter_nr": "7",
            "chapter": {
                "1": {
                    "verse_nr": "1",
                    "verse": "Cik skaisti ir tavi so\u013ci kurp\u0113s, tu valdnieka meita. Tavi gurni t\u0101 ir salikti k\u0101 divas spr\u0101dzes, ko gudra meistara roka dar\u012bjusi."
                },
                "2": {
                    "verse_nr": "2",
                    "verse": "Tavs kl\u0113pis ir k\u0101 apa\u013c\u0161 bi\u0137eris, kam dz\u0113riena netr\u016bkst; vi\u0146\u0161 ir k\u0101 kvie\u0161u kopa, apsprausta ar lilij\u0101m."
                },
                "3": {
                    "verse_nr": "3",
                    "verse": "Tavas kr\u016btis ir k\u0101 divas stirnas, k\u0101 kalnu kazas dv\u012b\u0146i."
                },
                "4": {
                    "verse_nr": "4",
                    "verse": "Tavs kakls ir k\u0101 tornis no zilo\u0146kauliem, tavas acis ir k\u0101 tie d\u012b\u0137i He\u0161bon\u0113 pie Batrabim v\u0101rtiem, tavs deguns ir k\u0101 tornis uz L\u012bbanus, kas pret Damasku skat\u0101s."
                },
                "5": {
                    "verse_nr": "5",
                    "verse": "Tava galva uz tevis ir k\u0101 Karmels, un tavi kuplie galvas mati k\u0101 purpurs, \u0137\u0113ni\u0146\u0161 ar biz\u0113m saist\u012bts."
                },
                "6": {
                    "verse_nr": "6",
                    "verse": "Cik skaista un cik m\u012bl\u012bga tu esi, ak m\u012blest\u012bba ar saviem jaukumiem!"
                },
                "7": {
                    "verse_nr": "7",
                    "verse": "\u0160is tavs augums ir l\u012bdz\u012bgs palma kokam un tavas kr\u016btis v\u012bna \u0137ekariem."
                },
                "8": {
                    "verse_nr": "8",
                    "verse": "Es sac\u012b\u0161u: es k\u0101p\u0161u uz palma koku, es tver\u0161u vi\u0146a zarus, lai tavas kr\u016btis ir k\u0101 \u0137ekari pie v\u012bna koka, un tava vaiga smar\u017ea k\u0101 \u0101boli,"
                },
                "9": {
                    "verse_nr": "9",
                    "verse": "Un tava mute k\u0101 labs v\u012bns, kas manam draugam viegli ieiet un miegaino l\u016bpas dara run\u0101jam."
                },
                "10": {
                    "verse_nr": "10",
                    "verse": "Es piederu savam draugam, un sirds vi\u0146am nes\u0101s uz mani."
                },
                "11": {
                    "verse_nr": "11",
                    "verse": "N\u0101c, mans draugs, ejam lauk\u0101, mit\u012bsim ciemos."
                },
                "12": {
                    "verse_nr": "12",
                    "verse": "Iesim agri uz v\u012bna d\u0101rziem, l\u016bkosim, vai v\u012bna koks zied, vai jaunie pumpuri spr\u0101gst, un gran\u0101tu koki plaukst. Tur es tev r\u0101d\u012b\u0161u savu m\u012blest\u012bbu."
                },
                "13": {
                    "verse_nr": "13",
                    "verse": "Tie duda\u012bm dod smar\u017eu, un pie m\u016bsu durv\u012bm ir vis\u0101di d\u0101rgi aug\u013ci, jauni un veci; mans draugs, es tos priek\u0161 tevis esmu glab\u0101jusi."
                }
            }
        },
        "8": {
            "chapter_nr": "8",
            "chapter": {
                "1": {
                    "verse_nr": "1",
                    "verse": "Kaut tu b\u016btu mans br\u0101lis, kas z\u012bdis manas m\u0101tes kr\u016btis? Kad es tevi atrastu \u0101r\u0101, es tevi sk\u016bpst\u012btu un netaptu nicin\u0101ta."
                },
                "2": {
                    "verse_nr": "2",
                    "verse": "Es tevi vad\u012btu, es tevi vestu savas m\u0101tes nam\u0101, ka tu mani m\u0101c\u012btu; tad es tev dotu dzert jauktu v\u012bnu un no savu gran\u0101t\u0101bolu sulas."
                },
                "3": {
                    "verse_nr": "3",
                    "verse": "Vi\u0146a kreis\u0101 roka ir apak\u0161 manas galvas, un vi\u0146a lab\u0101 roka mani apkampj."
                },
                "4": {
                    "verse_nr": "4",
                    "verse": "Es j\u016bs m\u012b\u013ci l\u016bdzu, Jeruz\u0101lemes meitas, ko j\u016bs uztraucat un modin\u0101j\u0101t m\u012blest\u012bbu, pirms tai pa\u0161ai pat\u012bk?"
                },
                "5": {
                    "verse_nr": "5",
                    "verse": "Kas t\u0101 t\u0101da, kas n\u0101k no tuksne\u0161a un atslienas uz savu draugu? Apak\u0161 \u0101beles es tevi esmu uzmodin\u0101jis; tur tava m\u0101te tevi ar s\u0101p\u0113m ir dzemd\u0113jusi, tur s\u0101pes ir biju\u0161as tavai dzemd\u0113t\u0101jai."
                },
                "6": {
                    "verse_nr": "6",
                    "verse": "Liec mani k\u0101 zie\u0123eli pie savas sirds, k\u0101 gredzenu pie savas rokas! M\u012blest\u012bba ir stipra k\u0101 n\u0101ve un vi\u0146as karstums ir varens k\u0101 elle; vi\u0146as liesmas ir dego\u0161as liesmas, Dieva liesmas."
                },
                "7": {
                    "verse_nr": "7",
                    "verse": "Lieli \u016bde\u0146i m\u012blest\u012bbu nevar apdz\u0113st, nedz upes vi\u0146u apsl\u012bcin\u0101t. Jeb\u0161u kas visu sava nama mantu grib\u0113tu dot par m\u012blest\u012bbu, tom\u0113r vi\u0146\u0161 paliktu tikai par apsmieklu."
                },
                "8": {
                    "verse_nr": "8",
                    "verse": "Mums ir viena maza m\u0101sa, kam kr\u016b\u0161u v\u0113l nav, - ko m\u0113s ar savu m\u0101su dar\u012bsim tai dien\u0101, kad vi\u0146u prec\u0113s?"
                },
                "9": {
                    "verse_nr": "9",
                    "verse": "Ja vi\u0146a ir m\u016bris, tad m\u0113s uz vi\u0146u uztais\u012bsim sudraba torni; ja vi\u0146a ir durvis, tad m\u0113s t\u0101s sarg\u0101sim ar ciedru d\u0113\u013ciem."
                },
                "10": {
                    "verse_nr": "10",
                    "verse": "Es biju m\u016bris un manas kr\u016btis bija k\u0101 tor\u0146i; tad es vi\u0146a ac\u012bs atradu mieru."
                },
                "11": {
                    "verse_nr": "11",
                    "verse": "Salamanam bija v\u012bna d\u0101rzs Ba\u0101lAmon\u0101, \u0161o v\u012bna d\u0101rzu vi\u0146\u0161 izdeva sargiem, ikviens par vi\u0146a aug\u013ciem deva t\u016bksto\u0161 sudraba gabalus."
                },
                "12": {
                    "verse_nr": "12",
                    "verse": "Mans v\u012bna d\u0101rzs, kas man pieder, ir man\u0101 priek\u0161\u0101. Tie t\u016bksto\u0161 sudraba gabali ir priek\u0161 tevis, Salaman! Bet divsimt ir priek\u0161 vi\u0146a aug\u013cu sargiem."
                },
                "13": {
                    "verse_nr": "13",
                    "verse": "Tu, kas tais d\u0101rzos dz\u012bvo, tie biedri tavu balsi \u0146em v\u0113r\u0101, dodi man to dzird\u0113t."
                },
                "14": {
                    "verse_nr": "14",
                    "verse": "Steidzies, mans draugs, un esi t\u0101 k\u0101 stirna vai k\u0101 jauns briedis pa smar\u017e\u012bgiem pu\u0137u kalniem."
                }
            }
        }
    }
}