{
    "version": "QUT",
    "book_name": "Ephesians",
    "book_nr": "49",
    "book": {
        "1": {
            "chapter_nr": "1",
            "chapter": {
                "1": {
                    "verse_nr": "1",
                    "verse": "RI CARTA RI XUTZ\u02c8IBAJ RI SAN PABLO CHQUE RI COJONELAB AJ \u00c9FESO - Ri ap\u00f3stol Pablo cuchap u tz\u02c8ibaxic jun carta chque ri kachalal cojonelab aj \u00c9feso - In wa\u02c8, ri Pablo, in ap\u00f3stol. In jun chque ru tako\u02c8n ri Jesucristo. Je wa\u02c8 nu banic rumal chi are u rayibal ri Dios. Quintz\u02c8ibaj bi wa\u02c8 we wuj ri\u02c8 chque ri winak ri e rech ri Dios, ri e c\u02c8o pa ri tinimit \u00c9feso, ri cojonelab ri kas jicom ri canima\u02c8, ri xa e jun ruc\u02c8 ri Cristo Jes\u00fas."
                },
                "2": {
                    "verse_nr": "2",
                    "verse": "Are ta ba\u02c8 ri Dios ka Tat xukuje\u02c8 ri Kajaw Jesucristo cutok\u02c8obisaj i w\u00e4ch, cubano chi cuxlan ri iwanima\u02c8."
                },
                "3": {
                    "verse_nr": "3",
                    "verse": "Ri Dios uj u tewchim rumal chi xa uj jun ruc\u02c8 ri Cristo - Kaya ba\u02c8 u k\u02c8ij ri Dios, ru Tat ri Kajaw Jesucristo, rumal chi uj u tewchim. U banom q\u02c8uia u w\u00e4ch tok\u02c8ob chke rumal chi xa uj jun ruc\u02c8 ri Cristo. U yo\u02c8m chke ronojel u w\u00e4ch utzil ri c\u00e4pe chila\u02c8 chicaj."
                },
                "4": {
                    "verse_nr": "4",
                    "verse": "Tzojer lok uj cha\u02c8tal rumal ri Dios, uj ri uj c\u02c8o pu k\u02c8ab ri Cristo, c\u02c8\u00e4 m\u00e4jok c\u00e4ban ruw\u00e4chulew rumal. Xujucha\u02c8 rech ch\u02c8ajch\u02c8oj ri kanima\u02c8 chuw\u00e4ch ri Are\u02c8, rech man c\u02c8o t\u00e4 etzelal pa ri ka c\u02c8aslemal."
                },
                "5": {
                    "verse_nr": "5",
                    "verse": "Xa c\u02c8u rumal chi uj lok\u02c8 chuw\u00e4ch, rumal ri\u02c8 xuchomaj lok ojer chi cujucoj che ralc\u02c8ual rumal ri Jesucristo. Pa ranima\u02c8 c\u02c8ut xpe wi chi je\u02c8 cubano, rumal chi are ru rayinic."
                },
                "6": {
                    "verse_nr": "6",
                    "verse": "Rumal c\u02c8u ri\u02c8 c\u00e4mic c\u00e4kaya u k\u02c8ij ri Dios rumal ru tok\u02c8ob ri sibalaj nim u k\u02c8ij ri xuban chke. Rumal c\u02c8u we nimalaj tok\u02c8ob ri\u02c8, ri uj, xa uj jun chic ruc\u02c8 ri lok\u02c8alaj u C\u02c8ojol."
                },
                "7": {
                    "verse_nr": "7",
                    "verse": "\u00a1Ri Dios sibalaj nim ri tok\u02c8ob ri xuban chke aretak xujutoro, xujutzokopij pu k\u02c8ab ri Itzel! Are c\u02c8u xa rumal ru c\u00e4mical ru C\u02c8ojol chi ri Dios xcowinic xusach ri ka mac."
                },
                "8": {
                    "verse_nr": "8",
                    "verse": "Sibalaj man c\u02c8o t\u00e4 c\u02c8u je\u02c8 ri tok\u02c8ob ri xuban ri Dios chke, xuya c\u02c8u ronojel u w\u00e4ch ketambal, xukuje\u02c8 xuya ri ka no\u02c8j."
                },
                "9": {
                    "verse_nr": "9",
                    "verse": "Xuk\u02c8alajisaj chkaw\u00e4ch jas ri c\u02c8o pa ranima\u02c8 ojer, ri u chomam lok pa re wi, ri man c\u02c8o t\u00e4 jun retam nabe."
                },
                "10": {
                    "verse_nr": "10",
                    "verse": "U chomam lok chi aretak copan ri k\u02c8ij, cuban na ri xuchi\u02c8j lok. Are la\u02c8 chi cuban na xa jun che ronojel, are ronojel ri c\u02c8o chila\u02c8 chicaj xukuje\u02c8 ri c\u02c8o cho ruw\u00e4chulew, cuya c\u02c8u na pu k\u02c8ab ri Cristo rech c\u00e4takan ri Are\u02c8 puwi\u02c8."
                },
                "11": {
                    "verse_nr": "11",
                    "verse": "Tzojer lok uj cha\u02c8tal rumal ri Dios, uj ri uj c\u02c8o pu k\u02c8ab ri Cristo rech c\u00e4karik ke ri echbal junam ruc\u02c8 ri Are\u02c8. Are ri u chomam lok chi cuya na chke. Je wa\u02c8 xuban ri Dios ri cuban ronojel. Are je\u02c8 jas ru chomam petinak lok, ri utz c\u00e4rilo."
                },
                "12": {
                    "verse_nr": "12",
                    "verse": "Je ri\u02c8 xuban ri Are\u02c8 rech ri uj, ri xkajiquiba ri kanima\u02c8 chrij ri Cristo nabe, c\u00e4kaya na u k\u02c8ij ri Dios rech sibalaj c\u00e4nimarisax na u k\u02c8ij."
                },
                "13": {
                    "verse_nr": "13",
                    "verse": "Ri ix xukuje\u02c8, aretak xita ri Kas Tzij, ri Utzalaj Tzij re ri Evangelio ri xtzijox chiwe rech rumal wa\u02c8 quirik na ru tobanic ri Dios, xixcojon che ri Cristo. Are chi\u02c8 xcoj iwetal chi ix rech ri Dios ruc\u02c8 ri Lok\u02c8alaj Esp\u00edritu ri xuchi\u02c8j lok nabe."
                },
                "14": {
                    "verse_nr": "14",
                    "verse": "Aretak ri Lok\u02c8alaj Esp\u00edritu c\u00e4takan pa ranima\u02c8 jun cojonel, are c\u02c8utbal chi kas tzij cuya na ri Dios ronojel ri xuchi\u02c8j chque ri winak ri e rech ri Are\u02c8 aretak kas c\u00e4tz\u02c8akat qui toric. Je ri\u02c8 rech c\u00e4kaya na u k\u02c8ij ri Dios, rumal chi sibalaj nim u k\u02c8ij ri Are\u02c8."
                },
                "15": {
                    "verse_nr": "15",
                    "verse": "Ri ap\u00f3stol Pablo cuta\u02c8 che ri Dios chi cuya quetambal ri cojonelab - Ri in xinta u tzijol chi sibalaj quixcojon che ri Kajaw Jes\u00fas, xukuje\u02c8 chi sibalaj queiwaj conojel ri winak ri e rech ri Dios."
                },
                "16": {
                    "verse_nr": "16",
                    "verse": "Rumal c\u02c8u ri\u02c8, aretak xinta wa\u02c8, xintakej u ya\u02c8ic maltioxinic che ri Dios iwumal. Amak\u02c8el ronojel k\u02c8ij quixna\u02c8taj chwe, quinban c\u02c8u orar pi wi\u02c8."
                },
                "17": {
                    "verse_nr": "17",
                    "verse": "Je ri\u02c8 quinbano rech ru Dios ri Kajaw Jesucristo, ri ka Tat ri sibalaj nim u k\u02c8ij, cuban ta na chiwe chi ri Lok\u02c8alaj Esp\u00edritu cuya na ri i no\u02c8j, xukuje\u02c8 cuk\u02c8alajisaj ri Dios chiw\u00e4ch rech kas quiwetamaj na u w\u00e4ch ri Are\u02c8."
                },
                "18": {
                    "verse_nr": "18",
                    "verse": "Quinta\u02c8 che ri Dios chi cuya na sakil pa ri i chomabal rech kas quiwetamaj jas ri\u02c8 ri quicu\u02c8ba wi i c\u02c8ux ri xixusiq\u02c8uij wi. Je\u02c8 quinta\u02c8 che rech quiwetamaj chi sibalaj nim, sibalaj je\u02c8lic ri c\u00e4quechbej na conojel ri winak ri e rech ri Are\u02c8."
                },
                "19": {
                    "verse_nr": "19",
                    "verse": "Xukuje\u02c8 quinta\u02c8 wa\u02c8 che ri Dios rech quiwetamaj chi sibalaj nim ru chuk\u02c8ab ri Are\u02c8, man c\u02c8o t\u00e4 c\u02c8u c\u00e4junamataj wi wa\u02c8. Are wa\u02c8 ri chuk\u02c8ab ri u yo\u02c8m chke uj ri uj cojoninak che. \u00a1Wa\u02c8 we ri\u02c8 are ri nimalaj u chuk\u02c8ab ri kas cajmabal!"
                },
                "20": {
                    "verse_nr": "20",
                    "verse": "Kas are c\u02c8u wa\u02c8 ri chuk\u02c8ab ri xuc\u02c8ut ri Are\u02c8 aretak xuc\u02c8astajisaj ri Cristo chquixol ri c\u00e4minakib, xut\u02c8uyuba c\u02c8u pa ru wiqui\u00e4k\u02c8ab chila\u02c8 chicaj."
                },
                "21": {
                    "verse_nr": "21",
                    "verse": "Are ri Cristo, ri xyi\u02c8 che chi c\u00e4takan pa qui wi\u02c8 conojel ri c\u02c8o takanic pa qui k\u02c8ab, pune ta ne e \u00e1ngeles. Xukuje\u02c8 xyi\u02c8 che chi c\u00e4takan pa qui wi\u02c8 conojel ri takanelab ri sibalaj c\u02c8o qui chuk\u02c8ab, ri k\u02c8atal tak tzij, ri c\u02c8amal tak qui be ri winak, xukuje\u02c8 puwi\u02c8 ronojel u w\u00e4ch takanic, man xuwi t\u00e4 pa tak we k\u02c8ij ri\u02c8, xane pa tak ri k\u02c8ij ri junab ri quepe na."
                },
                "22": {
                    "verse_nr": "22",
                    "verse": "Ri Dios xubano chi ri Cristo c\u00e4takan puwi\u02c8 nimalaj ronojel ri c\u02c8olic, xukuje\u02c8 xucoj ri Are\u02c8 pa qui wi\u02c8 ri kachalal cojonelab che Cajaw ri e are\u02c8, junam jas ri ka jolom c\u02c8o puwi\u02c8 ri ka cuerpo."
                },
                "23": {
                    "verse_nr": "23",
                    "verse": "Conojel ri kachalal cojonelab e are\u02c8 quenuc\u02c8uw ru cuerpo ri Cristo waral cho we uw\u00e4chulew. Je ri\u02c8 chi cumal ri cojonelab ri Cristo kas tz\u02c8akat chic. Ri Are\u02c8 c\u02c8ut kas cuban tz\u02c8akat che ronojel ri c\u02c8olic."
                }
            }
        },
        "2": {
            "chapter_nr": "2",
            "chapter": {
                "1": {
                    "verse_nr": "1",
                    "verse": "Xa rumal ru tok\u02c8ob ri Dios c\u02c8o ri tobanic chke - Ri ix nabe canok je\u02c8 ta ne ix c\u00e4minak rumal ri iwetzelal, rumal ri i mac. Xpe c\u02c8u ri Dios, xuya ri kas c\u02c8aslemal chiwe junam ruc\u02c8 ri Cristo."
                },
                "2": {
                    "verse_nr": "2",
                    "verse": "Nabe canok xiban iwe ri mac jas ri c\u00e4ca\u02c8n ri winak cho ruw\u00e4chulew, xiban c\u02c8u u rayibal ri jun ri c\u00e4bin pa ri sutz\u02c8 mayul, ri c\u02c8o u takanic pa qui wi\u02c8 ri itzel tak esp\u00edritus. Are wa\u02c8 ri Itzel ri xa cuban u rayibal pa canima\u02c8 ri winak ri man queniman t\u00e4 che ri Dios."
                },
                "3": {
                    "verse_nr": "3",
                    "verse": "Konojel ri uj xukuje\u02c8 je\u02c8 xka\u02c8n wa\u02c8 nabe canok, xka\u02c8no jachique ri xkaj, xkanimaj ronojel ri xraj ri kanima\u02c8 rech c\u00e4ka\u02c8n ri man utz taj, xukuje\u02c8 xka\u02c8n apachique ri xkachomaj u banic. Rumal ri\u02c8 nabe canok are ya\u02c8tal chke uj chi c\u00e4pe ri nimalaj royowal ri Dios pa ka wi\u02c8, c\u00e4c\u02c8\u00e4jisax na ka w\u00e4ch jas ri ya\u02c8tal chque ri niq\u02c8uiaj winak chic."
                },
                "4": {
                    "verse_nr": "4",
                    "verse": "Are c\u02c8u ri Dios, rumal ri nimalaj rutzil ranima\u02c8, sibalaj xel u c\u02c8ux chke."
                },
                "5": {
                    "verse_nr": "5",
                    "verse": "Sibalaj lok\u02c8 xujrilo, pune ta ne nabe canok ri uj je\u02c8 ta ne uj c\u00e4minakib chuw\u00e4ch ri Dios rumal ri ka mac. Xuya chke ri kas c\u02c8aslemal junam ruc\u02c8 ri Cristo. Xa rumal ri nimalaj u tok\u02c8ob ri Dios ka rikom ru tobanic ri Are\u02c8."
                },
                "6": {
                    "verse_nr": "6",
                    "verse": "Man xuwi t\u00e4 c\u02c8u wa\u02c8 ru banom ri Dios chke, xane xukuje\u02c8 xujuc\u02c8astajisaj junam ruc\u02c8 ri Cristo Jes\u00fas, xukuje\u02c8 xuya chke chi cujtakan junam ruc\u02c8 Are\u02c8 chila\u02c8 chicaj."
                },
                "7": {
                    "verse_nr": "7",
                    "verse": "Je ri\u02c8 xuban chke rech pa tak ri k\u02c8ij ri quepe na cuya\u02c8 cuc\u02c8utu chi sibalaj nim ru tok\u02c8ob pa ka wi\u02c8. Cuban c\u02c8u na ronojel wa\u02c8 ruc\u02c8 ri nimalaj rutzil ranima\u02c8 ri xuc\u02c8ut chkaw\u00e4ch rumal ri Cristo Jes\u00fas."
                },
                "8": {
                    "verse_nr": "8",
                    "verse": "Xa rumal ru tok\u02c8ob ri Dios ix to\u02c8tajinak, rumal chi xixcojon che ri Cristo. Man rumal t\u00e4 ri utzil ri i banom ix, xane xa u sipam ri Dios wa\u02c8 chiwe."
                },
                "9": {
                    "verse_nr": "9",
                    "verse": "Man are t\u00e4 rumal ri utzil ri quibano chi ri Dios xuban tok\u02c8ob chiwe. Je ri\u02c8 rech man c\u02c8o t\u00e4 jun ri cuya\u02c8 cunimarisaj rib."
                },
                "10": {
                    "verse_nr": "10",
                    "verse": "Ri Dios c\u02c8ut, Are xujbanowic. Rumal ri Cristo Jes\u00fas xuban c\u02c8ac\u02c8 che ri ka c\u02c8aslemal rech c\u00e4ka\u02c8n ronojel u w\u00e4ch utzil. Ojer c\u02c8u wa\u02c8 xuchomaj lok chi je\u02c8 c\u00e4ka\u02c8no."
                },
                "11": {
                    "verse_nr": "11",
                    "verse": "Rumal ru c\u00e4mical ri Cristo c\u02c8o utzil chkaxol - Chna\u02c8taj ba\u02c8 chiwe jas ri i banic nabe. Ri ix man ix aj Israel taj, rumal c\u02c8u ri\u02c8 ri winak aj Israel ri cojom ri retal ri ojer trato chque c\u00e4quibij chbil quib: \u201cUj wa\u02c8, uj rech ri circuncisi\u00f3n,\u201d \u2015quecha\u02c8. C\u00e4quibij c\u02c8u chiwe chi ri ix man ix jun t\u00e4 cuc\u02c8, man cojom t\u00e4 ri retal ri ojer trato chiwe, \u2015quecha ri\u02c8."
                },
                "12": {
                    "verse_nr": "12",
                    "verse": "Nabe canok man ix cojoninak t\u00e4 che ri Cristo. Man ix jun t\u00e4 cuc\u02c8 ri winak aj Israel. Man c\u02c8o t\u00e4 iwetam chrij ri xuchi\u02c8j ri Dios chque ri winak ri e cha\u02c8tal rumal ri Are\u02c8, man c\u02c8o t\u00e4 c\u02c8u iwe che ri xubij ri Dios pa tak ri ojer tak tratos ri xuban cuc\u02c8. Man na\u02c8tal t\u00e4 ri Dios chiwe, man c\u02c8o t\u00e4 ri cu\u02c8l wi i c\u02c8ux waral cho we uw\u00e4chulew."
                },
                "13": {
                    "verse_nr": "13",
                    "verse": "C\u00e4mic c\u02c8ut ri ix xa ix jun ruc\u02c8 ri Cristo Jes\u00fas, ix ri nabe naj ix c\u02c8o wi che ri Dios. Banom chiwe chi nakaj chic ix c\u02c8o wi che ri Are\u02c8 c\u00e4mic xa rumal ru c\u00e4mical ri Cristo."
                },
                "14": {
                    "verse_nr": "14",
                    "verse": "Ri Cristo Are c\u00e4yo\u02c8w utzil chkaxol. Xuban xa jun tinimit chque ri quieb tinimit, ri winak aj Israel cachi\u02c8l ri winak ri man e aj Israel taj. Xresaj ri k\u02c8atebal ri tasowinak qui xo\u02c8l, je\u02c8 ta ne jun tapya."
                },
                "15": {
                    "verse_nr": "15",
                    "verse": "Aretak xuya rib pa c\u00e4mical cho ri cruz are chi\u02c8 xusach u w\u00e4ch ri cujc\u02c8ulelanic. Ri cujc\u02c8ulelanic are ri qui Pixab ri winak aj Israel ri cujutak chubanic q\u02c8uia jastak. Ri Are\u02c8 c\u02c8ut xuya utzil chquixol ri quieb tinimit. Xuban xa jun tinimit chque, jun c\u02c8ac\u02c8 tinimit ri xa jun ruc\u02c8 ri Cristo Jes\u00fas."
                },
                "16": {
                    "verse_nr": "16",
                    "verse": "Rumal ru c\u00e4mical cho ri cruz xerutzirisaj ri quieb tinimit ruc\u02c8 ri Dios, xuban chque chi xa e jun chic, xusach c\u02c8u u w\u00e4ch ri ch\u02c8oj chquixol."
                },
                "17": {
                    "verse_nr": "17",
                    "verse": "Xpe c\u02c8u ri Cristo, xutzijoj ri Utzalaj Tzij re ri Evangelio ri cubano chi c\u02c8o utzil, cuban c\u02c8ut chi cuxlan ri canima\u02c8 conojel. Xutzijoj wa\u02c8 chiwe ix ri man ix aj Israel taj ri naj xixc\u02c8oji wi che ri Dios nabe, xukuje\u02c8 xutzijoj wa\u02c8 chque ri winak aj Israel ri m\u00e1s nakaj xec\u02c8oji wi che."
                },
                "18": {
                    "verse_nr": "18",
                    "verse": "Rumal c\u02c8u ri Cristo ri uj nimalaj konojel, we uj aj Israel o man uj aj Israel taj, junam cuya\u02c8 cujoc cho ri Dios ka Tat xa rumal ri Esp\u00edritu rech ri Are\u02c8."
                },
                "19": {
                    "verse_nr": "19",
                    "verse": "Rumal ri\u02c8, ri ix ri man ix aj Israel taj, c\u00e4mic ix ajtinimit chic, man xak t\u00e4 ix aj que niq\u02c8uiaj tinimit, man ix estranjerab t\u00e4 chic, xane ix ajtinimit junam cuc\u02c8 conojel ri e rech ri Dios. Ri ix, nimalaj iwonojel ri ix, ix achalaxic chic rech ri Dios."
                },
                "20": {
                    "verse_nr": "20",
                    "verse": "Ix je\u02c8 jas jun ja. Ix yacom puwi\u02c8 ri tac\u02c8alibal ri xquicoj ri ap\u00f3stoles xukuje\u02c8 ri k\u02c8alajisal tak re ru Lok\u02c8 Pixab ri Dios. Ri abaj ri xcoj rumal ri Dios che tok\u02c8ebal re ri esquina rech ri ja, are ri Jesucristo. Are wa\u02c8 we abaj ri\u02c8 sibalaj nim u banic."
                },
                "21": {
                    "verse_nr": "21",
                    "verse": "Puwi\u02c8 c\u02c8u wa\u02c8 we tac\u02c8alibal ri\u02c8, ri Cristo, tajin c\u00e4yac wi wa\u02c8 we ja ri\u02c8 rumal ri Dios. Utz c\u02c8u u banic tajin c\u00e4ban che qui nutic ru tz\u02c8akatil. Rumal ri Cristo conojel ri cojonelab, je\u02c8 ta ne e xan, tajin c\u00e4quinuc\u02c8 quib chubanic jun nimalaj ja ri tastalic rech chila\u02c8 cuya\u02c8 c\u00e4k\u02c8ijilax wi ri Kajaw Jes\u00fas."
                },
                "22": {
                    "verse_nr": "22",
                    "verse": "Ri ix xukuje\u02c8, ri xa ix jun ruc\u02c8 ri Cristo, tajin quinuc\u02c8 iwib cuc\u02c8 ri niq\u02c8uiaj cojonelab chic chubanic jun ja jawije\u02c8 c\u00e4jeki wi na ri Dios rumal ri Lok\u02c8alaj Esp\u00edritu rech ri Are\u02c8."
                }
            }
        },
        "3": {
            "chapter_nr": "3",
            "chapter": {
                "1": {
                    "verse_nr": "1",
                    "verse": "Ri ap\u00f3stol Pablo cutzijoj ri Utzalaj Tzij re ri Evangelio chque ri winak ri man e aj Israel taj - Xa rumal wa\u02c8, ri in Pablo, chanim ri\u02c8 in c\u02c8o pa che\u02c8 xa rumal chi xintzijoj ri Utzalaj Tzij chrij ri Cristo Jes\u00fas chiwe ix, ri man ix aj Israel taj. Tajin c\u02c8u quinban orar pi wi\u02c8 cho ri Dios."
                },
                "2": {
                    "verse_nr": "2",
                    "verse": "Ri ix iwetam chi wa\u02c8 chi ri Dios xel u c\u02c8ux chwe, xutok\u02c8obisaj nu w\u00e4ch, xuya c\u02c8u pa nu k\u02c8ab rutzijoxic ru Lok\u02c8 Pixab chiwe."
                },
                "3": {
                    "verse_nr": "3",
                    "verse": "Ri Dios xuc\u02c8ut chnuw\u00e4ch ri u chomam lok, ri man etamtal t\u00e4 nabe. Nu tz\u02c8ibam chi c\u02c8u wa\u02c8 chiwe ruc\u02c8 quieb oxib tzij."
                },
                "4": {
                    "verse_nr": "4",
                    "verse": "Aretak quisiq\u02c8uij u w\u00e4ch ri xintz\u02c8ibaj chiwe, quiwetamaj na ri\u02c8 jas ru chomanic ri Dios chrij ri Cristo ri man etamtal t\u00e4 nabe, ri te\u02c8 xk\u02c8alajisax chnuw\u00e4ch."
                },
                "5": {
                    "verse_nr": "5",
                    "verse": "Are c\u02c8u wa\u02c8, ri man xyi\u02c8 t\u00e4 can retamaxic wa\u02c8 chque ri winak ojer, c\u00e4mic c\u02c8ut k\u02c8alajisam chic rumal ri Dios chquiw\u00e4ch ri lok\u02c8alaj tak ap\u00f3stoles, ri u tako\u02c8n ri Are\u02c8, xukuje\u02c8 chquiw\u00e4ch ri lok\u02c8alaj tak k\u02c8alajisal tak re ru Lok\u02c8 Pixab rumal ri Esp\u00edritu rech ri Dios."
                },
                "6": {
                    "verse_nr": "6",
                    "verse": "Are c\u02c8u wa\u02c8 ri man etamtal taj nabe: Rumal ri Utzalaj Tzij re ri Evangelio, ri winak ri man e aj Israel taj junam c\u00e4quechbej que ri cuya ri Dios chque ri winak aj Israel. Xukuje\u02c8 xa e jun chi cuc\u02c8, c\u00e4quic\u02c8am c\u02c8u na que ri xuchi\u02c8j ri Dios rumal ri Cristo Jes\u00fas."
                },
                "7": {
                    "verse_nr": "7",
                    "verse": "Pune man takal t\u00e4 chwe, xel u c\u02c8ux ri Dios chwe. Rumal ri nimalaj u tok\u02c8ob ri Are\u02c8, xuya pa nu k\u02c8ab chi quinpat\u00e4nin che, quintzijoj ru Lok\u02c8 Pixab ri Are\u02c8. Je ri\u02c8 ri xuban chwe rumal ri nimalaj u chuk\u02c8ab."
                },
                "8": {
                    "verse_nr": "8",
                    "verse": "Ri in kas man nim t\u00e4 nu banic chuw\u00e4ch apachique cojonel ri man nim t\u00e4 u k\u02c8ij chquixol conojel ri winak ri e cha\u02c8tal rumal ri Dios. Pune ta ne je ri\u02c8, ri Dios xutok\u02c8obisaj nu w\u00e4ch, xuya chwe chi quintzijoj chque ri winak ri man e aj Israel taj ri Utzalaj Tzij re ri Evangelio ri cubij ri nimak tak utzil ri sibalaj cajmabal na ri queriktaj na ruc\u02c8 ri Cristo."
                },
                "9": {
                    "verse_nr": "9",
                    "verse": "Yo\u02c8m c\u02c8u chwe chi quink\u02c8alajisaj chquiw\u00e4ch conojel ri winak ru chomam lok ri Dios ri banowinak conojel ri jastak. Man etamtal t\u00e4 c\u02c8u wa\u02c8 nabe pa ri ojer tak k\u02c8ij."
                },
                "10": {
                    "verse_nr": "10",
                    "verse": "Je ri\u02c8 xbantajic rech c\u00e4mic cumal ri kachalal cojonelab quetamax ri q\u02c8uia u w\u00e4ch u no\u02c8j, u chomabal ri Dios. Rumal ri\u02c8 conojel ri c\u02c8o takanic pa qui k\u02c8ab pune ta ne e \u00e1ngeles, xukuje\u02c8 conojel ri k\u02c8atal tak tzij ri c\u02c8o qui takanic chicaj c\u00e4quetamaj na wa\u02c8."
                },
                "11": {
                    "verse_nr": "11",
                    "verse": "Petinak lok ri Dios xuchomaj wa\u02c8 rech je\u02c8 c\u00e4ban na ri\u02c8 rumal ri Cristo Jes\u00fas ri Kajaw."
                },
                "12": {
                    "verse_nr": "12",
                    "verse": "Rumal chi xa uj jun ruc\u02c8 ri Cristo cuya\u02c8 cujoc cho ri Dios, man c\u00e4kaxej t\u00e4 kib, cu\u02c8l c\u02c8u ka c\u02c8ux chi je ri\u02c8 rumal chi uj cojoninak che ri Are\u02c8."
                },
                "13": {
                    "verse_nr": "13",
                    "verse": "Rumal ri\u02c8 quinbij chiwe chi mixbison rumal ri c\u02c8\u00e4x ri tajin quinrik rumal iwech. Are tajin quinrik wa\u02c8 xa rech ri ix quirik utzil, rumal chi c\u00e4nimar na i k\u02c8ij rumal."
                },
                "14": {
                    "verse_nr": "14",
                    "verse": "Waral ri ap\u00f3stol Pablo cuc\u02c8ut chkaw\u00e4ch nimalaj konojel chi sibalaj uj lok\u02c8 cho ri Dios - Rumal c\u02c8u ri\u02c8 quinxuqui chubanic orar chuw\u00e4ch ru Tat ri Kajaw Jesucristo."
                },
                "15": {
                    "verse_nr": "15",
                    "verse": "Chrij c\u02c8u ri ka Tat esam wi qui bi\u02c8 conojel ri e c\u02c8o pa ri caj, xukuje\u02c8 ronojel achalaxic ri c\u02c8o cho ruw\u00e4chulew."
                },
                "16": {
                    "verse_nr": "16",
                    "verse": "Quinta\u02c8 che ri Dios chi ruc\u02c8 ri q\u02c8uialaj u w\u00e4ch tewchibal ri c\u02c8o ruc\u02c8 ri Are\u02c8 ri quenimarisan u k\u02c8ij, cuya ta na ri nimalaj i chuk\u02c8ab, cuwalijisaj ta c\u02c8u na ri iwanima\u02c8 rumal ri Lok\u02c8alaj Esp\u00edritu."
                },
                "17": {
                    "verse_nr": "17",
                    "verse": "Je ri\u02c8 rech kas c\u00e4jeki na ri Cristo pa tak ri iwanima\u02c8 rumal chi quixcojon che, rech ri ix kas jicom ri iwanima\u02c8 quiwaj iwib nimalaj iwonojel, quitakej c\u02c8u na u banic wa\u02c8."
                },
                "18": {
                    "verse_nr": "18",
                    "verse": "We je ri\u02c8 quibano, kas quixcowin na quich\u02c8obo junam cuc\u02c8 conojel ri cojonelab chi ri Cristo sibalaj cujraj, chi sibalaj nim ri rutzil ranima\u02c8 ri Are\u02c8. Man c\u02c8o t\u00e4 je\u02c8 wi, rumal chi sibalaj je\u02c8lic. Man c\u02c8o t\u00e4 jun chic ri junam ruc\u02c8, man cuya\u02c8 taj c\u00e4ch\u02c8obtaj wa\u02c8 kumal uj ri xa uj winak."
                },
                "19": {
                    "verse_nr": "19",
                    "verse": "Cwaj ta ba\u02c8 chi kas quiwetamaj ri rutzil ranima\u02c8 ri Cristo ri sibalaj nim na wa\u02c8 chuw\u00e4ch ronojel ri cujcowinic c\u00e4kachomaj. Je ri\u02c8 rech are ri Dios ri kas c\u00e4takan pa ri iwanima\u02c8, man c\u02c8o t\u00e4 chi jun chic."
                },
                "20": {
                    "verse_nr": "20",
                    "verse": "Chnimarisax ta ba\u02c8 u k\u02c8ij ri Dios ri c\u02c8o nimalaj u chuk\u02c8ab chubanic ronojel ri c\u00e4kata\u02c8 che. Man xuwi t\u00e4 c\u02c8u wa\u02c8 ri c\u00e4kata\u02c8 che c\u00e4cowin ri Are\u02c8 chubanic, xane xukuje\u02c8 c\u00e4cowin ri Are\u02c8 chubanic m\u00e1s na chuw\u00e4ch ri cujcowin uj c\u00e4kachomaj. Rumal ri nimalaj u chuk\u02c8ab ri Lok\u02c8alaj Esp\u00edritu ri c\u02c8o pa ri kanima\u02c8 cuban na ronojel wa\u02c8."
                },
                "21": {
                    "verse_nr": "21",
                    "verse": "\u00a1Chnimarisax ta ba\u02c8 u k\u02c8ij ri Dios cumal ri kachalal cojonelab amak\u02c8el ronojel k\u02c8ij, kumal uj nimalaj konojel ri ya uj jun ruc\u02c8 ri Cristo Jes\u00fas, man xak xuwi t\u00e4 c\u00e4mic, xane xukuje\u02c8 pa tak ri k\u02c8ij ri junab ri quepe na! Am\u00e9n."
                }
            }
        },
        "4": {
            "chapter_nr": "4",
            "chapter": {
                "1": {
                    "verse_nr": "1",
                    "verse": "Ri Lok\u02c8alaj Esp\u00edritu cuban xa jun chke - Rumal wa\u02c8 in c\u02c8o pa che\u02c8 rumal chi tajin quintzijoj ri Utzalaj Tzij chrij ri Kajaw Jes\u00fas. Quixinbochi\u02c8j chi quiban ri utzil ri takal u banic pa ri i c\u02c8aslemal jas ri rajwaxic c\u00e4ca\u02c8n ri winak ri e siq\u02c8uim rumal ri Dios je\u02c8 jas ri ix."
                },
                "2": {
                    "verse_nr": "2",
                    "verse": "Minimarisaj iwib, xane quixch\u02c8awic, utz c\u02c8u iwanima\u02c8 cuc\u02c8 conojel. Chichajij paciencia, chisacha c\u02c8u i mac chbil tak iwib. Chic\u02c8utu\u02c8 chi quiwaj iwib ruc\u02c8 ru to\u02c8ic ri jun ruc\u02c8 ri jun chic."
                },
                "3": {
                    "verse_nr": "3",
                    "verse": "Chicojo i chuk\u02c8ab rech c\u02c8o utzil chixol, rech xa ix jun chic rumal ru tobanic ri Lok\u02c8alaj Esp\u00edritu."
                },
                "4": {
                    "verse_nr": "4",
                    "verse": "Xa uj jun nimalaj konojel, xa c\u02c8u jun ri Lok\u02c8alaj Esp\u00edritu. Je ri\u02c8 xukuje\u02c8 are xa jun ri c\u00e4cu\u02c8bi ka c\u02c8ux chrij, ri uj siq\u02c8uim wi rumal ri Dios."
                },
                "5": {
                    "verse_nr": "5",
                    "verse": "Xa jun ri Kajaw c\u02c8olic, xa c\u02c8u jun ri cujcojon che, xukuje\u02c8 xa jun ri ka kasna\u02c8."
                },
                "6": {
                    "verse_nr": "6",
                    "verse": "Xa jun ri ka Dios c\u02c8olic, are c\u02c8u ka Tat nimalaj konojel. Ronojel c\u02c8o pu k\u02c8ab ri Are\u02c8. Cujucoj c\u02c8u chubanic ronojel ri craj ri Are\u02c8, xukuje\u02c8 ri Are\u02c8 c\u02c8o pa kanima\u02c8 nimalaj konojel."
                },
                "7": {
                    "verse_nr": "7",
                    "verse": "Yo\u02c8m chke rumal ri Cristo jas ri cujcowin chubanic. Are je\u02c8 jas ri u chomam ri Are\u02c8 pa ka wi\u02c8 uj chkajujunal."
                },
                "8": {
                    "verse_nr": "8",
                    "verse": "Rumal ri\u02c8 cubij ru Lok\u02c8 Pixab ri Dios ri Tz\u02c8ibtalic: Aretak xpaki chicaj, xeuc\u02c8am biruc\u02c8 Are\u02c8 ri xeutoro, xeuya c\u02c8u can sipanicchque ri winak waral,"
                },
                "9": {
                    "verse_nr": "9",
                    "verse": "\u2015c\u00e4cha\u02c8. \u00bfJas quel cubij wa\u02c8 chi xpaki chicaj? Quel cubij chi nabe xkaj bi c\u02c8\u00e4 chuxe\u02c8 ri ulew ri sibalaj naj kajinak."
                },
                "10": {
                    "verse_nr": "10",
                    "verse": "Ri xkaj bi xe\u02c8 ri ulew, are wa\u02c8 ri xpaki bi sibalaj chicaj, m\u00e1s jela\u02c8 puwi\u02c8 ronojel ri caj chuc\u02c8utic chquiw\u00e4ch conojel chi ri Are\u02c8, man c\u02c8o t\u00e4 c\u02c8olibal ri mat c\u00e4riktaj wi."
                },
                "11": {
                    "verse_nr": "11",
                    "verse": "Tzare c\u02c8ut xyo\u02c8w ri qui chac ri cojonelab chquijujunal. Jujun xeucoj che ap\u00f3stoles, jujun chic xeucoj che k\u02c8alajisal tak re ru Lok\u02c8 Pixab ri Dios, jujun chic xuya chque chi c\u00e4quitzijoj ri Utzalaj Tzij re ri Evangelio. Niq\u02c8uiaj chic xeucoj che c\u02c8amal tak qui be ri cojonelab, jujun chi c\u02c8ut xeucoj che ajtijab."
                },
                "12": {
                    "verse_nr": "12",
                    "verse": "Je ri\u02c8 xuban chque ri cojonelab rech e c\u02c8o ri quepat\u00e4nin che ri Dios ruc\u02c8 ri quecowin chubanic. E are wa\u02c8 ri quebanow ri chac che qui q\u02c8uiyisaxic ri cojonelab ri quenuc\u02c8uw ru cuerpo ri Cristo waral cho we uw\u00e4chulew."
                },
                "13": {
                    "verse_nr": "13",
                    "verse": "Je ri\u02c8 rech nimalaj konojel c\u00e4junamataj ka w\u00e4ch rumal ri ka cojonic, kas c\u00e4ketamaj c\u02c8u na u w\u00e4ch ri Cristo ru C\u02c8ojol ri Dios. Kas c\u00e4tz\u02c8akat na ri ka chomabal, utz quel na ri ka c\u02c8aslemal cho ri Dios, rech cujel ta na junam ruc\u02c8 ri Cristo."
                },
                "14": {
                    "verse_nr": "14",
                    "verse": "Man uj je\u02c8 t\u00e4 chic jas ri ac\u02c8alab ri man xak t\u00e4 jun quec\u02c8oji wi, quebe\u02c8 je wa\u02c8 je ri\u02c8. Man c\u00e4kaj t\u00e4 ri\u02c8 chi xak cujc\u02c8am bi jawije\u02c8 chi\u02c8 cumal niq\u02c8uiaj winak ri quec\u02c8utuw jule\u02c8 tak tijonic chic ri xak quech achijab. We winak ri\u02c8 xak c\u00e4ca\u02c8n subunic, c\u02c8o ri itzel tak qui no\u02c8j, c\u00e4quitzucuj jas c\u00e4ca\u02c8no chi ri winak c\u00e4quicoj ri qui tijonic ri man kas tzij taj."
                },
                "15": {
                    "verse_nr": "15",
                    "verse": "Chuq\u02c8uexw\u00e4ch wa\u02c8 are rajwaxic chi c\u00e4katzijoj ri kas tzij, c\u00e4kaj kib nimalaj konojel. Jas ri ac\u02c8alab queq\u02c8uiyic, je\u02c8 rajwaxic c\u00e4ka\u02c8n uj pa ronojel. C\u00e4tz\u02c8akat c\u02c8u na ri ka chomabal cho ri Dios, rech cujel ta na jas ri Cristo ri xa uj jun ruc\u02c8. Are c\u02c8u ri Are\u02c8 c\u00e4takan pa ka wi\u02c8 je\u02c8 jas ri ka jolom c\u02c8o puwi\u02c8 ri ka cuerpo."
                },
                "16": {
                    "verse_nr": "16",
                    "verse": "Rumal ri Cristo utz c\u00e4ca\u02c8n conojel ru tz\u02c8akatil ru cuerpo che qui rikic quib. Conojel c\u00e4quito\u02c8la quib, c\u00e4ca\u02c8n c\u02c8u ri qui chac chquijujunal. Je ri\u02c8 chquijujunal ru tz\u02c8akatil ri cuerpo queq\u02c8uiyic, conojel c\u00e4caj quib, c\u00e4quito\u02c8la quib. (E are wa\u02c8 ri kachalal cojonelab ri quenuc\u02c8uw ru cuerpo ri Cristo waral cho we uw\u00e4chulew.)"
                },
                "17": {
                    "verse_nr": "17",
                    "verse": "Waral c\u00e4kil wi ri c\u02c8ac\u02c8 c\u02c8aslemal ri cuya ri Cristo chque ri cojonelab - Pa ru bi\u02c8 ri Kajaw Jes\u00fas are quinbij wa\u02c8 chiwe, quixinpixbaj c\u02c8ut chi miban chi iwe jas ri c\u00e4ca\u02c8n ri niq\u02c8uiaj winak chic ri man e cojoninak t\u00e4 che ri Dios. Ri e are\u02c8 xa c\u00e4quichomaj u banic ri man c\u02c8o t\u00e4 u pat\u00e4n."
                },
                "18": {
                    "verse_nr": "18",
                    "verse": "Jun wi ri qui chomabal, je\u02c8 ta ne chi e sachinak pa ri k\u02c8ekum. Man c\u02c8o t\u00e4 c\u02c8u que ri c\u02c8aslemal ri cuya ri Dios rumal chi man c\u02c8o t\u00e4 quetam. Abajarinak ri canima\u02c8, man coc t\u00e4 c\u02c8u tzij pa qui jolom."
                },
                "19": {
                    "verse_nr": "19",
                    "verse": "We winak ri\u02c8 man c\u02c8o t\u00e4 chi qui q\u02c8uixbal chquipalaj, qui jachom quib chubanic ronojel u w\u00e4ch etzelal, jachique ri utz c\u00e4quil wi. Ruc\u02c8 sac\u02c8ajil xekaj chubanic ronojel u w\u00e4ch mac, pune \u00e4was u banic wa\u02c8 cho ri Dios, xukuje\u02c8 chquiw\u00e4ch ri winak."
                },
                "20": {
                    "verse_nr": "20",
                    "verse": "Ri ix c\u02c8ut man je\u02c8 t\u00e4 wa\u02c8 ri xiwetamaj ruc\u02c8 ri Cristo."
                },
                "21": {
                    "verse_nr": "21",
                    "verse": "We kas xita ri xbix chiwe chrij ri Are\u02c8, iwetam c\u02c8u ri kas tijonic. Are wa\u02c8 ri tijonic chrij ri kas tzij ri c\u00e4riktaj xak xuwi ruc\u02c8 ri Cristo."
                },
                "22": {
                    "verse_nr": "22",
                    "verse": "Miban chi ba\u02c8 jas ri xiban can ojer. Chiya can ri ojer i c\u02c8aslemal, ronojel ri man utz taj ri ix nak\u02c8atal wi nabe aretak ix sachinak rumal ru banic ri itzel tak i rayinic."
                },
                "23": {
                    "verse_nr": "23",
                    "verse": "Chiya ba\u02c8 chi c\u00e4ban c\u02c8ac\u02c8 che ri iwanima\u02c8, xukuje\u02c8 ri i chomabal."
                },
                "24": {
                    "verse_nr": "24",
                    "verse": "Chiq\u02c8uexa ri i c\u02c8aslemal je\u02c8 ta ne ri quicoj jun c\u02c8ac\u02c8 atz\u02c8iak. Are wa\u02c8 ri c\u02c8ac\u02c8 i c\u02c8aslemal ri yo\u02c8m chiwe rumal ri Dios rumal chi are u rayibal ri Are\u02c8. Jun c\u02c8aslemal wa\u02c8 ri kas jicom, xukuje\u02c8 ch\u02c8ajch\u02c8oj."
                },
                "25": {
                    "verse_nr": "25",
                    "verse": "Chiya ba\u02c8 can u banic ri banow tzij, chibij ri kas tzij chbil tak iwib rumal chi ri uj nimalaj konojel, uj cojonelab ri cujnuc\u02c8uw ru cuerpo ri Cristo, c\u00e4mic c\u02c8ut xa uj jun chic."
                },
                "26": {
                    "verse_nr": "26",
                    "verse": "We c\u00e4pe iwoyowal, miya\u02c8 chi cuban chiwe chi quixmacunic. Choc\u02c8ow ri iwoyowal chanim, c\u02c8\u00e4 m\u00e4ja\u02c8 que\u02c8 ri k\u02c8ij."
                },
                "27": {
                    "verse_nr": "27",
                    "verse": "Miya che ri Itzel chi c\u02c8o jas ri c\u00e4cowin chubanic chiwe."
                },
                "28": {
                    "verse_nr": "28",
                    "verse": "Quinbij chque ri c\u00e4ca\u02c8n ri elak\u02c8 chi m\u00e4quiban chi wa\u02c8, xane chquitzucuj qui chac. Chquicojo ri qui k\u02c8ab, ri quetambal chubanic jun chac rech c\u00e4quich\u02c8ac ri c\u00e4quitijo, xukuje\u02c8 rech c\u02c8o ri c\u00e4quiya chque ri c\u02c8o qui rajwaxic."
                },
                "29": {
                    "verse_nr": "29",
                    "verse": "Mibij tzij ri man utz taj, xane chicojo ri tzij ri utz c\u00e4tatajic, ri quetob chque jachin tak ri quetowic, xukuje\u02c8 cuya utzil pa ri qui c\u02c8aslemal."
                },
                "30": {
                    "verse_nr": "30",
                    "verse": "Miya bis che ri Lok\u02c8alaj Esp\u00edritu rech ri Dios. Are c\u02c8u ri Lok\u02c8alaj Esp\u00edritu, are ri c\u02c8utbal chi ri ix kas tzij ix rech ri Dios, chi c\u00e4tz\u02c8akat c\u02c8u na ri k\u02c8ij aretak quixtor na rumal ri Are\u02c8."
                },
                "31": {
                    "verse_nr": "31",
                    "verse": "Chiwesaj ronojel ri c\u02c8\u00e4x ri c\u02c8o pa tak ri iwanima\u02c8, ronojel ri oyowal, ri c\u02c8a\u02c8nal, ri yajanic, ri yok\u02c8onic, xukuje\u02c8 ronojel u w\u00e4ch etzelal."
                },
                "32": {
                    "verse_nr": "32",
                    "verse": "Xane chich\u02c8abej iwib ruc\u02c8 utzil, chel i c\u02c8ux chbil tak iwib, chusachala rib i mac chbil tak iwib, jas ri Dios xusach i mac ix rumal ri Cristo."
                }
            }
        },
        "5": {
            "chapter_nr": "5",
            "chapter": {
                "1": {
                    "verse_nr": "1",
                    "verse": "Ri ap\u00f3stol Pablo cubij jas ri rajwaxic pa ri qui c\u02c8aslemal ri cojonelab - Rumal chi ri ix, ix ralc\u02c8ual ri Dios, ix lok\u02c8 chuw\u00e4ch, rajwaxic chi quitij i chuk\u02c8ab chubanic iwe jas ri cuban ri Are\u02c8."
                },
                "2": {
                    "verse_nr": "2",
                    "verse": "Chiwaj ba\u02c8 iwib jas ri Cristo cujraj uj, xujach c\u02c8u rib pa ri c\u00e4mical che ka q\u02c8uexw\u00e4ch, jas jun alaj chij ri c\u00e4c\u00e4misax cho ri Dios che sipanic, ri sibalaj je\u02c8l cuna\u02c8 wi ri Are\u02c8, jas ri ruxlab ri c\u02c8oc\u02c8alaj cunabal ri c\u00e4porox chuw\u00e4ch."
                },
                "3": {
                    "verse_nr": "3",
                    "verse": "Miban iwe jas ri c\u00e4ca\u02c8n ri tz\u02c8i\u02c8 ri xak c\u00e4quirik quib, man c\u02c8o t\u00e4 qui pixab. Miban apachique u w\u00e4ch mac ri \u00e4was u banic cho ri Dios, o chquiw\u00e4ch ri winak, mirayij q\u02c8uia u w\u00e4ch jastak ajuw\u00e4chulew. Moc wa\u02c8 we chomanic ri\u02c8 pa ri i jolom. Man takal t\u00e4 wa\u02c8 chiwe rumal chi ri ix, ix ralc\u02c8ual ri Dios."
                },
                "4": {
                    "verse_nr": "4",
                    "verse": "Micoj itzel tak tzij ri q\u02c8uixbal qui bixic, mibij tzij ri man c\u02c8o t\u00e4 qui pat\u00e4n, o ri tzij ri man utz taj ri yacbal tze\u02c8. Man ya\u02c8tal t\u00e4 c\u02c8u wa\u02c8 chiwe, xane are utz na ri quibij tzij re maltioxinic che ri Dios."
                },
                "5": {
                    "verse_nr": "5",
                    "verse": "Iwetam c\u02c8ut chi conojel ri je\u02c8 c\u00e4ca\u02c8no jas ri c\u00e4ca\u02c8n ri tz\u02c8i\u02c8 ri xak c\u00e4quirik kib, man c\u02c8o t\u00e4 qui pixab, conojel ri c\u00e4ca\u02c8n ri etzelal ri xa cuban tz\u02c8il che ri qui c\u02c8aslemal, xukuje\u02c8 conojel ri c\u00e4quirayij q\u02c8uia u w\u00e4ch jastak ajuw\u00e4chulew ri e junam cuc\u02c8 ri jule\u02c8 winak chic ri quek\u02c8ijilaj ri tiox ri xa e banom cumal winak, wa\u02c8 we winak ri\u02c8 man cuya\u02c8 taj queopan ruc\u02c8 ri Dios rech c\u00e4takan ri Cristo, ri Dios pa qui wi\u02c8."
                },
                "6": {
                    "verse_nr": "6",
                    "verse": "C\u02c8o ba\u02c8 jun mixsubuwic ruc\u02c8 tak tzij ri man c\u02c8o t\u00e4 qui pat\u00e4n. Rumal c\u02c8u wa\u02c8 c\u00e4pe na ri nimalaj royowal ri Dios pa qui wi\u02c8 ri winak ri man queniman t\u00e4 che, c\u00e4c\u02c8\u00e4jisax c\u02c8u na qui w\u00e4ch ri e are\u02c8."
                },
                "7": {
                    "verse_nr": "7",
                    "verse": "Miban ba\u02c8 iwe jas ri c\u00e4ca\u02c8n wa\u02c8 we winak ri\u02c8."
                },
                "8": {
                    "verse_nr": "8",
                    "verse": "Nabe canok jun wi ri i chomabal, je\u02c8 ta ne chi ix sachinak pa ri k\u02c8ekum. C\u00e4mic chi c\u02c8ut ix rech ri Kajaw Jes\u00fas. Rumal wa\u02c8 i q\u02c8uexom ri i chomanic, quixcowin chic quixca\u02c8yic. Je\u02c8 ta ne chi xsakiric, ix c\u02c8o chi pa ri sakil. Chibana ba\u02c8 jas ri takal u banic cumal ri winak ri e c\u02c8o chic pa ri sakil."
                },
                "9": {
                    "verse_nr": "9",
                    "verse": "Je\u02c8 jas ri k\u02c8ij cuya ri sakil, cuban sak che ronojel, xukuje\u02c8 ri ranima\u02c8 jun winak ri ya q\u02c8uexom chic, cuban ri\u02c8 ri utzil, ri jicomal, ri kas tzij."
                },
                "10": {
                    "verse_nr": "10",
                    "verse": "Chicojo i chuk\u02c8ab che retamaxic jachique ri utz c\u00e4ril wi ri Kajaw Jes\u00fas."
                },
                "11": {
                    "verse_nr": "11",
                    "verse": "Miban iwe ri man c\u02c8o t\u00e4 u pat\u00e4n, jas ri c\u00e4ca\u02c8n ri winak ri je\u02c8 ta ne e sachinak pa ri k\u02c8ekum, ri jun wi ri qui chomabal. Cheipixbaj c\u02c8u ri winak ri je\u02c8 c\u00e4ca\u02c8n wa\u02c8, chik\u02c8alajisaj chquiw\u00e4ch chi man utz taj ri tajin c\u00e4ca\u02c8no."
                },
                "12": {
                    "verse_nr": "12",
                    "verse": "Q\u02c8uixbal c\u02c8u u bixic chi sak ri c\u00e4ca\u02c8n we winak ri\u02c8 chic\u02c8uyal."
                },
                "13": {
                    "verse_nr": "13",
                    "verse": "Aretak c\u02c8ut quesax chi sak ronojel, kas c\u00e4k\u02c8alajin na wa\u02c8. Je ri\u02c8, rumal chi ri sakil cuk\u02c8alajisaj na ronojel."
                },
                "14": {
                    "verse_nr": "14",
                    "verse": "Rumal ri\u02c8 c\u00e4bixic: At ri\u02c8 ri je\u02c8 ta ne catwaric, chatc\u02c8astajok,chatwalij chquixol ri winakri je\u02c8 ta ne e c\u00e4minakibrumal ri qui mac, ri Cristo c\u02c8ut cuya na sakil chawe,"
                },
                "15": {
                    "verse_nr": "15",
                    "verse": "\u2015c\u00e4cha\u02c8. Rumal ri\u02c8 kas chiwila na jas ri quibano. Miban iwe jas ri c\u00e4ca\u02c8n ri winak ri man c\u02c8o t\u00e4 quetam, xane kas quichomaj na jas quibano, je\u02c8 jas ri c\u00e4ca\u02c8n ri ajno\u02c8jab."
                },
                "16": {
                    "verse_nr": "16",
                    "verse": "Xak mitzak ri i k\u02c8ij, rumal chi c\u02c8\u00e4x tak k\u02c8ij chic uj c\u02c8olic."
                },
                "17": {
                    "verse_nr": "17",
                    "verse": "Man xak t\u00e4 ix con, m\u00e4sach c\u02c8u ri i chomanic, xane kas chitzucuj u ch\u02c8obic jas ru rayibal ri Dios."
                },
                "18": {
                    "verse_nr": "18",
                    "verse": "Mixk\u02c8abaric rumal chi xak quixuc\u02c8am bi wa\u02c8 pa ri c\u02c8\u00e4x. Xane chiya che ri Lok\u02c8alaj Esp\u00edritu chi c\u00e4takan pa ri iwanima\u02c8."
                },
                "19": {
                    "verse_nr": "19",
                    "verse": "Chitzijobela iwib ruc\u02c8 tak tzij ri e c\u02c8o pa tak ri salmos, ri e c\u02c8o pa tak himnos, ri c\u00e4quiya u k\u02c8ij ri Dios, xukuje\u02c8 ruc\u02c8 tak ronojel u w\u00e4ch tak bix ri cuya ri Dios chiwe. \u00a1Chixbixon che ri Dios! Chiya ba\u02c8 u k\u02c8ij ri Kajaw Jes\u00fas pa tak ri iwanima\u02c8."
                },
                "20": {
                    "verse_nr": "20",
                    "verse": "Amak\u02c8el chimaltioxij ronojel che ri Dios ka Tat pa ru bi\u02c8 ri Kajaw Jesucristo."
                },
                "21": {
                    "verse_nr": "21",
                    "verse": "Waral c\u00e4kil wi jas ri rajwaxic pa ri qui c\u02c8aslemal ri cojonelab pa tak ri cachoch - Chixniman chbil tak iwib rumal chi nim quiwil wi ri Cristo."
                },
                "22": {
                    "verse_nr": "22",
                    "verse": "Ri ixokib ri e c\u02c8ulan chic cheniman ba\u02c8 chque ri cachajil, junam jas ri c\u00e4ca\u02c8no, queniman che ri Kajaw Jes\u00fas."
                },
                "23": {
                    "verse_nr": "23",
                    "verse": "Je ri\u02c8, rumal chi ri achi are c\u02c8amal u be ri ixok, je\u02c8 jas ri ka jolom c\u02c8o puwi\u02c8 ri ka cuerpo, cuc\u02c8am c\u02c8u ri ka be. Ri Cristo are c\u02c8o pa qui wi\u02c8 conojel ri cojonelab ri quenuc\u02c8uw ru cuerpo waral cho we uw\u00e4chulew. Are To\u02c8l Ke nimalaj konojel ri uj cojonelab ri cujnuc\u02c8uw ru cuerpo."
                },
                "24": {
                    "verse_nr": "24",
                    "verse": "Je\u02c8 jas ri kachalal cojonelab queniman che ri Cristo, je ri\u02c8 xukuje\u02c8 ri ixokib ri e c\u02c8ulan chic rajwaxic queniman chque ri cachajil pa ronojel."
                },
                "25": {
                    "verse_nr": "25",
                    "verse": "Ri achijab ri e c\u02c8ulan chic lok\u02c8 chquila wi ri quixokil je\u02c8 jas ri Cristo lok\u02c8 queril wi ri kachalal cojonelab, xujach c\u02c8u rib pa ri c\u00e4mical rumal quech."
                },
                "26": {
                    "verse_nr": "26",
                    "verse": "Je ri\u02c8 xubano rech cuban ch\u02c8ajch\u02c8oj che ri qui c\u02c8aslemal, queutas c\u02c8ut rech queuya pu k\u02c8ab ri Dios. Je\u02c8 ta ne ruc\u02c8 joron xeuch\u02c8aj wi aretak xuban sak che ri qui c\u02c8aslemal ruc\u02c8 ru Lok\u02c8 Pixab ri Dios."
                },
                "27": {
                    "verse_nr": "27",
                    "verse": "Je ri\u02c8 rech queuya ri kachalal cojonelab chuw\u00e4ch ri Are\u02c8 chbil tak quib, sibalaj je\u02c8l na quebelic, ch\u02c8ajch\u02c8oj ri canima\u02c8, man c\u02c8o t\u00e4 qui mac, man c\u02c8o t\u00e4 jas jun u w\u00e4ch etzelal, xane sibalaj je\u02c8l ri qui c\u02c8aslemal."
                },
                "28": {
                    "verse_nr": "28",
                    "verse": "Je c\u02c8u wa\u02c8 ri rajwaxic c\u00e4ca\u02c8n ri achijab ri e c\u02c8ulanic, lok\u02c8 c\u00e4quil ri quixokil, jas ri cuban jun winak lok\u02c8 c\u00e4ril rib. Jachin ri lok\u02c8 c\u00e4ril wi ri rixokil, lok\u02c8 c\u02c8u c\u00e4ril rib ri are\u02c8 chbil rib."
                },
                "29": {
                    "verse_nr": "29",
                    "verse": "Man c\u02c8o t\u00e4 c\u02c8u jun winak ri tzel c\u00e4ril wi ru cuerpo, xane cutzuku, c\u00e4rilij. Je c\u02c8u wa\u02c8 cuban ri Cristo chque ri kachalal cojonelab."
                },
                "30": {
                    "verse_nr": "30",
                    "verse": "Je ri\u02c8, rumal chi ri uj cujnuc\u02c8uw ru cuerpo ri Are\u02c8 waral cho we uw\u00e4chulew. Je\u02c8 ta ne uj u ti\u02c8jal, uj u bakil."
                },
                "31": {
                    "verse_nr": "31",
                    "verse": "Jas ri cubij ru Lok\u02c8 Pixab ri Dios ri Tz\u02c8ibtalic: \u201cRumal wa\u02c8 jun achi queuya can ru nan u tat, c\u00e4tuni c\u02c8u ruc\u02c8 ri rixokil. Ri quieb ri\u02c8 xa e jun chic,\u201d \u2015c\u00e4cha\u02c8."
                },
                "32": {
                    "verse_nr": "32",
                    "verse": "Ri tajin quinbij sibalaj nim u banic wa\u02c8. Man c\u02c8o t\u00e4 jun etamaninak wa\u02c8 nabe. Are c\u02c8u ri quinbij, are quinbij chrij ri Cristo xukuje\u02c8 ri kachalal cojonelab."
                },
                "33": {
                    "verse_nr": "33",
                    "verse": "Xukuje\u02c8 quel cubij wa\u02c8 chi chijujunal ix rajwaxic lok\u02c8 chiwila wi ri iwixokil jas ri quiban che iwib. Xukuje\u02c8 ba\u02c8 ri ixok nim chrila wi ri rachajil."
                }
            }
        },
        "6": {
            "chapter_nr": "6",
            "chapter": {
                "1": {
                    "verse_nr": "1",
                    "verse": "Ri ix, ac\u02c8alab, chixniman chque ri i nan i tat rumal chi ix cojoninak che ri Kajaw Jes\u00fas. Takal c\u02c8u wa\u02c8 chi je\u02c8 quibano."
                },
                "2": {
                    "verse_nr": "2",
                    "verse": "Ri nabe takanic ri cubij ri Dios chi c\u02c8o cuya chke we c\u00e4kanimaj are wa\u02c8: \u201cNim cheawila wi ra nan a tat,"
                },
                "3": {
                    "verse_nr": "3",
                    "verse": "rech carik utzil, xukuje\u02c8 naj catc\u02c8asi na cho we uw\u00e4chulew,\u201d \u2015c\u00e4cha ri\u02c8 pa ru Lok\u02c8 Pixab ri Dios ri Tz\u02c8ibtalic."
                },
                "4": {
                    "verse_nr": "4",
                    "verse": "Xukuje\u02c8 ri ix, nan tat, xak miyac coyowal ri iwalc\u02c8ual, xane cheipixbaj lok pa ri qui nuch\u02c8al, chic\u02c8utu utzalaj no\u02c8j chquiw\u00e4ch rech quecojon che ri Kajaw Jes\u00fas."
                },
                "5": {
                    "verse_nr": "5",
                    "verse": "Ri ix, ajchaquib, chixniman chque ri i patr\u00f3n waral cho we uw\u00e4chulew. Nim cheiwila wi junam jas ri quibano, quixej iwib cho ri Dios. Muban quieb ri iwanima\u02c8 chubanic ri i chac, xane chibana\u02c8 jas ri quiban chupat\u00e4nixic ri Cristo."
                },
                "6": {
                    "verse_nr": "6",
                    "verse": "Man xuwi t\u00e4 utz quiban che qui pat\u00e4nixic aretak quixquilo rech utz quixquil wi, xane chich\u02c8obo\u02c8 chi ix pat\u00e4nil re ri Cristo. Chibana ru rayibal ri Dios ri c\u00e4pe pa iwanima\u02c8."
                },
                "7": {
                    "verse_nr": "7",
                    "verse": "Cheipat\u00e4nij c\u02c8u ri i patr\u00f3n ruc\u02c8 quicotemal, man xak t\u00e4 quiq\u02c8ueyo. Chibana wa\u02c8 je\u02c8 ta ne are quipat\u00e4nij ri Kajaw Jes\u00fas, man are t\u00e4 ri winak."
                },
                "8": {
                    "verse_nr": "8",
                    "verse": "Iwetam c\u02c8ut chi ri Kajaw Jes\u00fas cuya na ru q\u02c8uexel ri utzil ri cuban jun winak, we ri are\u02c8 cuban ru chac, c\u02c8o pu k\u02c8ab jun patr\u00f3n, o c\u00e4chacun jawije\u02c8 ri craj wi, ruc\u02c8 apachinok."
                },
                "9": {
                    "verse_nr": "9",
                    "verse": "Ri ix xukuje\u02c8, ri ix patr\u00f3n, chibana ri utz cuc\u02c8 ri pat\u00e4nil tak iwe. Xak miban c\u02c8\u00e4x chque. Chna\u02c8taj chiwe chi ri Cajaw ri e are\u02c8 xukuje\u02c8 Are ri Iwajaw ix. C\u02c8o chila\u02c8 chicaj, c\u00e4takan c\u02c8u pa ka wi\u02c8 uj nimalaj konojel. Ri Are\u02c8 c\u02c8ut junam queril wi conojel ri winak."
                },
                "10": {
                    "verse_nr": "10",
                    "verse": "Waral c\u00e4kil wi ronojel ri cuya ri Dios chke, ri c\u00e4kacoj pa ri ch\u02c8oj chrij ri Itzel - C\u00e4mic, kachalal, are chitzucuj ri i chuk\u02c8ab ruc\u02c8 ri Kajaw Jes\u00fas rech c\u02c8o iwe ri nimalaj u chuk\u02c8ab ri Are\u02c8."
                },
                "11": {
                    "verse_nr": "11",
                    "verse": "Chicojo ri to\u02c8bal iwib ri cuya ri Dios, junam jas ri quicoj jun atz\u02c8iak, rech man quixtzak t\u00e4 rumal ri subunic ri cuban ri Itzel chiwe."
                },
                "12": {
                    "verse_nr": "12",
                    "verse": "Man uj c\u02c8o t\u00e4 che ch\u02c8oj chquij winak, xane are chquij itzel tak esp\u00edritus ajuwocaj ri quebin pa ri sutz\u02c8 mayul, ri c\u02c8o takanic pa qui k\u02c8ab. E are\u02c8 ri nimak tak k\u02c8atal tak tzij, ri nimak tak takanelab, ri quetakan puwi\u02c8 ruw\u00e4chulew. E are\u02c8 itzel tak esp\u00edritus wa\u02c8 ri tajin quetakan pa tak we k\u02c8ij ri\u02c8 re k\u02c8ekum."
                },
                "13": {
                    "verse_nr": "13",
                    "verse": "Rumal ri\u02c8 chic\u02c8ama ba\u02c8 ronojel ri to\u02c8bal iwib ri cuya ri Dios c\u00e4mic, jas ri cuban jun soldado cucoj ri atz\u02c8iak re ch\u02c8ich\u02c8 chuto\u02c8ic rib pa ri ch\u02c8oj. Je ri\u02c8 rech quixcowinic quito\u02c8 iwib chuw\u00e4ch ri ka c\u02c8ulel pa ri c\u02c8\u00e4xalaj tak k\u02c8ij aretak c\u00e4pe ri ch\u02c8oj. Je wa ri\u02c8, aretak coc\u02c8ow ronojel co quixjeki na canok."
                },
                "14": {
                    "verse_nr": "14",
                    "verse": "\u00a1Co ba\u02c8 chixjekelok! Chicojo ri Kas Tzij je\u02c8 ta ne chi are ri pas ri ximibal i pam. Chibana ri jicomal pa ri i c\u02c8aslemal je\u02c8 ta ne jun to\u02c8bal uwo i c\u02c8ux wa\u02c8 quicojo."
                },
                "15": {
                    "verse_nr": "15",
                    "verse": "Chibana ba\u02c8 u banic iwib chutzijoxic ri Utzalaj Tzij re ri Evangelio ri cuya utzil, je\u02c8 ta ne jun chic u w\u00e4ch i xaj\u00e4b ri quicojo."
                },
                "16": {
                    "verse_nr": "16",
                    "verse": "Rajwaxic ba\u02c8 xukuje\u02c8 chi sibalaj quixcojonic, rumal chi are wa\u02c8 je\u02c8 ta ne jun nimalaj perepic ch\u02c8ich\u02c8 ri to\u02c8bal iwib ri quiwuc\u02c8aj. Ruc\u02c8 wa\u02c8 quixcowinic quichup na ronojel ri q\u02c8ui\u00e4kbal ri quenicowic ri cuq\u02c8ui\u00e4k ri Itzel chiwij."
                },
                "17": {
                    "verse_nr": "17",
                    "verse": "Ru tobanic ri Dios are wa\u02c8 chicojo che to\u02c8bal i jolom. Ru Lok\u02c8 Pixab ri Dios are chicojo je\u02c8 ta ne are jun espada (machete) ri cuya ri Lok\u02c8alaj Esp\u00edritu chiwe."
                },
                "18": {
                    "verse_nr": "18",
                    "verse": "Chibana ronojel wa\u02c8 ruc\u02c8 oraci\u00f3n. Chita\u02c8 ru tobanic ri Dios, chibochi\u02c8j c\u02c8u ri Dios amak\u02c8el ronojel k\u02c8ij, junam jas ri u c\u02c8amic i be ri cuban ri Lok\u02c8alaj Esp\u00edritu. Rech quixcowin chubanic wa\u02c8, chixc\u02c8asc\u02c8atok, mixej ba\u02c8 iwib. Chitakej c\u02c8u u banic oraci\u00f3n. Chibana orar pa qui wi\u02c8 ri winak ri e rech ri Dios, ri cojonelab."
                },
                "19": {
                    "verse_nr": "19",
                    "verse": "Chibana orar pa nu wi\u02c8 in xukuje\u02c8, rech aretak quinch\u02c8awic ri Dios cuya ru tzij pa ri wanima\u02c8, man quinxej t\u00e4 c\u02c8u wib quink\u02c8alajisaj ri Utzalaj Tzij re ri Evangelio ri man etamtal t\u00e4 can nabe."
                },
                "20": {
                    "verse_nr": "20",
                    "verse": "In takom rumal ri Dios, in petinak chuq\u02c8uexel ri Are\u02c8 rech quintzijoj ri Evangelio, pune ta ne in c\u02c8o pa che\u02c8 c\u00e4mic ri\u02c8 xa rumal wa\u02c8. Chibana ba\u02c8 orar rech man quinxej t\u00e4 wib quintzijoj wa\u02c8 we tzij ri\u02c8 jas ri rajwaxic quinbano."
                },
                "21": {
                    "verse_nr": "21",
                    "verse": "Ri ap\u00f3stol Pablo cuya apan rutzil qui w\u00e4ch ri cojonelab - Ronojel ri nu banom xukuje\u02c8 ri tajin quinbano, are ri kachalal T\u00edquico cubij na wa\u02c8 chiwe. Ri are\u02c8, are jun lok\u02c8alaj kachalal, utz cuban chupat\u00e4nixic ri Kajaw Jes\u00fas pa ru chac ri Are\u02c8."
                },
                "22": {
                    "verse_nr": "22",
                    "verse": "Rumal ri\u02c8 tajin quintak bi ri are\u02c8 iwuc\u02c8 rech cuk\u02c8alajisaj na ronojel chiwe. Je ri\u02c8 kas quiwetamaj jas ri ka\u02c8nom uj waral, c\u00e4walijisax ta c\u02c8u na ri iwanima\u02c8 ix rumal wa\u02c8."
                },
                "23": {
                    "verse_nr": "23",
                    "verse": "Are ta ba\u02c8 ri Dios ka Tat xukuje\u02c8 ri Kajaw Jesucristo c\u00e4yo\u02c8w uxlanem che ri canima\u02c8 ri kachalal, cubano chi c\u00e4caj quib, chi kas tzij quecojonic."
                },
                "24": {
                    "verse_nr": "24",
                    "verse": "Are ta ba\u02c8 ri Dios c\u00e4tok\u02c8obisan qui w\u00e4ch conojel ri kas c\u00e4caj ri Kajaw Jesucristo ruc\u02c8 ri rutzil ranima\u02c8 ri man c\u00e4q\u02c8uextaj taj, are la\u02c8 chi sibalaj lok\u02c8 cujril wi ri Are\u02c8. Am\u00e9n."
                }
            }
        }
    }
}