{
    "version": "LB",
    "book_name": "Colossians",
    "book_nr": "51",
    "book": {
        "1": {
            "chapter_nr": "1",
            "chapter": {
                "1": {
                    "verse_nr": "1",
                    "verse": "Hilsen - Hilsen fra Paulus, som ved Guds vilje er utsending av Jesus Kristus. Min medarbeider Timoteus sender ogs\u00e5 sin hilsen."
                },
                "2": {
                    "verse_nr": "2",
                    "verse": "Til v\u00e5re s\u00f8sken i Koloss\u00e6 som tilh\u00f8rer Gud og tror p\u00e5 Kristus. Vi ber at Gud, v\u00e5r Far, vil vise dere godhet og fylle dere med fred."
                },
                "3": {
                    "verse_nr": "3",
                    "verse": "Paulus takker Gud for menighetens tro - Vi takker alltid Gud, v\u00e5r Herre Jesu Kristi Far, n\u00e5r vi ber for dere."
                },
                "4": {
                    "verse_nr": "4",
                    "verse": "Vi har h\u00f8rt om den tro dere har p\u00e5 Jesus Kristus og om den kj\u00e6rlighet dere viser alle de troende."
                },
                "5": {
                    "verse_nr": "5",
                    "verse": "Dere lever i h\u00e5pet om at Gud til slutt vil frelse dere for evig. Det h\u00e5pet har dere hatt helt siden dere fikk h\u00f8re det sanne budskapet om Jesus."
                },
                "6": {
                    "verse_nr": "6",
                    "verse": "Dette budskapet n\u00e5dde dere og blir n\u00e5 spredd over hele verden. Over alt forvandler det menneskene, p\u00e5 samme m\u00e5ten som dere ble forandret den dagen dere fikk h\u00f8re det og forsto at Gud i sin godhet virkelig tilgir syndene v\u00e5re."
                },
                "7": {
                    "verse_nr": "7",
                    "verse": "Det var v\u00e5r kj\u00e6re medarbeider Epafras, som fortalte disse gode nyhetene til dere. Trofast tjener han Kristus for at dere skal bli frelst."
                },
                "8": {
                    "verse_nr": "8",
                    "verse": "Det var han som fortalte oss om hvilken kj\u00e6rlighet til andre mennesker Guds \u00c5nd har gitt dere."
                },
                "9": {
                    "verse_nr": "9",
                    "verse": "Paulus ber for menigheten - Helt siden vi f\u00f8rst h\u00f8rte snakk om dere, har vi bedt for dere. Vi ber at Gud vil hjelpe dere til \u00e5 forst\u00e5 hva hans vilje er, og at hans \u00c5nd vil gi dere visdom og forstand."
                },
                "10": {
                    "verse_nr": "10",
                    "verse": "Da kan dere klare \u00e5 leve p\u00e5 en m\u00e5te som er verdig for Herren Gud. Vi ber at dere vil glede Herren gjennom alle slags gode gjerninger, og at dere for hver dag som g\u00e5r vil l\u00e6re ham bedre og bedre \u00e5 kjenne."
                },
                "11": {
                    "verse_nr": "11",
                    "verse": "Ja, Herren vil styrke dere gjennom sin herlige kraft, slik at dere kan v\u00e6re glade, utholdende og t\u00e5lmodige uansett hva som m\u00e5tte m\u00f8te dere."
                },
                "12": {
                    "verse_nr": "12",
                    "verse": "Takk alltid Gud, v\u00e5r Far, han som har gjort det mulig for dere \u00e5 f\u00e5 del i den arven som venter alle som tilh\u00f8rer ham og lever i lyset."
                },
                "13": {
                    "verse_nr": "13",
                    "verse": "Han har fridd oss ut av m\u00f8rkets makt og lar oss n\u00e5 f\u00e5 tilh\u00f8re hans elskede S\u00f8nn."
                },
                "14": {
                    "verse_nr": "14",
                    "verse": "Gjennom det at S\u00f8nnen betalte straffen for syndene v\u00e5re, har vi blitt kj\u00f8pt fri fra slaveriet under synden og f\u00e5tt tilgivelse."
                },
                "15": {
                    "verse_nr": "15",
                    "verse": "Jesus Kristus er Herre over alle ting - Jesus Kristus er det synlige bildet av Gud, han som er usynlig. Kristus st\u00e5r over alt det skapte."
                },
                "16": {
                    "verse_nr": "16",
                    "verse": "Gud lot ham skape alt som finnes i himmelen og p\u00e5 jorden, b\u00e5de det vi kan se og det vi ikke kan se, alle h\u00f8ye og mektige engler, makter og myndigheter. Alt er skapt av Kristus og finnes til for \u00e5 \u00e6re ham."
                },
                "17": {
                    "verse_nr": "17",
                    "verse": "Han er til f\u00f8r alt annet, og kraften fra ham holder sammen hele skaperverket."
                },
                "18": {
                    "verse_nr": "18",
                    "verse": "Kristus er hodet for kroppen, det vil si menigheten. Han er alle tings begynnelse. Den f\u00f8rste som sto opp fra de d\u00f8de. Derfor er han den fremste av alle."
                },
                "19": {
                    "verse_nr": "19",
                    "verse": "Gud lot nemlig sin fylde, alle hans egenskaper og hele hans kraft, finnes hos S\u00f8nnen."
                },
                "20": {
                    "verse_nr": "20",
                    "verse": "Gjennom det at S\u00f8nnen ofret sitt blod p\u00e5 korset og tok straffen v\u00e5r p\u00e5 seg, har Gud sluttet fred med menneskene. Ja, hele skaperverket er forsonet med Gud, b\u00e5de det som finnes p\u00e5 jorden og det som finnes i himmelen."
                },
                "21": {
                    "verse_nr": "21",
                    "verse": "Dette gjelder ogs\u00e5 dere, dere som hadde vendt ryggen til Gud. Dere var hans fiender, etter som b\u00e5de tankene og handlingene var onde."
                },
                "22": {
                    "verse_nr": "22",
                    "verse": "N\u00e5 er dere blitt forsonet med Gud og er vennene hans gjennom at Kristus ble menneske og d\u00f8de for \u00e5 ta straffen p\u00e5 seg. Ja, n\u00e5 tilh\u00f8rer dere Gud og kan st\u00e5 for ham uten synd og skyld."
                },
                "23": {
                    "verse_nr": "23",
                    "verse": "Dette er virkelighet bare dere holder fast ved troen p\u00e5 Kristus. Troen er den sikre grunnen for livet. La ikke noe rokke ved troen, og ta fra dere h\u00e5pet om fullkommen frelse som dere har h\u00f8rt gjennom det glade budskapet om Jesus. Dette budskapet blir n\u00e5 spredd over hele verden, og jeg, Paulus, tjener Gud ved \u00e5 bringe det videre."
                },
                "24": {
                    "verse_nr": "24",
                    "verse": "Paulus sitt arbeid for menigheten - N\u00e5 er jeg glad over \u00e5 m\u00e5tte lide for deres skyld. Enda st\u00e5r det igjen noen av de lidelsene som Kristus har vist at jeg m\u00e5 g\u00e5 i gjennom for menigheten, som er hans kropp."
                },
                "25": {
                    "verse_nr": "25",
                    "verse": "Gud har nemlig gitt meg i oppdrag \u00e5 arbeide for menigheten ved \u00e5 spre budskapet hans til dere som ikke er j\u00f8der."
                },
                "26": {
                    "verse_nr": "26",
                    "verse": "Dette budskapet som er fra Gud, er hans hemmelige plan som har ligget skjult gjennom mange generasjoner siden tidenes begynnelse. Men n\u00e5 har Gud vist den for alle dem som tilh\u00f8rer ham."
                },
                "27": {
                    "verse_nr": "27",
                    "verse": "Han har latt folkene f\u00e5 innsikt i Guds rike og herlige hemmelighet: At alle jordens folk kan oppn\u00e5 fellesskap med Kristus. At de kan ha det samme h\u00e5pet om en evig herlighet felles med Gud."
                },
                "28": {
                    "verse_nr": "28",
                    "verse": "Derfor sprer vi budskapet om Kristus over alt der vi kommer. Vi gir r\u00e5d til alle mennesker og underviser p\u00e5 en s\u00e5 klok m\u00e5te som det er mulig. Gjennom det vil vi f\u00f8re alle fram til Gud med en sterk og moden tro, takket v\u00e6re fellesskapet med Kristus."
                },
                "29": {
                    "verse_nr": "29",
                    "verse": "Det er dette m\u00e5let jeg arbeider og kjemper for, gjennom den mektige kraften som Kristus lar virke i meg."
                }
            }
        },
        "2": {
            "chapter_nr": "2",
            "chapter": {
                "1": {
                    "verse_nr": "1",
                    "verse": "Jeg vil at dere skal kjenne til hvor hardt jeg har kjempet for dere og menigheten i Laodikea, og for alle andre som jeg ikke har truffet personlig."
                },
                "2": {
                    "verse_nr": "2",
                    "verse": "Mitt m\u00e5l er at dere skal bli modige, at dere skal bli knyttet sammen gjennom kj\u00e6rligheten til hverandre, at dere skal f\u00e5 kunnskap om Guds hemmelige plan, som er Kristus selv, slik at dere blir helt trygge."
                },
                "3": {
                    "verse_nr": "3",
                    "verse": "Kristus er den som gj\u00f8r Guds visdom og kunnskap kjent, den skatten som f\u00f8r var skjult."
                },
                "4": {
                    "verse_nr": "4",
                    "verse": "Dette sier jeg for at ingen skal bedra dere med lokkende argumenter."
                },
                "5": {
                    "verse_nr": "5",
                    "verse": "Ja, selv om jeg er langt borte fra dere, s\u00e5 er hjertet mitt hos dere. Jeg gleder meg over at dere p\u00e5 samme m\u00e5te som gode soldater st\u00e5r fast og disiplinert i troen p\u00e5 Kristus."
                },
                "6": {
                    "verse_nr": "6",
                    "verse": "Nytt liv sammen med Kristus - Dere har tatt imot Jesus Kristus som Herre i livet deres. Lev da i fellesskap med ham."
                },
                "7": {
                    "verse_nr": "7",
                    "verse": "La Kristus gi dere kraft og n\u00e6ring, slik at den troen dere har f\u00e5tt undervisning i, kan bli sterkere og sterkere. Og takk stadig for alt han har gjort."
                },
                "8": {
                    "verse_nr": "8",
                    "verse": "La ingen bedra dere og \u00f8delegge troen med tomt tankegods. Den slags bygger p\u00e5 menneskelige tradisjoner og kommer ikke fra Kristus, men fra onde makter i denne verden."
                },
                "9": {
                    "verse_nr": "9",
                    "verse": "Den hele og fulle guddommen, alle egenskapene hos Gud og hele hans kraft, bor nemlig i Kristus. Alt var i ham da han levde p\u00e5 jorden som menneske."
                },
                "10": {
                    "verse_nr": "10",
                    "verse": "Kristus er Herre over alle herskere og makter i universet. N\u00e5r dere lever i fellesskap med ham, mangler dere ingenting."
                },
                "11": {
                    "verse_nr": "11",
                    "verse": "Gjennom fellesskapet med Kristus har dere ogs\u00e5 blitt omsk\u00e5ret. Kristus omskj\u00e6rer ikke p\u00e5 den fysiske m\u00e5ten som mennesker gj\u00f8r. De skj\u00e6rer bort forhuden p\u00e5 guttene, men han har sk\u00e5ret bort deres gamle ego, som blir styrt av synden."
                },
                "12": {
                    "verse_nr": "12",
                    "verse": "Da dere ble d\u00f8pt inn i fellesskap med Kristus, begravde dere det gamle ego sammen med ham. Ved d\u00e5pen har dere f\u00e5tt ett nytt liv sammen med ham, etter som dere trodde at Gud ved sin kraft vakte opp Kristus fra de d\u00f8de."
                },
                "13": {
                    "verse_nr": "13",
                    "verse": "Dere var \u00e5ndelig d\u00f8de p\u00e5 grunn av synden og fordi deres gamle ego enn\u00e5 ikke var blitt sk\u00e5ret bort. Gud lot dere bli levende sammen med Kristus og tilga oss alle syndene v\u00e5re."
                },
                "14": {
                    "verse_nr": "14",
                    "verse": "Han slo en strek over alt det som anklaget oss. Listen over skylden som vi selv burde ha betalt for, ble spikret fast sammen med Kristus p\u00e5 korset."
                },
                "15": {
                    "verse_nr": "15",
                    "verse": "Gjennom det Kristus gjorde for oss, slo Gud alle v\u00e5pen ut av hendene p\u00e5 herskerne og myndighetene i denne onde verden. Han har latterliggjort dem for hele verden, da han triumferte over dem p\u00e5 korset."
                },
                "16": {
                    "verse_nr": "16",
                    "verse": "La ingen d\u00f8mme dere for det dere spiser eller drikker. La heller ingen tvinge dere til \u00e5 feire forskjellige h\u00f8ytider og dager som er knyttet til m\u00e5nefasene eller til \u00e5 holde en spesiell hviledag."
                },
                "17": {
                    "verse_nr": "17",
                    "verse": "Alle disse reglene ga oss bare en forel\u00f8pig uskarp skisse av det som skulle komme, om Kristus, han som virkelig eksisterer."
                },
                "18": {
                    "verse_nr": "18",
                    "verse": "La ingen ta fra dere den seieren som Kristus har vunnet for dere! Bry dere ikke om disse personene som lar seg bruke til falsk ydmykhet og tilber engler og aldri slutter med \u00e5 analysere synene sine. De tenker p\u00e5 en menneskelig m\u00e5te, noe som gj\u00f8r at de blir hovmodige. De har slett ikke noe \u00e5 v\u00e6re stolte over."
                },
                "19": {
                    "verse_nr": "19",
                    "verse": "De har mistet kontakten med Kristus, med han som er leder og hode for kroppen sin som er menigheten. Gjennom kontakt med Kristus f\u00e5r kroppen sin styrke. Han holder kroppen sammen med knokler og sener, slik at den utvikler seg som Gud vil."
                },
                "20": {
                    "verse_nr": "20",
                    "verse": "Dere d\u00f8de sammen med Kristus da dere begynte \u00e5 tro p\u00e5 han. Dere er satt fri fra de onde maktene i denne verden. Hvorfor velger dere da en oppf\u00f8rsel som om dere fortsatt tilh\u00f8rte denne verden? Hvorfor b\u00f8yer dere av for personer som sier:"
                },
                "21": {
                    "verse_nr": "21",
                    "verse": "\u201dHa ikke noe med dette eller hint \u00e5 gj\u00f8re! Smak ikke p\u00e5 dette! R\u00f8r ikke dette!\u201d"
                },
                "22": {
                    "verse_nr": "22",
                    "verse": "Nei, denne type regler og spissfindig l\u00e6re er bare menneskelige p\u00e5funn om ting til forbruk og som etterp\u00e5 forsvinner."
                },
                "23": {
                    "verse_nr": "23",
                    "verse": "Det ser kanskje ut som visdom, etter som p\u00e5budene handler om strenge religi\u00f8se \u00f8velser, om falsk ydmykhet og om \u00e5 v\u00e6re likegyldig til kroppens behov. Disse \u00f8velsene kan aldri hindre et menneske fra \u00e5 bli styrt av sine onde tanker og begj\u00e6r."
                }
            }
        },
        "3": {
            "chapter_nr": "3",
            "chapter": {
                "1": {
                    "verse_nr": "1",
                    "verse": "R\u00e5d i forhold til det nye livet - Dere fikk alts\u00e5 liv da dere begynte \u00e5 tro p\u00e5 Kristus og ble reist opp sammen med ham. S\u00f8k da det som Gud har forberedt til dere i himmelen, der Kristus sitter p\u00e5 Guds h\u00f8yre side og regjerer."
                },
                "2": {
                    "verse_nr": "2",
                    "verse": "La tankene v\u00e6re opptatt med det som finnes hos Gud, og ikke det som finnes her p\u00e5 jorden."
                },
                "3": {
                    "verse_nr": "3",
                    "verse": "Dere har v\u00e6rt d\u00f8d med Kristus og lever n\u00e5 i fellesskap med Gud. Deres virkelige liv vil ikke bli avdekket f\u00f8r Kristus blir synlig igjen."
                },
                "4": {
                    "verse_nr": "4",
                    "verse": "N\u00e5r Kristus kommer igjen og blir synlig for alle, han som er v\u00e5rt virkelige liv, da skal ogs\u00e5 dere v\u00e6re sammen med ham. Dere skal ta del i hans herlighet."
                },
                "5": {
                    "verse_nr": "5",
                    "verse": "Drep derfor det syndige begj\u00e6ret som fors\u00f8ker \u00e5 kontrollere deres jordiske kropper. Hold dere borte fra seksuell l\u00f8ssluppenhet, umoral, onde lyster og skittent begj\u00e6r. V\u00e6r heller ikke gjerrige, for det er \u00e5 tilbe en avgud."
                },
                "6": {
                    "verse_nr": "6",
                    "verse": "Gud kommer til \u00e5 straffe alle som driver med disse tingene."
                },
                "7": {
                    "verse_nr": "7",
                    "verse": "Ogs\u00e5 dere henga dere til slikt mens dere h\u00f8rte denne verden til."
                },
                "8": {
                    "verse_nr": "8",
                    "verse": "N\u00e5 m\u00e5 dere dessuten legge av sinne, d\u00e5rlig hum\u00f8r, ondskap, uvaner med \u00e5 forulempe andre og r\u00e5tt snakk."
                },
                "9": {
                    "verse_nr": "9",
                    "verse": "Lyv ikke for hverandre! Dere har jo kvittet dere med det gamle ego og de d\u00e5rlige vanene som om det var skitne kl\u00e6r."
                },
                "10": {
                    "verse_nr": "10",
                    "verse": "I stedet har dere tatt p\u00e5 dere nytt rent t\u00f8y, en ny natur, som jevnt og trutt blir fornyet mens dere l\u00e6rer Gud bedre \u00e5 kjenne og blir enda mer lik Skaperen."
                },
                "11": {
                    "verse_nr": "11",
                    "verse": "N\u00e5r dere n\u00e5 har f\u00e5tt en ny natur, spiller det ikke lenger noen rolle om dere er j\u00f8der eller folk som ikke er j\u00f8der, om de praktiserer omskj\u00e6relse av gutter eller ikke, om de tilh\u00f8rer den ene eller den andre kulturen eller om dere er slaver eller frie. Nei, Jesus Kristus er det eneste som betyr noe. Han lever i oss alle."
                },
                "12": {
                    "verse_nr": "12",
                    "verse": "Dere har takket ja til Guds innbydelse om \u00e5 tilh\u00f8re ham. Dere er hans, og han elsker dere. Derfor m\u00e5 dere ta p\u00e5 dere en ny fysisk natur: Vis medf\u00f8lelse og v\u00e6r vennlige mot hverandre, dere skal erkjenne behovene for hverandre, og m\u00f8t hverandre med mildhet og t\u00e5lmodighet."
                },
                "13": {
                    "verse_nr": "13",
                    "verse": "B\u00e6r over med manglene hos hverandre. Tilgi den som har gjort dere noe ondt. Herren Jesus har jo tilgitt dere. Da m\u00e5 ogs\u00e5 dere tilgi hverandre."
                },
                "14": {
                    "verse_nr": "14",
                    "verse": "Det viktigste av alt er at dere elsker hverandre, for kj\u00e6rligheten er det b\u00e5nd som binder sammen Kristi kropp som er menigheten. Da kan dere leve med hverandre i fullkommen enhet."
                },
                "15": {
                    "verse_nr": "15",
                    "verse": "La tankene deres bli styrt av den freden som Kristus gir. Gud har innbudt dere til \u00e5 leve i fred med de andre lemmene i kroppen, det vil si menigheten. V\u00e6r alltid takknemlige!"
                },
                "16": {
                    "verse_nr": "16",
                    "verse": "La alt det fantastiske som Kristus underviste om, stadig f\u00e5 p\u00e5virke dere. Veiled hverandre p\u00e5 en klok m\u00e5te. Oppmuntre hverandre ved \u00e5 synge lovsanger til Gud av et helt hjerte. Ja, syng b\u00e5de nye og gamle sanger for \u00e5 vise deres takknemlighet."
                },
                "17": {
                    "verse_nr": "17",
                    "verse": "Hva dere enn sier eller gj\u00f8r, s\u00e5 skal dere hele tiden tenke p\u00e5 at dere tilh\u00f8rer Herren Jesus. Takk alltid Gud, v\u00e5r Far, for det som Herren Jesus har gjort for oss."
                },
                "18": {
                    "verse_nr": "18",
                    "verse": "R\u00e5d i forhold til familie og slaver - Dere gifte kvinner skal sette deres menn foran dere selv. Slik skal det v\u00e6re blant dem som tilh\u00f8rer Herren Jesus."
                },
                "19": {
                    "verse_nr": "19",
                    "verse": "Dere gifte menn skal vise deres koner kj\u00e6rlighet og omsorg. Ingen f\u00e5r lov til \u00e5 v\u00e6re streng og uvennlig mot sin kone."
                },
                "20": {
                    "verse_nr": "20",
                    "verse": "Dere som er barn skal alltid v\u00e6re lydige mot foreldrene. Da gleder Herren seg."
                },
                "21": {
                    "verse_nr": "21",
                    "verse": "Dere foreldre skal ikke st\u00f8tt og stadig kritisere barna deres. Da blir de bare sinte og lei seg og gir opp alt."
                },
                "22": {
                    "verse_nr": "22",
                    "verse": "Dere som er slaver skal alltid v\u00e6re lydige mot deres jordiske herrer. Pass p\u00e5 at dere gj\u00f8r det dere skal, ogs\u00e5 n\u00e5r de ikke ser dere. V\u00e6r \u00e6rlige og lydige ut fra den dype respekten dere har for Herren Jesus."
                },
                "23": {
                    "verse_nr": "23",
                    "verse": "Arbeid hardt og med godt hum\u00f8r samme hva dere enn holder p\u00e5 med. Gj\u00f8r alt som om dere gjorde det for Herren og ikke for mennesker."
                },
                "24": {
                    "verse_nr": "24",
                    "verse": "Husk p\u00e5 at det er Herren selv som en dag skal l\u00f8nne dere og la dere f\u00e5 arve alt det gode som finnes hos Gud. Det er Kristus som er deres virkelige Herre og som dere arbeider for."
                },
                "25": {
                    "verse_nr": "25",
                    "verse": "Den som gj\u00f8r det som er ondt, vil bli straffet for sine handlinger p\u00e5 dommens dag. Gud gj\u00f8r ingen forskjell p\u00e5 folk."
                }
            }
        },
        "4": {
            "chapter_nr": "4",
            "chapter": {
                "1": {
                    "verse_nr": "1",
                    "verse": "Oppfordring til b\u00f8nn - Dere som er slaveeiere, m\u00e5 gi slavene deres alt det de trenger og har rett p\u00e5. Husk p\u00e5 at dere ogs\u00e5 har en Herre, i himmelen."
                },
                "2": {
                    "verse_nr": "2",
                    "verse": "Be regelmessig til Gud uten \u00e5 gi opp. Takk ham alltid."
                },
                "3": {
                    "verse_nr": "3",
                    "verse": "N\u00e5r dere gj\u00f8r dette, m\u00e5 dere ikke glemme \u00e5 be om at Gud gir oss en mulighet til \u00e5 spre budskapet hans. At jeg kan fortelle om Guds hemmelige plan, som er Kristus. Det er p\u00e5 grunn av denne hemmeligheten jeg sitter i fengsel."
                },
                "4": {
                    "verse_nr": "4",
                    "verse": "Be om at jeg p\u00e5 en rett m\u00e5te kan avsl\u00f8re hemmeligheten for alle, og at de forst\u00e5r den."
                },
                "5": {
                    "verse_nr": "5",
                    "verse": "Opptre fornuftig i m\u00f8te med mennesker som ikke tror. Ta vare p\u00e5 de mulighetene dere f\u00e5r til \u00e5 spre budskapet om Jesus til alle."
                },
                "6": {
                    "verse_nr": "6",
                    "verse": "Snakk med dem du omg\u00e5s p\u00e5 en vennlig m\u00e5te, men la ordene v\u00e6re til ettertanke. Pass p\u00e5 at dere vet hvordan dere skal svare p\u00e5 sp\u00f8rsm\u00e5lene deres."
                },
                "7": {
                    "verse_nr": "7",
                    "verse": "Personlig hilsen - V\u00e5r kj\u00e6re bror Tykikus, som trofast sprer budskapet om Herren Jesus sammen med meg, vil komme og fortelle dere hvordan jeg har det."
                },
                "8": {
                    "verse_nr": "8",
                    "verse": "Jeg vil sende han til dere for at dere skal f\u00e5 vite hvordan det st\u00e5r til med oss, og for at han skal oppmuntre dere."
                },
                "9": {
                    "verse_nr": "9",
                    "verse": "Sammen med ham kommer ogs\u00e5 Onesimus, en trofast og avholdt bror som tilh\u00f8rer menigheten deres. Han og Tykikus kommer til \u00e5 gi dere en fersk rapport om det som skjer her."
                },
                "10": {
                    "verse_nr": "10",
                    "verse": "Aristark, som sitter i fengslet sammen med meg, hilser til dere. Det gj\u00f8r ogs\u00e5 Markus, som er fetter av Barnabas. Som jeg allerede har meddelt dere tidligere: Ta vel imot Markus dersom han skulle komme til dere."
                },
                "11": {
                    "verse_nr": "11",
                    "verse": "Jesus, som ogs\u00e5 blir kalt Justus, hilser til dere. Disse er de eneste troende j\u00f8dene som arbeider sammen med meg for \u00e5 spre budskapet om at Gud vil frelse menneskene og gj\u00f8re dem til sitt eget folk. De har v\u00e6rt til stor oppmuntring for meg."
                },
                "12": {
                    "verse_nr": "12",
                    "verse": "Epafras, som ogs\u00e5 tilh\u00f8rer menigheten deres, hilser til dere. Han tjener Jesus Kristus og kjemper for dere ved \u00e5 be til Gud for dere. Han ber at dere m\u00e5 holde fast p\u00e5 troen, og at troen vil modnes, slik at dere forst\u00e5r Guds vilje."
                },
                "13": {
                    "verse_nr": "13",
                    "verse": "Jeg kan bekrefte hvor hardt han kjemper for dere og for de troende i Laodikea og Hierapolis."
                },
                "14": {
                    "verse_nr": "14",
                    "verse": "V\u00e5r kj\u00e6re Lukas, legen, hilser til dere. Det gj\u00f8r ogs\u00e5 Demas."
                },
                "15": {
                    "verse_nr": "15",
                    "verse": "Hils til alle de troende i Laodikea og til Nymfa og til menigheten som samles i hjemmet hans."
                },
                "16": {
                    "verse_nr": "16",
                    "verse": "N\u00e5r dette brevet har blitt lest opp i menigheten, send det da videre til Laodikea, slik at ogs\u00e5 de f\u00e5r lese det. Se til at dere selv f\u00e5r lese det brevet som kommer fra Laodikea."
                },
                "17": {
                    "verse_nr": "17",
                    "verse": "Og si til Arkippus: \u201dPass p\u00e5 at du fullf\u00f8rer den oppgaven som Herren Jesus har gitt deg.\u201d"
                },
                "18": {
                    "verse_nr": "18",
                    "verse": "Her skriver jeg, Paulus, min hilsen med egen h\u00e5nd. Husk p\u00e5 \u00e5 be for meg mens jeg sitter i fengsel. Med \u00f8nske om at Guds godhet og kj\u00e6rlighet vil v\u00e6re med dere alle."
                }
            }
        }
    }
}