{
    "version": "esperanto",
    "book_name": "Philippians",
    "book_nr": "50",
    "book": {
        "1": {
            "chapter_nr": 1,
            "chapter": {
                "1": {
                    "verse_nr": 1,
                    "verse": "Pauxlo kaj Timoteo, servistoj de Jesuo Kristo, al cxiuj sanktuloj en Kristo Jesuo, kiuj estas en Filipi, kun la episkopoj kaj diakonoj:\n"
                },
                "2": {
                    "verse_nr": 2,
                    "verse": "Graco al vi kaj paco estu de Dio, nia Patro, kaj de la Sinjoro Jesuo Kristo.\n"
                },
                "3": {
                    "verse_nr": 3,
                    "verse": "Mi dankas mian Dion cxe cxiu rememoro pri vi,\n"
                },
                "4": {
                    "verse_nr": 4,
                    "verse": "cxiam en cxiu mia pregxo por vi cxiuj farante la peton kun gxojo,\n"
                },
                "5": {
                    "verse_nr": 5,
                    "verse": "pro via partopreno en la evangelio de post la unua tago gxis nun;\n"
                },
                "6": {
                    "verse_nr": 6,
                    "verse": "pri tio mem fidante, ke Tiu, kiu komencis bonan faron cxe vi, gxin perfektigados gxis la tago de Jesuo Kristo;\n"
                },
                "7": {
                    "verse_nr": 7,
                    "verse": "kaj ja decas, ke mi tion sentu pri vi cxiuj, cxar vi havas min en via koro, kaj vi cxiuj estas kun mi partoprenantoj en la graco, kiel en miaj katenoj, tiel ankaux en la defendo kaj fortigado de la evangelio.\n"
                },
                "8": {
                    "verse_nr": 8,
                    "verse": "CXar Dio estas mia atestanto, kiel fervore mi sopiras al vi cxiuj laux la koramo de Kristo Jesuo.\n"
                },
                "9": {
                    "verse_nr": 9,
                    "verse": "Kaj mi pregxas, ke via amo abundu ankoraux plie kaj plie, en scio kaj cxia sagxo,\n"
                },
                "10": {
                    "verse_nr": 10,
                    "verse": "por ke vi aprobu la plej bonajn aferojn kaj estu sinceraj kaj senofendaj gxis la tago de Kristo,\n"
                },
                "11": {
                    "verse_nr": 11,
                    "verse": "plenigite de la fruktoj de justeco, kiuj estas per Jesuo Kristo, al la gloro kaj lauxdo de Dio.\n"
                },
                "12": {
                    "verse_nr": 12,
                    "verse": "Sed, fratoj, mi volas certigi vin, ke miaj aferoj plie efektivigxis por la progresado de la evangelio,\n"
                },
                "13": {
                    "verse_nr": 13,
                    "verse": "tiel, ke miaj katenoj estas evidentigitaj en Kristo tra la tuta Pretorio kaj cxie aliloke;\n"
                },
                "14": {
                    "verse_nr": 14,
                    "verse": "kaj la plimulto el la fratoj en la Sinjoro, pro miaj katenoj farigxinte sentimaj, supermezure kuragxas persiste elparoladi la vorton de Dio.\n"
                },
                "15": {
                    "verse_nr": 15,
                    "verse": "Unuj ja proklamas Kriston ecx envie kaj malpace, sed aliaj bonvole;\n"
                },
                "16": {
                    "verse_nr": 16,
                    "verse": "cxi tiuj kun amo, sciante, ke mi estas metita, por defendi la evangelion;\n"
                },
                "17": {
                    "verse_nr": 17,
                    "verse": "sed tiuj kun partieco predikas Kriston, ne sincere, supozante, ke ili aldonos doloron al miaj katenoj.\n"
                },
                "18": {
                    "verse_nr": 18,
                    "verse": "Kio do? nur tio, ke cxiamaniere, cxu pretekste aux vere, oni predikas Kriston:kaj pro tio mi gxojas kaj ankoraux plu gxojos.\n"
                },
                "19": {
                    "verse_nr": 19,
                    "verse": "CXar mi scias, ke cxi tio efikos al mia savo, per viaj pregxoj kaj la provizado de la Spirito de Jesuo Kristo,\n"
                },
                "20": {
                    "verse_nr": 20,
                    "verse": "laux mia fervora atendado kaj espero, ke mi pri nenio hontigxos, sed ke per cxia liberparolo, kiel cxiam, tiel ankaux nun, Kristo estos glorata en mia korpo, cxu per vivo aux per morto.\n"
                },
                "21": {
                    "verse_nr": 21,
                    "verse": "CXar cxe mi la vivado estas Kristo, kaj morti estas gajno.\n"
                },
                "22": {
                    "verse_nr": 22,
                    "verse": "Sed se mi vivados korpe, tio signifas pluan frukton de laboro; kaj mi ne scias, kion elekti.\n"
                },
                "23": {
                    "verse_nr": 23,
                    "verse": "CXar ambauxflanke mi estas embarasata, havante deziron foriri kaj esti kun Kristo, kio estas multe pli bona;\n"
                },
                "24": {
                    "verse_nr": 24,
                    "verse": "tamen mia restado en la karno estas pli bezona por vi.\n"
                },
                "25": {
                    "verse_nr": 25,
                    "verse": "Kaj tiel fidante, mi scias, ke mi restos kaj apudrestados kun vi cxiuj,  por via progreso kaj gxojo de fido;\n"
                },
                "26": {
                    "verse_nr": 26,
                    "verse": "por ke mi pli abunde en Kristo Jesuo gratulu min pri vi, per mia denova cxeestado kun vi.\n"
                },
                "27": {
                    "verse_nr": 27,
                    "verse": "Sed via vivmaniero nur estu inda je la evangelio de Kristo, por ke, cxu mi alvenos kaj vin vidos, aux forestos, mi auxdu pri viaj aferoj, ke vi fortike staras unuspirite, kunbatalantaj unuanime por la fido de la evangelio,\n"
                },
                "28": {
                    "verse_nr": 28,
                    "verse": "kaj neniel timigitaj de la kontrauxuloj:kio estas al ili certa signo de pereo, sed al vi certa signo (nepre de Dio) pri via savigxo;\n"
                },
                "29": {
                    "verse_nr": 29,
                    "verse": "cxar estas al vi permesite pro Kristo, ne sole kredi al li, sed ankaux suferi pro li;\n"
                },
                "30": {
                    "verse_nr": 30,
                    "verse": "havantaj la saman bataladon, kiun vi vidis cxe mi, kaj pri kiu vi nun auxdas, ke cxe mi gxi ankoraux ekzistas.\n"
                }
            }
        },
        "2": {
            "chapter_nr": 2,
            "chapter": {
                "1": {
                    "verse_nr": 1,
                    "verse": "Se do en Kristo ekzistas ia konsolo, ia simpatio de amo, ia kunuleco de la Spirito, ia korfavoro kaj kompato,\n"
                },
                "2": {
                    "verse_nr": 2,
                    "verse": "plenigu mian gxojon, ke vi tiel same sentu, havante la saman amon,  estante unuanimaj, sampensaj,\n"
                },
                "3": {
                    "verse_nr": 3,
                    "verse": "nenion farante malpace aux arogante, sed kun humileco rigardante unu la alian kiel pli indan, ol li mem;\n"
                },
                "4": {
                    "verse_nr": 4,
                    "verse": "ne atentu cxiu siajn proprajn aferojn, sed cxiu ankaux la aferojn de aliaj.\n"
                },
                "5": {
                    "verse_nr": 5,
                    "verse": "Tiu sama spirito estu en vi, kiu estis ankaux en Kristo Jesuo,\n"
                },
                "6": {
                    "verse_nr": 6,
                    "verse": "kiu, estante en la formo de Dio, ne rigardis kiel sxatindajxon la egalecon kun Dio\n"
                },
                "7": {
                    "verse_nr": 7,
                    "verse": "sed sin malplenigis, alprenante la formon de sklavo, farigxante laux la bildo de homoj;\n"
                },
                "8": {
                    "verse_nr": 8,
                    "verse": "kaj trovigxinte lauxfigure kiel homo, li sin humiligis kaj farigxis obeema gxis morto, ecx gxis la morto per kruco.\n"
                },
                "9": {
                    "verse_nr": 9,
                    "verse": "Pro tio do Dio tre alte superigis lin, kaj donis al li nomon, kiu estas super cxia nomo,\n"
                },
                "10": {
                    "verse_nr": 10,
                    "verse": "por ke en la nomo de Jesuo klinigxu cxiu genuo, de encxieluloj kaj surteruloj kaj subteruloj,\n"
                },
                "11": {
                    "verse_nr": 11,
                    "verse": "kaj cxiu lango konfesu, ke Jesuo Kristo estas Sinjoro, al la gloro de Dio, la Patro.\n"
                },
                "12": {
                    "verse_nr": 12,
                    "verse": "Tial, miaj amatoj, kiel vi cxiam obeis, ne nur dum mia cxeestado cxe vi,  sed nun ecx pli multe dum mia forestado, ellaboru kun timo kaj tremo vian propran savon;\n"
                },
                "13": {
                    "verse_nr": 13,
                    "verse": "cxar Dio estas Tiu, kiu elfaras en vi la volon kaj la energion laux Sia bonvolo.\n"
                },
                "14": {
                    "verse_nr": 14,
                    "verse": "CXion faru sen murmuroj kaj disputoj,\n"
                },
                "15": {
                    "verse_nr": 15,
                    "verse": "por ke vi estu senkulpaj kaj simplaj, filoj de Dio, neriprocxindaj, meze de perversa kaj malhonesta generacio, inter kiuj vi brilas kiel lumiloj en la mondo,\n"
                },
                "16": {
                    "verse_nr": 16,
                    "verse": "forte tenante la vorton de la vivo; por ke estu por mi io, pri kio mi povos min gratuli en la tago de Kristo, ke mi ne vane kuris kaj laboris.\n"
                },
                "17": {
                    "verse_nr": 17,
                    "verse": "Cetere, ecx se mi estas elversxata sur la oferon kaj servon de via fido,  mi gxojas kaj kungxojas kun vi cxiuj;\n"
                },
                "18": {
                    "verse_nr": 18,
                    "verse": "kaj tiel same vi ankaux gxoju kaj kungxoju kun mi.\n"
                },
                "19": {
                    "verse_nr": 19,
                    "verse": "Sed mi esperas en la Sinjoro Jesuo baldaux sendi al vi Timoteon, por ke mi ankaux refresxigxu, kiam mi certigxos pri via stato.\n"
                },
                "20": {
                    "verse_nr": 20,
                    "verse": "CXar mi havas neniun samsentan, kiu sincere zorgos pri via stato.\n"
                },
                "21": {
                    "verse_nr": 21,
                    "verse": "CXar cxiu celas siajn aferojn, ne la aferojn de Jesuo Kristo.\n"
                },
                "22": {
                    "verse_nr": 22,
                    "verse": "Sed vi ja konas lian provadon, ke kiel filo servas al sia patro, tiel li servis kun mi por la evangelio.\n"
                },
                "23": {
                    "verse_nr": 23,
                    "verse": "Lin do mi esperas tuj sendi, kiam mi certigxos, kio al mi okazos,\n"
                },
                "24": {
                    "verse_nr": 24,
                    "verse": "sed mi fidas al la Sinjoro, ke mi mem ankaux venos baldaux.\n"
                },
                "25": {
                    "verse_nr": 25,
                    "verse": "Tamen sxajnis al mi necese sendi al vi Epafroditon, mian fraton kaj kunlaboranton kaj kunbatalanton, vian senditon kaj helpanton por mia bezono;\n"
                },
                "26": {
                    "verse_nr": 26,
                    "verse": "cxar li sopiris al vi cxiuj, kaj forte maltrankviligxis pro tio, ke vi jam sciigxis pri lia malsano;\n"
                },
                "27": {
                    "verse_nr": 27,
                    "verse": "cxar efektive li malsanis, preskaux gxis morto; sed Dio kompatis lin,  kaj ne sole lin, sed ankaux min, por ke mi ne havu malgxojon super malgxojo.\n"
                },
                "28": {
                    "verse_nr": 28,
                    "verse": "Mi do sendis lin des pli diligente, por ke, revidante lin, vi gxoju, kaj ke mi estu sen malgxojo.\n"
                },
                "29": {
                    "verse_nr": 29,
                    "verse": "Akceptu lin do en la Sinjoro kun plena gxojo, kaj tiajn homojn honoru;\n"
                },
                "30": {
                    "verse_nr": 30,
                    "verse": "cxar pro la laboro por Kristo li alproksimigxis al morto, riskante sian vivon, por kompletigi tion, kio mankis cxe via servado al mi.\n"
                }
            }
        },
        "3": {
            "chapter_nr": 3,
            "chapter": {
                "1": {
                    "verse_nr": 1,
                    "verse": "Fine, fratoj, gxoju en la Sinjoro. Tute ne gxenas min al vi skribi ripete, kaj por vi tio estas sendangxeriga.\n"
                },
                "2": {
                    "verse_nr": 2,
                    "verse": "Gardu vin kontraux la hundoj, gardu vin kontraux la malbonaguloj, gardu vin kontraux la karntrancxuloj;\n"
                },
                "3": {
                    "verse_nr": 3,
                    "verse": "cxar ni estas la cirkumciduloj, kiuj per la Spirito de Dio adoras, kaj nin gratulas pri Kristo Jesuo, kaj ne havas fidon al la karno;\n"
                },
                "4": {
                    "verse_nr": 4,
                    "verse": "kvankam mi mem povas havi fidon al la karno; se iu alia pretendas fidi la karnon, mi ja pli efektive;\n"
                },
                "5": {
                    "verse_nr": 5,
                    "verse": "cirkumcidita la okan tagon, el la raso Izraela, el la tribo de Benjamen,  Hebreo el Hebreoj; rilate la legxon, Fariseo;\n"
                },
                "6": {
                    "verse_nr": 6,
                    "verse": "rilate fervoron, persekutanto de la eklezio; rilate la justecon, kiu farigxas per la legxo, senkulpa.\n"
                },
                "7": {
                    "verse_nr": 7,
                    "verse": "Sed kio estis al mi gajno, tion mi rigardis kiel malgajnon pro Kristo.\n"
                },
                "8": {
                    "verse_nr": 8,
                    "verse": "Kaj efektive mi rigardas cxion kiel malgajnon pro la supereco de la scio de Kristo Jesuo, mia Sinjoro, pro kiu mi suferis malgajnon de cxio, kaj rigardas cxion kiel rubon, por ke mi gajnu Kriston,\n"
                },
                "9": {
                    "verse_nr": 9,
                    "verse": "kaj estu trovata en li, ne havante mian justecon, kiu devenas de la legxo, sed la justecon, kiu estas per la fido al Kristo, la justecon, kiu devenas de Dio sur fidon;\n"
                },
                "10": {
                    "verse_nr": 10,
                    "verse": "por ke mi sciu lin kaj la potencon de lia relevigxo kaj la kunulecon en liaj suferoj, konformigxinte al lia morto,\n"
                },
                "11": {
                    "verse_nr": 11,
                    "verse": "se mi povos iel atingi la relevigxon el la mortintoj.\n"
                },
                "12": {
                    "verse_nr": 12,
                    "verse": "Ne kvazaux mi jam trafis, aux jam perfektigxis; sed mi min pelas antauxen, se mi nur povos ekteni tion, pro kio mi estas tenata de Kristo Jesuo.\n"
                },
                "13": {
                    "verse_nr": 13,
                    "verse": "Miaj fratoj, mi ne rigardas min kiel jam ektenantan; sed nur jene:forgesante tion, kio estas malantauxe, kaj strebante al tio, kio estas antauxe,\n"
                },
                "14": {
                    "verse_nr": 14,
                    "verse": "mi min pelas al la celo, por akiri la premion de la supera voko de Dio en Kristo Jesuo.\n"
                },
                "15": {
                    "verse_nr": 15,
                    "verse": "CXiuj el ni do, kiuj estas perfektaj, tiel pensu; kaj se pri io vi pensas alie, tion ankaux Dio malkasxos al vi;\n"
                },
                "16": {
                    "verse_nr": 16,
                    "verse": "sed cxiaokaze, laux tio, kiom ni jam atingis, ni iradu.\n"
                },
                "17": {
                    "verse_nr": 17,
                    "verse": "Fratoj, estu kunimitantoj de mi; kaj observu tiujn, kiuj tiel iradas,  kiel vi havas nin kiel ekzemplon.\n"
                },
                "18": {
                    "verse_nr": 18,
                    "verse": "CXar iradas multaj, pri kiuj mi ofte diris al vi, kaj nun ecx plorante diras, ke ili estas malamikoj de la kruco de Kristo;\n"
                },
                "19": {
                    "verse_nr": 19,
                    "verse": "ilia fino estas pereo, ilia dio estas la ventro, kaj ilia gloro estas en ilia honto, ili atentas surterajxojn.\n"
                },
                "20": {
                    "verse_nr": 20,
                    "verse": "CXar nia burgxrajto estas en la cxielo, de kie ankaux ni atendas Savonton, la Sinjoron Jesuo Kristo,\n"
                },
                "21": {
                    "verse_nr": 21,
                    "verse": "kiu denove elformos la korpon de nia humiligxo, por ke gxi konformigxu al la korpo de lia gloro, laux la energio, per kiu li ecx povas cxion al si submeti.\n"
                }
            }
        },
        "4": {
            "chapter_nr": 4,
            "chapter": {
                "1": {
                    "verse_nr": 1,
                    "verse": "Tial, miaj fratoj amataj kaj alsopirataj, mia gxojo kaj mia krono, tiel staru fortike en la Sinjoro, miaj amataj.\n"
                },
                "2": {
                    "verse_nr": 2,
                    "verse": "Mi admonas Euxodian, kaj mi admonas Sintihxen, ke ili estu unuanimaj en la Sinjoro.\n"
                },
                "3": {
                    "verse_nr": 3,
                    "verse": "Kaj mi petegas vin ankaux, sincera kunjugulo, helpu tiujn virinojn, cxar ili kunlaboris kun mi en la evangelio, kune kun Klemento kaj miaj ceteraj kunlaborantoj, kies nomoj estas en la libro de vivo.\n"
                },
                "4": {
                    "verse_nr": 4,
                    "verse": "GXoju en la Sinjoro cxiam; denove mi diros:GXoju.\n"
                },
                "5": {
                    "verse_nr": 5,
                    "verse": "Via mildeco estu konata al cxiuj. La Sinjoro estas proksima.\n"
                },
                "6": {
                    "verse_nr": 6,
                    "verse": "Pri nenio trozorgu; sed pri cxio, per pregxo kaj peto kun dankesprimo,  viaj deziroj sciigxu al Dio.\n"
                },
                "7": {
                    "verse_nr": 7,
                    "verse": "Kaj la paco de Dio, kiu superas cxian intelekton, gardos viajn korojn kaj pensojn en Kristo Jesuo.\n"
                },
                "8": {
                    "verse_nr": 8,
                    "verse": "Fine, fratoj, kio ajn estas vera, kio ajn honesta, kio ajn justa, kio ajn cxasta, kio ajn sxatinda, kio ajn bonfama; se estas ia virto, se estas ia lauxdo, tion pripensu.\n"
                },
                "9": {
                    "verse_nr": 9,
                    "verse": "Kion vi lernis kaj ricevis kaj auxdis kaj vidis en mi, tion faru; kaj la Dio de paco estos kun vi.\n"
                },
                "10": {
                    "verse_nr": 10,
                    "verse": "Sed mi forte gxojas en la Sinjoro, ke vi jam nun revivigis vian zorgon pri mi; vi ja estis zorgemaj, sed mankis al vi oportuna tempo.\n"
                },
                "11": {
                    "verse_nr": 11,
                    "verse": "Tamen mi ne parolas rilate bezonon; cxar mi lernis, en kia ajn stato mi estas, en tio esti kontenta.\n"
                },
                "12": {
                    "verse_nr": 12,
                    "verse": "Mi scias humiligxi, kaj mi scias ankaux esti en abundeco; cxie kaj cxiel mi lernis la sekreton plenigxi kaj malsati, havi abundon kaj havi mankon.\n"
                },
                "13": {
                    "verse_nr": 13,
                    "verse": "Mi cxion povas fari en tiu, kiu min fortikigas.\n"
                },
                "14": {
                    "verse_nr": 14,
                    "verse": "Tamen vi bone agis, partoprenante kun mi en mia suferado.\n"
                },
                "15": {
                    "verse_nr": 15,
                    "verse": "Kaj vi mem, Filipianoj, ankaux scias, ke en la komenco de la evangelio,  kiam mi foriris el Makedonujo, neniu eklezio komunikigxis kun mi rilate donadon kaj ricevadon, krom vi solaj;\n"
                },
                "16": {
                    "verse_nr": 16,
                    "verse": "cxar ecx en Tesaloniko vi pli ol unufoje sendis ion por mia bezono.\n"
                },
                "17": {
                    "verse_nr": 17,
                    "verse": "Mi ne deziras la donacon; sed mi deziras la frukton, kiu plimultigxos por via profito.\n"
                },
                "18": {
                    "verse_nr": 18,
                    "verse": "Sed mi havas cxion, kaj estas en abundeco; mi jam plenigxis, ricevinte per Epafrodito vian senditajxon, agrablan odorajxon, oferon akceptindan, kiu placxas al Dio.\n"
                },
                "19": {
                    "verse_nr": 19,
                    "verse": "Kaj mia Dio satigos cxian vian bezonon, laux Sia ricxo en gloro en Kristo Jesuo.\n"
                },
                "20": {
                    "verse_nr": 20,
                    "verse": "Nun al nia Dio kaj Patro estu gloro por cxiam kaj eterne. Amen.\n"
                },
                "21": {
                    "verse_nr": 21,
                    "verse": "Salutu cxiun sanktulon en Kristo Jesuo. La fratoj, kiuj estas kun mi,  vin salutas.\n"
                },
                "22": {
                    "verse_nr": 22,
                    "verse": "CXiuj sanktuloj vin salutas, precipe tiuj, kiuj estas el la domanaro de Cezaro.\n"
                },
                "23": {
                    "verse_nr": 23,
                    "verse": "La graco de la Sinjoro Jesuo Kristo estu kun via spirito.\n"
                }
            }
        }
    }
}