{
    "version": "GUJ",
    "book_name": "Galatians",
    "book_nr": "48",
    "book": {
        "1": {
            "chapter_nr": "1",
            "chapter": {
                "1": {
                    "verse_nr": "1",
                    "verse": "\u0ab9\u0ac1\u0a82 \u0aaa\u0abe\u0a89\u0ab2 \u0aaa\u0acd\u0ab0\u0ac7\u0ab0\u0abf\u0aa4, \u0a95\u0acb\u0a88 \u0aae\u0abe\u0aa3\u0ab8\u0acb \u0a95\u0ac7 \u0aae\u0abe\u0aa3\u0ab8\u0acb \u0aa6\u0acd\u0ab5\u0abe\u0ab0\u0abe \u0aa8\u0ab9\u0abf, \u0aaa\u0aa3 \u0a88\u0ab8\u0ac1 \u0a96\u0acd\u0ab0\u0abf\u0ab8\u0acd\u0aa4 \u0a85\u0aa8\u0ac7 \u0aa4\u0ac7\u0aae\u0aa8\u0ac7 \u0aae\u0ac3\u0aa4\u0acd\u0aaf\u0ac1\u0aae\u0abe\u0a82\u0aa5\u0ac0 \u0ab8\u0a9c\u0ac0\u0ab5\u0aa8 \u0a95\u0ab0\u0aa8\u0abe\u0ab0 \u0a88\u0ab6\u0acd\u0ab5\u0ab0 \u0aa6\u0acd\u0ab5\u0abe\u0ab0\u0abe \u0aaa\u0acd\u0ab0\u0ac7\u0ab0\u0abf\u0aa4 \u0aa5\u0ab5\u0abe \u0aae\u0abe\u0a9f\u0ac7 \u0aa4\u0ac7\u0aa1\u0abe\u0aaf\u0ac7\u0ab2\u0acb \u0a9b\u0ac1\u0a82."
                },
                "2": {
                    "verse_nr": "2",
                    "verse": "\u0ab9\u0ac1\u0a82 \u0aaa\u0acb\u0aa4\u0ac7 \u0aa4\u0aa5\u0abe \u0a85\u0ab9\u0ac0\u0a82\u0aa8\u0abe \u0aa4\u0aae\u0abe\u0aae \u0aad\u0abe\u0a88\u0a93 \u0a97\u0ab2\u0abe\u0aa4\u0ac0\u0a93\u0aa8\u0ac0 \u0aa4\u0aae\u0abe\u0aae \u0aae\u0a82\u0aa1\u0ab3\u0ac0\u0a93\u0aa8\u0ac7 (\u0ab5\u0abf\u0ab6\u0acd\u0ab5\u0abe\u0ab8\u0ac0 \u0ab8\u0aae\u0ac1\u0aa6\u0abe\u0aaf\u0acb\u0aa8\u0ac7) \u0ab6\u0ac1\u0aad\u0ac7\u0a9a\u0acd\u0a9b\u0abe \u0aaa\u0abe\u0aa0\u0ab5\u0aa4\u0abe \u0a86 \u0aaa\u0aa4\u0acd\u0ab0 \u0ab2\u0a96\u0ac0\u0a8f \u0a9b\u0ac0\u0a8f."
                },
                "3": {
                    "verse_nr": "3",
                    "verse": "\u0a88\u0ab6\u0acd\u0ab5\u0ab0\u0aaa\u0abf\u0aa4\u0abe \u0aa4\u0aa5\u0abe \u0a86\u0aaa\u0aa3\u0abe \u0aaa\u0acd\u0ab0\u0aad\u0ac1 \u0a88\u0ab8\u0ac1 \u0a96\u0acd\u0ab0\u0abf\u0ab8\u0acd\u0aa4 \u0aa4\u0ab0\u0aab\u0aa5\u0ac0 \u0aa4\u0aae\u0aa8\u0ac7 \u0a95\u0ac3\u0aaa\u0abe \u0aa4\u0aa5\u0abe \u0ab6\u0abe\u0a82\u0aa4\u0abf \u0ab9\u0acb,"
                },
                "4": {
                    "verse_nr": "4",
                    "verse": "\u0a9c\u0ac7\u0aae\u0aa3\u0ac7 \u0a86\u0aaa\u0aa3\u0abe\u0a82 \u0aaa\u0abe\u0aaa\u0acb\u0aa8\u0ac7 \u0ab8\u0abe\u0ab0\u0ac1 \u0aaa\u0acb\u0aa4\u0abe\u0aa8\u0ac1\u0a82 \u0a85\u0ab0\u0acd\u0aaa\u0aa3 \u0a95\u0ab0\u0acd\u0aaf\u0ac1\u0a82, \u0a95\u0ac7 \u0a9c\u0ac7\u0aa5\u0ac0 \u0a86\u0aaa\u0aa3\u0abe \u0a88\u0ab6\u0acd\u0ab5\u0ab0 \u0a85\u0aa8\u0ac7 \u0aaa\u0abf\u0aa4\u0abe\u0aa8\u0ac0 \u0a87\u0a9a\u0acd\u0a9b\u0abe \u0aaa\u0acd\u0ab0\u0aae\u0abe\u0aa3\u0ac7, \u0a86 \u0ab5\u0ab0\u0acd\u0aa4\u0aae\u0abe\u0aa8 \u0aa6\u0ac1\u0ab7\u0acd\u0a9f \u0a9c\u0a97\u0aa4\u0aa5\u0ac0 \u0aa4\u0ac7\u0a93 \u0a86\u0aaa\u0aa3\u0aa8\u0ac7 \u0a9b\u0acb\u0aa1\u0abe\u0ab5\u0ac7."
                },
                "5": {
                    "verse_nr": "5",
                    "verse": "\u0a88\u0ab6\u0acd\u0ab5\u0ab0 \u0aaa\u0abf\u0aa4\u0abe\u0aa8\u0ac7 \u0ab8\u0aa6\u0abe\u0ab8\u0ab0\u0acd\u0ab5\u0a95\u0abe\u0ab3 \u0aae\u0ab9\u0abf\u0aae\u0abe \u0ab9\u0acb. \u0a86\u0aae\u0ac0\u0aa8."
                },
                "6": {
                    "verse_nr": "6",
                    "verse": "\u0aae\u0aa8\u0ac7 \u0a8f \u0ab5\u0abe\u0aa4\u0aa8\u0ac1\u0a82 \u0a86\u0ab6\u0acd\u0a9a\u0ab0\u0acd\u0aaf \u0aa5\u0abe\u0aaf \u0a9b\u0ac7 \u0a95\u0ac7, \u0a9c\u0ac7\u0aae\u0aa3\u0ac7 \u0aa4\u0aae\u0aa8\u0ac7 \u0a96\u0acd\u0ab0\u0abf\u0ab8\u0acd\u0aa4\u0aa8\u0ac0 \u0a95\u0ac3\u0aaa\u0abe \u0aa6\u0acd\u0ab5\u0abe\u0ab0\u0abe \u0aa4\u0ac7\u0aa1\u0abe\u0ab5\u0acd\u0aaf\u0abe\u0a82, \u0aa4\u0ac7\u0aae\u0aa8\u0ac0 \u0aaa\u0abe\u0ab8\u0ac7\u0aa5\u0ac0 \u0aa4\u0aae\u0ac7 \u0a86\u0a9f\u0ab2\u0abe \u0aac\u0aa7\u0abe \u0ab5\u0ab9\u0ac7\u0ab2\u0abe \u0a9c\u0ac1\u0aa6\u0ac0 \u0ab8\u0ac1\u0ab5\u0abe\u0ab0\u0acd\u0aa4\u0abe \u0aa4\u0ab0\u0aab \u0ab5\u0ab3\u0ac0 \u0a97\u0aaf\u0abe \u0a9b\u0acb."
                },
                "7": {
                    "verse_nr": "7",
                    "verse": "\u0a8f \u0a95\u0acb\u0a88 \u0aac\u0ac0\u0a9c\u0ac0 \u0ab8\u0ac1\u0ab5\u0abe\u0ab0\u0acd\u0aa4\u0abe \u0aa8\u0aa5\u0ac0, \u0aaa\u0aa3 \u0a95\u0ac7\u0a9f\u0ab2\u0abe\u0a95 \u0aa4\u0aae\u0aa8\u0ac7 \u0ab9\u0ac7\u0ab0\u0abe\u0aa8 \u0a95\u0ab0\u0ac7 \u0a9b\u0ac7 \u0a85\u0aa8\u0ac7 \u0a96\u0acd\u0ab0\u0abf\u0ab8\u0acd\u0aa4\u0aa8\u0ac0 \u0ab8\u0ac1\u0ab5\u0abe\u0ab0\u0acd\u0aa4\u0abe \u0a89\u0ab2\u0a9f\u0abe\u0ab5\u0ac0 \u0aa8\u0abe\u0a96\u0ab5\u0abe \u0a9a\u0abe\u0ab9\u0ac7 \u0a9b\u0ac7."
                },
                "8": {
                    "verse_nr": "8",
                    "verse": "\u0aaa\u0aa3 \u0a9c\u0ac7 \u0ab8\u0ac1\u0ab5\u0abe\u0ab0\u0acd\u0aa4\u0abe \u0a85\u0aae\u0ac7 \u0aa4\u0aae\u0aa8\u0ac7 \u0aaa\u0acd\u0ab0\u0a97\u0a9f \u0a95\u0ab0\u0ac0, \u0aa4\u0ac7 \u0ab8\u0abf\u0ab5\u0abe\u0aaf \u0aac\u0ac0\u0a9c\u0ac0 \u0a95\u0acb\u0a88 \u0ab8\u0ac1\u0ab5\u0abe\u0ab0\u0acd\u0aa4\u0abe, \u0a9c\u0acb \u0a85\u0aae\u0ac7 \u0a85\u0aa5\u0ab5\u0abe \u0a95\u0acb\u0a88 \u0ab8\u0acd\u0ab5\u0ab0\u0acd\u0a97\u0aa6\u0ac2\u0aa4 \u0aaa\u0aa3 \u0aa4\u0aae\u0aa8\u0ac7 \u0aaa\u0acd\u0ab0\u0a97\u0a9f \u0a95\u0ab0\u0ac7, \u0aa4\u0acb \u0aa4\u0ac7 \u0ab6\u0abe\u0aaa\u0abf\u0aa4 \u0aa5\u0abe\u0a93."
                },
                "9": {
                    "verse_nr": "9",
                    "verse": "\u0a9c\u0ac7\u0aae \u0a85\u0aae\u0ac7 \u0aaa\u0ab9\u0ac7\u0ab2\u0abe\u0a82 \u0a95\u0ab9\u0acd\u0aaf\u0ac1\u0a82 \u0ab9\u0aa4\u0ac1\u0a82, \u0aa4\u0ac7\u0aae \u0ab9\u0aae\u0aa3\u0abe\u0a82 \u0ab9\u0ac1\u0a82 \u0aab\u0ab0\u0ac0\u0aa5\u0ac0 \u0a95\u0ab9\u0ac1\u0a82 \u0a9b\u0ac1\u0a82, \u0a95\u0ac7 \u0a9c\u0ac7 \u0ab8\u0ac1\u0ab5\u0abe\u0ab0\u0acd\u0aa4\u0abe \u0aa4\u0aae\u0ac7 \u0aaa\u0acd\u0ab0\u0abe\u0aaa\u0acd\u0aa4 \u0a95\u0ab0\u0ac0, \u0aa4\u0ac7 \u0ab8\u0abf\u0ab5\u0abe\u0aaf \u0aac\u0ac0\u0a9c\u0ac0 \u0ab8\u0ac1\u0ab5\u0abe\u0ab0\u0acd\u0aa4\u0abe \u0a9c\u0acb \u0a95\u0acb\u0a88 \u0aa4\u0aae\u0aa8\u0ac7 \u0aaa\u0acd\u0ab0\u0a97\u0a9f \u0a95\u0ab0\u0ac7, \u0aa4\u0acb \u0aa4\u0ac7 \u0ab6\u0abe\u0aaa\u0abf\u0aa4 \u0aa5\u0abe\u0a93."
                },
                "10": {
                    "verse_nr": "10",
                    "verse": "\u0aa4\u0acb \u0ab6\u0ac1\u0a82 \u0ab9\u0ac1\u0a82 \u0a85\u0aa4\u0acd\u0aaf\u0abe\u0ab0\u0ac7 \u0aae\u0abe\u0aa3\u0ab8\u0acb\u0aa8\u0ac0 \u0a95\u0ac3\u0aaa\u0abe \u0a87\u0a9a\u0acd\u0a9b\u0ac1\u0a82 \u0a9b\u0ac1\u0a82 \u0a95\u0ac7 \u0a88\u0ab6\u0acd\u0ab5\u0ab0\u0aa8\u0ac0? \u0a85\u0aa5\u0ab5\u0abe \u0ab6\u0ac1\u0a82 \u0ab9\u0ac1\u0a82 \u0aae\u0abe\u0aa3\u0ab8\u0acb\u0aa8\u0ac7 \u0a96\u0ac1\u0ab6 \u0a95\u0ab0\u0ab5\u0abe \u0a9a\u0abe\u0ab9\u0ac1\u0a82 \u0a9b\u0ac1\u0a82? \u0a9c\u0acb \u0ab9\u0a9c\u0ac0 \u0ab8\u0ac1\u0aa7\u0ac0 \u0ab9\u0ac1\u0a82 \u0aae\u0abe\u0aa3\u0ab8\u0acb\u0aa8\u0ac7 \u0a96\u0ac1\u0ab6 \u0ab0\u0abe\u0a96\u0aa4\u0acb \u0ab9\u0acb\u0a89\u0a82, \u0aa4\u0acb \u0ab9\u0ac1\u0a82 \u0a96\u0acd\u0ab0\u0abf\u0ab8\u0acd\u0aa4\u0aa8\u0acb \u0ab8\u0ac7\u0ab5\u0a95 \u0aa8\u0aa5\u0ac0."
                },
                "11": {
                    "verse_nr": "11",
                    "verse": "\u0aaa\u0aa3, \u0aad\u0abe\u0a88\u0a93, \u0ab9\u0ac1\u0a82 \u0aa4\u0aae\u0aa8\u0ac7 \u0a9c\u0aa3\u0abe\u0ab5\u0ac1\u0a82 \u0a9b\u0ac1\u0a82 \u0a95\u0ac7, \u0a9c\u0ac7 \u0ab8\u0ac1\u0ab5\u0abe\u0ab0\u0acd\u0aa4\u0abe \u0aae\u0ac7\u0a82 \u0aaa\u0acd\u0ab0\u0a97\u0a9f \u0a95\u0ab0\u0ac0, \u0aa4\u0ac7 \u0aae\u0abe\u0aa3\u0ab8\u0ac7 \u0a86\u0aaa\u0ac7\u0ab2\u0ac0 \u0aa8\u0aa5\u0ac0."
                },
                "12": {
                    "verse_nr": "12",
                    "verse": "\u0a95\u0ac7\u0aae \u0a95\u0ac7 \u0ab9\u0ac1\u0a82 \u0aae\u0abe\u0aa3\u0ab8\u0aa8\u0ac0 \u0aaa\u0abe\u0ab8\u0ac7\u0aa5\u0ac0 \u0aa4\u0ac7 \u0aaa\u0abe\u0aae\u0acd\u0aaf\u0acb \u0a95\u0ac7 \u0ab6\u0ac0\u0a96\u0acd\u0aaf\u0acb \u0aa8\u0aa5\u0ac0, \u0aaa\u0aa3 \u0a88\u0ab8\u0ac1 \u0a96\u0acd\u0ab0\u0abf\u0ab8\u0acd\u0aa4\u0ac7 \u0aaa\u0acd\u0ab0\u0a97\u0a9f \u0a95\u0ab0\u0acd\u0aaf\u0abe\u0aa5\u0ac0 \u0aaa\u0abe\u0aae\u0acd\u0aaf\u0acb \u0a9b\u0ac1\u0a82."
                },
                "13": {
                    "verse_nr": "13",
                    "verse": "\u0ab9\u0ac1\u0a82 \u0aaf\u0ab9\u0ac2\u0aa6\u0ac0 \u0aa7\u0ab0\u0acd\u0aae \u0aaa\u0abe\u0ab3\u0aa4\u0acb \u0ab9\u0aa4\u0acb, \u0aa4\u0acd\u0aaf\u0abe\u0ab0\u0ac7 \u0aae\u0abe\u0ab0\u0ac1\u0a82 \u0a9c\u0ac7 \u0a9c\u0ac0\u0ab5\u0aa8 \u0ab9\u0aa4\u0ac1\u0a82 \u0aa4\u0ac7 \u0ab5\u0abf\u0ab7\u0ac7 \u0aa4\u0acb \u0aa4\u0aae\u0ac7 \u0ab8\u0abe\u0a82\u0aad\u0ab3\u0acd\u0aaf\u0ac1\u0a82 \u0a9b\u0ac7, \u0a95\u0ac7 \u0ab9\u0ac1\u0a82 \u0a88\u0ab6\u0acd\u0ab5\u0ab0\u0aa8\u0ac0 \u0aae\u0a82\u0aa1\u0ab3\u0ac0\u0aa8\u0ac7 \u0a85\u0aa4\u0abf\u0ab6\u0aaf \u0ab8\u0aa4\u0abe\u0ab5\u0aa4\u0acb \u0a85\u0aa8\u0ac7 \u0aa4\u0ac7\u0aa8\u0ac0 \u0aaa\u0abe\u0aaf\u0aae\u0abe\u0ab2\u0ac0 \u0a95\u0ab0\u0aa4\u0acb \u0ab9\u0aa4\u0acb."
                },
                "14": {
                    "verse_nr": "14",
                    "verse": "\u0a85\u0aa8\u0ac7 \u0aae\u0abe\u0ab0\u0abe \u0aaa\u0abf\u0aa4\u0ac3\u0a93\u0aa8\u0abe \u0aa7\u0ab0\u0acd\u0aae \u0ab5\u0abf\u0ab7\u0ac7 \u0ab9\u0ac1\u0a82 \u0aac\u0ab9\u0ac1 \u0a9d\u0aa8\u0ac2\u0aa8\u0ac0 \u0aac\u0aa8\u0ac0\u0aa8\u0ac7, \u0aae\u0abe\u0ab0\u0abe \u0a9c\u0abe\u0aa4\u0abf \u0aad\u0abe\u0a88\u0a93\u0aae\u0abe\u0a82\u0aa8\u0abe \u0a98\u0aa3\u0abe\u0a82 \u0ab8\u0abe\u0aa5\u0ac0\u0a93 \u0a95\u0ab0\u0aa4\u0abe\u0a82 \u0aaf\u0ab9\u0ac2\u0aa6\u0ac0 \u0ab8\u0a82\u0aaa\u0acd\u0ab0\u0aa6\u0abe\u0aaf\u0aae\u0abe\u0a82 \u0ab5\u0aa7\u0abe\u0ab0\u0ac7 \u0aaa\u0abe\u0ab0\u0a82\u0a97\u0aa4 \u0aa5\u0aaf\u0acb."
                },
                "15": {
                    "verse_nr": "15",
                    "verse": "\u0aaa\u0aa3 \u0a88\u0ab6\u0acd\u0ab5\u0ab0 \u0a9c\u0ac7\u0aae\u0aa3\u0ac7 \u0aae\u0aa8\u0ac7 \u0aae\u0abe\u0ab0\u0abe \u0a9c\u0aa8\u0acd\u0aae\u0aa8\u0abe\u0a82 \u0aa6\u0abf\u0ab5\u0ab8\u0aa5\u0ac0 \u0a9c \u0a85\u0ab2\u0a97 \u0a95\u0ab0\u0acd\u0aaf\u0acb \u0ab9\u0aa4\u0acb \u0aa4\u0aa5\u0abe \u0aaa\u0acb\u0aa4\u0abe\u0aa8\u0ac0 \u0a95\u0ac3\u0aaa\u0abe\u0aae\u0abe\u0a82 \u0aae\u0aa8\u0ac7 \u0aa4\u0ac7\u0aa1\u0abe\u0ab5\u0acd\u0aaf\u0acb \u0ab9\u0aa4\u0acb, \u0aa4\u0ac7\u0aae\u0aa8\u0ac7 \u0a9c\u0aaf\u0abe\u0ab0\u0ac7 \u0a8f \u0aaa\u0ab8\u0a82\u0aa6 \u0aaa\u0aa1\u0acd\u0aaf\u0ac1\u0a82"
                },
                "16": {
                    "verse_nr": "16",
                    "verse": "\u0a95\u0ac7 \u0aa4\u0ac7 \u0aaa\u0acb\u0aa4\u0abe\u0aa8\u0abe \u0aa6\u0ac0\u0a95\u0ab0\u0abe\u0aa8\u0ac7 \u0aae\u0abe\u0ab0\u0abe\u0aae\u0abe\u0a82 \u0aaa\u0acd\u0ab0\u0a97\u0a9f \u0a95\u0ab0\u0ac7, \u0a8f \u0aae\u0abe\u0a9f\u0ac7 \u0a95\u0ac7 \u0ab9\u0ac1\u0a82 \u0aa4\u0ac7\u0aae\u0aa8\u0ac0 \u0ab8\u0ac1\u0ab5\u0abe\u0ab0\u0acd\u0aa4\u0abe \u0aac\u0abf\u0aa8\u0aaf\u0ab9\u0ac2\u0aa6\u0ac0\u0a93\u0aae\u0abe\u0a82 \u0aaa\u0acd\u0ab0\u0a97\u0a9f \u0a95\u0ab0\u0ac1\u0a82, \u0aa4\u0acd\u0aaf\u0abe\u0ab0\u0ac7 \u0aae\u0ac7\u0a82 \u0a95\u0acb\u0a88 \u0a9c \u0aae\u0aa8\u0ac1\u0ab7\u0acd\u0aaf\u0aa8\u0ac0 \u0ab8\u0ab2\u0abe\u0ab9 \u0ab2\u0ac0\u0aa7\u0ac0 \u0aa8\u0ab9\u0abf,"
                },
                "17": {
                    "verse_nr": "17",
                    "verse": "\u0a95\u0ac7 \u0aae\u0abe\u0ab0\u0abe\u0aa5\u0ac0 \u0a85\u0a97\u0abe\u0a89 \u0a9c\u0ac7 \u0aaa\u0acd\u0ab0\u0ac7\u0ab0\u0abf\u0aa4\u0acb \u0ab9\u0aa4\u0abe \u0aa4\u0ac7\u0a93\u0aa8\u0ac0 \u0aaa\u0abe\u0ab8\u0ac7 \u0aaf\u0ab0\u0ac1\u0ab6\u0abe\u0ab2\u0ac7\u0aae \u0a97\u0aaf\u0acb \u0aa8\u0ab9\u0abf \u0aaa\u0aa3 \u0a85\u0ab0\u0aac\u0ab8\u0acd\u0aa4\u0abe\u0aa8\u0aae\u0abe\u0a82 \u0a97\u0aaf\u0acb \u0a85\u0aa8\u0ac7 \u0aab\u0ab0\u0ac0\u0aa5\u0ac0 \u0aa6\u0aae\u0ab8\u0acd\u0a95\u0ab8\u0aae\u0abe\u0a82 \u0aaa\u0abe\u0a9b\u0acb \u0a86\u0ab5\u0acd\u0aaf\u0acb."
                },
                "18": {
                    "verse_nr": "18",
                    "verse": "\u0aa4\u0acd\u0aaf\u0abe\u0ab0 \u0aaa\u0a9b\u0ac0 \u0aa4\u0acd\u0ab0\u0aa3 \u0ab5\u0ab0\u0ab8 \u0aac\u0abe\u0aa6 \u0a95\u0ac7\u0aab\u0abe (\u0aaa\u0abf\u0aa4\u0ab0) \u0aa8\u0ac7 \u0aae\u0ab3\u0ab5\u0abe\u0aa8\u0ac7 \u0ab9\u0ac1\u0a82 \u0aaf\u0ab0\u0ac1\u0ab6\u0abe\u0ab2\u0ac7\u0aae \u0a97\u0aaf\u0acb, \u0a85\u0aa8\u0ac7 \u0aa4\u0ac7\u0aa8\u0ac0 \u0ab8\u0abe\u0aa5\u0ac7 \u0aaa\u0a82\u0aa6\u0ab0 \u0aa6\u0abf\u0ab5\u0ab8 \u0ab0\u0ab9\u0acd\u0aaf\u0acb;"
                },
                "19": {
                    "verse_nr": "19",
                    "verse": "\u0aaa\u0aa3 \u0aaa\u0acd\u0ab0\u0ac7\u0ab0\u0abf\u0aa4\u0acb\u0aae\u0abe\u0a82\u0aa8\u0abe \u0aac\u0ac0\u0a9c\u0abe \u0a95\u0acb\u0a88\u0aa8\u0ac7 \u0ab9\u0ac1\u0a82 \u0aae\u0ab3\u0acd\u0aaf\u0acb \u0aa8\u0ab9\u0abf, \u0a95\u0ac7\u0ab5\u0ab3 \u0aaa\u0acd\u0ab0\u0aad\u0ac1\u0aa8\u0abe \u0aad\u0abe\u0a88 \u0aaf\u0abe\u0a95\u0ac2\u0aac\u0aa8\u0ac7 \u0aae\u0ab3\u0acd\u0aaf\u0acb."
                },
                "20": {
                    "verse_nr": "20",
                    "verse": "\u0a9c\u0ac1\u0a93, \u0ab9\u0ac1\u0a82 \u0aa4\u0aae\u0aa8\u0ac7 \u0a9c\u0ac7 \u0ab2\u0a96\u0ac1\u0a82 \u0a9b\u0ac1\u0a82, \u0aa4\u0ac7 \u0a88\u0ab6\u0acd\u0ab5\u0ab0\u0aa8\u0ac0 \u0ab8\u0aae\u0a95\u0acd\u0ab7 \u0a95\u0ab9\u0ac1\u0a82 \u0a9b\u0ac1\u0a82; \u0ab9\u0ac1\u0a82 \u0a9c\u0ac2\u0aa0\u0ac1\u0a82 \u0a95\u0ab9\u0ac7\u0aa4\u0acb \u0aa8\u0aa5\u0ac0."
                },
                "21": {
                    "verse_nr": "21",
                    "verse": "\u0aaa\u0a9b\u0ac0 \u0ab9\u0ac1\u0a82 \u0ab8\u0abf\u0ab0\u0abf\u0aaf\u0abe \u0aa4\u0aa5\u0abe \u0a95\u0abf\u0ab2\u0ac0\u0a95\u0abf\u0aaf\u0abe\u0aa8\u0abe \u0aaa\u0acd\u0ab0\u0abe\u0a82\u0aa4\u0acb\u0aae\u0abe\u0a82 \u0a86\u0ab5\u0acd\u0aaf\u0acb."
                },
                "22": {
                    "verse_nr": "22",
                    "verse": "\u0a85\u0aa8\u0ac7 \u0a96\u0acd\u0ab0\u0abf\u0ab8\u0acd\u0aa4\u0aae\u0abe\u0a82\u0aa8\u0abe \u0aaf\u0ab9\u0ac2\u0aa6\u0abf\u0aaf\u0abe \u0aaa\u0acd\u0ab0\u0abe\u0a82\u0aa4\u0aa8\u0ac0 \u0aae\u0a82\u0aa1\u0ab3\u0ac0\u0a93\u0aa8\u0ac7 \u0aae\u0abe\u0ab0\u0ac0 \u0a93\u0ab3\u0a96 \u0aa5\u0a88 \u0aa8\u0ab9\u0acb\u0aa4\u0ac0."
                },
                "23": {
                    "verse_nr": "23",
                    "verse": "\u0aa4\u0ac7\u0a93\u0a8f \u0a8f\u0a9f\u0ab2\u0ac1\u0a82 \u0a9c \u0ab8\u0abe\u0a82\u0aad\u0ab3\u0acd\u0aaf\u0ac1\u0a82 \u0ab9\u0aa4\u0ac1\u0a82 \u0a95\u0ac7, \u0a85\u0a97\u0abe\u0a89 \u0a9c\u0ac7 \u0a85\u0aae\u0aa8\u0ac7 \u0ab8\u0aa4\u0abe\u0ab5\u0aa4\u0acb \u0ab9\u0aa4\u0acb \u0a85\u0aa8\u0ac7 \u0a9c\u0ac7 \u0ab5\u0abf\u0ab6\u0acd\u0ab5\u0abe\u0ab8\u0aa8\u0acb \u0aa4\u0ac7 \u0aa8\u0abe\u0ab6 \u0a95\u0ab0\u0aa4\u0acb \u0ab9\u0aa4\u0acb, \u0aa4\u0ac7 \u0ab9\u0aae\u0aa3\u0abe\u0a82 \u0a8f \u0a9c \u0ab5\u0abf\u0ab6\u0acd\u0ab5\u0abe\u0ab8\u0aa8\u0ac7 \u0aaa\u0acd\u0ab0\u0a97\u0a9f \u0a95\u0ab0\u0ac7 \u0a9b\u0ac7."
                },
                "24": {
                    "verse_nr": "24",
                    "verse": "\u0aae\u0abe\u0ab0\u0ac7 \u0ab2\u0ac0\u0aa7\u0ac7 \u0aa4\u0ac7\u0a93\u0a8f \u0a88\u0ab6\u0acd\u0ab5\u0ab0\u0aa8\u0ac7 \u0aae\u0ab9\u0abf\u0aae\u0abe \u0a86\u0aaa\u0acd\u0aaf\u0acb."
                }
            }
        },
        "2": {
            "chapter_nr": "2",
            "chapter": {
                "1": {
                    "verse_nr": "1",
                    "verse": "\u0a9a\u0acc\u0aa6 \u0ab5\u0ab0\u0acd\u0ab7 \u0aaa\u0a9b\u0ac0 \u0ab9\u0ac1\u0a82 \u0aac\u0abe\u0ab0\u0acd\u0aa8\u0abe\u0aac\u0abe\u0ab8\u0aa8\u0ac0 \u0ab8\u0abe\u0aa5\u0ac7 \u0aab\u0ab0\u0ac0 \u0aaa\u0abe\u0a9b\u0acb \u0aaf\u0ab0\u0ac1\u0ab6\u0abe\u0ab2\u0ac7\u0aae \u0a97\u0aaf\u0acb \u0a85\u0aa8\u0ac7 \u0aa4\u0abf\u0aa4\u0ab8\u0aa8\u0ac7 \u0aaa\u0aa3 \u0ab8\u0abe\u0aa5\u0ac7 \u0ab2\u0a88 \u0a97\u0aaf\u0acb."
                },
                "2": {
                    "verse_nr": "2",
                    "verse": "\u0aaa\u0acd\u0ab0\u0a95\u0a9f\u0ac0\u0a95\u0ab0\u0aa3 \u0aa6\u0acd\u0ab5\u0abe\u0ab0\u0abe \u0aae\u0ab3\u0ac7\u0ab2\u0ac0 \u0a88\u0ab6\u0acd\u0ab5\u0ab0\u0aa8\u0ac0 \u0a86\u0a9c\u0acd\u0a9e\u0abe\u0aa5\u0ac0 \u0ab9\u0ac1\u0a82 \u0aa4\u0acd\u0aaf\u0abe\u0a82 \u0a97\u0aaf\u0acb \u0a85\u0aa8\u0ac7 \u0a9c\u0ac7 \u0ab8\u0ac1\u0ab5\u0abe\u0ab0\u0acd\u0aa4\u0abe \u0aac\u0abf\u0aa8\u0aaf\u0ab9\u0ac2\u0aa6\u0ac0\u0a93\u0aae\u0abe\u0a82 \u0aaa\u0acd\u0ab0\u0a97\u0a9f \u0a95\u0ab0\u0ac1\u0a82 \u0a9b\u0ac1\u0a82, \u0aa4\u0ac7 \u0a9c\u0ac7\u0a93 \u0aaa\u0acd\u0ab0\u0aa4\u0abf\u0ab7\u0acd\u0aa0\u0abf\u0aa4 \u0ab9\u0aa4\u0abe \u0aa4\u0ac7\u0a93\u0aa8\u0ac7 \u0a97\u0ac1\u0aaa\u0acd\u0aa4 \u0ab0\u0ac0\u0aa4\u0ac7 \u0a95\u0ab9\u0ac0 \u0ab8\u0a82\u0aad\u0ab3\u0abe\u0ab5\u0ac0, \u0ab0\u0a96\u0ac7\u0aa8\u0ac7 \u0ab9\u0ac1\u0a82 \u0ab5\u0acd\u0aaf\u0ab0\u0acd\u0aa5 \u0aa6\u0acb\u0aa1\u0aa4\u0acb \u0ab9\u0acb\u0a89\u0a82 \u0a85\u0aa5\u0ab5\u0abe \u0aa6\u0acb\u0aa1\u0acd\u0aaf\u0acb \u0ab9\u0acb\u0a89\u0a82."
                },
                "3": {
                    "verse_nr": "3",
                    "verse": "\u0aaa\u0aa3 \u0aa4\u0abf\u0aa4\u0ab8 \u0a9c\u0ac7 \u0aae\u0abe\u0ab0\u0ac0 \u0ab8\u0abe\u0aa5\u0ac7 \u0ab9\u0aa4\u0acb, \u0aa4\u0ac7 \u0a97\u0acd\u0ab0\u0ac0\u0a95 \u0ab9\u0acb\u0ab5\u0abe \u0a9b\u0aa4\u0abe\u0a82 \u0aaa\u0aa3 \u0ab8\u0ac1\u0aa8\u0acd\u0aa8\u0aa4 \u0a95\u0ab0\u0abe\u0ab5\u0ab5\u0abe\u0aa8\u0ac0 \u0aa4\u0ac7\u0aa8\u0ac7 \u0aab\u0ab0\u0a9c \u0aaa\u0abe\u0aa1\u0ab5\u0abe\u0aae\u0abe\u0a82 \u0a86\u0ab5\u0ac0 \u0aa8\u0ab9\u0abf."
                },
                "4": {
                    "verse_nr": "4",
                    "verse": "\u0a86\u0aaa\u0aa3\u0abe \u0ab8\u0aae\u0ac1\u0aa6\u0abe\u0aaf\u0aae\u0abe\u0a82 \u0a9c\u0acb\u0aa1\u0abe\u0aaf\u0ac7\u0ab2\u0abe\u0a82 \u0aa6\u0a82\u0aad\u0ac0 \u0aad\u0abe\u0a88\u0a93\u0aa8\u0ac7 \u0ab2\u0ac0\u0aa7\u0ac7 \u0a8f\u0aae \u0aa5\u0aaf\u0ac1\u0a82 \u0a95\u0ac7 \u0a96\u0acd\u0ab0\u0abf\u0ab8\u0acd\u0aa4 \u0a88\u0ab8\u0ac1\u0aae\u0abe\u0a82 \u0a86\u0aaa\u0aa3\u0ac0 \u0a9c\u0ac7 \u0ab8\u0acd\u0ab5\u0aa4\u0a82\u0aa4\u0acd\u0ab0\u0aa4\u0abe \u0a9b\u0ac7, \u0aa4\u0ac7\u0aa8\u0ac0 \u0a9c\u0abe\u0ab8\u0ac2\u0ab8\u0ac0 \u0a95\u0ab0\u0ab5\u0abe \u0ab8\u0abe\u0ab0\u0ac1 \u0aa4\u0ac7\u0a93 \u0a97\u0ac1\u0aaa\u0acd\u0aa4 \u0ab0\u0ac0\u0aa4\u0ac7 \u0a85\u0a82\u0aa6\u0ab0 \u0a86\u0ab5\u0acd\u0aaf\u0abe \u0ab9\u0aa4\u0abe, \u0a8f \u0aae\u0abe\u0a9f\u0ac7 \u0a95\u0ac7 \u0aa4\u0ac7\u0a93 \u0a86\u0aaa\u0aa3\u0aa8\u0ac7 \u0aaa\u0abe\u0a9b\u0abe \u0a97\u0ac1\u0ab2\u0abe\u0aae\u0ac0\u0aae\u0abe\u0a82 \u0ab2\u0abe\u0ab5\u0ac7."
                },
                "5": {
                    "verse_nr": "5",
                    "verse": "\u0aa4\u0ac7\u0a93\u0aa8\u0ac7 \u0a85\u0aae\u0ac7 \u0a8f\u0a95 \u0a98\u0aa1\u0ac0\u0aad\u0ab0 \u0aaa\u0aa3 \u0a86\u0aa7\u0ac0\u0aa8 \u0aa5\u0aaf\u0abe \u0aa8\u0ab9\u0abf, \u0a95\u0ac7 \u0a9c\u0ac7\u0aa5\u0ac0 \u0ab8\u0ac1\u0ab5\u0abe\u0ab0\u0acd\u0aa4\u0abe\u0aa8\u0ac1\u0a82 \u0ab8\u0aa4\u0acd\u0aaf \u0aa4\u0aae\u0abe\u0ab0\u0abe\u0aae\u0abe\u0a82 \u0a9a\u0abe\u0ab2\u0ac1 \u0ab0\u0ab9\u0ac7."
                },
                "6": {
                    "verse_nr": "6",
                    "verse": "\u0a85\u0aa8\u0ac7 \u0a9c\u0ac7\u0a93 \u0aaa\u0acd\u0ab0\u0aa4\u0abf\u0ab7\u0acd\u0aa0\u0abf\u0aa4 \u0a95\u0ab9\u0ac7\u0ab5\u0abe\u0aa4\u0abe \u0ab9\u0aa4\u0abe (\u0aa4\u0ac7\u0a93 \u0a97\u0aae\u0ac7 \u0aa4\u0ac7\u0ab5\u0abe \u0ab9\u0aa4\u0abe \u0aa4\u0ac7\u0aa8\u0abe\u0aa5\u0ac0 \u0aae\u0aa8\u0ac7 \u0a95\u0a82\u0a88 \u0aab\u0ab0\u0a95 \u0aaa\u0aa1\u0aa4\u0acb \u0aa8\u0aa5\u0ac0; \u0a88\u0ab6\u0acd\u0ab5\u0ab0 \u0aae\u0abe\u0aa3\u0ab8\u0acb\u0aa8\u0ac0 \u0ab0\u0ac0\u0aa4\u0ac7 \u0a95\u0acb\u0a88\u0aa8\u0acb \u0aaa\u0a95\u0acd\u0ab7\u0aaa\u0abe\u0aa4 \u0a95\u0ab0\u0aa4\u0abe \u0aa8\u0aa5\u0ac0) \u0ab9\u0abe, \u0a9c\u0ac7\u0a93 \u0aaa\u0acd\u0ab0\u0aa4\u0abf\u0ab7\u0acd\u0aa0\u0abf\u0aa4 \u0a95\u0ab9\u0ac7\u0ab5\u0abe\u0aa4\u0abe \u0ab9\u0aa4\u0abe, \u0aa4\u0ac7\u0a93\u0a8f \u0aae\u0abe\u0ab0\u0ac0 \u0ab8\u0ac1\u0ab5\u0abe\u0ab0\u0acd\u0aa4\u0abe\u0aae\u0abe\u0a82 \u0a95\u0a82\u0a88 \u0aaa\u0aa3 \u0ab5\u0aa7\u0abe\u0ab0\u0acb \u0a95\u0ab0\u0acd\u0aaf\u0acb \u0aa8\u0ab9\u0abf;"
                },
                "7": {
                    "verse_nr": "7",
                    "verse": "\u0aaa\u0aa3 \u0aa4\u0ac7\u0aa5\u0ac0 \u0ab5\u0abf\u0ab0\u0ac1\u0aa7\u0acd\u0aa7, \u0a9c\u0aaf\u0abe\u0ab0\u0ac7 \u0aa4\u0ac7\u0a93\u0a8f \u0a9c\u0acb\u0aaf\u0ac1\u0a82 \u0a95\u0ac7, \u0a9c\u0ac7\u0aae \u0aaa\u0abf\u0aa4\u0ab0\u0aa8\u0ac7 \u0ab8\u0ac1\u0aa8\u0acd\u0aa8\u0aa4\u0ac0\u0a93\u0aae\u0abe\u0a82 (\u0aaf\u0ab9\u0ac2\u0aa6\u0ac0\u0a93\u0aae\u0abe\u0a82) \u0ab8\u0ac1\u0ab5\u0abe\u0ab0\u0acd\u0aa4\u0abe\u0aa8\u0ac0 \u0ab8\u0ac7\u0ab5\u0abe \u0ab8\u0acb\u0a82\u0aaa\u0abe\u0aaf\u0ac7\u0ab2\u0ac0 \u0a9b\u0ac7, \u0aa4\u0ac7\u0aae \u0aae\u0aa8\u0ac7 \u0aac\u0ac7\u0ab8\u0ac1\u0aa8\u0acd\u0aa8\u0aa4\u0ac0\u0a93\u0aae\u0abe\u0a82 (\u0aac\u0abf\u0aa8\u0aaf\u0ab9\u0ac2\u0aa6\u0ac0\u0a93\u0aae\u0abe\u0a82) \u0a8f \u0ab8\u0ac7\u0ab5\u0abe \u0ab8\u0acb\u0a82\u0aaa\u0abe\u0aaf\u0ac7\u0ab2\u0ac0 \u0a9b\u0ac7,"
                },
                "8": {
                    "verse_nr": "8",
                    "verse": "(\u0a95\u0ac7\u0aae \u0a95\u0ac7 \u0a9c\u0ac7\u0aae\u0aa3\u0ac7 \u0ab8\u0ac1\u0aa8\u0acd\u0aa8\u0aa4\u0ac0\u0a93\u0aa8\u0acb (\u0aaf\u0ab9\u0ac2\u0aa6\u0ac0\u0a93\u0aa8\u0acb) \u0aaa\u0acd\u0ab0\u0ac7\u0ab0\u0abf\u0aa4 \u0aa5\u0ab5\u0abe \u0ab8\u0abe\u0ab0\u0ac1 \u0aaa\u0abf\u0aa4\u0ab0\u0aa8\u0ac7 \u0aaa\u0acd\u0ab0\u0ac7\u0ab0\u0aa3\u0abe \u0a95\u0ab0\u0ac0, \u0aa4\u0ac7\u0aae\u0aa3\u0ac7 \u0aac\u0ac7\u0ab8\u0ac1\u0aa8\u0acd\u0aa8\u0aa4\u0ac0\u0a93\u0aa8\u0acb (\u0aac\u0abf\u0aa8\u0aaf\u0ab9\u0ac2\u0aa6\u0ac0\u0a93\u0aa8\u0acb) \u0aaa\u0acd\u0ab0\u0ac7\u0ab0\u0abf\u0aa4 \u0aa5\u0ab5\u0abe \u0ab8\u0abe\u0ab0\u0ac1 \u0aae\u0aa8\u0ac7 \u0aaa\u0aa3 \u0aaa\u0acd\u0ab0\u0ac7\u0ab0\u0aa3\u0abe \u0a95\u0ab0\u0ac0; )"
                },
                "9": {
                    "verse_nr": "9",
                    "verse": "\u0a85\u0aa8\u0ac7 \u0aae\u0aa8\u0ac7 \u0aaa\u0acd\u0ab0\u0abe\u0aaa\u0acd\u0aa4 \u0aa5\u0aaf\u0ac7\u0ab2\u0acb \u0a85\u0aa8\u0ac1\u0a97\u0acd\u0ab0\u0ab9 \u0a9c\u0aaf\u0abe\u0ab0\u0ac7 \u0aa4\u0ac7\u0a93\u0a8f \u0a9c\u0abe\u0aa3\u0acd\u0aaf\u0acb, \u0aa4\u0acd\u0aaf\u0abe\u0ab0\u0ac7 \u0aaf\u0abe\u0a95\u0ac2\u0aac, \u0a95\u0ac7\u0aab\u0abe \u0aa4\u0aa5\u0abe \u0aaf\u0acb\u0ab9\u0abe\u0aa8, \u0a9c\u0ac7\u0a93 \u0a86\u0aa7\u0abe\u0ab0\u0ab8\u0acd\u0aa4\u0a82\u0aad \u0a9c\u0ac7\u0ab5\u0abe \u0a97\u0aa3\u0abe\u0aa4\u0abe \u0ab9\u0aa4\u0abe, \u0aa4\u0ac7\u0a93\u0a8f \u0aae\u0abe\u0ab0\u0acb \u0aa4\u0aa5\u0abe \u0aac\u0abe\u0ab0\u0acd\u0aa8\u0abe\u0aac\u0abe\u0ab8\u0aa8\u0acb \u0aaa\u0acd\u0ab0\u0ac7\u0ab0\u0abf\u0aa4 \u0aa4\u0ab0\u0ac0\u0a95\u0ac7 \u0ab8\u0acd\u0ab5\u0ac0\u0a95\u0abe\u0ab0 \u0a95\u0ab0\u0acd\u0aaf\u0acb, \u0a95\u0ac7 \u0a9c\u0ac7\u0aa5\u0ac0 \u0a85\u0aae\u0ac7 \u0aac\u0abf\u0aa8\u0aaf\u0ab9\u0ac2\u0aa6\u0ac0\u0a93\u0aa8\u0ac0 \u0aaa\u0abe\u0ab8\u0ac7 \u0a9c\u0a88\u0a8f \u0a85\u0aa8\u0ac7 \u0aa4\u0ac7\u0a93 \u0ab8\u0ac1\u0aa8\u0acd\u0aa8\u0aa4\u0ac0\u0a93\u0aa8\u0ac0 (\u0aaf\u0ab9\u0ac2\u0aa6\u0ac0\u0a93\u0aa8\u0ac0) \u0aaa\u0abe\u0ab8\u0ac7 \u0a9c\u0abe\u0aaf."
                },
                "10": {
                    "verse_nr": "10",
                    "verse": "\u0aa4\u0ac7\u0a93\u0a8f \u0a8f\u0a9f\u0ab2\u0ac1\u0a82 \u0a9c \u0a87\u0a9a\u0acd\u0a9b\u0acd\u0aaf\u0ac1\u0a82 \u0a95\u0ac7 \u0a85\u0aae\u0ac7 \u0a97\u0ab0\u0ac0\u0aac\u0acb\u0aa8\u0ac7 \u0aae\u0aa6\u0aa6 \u0a95\u0ab0\u0ac0\u0a8f \u0a85\u0aa8\u0ac7 \u0aa4\u0ac7 \u0a9c \u0a95\u0ab0\u0ab5\u0abe\u0aa8\u0ac7 \u0ab9\u0ac1\u0a82 \u0a86\u0aa4\u0ac1\u0ab0 \u0ab9\u0aa4\u0acb."
                },
                "11": {
                    "verse_nr": "11",
                    "verse": "\u0aaa\u0aa3 \u0a9c\u0aaf\u0abe\u0ab0\u0ac7 \u0a95\u0ac7\u0aab\u0abe \u0a85\u0a82\u0aa4\u0acd\u0aaf\u0acb\u0a96 \u0a86\u0ab5\u0acd\u0aaf\u0acb, \u0aa4\u0acd\u0aaf\u0abe\u0ab0\u0ac7 \u0aae\u0ac7\u0a82 \u0ab8\u0abe\u0aae\u0ac7 \u0a9a\u0abe\u0ab2\u0ac0\u0aa8\u0ac7 \u0aa4\u0ac7\u0aa8\u0acb \u0ab5\u0abf\u0ab0\u0acb\u0aa7 \u0a95\u0ab0\u0acd\u0aaf\u0acb, \u0a95\u0ac7\u0aae \u0a95\u0ac7 \u0aa4\u0ac7 \u0aa6\u0acb\u0ab7\u0abf\u0aa4 \u0ab9\u0aa4\u0acb;"
                },
                "12": {
                    "verse_nr": "12",
                    "verse": "\u0a95\u0abe\u0ab0\u0aa3 \u0a95\u0ac7 \u0aaf\u0abe\u0a95\u0ac2\u0aac\u0aa8\u0ac0 \u0aaa\u0abe\u0ab8\u0ac7\u0aa5\u0ac0 \u0a95\u0ac7\u0a9f\u0ab2\u0abe\u0a95 \u0ab2\u0acb\u0a95\u0acb\u0aa8\u0abe \u0a86\u0ab5\u0acd\u0aaf\u0abe \u0aaa\u0ab9\u0ac7\u0ab2\u0abe\u0a82, \u0aa4\u0ac7 \u0aac\u0abf\u0aa8\u0aaf\u0ab9\u0ac2\u0aa6\u0ac0\u0a93\u0aa8\u0ac0 \u0ab8\u0abe\u0aa5\u0ac7 \u0a96\u0abe\u0aa4\u0acb \u0ab9\u0aa4\u0acb, \u0aaa\u0aa3 \u0aa4\u0ac7\u0a93 \u0a86\u0ab5\u0acd\u0aaf\u0abe \u0aaa\u0a9b\u0ac0, \u0ab8\u0ac1\u0aa8\u0acd\u0aa8\u0aa4\u0ac0\u0a93\u0aa5\u0ac0 \u0aa1\u0ab0\u0ac0\u0aa8\u0ac7 \u0aa4\u0ac7 \u0a96\u0ab8\u0ac0 \u0a97\u0aaf\u0acb \u0a85\u0aa8\u0ac7 \u0a85\u0ab2\u0a97 \u0ab0\u0ab9\u0acd\u0aaf\u0acb."
                },
                "13": {
                    "verse_nr": "13",
                    "verse": "\u0aac\u0abe\u0a95\u0ac0\u0aa8\u0abe \u0a96\u0acd\u0ab0\u0abf\u0ab8\u0acd\u0aa4\u0ac0 \u0aaf\u0ab9\u0ac2\u0aa6\u0ac0\u0a93\u0a8f \u0aaa\u0aa3 \u0aa4\u0ac7\u0aa8\u0ac0 \u0ab8\u0abe\u0aa5\u0ac7 \u0aa2\u0acb\u0a82\u0a97 \u0a95\u0ab0\u0acd\u0aaf\u0acb, \u0a8f\u0a9f\u0ab2\u0ac7 \u0ab8\u0ac1\u0aa7\u0ac0 \u0a95\u0ac7 \u0aac\u0abe\u0ab0\u0acd\u0aa8\u0abe\u0aac\u0abe\u0ab8 \u0aaa\u0aa3 \u0aa4\u0ac7\u0a93\u0aa8\u0abe \u0aa2\u0acb\u0a82\u0a97\u0aa5\u0ac0 \u0aa6\u0a82\u0a97 \u0aa5\u0a88\u0aa8\u0ac7 \u0aaa\u0abe\u0a9b\u0acb \u0aaa\u0aa1\u0acd\u0aaf\u0acb."
                },
                "14": {
                    "verse_nr": "14",
                    "verse": "\u0aaa\u0aa3 \u0a9c\u0aaf\u0abe\u0ab0\u0ac7 \u0aae\u0ac7\u0a82 \u0a9c\u0acb\u0aaf\u0ac1\u0a82 \u0a95\u0ac7 \u0aa4\u0ac7\u0a93 \u0ab8\u0ac1\u0ab5\u0abe\u0ab0\u0acd\u0aa4\u0abe\u0aa8\u0ac0 \u0ab8\u0aa4\u0acd\u0aaf\u0aa4\u0abe \u0aaa\u0acd\u0ab0\u0aae\u0abe\u0aa3\u0ac7 \u0aaa\u0acd\u0ab0\u0abe\u0aae\u0abe\u0aa3\u0abf\u0a95\u0aa4\u0abe\u0aa5\u0ac0 \u0a9a\u0abe\u0ab2\u0aa4\u0abe \u0aa8\u0aa5\u0ac0, \u0aa4\u0acd\u0aaf\u0abe\u0ab0\u0ac7 \u0aae\u0ac7\u0a82 \u0aac\u0aa7\u0abe\u0aa8\u0ac0 \u0a86\u0a97\u0ab3 \u0aaa\u0abf\u0aa4\u0ab0\u0aa8\u0ac7 \u0a95\u0ab9\u0acd\u0aaf\u0ac1\u0a82 \u0a95\u0ac7, \u0a9c\u0acb \u0aa4\u0ac1\u0a82 \u0aaf\u0ab9\u0ac2\u0aa6\u0ac0 \u0ab9\u0acb\u0ab5\u0abe \u0a9b\u0aa4\u0abe\u0a82 \u0aaf\u0ab9\u0ac2\u0aa6\u0ac0\u0a93\u0aa8\u0ac0 \u0ab0\u0ac0\u0aa4\u0ac7 \u0aa8\u0ab9\u0abf, \u0aaa\u0aa3 \u0aac\u0abf\u0aa8\u0aaf\u0ab9\u0ac2\u0aa6\u0ac0\u0a93\u0aa8\u0ac0 \u0ab0\u0ac0\u0aa4\u0ac7 \u0ab5\u0ab0\u0acd\u0aa4\u0ac7 \u0a9b\u0ac7, \u0aa4\u0acb \u0aac\u0abf\u0aa8\u0aaf\u0ab9\u0ac2\u0aa6\u0ac0\u0a93\u0aa8\u0ac7 \u0aaf\u0ab9\u0ac2\u0aa6\u0ac0\u0a93\u0aa8\u0ac0 \u0ab0\u0ac0\u0aa4 \u0aaa\u0acd\u0ab0\u0aae\u0abe\u0aa3\u0ac7 \u0ab5\u0ab0\u0acd\u0aa4\u0ab5\u0abe \u0aa4\u0ac1\u0a82 \u0a95\u0ac7\u0aae \u0aab\u0ab0\u0a9c \u0aaa\u0abe\u0aa1\u0ac7 \u0a9b\u0ac7?"
                },
                "15": {
                    "verse_nr": "15",
                    "verse": "\u0a86\u0aaa\u0aa3\u0ac7 \u0a9c\u0ac7\u0a93 \u0a9c\u0aa8\u0acd\u0aae\u0aa5\u0ac0 \u0aaf\u0ab9\u0ac2\u0aa6\u0ac0 \u0a9b\u0ac0\u0a8f \u0a85\u0aa8\u0ac7 \u0aaa\u0abe\u0aaa\u0ac0 \u0aac\u0abf\u0aa8\u0aaf\u0ab9\u0ac2\u0aa6\u0ac0\u0a93 \u0aa8\u0aa5\u0ac0 \u0aa4\u0ac7\u0a93"
                },
                "16": {
                    "verse_nr": "16",
                    "verse": "\u0a9c\u0abe\u0aa3\u0ac0\u0a8f \u0a9b\u0ac0\u0a8f \u0a95\u0ac7, \u0aae\u0aa8\u0ac1\u0ab7\u0acd\u0aaf \u0aa8\u0abf\u0aaf\u0aae\u0ab6\u0abe\u0ab8\u0acd\u0aa4\u0acd\u0ab0\u0aa8\u0ac0 \u0a95\u0ab0\u0aa3\u0ac0\u0a93\u0aa5\u0ac0 \u0aa8\u0ab9\u0abf, \u0aaa\u0aa3 \u0a88\u0ab8\u0ac1 \u0a96\u0acd\u0ab0\u0abf\u0ab8\u0acd\u0aa4 \u0aaa\u0ab0\u0aa8\u0abe \u0ab5\u0abf\u0ab6\u0acd\u0ab5\u0abe\u0ab8\u0aa5\u0ac0 \u0aa8\u0acd\u0aaf\u0abe\u0aaf\u0ac0 \u0aa0\u0ab0\u0ac7 \u0a9b\u0ac7. \u0a85\u0aae\u0ac7 \u0aaa\u0aa3 \u0a88\u0ab8\u0ac1 \u0a96\u0acd\u0ab0\u0abf\u0ab8\u0acd\u0aa4 \u0aaa\u0ab0 \u0ab5\u0abf\u0ab6\u0acd\u0ab5\u0abe\u0ab8 \u0a95\u0ab0\u0acd\u0aaf\u0acb \u0a95\u0ac7 \u0a9c\u0ac7\u0aa5\u0ac0 \u0a85\u0aae\u0ac7 \u0aa8\u0abf\u0aaf\u0aae\u0ab6\u0abe\u0ab8\u0acd\u0aa4\u0acd\u0ab0\u0aa8\u0ac0 \u0a95\u0ab0\u0aa3\u0ac0\u0a93\u0aa5\u0ac0 \u0aa8\u0ab9\u0abf \u0aaa\u0aa3 \u0a96\u0acd\u0ab0\u0abf\u0ab8\u0acd\u0aa4 \u0aaa\u0ab0\u0aa8\u0abe \u0ab5\u0abf\u0ab6\u0acd\u0ab5\u0abe\u0ab8\u0aa5\u0ac0 \u0aa8\u0acd\u0aaf\u0abe\u0aaf\u0ac0 \u0aa0\u0ab0\u0ac0\u0a8f, \u0a95\u0ac7\u0aae \u0a95\u0ac7 \u0aa8\u0abf\u0aaf\u0aae\u0ab6\u0abe\u0ab8\u0acd\u0aa4\u0acd\u0ab0\u0aa8\u0ac0 \u0a95\u0ab0\u0aa3\u0ac0\u0a93\u0aa5\u0ac0 \u0a95\u0acb\u0a88 \u0aaa\u0aa3 \u0aae\u0aa8\u0ac1\u0ab7\u0acd\u0aaf \u0aa8\u0acd\u0aaf\u0abe\u0aaf\u0ac0 \u0aa0\u0ab0\u0ab6\u0ac7 \u0aa8\u0ab9\u0abf."
                },
                "17": {
                    "verse_nr": "17",
                    "verse": "\u0aaa\u0aa3 \u0a96\u0acd\u0ab0\u0abf\u0ab8\u0acd\u0aa4\u0aae\u0abe\u0a82 \u0aa8\u0acd\u0aaf\u0abe\u0aaf\u0ac0 \u0aa0\u0ab0\u0ab5\u0abe\u0aa8\u0ac0 \u0a87\u0a9a\u0acd\u0a9b\u0abe \u0ab0\u0abe\u0a96\u0ac0\u0aa8\u0ac7, \u0a9c\u0acb \u0a86\u0aaa\u0aa3\u0ac7 \u0aaa\u0acb\u0aa4\u0ac7 \u0aaa\u0abe\u0aaa\u0ac0 \u0aae\u0abe\u0ab2\u0ac2\u0aae \u0aaa\u0aa1\u0ac0\u0a8f, \u0aa4\u0acb \u0ab6\u0ac1\u0a82 \u0a96\u0acd\u0ab0\u0abf\u0ab8\u0acd\u0aa4 \u0aaa\u0abe\u0aaa\u0aa8\u0abe \u0ab8\u0ac7\u0ab5\u0a95 \u0a9b\u0ac7? \u0a95\u0aa6\u0ac0 \u0aa8\u0ab9\u0abf."
                },
                "18": {
                    "verse_nr": "18",
                    "verse": "\u0a95\u0ac7\u0aae \u0a95\u0ac7 \u0a9c\u0ac7\u0aa8\u0ac7 \u0aae\u0ac7\u0a82 \u0aaa\u0abe\u0aa1\u0ac0 \u0aa8\u0abe\u0a96\u0acd\u0aaf\u0ac1\u0a82, \u0aa4\u0ac7\u0aa8\u0ac7 \u0ab9\u0ac1\u0a82 \u0aab\u0ab0\u0ac0\u0aa5\u0ac0 \u0aac\u0abe\u0a82\u0aa7\u0ac1, \u0aa4\u0acb \u0ab9\u0ac1\u0a82 \u0aaa\u0acb\u0aa4\u0abe\u0aa8\u0ac7 \u0a85\u0aaa\u0ab0\u0abe\u0aa7\u0ac0 \u0aa0\u0ab0\u0abe\u0ab5\u0ac1\u0a82 \u0a9b\u0ac1\u0a82."
                },
                "19": {
                    "verse_nr": "19",
                    "verse": "\u0a95\u0ac7\u0aae \u0a95\u0ac7 \u0ab9\u0ac1\u0a82 \u0a88\u0ab6\u0acd\u0ab5\u0ab0\u0aa8\u0ac7 \u0aae\u0abe\u0a9f\u0ac7 \u0a9c\u0ac0\u0ab5\u0ab5\u0abe\u0aa8\u0ac7, \u0aa8\u0abf\u0aaf\u0aae\u0ab6\u0abe\u0ab8\u0acd\u0aa4\u0acd\u0ab0 \u0aa6\u0acd\u0ab5\u0abe\u0ab0\u0abe \u0aa8\u0abf\u0aaf\u0aae\u0ab6\u0abe\u0ab8\u0acd\u0aa4\u0acd\u0ab0 \u0aaa\u0acd\u0ab0\u0aa4\u0acd\u0aaf\u0ac7 \u0aae\u0ac3\u0aa4\u0acd\u0aaf\u0ac1 \u0aaa\u0abe\u0aae\u0acd\u0aaf\u0acb \u0a9b\u0ac1\u0a82."
                },
                "20": {
                    "verse_nr": "20",
                    "verse": "\u0ab9\u0ac1\u0a82 \u0a96\u0acd\u0ab0\u0abf\u0ab8\u0acd\u0aa4\u0aa8\u0ac0 \u0ab8\u0abe\u0aa5\u0ac7 \u0ab5\u0aa7\u0ab8\u0acd\u0aa4\u0a82\u0aad\u0ac7 \u0a9c\u0aa1\u0abe\u0aaf\u0acb \u0a9b\u0ac1\u0a82, \u0aaa\u0ab0\u0a82\u0aa4\u0ac1 \u0ab9\u0ac1\u0a82 \u0a9c\u0ac0\u0ab5\u0ac1\u0a82 \u0a9b\u0ac1\u0a82, \u0aa4\u0acb\u0aaa\u0aa3 \u0ab9\u0ac1\u0a82 \u0aa8\u0ab9\u0abf, \u0aaa\u0aa3 \u0aae\u0abe\u0ab0\u0abe\u0aae\u0abe\u0a82 \u0a96\u0acd\u0ab0\u0abf\u0ab8\u0acd\u0aa4 \u0a9c\u0ac0\u0ab5\u0ac7 \u0a9b\u0ac7; \u0a85\u0aa8\u0ac7 \u0ab9\u0ab5\u0ac7 \u0aae\u0aa8\u0ac1\u0ab7\u0acd\u0aaf\u0aa6\u0ac7\u0ab9\u0aae\u0abe\u0a82 \u0aae\u0abe\u0ab0\u0ac1\u0a82 \u0a9c\u0ac7 \u0a9c\u0ac0\u0ab5\u0aa8 \u0a9b\u0ac7 \u0aa4\u0ac7 \u0a88\u0ab6\u0acd\u0ab5\u0ab0\u0aa8\u0abe \u0aa6\u0ac0\u0a95\u0ab0\u0abe \u0aaa\u0ab0\u0aa8\u0abe \u0ab5\u0abf\u0ab6\u0acd\u0ab5\u0abe\u0ab8\u0aa5\u0ac0 \u0a9b\u0ac7; \u0aa4\u0ac7\u0aae\u0aa3\u0ac7 \u0aae\u0abe\u0ab0\u0abe \u0aaa\u0ab0 \u0aaa\u0acd\u0ab0\u0ac7\u0aae \u0a95\u0ab0\u0acd\u0aaf\u0acb \u0a85\u0aa8\u0ac7 \u0aae\u0abe\u0ab0\u0ac7 \u0aae\u0abe\u0a9f\u0ac7 \u0aaa\u0acb\u0aa4\u0abe\u0aa8\u0ac1\u0a82 \u0a85\u0ab0\u0acd\u0aaa\u0aa3 \u0a95\u0ab0\u0acd\u0aaf\u0ac1\u0a82."
                },
                "21": {
                    "verse_nr": "21",
                    "verse": "\u0ab9\u0ac1\u0a82 \u0a88\u0ab6\u0acd\u0ab5\u0ab0\u0aa8\u0ac0 \u0a95\u0ac3\u0aaa\u0abe \u0aa8\u0abf\u0ab7\u0acd\u0aab\u0ab3 \u0a95\u0ab0\u0aa4\u0acb \u0aa8\u0aa5\u0ac0, \u0a95\u0ac7\u0aae \u0a95\u0ac7 \u0a9c\u0acb \u0aa8\u0acd\u0aaf\u0abe\u0aaf\u0ac0\u0aaa\u0aa3\u0ac1\u0a82 \u0aa8\u0abf\u0aaf\u0aae\u0ab6\u0abe\u0ab8\u0acd\u0aa4\u0acd\u0ab0\u0aa5\u0ac0 \u0aae\u0ab3\u0aa4\u0ac1\u0a82 \u0ab9\u0acb\u0aaf \u0aa4\u0acb \u0a96\u0acd\u0ab0\u0abf\u0ab8\u0acd\u0aa4\u0aa8\u0abe\u0a82 \u0aae\u0ab0\u0aa3\u0aa8\u0acb \u0a95\u0acb\u0a88 \u0a85\u0ab0\u0acd\u0aa5 \u0aa8\u0aa5\u0ac0."
                }
            }
        },
        "3": {
            "chapter_nr": "3",
            "chapter": {
                "1": {
                    "verse_nr": "1",
                    "verse": "\u0a93 \u0a85\u0aa3\u0ab8\u0aae\u0a9c\u0ac1 \u0a97\u0ab2\u0abe\u0aa4\u0ac0\u0a93, \u0aa4\u0aae\u0abe\u0ab0\u0ac0 \u0a86\u0a82\u0a96\u0acb \u0a86\u0a97\u0ab3 \u0ab5\u0aa7\u0ab8\u0acd\u0aa4\u0a82\u0aad\u0ac7 \u0a9c\u0aa1\u0abe\u0aaf\u0ac7\u0ab2\u0abe \u0a88\u0ab8\u0ac1 \u0a96\u0acd\u0ab0\u0abf\u0ab8\u0acd\u0aa4\u0aa8\u0ac7 \u0ab8\u0abe\u0a95\u0acd\u0ab7\u0abe\u0aa4 \u0aaa\u0acd\u0ab0\u0a97\u0a9f \u0a95\u0ab0\u0ab5\u0abe\u0aae\u0abe\u0a82 \u0a86\u0ab5\u0acd\u0aaf\u0abe \u0ab9\u0acb\u0ab5\u0abe \u0a9b\u0aa4\u0abe\u0a82 \u0aa4\u0aae\u0aa8\u0ac7 \u0a95\u0acb\u0aa3\u0ac7 \u0aad\u0ab0\u0aae\u0abe\u0ab5\u0acd\u0aaf\u0abe?"
                },
                "2": {
                    "verse_nr": "2",
                    "verse": "\u0aa4\u0aae\u0abe\u0ab0\u0ac0 \u0aaa\u0abe\u0ab8\u0ac7\u0aa5\u0ac0 \u0ab9\u0ac1\u0a82 \u0a8f\u0a9f\u0ab2\u0ac1\u0a82 \u0a9c \u0a9c\u0abe\u0aa3\u0ab5\u0abe \u0a87\u0a9a\u0acd\u0a9b\u0ac1\u0a82 \u0a9b\u0ac1\u0a82 \u0a95\u0ac7, \u0aa4\u0aae\u0ac7 \u0aa8\u0abf\u0aaf\u0aae\u0ab6\u0abe\u0ab8\u0acd\u0aa4\u0acd\u0ab0\u0aa8\u0abe\u0a82 \u0a95\u0abe\u0ab0\u0acd\u0aaf\u0acb\u0aa5\u0ac0 \u0aaa\u0ab5\u0abf\u0aa4\u0acd\u0ab0 \u0a86\u0aa4\u0acd\u0aae\u0abe \u0aaa\u0abe\u0aae\u0acd\u0aaf\u0abe, \u0a95\u0ac7 \u0ab5\u0abf\u0ab6\u0acd\u0ab5\u0abe\u0ab8\u0aa5\u0ac0 \u0ab8\u0ac1\u0ab5\u0abe\u0ab0\u0acd\u0aa4\u0abe \u0ab8\u0abe\u0a82\u0aad\u0ab3\u0ab5\u0abe\u0aa5\u0ac0 \u0aaa\u0abe\u0aae\u0acd\u0aaf\u0abe?"
                },
                "3": {
                    "verse_nr": "3",
                    "verse": "\u0ab6\u0ac1\u0a82 \u0aa4\u0aae\u0ac7 \u0a8f\u0a9f\u0ab2\u0abe \u0aac\u0aa7\u0abe \u0a85\u0aa3\u0ab8\u0aae\u0a9c\u0ac1 \u0a9b\u0acb?, \u0a95\u0ac7 \u0a86\u0aa4\u0acd\u0aae\u0abe \u0ab5\u0aa1\u0ac7 \u0a86\u0ab0\u0a82\u0aad \u0a95\u0ab0\u0ac0\u0aa8\u0ac7 \u0ab9\u0ab5\u0ac7 \u0aa6\u0ac7\u0ab9 \u0ab5\u0aa1\u0ac7 \u0ab8\u0a82\u0aaa\u0ac2\u0ab0\u0acd\u0aa3 \u0aa5\u0abe\u0a93 \u0a9b\u0acb?"
                },
                "4": {
                    "verse_nr": "4",
                    "verse": "\u0ab6\u0ac1\u0a82 \u0aa4\u0aae\u0ac7 \u0a8f\u0a9f\u0ab2\u0abe \u0aac\u0aa7\u0abe\u0a82 \u0ab8\u0a82\u0a95\u0a9f \u0aa8\u0a95\u0abe\u0aae\u0abe\u0a82 \u0ab8\u0ab9\u0acd\u0aaf\u0abe\u0a82? \u0a9c\u0acb \u0a95\u0aa6\u0abe\u0aaa\u0abf \u0aa8\u0a95\u0abe\u0aae\u0abe\u0a82 \u0ab9\u0acb\u0aaf \u0aa4\u0acb."
                },
                "5": {
                    "verse_nr": "5",
                    "verse": "\u0a8f \u0aae\u0abe\u0a9f\u0ac7 \u0a9c\u0ac7 \u0aa4\u0aae\u0aa8\u0ac7 \u0aaa\u0ab5\u0abf\u0aa4\u0acd\u0ab0 \u0a86\u0aa4\u0acd\u0aae\u0abe \u0a86\u0aaa\u0ac7 \u0a9b\u0ac7 \u0a85\u0aa8\u0ac7 \u0aa4\u0aae\u0abe\u0ab0\u0abe\u0aae\u0abe\u0a82 \u0aaa\u0ab0\u0abe\u0a95\u0acd\u0ab0\u0aae\u0ac0 \u0a95\u0abe\u0aae\u0acb \u0a95\u0ab0\u0ac7 \u0a9b\u0ac7, \u0aa4\u0ac7 \u0ab6\u0ac1\u0a82 \u0aa8\u0abf\u0aaf\u0aae\u0ab6\u0abe\u0ab8\u0acd\u0aa4\u0acd\u0ab0\u0aa8\u0abe\u0a82 \u0a95\u0abe\u0ab0\u0acd\u0aaf\u0acb\u0aa8\u0ac7 \u0ab2\u0ac0\u0aa7\u0ac7 \u0a95\u0ac7 \u0ab8\u0ac1\u0ab5\u0abe\u0ab0\u0acd\u0aa4\u0abe \u0ab8\u0abe\u0a82\u0aad\u0ab3\u0ac0\u0aa8\u0ac7 \u0ab5\u0abf\u0ab6\u0acd\u0ab5\u0abe\u0ab8 \u0a95\u0ab0\u0ab5\u0abe\u0aa8\u0ac7 \u0ab2\u0ac0\u0aa7\u0ac7 \u0a95\u0ab0\u0ac7 \u0a9b\u0ac7?"
                },
                "6": {
                    "verse_nr": "6",
                    "verse": "\u0a8f \u0aaa\u0acd\u0ab0\u0aae\u0abe\u0aa3\u0ac7 \u0a87\u0aac\u0acd\u0ab0\u0abe\u0ab9\u0abf\u0aae\u0ac7 \u0a88\u0ab6\u0acd\u0ab5\u0ab0 \u0aaa\u0ab0 \u0ab5\u0abf\u0ab6\u0acd\u0ab5\u0abe\u0ab8 \u0a95\u0ab0\u0acd\u0aaf\u0acb \u0a85\u0aa8\u0ac7 \u0aa4\u0ac7 \u0aa8\u0acd\u0aaf\u0abe\u0aaf\u0ac0\u0aaa\u0aa3\u0abe \u0a85\u0ab0\u0acd\u0aa5\u0ac7 \u0a97\u0aa3\u0abe\u0aaf\u0acb."
                },
                "7": {
                    "verse_nr": "7",
                    "verse": "\u0aae\u0abe\u0a9f\u0ac7 \u0a9c\u0abe\u0aa3\u0acb \u0a95\u0ac7 \u0a9c\u0ac7\u0a93 \u0ab5\u0abf\u0ab6\u0acd\u0ab5\u0abe\u0ab8 \u0a95\u0ab0\u0ac7 \u0a9b\u0ac7, \u0aa4\u0ac7\u0a93 \u0a87\u0aac\u0acd\u0ab0\u0abe\u0ab9\u0abf\u0aae\u0aa8\u0abe\u0a82 \u0aa6\u0ac0\u0a95\u0ab0\u0abe \u0a9b\u0ac7."
                },
                "8": {
                    "verse_nr": "8",
                    "verse": "\u0a88\u0ab6\u0acd\u0ab5\u0ab0 \u0ab5\u0abf\u0ab6\u0acd\u0ab5\u0abe\u0ab8\u0aa5\u0ac0 \u0aac\u0abf\u0aa8\u0aaf\u0ab9\u0ac2\u0aa6\u0ac0\u0a93\u0aa8\u0ac7 \u0aa8\u0acd\u0aaf\u0abe\u0aaf\u0ac0 \u0aa0\u0ab0\u0abe\u0ab5\u0ab6\u0ac7, \u0aa4\u0ac7 \u0a85\u0a97\u0abe\u0a89\u0aa5\u0ac0 \u0a9c\u0abe\u0aa3\u0ac0\u0aa8\u0ac7 \u0ab6\u0abe\u0ab8\u0acd\u0aa4\u0acd\u0ab0\u0ab5\u0a9a\u0aa8\u0ac7 \u0a87\u0aac\u0acd\u0ab0\u0abe\u0ab9\u0abf\u0aae\u0aa8\u0ac7 \u0ab8\u0ac1\u0ab5\u0abe\u0ab0\u0acd\u0aa4\u0abe \u0aaa\u0acd\u0ab0\u0a97\u0a9f \u0a95\u0ab0\u0ac0 \u0a95\u0ac7, \u0aa4\u0abe\u0ab0\u0abe \u0aa7\u0acd\u0ab5\u0abe\u0ab0\u0abe \u0ab8\u0ab0\u0acd\u0ab5 \u0aaa\u0acd\u0ab0\u0a9c\u0abe\u0a93 \u0a86\u0ab6\u0ac0\u0ab0\u0acd\u0ab5\u0abe\u0aa6 \u0aaa\u0abe\u0aae\u0ab6\u0ac7."
                },
                "9": {
                    "verse_nr": "9",
                    "verse": "\u0a8f \u0aae\u0abe\u0a9f\u0ac7 \u0a95\u0ac7 \u0a9c\u0ac7\u0a93 \u0ab5\u0abf\u0ab6\u0acd\u0ab5\u0abe\u0ab8 \u0a95\u0ab0\u0aa8\u0abe\u0ab0\u0abe \u0a9b\u0ac7, \u0aa4\u0ac7\u0a93 \u0ab5\u0abf\u0ab6\u0acd\u0ab5\u0abe\u0ab8\u0ac1 \u0a87\u0aac\u0acd\u0ab0\u0abe\u0ab9\u0abf\u0aae\u0aa8\u0ac0 \u0ab8\u0abe\u0aa5\u0ac7 \u0a86\u0ab6\u0ac0\u0ab0\u0acd\u0ab5\u0abe\u0aa6 \u0aaa\u0abe\u0aae\u0ac7 \u0a9b\u0ac7."
                },
                "10": {
                    "verse_nr": "10",
                    "verse": "\u0a95\u0ac7\u0aae \u0a95\u0ac7 \u0a9c\u0ac7\u0a9f\u0ab2\u0abe\u0a82 \u0aa8\u0abf\u0aaf\u0aae\u0ab6\u0abe\u0ab8\u0acd\u0aa4\u0acd\u0ab0\u0aa8\u0abe\u0a82 \u0a95\u0abe\u0ab0\u0acd\u0aaf\u0acb \u0a95\u0ab0\u0aa8\u0abe\u0ab0\u0abe \u0a9b\u0ac7 \u0aa4\u0ac7\u0a9f\u0ab2\u0abe\u0a82 \u0ab6\u0abe\u0aaa \u0aa8\u0ac0\u0a9a\u0ac7 \u0a9b\u0ac7, \u0a95\u0ac7\u0aae \u0a95\u0ac7 \u0a8f\u0aae \u0ab2\u0a96\u0acd\u0aaf\u0ac1\u0a82 \u0a9b\u0ac7 \u0a95\u0ac7, '\u0aa8\u0abf\u0aaf\u0aae\u0ab6\u0abe\u0ab8\u0acd\u0aa4\u0acd\u0ab0\u0aa8\u0abe \u0aaa\u0ac1\u0ab8\u0acd\u0aa4\u0a95\u0aae\u0abe\u0a82 \u0a9c\u0ac7 \u0a86\u0a9c\u0acd\u0a9e\u0abe\u0a93 \u0ab2\u0a96\u0ac7\u0ab2\u0ac0 \u0a9b\u0ac7 \u0aa4\u0ac7 \u0aac\u0aa7\u0ac0 \u0a9c\u0ac7 \u0aaa\u0abe\u0ab2\u0aa8 \u0a95\u0ab0\u0aa4\u0acb \u0aa8\u0aa5\u0ac0, \u0aa4\u0ac7 \u0ab6\u0abe\u0aaa\u0abf\u0aa4 \u0a9b\u0ac7.'"
                },
                "11": {
                    "verse_nr": "11",
                    "verse": "\u0aa4\u0acb \u0ab9\u0ab5\u0ac7 \u0a8f \u0ab8\u0acd\u0aaa\u0ab7\u0acd\u0a9f \u0a9b\u0ac7 \u0a95\u0ac7 \u0aa8\u0abf\u0aaf\u0aae\u0ab6\u0abe\u0ab8\u0acd\u0aa4\u0acd\u0ab0\u0aa5\u0ac0 \u0a88\u0ab6\u0acd\u0ab5\u0ab0\u0aa8\u0ac0 \u0a86\u0a97\u0ab3 \u0a95\u0acb\u0a88 \u0aaa\u0aa3 \u0aa8\u0acd\u0aaf\u0abe\u0aaf\u0ac0 \u0aa0\u0ab0\u0aa4\u0ac1\u0a82 \u0aa8\u0aa5\u0ac0, \u0a95\u0ac7\u0aae \u0a95\u0ac7 '\u0aa8\u0acd\u0aaf\u0abe\u0aaf\u0ac0 \u0ab5\u0abf\u0ab6\u0acd\u0ab5\u0abe\u0ab8\u0aa5\u0ac0 \u0a9c\u0ac0\u0ab5\u0ab6\u0ac7.'"
                },
                "12": {
                    "verse_nr": "12",
                    "verse": "\u0aa8\u0abf\u0aaf\u0aae\u0ab6\u0abe\u0ab8\u0acd\u0aa4\u0acd\u0ab0 \u0ab5\u0abf\u0ab6\u0acd\u0ab5\u0abe\u0ab8\u0aa6\u0acd\u0ab5\u0abe\u0ab0\u0abe \u0aa8\u0aa5\u0ac0 \u0aaa\u0aa3 \u0aa4\u0ac7\u0aa8\u0ac7 \u0aac\u0aa6\u0ab2\u0ac7, \u201c\u0a9c\u0ac7 \u0a95\u0acb\u0a88 \u0aa4\u0ac7\u0aae\u0abe\u0a82\u0aa8\u0ac0 \u0a86\u0a9c\u0acd\u0a9e\u0abe\u0a93 \u0aaa\u0abe\u0ab3\u0ab6\u0ac7 \u0aa4\u0ac7 \u0aa4\u0ac7\u0aa8\u0abe\u0aa5\u0ac0 \u0a9c\u0ac0\u0ab5\u0ab6\u0ac7.\u201d"
                },
                "13": {
                    "verse_nr": "13",
                    "verse": "\u0a96\u0acd\u0ab0\u0abf\u0ab8\u0acd\u0aa4\u0ac7 \u0a86\u0aaa\u0aa3\u0abe \u0ab5\u0aa4\u0ac0 \u0ab6\u0abe\u0aaa\u0abf\u0aa4 \u0aa5\u0a88\u0aa8\u0ac7, \u0aa8\u0abf\u0aaf\u0aae\u0ab6\u0abe\u0ab8\u0acd\u0aa4\u0acd\u0ab0\u0aa8\u0abe \u0ab6\u0abe\u0aaa\u0aa5\u0ac0 \u0a86\u0aaa\u0aa3\u0aa8\u0ac7 \u0a9b\u0acb\u0aa1\u0abe\u0ab5\u0ac0 \u0ab2\u0ac0\u0aa7\u0abe, \u0a95\u0ac7\u0aae \u0a95\u0ac7 \u0ab2\u0a96\u0ac7\u0ab2\u0ac1\u0a82 \u0a9b\u0ac7 \u0a95\u0ac7, '\u0a9c\u0ac7 \u0a95\u0acb\u0a88 \u0a9d\u0abe\u0aa1 \u0aaa\u0ab0 \u0a9f\u0a82\u0a97\u0abe\u0aaf\u0ac7\u0ab2\u0acb \u0a9b\u0ac7, \u0aa4\u0ac7 \u0ab6\u0abe\u0aaa\u0abf\u0aa4 \u0a9b\u0ac7;'"
                },
                "14": {
                    "verse_nr": "14",
                    "verse": "\u0a8f \u0aae\u0abe\u0a9f\u0ac7 \u0a95\u0ac7 \u0a87\u0aac\u0acd\u0ab0\u0abe\u0ab9\u0abf\u0aae\u0aa8\u0acb \u0a86\u0ab6\u0ac0\u0ab0\u0acd\u0ab5\u0abe\u0aa6 \u0a96\u0acd\u0ab0\u0abf\u0ab8\u0acd\u0aa4 \u0a88\u0ab8\u0ac1\u0aae\u0abe\u0a82 \u0aac\u0abf\u0aa8\u0aaf\u0ab9\u0ac2\u0aa6\u0ac0\u0a93\u0aa8\u0ac7 \u0aae\u0ab3\u0ac7 \u0a85\u0aa8\u0ac7 \u0a86\u0aaa\u0aa3\u0ac7 \u0aaa\u0ab5\u0abf\u0aa4\u0acd\u0ab0 \u0a86\u0aa4\u0acd\u0aae\u0abe \u0ab5\u0abf\u0ab7\u0ac7\u0aa8\u0ac1\u0a82 \u0ab5\u0a9a\u0aa8 \u0ab5\u0abf\u0ab6\u0acd\u0ab5\u0abe\u0ab8\u0aa5\u0ac0 \u0aaa\u0abe\u0aae\u0ac0\u0a8f."
                },
                "15": {
                    "verse_nr": "15",
                    "verse": "\u0aad\u0abe\u0a88\u0a93, \u0ab9\u0ac1\u0a82 \u0aae\u0aa8\u0ac1\u0ab7\u0acd\u0aaf\u0aa8\u0ac0 \u0ab0\u0ac0\u0aa4 \u0aaa\u0acd\u0ab0\u0aae\u0abe\u0aa3\u0ac7 \u0a95\u0ab9\u0ac1\u0a82 \u0a9b\u0ac1\u0a82 \u0a95\u0ac7, \u0aae\u0aa8\u0ac1\u0ab7\u0acd\u0aaf\u0aa8\u0abe \u0ab8\u0acd\u0aa5\u0abe\u0aaa\u0abf\u0aa4 \u0aa5\u0aaf\u0ac7\u0ab2\u0abe \u0a95\u0ab0\u0abe\u0ab0\u0aa8\u0ac7 \u0a95\u0acb\u0a88 \u0ab0\u0aa6 \u0a95\u0ab0\u0aa4\u0acb \u0a85\u0aa5\u0ab5\u0abe \u0ab5\u0aa7\u0abe\u0ab0\u0aa4\u0acb \u0aa8\u0aa5\u0ac0."
                },
                "16": {
                    "verse_nr": "16",
                    "verse": "\u0ab9\u0ab5\u0ac7 \u0a87\u0aac\u0acd\u0ab0\u0abe\u0ab9\u0abf\u0aae\u0aa8\u0ac7 \u0aa4\u0aa5\u0abe \u0aa4\u0ac7\u0aa8\u0abe\u0a82 \u0ab8\u0a82\u0aa4\u0abe\u0aa8\u0aa8\u0ac7 \u0ab5\u0a9a\u0aa8\u0acb \u0a95\u0ab9\u0ac7\u0ab5\u0abe\u0aae\u0abe\u0a82 \u0a86\u0ab5\u0acd\u0aaf\u0abe \u0ab9\u0aa4\u0abe\u0a82 \u0a85\u0aa8\u0ac7 \u0aa4\u0ac7\u0aa8\u0abe\u0a82 \u0ab8\u0a82\u0aa4\u0abe\u0aa8\u0acb\u0aa8\u0ac7 \u0a9c\u0abe\u0aa3\u0ac7 \u0a98\u0aa3\u0abe\u0a82 \u0ab5\u0abf\u0ab7\u0ac7 \u0a88\u0ab6\u0acd\u0ab5\u0ab0 \u0a95\u0ab9\u0ac7\u0aa4\u0abe\u0a82 \u0aa8\u0aa5\u0ac0; \u0aaa\u0aa3 '\u0aa4\u0abe\u0ab0\u0abe \u0ab8\u0a82\u0aa4\u0abe\u0aa8\u0aa8\u0ac7', \u0a8f\u0aae \u0a8f\u0a95 \u0ab5\u0abf\u0ab7\u0ac7 [\u0a95\u0ab9\u0ac7 \u0a9b\u0ac7] \u0aa4\u0ac7 \u0aa4\u0acb \u0a96\u0acd\u0ab0\u0abf\u0ab8\u0acd\u0aa4 \u0a9b\u0ac7."
                },
                "17": {
                    "verse_nr": "17",
                    "verse": "\u0ab9\u0ab5\u0ac7 \u0ab9\u0ac1\u0a82 \u0a86 \u0a95\u0ab9\u0ac1\u0a82 \u0a9b\u0ac1\u0a82 \u0a95\u0ac7, \u0a9c\u0ac7 \u0a95\u0ab0\u0abe\u0ab0 \u0a88\u0ab6\u0acd\u0ab5\u0ab0\u0ac7 \u0a96\u0acd\u0ab0\u0abf\u0ab8\u0acd\u0aa4\u0aae\u0abe\u0a82 \u0a85\u0a97\u0abe\u0a89\u0aa5\u0ac0 \u0aa8\u0a95\u0acd\u0a95\u0ac0 \u0a95\u0ab0\u0acd\u0aaf\u0acb \u0ab9\u0aa4\u0acb \u0aa4\u0ac7\u0aa8\u0abe \u0ab5\u0a9a\u0aa8\u0aa8\u0ac7 \u0a9a\u0abe\u0ab0\u0ab8\u0acb \u0aa4\u0acd\u0ab0\u0ac0\u0ab8 \u0ab5\u0ab0\u0ab8 \u0aaa\u0a9b\u0ac0 \u0a86\u0ab5\u0ac7\u0ab2 \u0aa8\u0abf\u0aaf\u0aae\u0ab6\u0abe\u0ab8\u0acd\u0aa4\u0acd\u0ab0 \u0ab0\u0aa6 \u0a95\u0ab0\u0ac0 \u0ab6\u0a95\u0aa4\u0ac1\u0a82 \u0aa8\u0aa5\u0ac0."
                },
                "18": {
                    "verse_nr": "18",
                    "verse": "\u0a95\u0ac7\u0aae \u0a95\u0ac7 \u0a9c\u0acb \u0ab5\u0abe\u0ab0\u0ab8\u0acb \u0aa8\u0abf\u0aaf\u0aae\u0ab6\u0abe\u0ab8\u0acd\u0aa4\u0acd\u0ab0\u0aa5\u0ac0 \u0a9b\u0ac7, \u0aa4\u0acb \u0aa4\u0ac7 \u0ab5\u0a9a\u0aa8\u0aa5\u0ac0 \u0aa8\u0aa5\u0ac0; \u0aaa\u0aa3 \u0a88\u0ab6\u0acd\u0ab5\u0ab0\u0ac7 \u0ab5\u0a9a\u0aa8\u0aa5\u0ac0 \u0a9c \u0a87\u0aac\u0acd\u0ab0\u0abe\u0ab9\u0abf\u0aae\u0aa8\u0ac7 \u0aa4\u0ac7 \u0ab5\u0abe\u0ab0\u0ab8\u0acb \u0a86\u0aaa\u0acd\u0aaf\u0acb."
                },
                "19": {
                    "verse_nr": "19",
                    "verse": "\u0aa4\u0acb \u0aa8\u0abf\u0aaf\u0aae\u0ab6\u0abe\u0ab8\u0acd\u0aa4\u0acd\u0ab0 \u0ab6\u0abe \u0aae\u0abe\u0a9f\u0ac7 \u0ab9\u0aa4\u0ac1\u0a82? \u0a9c\u0ac7\u0a93\u0aa8\u0ac7 \u0a87\u0aac\u0acd\u0ab0\u0abe\u0ab9\u0abf\u0aae\u0aa8\u0ac1\u0a82 \u0ab8\u0a82\u0aa4\u0abe\u0aa8 \u0a86\u0aaa\u0ab5\u0abe\u0aa8\u0ac1\u0a82 \u0ab5\u0a9a\u0aa8 \u0a86\u0aaa\u0ab5\u0abe\u0aae\u0abe\u0a82 \u0a86\u0ab5\u0acd\u0aaf\u0ac1\u0a82 \u0ab9\u0aa4\u0ac1\u0a82 \u0aa4\u0ac7\u0a93\u0aa8\u0ac0 \u0aaa\u0abe\u0ab8\u0ac7 \u0aa4\u0ac7 \u0ab8\u0a82\u0aa4\u0abe\u0aa8 \u0a86\u0ab5\u0ac7 \u0aa4\u0acd\u0aaf\u0abe\u0a82 \u0ab8\u0ac1\u0aa7\u0ac0 \u0aa8\u0abf\u0aaf\u0aae\u0ab6\u0abe\u0ab8\u0acd\u0aa4\u0acd\u0ab0 \u0a85\u0aaa\u0ab0\u0abe\u0aa7\u0acb\u0aa8\u0ac7 \u0ab2\u0ac0\u0aa7\u0ac7 \u0a86\u0aaa\u0ab5\u0abe\u0aae\u0abe\u0a82 \u0a86\u0ab5\u0ac7\u0ab2\u0ac1\u0a82 \u0ab9\u0aa4\u0ac1\u0a82; \u0a85\u0aa8\u0ac7 \u0aa4\u0ac7 \u0aae\u0aa7\u0acd\u0aaf\u0ab8\u0acd\u0aa5\u0aa8\u0ac0 \u0aae\u0abe\u0ab0\u0aab\u0aa4\u0ac7, \u0ab8\u0acd\u0ab5\u0ab0\u0acd\u0a97\u0aa6\u0ac2\u0aa4\u0acb \u0aa6\u0acd\u0ab5\u0abe\u0ab0\u0abe \u0aab\u0ab0\u0aae\u0abe\u0ab5\u0ac7\u0ab2\u0ac1\u0a82 \u0ab9\u0aa4\u0ac1\u0a82."
                },
                "20": {
                    "verse_nr": "20",
                    "verse": "\u0ab9\u0ab5\u0ac7 \u0aae\u0aa7\u0acd\u0aaf\u0ab8\u0acd\u0aa5 \u0aa4\u0acb \u0aae\u0abe\u0aa4\u0acd\u0ab0 \u0a8f\u0a95\u0aa8\u0acb (\u0aae\u0aa7\u0acd\u0aaf\u0ab8\u0acd\u0aa5) \u0aa8\u0aa5\u0ac0, \u0aaa\u0aa3 \u0a88\u0ab6\u0acd\u0ab5\u0ab0 \u0a8f\u0a95 \u0a9b\u0ac7."
                },
                "21": {
                    "verse_nr": "21",
                    "verse": "\u0aa4\u0acd\u0aaf\u0abe\u0ab0\u0ac7 \u0ab6\u0ac1\u0a82 \u0aa8\u0abf\u0aaf\u0aae\u0ab6\u0abe\u0ab8\u0acd\u0aa4\u0acd\u0ab0 \u0a88\u0ab6\u0acd\u0ab5\u0ab0\u0aa8\u0abe\u0a82 \u0a86\u0ab6\u0abe\u0ab5\u0a9a\u0aa8\u0acb\u0aa5\u0ac0 \u0ab5\u0abf\u0ab0\u0ac1\u0aa7\u0acd\u0aa7 \u0a9b\u0ac7? \u0a95\u0aa6\u0ac0 \u0aa8\u0ab9\u0abf, \u0a95\u0ac7\u0aae \u0a95\u0ac7 \u0a9c\u0ac0\u0ab5\u0aa8 \u0a86\u0aaa\u0ac0 \u0ab6\u0a95\u0ac7 \u0a8f\u0ab5\u0acb \u0a95\u0acb\u0a88 \u0aa8\u0abf\u0aaf\u0aae \u0a9c\u0acb \u0a86\u0aaa\u0ab5\u0abe\u0aae\u0abe\u0a82 \u0a86\u0ab5\u0acd\u0aaf\u0acb \u0ab9\u0acb\u0aa4, \u0aa4\u0acb \u0aa8\u0abf\u0ab6\u0acd\u0a9a\u0ac7 \u0aa8\u0abf\u0aaf\u0aae\u0ab6\u0abe\u0ab8\u0acd\u0aa4\u0acd\u0ab0\u0aa5\u0ac0 \u0aa8\u0acd\u0aaf\u0abe\u0aaf\u0ac0\u0aaa\u0aa3\u0ac1\u0a82 \u0aae\u0ab3\u0aa4."
                },
                "22": {
                    "verse_nr": "22",
                    "verse": "\u0aaa\u0aa3 \u0ab6\u0abe\u0ab8\u0acd\u0aa4\u0acd\u0ab0\u0ab5\u0a9a\u0aa8\u0ac7 \u0aac\u0aa7\u0abe\u0aa8\u0ac7 \u0aaa\u0abe\u0aaa\u0aa8\u0abe\u0a82 \u0aac\u0a82\u0aa7\u0aa8\u0aae\u0abe\u0a82 \u0a9c\u0a95\u0aa1\u0acd\u0aaf\u0abe\u0a82, \u0a95\u0ac7 \u0a86\u0aaa\u0aa3\u0acb \u0aac\u0a9a\u0abe\u0ab5 \u0a88\u0ab8\u0ac1 \u0a96\u0acd\u0ab0\u0abf\u0ab8\u0acd\u0aa4 \u0aaa\u0ab0 \u0ab5\u0abf\u0ab6\u0acd\u0ab5\u0abe\u0ab8 \u0a95\u0ab0\u0ab5\u0abe\u0aa5\u0ac0 \u0a9b\u0ac7 \u0aa4\u0ac7 \u0ab5\u0a9a\u0aa8 \u0ab5\u0abf\u0ab6\u0acd\u0ab5\u0abe\u0ab8 \u0a95\u0ab0\u0aa8\u0abe\u0ab0\u0abe\u0a93\u0aa8\u0ac7 \u0a86\u0aaa\u0ab5\u0abe\u0aae\u0abe\u0a82 \u0a86\u0ab5\u0ac7."
                },
                "23": {
                    "verse_nr": "23",
                    "verse": "\u0aaa\u0aa3 \u0a86 \u0ab5\u0abf\u0ab6\u0acd\u0ab5\u0abe\u0ab8 \u0a86\u0ab5\u0acd\u0aaf\u0abe \u0a85\u0a97\u0abe\u0a89, \u0aa4\u0ac7 \u0ab5\u0abf\u0ab6\u0acd\u0ab5\u0abe\u0ab8 \u0aaa\u0acd\u0ab0\u0a97\u0a9f \u0aa5\u0abe\u0aaf \u0aa4\u0acd\u0aaf\u0abe\u0a82 \u0ab8\u0ac1\u0aa7\u0ac0 \u0a86\u0aaa\u0aa3\u0ac7 \u0aa8\u0abf\u0aaf\u0aae\u0ab6\u0abe\u0ab8\u0acd\u0aa4\u0acd\u0ab0 \u0aa6\u0acd\u0ab5\u0abe\u0ab0\u0abe \u0a95\u0ac8\u0aa6 \u0a95\u0ab0\u0abe\u0aaf\u0ac7\u0ab2\u0abe \u0a85\u0aa8\u0ac7 \u0aac\u0a82\u0aa7\u0aa8\u0aae\u0abe\u0a82 \u0ab9\u0aa4\u0abe."
                },
                "24": {
                    "verse_nr": "24",
                    "verse": "\u0a8f\u0aae \u0a86\u0aaa\u0aa3\u0aa8\u0ac7 \u0a96\u0acd\u0ab0\u0abf\u0ab8\u0acd\u0aa4\u0aa8\u0ac0 \u0aaa\u0abe\u0ab8\u0ac7 \u0aaa\u0ab9\u0acb\u0a82\u0a9a\u0abe\u0aa1\u0ab5\u0abe \u0ab8\u0abe\u0ab0\u0ac1 \u0aa8\u0abf\u0aaf\u0aae\u0ab6\u0abe\u0ab8\u0acd\u0aa4\u0acd\u0ab0 \u0a86\u0aaa\u0aa3\u0acb \u0aac\u0abe\u0ab3\u0ab6\u0abf\u0a95\u0acd\u0ab7\u0a95 \u0ab9\u0aa4\u0ac1\u0a82 \u0a95\u0ac7 \u0a9c\u0ac7\u0aa5\u0ac0 \u0a86\u0aaa\u0aa3\u0ac7 \u0ab5\u0abf\u0ab6\u0acd\u0ab5\u0abe\u0ab8\u0aa5\u0ac0 \u0aa8\u0acd\u0aaf\u0abe\u0aaf\u0ac0 \u0aa0\u0ab0\u0ac0\u0a8f."
                },
                "25": {
                    "verse_nr": "25",
                    "verse": "\u0aaa\u0aa3 \u0ab9\u0ab5\u0ac7 \u0ab5\u0abf\u0ab6\u0acd\u0ab5\u0abe\u0ab8 \u0a86\u0ab5\u0acd\u0aaf\u0abe \u0aaa\u0a9b\u0ac0 \u0a86\u0aaa\u0aa3\u0ac7 \u0aac\u0abe\u0ab3\u0ab6\u0abf\u0a95\u0acd\u0ab7\u0a95\u0aa8\u0abe \u0ab9\u0abe\u0aa5 \u0aa8\u0ac0\u0a9a\u0ac7 \u0aa8\u0aa5\u0ac0."
                },
                "26": {
                    "verse_nr": "26",
                    "verse": "\u0a95\u0ac7\u0aae \u0a95\u0ac7 \u0aa4\u0aae\u0ac7 \u0aac\u0aa7\u0abe \u0a96\u0acd\u0ab0\u0abf\u0ab8\u0acd\u0aa4 \u0a88\u0ab8\u0ac1 \u0aaa\u0ab0\u0aa8\u0abe \u0ab5\u0abf\u0ab6\u0acd\u0ab5\u0abe\u0ab8\u0aa5\u0ac0 \u0a88\u0ab6\u0acd\u0ab5\u0ab0\u0aa8\u0abe \u0aa6\u0ac0\u0a95\u0ab0\u0abe \u0a9b\u0acb;"
                },
                "27": {
                    "verse_nr": "27",
                    "verse": "\u0a95\u0ac7\u0aae \u0a95\u0ac7 \u0aa4\u0aae\u0abe\u0ab0\u0abe\u0aae\u0abe\u0a82\u0aa8\u0abe \u0a9c\u0ac7\u0a9f\u0ab2\u0abe\u0a82 \u0a96\u0acd\u0ab0\u0abf\u0ab8\u0acd\u0aa4\u0aae\u0abe\u0a82 \u0aac\u0abe\u0aaa\u0acd\u0aa4\u0abf\u0ab8\u0acd\u0aae\u0abe \u0aaa\u0abe\u0aae\u0acd\u0aaf\u0abe \u0aa4\u0ac7\u0a9f\u0ab2\u0abe\u0a82\u0a8f \u0a96\u0acd\u0ab0\u0abf\u0ab8\u0acd\u0aa4\u0aa8\u0ac7 \u0a85\u0aaa\u0aa8\u0abe\u0ab5\u0ac0 \u0ab2\u0ac0\u0aa7\u0abe."
                },
                "28": {
                    "verse_nr": "28",
                    "verse": "\u0aae\u0abe\u0a9f\u0ac7 \u0ab9\u0ab5\u0ac7 \u0a95\u0acb\u0a88 \u0aaf\u0ab9\u0ac2\u0aa6\u0ac0 \u0aa8\u0aa5\u0ac0 \u0a95\u0ac7 \u0a97\u0acd\u0ab0\u0ac0\u0a95 \u0aa8\u0aa5\u0ac0, \u0a95\u0acb\u0a88 \u0aa6\u0abe\u0ab8 \u0aa8\u0aa5\u0ac0 \u0a95\u0ac7 \u0ab8\u0acd\u0ab5\u0aa4\u0a82\u0aa4\u0acd\u0ab0 \u0aa8\u0aa5\u0ac0, \u0a95\u0acb\u0a88 \u0aaa\u0ac1\u0ab0\u0ac1\u0ab7 \u0aa8\u0aa5\u0ac0 \u0a95\u0ac7 \u0ab8\u0acd\u0aa4\u0acd\u0ab0\u0ac0 \u0aa8\u0aa5\u0ac0, \u0a95\u0ac7\u0aae \u0a95\u0ac7 \u0aa4\u0aae\u0ac7 \u0aac\u0aa7\u0abe \u0a96\u0acd\u0ab0\u0abf\u0ab8\u0acd\u0aa4\u0aae\u0abe\u0a82 \u0a8f\u0a95 \u0a9b\u0acb."
                },
                "29": {
                    "verse_nr": "29",
                    "verse": "\u0a85\u0aa8\u0ac7 \u0a9c\u0acb \u0aa4\u0aae\u0ac7 \u0a96\u0acd\u0ab0\u0abf\u0ab8\u0acd\u0aa4\u0aa8\u0abe\u0a82 \u0a9b\u0acb, \u0aa4\u0acb \u0aa4\u0aae\u0ac7 \u0a87\u0aac\u0acd\u0ab0\u0abe\u0ab9\u0abf\u0aae\u0aa8\u0abe\u0a82 \u0ab8\u0a82\u0aa4\u0abe\u0aa8 \u0a85\u0aa8\u0ac7 \u0ab5\u0a9a\u0aa8 \u0aaa\u0acd\u0ab0\u0aae\u0abe\u0aa3\u0ac7 \u0ab5\u0abe\u0ab0\u0ab8 \u0aaa\u0aa3 \u0a9b\u0acb."
                }
            }
        },
        "4": {
            "chapter_nr": "4",
            "chapter": {
                "1": {
                    "verse_nr": "1",
                    "verse": "\u0ab9\u0ab5\u0ac7 \u0ab9\u0ac1\u0a82 \u0a95\u0ab9\u0ac1\u0a82 \u0a9b\u0ac1\u0a82 \u0a95\u0ac7, \u0ab5\u0abe\u0ab0\u0ab8 \u0a9c\u0acd\u0aaf\u0abe\u0a82 \u0ab8\u0ac1\u0aa7\u0ac0 \u0aac\u0abe\u0ab3\u0a95 \u0a9b\u0ac7, \u0aa4\u0acd\u0aaf\u0abe\u0a82 \u0ab8\u0ac1\u0aa7\u0ac0 \u0ab8\u0ab0\u0acd\u0ab5\u0aa8\u0acb \u0aae\u0abe\u0ab2\u0abf\u0a95 \u0a9b\u0ac7; \u0aa4\u0ac7 \u0a9b\u0aa4\u0abe\u0a82 \u0aaa\u0aa3 \u0aa4\u0ac7\u0aa8\u0abe\u0aae\u0abe\u0a82 \u0a85\u0aa8\u0ac7 \u0aa6\u0abe\u0ab8\u0aae\u0abe\u0a82 \u0a95\u0a82\u0a88 \u0aaa\u0aa3 \u0aa4\u0aab\u0abe\u0ab5\u0aa4 \u0aa8\u0aa5\u0ac0."
                },
                "2": {
                    "verse_nr": "2",
                    "verse": "\u0aaa\u0aa3 \u0aaa\u0abf\u0aa4\u0abe\u0a8f \u0aa0\u0ab0\u0abe\u0ab5\u0ac7\u0ab2\u0ac0 \u0aae\u0ac1\u0aa6\u0aa4 \u0ab8\u0ac1\u0aa7\u0ac0 \u0aa4\u0ac7 \u0ab5\u0abe\u0ab2\u0ac0\u0a93 \u0aa4\u0aa5\u0abe \u0a95\u0abe\u0ab0\u0aad\u0abe\u0ab0\u0ac0\u0a93\u0aa8\u0ac7 \u0a86\u0aa7\u0ac0\u0aa8 \u0a9b\u0ac7."
                },
                "3": {
                    "verse_nr": "3",
                    "verse": "\u0aa4\u0ac7 \u0aaa\u0acd\u0ab0\u0aae\u0abe\u0aa3\u0ac7 \u0a86\u0aaa\u0aa3\u0ac7 \u0aaa\u0aa3 \u0a9c\u0aaf\u0abe\u0ab0\u0ac7 \u0aac\u0abe\u0ab3\u0a95 \u0ab9\u0aa4\u0abe, \u0aa4\u0acd\u0aaf\u0abe\u0ab0\u0ac7 \u0a9c\u0a97\u0aa4\u0aa8\u0abe \u0aa4\u0aa4\u0acd\u0ab5\u0acb\u0aa8\u0ac7 \u0a86\u0aa7\u0ac0\u0aa8 \u0aa6\u0abe\u0ab8\u0aa4\u0acd\u0ab5\u0aae\u0abe\u0a82 \u0ab9\u0aa4\u0abe."
                },
                "4": {
                    "verse_nr": "4",
                    "verse": "\u0aaa\u0aa3 \u0ab8\u0aae\u0aaf\u0aa8\u0ac0 \u0ab8\u0a82\u0aaa\u0ac2\u0ab0\u0acd\u0aa3\u0aa4\u0abe\u0a8f, \u0a88\u0ab6\u0acd\u0ab5\u0ab0\u0ac7 \u0ab8\u0acd\u0aa4\u0acd\u0ab0\u0ac0\u0aa5\u0ac0 \u0a9c\u0aa8\u0acd\u0aae\u0ac7\u0ab2\u0acb \u0a85\u0aa8\u0ac7 \u0aa8\u0abf\u0aaf\u0aae\u0ab6\u0abe\u0ab8\u0acd\u0aa4\u0acd\u0ab0\u0aa8\u0ac7 \u0a86\u0aa7\u0ac0\u0aa8 \u0a9c\u0aa8\u0acd\u0aae\u0ac7\u0ab2\u0acb, \u0a8f\u0ab5\u0acb \u0aaa\u0acb\u0aa4\u0abe\u0aa8\u0acb \u0aaa\u0ac1\u0aa4\u0acd\u0ab0 (\u0a8f\u0ab5\u0abe \u0ab9\u0ac7\u0aa4\u0ac1\u0aa5\u0ac0) \u0aae\u0acb\u0a95\u0ab2\u0acd\u0aaf\u0acb,"
                },
                "5": {
                    "verse_nr": "5",
                    "verse": "\u0a95\u0ac7 \u0a9c\u0ac7\u0a93 \u0aa8\u0abf\u0aaf\u0aae\u0ab6\u0abe\u0ab8\u0acd\u0aa4\u0acd\u0ab0\u0aa8\u0abe \u0aa6\u0abe\u0ab8\u0aa4\u0acd\u0ab5\u0aae\u0abe\u0a82 \u0ab9\u0aa4\u0abe \u0aa4\u0ac7\u0a93\u0aa8\u0ac7 \u0aa4\u0ac7 \u0aae\u0ac1\u0a95\u0acd\u0aa4 \u0a95\u0ab0\u0abe\u0ab5\u0ac7, \u0a9c\u0ac7\u0aa5\u0ac0 \u0a86\u0aaa\u0aa3\u0ac7 \u0aa4\u0ac7\u0aae\u0aa8\u0abe \u0aa6\u0aa4\u0acd\u0aa4\u0a95 \u0ab8\u0a82\u0aa4\u0abe\u0aa8\u0acb \u0aa4\u0ab0\u0ac0\u0a95\u0ac7 \u0ab8\u0acd\u0ab5\u0ac0\u0a95\u0abe\u0ab0\u0abe\u0a88\u0a8f."
                },
                "6": {
                    "verse_nr": "6",
                    "verse": "\u0aa4\u0aae\u0ac7 \u0aa6\u0ac0\u0a95\u0ab0\u0abe \u0a9b\u0acb, \u0aa4\u0ac7 \u0aae\u0abe\u0a9f\u0ac7 \u0a88\u0ab6\u0acd\u0ab5\u0ab0\u0ac7 \u0aa4\u0aae\u0abe\u0ab0\u0abe \u0ab9\u0ac3\u0aa6\u0aaf\u0aae\u0abe\u0a82 \u0aaa\u0acb\u0aa4\u0abe\u0aa8\u0abe \u0aa6\u0ac0\u0a95\u0ab0\u0abe\u0aa8\u0acb \u0a86\u0aa4\u0acd\u0aae\u0abe \u0aae\u0acb\u0a95\u0ab2\u0acd\u0aaf\u0acb \u0a9b\u0ac7, \u0a9c\u0ac7 '\u0aaa\u0abf\u0aa4\u0abe, (\u0a85\u0aac\u0acd\u0aac\u0abe)', \u0aa4\u0ac7\u0ab5\u0ac1\u0a82 \u0a95\u0ab9\u0ac0\u0aa8\u0ac7 \u0aaa\u0acb\u0a95\u0abe\u0ab0\u0ac7 \u0a9b\u0ac7."
                },
                "7": {
                    "verse_nr": "7",
                    "verse": "\u0a8f \u0aae\u0abe\u0a9f\u0ac7 \u0ab9\u0ab5\u0ac7\u0aa5\u0ac0 \u0aa4\u0ac1\u0a82 \u0aa6\u0abe\u0ab8 \u0aa8\u0aa5\u0ac0, \u0aaa\u0aa3 \u0aa6\u0ac0\u0a95\u0ab0\u0acb \u0a9b\u0ac7; \u0a85\u0aa8\u0ac7 \u0a9c\u0acb \u0aa4\u0ac1\u0a82 \u0aa6\u0ac0\u0a95\u0ab0\u0acb \u0a9b\u0ac7, \u0aa4\u0acb \u0a88\u0ab6\u0acd\u0ab5\u0ab0\u0aa8\u0ac7 \u0a86\u0ab6\u0ab0\u0ac7 \u0ab5\u0abe\u0ab0\u0ab8 \u0aaa\u0aa3 \u0a9b\u0ac7."
                },
                "8": {
                    "verse_nr": "8",
                    "verse": "\u0aaa\u0aa3 \u0aaa\u0ab9\u0ac7\u0ab2\u0abe\u0a82 \u0a9c\u0aaf\u0abe\u0ab0\u0ac7 \u0aa4\u0aae\u0ac7 \u0a88\u0ab6\u0acd\u0ab5\u0ab0\u0aa8\u0ac7 \u0a9c\u0abe\u0aa3\u0aa4\u0abe \u0aa8\u0ab9\u0acb\u0aa4\u0abe, \u0aa4\u0acd\u0aaf\u0abe\u0ab0\u0ac7 \u0a9c\u0ac7\u0a93 \u0ab5\u0abe\u0ab8\u0acd\u0aa4\u0ab5\u0aae\u0abe\u0a82 \u0aa6\u0ac7\u0ab5\u0acb \u0aa8\u0aa5\u0ac0 \u0aa4\u0ac7\u0a93\u0aa8\u0ac0 \u0ab8\u0ac7\u0ab5\u0abe \u0aa4\u0aae\u0ac7 \u0a95\u0ab0\u0aa4\u0abe \u0ab9\u0aa4\u0abe."
                },
                "9": {
                    "verse_nr": "9",
                    "verse": "\u0aaa\u0aa3 \u0ab9\u0ab5\u0ac7 \u0aa4\u0aae\u0ac7 \u0a88\u0ab6\u0acd\u0ab5\u0ab0\u0aa8\u0ac7 \u0a93\u0ab3\u0a96\u0acd\u0aaf\u0abe \u0a9b\u0ac7, \u0a85\u0aa5\u0ab5\u0abe \u0ab8\u0abe\u0a9a\u0ac1\u0a82 \u0a8f \u0a9b\u0ac7 \u0a95\u0ac7 \u0a88\u0ab6\u0acd\u0ab5\u0ab0\u0ac7 \u0aa4\u0aae\u0aa8\u0ac7 \u0a93\u0ab3\u0a96\u0acd\u0aaf\u0abe \u0a9b\u0ac7, \u0aa4\u0acb \u0a86 \u0aa8\u0aac\u0ab3\u0abe \u0aa4\u0aa5\u0abe \u0aa8\u0abf\u0ab0\u0acd\u0aae\u0abe\u0ab2\u0acd\u0aaf \u0a9c\u0ac7\u0ab5\u0abe \u0aa4\u0aa4\u0acd\u0ab5\u0acb\u0aa8\u0abe \u0aa6\u0abe\u0ab8\u0aa4\u0acd\u0ab5\u0aa8\u0ac0 \u0aab\u0ab0\u0ac0\u0aa5\u0ac0 \u0a87\u0a9a\u0acd\u0a9b\u0abe \u0ab0\u0abe\u0a96\u0ac0\u0aa8\u0ac7, \u0aa4\u0ac7\u0a93\u0aa8\u0ac0 \u0aa4\u0ab0\u0aab \u0aac\u0ac0\u0a9c\u0ac0 \u0ab5\u0abe\u0ab0 \u0ab6\u0abe \u0aae\u0abe\u0a9f\u0ac7 \u0aaa\u0abe\u0a9b\u0abe \u0aab\u0ab0\u0acb \u0a9b\u0acb?"
                },
                "10": {
                    "verse_nr": "10",
                    "verse": "\u0aa4\u0aae\u0ac7 \u0a96\u0abe\u0ab8 \u0aa6\u0abf\u0ab5\u0ab8\u0acb, \u0aae\u0ab9\u0abf\u0aa8\u0abe\u0a93, \u0aa4\u0ab9\u0ac7\u0ab5\u0abe\u0ab0\u0acb \u0aa4\u0aa5\u0abe \u0ab5\u0ab0\u0acd\u0ab7\u0acb\u0aa8\u0abe\u0a82 \u0aaa\u0ab0\u0acd\u0ab5\u0acb \u0aaa\u0abe\u0ab3\u0acb \u0a9b\u0acb."
                },
                "11": {
                    "verse_nr": "11",
                    "verse": "\u0aa4\u0aae\u0abe\u0ab0\u0ac7 \u0ab5\u0abf\u0ab7\u0ac7 \u0aae\u0aa8\u0ac7 \u0aad\u0aaf \u0ab0\u0ab9\u0ac7 \u0a9b\u0ac7 \u0a95\u0ac7, \u0ab0\u0a96\u0ac7\u0aa8\u0ac7 \u0aa4\u0aae\u0abe\u0ab0\u0abe \u0aae\u0abe\u0a9f\u0ac7 \u0a95\u0ab0\u0ac7\u0ab2\u0acb \u0aae\u0abe\u0ab0\u0acb \u0ab6\u0acd\u0ab0\u0aae \u0a95\u0aa6\u0abe\u0a9a \u0ab5\u0acd\u0aaf\u0ab0\u0acd\u0aa5 \u0a9c\u0abe\u0aaf."
                },
                "12": {
                    "verse_nr": "12",
                    "verse": "\u0a93 \u0aad\u0abe\u0a88\u0a93, \u0ab9\u0ac1\u0a82 \u0aa4\u0aae\u0aa8\u0ac7 \u0ab5\u0abf\u0aa8\u0a82\u0aa4\u0ac0 \u0a95\u0ab0\u0ac1\u0a82 \u0a9b\u0ac1\u0a82 \u0a95\u0ac7, \u0aa4\u0aae\u0ac7 \u0aae\u0abe\u0ab0\u0abe \u0a9c\u0ac7\u0ab5\u0abe \u0aa5\u0abe\u0a93, \u0a95\u0ac7\u0aae \u0a95\u0ac7 \u0ab9\u0ac1\u0a82 \u0aa4\u0aae\u0abe\u0ab0\u0abe \u0a9c\u0ac7\u0ab5\u0acb \u0aa5\u0aaf\u0acb \u0a9b\u0ac1\u0a82; \u0aa4\u0aae\u0ac7 \u0aae\u0abe\u0ab0\u0acb \u0a95\u0a82\u0a88 \u0a85\u0aa8\u0acd\u0aaf\u0abe\u0aaf \u0a95\u0ab0\u0acd\u0aaf\u0acb \u0aa8\u0aa5\u0ac0."
                },
                "13": {
                    "verse_nr": "13",
                    "verse": "\u0aaa\u0aa3 \u0aa4\u0aae\u0ac7 \u0a9c\u0abe\u0aa3\u0acb \u0a9b\u0acb \u0a95\u0ac7, \u0ab6\u0ab0\u0ac0\u0ab0\u0aa8\u0ac0 \u0aa8\u0abf\u0ab0\u0acd\u0aac\u0ab3\u0aa4\u0abe\u0aae\u0abe\u0a82 \u0aae\u0ac7\u0a82 \u0aaa\u0ab9\u0ac7\u0ab2\u0abe\u0a82 \u0aa4\u0aae\u0aa8\u0ac7 \u0ab8\u0ac1\u0ab5\u0abe\u0ab0\u0acd\u0aa4\u0abe \u0aaa\u0acd\u0ab0\u0a97\u0a9f \u0a95\u0ab0\u0ac0."
                },
                "14": {
                    "verse_nr": "14",
                    "verse": "\u0a85\u0aa8\u0ac7 \u0aae\u0abe\u0ab0\u0abe \u0ab6\u0ab0\u0ac0\u0ab0\u0aae\u0abe\u0a82 \u0a9c\u0ac7 \u0aa4\u0aae\u0aa8\u0ac7 \u0aaa\u0ab0\u0ac0\u0a95\u0acd\u0ab7\u0aa3\u0ab0\u0ac2\u0aaa \u0ab9\u0aa4\u0ac1\u0a82, \u0aa4\u0ac7\u0aa8\u0acb \u0aa4\u0abf\u0ab0\u0ab8\u0acd\u0a95\u0abe\u0ab0 \u0a95\u0ac7 \u0aa4\u0ac1\u0a9a\u0acd\u0a9b\u0a95\u0abe\u0ab0 \u0aa4\u0aae\u0ac7 \u0a95\u0ab0\u0acd\u0aaf\u0acb \u0aa8\u0ab9\u0abf; \u0aaa\u0aa3 \u0a9c\u0abe\u0aa3\u0ac7 \u0a95\u0ac7 \u0ab9\u0ac1\u0a82 \u0a88\u0ab6\u0acd\u0ab5\u0ab0\u0aa8\u0acb \u0ab8\u0acd\u0ab5\u0ab0\u0acd\u0a97\u0aa6\u0ac2\u0aa4 \u0ab9\u0acb\u0a89\u0a82, \u0ab5\u0ab3\u0ac0 \u0a88\u0ab8\u0ac1 \u0a96\u0acd\u0ab0\u0abf\u0ab8\u0acd\u0aa4 \u0ab9\u0acb\u0a89\u0a82, \u0aa4\u0ac7\u0ab5\u0ac0 \u0ab0\u0ac0\u0aa4\u0ac7 \u0aa4\u0aae\u0ac7 \u0aae\u0abe\u0ab0\u0acb \u0ab8\u0acd\u0ab5\u0ac0\u0a95\u0abe\u0ab0 \u0a95\u0ab0\u0acd\u0aaf\u0acb."
                },
                "15": {
                    "verse_nr": "15",
                    "verse": "\u0aa4\u0acb \u0aaa\u0a9b\u0ac0 \u0aa4\u0aae\u0ac7 \u0aae\u0abe\u0ab0\u0ac0 \u0a9c\u0ac7 \u0a95\u0aa6\u0ab0 \u0a95\u0ab0\u0ac0 \u0ab9\u0aa4\u0ac0 \u0aa4\u0ac7 \u0ab9\u0ab5\u0ac7 \u0a95\u0acd\u0aaf\u0abe\u0a82 \u0a97\u0a88? \u0a95\u0ac7\u0aae \u0a95\u0ac7 \u0aa4\u0aae\u0abe\u0ab0\u0ac7 \u0ab5\u0abf\u0ab7\u0ac7 \u0aae\u0aa8\u0ac7 \u0a96\u0abe\u0aa4\u0ab0\u0ac0 \u0a9b\u0ac7 \u0a95\u0ac7, \u0a9c\u0acb \u0aac\u0aa8\u0ac0 \u0ab6\u0a95\u0aa4, \u0aa4\u0acb \u0aa4\u0ac7 \u0ab8\u0aae\u0aaf\u0ac7 \u0aa4\u0aae\u0ac7 \u0aa4\u0aae\u0abe\u0ab0\u0ac0 \u0a86\u0a82\u0a96\u0acb \u0aaa\u0aa3 \u0a95\u0abe\u0aa2\u0ac0\u0aa8\u0ac7 \u0aae\u0aa8\u0ac7 \u0a86\u0aaa\u0ac0 \u0ab9\u0acb\u0aa4!"
                },
                "16": {
                    "verse_nr": "16",
                    "verse": "\u0aa4\u0acd\u0aaf\u0abe\u0ab0\u0ac7 \u0ab6\u0ac1\u0a82 \u0aa4\u0aae\u0aa8\u0ac7 \u0ab8\u0abe\u0a9a\u0ac1\u0a82 \u0a95\u0ab9\u0ac7\u0ab5\u0abe\u0aa8\u0ac7 \u0ab2\u0ac0\u0aa7\u0ac7 \u0ab9\u0ac1\u0a82 \u0aa4\u0aae\u0abe\u0ab0\u0acb \u0aa6\u0ac1\u0ab6\u0acd\u0aae\u0aa8 \u0aa5\u0aaf\u0acb \u0a9b\u0ac1\u0a82?"
                },
                "17": {
                    "verse_nr": "17",
                    "verse": "\u0aa4\u0ac7\u0a93 \u0aa4\u0aae\u0aa8\u0ac7 \u0aaa\u0acb\u0aa4\u0abe\u0aa8\u0abe \u0a95\u0ab0\u0ac0 \u0ab2\u0ac7\u0ab5\u0abe \u0a87\u0a9a\u0acd\u0a9b\u0ac7 \u0a9b\u0ac7 \u0aaa\u0aa3 \u0aa4\u0ac7 \u0ab8\u0abe\u0ab0\u0ac1\u0a82 \u0a95\u0ab0\u0ab5\u0abe \u0aae\u0abe\u0a9f\u0ac7 \u0aa8\u0ab9\u0abf, \u0aa4\u0ac7\u0a93 \u0aa4\u0aae\u0aa8\u0ac7 \u0aae\u0abe\u0ab0\u0abe\u0aa5\u0ac0 \u0ab5\u0abf\u0a96\u0ac2\u0a9f\u0abe\u0aaa\u0abe\u0aa1\u0ab5\u0abe \u0a87\u0a9a\u0acd\u0a9b\u0ac7 \u0a9b\u0ac7 \u0a95\u0ac7 \u0a9c\u0ac7\u0aa5\u0ac0 \u0aa4\u0aae\u0ac7 \u0aa4\u0ac7\u0a93\u0aa8\u0ac7 \u0a85\u0aa8\u0ac1\u0ab8\u0ab0\u0acb."
                },
                "18": {
                    "verse_nr": "18",
                    "verse": "\u0aa4\u0aae\u0ac7 \u0ab8\u0abe\u0ab0\u0abe\u0a82 \u0a95\u0abe\u0aae\u0aa8\u0ac7 \u0aae\u0abe\u0a9f\u0ac7 \u0ab9\u0a82\u0aae\u0ac7\u0ab6\u0abe \u0a96\u0a82\u0aa4 \u0ab0\u0abe\u0a96\u0acb \u0aa4\u0ac7 \u0ab8\u0abe\u0ab0\u0ac1\u0a82 \u0a9b\u0ac7 \u0a85\u0aa8\u0ac7 \u0aaa\u0aa3 \u0aa4\u0ac7 \u0aae\u0abe\u0aa4\u0acd\u0ab0 \u0ab9\u0ac1\u0a82 \u0aa4\u0aae\u0abe\u0ab0\u0ac0 \u0aaa\u0abe\u0ab8\u0ac7 \u0ab9\u0abe\u0a9c\u0ab0 \u0ab9\u0acb\u0a89\u0a82 \u0a8f\u0a9f\u0ab2\u0abe \u0aaa\u0ac2\u0ab0\u0aa4\u0ac1\u0a82 \u0a9c \u0aa8 \u0ab9\u0acb\u0ab5\u0ac1\u0a82 \u0a9c\u0acb\u0a88\u0a8f."
                },
                "19": {
                    "verse_nr": "19",
                    "verse": "\u0ab9\u0ac7 \u0aae\u0abe\u0ab0\u0abe\u0a82 \u0aac\u0abe\u0ab3\u0a95\u0acb, \u0a88\u0ab8\u0ac1 \u0a96\u0acd\u0ab0\u0abf\u0ab8\u0acd\u0aa4\u0aa8\u0ac0 \u0aaa\u0acd\u0ab0\u0aa4\u0abf\u0aae\u0abe \u0aa4\u0aae\u0abe\u0ab0\u0abe\u0aae\u0abe\u0a82 \u0a89\u0aa4\u0acd\u0aaa\u0aa8\u0acd\u0aa8 \u0aa5\u0abe\u0aaf, \u0aa4\u0acd\u0aaf\u0abe\u0a82 \u0ab8\u0ac1\u0aa7\u0ac0 \u0aa4\u0aae\u0abe\u0ab0\u0ac7 \u0aae\u0abe\u0a9f\u0ac7 \u0aae\u0aa8\u0ac7 \u0aab\u0ab0\u0ac0\u0aa5\u0ac0 \u0aaa\u0acd\u0ab0\u0ab8\u0ac2\u0aa4\u0abe\u0aa8\u0ac7 \u0aa5\u0aa4\u0ac0 \u0ab9\u0acb\u0aaf \u0a8f\u0ab5\u0ac0 \u0aaa\u0ac0\u0aa1\u0abe \u0aa5\u0abe\u0aaf \u0a9b\u0ac7,"
                },
                "20": {
                    "verse_nr": "20",
                    "verse": "\u0aaa\u0aa3 \u0ab9\u0aae\u0aa3\u0abe\u0a82 \u0aa4\u0aae\u0abe\u0ab0\u0ac0 \u0aaa\u0abe\u0ab8\u0ac7 \u0ab9\u0abe\u0a9c\u0ab0 \u0aa5\u0ab5\u0abe\u0aa8\u0ac0 \u0a85\u0aa8\u0ac7 \u0aae\u0abe\u0ab0\u0ac0 \u0aac\u0acb\u0ab2\u0ab5\u0abe\u0aa8\u0ac0 \u0aaa\u0aa7\u0acd\u0aa7\u0aa4\u0abf \u0aac\u0aa6\u0ab2\u0ab5\u0abe\u0aa8\u0ac0 \u0aae\u0aa8\u0ac7 \u0a87\u0a9a\u0acd\u0a9b\u0abe \u0aa5\u0abe\u0aaf \u0a9b\u0ac7, \u0a95\u0ac7\u0aae \u0a95\u0ac7 \u0aa4\u0aae\u0abe\u0ab0\u0ac7 \u0ab5\u0abf\u0ab7\u0ac7 \u0ab9\u0ac1\u0a82 \u0aae\u0ac2\u0a82\u0a9d\u0ab5\u0aa3 \u0a85\u0aa8\u0ac1\u0aad\u0ab5\u0ac1\u0a82 \u0a9b\u0ac1\u0a82."
                },
                "21": {
                    "verse_nr": "21",
                    "verse": "\u0aa8\u0abf\u0aaf\u0aae\u0ab6\u0abe\u0ab8\u0acd\u0aa4\u0acd\u0ab0\u0aa8\u0ac7 \u0a86\u0aa7\u0ac0\u0aa8 \u0ab0\u0ab9\u0ac7\u0ab5\u0abe\u0aa8\u0ac0 \u0a87\u0a9a\u0acd\u0a9b\u0abe \u0ab0\u0abe\u0a96\u0aa8\u0abe\u0ab0\u0abe\u0a93, \u0aae\u0aa8\u0ac7 \u0a95\u0ab9\u0acb \u0a95\u0ac7, \u0ab6\u0ac1\u0a82 \u0aa4\u0aae\u0ac7 \u0aa8\u0abf\u0aaf\u0aae\u0ab6\u0abe\u0ab8\u0acd\u0aa4\u0acd\u0ab0 \u0ab8\u0abe\u0a82\u0aad\u0ab3\u0aa4\u0abe\u0a82 \u0aa8\u0aa5\u0ac0?"
                },
                "22": {
                    "verse_nr": "22",
                    "verse": "\u0a95\u0ac7\u0aae \u0a95\u0ac7 \u0a8f\u0aae \u0ab2\u0a96\u0ac7\u0ab2\u0ac1\u0a82 \u0a9b\u0ac7 \u0a95\u0ac7, \u0a87\u0aac\u0acd\u0ab0\u0abe\u0ab9\u0abf\u0aae\u0aa8\u0ac7 \u0aac\u0ac7 \u0aa6\u0ac0\u0a95\u0ab0\u0abe \u0ab9\u0aa4\u0abe, \u0a8f\u0a95 \u0aa6\u0abe\u0ab8\u0ac0 \u0aa6\u0acd\u0ab5\u0abe\u0ab0\u0abe \u0a9c\u0aa8\u0acd\u0aae\u0ac7\u0ab2\u0acb \u0a85\u0aa8\u0ac7 \u0aac\u0ac0\u0a9c\u0acb \u0aaa\u0aa4\u0acd\u0aa8\u0ac0 \u0aa6\u0acd\u0ab5\u0abe\u0ab0\u0abe \u0a9c\u0aa8\u0acd\u0aae\u0ac7\u0ab2\u0acb."
                },
                "23": {
                    "verse_nr": "23",
                    "verse": "\u0a9c\u0ac7 \u0aa6\u0abe\u0ab8\u0ac0\u0aa8\u0acb \u0aa4\u0ac7 \u0aae\u0aa8\u0ac1\u0ab7\u0acd\u0aaf\u0aa6\u0ac7\u0ab9 \u0aaa\u0acd\u0ab0\u0aae\u0abe\u0aa3\u0ac7 \u0a9c\u0aa8\u0acd\u0aae\u0ac7\u0ab2\u0acb \u0ab9\u0aa4\u0acb \u0a85\u0aa8\u0ac7 \u0a9c\u0ac7 \u0aaa\u0aa4\u0acd\u0aa8\u0ac0\u0aa8\u0acb \u0aa4\u0ac7 \u0ab5\u0a9a\u0aa8 \u0aaa\u0acd\u0ab0\u0aae\u0abe\u0aa3\u0ac7 \u0a9c\u0aa8\u0acd\u0aae\u0ac7\u0ab2\u0acb \u0ab9\u0aa4\u0acb."
                },
                "24": {
                    "verse_nr": "24",
                    "verse": "\u0aa4\u0ac7\u0a93 \u0aa4\u0acb \u0aa8\u0aae\u0ac2\u0aa8\u0abe\u0ab0\u0ac2\u0aaa \u0a9b\u0ac7 \u0a95\u0ac7\u0aae \u0a95\u0ac7 \u0aa4\u0ac7 \u0ab8\u0acd\u0aa4\u0acd\u0ab0\u0ac0\u0a93 \u0a9c\u0abe\u0aa3\u0ac7 \u0aac\u0ac7 \u0a95\u0ab0\u0abe\u0ab0\u0acb \u0a9b\u0ac7; \u0a8f\u0a95 \u0aa4\u0acb \u0ab8\u0abf\u0aa8\u0abe\u0a88 \u0aaa\u0ab9\u0abe\u0aa1 \u0aaa\u0ab0\u0aa8\u0acb, \u0a95\u0ac7 \u0a9c\u0ac7 \u0aa6\u0abe\u0ab8\u0aa4\u0acd\u0ab5\u0aa8\u0ac7 \u0a9c\u0aa8\u0acd\u0aae \u0a86\u0aaa\u0ac7 \u0a9b\u0ac7 \u0a85\u0aa8\u0ac7 \u0aa4\u0ac7 \u0aa4\u0acb \u0ab9\u0abe\u0a97\u0abe\u0ab0 (\u0aa6\u0abe\u0ab8\u0ac0) \u0a9b\u0ac7."
                },
                "25": {
                    "verse_nr": "25",
                    "verse": "\u0ab9\u0ab5\u0ac7 \u0ab9\u0abe\u0a97\u0abe\u0ab0 \u0aa4\u0acb \u0a9c\u0abe\u0aa3\u0ac7 \u0a85\u0ab0\u0aac\u0ab8\u0acd\u0aa4\u0abe\u0aa8\u0aae\u0abe\u0a82\u0aa8\u0acb \u0ab8\u0abf\u0aa8\u0abe\u0a88 \u0aaa\u0ab9\u0abe\u0aa1 \u0a9b\u0ac7, \u0aa4\u0ac7 \u0ab9\u0abe\u0ab2\u0aa8\u0abe\u0a82 \u0aaf\u0ab0\u0ac1\u0ab6\u0abe\u0ab2\u0ac7\u0aae\u0aa8\u0ac7 \u0ab2\u0abe\u0a97\u0ac1 \u0aaa\u0aa1\u0ac7 \u0a9b\u0ac7, \u0a95\u0ac7\u0aae \u0a95\u0ac7 \u0aa4\u0ac7 \u0aaa\u0acb\u0aa4\u0abe\u0aa8\u0abe\u0a82 \u0ab8\u0a82\u0aa4\u0abe\u0aa8\u0acb \u0ab8\u0abe\u0aa5\u0ac7 \u0aa6\u0abe\u0ab8\u0aa4\u0acd\u0ab5\u0aae\u0abe\u0a82 \u0a9b\u0ac7."
                },
                "26": {
                    "verse_nr": "26",
                    "verse": "\u0aaa\u0aa3 \u0a89\u0aaa\u0ab0\u0aa8\u0ac1\u0a82 \u0aaf\u0ab0\u0ac1\u0ab6\u0abe\u0ab2\u0ac7\u0aae \u0ab8\u0acd\u0ab5\u0aa4\u0a82\u0aa4\u0acd\u0ab0 \u0a9b\u0ac7, \u0aa4\u0ac7 \u0a86\u0aaa\u0aa3\u0ac0 \u0aae\u0abe\u0aa4\u0abe \u0a9b\u0ac7;"
                },
                "27": {
                    "verse_nr": "27",
                    "verse": "\u0a95\u0ac7\u0aae \u0a95\u0ac7 \u0ab2\u0a96\u0ac7\u0ab2\u0ac1\u0a82 \u0a9b\u0ac7 \u0a95\u0ac7, '\u0ab9\u0ac7 \u0aa8\u0abf: \u0ab8\u0a82\u0aa4\u0abe\u0aa8, \u0ab8\u0acd\u0aa4\u0acd\u0ab0\u0ac0 \u0aa4\u0ac1\u0a82 \u0a86\u0aa8\u0a82\u0aa6 \u0a95\u0ab0; \u0a9c\u0ac7\u0aa8\u0ac7 \u0aaa\u0acd\u0ab0\u0ab8\u0ac2\u0aa4\u0abf\u0aa8\u0ac0 \u0aaa\u0ac0\u0aa1\u0abe \u0aa5\u0aa4\u0ac0 \u0aa8\u0aa5\u0ac0, \u0aa4\u0ac7 \u0aa4\u0ac1\u0a82 \u0ab9\u0ab0\u0acd\u0ab7\u0aa8\u0abe\u0aa6 \u0a95\u0ab0; \u0a95\u0ac7\u0aae \u0a95\u0ac7 \u0a9c\u0ac7\u0aa8\u0ac7 \u0aaa\u0aa4\u0abf \u0a9b\u0ac7 \u0aa4\u0ac7\u0aa8\u0abe \u0a95\u0ab0\u0aa4\u0abe\u0a82 \u0a8f\u0a95\u0ab2\u0ac0 \u0aae\u0ac1\u0a95\u0abe\u0aaf\u0ac7\u0ab2\u0ac0 \u0ab8\u0acd\u0aa4\u0acd\u0ab0\u0ac0\u0aa8\u0abe\u0a82 \u0ab8\u0a82\u0aa4\u0abe\u0aa8 \u0ab5\u0aa7\u0abe\u0ab0\u0ac7 \u0a9b\u0ac7.'"
                },
                "28": {
                    "verse_nr": "28",
                    "verse": "\u0ab9\u0ab5\u0ac7, \u0ab9\u0ac7 \u0aad\u0abe\u0a88\u0a93, \u0a86\u0aaa\u0aa3\u0ac7 \u0a87\u0ab8\u0ab9\u0abe\u0a95\u0aa8\u0ac0 \u0a9c\u0ac7\u0aae \u0ab5\u0a9a\u0aa8\u0aa8\u0abe\u0a82 \u0ab8\u0a82\u0aa4\u0abe\u0aa8\u0acb \u0a9b\u0ac0\u0a8f."
                },
                "29": {
                    "verse_nr": "29",
                    "verse": "\u0aaa\u0aa3 \u0aa4\u0ac7 \u0ab8\u0aae\u0aaf\u0ac7 \u0a9c\u0ac7\u0aae \u0aa6\u0ac7\u0ab9\u0aa5\u0ac0 \u0a9c\u0aa8\u0acd\u0aae\u0ac7\u0ab2\u0abe\u0a82\u0a8f \u0a86\u0aa4\u0acd\u0aae\u0abe\u0aa5\u0ac0 \u0a9c\u0aa8\u0acd\u0aae\u0ac7\u0ab2\u0abe\u0a82\u0aa8\u0ac7 \u0ab8\u0aa4\u0abe\u0ab5\u0acd\u0aaf\u0acb; \u0aa4\u0ac7\u0ab5\u0ac1\u0a82 \u0a85\u0aa4\u0acd\u0aaf\u0abe\u0ab0\u0ac7 \u0aaa\u0aa3 \u0a9a\u0abe\u0ab2\u0ac7 \u0a9b\u0ac7."
                },
                "30": {
                    "verse_nr": "30",
                    "verse": "\u0aaa\u0aa3 \u0ab6\u0abe\u0ab8\u0acd\u0aa4\u0acd\u0ab0\u0ab5\u0a9a\u0aa8 \u0ab6\u0ac1\u0a82 \u0a95\u0ab9\u0ac7 \u0a9b\u0ac7? '\u0aa6\u0abe\u0ab8\u0ac0\u0aa8\u0ac7 \u0aa4\u0aa5\u0abe \u0aa4\u0ac7\u0aa8\u0abe \u0aa6\u0ac0\u0a95\u0ab0\u0abe\u0aa8\u0ac7 \u0a95\u0abe\u0aa2\u0ac0 \u0aae\u0ac2\u0a95, \u0a95\u0ac7\u0aae \u0a95\u0ac7 \u0aa6\u0abe\u0ab8\u0ac0\u0aa8\u0acb \u0aa6\u0ac0\u0a95\u0ab0\u0acb \u0aaa\u0aa4\u0acd\u0aa8\u0ac0\u0aa8\u0abe \u0aa6\u0ac0\u0a95\u0ab0\u0abe \u0ab8\u0abe\u0aa5\u0ac7 \u0ab5\u0abe\u0ab0\u0ab8 \u0aac\u0aa8\u0ab6\u0ac7 \u0aa8\u0ab9\u0abf.'"
                },
                "31": {
                    "verse_nr": "31",
                    "verse": "\u0aa4\u0ac7\u0aa5\u0ac0, \u0aad\u0abe\u0a88\u0a93, \u0a86\u0aaa\u0aa3\u0ac7 \u0aa6\u0abe\u0ab8\u0ac0\u0aa8\u0abe\u0a82 \u0ab8\u0a82\u0aa4\u0abe\u0aa8\u0acb \u0aa8\u0aa5\u0ac0, \u0aaa\u0aa3 \u0aaa\u0aa4\u0acd\u0aa8\u0ac0\u0aa8\u0abe\u0a82 \u0a9b\u0ac0\u0a8f."
                }
            }
        },
        "5": {
            "chapter_nr": "5",
            "chapter": {
                "1": {
                    "verse_nr": "1",
                    "verse": "\u0a86\u0aaa\u0aa3\u0ac7 \u0aac\u0a82\u0aa7\u0aa8\u0aae\u0abe\u0a82 \u0aa8 \u0ab0\u0ab9\u0ac0\u0a8f \u0aae\u0abe\u0a9f\u0ac7 \u0a96\u0acd\u0ab0\u0abf\u0ab8\u0acd\u0aa4\u0ac7 \u0a86\u0aaa\u0aa3\u0aa8\u0ac7 \u0ab8\u0acd\u0ab5\u0aa4\u0a82\u0aa4\u0acd\u0ab0 \u0a95\u0ab0\u0acd\u0aaf\u0abe \u0a9b\u0ac7; \u0aa4\u0ac7\u0aa5\u0ac0 \u0ab8\u0acd\u0aa5\u0abf\u0ab0 \u0ab0\u0ab9\u0acb \u0a85\u0aa8\u0ac7 \u0aab\u0ab0\u0ac0\u0aa5\u0ac0 \u0aa6\u0abe\u0ab8\u0aa4\u0acd\u0ab5\u0aa8\u0ac0 \u0a9d\u0ac2\u0a82\u0ab8\u0ab0\u0ac0 \u0aa8\u0ac0\u0a9a\u0ac7 \u0aa8 \u0a9c\u0acb\u0aa1\u0abe\u0a93."
                },
                "2": {
                    "verse_nr": "2",
                    "verse": "\u0a9c\u0ac1\u0a93, \u0ab9\u0ac1\u0a82 \u0aaa\u0abe\u0a89\u0ab2, \u0aa4\u0aae\u0aa8\u0ac7 \u0a95\u0ab9\u0ac1\u0a82 \u0a9b\u0ac1\u0a82 \u0a95\u0ac7, \u0a9c\u0acb \u0aa4\u0aae\u0ac7 \u0ab8\u0ac1\u0aa8\u0acd\u0aa8\u0aa4 \u0a95\u0ab0\u0abe\u0ab5\u0acb \u0a9b\u0acb, \u0aa4\u0acb \u0aa4\u0aae\u0aa8\u0ac7 \u0a96\u0acd\u0ab0\u0abf\u0ab8\u0acd\u0aa4\u0aa5\u0ac0 \u0a95\u0a82\u0a88 \u0ab2\u0abe\u0aad \u0aa5\u0ab5\u0abe\u0aa8\u0acb \u0aa8\u0aa5\u0ac0."
                },
                "3": {
                    "verse_nr": "3",
                    "verse": "\u0aa6\u0ab0\u0ac7\u0a95 \u0ab8\u0ac1\u0aa8\u0acd\u0aa8\u0aa4 \u0a95\u0ab0\u0abe\u0ab5\u0aa8\u0abe\u0ab0\u0aa8\u0ac7 \u0ab9\u0ac1\u0a82 \u0aab\u0ab0\u0ac0\u0aa5\u0ac0 \u0a96\u0abe\u0aa4\u0ab0\u0ac0\u0aaa\u0ac2\u0ab0\u0acd\u0ab5\u0a95 \u0a95\u0ab9\u0ac1\u0a82 \u0a9b\u0ac1\u0a82 \u0a95\u0ac7, \u0aa4\u0ac7 \u0a86\u0a96\u0ac1\u0a82 \u0aa8\u0abf\u0aaf\u0aae\u0ab6\u0abe\u0ab8\u0acd\u0aa4\u0acd\u0ab0 \u0aaa\u0abe\u0ab3\u0ab5\u0abe\u0aa8\u0ac7 \u0a9c\u0ab5\u0abe\u0aac\u0aa6\u0abe\u0ab0 \u0a9b\u0ac7."
                },
                "4": {
                    "verse_nr": "4",
                    "verse": "\u0aa4\u0aae\u0ac7 \u0a9c\u0ac7\u0a93 \u0aa8\u0abf\u0aaf\u0aae\u0ab6\u0abe\u0ab8\u0acd\u0aa4\u0acd\u0ab0\u0aa8\u0abe \u0aaa\u0abe\u0ab2\u0aa8\u0aa5\u0ac0 \u0aa8\u0acd\u0aaf\u0abe\u0aaf\u0ac0 \u0aa0\u0ab0\u0ab5\u0abe \u0a9a\u0abe\u0ab9\u0acb \u0a9b\u0acb, \u0aa4\u0ac7\u0a93 \u0a96\u0acd\u0ab0\u0abf\u0ab8\u0acd\u0aa4\u0aa5\u0ac0 \u0a85\u0ab2\u0a97 \u0aa5\u0aaf\u0abe \u0a9b\u0acb; \u0aa4\u0aae\u0ac7 \u0a95\u0ac3\u0aaa\u0abe\u0aa5\u0ac0 \u0aa6\u0ac2\u0ab0 \u0aa5\u0aaf\u0abe \u0a9b\u0acb."
                },
                "5": {
                    "verse_nr": "5",
                    "verse": "\u0a95\u0ac7\u0aae \u0a95\u0ac7 \u0a85\u0aae\u0ac7 \u0a86\u0aa4\u0acd\u0aae\u0abe \u0aa6\u0acd\u0ab5\u0abe\u0ab0\u0abe \u0ab5\u0abf\u0ab6\u0acd\u0ab5\u0abe\u0ab8\u0aa5\u0ac0 \u0aa8\u0acd\u0aaf\u0abe\u0aaf\u0ac0\u0aaa\u0aa3\u0ac1\u0a82 \u0aaa\u0abe\u0aae\u0ab5\u0abe\u0aa8\u0ac0 \u0a86\u0ab6\u0abe\u0aa8\u0ac0 \u0ab0\u0abe\u0ab9 \u0a9c\u0acb\u0a88\u0a8f \u0a9b\u0ac0\u0a8f."
                },
                "6": {
                    "verse_nr": "6",
                    "verse": "\u0a95\u0ac7\u0aae \u0a95\u0ac7 \u0a96\u0acd\u0ab0\u0abf\u0ab8\u0acd\u0aa4 \u0a88\u0ab8\u0ac1\u0aae\u0abe\u0a82 \u0ab8\u0ac1\u0aa8\u0acd\u0aa8\u0aa4 \u0a95\u0ac7 \u0aac\u0ac7\u0ab8\u0ac1\u0aa8\u0acd\u0aa8\u0aa4 \u0a89\u0aaa\u0aaf\u0acb\u0a97\u0ac0 \u0aa8\u0aa5\u0ac0; \u0aaa\u0aa3 \u0aae\u0abe\u0aa4\u0acd\u0ab0 \u0ab5\u0abf\u0ab6\u0acd\u0ab5\u0abe\u0ab8 \u0a95\u0ac7 \u0a9c\u0ac7 \u0aaa\u0acd\u0ab0\u0ac7\u0aae \u0aa6\u0acd\u0ab5\u0abe\u0ab0\u0abe \u0a95\u0abe\u0ab0\u0acd\u0aaf \u0a95\u0ab0\u0ac7 \u0a9b\u0ac7 \u0aa4\u0ac7 \u0a9c \u0a89\u0aaa\u0aaf\u0acb\u0a97\u0ac0 \u0a9b\u0ac7."
                },
                "7": {
                    "verse_nr": "7",
                    "verse": "\u0aa4\u0aae\u0ac7 \u0ab8\u0abe\u0ab0\u0ac0 \u0ab0\u0ac0\u0aa4\u0ac7 \u0aa6\u0acb\u0aa1\u0aa4\u0abe \u0ab9\u0aa4\u0abe, \u0aa4\u0aae\u0aa8\u0ac7 \u0ab8\u0aa4\u0acd\u0aaf\u0aa8\u0ac7 \u0a85\u0aa8\u0ac1\u0ab8\u0ab0\u0aa4\u0abe \u0a95\u0acb\u0aa3\u0ac7 \u0ab0\u0acb\u0a95\u0acd\u0aaf\u0abe?"
                },
                "8": {
                    "verse_nr": "8",
                    "verse": "\u0a86\u0ab5\u0ac1\u0a82 \u0a95\u0ab0\u0ab5\u0abe\u0aa8\u0ac0 \u0ab8\u0aae\u0a9c \u0aa4\u0aae\u0aa8\u0ac7 \u0aa4\u0ac7\u0aa1\u0aa8\u0abe\u0ab0 \u0aa4\u0ab0\u0aab\u0aa5\u0ac0 \u0a85\u0aaa\u0abe\u0aa4\u0ac0 \u0aa8\u0aa5\u0ac0."
                },
                "9": {
                    "verse_nr": "9",
                    "verse": "\u0a8f\u0a95 \u0ab8\u0aa1\u0ac7\u0ab2\u0ac0 \u0a95\u0ac7\u0ab0\u0ac0 \u0aac\u0aa7\u0ac0 \u0a95\u0ac7\u0ab0\u0ac0\u0a93\u0aa8\u0ac7 \u0aac\u0a97\u0abe\u0aa1\u0ac7 \u0a9b\u0ac7. \u0aa5\u0acb\u0aa1\u0ac1\u0a82 \u0a96\u0aae\u0ac0\u0ab0 \u0ab8\u0aae\u0a97\u0acd\u0ab0 \u0a95\u0aa3\u0a95\u0aa8\u0ac7 \u0aab\u0ac1\u0ab2\u0abe\u0ab5\u0ac7 \u0a9b\u0ac7."
                },
                "10": {
                    "verse_nr": "10",
                    "verse": "\u0aa4\u0aae\u0abe\u0ab0\u0ac7 \u0ab5\u0abf\u0ab7\u0ac7 \u0aaa\u0acd\u0ab0\u0aad\u0ac1\u0aae\u0abe\u0a82 \u0aae\u0aa8\u0ac7 \u0aad\u0ab0\u0acb\u0ab8\u0acb \u0a9b\u0ac7 \u0a95\u0ac7 \u0aa4\u0aae\u0ac7 \u0a86\u0aa8\u0abe\u0aa5\u0ac0 \u0a9c\u0ac1\u0aa6\u0acb \u0aae\u0aa4 \u0aa8\u0ab9\u0abf \u0aa7\u0ab0\u0abe\u0ab5\u0acb; \u0a9c\u0ac7 \u0a95\u0acb\u0a88 \u0aa4\u0aae\u0aa8\u0ac7 \u0a85\u0ab5\u0ab3\u0ac7 \u0aae\u0abe\u0ab0\u0acd\u0a97\u0ac7 \u0aa6\u0acb\u0ab0\u0ab6\u0ac7 \u0aa4\u0ac7 \u0ab6\u0abf\u0a95\u0acd\u0ab7\u0abe \u0aaa\u0abe\u0aae\u0ab6\u0ac7."
                },
                "11": {
                    "verse_nr": "11",
                    "verse": "\u0aad\u0abe\u0a88\u0a93, \u0a9c\u0acb \u0ab9\u0ac1\u0a82 \u0ab9\u0a9c\u0ac0 \u0ab8\u0ac1\u0aa7\u0ac0 \u0ab8\u0ac1\u0aa8\u0acd\u0aa8\u0aa4 \u0a95\u0ab0\u0ab5\u0abe \u0ab5\u0abf\u0ab7\u0ac7 \u0ab6\u0ac0\u0a96\u0ab5\u0aa4\u0acb \u0ab9\u0acb\u0a89\u0a82, \u0aa4\u0acb \u0ab9\u0a9c\u0ac1 \u0aaa\u0aa3 \u0aae\u0abe\u0ab0\u0ac0 \u0ab8\u0aa4\u0abe\u0ab5\u0aa3\u0ac0 \u0a95\u0ac7\u0aae \u0aa5\u0abe\u0aaf \u0a9b\u0ac7? \u0a8f\u0a9f\u0ab2\u0abe \u0aae\u0abe\u0a9f\u0ac7 \u0aa5\u0abe\u0aaf \u0a9b\u0ac7 \u0a95\u0ac7 \u0ab5\u0aa7\u0ab8\u0acd\u0aa4\u0a82\u0aad\u0aa8\u0acb \u0aae\u0abe\u0ab0\u0acb \u0a89\u0aaa\u0aa6\u0ac7\u0ab6 \u0aa8\u0abf\u0ab0\u0ab0\u0acd\u0aa5\u0a95 \u0aa8\u0aa5\u0ac0."
                },
                "12": {
                    "verse_nr": "12",
                    "verse": "\u0a9c\u0ac7\u0a93 \u0aa4\u0aae\u0aa8\u0ac7 \u0a97\u0ac7\u0ab0\u0aae\u0abe\u0ab0\u0acd\u0a97\u0ac7 \u0aa6\u0acb\u0ab0\u0ac7 \u0a9b\u0ac7, \u0aa4\u0ac7\u0a93 \u0aaa\u0acb\u0aa4\u0aaa\u0acb\u0aa4\u0abe\u0aa8\u0ac7 \u0a95\u0abe\u0aaa\u0ac0 \u0aa8\u0abe\u0a96\u0ac7 \u0aa4\u0acb \u0a95\u0ac7\u0ab5\u0ac1\u0a82 \u0ab8\u0abe\u0ab0\u0ac1\u0a82!"
                },
                "13": {
                    "verse_nr": "13",
                    "verse": "\u0a95\u0ac7\u0aae \u0a95\u0ac7, \u0aad\u0abe\u0a88\u0a93, \u0aa4\u0aae\u0aa8\u0ac7 \u0ab8\u0acd\u0ab5\u0aa4\u0a82\u0aa4\u0acd\u0ab0 \u0aa5\u0ab5\u0abe \u0aa4\u0ac7\u0aa1\u0ab5\u0abe\u0aae\u0abe\u0a82 \u0a86\u0ab5\u0acd\u0aaf\u0abe \u0ab9\u0aa4\u0abe; \u0aae\u0abe\u0aa4\u0acd\u0ab0 \u0a8f\u0a9f\u0ab2\u0ac1\u0a82 \u0a9c \u0a95\u0ac7 \u0aa4\u0aae\u0abe\u0ab0\u0ac0 \u0ab8\u0acd\u0ab5\u0aa4\u0a82\u0aa4\u0acd\u0ab0\u0aa4\u0abe \u0ab6\u0abe\u0ab0\u0ac0\u0ab0\u0abf\u0a95 \u0ab5\u0abf\u0ab7\u0aaf\u0aad\u0acb\u0a97\u0aa8\u0ac7 \u0a85\u0ab0\u0acd\u0aa5\u0ac7 \u0aa8 \u0ab5\u0abe\u0aaa\u0ab0\u0acb, \u0aaa\u0aa3 \u0aaa\u0acd\u0ab0\u0ac7\u0aae\u0aa5\u0ac0 \u0a8f\u0a95\u0aac\u0ac0\u0a9c\u0abe\u0aa8\u0ac0 \u0ab8\u0ac7\u0ab5\u0abe \u0a95\u0ab0\u0acb."
                },
                "14": {
                    "verse_nr": "14",
                    "verse": "\u0a95\u0ac7\u0aae \u0a95\u0ac7 \u0a86\u0a96\u0ac1\u0a82 \u0aa8\u0abf\u0aaf\u0aae\u0ab6\u0abe\u0ab8\u0acd\u0aa4\u0acd\u0ab0 \u0a8f\u0a95 \u0a9c \u0ab5\u0a9a\u0aa8\u0aae\u0abe\u0a82 \u0aaa\u0ac2\u0ab0\u0ac1\u0a82 \u0aa5\u0abe\u0aaf \u0a9b\u0ac7, \u0a8f\u0a9f\u0ab2\u0ac7, '\u0a9c\u0ac7\u0aae \u0aa4\u0ac1\u0a82 \u0aaa\u0acb\u0aa4\u0abe\u0aa8\u0abe \u0aaa\u0ab0 \u0aaa\u0acd\u0ab0\u0ac7\u0aae \u0ab0\u0abe\u0a96\u0ac7 \u0a9b\u0ac7 \u0aa4\u0ac7\u0aae \u0aa4\u0abe\u0ab0\u0abe \u0aaa\u0aa1\u0acb\u0ab6\u0ac0 \u0aaa\u0ab0 \u0aaa\u0acd\u0ab0\u0ac7\u0aae \u0ab0\u0abe\u0a96.'"
                },
                "15": {
                    "verse_nr": "15",
                    "verse": "\u0aaa\u0aa3 \u0a9c\u0acb \u0aa4\u0aae\u0ac7 \u0a8f\u0a95\u0aac\u0ac0\u0a9c\u0abe\u0aa8\u0ac7 \u0a95\u0ab0\u0aa1\u0acb \u0a85\u0aa8\u0ac7 \u0aab\u0abe\u0aa1\u0ac0 \u0a96\u0abe\u0a93, \u0aa4\u0acb \u0ab8\u0abe\u0ab5\u0aa7\u0abe\u0aa8 \u0ab0\u0ab9\u0acb, \u0a95\u0aa6\u0abe\u0a9a \u0aa4\u0aae\u0ac7 \u0a8f\u0a95\u0aac\u0ac0\u0a9c\u0abe\u0aa5\u0ac0 \u0aa8\u0abe\u0ab6 \u0aaa\u0abe\u0aae\u0acb."
                },
                "16": {
                    "verse_nr": "16",
                    "verse": "\u0aaa\u0aa3 \u0ab9\u0ac1\u0a82 \u0a95\u0ab9\u0ac1\u0a82 \u0a9b\u0ac1\u0a82 \u0a95\u0ac7, \u0a86\u0aa4\u0acd\u0aae\u0abe\u0aa8\u0ac0 \u0aa6\u0acb\u0ab0\u0ab5\u0aa3\u0ac0 \u0a85\u0aa8\u0ac1\u0ab8\u0abe\u0ab0 \u0a9a\u0abe\u0ab2\u0acb \u0a85\u0aa8\u0ac7 \u0aa4\u0aae\u0ac7 \u0aa6\u0ac7\u0ab9\u0aa8\u0ac0 \u0ab5\u0abe\u0ab8\u0aa8\u0abe \u0aa4\u0ac3\u0aaa\u0acd\u0aa4 \u0a95\u0ab0\u0ab6\u0acb \u0aa8\u0ab9\u0abf."
                },
                "17": {
                    "verse_nr": "17",
                    "verse": "\u0a95\u0ac7\u0aae \u0a95\u0ac7 \u0aa6\u0ac7\u0ab9 \u0a86\u0aa4\u0acd\u0aae\u0abe\u0aa8\u0ac0 \u0ab5\u0abf\u0ab0\u0ac1\u0aa6\u0acd\u0aa7 \u0a87\u0a9a\u0acd\u0a9b\u0abe \u0a95\u0ab0\u0ac7 \u0a9b\u0ac7 \u0a85\u0aa8\u0ac7 \u0a86\u0aa4\u0acd\u0aae\u0abe \u0aa6\u0ac7\u0ab9\u0aa8\u0ac0 \u0ab5\u0abf\u0ab0\u0ac1\u0aa6\u0acd\u0aa7; \u0a95\u0abe\u0ab0\u0aa3 \u0a95\u0ac7 \u0aa4\u0ac7\u0a93 \u0aaa\u0ab0\u0ab8\u0acd\u0aaa\u0ab0 \u0ab5\u0abf\u0ab0\u0ac1\u0aa6\u0acd\u0aa7 \u0a9b\u0ac7; \u0a85\u0aa8\u0ac7 \u0aa4\u0ac7\u0aa5\u0ac0 \u0a9c\u0ac7 \u0aa4\u0aae\u0ac7 \u0a87\u0a9a\u0acd\u0a9b\u0acb \u0aa4\u0ac7 \u0aa4\u0aae\u0ac7 \u0a95\u0ab0\u0aa4\u0abe \u0aa8\u0aa5\u0ac0."
                },
                "18": {
                    "verse_nr": "18",
                    "verse": "\u0aaa\u0aa3 \u0a9c\u0acb \u0aa4\u0aae\u0ac7 \u0a86\u0aa4\u0acd\u0aae\u0abe\u0aa8\u0ac0 \u0aa6\u0acb\u0ab0\u0ab5\u0aa3\u0ac0 \u0aae\u0ac1\u0a9c\u0aac \u0ab5\u0ab0\u0acd\u0aa4\u0acb \u0a9b\u0acb, \u0aa4\u0acb \u0aa4\u0aae\u0ac7 \u0aa8\u0abf\u0aaf\u0aae\u0ab6\u0abe\u0ab8\u0acd\u0aa4\u0acd\u0ab0\u0aa8\u0ac7 \u0a86\u0aa7\u0ac0\u0aa8 \u0aa8\u0aa5\u0ac0."
                },
                "19": {
                    "verse_nr": "19",
                    "verse": "\u0aa6\u0ac7\u0ab9\u0aa8\u0abe\u0a82 \u0a95\u0abe\u0aae \u0aa4\u0acb \u0aa6\u0ac7\u0a96\u0ac0\u0aa4\u0abe\u0a82 \u0a9b\u0ac7, \u0a8f\u0a9f\u0ab2\u0ac7 \u0a9c\u0abe\u0aa4\u0ac0\u0aaf \u0a85\u0aa8\u0ac8\u0aa4\u0abf\u0a95\u0aa4\u0abe, \u0a85\u0ab6\u0ac1\u0aa6\u0acd\u0aa7\u0aa4\u0abe, \u0ab2\u0a82\u0aaa\u0a9f\u0aaa\u0aa3\u0ac1\u0a82,"
                },
                "20": {
                    "verse_nr": "20",
                    "verse": "\u0aae\u0ac2\u0ab0\u0acd\u0aa4\u0abf\u0aaa\u0ac2\u0a9c\u0abe, \u0aae\u0ac7\u0ab2\u0ac0\u0ab5\u0abf\u0aa6\u0acd\u0aaf\u0abe, \u0ab5\u0ac8\u0ab0\u0aad\u0abe\u0ab5, \u0a95\u0a9c\u0abf\u0aaf\u0abe\u0a95\u0a82\u0a95\u0abe\u0ab6, \u0a88\u0ab0\u0acd\u0ab7\u0abe, \u0a95\u0acd\u0ab0\u0acb\u0aa7, \u0a96\u0a9f\u0aaa\u0a9f, \u0a95\u0ac1\u0ab8\u0a82\u0aaa, \u0aaa\u0a95\u0acd\u0ab7\u0abe\u0aaa\u0a95\u0acd\u0ab7\u0ac0,"
                },
                "21": {
                    "verse_nr": "21",
                    "verse": "\u0a85\u0aa6\u0ac7\u0a96\u0abe\u0a87, \u0ab8\u0acd\u0ab5\u0a9a\u0acd\u0a9b\u0a82\u0aa6\u0aa4\u0abe, \u0aad\u0acb\u0a97\u0ab5\u0abf\u0ab2\u0abe\u0ab8 \u0aa4\u0aa5\u0abe \u0aa4\u0ac7\u0a93\u0aa8\u0abe \u0a9c\u0ac7\u0ab5\u0abe \u0a95\u0abe\u0aae\u0acb; \u0a9c\u0ac7\u0aae \u0aaa\u0ab9\u0ac7\u0ab2\u0abe\u0a82 \u0aae\u0ac7\u0a82 \u0aa4\u0aae\u0aa8\u0ac7 \u0a9a\u0ac7\u0aa4\u0ab5\u0acd\u0aaf\u0abe\u0a82 \u0ab9\u0aa4\u0abe \u0aa4\u0ac7\u0aae \u0aa4\u0ac7\u0a93 \u0ab5\u0abf\u0ab7\u0ac7 \u0ab9\u0aae\u0aa3\u0abe\u0a82 \u0aaa\u0aa3 \u0a9a\u0ac7\u0aa4\u0ab5\u0ac1\u0a82 \u0a9b\u0ac1\u0a82 \u0a95\u0ac7, \u0a9c\u0ac7\u0a93 \u0a8f\u0ab5\u0abe\u0a82 \u0a95\u0abe\u0aae \u0a95\u0ab0\u0ac7 \u0a9b\u0ac7 \u0aa4\u0ac7\u0a93 \u0a88\u0ab6\u0acd\u0ab5\u0ab0\u0aa8\u0abe \u0ab0\u0abe\u0a9c\u0acd\u0aaf\u0aa8\u0acb \u0ab5\u0abe\u0ab0\u0ab8\u0acb \u0aaa\u0abe\u0aae\u0ab6\u0ac7 \u0aa8\u0ab9\u0abf."
                },
                "22": {
                    "verse_nr": "22",
                    "verse": "\u0aaa\u0aa3 \u0aaa\u0ab5\u0abf\u0aa4\u0acd\u0ab0 \u0a86\u0aa4\u0acd\u0aae\u0abe\u0aa8\u0ac1\u0a82 \u0aab\u0ab3 \u0aaa\u0acd\u0ab0\u0ac7\u0aae, \u0a86\u0aa8\u0a82\u0aa6, \u0ab6\u0abe\u0a82\u0aa4\u0abf, \u0ab8\u0ab9\u0aa8\u0ab6\u0ac0\u0ab2\u0aa4\u0abe, \u0aae\u0abe\u0aaf\u0abe\u0ab3\u0ac1\u0aaa\u0aa3\u0ac1\u0a82, \u0aad\u0ab2\u0abe\u0a88, \u0ab5\u0abf\u0ab6\u0acd\u0ab5\u0abe\u0ab8\u0ac1\u0aaa\u0aa3\u0ac1\u0a82,"
                },
                "23": {
                    "verse_nr": "23",
                    "verse": "\u0aa8\u0aae\u0acd\u0ab0\u0aa4\u0abe \u0a85\u0aa8\u0ac7 \u0a86\u0aa4\u0acd\u0aae\u0ab8\u0a82\u0aaf\u0aae \u0a9b\u0ac7; \u0a86 \u0aac\u0abe\u0aac\u0aa4\u0acb\u0aa8\u0ac0 \u0ab5\u0abf\u0ab0\u0ac1\u0aa6\u0acd\u0aa7 \u0a95\u0acb\u0a88 \u0aa8\u0abf\u0aaf\u0aae \u0aa8\u0aa5\u0ac0."
                },
                "24": {
                    "verse_nr": "24",
                    "verse": "\u0a85\u0aa8\u0ac7 \u0a9c\u0ac7\u0a93 \u0a96\u0acd\u0ab0\u0abf\u0ab8\u0acd\u0aa4\u0aa8\u0abe\u0a82 \u0a9b\u0ac7, \u0aa4\u0ac7\u0a93\u0a8f \u0aa6\u0ac7\u0ab9\u0aa8\u0ac7 \u0aa4\u0ac7\u0aa8\u0ac0 \u0ab5\u0abe\u0ab8\u0aa8\u0abe\u0a93 \u0aa4\u0aa5\u0abe \u0a87\u0a9a\u0acd\u0a9b\u0abe\u0a93 \u0ab8\u0ab9\u0abf\u0aa4 \u0ab5\u0aa7\u0ab8\u0acd\u0aa4\u0a82\u0aad\u0ac7 \u0a9c\u0aa1\u0acd\u0aaf\u0acb \u0a9b\u0ac7."
                },
                "25": {
                    "verse_nr": "25",
                    "verse": "\u0a9c\u0acb \u0a86\u0aaa\u0aa3\u0ac7 \u0a86\u0aa4\u0acd\u0aae\u0abe\u0aa5\u0ac0 \u0a9c\u0ac0\u0ab5\u0ac0\u0a8f \u0a9b\u0ac0\u0a8f \u0aa4\u0acb \u0a86\u0aa4\u0acd\u0aae\u0abe\u0aa8\u0ac0 \u0aa6\u0acb\u0ab0\u0ab5\u0aa3\u0ac0 \u0aaa\u0acd\u0ab0\u0aae\u0abe\u0aa3\u0ac7 \u0a9a\u0abe\u0ab2\u0ab5\u0ac1\u0a82 \u0aaa\u0aa3 \u0a9c\u0acb\u0a88\u0a8f."
                },
                "26": {
                    "verse_nr": "26",
                    "verse": "\u0a86\u0aaa\u0aa3\u0ac7 \u0a8f\u0a95\u0aac\u0ac0\u0a9c\u0abe\u0aa8\u0ac7 \u0a96\u0ac0\u0a9c\u0ab5\u0ac0\u0aa8\u0ac7 \u0aa4\u0aa5\u0abe \u0a8f\u0a95\u0aac\u0ac0\u0a9c\u0abe \u0aaa\u0ab0 \u0a85\u0aa6\u0ac7\u0a96\u0abe\u0a87 \u0ab0\u0abe\u0a96\u0ac0\u0aa8\u0ac7 \u0a98\u0aae\u0a82\u0aa1 \u0aa8 \u0a95\u0ab0\u0ac0\u0a8f."
                }
            }
        },
        "6": {
            "chapter_nr": "6",
            "chapter": {
                "1": {
                    "verse_nr": "1",
                    "verse": "\u0aad\u0abe\u0a88\u0a93, \u0a9c\u0acb \u0a95\u0acb\u0a88 \u0aae\u0abe\u0aa3\u0ab8 \u0a95\u0a82\u0a88 \u0a85\u0aaa\u0ab0\u0abe\u0aa7 \u0a95\u0ab0\u0aa4\u0abe\u0a82 \u0aaa\u0a95\u0aa1\u0abe\u0aaf, \u0aa4\u0acb \u0aa4\u0aae\u0ac7, \u0a9c\u0ac7 \u0a86\u0aa4\u0acd\u0aae\u0abf\u0a95 \u0a9b\u0acb, \u0aa4\u0ac7\u0a93 \u0aa8\u0aae\u0acd\u0ab0\u0aad\u0abe\u0ab5\u0ac7 \u0aa4\u0ac7\u0aa8\u0ac7 \u0ab8\u0abe\u0a9a\u0abe \u0aae\u0abe\u0ab0\u0acd\u0a97\u0ac7 \u0aaa\u0abe\u0a9b\u0acb \u0ab2\u0abe\u0ab5\u0acb; \u0a85\u0aa8\u0ac7 \u0aa4\u0ac1\u0a82 \u0aa4\u0abe\u0ab0\u0ac0 \u0aaa\u0acb\u0aa4\u0abe\u0aa8\u0ac0 \u0ab8\u0a82\u0aad\u0abe\u0ab3 \u0ab0\u0abe\u0a96, \u0ab0\u0a96\u0ac7\u0aa8\u0ac7 \u0aa4\u0ac1\u0a82 \u0aaa\u0aa3 \u0aaa\u0ab0\u0ac0\u0a95\u0acd\u0ab7\u0aa3\u0aae\u0abe\u0a82 \u0aaa\u0aa1\u0ac7."
                },
                "2": {
                    "verse_nr": "2",
                    "verse": "\u0aa4\u0aae\u0ac7 \u0a8f\u0a95\u0aac\u0ac0\u0a9c\u0abe\u0aa8\u0abe \u0aad\u0abe\u0ab0 \u0a8a\u0a82\u0a9a\u0a95\u0acb \u0a85\u0aa8\u0ac7 \u0a8f\u0aae \u0a96\u0acd\u0ab0\u0abf\u0ab8\u0acd\u0aa4\u0aa8\u0abe\u0a82 \u0aa8\u0abf\u0aaf\u0aae\u0aa8\u0ac1\u0a82 \u0ab8\u0a82\u0aaa\u0ac2\u0ab0\u0acd\u0aa3 \u0aaa\u0abe\u0ab2\u0aa8 \u0a95\u0ab0\u0acb."
                },
                "3": {
                    "verse_nr": "3",
                    "verse": "\u0a95\u0ac7\u0aae \u0a95\u0ac7 \u0a9c\u0aaf\u0abe\u0ab0\u0ac7 \u0a95\u0acb\u0a88 \u0aaa\u0acb\u0aa4\u0ac7 \u0aa8\u0a9c\u0ac0\u0ab5\u0acb \u0ab9\u0acb\u0ab5\u0abe \u0a9b\u0aa4\u0abe\u0a82, \u0ab9\u0ac1\u0a82 \u0aae\u0acb\u0a9f\u0acb \u0a9b\u0ac1\u0a82, \u0a8f\u0ab5\u0ac1\u0a82 \u0aa7\u0abe\u0ab0\u0ac7 \u0a9b\u0ac7, \u0aa4\u0acb \u0aa4\u0ac7 \u0aaa\u0acb\u0aa4\u0abe\u0aa8\u0ac7 \u0a9b\u0ac7\u0aa4\u0ab0\u0ac7 \u0a9b\u0ac7."
                },
                "4": {
                    "verse_nr": "4",
                    "verse": "\u0aa6\u0ab0\u0ac7\u0a95 \u0aae\u0abe\u0aa3\u0ab8\u0ac7 \u0aaa\u0acb\u0aa4\u0abe\u0aa8\u0abe\u0a82 \u0a86\u0a9a\u0ab0\u0aa3 \u0aa4\u0aaa\u0abe\u0ab8\u0ab5\u0abe\u0a82, \u0a85\u0aa8\u0ac7 \u0aa4\u0acd\u0aaf\u0abe\u0ab0\u0ac7 \u0aa4\u0ac7\u0aa8\u0ac7 \u0aac\u0ac0\u0a9c\u0abe\u0a95\u0acb\u0a88 \u0ab5\u0abf\u0ab7\u0ac7 \u0aa8\u0ab9\u0abf, \u0aaa\u0aa3 \u0a95\u0ac7\u0ab5\u0ab3 \u0aaa\u0acb\u0aa4\u0abe\u0aa8\u0ac7 \u0ab5\u0abf\u0ab7\u0ac7 \u0a85\u0aad\u0abf\u0aae\u0abe\u0aa8 \u0a95\u0ab0\u0ab5\u0abe\u0aa8\u0ac1\u0a82 \u0a95\u0abe\u0ab0\u0aa3 \u0aae\u0ab3\u0ab6\u0ac7."
                },
                "5": {
                    "verse_nr": "5",
                    "verse": "\u0a95\u0ac7\u0aae \u0a95\u0ac7 \u0aa6\u0ab0\u0ac7\u0a95\u0ac7 \u0aaa\u0acb\u0aa4\u0abe\u0aa8\u0acb \u0aac\u0acb\u0a9c \u0a8a\u0a82\u0a9a\u0a95\u0ab5\u0acb \u0aaa\u0aa1\u0ab6\u0ac7."
                },
                "6": {
                    "verse_nr": "6",
                    "verse": "\u0ab8\u0ac1\u0ab5\u0abe\u0ab0\u0acd\u0aa4\u0abe \u0ab5\u0abf\u0ab7\u0ac7 \u0a9c\u0ac7 \u0ab6\u0ac0\u0a96\u0aa8\u0abe\u0ab0 \u0a9b\u0ac7 \u0aa4\u0ac7\u0aa3\u0ac7 \u0ab6\u0ac0\u0a96\u0ab5\u0aa8\u0abe\u0ab0\u0aa8\u0ac7 \u0ab8\u0ab0\u0acd\u0ab5 \u0ab8\u0abe\u0ab0\u0ac0 \u0a9a\u0ac0\u0a9c\u0ab5\u0ab8\u0acd\u0aa4\u0ac1\u0aae\u0abe\u0a82\u0aa5\u0ac0 \u0ab9\u0abf\u0ab8\u0acd\u0ab8\u0acb \u0a86\u0aaa\u0ab5\u0acb."
                },
                "7": {
                    "verse_nr": "7",
                    "verse": "\u0aaf\u0abe\u0aa6 \u0ab0\u0abe\u0a96\u0acb, \u0a88\u0ab6\u0acd\u0ab5\u0ab0\u0aa8\u0ac0 \u0aae\u0ab6\u0acd\u0a95\u0ab0\u0ac0 \u0a95\u0ab0\u0abe\u0aaf \u0aa8\u0ab9\u0abf \u0a95\u0acb\u0a88 \u0aae\u0abe\u0aa3\u0ab8 \u0a9c\u0ac7 \u0a95\u0a82\u0a88 \u0ab5\u0abe\u0ab5\u0ac7 \u0aa4\u0ac7 \u0a9c \u0aa4\u0ac7 \u0ab2\u0aa3\u0ab6\u0ac7;"
                },
                "8": {
                    "verse_nr": "8",
                    "verse": "\u0a95\u0ac7\u0aae \u0a95\u0ac7 \u0a9c\u0ac7 \u0aaa\u0acb\u0aa4\u0abe\u0aa8\u0abe \u0aa6\u0ac7\u0ab9\u0aa8\u0ac7 \u0aae\u0abe\u0a9f\u0ac7 \u0ab5\u0abe\u0ab5\u0ac7 \u0a9b\u0ac7, \u0aa4\u0ac7 \u0aa6\u0ac7\u0ab9\u0aa5\u0ac0 \u0ab5\u0abf\u0aa8\u0abe\u0ab6 \u0ab2\u0aa3\u0ab6\u0ac7; \u0aaa\u0aa3 \u0a9c\u0ac7 \u0a86\u0aa4\u0acd\u0aae\u0abe\u0aa8\u0ac7 \u0a85\u0ab0\u0acd\u0aa5\u0ac7 \u0ab5\u0abe\u0ab5\u0ac7 \u0aa4\u0ac7 \u0a86\u0aa4\u0acd\u0aae\u0abe\u0aa5\u0ac0 \u0a85\u0aa8\u0a82\u0aa4\u0a9c\u0ac0\u0ab5\u0aa8 \u0ab2\u0aa3\u0ab6\u0ac7."
                },
                "9": {
                    "verse_nr": "9",
                    "verse": "\u0aa4\u0acb \u0a86\u0aaa\u0aa3\u0ac7 \u0ab8\u0abe\u0ab0\u0ac1\u0a82 \u0a95\u0ab0\u0aa4\u0abe\u0a82 \u0aa5\u0abe\u0a95\u0ab5\u0ac1\u0a82 \u0aa8\u0ab9\u0abf; \u0a95\u0ac7\u0aae \u0a95\u0ac7 \u0a9c\u0acb \u0a95\u0abe\u0aaf\u0ab0 \u0aa8\u0ab9\u0abf \u0aa5\u0a88\u0a8f, \u0aa4\u0acb \u0aaf\u0acb\u0a97\u0acd\u0aaf \u0ab8\u0aae\u0aaf\u0ac7 \u0ab2\u0aa3\u0ac0\u0ab6\u0ac1\u0a82."
                },
                "10": {
                    "verse_nr": "10",
                    "verse": "\u0a8f \u0aae\u0abe\u0a9f\u0ac7 \u0a9c\u0ac7\u0aae \u0aaa\u0acd\u0ab0\u0ab8\u0a82\u0a97 \u0aae\u0ab3\u0ac7 \u0aa4\u0ac7\u0aae \u0a86\u0aaa\u0aa3\u0ac7 \u0aac\u0aa7\u0abe\u0aa8\u0ac1\u0a82 \u0a85\u0aa8\u0ac7 \u0ab5\u0abf\u0ab6\u0ac7\u0ab7 \u0a95\u0ab0\u0ac0\u0aa8\u0ac7 \u0ab5\u0abf\u0ab6\u0acd\u0ab5\u0abe\u0ab8\u0aa8\u0abe \u0a95\u0ac1\u0a9f\u0ac1\u0a82\u0aac\u0aa8\u0abe\u0a82 \u0a9c\u0ac7 \u0a9b\u0ac7 \u0aa4\u0ac7\u0a93\u0aa8\u0ac1\u0a82 \u0ab8\u0abe\u0ab0\u0ac1\u0a82 \u0a95\u0ab0\u0ac0\u0a8f."
                },
                "11": {
                    "verse_nr": "11",
                    "verse": "\u0a9c\u0ac1\u0a93, \u0ab9\u0ac1\u0a82 \u0aae\u0abe\u0ab0\u0abe \u0ab9\u0abe\u0aa5\u0ac7 \u0a95\u0ac7\u0a9f\u0ab2\u0abe \u0aae\u0acb\u0a9f\u0abe \u0a85\u0a95\u0acd\u0ab7\u0ab0\u0acb\u0aa5\u0ac0 \u0aa4\u0aae\u0abe\u0ab0\u0abe \u0aaa\u0ab0 \u0ab2\u0a96\u0ac1\u0a82 \u0a9b\u0ac1\u0a82."
                },
                "12": {
                    "verse_nr": "12",
                    "verse": "\u0a9c\u0ac7\u0a93 \u0aa6\u0ac7\u0ab9 \u0ab5\u0abf\u0ab7\u0ac7 \u0aaa\u0acb\u0aa4\u0abe\u0aa8\u0ac7 \u0a9c\u0ac7\u0a9f\u0ab2\u0abe\u0a82 \u0ab8\u0abe\u0ab0\u0abe \u0aac\u0aa4\u0abe\u0ab5\u0ab5\u0abe \u0a9a\u0abe\u0ab9\u0ac7 \u0a9b\u0ac7, \u0aa4\u0ac7\u0a9f\u0ab2\u0abe\u0a82 \u0a96\u0acd\u0ab0\u0abf\u0ab8\u0acd\u0aa4\u0aa8\u0abe\u0a82 \u0ab5\u0aa7\u0ab8\u0acd\u0aa4\u0a82\u0aad\u0aa8\u0ac7 \u0ab2\u0ac0\u0aa7\u0ac7 \u0aaa\u0acb\u0aa4\u0abe\u0aa8\u0ac0 \u0ab8\u0aa4\u0abe\u0ab5\u0aa3\u0ac0 \u0aa8 \u0aa5\u0abe\u0aaf \u0aae\u0abe\u0a9f\u0ac7 \u0a9c \u0aa4\u0aae\u0aa8\u0ac7 \u0ab8\u0ac1\u0aa8\u0acd\u0aa8\u0aa4 \u0a95\u0ab0\u0ab5\u0abe\u0aa8\u0ac0 \u0aab\u0ab0\u0a9c \u0aaa\u0abe\u0aa1\u0ac7 \u0a9b\u0ac7."
                },
                "13": {
                    "verse_nr": "13",
                    "verse": "\u0a95\u0ac7\u0aae \u0a95\u0ac7 \u0a9c\u0ac7\u0a93 \u0ab8\u0ac1\u0aa8\u0acd\u0aa8\u0aa4 \u0a95\u0ab0\u0abe\u0ab5\u0ac7 \u0a9b\u0ac7 \u0aa4\u0ac7\u0a93 \u0aaa\u0acb\u0aa4\u0ac7 \u0aa8\u0abf\u0aaf\u0aae\u0ab6\u0abe\u0ab8\u0acd\u0aa4\u0acd\u0ab0\u0aa8\u0ac7 \u0aaa\u0abe\u0ab3\u0aa4\u0abe \u0aa8\u0aa5\u0ac0; \u0aaa\u0aa3 \u0aa4\u0aae\u0abe\u0ab0\u0abe \u0aa6\u0ac7\u0ab9\u0aae\u0abe\u0a82 \u0aa4\u0ac7\u0a93 \u0a85\u0aad\u0abf\u0aae\u0abe\u0aa8 \u0a95\u0ab0\u0ac7, \u0a8f \u0aae\u0abe\u0a9f\u0ac7 \u0aa4\u0ac7\u0a93 \u0aa4\u0aae\u0abe\u0ab0\u0ac0 \u0ab8\u0ac1\u0aa8\u0acd\u0aa8\u0aa4 \u0aa5\u0abe\u0aaf \u0a8f\u0ab5\u0acb \u0a86\u0a97\u0acd\u0ab0\u0ab9 \u0ab0\u0abe\u0a96\u0ac7 \u0a9b\u0ac7."
                },
                "14": {
                    "verse_nr": "14",
                    "verse": "\u0aaa\u0aa3 \u0a8f\u0ab5\u0ac1\u0a82 \u0aa8 \u0aa5\u0abe\u0a93 \u0a95\u0ac7, \u0a86\u0aaa\u0aa3\u0abe \u0aaa\u0acd\u0ab0\u0aad\u0ac1 \u0a88\u0ab8\u0ac1 \u0a96\u0acd\u0ab0\u0abf\u0ab8\u0acd\u0aa4\u0aa8\u0abe\u0a82 \u0ab5\u0aa7\u0ab8\u0acd\u0aa4\u0a82\u0aad \u0ab5\u0a97\u0ab0 \u0ab9\u0ac1\u0a82 \u0aac\u0ac0\u0a9c\u0abe \u0a95\u0ab6\u0abe\u0aae\u0abe\u0a82 \u0a85\u0aad\u0abf\u0aae\u0abe\u0aa8 \u0a95\u0ab0\u0ac1\u0a82, \u0a9c\u0ac7\u0aa5\u0ac0 \u0a95\u0ab0\u0ac0\u0aa8\u0ac7 \u0aae\u0abe\u0ab0\u0abe \u0ab8\u0a82\u0aac\u0a82\u0aa7\u0ac0 \u0a9c\u0a97\u0aa4 \u0ab5\u0aa7\u0ab8\u0acd\u0aa4\u0a82\u0aad\u0ac7 \u0a9c\u0aa1\u0abe\u0aaf\u0ac7\u0ab2\u0ac1\u0a82 \u0a9b\u0ac7 \u0a85\u0aa8\u0ac7 \u0a9c\u0a97\u0aa4 \u0aae\u0abe\u0a9f\u0ac7 \u0ab9\u0ac1\u0a82."
                },
                "15": {
                    "verse_nr": "15",
                    "verse": "\u0a95\u0ac7\u0aae \u0a95\u0ac7 \u0ab8\u0ac1\u0aa8\u0acd\u0aa8\u0aa4 \u0a95\u0a82\u0a88 \u0aa8\u0aa5\u0ac0, \u0aa4\u0ac7\u0aae \u0aac\u0ac7\u0ab8\u0ac1\u0aa8\u0acd\u0aa8\u0aa4 \u0aaa\u0aa3 \u0a95\u0a82\u0a88 \u0aa8\u0aa5\u0ac0; \u0aaa\u0aa3 \u0aa8\u0ab5\u0ac0 \u0a89\u0aa4\u0acd\u0aaa\u0aa4\u0acd\u0aa4\u0abf \u0a9c \u0a95\u0abe\u0aae\u0aa8\u0ac0 \u0a9b\u0ac7."
                },
                "16": {
                    "verse_nr": "16",
                    "verse": "\u0a9c\u0ac7\u0a9f\u0ab2\u0abe\u0a82 \u0a86 \u0aa8\u0abf\u0aaf\u0aae \u0aaa\u0acd\u0ab0\u0aae\u0abe\u0aa3\u0ac7 \u0a9a\u0abe\u0ab2\u0ac7 \u0a9b\u0ac7, \u0aa4\u0ac7\u0a9f\u0ab2\u0abe\u0a82 \u0aaa\u0ab0 \u0aa4\u0aa5\u0abe \u0a88\u0ab6\u0acd\u0ab5\u0ab0\u0aa8\u0abe \u0a87\u0a9d\u0ab0\u0abe\u0aaf\u0ab2 \u0aaa\u0ab0 \u0ab6\u0abe\u0a82\u0aa4\u0abf \u0aa4\u0aa5\u0abe \u0aa6\u0aaf\u0abe \u0ab9\u0acb."
                },
                "17": {
                    "verse_nr": "17",
                    "verse": "\u0ab9\u0ab5\u0ac7\u0aa5\u0ac0 \u0a95\u0acb\u0a88 \u0aae\u0aa8\u0ac7 \u0aa4\u0ab8\u0acd\u0aa6\u0ac0 \u0aa8 \u0aa6\u0ac7, \u0a95\u0ac7\u0aae \u0a95\u0ac7 \u0aaa\u0acd\u0ab0\u0aad\u0ac1 \u0a88\u0ab8\u0ac1\u0aa8\u0abe\u0a82 \u0a9a\u0abf\u0ab9\u0acd\u0aa8 \u0aae\u0abe\u0ab0\u0abe \u0ab6\u0ab0\u0ac0\u0ab0\u0aae\u0abe\u0a82 \u0a85\u0aaa\u0aa8\u0abe\u0ab5\u0ac7\u0ab2\u0abe\u0a82 \u0a9b\u0ac7."
                },
                "18": {
                    "verse_nr": "18",
                    "verse": "\u0aad\u0abe\u0a88\u0a93, \u0a86\u0aaa\u0aa3\u0abe \u0aaa\u0acd\u0ab0\u0aad\u0ac1 \u0a88\u0ab8\u0ac1 \u0a96\u0acd\u0ab0\u0abf\u0ab8\u0acd\u0aa4\u0aa8\u0ac0 \u0a95\u0ac3\u0aaa\u0abe \u0aa4\u0aae\u0abe\u0ab0\u0abe \u0a86\u0aa4\u0acd\u0aae\u0abe\u0aa8\u0ac0 \u0ab8\u0abe\u0aa5\u0ac7 \u0ab9\u0acb. \u0a86\u0aae\u0ac0\u0aa8."
                }
            }
        }
    }
}