{
    "version": "CEI",
    "book_name": "2 Thessalonians",
    "book_nr": "53",
    "book": {
        "1": {
            "chapter_nr": "1",
            "chapter": {
                "1": {
                    "verse_nr": "1",
                    "verse": "Indirizzo -Paolo, Silvano e Tim\u00f2teo alla Chiesa dei Tessalonicesi che \u00e8 in Dio Padre nostro e nel Signore Ges\u00f9 Cristo:"
                },
                "2": {
                    "verse_nr": "2",
                    "verse": "grazia a voi e pace da Dio Padre e dal Signore Ges\u00f9 Cristo."
                },
                "3": {
                    "verse_nr": "3",
                    "verse": "Ringraziamento e incoraggiamenti. La retribuzione ultima -Dobbiamo sempre ringraziare Dio per voi, fratelli, ed \u00e8 ben giusto. La vostra fede infatti cresce rigogliosamente e abbonda la vostra carit\u00e0 vicendevole;"
                },
                "4": {
                    "verse_nr": "4",
                    "verse": "cos\u00ec noi possiamo gloriarci di voi nelle Chiese di Dio, per la vostra fermezza e per la vostra fede in tutte le persecuzioni e tribolazioni che sopportate."
                },
                "5": {
                    "verse_nr": "5",
                    "verse": "Questo \u00e8 un segno del giusto giudizio di Dio, che vi proclamer\u00e0 degni di quel regno di Dio, per il quale ora soffrite."
                },
                "6": {
                    "verse_nr": "6",
                    "verse": "E&#39; proprio della giustizia di Dio rendere afflizione a quelli che vi affliggono"
                },
                "7": {
                    "verse_nr": "7",
                    "verse": "e a voi, che ora siete afflitti, sollievo insieme a noi, quando si manifester\u00e0 il Signore Ges\u00f9 dal cielo con gli angeli della sua potenza"
                },
                "8": {
                    "verse_nr": "8",
                    "verse": "in fuoco ardente, a far vendetta di quanti non conoscono Dio e non obbediscono al vangelo del Signore nostro Ges\u00f9."
                },
                "9": {
                    "verse_nr": "9",
                    "verse": "Costoro saranno castigati con una rovina eterna, lontano dalla faccia del Signore e dalla gloria della sua potenza,"
                },
                "10": {
                    "verse_nr": "10",
                    "verse": "quando egli verr\u00e0 per esser glorificato nei suoi santi ed esser riconosciuto mirabile in tutti quelli che avranno creduto, perch\u00e9 \u00e8 stata creduta la nostra testimonianza in mezzo a voi. Questo accadr\u00e0, in quel giorno."
                },
                "11": {
                    "verse_nr": "11",
                    "verse": "Anche per questo preghiamo di continuo per voi, perch\u00e9 il nostro Dio vi renda degni della sua chiamata e porti a compimento, con la sua potenza, ogni vostra volont\u00e0 di bene e l&#39;opera della vostra fede;"
                },
                "12": {
                    "verse_nr": "12",
                    "verse": "perch\u00e9 sia glorificato il nome del Signore nostro Ges\u00f9 in voi e voi in lui, secondo la grazia del nostro Dio e del Signore Ges\u00f9 Cristo."
                }
            }
        },
        "2": {
            "chapter_nr": "2",
            "chapter": {
                "1": {
                    "verse_nr": "1",
                    "verse": "La venuta del Signore e ci\u00f2 che la preceder\u00e0 -Ora vi preghiamo, fratelli, riguardo alla venuta del Signore nostro Ges\u00f9 Cristo e alla nostra riunione con lui,"
                },
                "2": {
                    "verse_nr": "2",
                    "verse": "di non lasciarvi cos\u00ec facilmente confondere e turbare, n\u00e9 da pretese ispirazioni, n\u00e9 da parole, n\u00e9 da qualche lettera fatta passare come nostra, quasi che il giorno del Signore sia imminente."
                },
                "3": {
                    "verse_nr": "3",
                    "verse": "Nessuno vi inganni in alcun modo! Prima infatti dovr\u00e0 avvenire l&#39;apostasia e dovr\u00e0 esser rivelato l&#39;uomo iniquo, il figlio della perdizione,"
                },
                "4": {
                    "verse_nr": "4",
                    "verse": "colui che si contrappone e s&#39;innalza sopra ogni essere che viene detto Dio o \u00e8 oggetto di culto, fino a sedere nel tempio di Dio, additando se stesso come Dio."
                },
                "5": {
                    "verse_nr": "5",
                    "verse": "Non ricordate che, quando ancora ero tra voi, venivo dicendo queste cose?"
                },
                "6": {
                    "verse_nr": "6",
                    "verse": "E ora sapete ci\u00f2 che impedisce la sua manifestazione, che avverr\u00e0 nella sua ora."
                },
                "7": {
                    "verse_nr": "7",
                    "verse": "Il mistero dell&#39;iniquit\u00e0 \u00e8 gia in atto, ma \u00e8 necessario che sia tolto di mezzo chi finora lo trattiene."
                },
                "8": {
                    "verse_nr": "8",
                    "verse": "Solo allora sar\u00e0 rivelato l&#39;empio e il Signore Ges\u00f9 lo distrugger\u00e0 con il soffio della sua bocca e lo annienter\u00e0 all&#39;apparire della sua venuta, l&#39;iniquo,"
                },
                "9": {
                    "verse_nr": "9",
                    "verse": "la cui venuta avverr\u00e0 nella potenza di satana, con ogni specie di portenti, di segni e prodigi menzogneri,"
                },
                "10": {
                    "verse_nr": "10",
                    "verse": "e con ogni sorta di empio inganno per quelli che vanno in rovina perch\u00e9 non hanno accolto l&#39;amore della verit\u00e0 per essere salvi."
                },
                "11": {
                    "verse_nr": "11",
                    "verse": "E per questo Dio invia loro una potenza d&#39;inganno perch\u00e9 essi credano alla menzogna"
                },
                "12": {
                    "verse_nr": "12",
                    "verse": "e cos\u00ec siano condannati tutti quelli che non hanno creduto alla verit\u00e0, ma hanno acconsentito all&#39;iniquit\u00e0."
                },
                "13": {
                    "verse_nr": "13",
                    "verse": "Esortazione alla perseveranza -Noi per\u00f2 dobbiamo rendere sempre grazie a Dio per voi, fratelli amati dal Signore, perch\u00e9 Dio vi ha scelti come primizia per la salvezza, attraverso l&#39;opera santificatrice dello Spirito e la fede nella verit\u00e0,"
                },
                "14": {
                    "verse_nr": "14",
                    "verse": "chiamandovi a questo con il nostro vangelo, per il possesso della gloria del Signore nostro Ges\u00f9 Cristo."
                },
                "15": {
                    "verse_nr": "15",
                    "verse": "Perci\u00f2, fratelli, state saldi e mantenete le tradizioni che avete apprese cos\u00ec dalla nostra parola come dalla nostra lettera."
                },
                "16": {
                    "verse_nr": "16",
                    "verse": "E lo stesso Signore nostro Ges\u00f9 Cristo e Dio Padre nostro, che ci ha amati e ci ha dato, per sua grazia, una consolazione eterna e una buona speranza,"
                },
                "17": {
                    "verse_nr": "17",
                    "verse": "conforti i vostri cuori e li confermi in ogni opera e parola di bene."
                }
            }
        },
        "3": {
            "chapter_nr": "3",
            "chapter": {
                "1": {
                    "verse_nr": "1",
                    "verse": "Per il resto, fratelli, pregate per noi, perch\u00e9 la parola del Signore si diffonda e sia glorificata come lo \u00e8 anche tra voi"
                },
                "2": {
                    "verse_nr": "2",
                    "verse": "e veniamo liberati dagli uomini perversi e malvagi. Non di tutti infatti \u00e8 la fede."
                },
                "3": {
                    "verse_nr": "3",
                    "verse": "Ma il Signore \u00e8 fedele; egli vi confermer\u00e0 e vi custodir\u00e0 dal maligno."
                },
                "4": {
                    "verse_nr": "4",
                    "verse": "E riguardo a voi, abbiamo questa fiducia nel Signore, che quanto vi ordiniamo gia lo facciate e continuiate a farlo."
                },
                "5": {
                    "verse_nr": "5",
                    "verse": "Il Signore diriga i vostri cuori nell&#39;amore di Dio e nella pazienza di Cristo."
                },
                "6": {
                    "verse_nr": "6",
                    "verse": "Guardarsi dalla vita disordinata -Vi ordiniamo pertanto, fratelli, nel nome del Signore nostro Ges\u00f9 Cristo, di tenervi lontani da ogni fratello che si comporta in maniera indisciplinata e non secondo la tradizione che ha ricevuto da noi."
                },
                "7": {
                    "verse_nr": "7",
                    "verse": "Sapete infatti come dovete imitarci: poich\u00e9 noi non abbiamo vissuto oziosamente fra voi,"
                },
                "8": {
                    "verse_nr": "8",
                    "verse": "n\u00e9 abbiamo mangiato gratuitamente il pane di alcuno, ma abbiamo lavorato con fatica e sforzo notte e giorno per non essere di peso ad alcuno di voi."
                },
                "9": {
                    "verse_nr": "9",
                    "verse": "Non che non ne avessimo diritto, ma per darvi noi stessi come esempio da imitare."
                },
                "10": {
                    "verse_nr": "10",
                    "verse": "E infatti quando eravamo presso di voi, vi demmo questa regola: chi non vuol lavorare neppure mangi."
                },
                "11": {
                    "verse_nr": "11",
                    "verse": "Sentiamo infatti che alcuni fra di voi vivono disordinatamente, senza far nulla e in continua agitazione."
                },
                "12": {
                    "verse_nr": "12",
                    "verse": "A questi tali ordiniamo, esortandoli nel Signore Ges\u00f9 Cristo, di mangiare il proprio pane lavorando in pace."
                },
                "13": {
                    "verse_nr": "13",
                    "verse": "Voi, fratelli, non lasciatevi scoraggiare nel fare il bene."
                },
                "14": {
                    "verse_nr": "14",
                    "verse": "Se qualcuno non obbedisce a quanto diciamo per lettera, prendete nota di lui e interrompete i rapporti, perch\u00e9 si vergogni;"
                },
                "15": {
                    "verse_nr": "15",
                    "verse": "non trattatelo per\u00f2 come un nemico, ma ammonitelo come un fratello."
                },
                "16": {
                    "verse_nr": "16",
                    "verse": "Preghiera e addio -Il Signore della pace vi dia egli stesso la pace sempre e in ogni modo. Il Signore sia con tutti voi."
                },
                "17": {
                    "verse_nr": "17",
                    "verse": "Questo saluto \u00e8 di mia mano, di Paolo; ci\u00f2 serve come segno di autenticazione per ogni lettera; io scrivo cos\u00ec."
                },
                "18": {
                    "verse_nr": "18",
                    "verse": "La grazia del Signore nostro Ges\u00f9 Cristo sia con tutti voi."
                }
            }
        }
    }
}