{
    "version": "CEI",
    "book_name": "Habakkuk",
    "book_nr": "35",
    "book": {
        "1": {
            "chapter_nr": "1",
            "chapter": {
                "1": {
                    "verse_nr": "1",
                    "verse": "Titolo -Oracolo che ebbe in visione il profeta Abacuc."
                },
                "2": {
                    "verse_nr": "2",
                    "verse": "I. DIALOGO FRA IL PROFETA E IL SUO DIO -Primo lamento del profeta: la disfatta della giustizia -Fino a quando, Signore, implorer\u00f2 e non ascolti, a te alzer\u00f2 il grido: \u00abViolenza!\u00bb e non soccorri?"
                },
                "3": {
                    "verse_nr": "3",
                    "verse": "Perch\u00e9 mi fai vedere l&#39;iniquit\u00e0 e resti spettatore dell&#39;oppressione? Ho davanti rapina e violenza e ci sono liti e si muovono contese."
                },
                "4": {
                    "verse_nr": "4",
                    "verse": "Non ha pi\u00f9 forza la legge, n\u00e8 mai si afferma il diritto. L&#39;empio infatti raggira il giusto e il giudizio ne esce stravolto."
                },
                "5": {
                    "verse_nr": "5",
                    "verse": "Primo oracolo. I Caldei flagello di Dio -Guardate fra i popoli e osservate, inorridite e ammutolite: c&#39;\u00e8 chi compir\u00e0 ai vostri giorni una cosa che a raccontarla non sarebbe creduta."
                },
                "6": {
                    "verse_nr": "6",
                    "verse": "Ecco, io faccio sorgere i Caldei, popolo feroce e impetuoso, che percorre ampie regioni per occupare sedi non sue."
                },
                "7": {
                    "verse_nr": "7",
                    "verse": "Egli \u00e8 feroce e terribile, da lui esce il suo diritto e la sua grandezza."
                },
                "8": {
                    "verse_nr": "8",
                    "verse": "Pi\u00f9 veloci dei leopardi sono i suoi cavalli, pi\u00f9 agili dei lupi della sera. Balzano i suoi destrieri, venuti da lontano, volano come aquila che piomba per divorare."
                },
                "9": {
                    "verse_nr": "9",
                    "verse": "Tutti avanzano per la rapina. La loro faccia \u00e8 infuocata come il vento d&#39;oriente, ammassano i prigionieri come la sabbia."
                },
                "10": {
                    "verse_nr": "10",
                    "verse": "Egli dei re si fa beffe, e dei capi si ride; si fa gioco di ogni fortezza, assale una citt\u00e0 e la conquista."
                },
                "11": {
                    "verse_nr": "11",
                    "verse": "Poi muta corso il vento: passa e paga il fio. Questa la potenza del mio Dio!"
                },
                "12": {
                    "verse_nr": "12",
                    "verse": "Secondo lamento del profeta: le esazioni dell&#39;oppressore -Non sei tu fin da principio, Signore, il mio Dio, il mio Santo? Noi non moriremo, Signore. Tu lo hai scelto per far giustizia, l&#39;hai reso forte, o Roccia, per castigare."
                },
                "13": {
                    "verse_nr": "13",
                    "verse": "Tu dagli occhi cos\u00ec puri che non puoi vedere il male e non puoi guardare l&#39;iniquit\u00e0, perch\u00e8, vedendo i malvagi, taci mentre l&#39;empio ingoia il giusto?"
                },
                "14": {
                    "verse_nr": "14",
                    "verse": "Tu tratti gli uomini come pesci del mare, come un verme che non ha padrone."
                },
                "15": {
                    "verse_nr": "15",
                    "verse": "Egli li prende tutti all&#39;amo, li tira su con il giacchio, li raccoglie nella rete, e contento ne gode."
                },
                "16": {
                    "verse_nr": "16",
                    "verse": "Perci\u00f2 offre sacrifici alla sua rete e brucia incenso al suo giacchio, perch\u00e8 fanno grassa la sua parte e succulente le sue vivande."
                },
                "17": {
                    "verse_nr": "17",
                    "verse": "Continuer\u00e0 dunque a vuotare il giacchio e a massacrare le genti senza piet\u00e0?"
                }
            }
        },
        "2": {
            "chapter_nr": "2",
            "chapter": {
                "1": {
                    "verse_nr": "1",
                    "verse": "Secondo oracolo. Il giusto vivr\u00e0 per la sua fedelt\u00e0 -Mi metter\u00f2 di sentinella, in piedi sulla fortezza, a spiare, per vedere che cosa mi dir\u00e0, che cosa risponder\u00e0 ai miei lamenti."
                },
                "2": {
                    "verse_nr": "2",
                    "verse": "Il Signore rispose e mi disse: \u00abScrivi la visione e incidila bene sulle tavolette perch\u00e8 la si legga speditamente."
                },
                "3": {
                    "verse_nr": "3",
                    "verse": "E&#39; una visione che attesta un termine, parla di una scadenza e non mentisce; se indugia, attendila, perch\u00e8 certo verr\u00e0 e non tarder\u00e0\u00bb."
                },
                "4": {
                    "verse_nr": "4",
                    "verse": "Ecco, soccombe colui che non ha l&#39;animo retto, mentre il giusto vivr\u00e0 per la sua fede."
                },
                "5": {
                    "verse_nr": "5",
                    "verse": "II. LE MALEDIZIONI CONTRO L&#39;OPPRESSORE -Preludio -La ricchezza rende malvagi; il superbo non sussister\u00e0; spalanca come gli inferi le sue fauci e, come la morte, non si sazia, attira a s\u00e9 tutti i popoli, raduna per s\u00e9 tutte le genti."
                },
                "6": {
                    "verse_nr": "6",
                    "verse": "Forse che tutti non lo canzoneranno, non faranno motteggi per lui? Diranno: Le cinque imprecazioni - I - Guai a chi accumula ci\u00f2 che non \u00e8 suo, - e fino a quando? - e si carica di pegni!"
                },
                "7": {
                    "verse_nr": "7",
                    "verse": "Forse che non sorgeranno a un tratto i tuoi creditori, non si sveglieranno i tuoi esattori e tu diverrai loro preda?"
                },
                "8": {
                    "verse_nr": "8",
                    "verse": "Poich\u00e9 tu hai spogliato molte genti, gli altri popoli spoglieranno te, a causa del sangue umano versato, della violenza fatta alla regione, alla citt\u00e0 e ai suoi abitanti."
                },
                "9": {
                    "verse_nr": "9",
                    "verse": "II -Guai a chi \u00e8 avido di lucro, sventura per la sua casa, per mettere il nido in luogo alto, e sfuggire alla stretta della sventura."
                },
                "10": {
                    "verse_nr": "10",
                    "verse": "Hai decretato il disonore alla tua casa; hai soppresso popoli numerosi, hai fatto del male contro te stesso."
                },
                "11": {
                    "verse_nr": "11",
                    "verse": "La pietra infatti grider\u00e0 dalla parete e dal tavolato risponder\u00e0 la trave."
                },
                "12": {
                    "verse_nr": "12",
                    "verse": "III -Guai a chi costruisce una citt\u00e0 sul sangue e fonda un castello sull&#39;iniquit\u00e0."
                },
                "13": {
                    "verse_nr": "13",
                    "verse": "Non \u00e8 forse volere del Signore degli eserciti che i popoli fatichino per il fuoco e le nazioni si stanchino per un nulla?"
                },
                "14": {
                    "verse_nr": "14",
                    "verse": "Poich\u00e9, come le acque colmano il mare, cos\u00ec la terra dovr\u00e0 riempirsi di conoscenza della gloria del Signore."
                },
                "15": {
                    "verse_nr": "15",
                    "verse": "IV -Guai a chi fa bere i suoi vicini versando veleno per ubriacarli e scoprire le loro nudit\u00e0."
                },
                "16": {
                    "verse_nr": "16",
                    "verse": "Ti sei saziato di vergogna, non di gloria. Bevi, e ti colga il capogiro. Si riverser\u00e0 su di te il calice della destra del Signore e la vergogna sopra il tuo onore,"
                },
                "17": {
                    "verse_nr": "17",
                    "verse": "poich\u00e9 lo scempio fatto al Libano ricadr\u00e0 su di te e il massacro degli animali ti colmer\u00e0 di spavento, a causa del sangue umano versato, della violenza fatta alla regione, alla citt\u00e0 e a tutti i suoi abitanti."
                },
                "18": {
                    "verse_nr": "18",
                    "verse": "A che giova un idolo perch\u00e8 l&#39;artista si dia pena di scolpirlo? O una statua fusa o un oracolo falso, perch\u00e8 l&#39;artista confidi in essi, scolpendo idoli muti?"
                },
                "19": {
                    "verse_nr": "19",
                    "verse": "V -Guai a chi dice al legno: \u00abSvegliati\u00bb, e alla pietra muta: \u00abAlzati\u00bb. Ecco, \u00e8 ricoperta d&#39;oro e d&#39;argento ma dentro non c&#39;\u00e8 soffio vitale."
                },
                "20": {
                    "verse_nr": "20",
                    "verse": "Il Signore risiede nel suo santo tempio. Taccia, davanti a lui, tutta la terra!"
                }
            }
        },
        "3": {
            "chapter_nr": "3",
            "chapter": {
                "1": {
                    "verse_nr": "1",
                    "verse": "III. INVITO ALL&#39;INTERVENTO DEL SIGNORE -Preghiera del profeta Abacuc, in tono di lamentazione."
                },
                "2": {
                    "verse_nr": "2",
                    "verse": "Preludio Supplica -Signore, ho ascoltato il tuo annunzio, Signore, ho avuto timore della tua opera. Nel corso degli anni manifestala falla conoscere nel corso degli anni. Nello sdegno ricordati di avere clemenza."
                },
                "3": {
                    "verse_nr": "3",
                    "verse": "Teofania. L&#39;arrivo del Signore -Dio viene da Teman, il Santo dal monte Par\u00e0n. La sua maest\u00e0 ricopre i cieli, delle sue lodi \u00e8 piena la terra."
                },
                "4": {
                    "verse_nr": "4",
                    "verse": "Il suo splendore \u00e8 come la luce, bagliori di folgore escono dalle sue mani: l\u00e0 si cela la sua potenza."
                },
                "5": {
                    "verse_nr": "5",
                    "verse": "Davanti a lui avanza la peste, la febbre ardente segue i suoi passi."
                },
                "6": {
                    "verse_nr": "6",
                    "verse": "Si arresta e scuote la terra, guarda e fa tremare le genti; le montagne eterne s&#39;infrangono, e i colli antichi si abbassano: i suoi sentieri nei secoli."
                },
                "7": {
                    "verse_nr": "7",
                    "verse": "Ho visto i padiglioni di Cus\u00e0n in preda a spavento, sono agitate le tende di Madian."
                },
                "8": {
                    "verse_nr": "8",
                    "verse": "Il combattimento del Signore -Forse contro i fiumi, Signore, contro i fiumi si accende la tua ira o contro il mare \u00e8 il tuo furore, quando tu monti sopra i tuoi cavalli, sopra i carri della tua vittoria?"
                },
                "9": {
                    "verse_nr": "9",
                    "verse": "Tu estrai il tuo arco e ne sazi di saette la corda. Fai erompere la terra in torrenti;"
                },
                "10": {
                    "verse_nr": "10",
                    "verse": "i monti ti vedono e tremano, un uragano di acque si riversa, l&#39;abisso fa sentire la sua voce. In alto il sole tralascia di mostrarsi,"
                },
                "11": {
                    "verse_nr": "11",
                    "verse": "e la luna resta nella sua dimora, fuggono al bagliore delle tue saette, allo splendore folgorante della tua lancia."
                },
                "12": {
                    "verse_nr": "12",
                    "verse": "Sdegnato attraversi la terra, adirato calpesti le genti."
                },
                "13": {
                    "verse_nr": "13",
                    "verse": "Sei uscito per salvare il tuo popolo, per salvare il tuo consacrato. Hai demolito la cima della casa dell&#39;empio, l&#39;hai scalzata fino alle fondamenta."
                },
                "14": {
                    "verse_nr": "14",
                    "verse": "Con i tuoi dardi hai trafitto il capo dei suoi guerrieri che irrompevano per disperdermi con la gioia di chi divora il povero di nascosto."
                },
                "15": {
                    "verse_nr": "15",
                    "verse": "Hai affogato nel mare i suoi cavalli nella melma di grandi acque."
                },
                "16": {
                    "verse_nr": "16",
                    "verse": "Conclusione: timore e fede in Dio -Ho udito e fremette il mio cuore, a tal voce trem\u00f2 il mio labbro, la carie entra nelle mie ossa e sotto di me tremano i miei passi. Sospiro al giorno dell&#39;angoscia che verr\u00e0 contro il popolo che ci opprime."
                },
                "17": {
                    "verse_nr": "17",
                    "verse": "Il fico infatti non germoglier\u00e0, nessun prodotto daranno le viti, cesser\u00e0 il raccolto dell&#39;olivo, i campi non daranno pi\u00f9 cibo, i greggi spariranno dagli ovili e le stalle rimarranno senza buoi."
                },
                "18": {
                    "verse_nr": "18",
                    "verse": "Ma io gioir\u00f2 nel Signore, esulter\u00f2 in Dio mio salvatore."
                },
                "19": {
                    "verse_nr": "19",
                    "verse": "Il Signore Dio \u00e8 la mia forza, egli rende i miei piedi come quelli delle cerve e sulle alture mi fa camminare. Per il maestro del coro. Su strumenti a corda."
                }
            }
        }
    }
}