{
    "version": "CEI",
    "book_name": "Zechariah",
    "book_nr": "38",
    "book": {
        "1": {
            "chapter_nr": "1",
            "chapter": {
                "1": {
                    "verse_nr": "1",
                    "verse": "PRIMA PARTE -Esortazione alla conversione -Nell&#39;ottavo mese dell&#39;anno secondo del regno di Dario, fu rivolta questa parola del Signore al profeta Zaccaria figlio di Barachia, figlio di Idd\u00f2:"
                },
                "2": {
                    "verse_nr": "2",
                    "verse": "\u00abIl Signore si \u00e8 molto sdegnato contro i vostri padri."
                },
                "3": {
                    "verse_nr": "3",
                    "verse": "Tu dunque riferirai loro: Cos\u00ec parla il Signore degli eserciti: Convertitevi a me - oracolo del Signore degli eserciti - e io mi rivolger\u00f2 a voi, dice il Signore degli eserciti."
                },
                "4": {
                    "verse_nr": "4",
                    "verse": "Non siate come i vostri padri, ai quali i profeti di un tempo andavan gridando: Dice il Signore degli eserciti: Tornate indietro dal vostro cammino perverso e dalle vostre opere malvage. Ma essi non vollero ascoltare e non mi prestarono attenzione, dice il Signore."
                },
                "5": {
                    "verse_nr": "5",
                    "verse": "Dove sono i vostri padri? Iprofeti forse vivranno sempre?"
                },
                "6": {
                    "verse_nr": "6",
                    "verse": "Le parole e i decreti che io avevo comunicato ai miei servi, i profeti, non si sono forse adempiuti sui padri vostri? Essi si sono convertiti e hanno detto: Quanto il Signore degli eserciti ci aveva minacciato a causa dei nostri traviamenti e delle nostre colpe, l&#39;ha eseguito sopra di noi\u00bb."
                },
                "7": {
                    "verse_nr": "7",
                    "verse": "Prima visione: i cavalieri -Il ventiquattro dell&#39;undecimo mese, cio\u00e8 il mese di Seb\u00e0t, l&#39;anno secondo di Dario, questa parola del Signore si manifest\u00f2 al profeta Zaccaria, figlio di Idd\u00f2."
                },
                "8": {
                    "verse_nr": "8",
                    "verse": "Io ebbi una visione di notte. Un uomo, in groppa a un cavallo rosso, stava fra i mirti in una valle profonda; dietro a lui stavano altri cavalli rossi, sauri e bianchi."
                },
                "9": {
                    "verse_nr": "9",
                    "verse": "Io domandai: \u00abMio signore, che significano queste cose?\u00bb. L&#39;angelo che parlava con me mi rispose: \u00abIo t&#39;indicher\u00f2 ci\u00f2 che esse significano\u00bb."
                },
                "10": {
                    "verse_nr": "10",
                    "verse": "Allora l&#39;uomo che stava fra i mirti prese a dire: \u00abEssi sono coloro che il Signore ha inviati a percorrere la terra\u00bb."
                },
                "11": {
                    "verse_nr": "11",
                    "verse": "Si rivolsero infatti all&#39;angelo del Signore che stava fra i mirti e gli dissero: \u00abAbbiamo percorso la terra: \u00e8 tutta tranquilla\u00bb."
                },
                "12": {
                    "verse_nr": "12",
                    "verse": "Allora l&#39;angelo del Signore disse: \u00abSignore degli eserciti, fino a quando rifiuterai di aver piet\u00e0 di Gerusalemme e delle citt\u00e0 di Giuda, contro le quali sei sdegnato? Sono ormai settant&#39;anni!\u00bb."
                },
                "13": {
                    "verse_nr": "13",
                    "verse": "E all&#39;angelo che parlava con me il Signore rivolse parole buone, piene di conforto."
                },
                "14": {
                    "verse_nr": "14",
                    "verse": "Poi l&#39;angelo che parlava con me mi disse: \u00abF\u00e0 sapere questo: Cos\u00ec dice il Signore degli eserciti: Io sono ingelosito per Gerusalemme e per Sion di gelosia grande;"
                },
                "15": {
                    "verse_nr": "15",
                    "verse": "ma ardo di sdegno contro le nazioni superbe, poich\u00e9 mentre io ero un poco sdegnato, esse cooperarono al disastro."
                },
                "16": {
                    "verse_nr": "16",
                    "verse": "Perci\u00f2 dice il Signore: Io di nuovo mi volgo con compassione a Gerusalemme: la mia casa vi sar\u00e0 riedificata - parola del Signore degli eserciti - e la corda del muratore sar\u00e0 tesa di nuovo sopra Gerusalemme."
                },
                "17": {
                    "verse_nr": "17",
                    "verse": "F\u00e0 sapere anche questo: Cos\u00ec dice il Signore degli eserciti: Le mie citt\u00e0 avranno sovrabbondanza di beni, il Signore avr\u00e0 ancora compassione di Sion ed elegger\u00e0 di nuovo Gerusalemme\u00bb."
                },
                "18": {
                    "verse_nr": "18",
                    "verse": "verse doesn't exist in this bible version"
                },
                "19": {
                    "verse_nr": "19",
                    "verse": "verse doesn't exist in this bible version"
                },
                "20": {
                    "verse_nr": "20",
                    "verse": "verse doesn't exist in this bible version"
                },
                "21": {
                    "verse_nr": "21",
                    "verse": "verse doesn't exist in this bible version"
                }
            }
        },
        "2": {
            "chapter_nr": "2",
            "chapter": {
                "1": {
                    "verse_nr": "1",
                    "verse": "Seconda visione: corna e operai -Poi alzai gli occhi ed ecco, vidi quattro corna."
                },
                "2": {
                    "verse_nr": "2",
                    "verse": "Domandai all&#39;angelo che parlava con me: \u00abChe cosa sono queste?\u00bb. Ed egli: \u00abSono le corna che hanno disperso Giuda, Israele e Gerusalemme\u00bb."
                },
                "3": {
                    "verse_nr": "3",
                    "verse": "Poi il Signore mi fece vedere quattro operai."
                },
                "4": {
                    "verse_nr": "4",
                    "verse": "Domandai: \u00abChe cosa vengono a fare costoro?\u00bb. Mi rispose: \u00abLe corna hanno disperso Giuda a tal segno che nessuno osa pi\u00f9 alzare la testa e costoro vengono a demolire e abbattere le corna delle nazioni che cozzano contro il paese di Giuda per disperderlo\u00bb."
                },
                "5": {
                    "verse_nr": "5",
                    "verse": "Terza visione: il misuratore -Alzai gli occhi ed ecco un uomo con una corda in mano per misurare."
                },
                "6": {
                    "verse_nr": "6",
                    "verse": "Gli domandai: \u00abDove vai?\u00bb. Ed egli: \u00abVado a misurare Gerusalemme per vedere qual \u00e8 la sua larghezza e qual \u00e8 la sua lunghezza\u00bb."
                },
                "7": {
                    "verse_nr": "7",
                    "verse": "Allora l&#39;angelo che parlava con me usc\u00ec e incontr\u00f2 un altro angelo"
                },
                "8": {
                    "verse_nr": "8",
                    "verse": "che gli disse: \u00abCorri, v\u00e0 a parlare a quel giovane e digli: Gerusalemme sar\u00e0 priva di mura, per la moltitudine di uomini e di animali che dovr\u00e0 accogliere."
                },
                "9": {
                    "verse_nr": "9",
                    "verse": "Io stesso - parola del Signore - le far\u00f2 da muro di fuoco all&#39;intorno e sar\u00f2 una gloria in mezzo ad essa."
                },
                "10": {
                    "verse_nr": "10",
                    "verse": "Due appelli agli esiliati -Su, su, fuggite dal paese del settentrione - parola del Signore - voi che ho dispersi ai quattro venti del cielo - parola del Signore."
                },
                "11": {
                    "verse_nr": "11",
                    "verse": "A Sion mettiti in salvo, tu che abiti ancora con la figlia di Babilonia!"
                },
                "12": {
                    "verse_nr": "12",
                    "verse": "Dice il Signore degli eserciti alle nazioni che vi hanno spogliato:"
                },
                "13": {
                    "verse_nr": "13",
                    "verse": "Ecco, io stendo la mano sopra di esse e diverranno preda dei loro schiavi e voi saprete che il Signore degli eserciti mi ha inviato."
                }
            }
        },
        "3": {
            "chapter_nr": "3",
            "chapter": {
                "1": {
                    "verse_nr": "1",
                    "verse": "Quarta visione: le vesti di Giosu\u00e8 -Poi mi fece vedere il sommo sacerdote Giosu\u00e8, ritto davanti all&#39;angelo del Signore, e satana era alla sua destra per accusarlo."
                },
                "2": {
                    "verse_nr": "2",
                    "verse": "L&#39;angelo del Signore disse a satana: \u00abTi rimprovera il Signore, o satana! Ti rimprovera il Signore che si \u00e8 eletto Gerusalemme! Non \u00e8 forse costui un tizzone s costui un tizzone sottratto al fuoco?\u00bb."
                },
                "3": {
                    "verse_nr": "3",
                    "verse": "Giosu\u00e8 infatti era rivestito di vesti immonde e stava in piedi davanti all&#39;angelo,"
                },
                "4": {
                    "verse_nr": "4",
                    "verse": "il quale prese a dire a coloro che gli stavano intorno: \u00abToglietegli quelle vesti immonde\u00bb. Poi disse a Giosu\u00e8: \u00abEcco, io ti tolgo di dosso il peccato; fatti rivestire di abiti da festa\u00bb."
                },
                "5": {
                    "verse_nr": "5",
                    "verse": "Poi soggiunse: \u00abMettetegli sul capo un diadema mondo\u00bb. E gli misero un diadema mondo sul capo, lo rivestirono di candide vesti alla presenza dell&#39;angelo del Signore."
                },
                "6": {
                    "verse_nr": "6",
                    "verse": "Poi l&#39;angelo del Signore dichiar\u00f2 a Giosu\u00e8:"
                },
                "7": {
                    "verse_nr": "7",
                    "verse": "\u00abDice il Signore degli eserciti: Se camminerai nelle mie vie e osserverai le mie leggi, tu avrai il governo della mia casa, sarai il custode dei miei atri e ti dar\u00f2 accesso fra questi che stanno qui."
                },
                "8": {
                    "verse_nr": "8",
                    "verse": "La venuta del &#34;germoglio&#34; -Ascolta dunque, Giosu\u00e8 sommo sacerdote, tu e i tuoi compagni che siedono davanti a te, poich\u00e9 essi servono da presagio: ecco, io mander\u00f2 il mio servo Germoglio."
                },
                "9": {
                    "verse_nr": "9",
                    "verse": "Ecco la pietra che io pongo davanti a Giosu\u00e8: sette occhi sono su quest&#39;unica pietra; io stesso incider\u00f2 la sua iscrizione - oracolo del Signore degli eserciti - e rimuover\u00f2 in un sol giorno l&#39;iniquit\u00e0 da questo paese."
                },
                "10": {
                    "verse_nr": "10",
                    "verse": "In quel giorno - oracolo del Signore degli eserciti - ogni uomo inviter\u00e0 il suo vicino sotto la sua vite e sotto il suo fico\u00bb."
                }
            }
        },
        "4": {
            "chapter_nr": "4",
            "chapter": {
                "1": {
                    "verse_nr": "1",
                    "verse": "Quinta visione: il candelabro e gli olivi -L&#39;angelo che mi parlava venne a destarmi, come si desta uno dal sonno,"
                },
                "2": {
                    "verse_nr": "2",
                    "verse": "e mi disse: \u00abChe cosa vedi?\u00bb. Risposi: \u00abVedo un candelabro tutto d&#39;oro; in cima ha un recipiente con sette lucerne e sette beccucci per le lucerne."
                },
                "3": {
                    "verse_nr": "3",
                    "verse": "Due olivi gli stanno vicino, uno a destra e uno a sinistra\u00bb."
                },
                "4": {
                    "verse_nr": "4",
                    "verse": "Allora domandai all&#39;angelo che mi parlava: \u00abChe cosa significano, signor mio, queste cose?\u00bb."
                },
                "5": {
                    "verse_nr": "5",
                    "verse": "Egli mi rispose: \u00abNon comprendi dunque il loro significato?\u00bb. E io: \u00abNo, signor mio\u00bb."
                },
                "6": {
                    "verse_nr": "6",
                    "verse": "Tre parole per Zorobabele -Egli mi rispose: \u00abQuesta \u00e8 la parola del Signore a Zorobabele: Non con la potenza n\u00e9 con la forza, ma con il mio spirito, dice il Signore degli eserciti!"
                },
                "7": {
                    "verse_nr": "7",
                    "verse": "Chi sei tu, o grande monte? Davanti a Zorobabele diventa pianura! Egli estrarr\u00e0 la pietra, quella del vertice, fra le acclamazioni: Quanto \u00e8 bella!\u00bb."
                },
                "8": {
                    "verse_nr": "8",
                    "verse": "Mi fu rivolta questa parola del Signore:"
                },
                "9": {
                    "verse_nr": "9",
                    "verse": "\u00abLe mani di Zorobabele hanno fondato questa casa: le sue mani la compiranno e voi saprete che il Signore degli eserciti mi ha inviato a voi."
                },
                "10": {
                    "verse_nr": "10",
                    "verse": "Chi oser\u00e0 disprezzare il giorno di cos\u00ec modesti inizi? Si gioir\u00e0 vedendo il filo a piombo in mano a Zorobabele. Le sette lucerne rappresentano gli occhi del Signore che scrutano tutta la terra\u00bb."
                },
                "11": {
                    "verse_nr": "11",
                    "verse": "Quindi gli domandai: \u00abChe significano quei due olivi a destra e a sinistra del candelabro?"
                },
                "12": {
                    "verse_nr": "12",
                    "verse": "E quelle due ciocche d&#39;olivo che stillano oro dentro i due canaletti d&#39;oro?\u00bb."
                },
                "13": {
                    "verse_nr": "13",
                    "verse": "Mi rispose: \u00abNon comprendi dunque il significato di queste cose?\u00bb. E io: \u00abNo, signor mio\u00bb."
                },
                "14": {
                    "verse_nr": "14",
                    "verse": "\u00abQuesti, soggiunse, sono i due consacrati che assistono il dominatore di tutta la terra\u00bb."
                }
            }
        },
        "5": {
            "chapter_nr": "5",
            "chapter": {
                "1": {
                    "verse_nr": "1",
                    "verse": "Sesta visione: il libro che vola -Poi alzai gli occhi e vidi un rotolo che volava."
                },
                "2": {
                    "verse_nr": "2",
                    "verse": "L&#39;angelo mi domand\u00f2: \u00abChe cosa vedi?\u00bb. E io: \u00abVedo un rotolo che vola: \u00e8 lungo venti cubiti e largo dieci\u00bb."
                },
                "3": {
                    "verse_nr": "3",
                    "verse": "Egli soggiunse: \u00abQuesta \u00e8 la maledizione che si diffonde su tutta la terra: ogni ladro sar\u00e0 scacciato via di qui come quel rotolo; ogni spergiuro sar\u00e0 scacciato via di qui come quel rotolo."
                },
                "4": {
                    "verse_nr": "4",
                    "verse": "Io scatener\u00f2 la maledizione, dice il Signore degli eserciti, in modo che essa penetri nella casa del ladro e nella casa dello spergiuro riguardo al mio nome; rimarr\u00e0 in quella casa e la consumer\u00e0 insieme con le sue travi e le sue pietre\u00bb."
                },
                "5": {
                    "verse_nr": "5",
                    "verse": "Settima visione: la donna nell&#39;efa -Poi l&#39;angelo che parlava con me si avvicin\u00f2 e mi disse: \u00abAlza gli occhi e osserva ci\u00f2 che appare\u00bb."
                },
                "6": {
                    "verse_nr": "6",
                    "verse": "E io: \u00abChe cosa \u00e8 quella?\u00bb. Mi rispose: \u00abE&#39; un&#39;efa che avanza\u00bb. Poi soggiunse: \u00abQuesta \u00e8 la loro corruzione in tutta la terra\u00bb."
                },
                "7": {
                    "verse_nr": "7",
                    "verse": "Fu quindi alzato un coperchio di piombo; ecco dentro all&#39;efa vi era una donna."
                },
                "8": {
                    "verse_nr": "8",
                    "verse": "Disse: \u00abQuesta \u00e8 l&#39;empiet\u00e0!\u00bb. Poi la ricacci\u00f2 dentro l&#39;efa e ricopr\u00ec l&#39;apertura con il coperchio di piombo."
                },
                "9": {
                    "verse_nr": "9",
                    "verse": "Alzai di nuovo gli occhi per osservare e vidi venire due donne: il vento agitava le loro ali, poich\u00e9 avevano ali come quelle delle cicogne, e sollevarono l&#39;efa fra la terra e il cielo."
                },
                "10": {
                    "verse_nr": "10",
                    "verse": "Domandai all&#39;angelo che parlava con me: \u00abDove portano l&#39;efa costoro?\u00bb."
                },
                "11": {
                    "verse_nr": "11",
                    "verse": "Mi rispose: \u00abVanno nella terra di S\u00e8nnaar per costruirle un tempio. Appena costruito, l&#39;efa sar\u00e0 posta sopra il suo piedistallo\u00bb."
                }
            }
        },
        "6": {
            "chapter_nr": "6",
            "chapter": {
                "1": {
                    "verse_nr": "1",
                    "verse": "Ottava visione: i carri -Alzai ancora gli occhi per osservare ed ecco quattro carri uscire in mezzo a due montagne e le montagne erano di bronzo."
                },
                "2": {
                    "verse_nr": "2",
                    "verse": "Il primo carro aveva cavalli bai, il secondo cavalli neri,"
                },
                "3": {
                    "verse_nr": "3",
                    "verse": "il terzo cavalli bianchi e il quarto cavalli pezzati."
                },
                "4": {
                    "verse_nr": "4",
                    "verse": "Domandai all&#39;angelo che parlava con me: \u00abChe significano quelli, signor mio?\u00bb."
                },
                "5": {
                    "verse_nr": "5",
                    "verse": "E l&#39;angelo: \u00abSono i quattro venti del cielo che partono dopo essersi presentati al Signore di tutta la terra."
                },
                "6": {
                    "verse_nr": "6",
                    "verse": "I cavalli neri vanno verso la terra del settentrione, seguiti da quelli bianchi; i pezzati invece si dirigono verso la terra del mezzogiorno."
                },
                "7": {
                    "verse_nr": "7",
                    "verse": "Essi fremono di percorrere la terra\u00bb. Egli disse loro: \u00abAndate, percorrete la terra\u00bb. Essi partirono per percorrere la terra;"
                },
                "8": {
                    "verse_nr": "8",
                    "verse": "Poi mi chiam\u00f2 e mi disse: \u00abEcco, quelli che muovono verso la terra del settentrione hanno fatto calmare il mio spirito su quella terra\u00bb."
                },
                "9": {
                    "verse_nr": "9",
                    "verse": "La corona ex-voto -Mi fu rivolta questa parola del Signore:"
                },
                "10": {
                    "verse_nr": "10",
                    "verse": "\u00abPrendi fra i deportati, fra quelli di Cheld\u00e0i, di Tobia e di Iedai\u00e0, oro e argento e v\u00e0 nel medesimo giorno a casa di Giosia figlio di Sofon\u00eca, che \u00e8 ritornato da Babilonia."
                },
                "11": {
                    "verse_nr": "11",
                    "verse": "Prendi quell&#39;argento e quell&#39;oro e ne farai una corona che porrai sul capo di Giosu\u00e8 figlio di Iozed\u00e0k, sommo sacerdote."
                },
                "12": {
                    "verse_nr": "12",
                    "verse": "Gli riferirai: Dice il Signore degli eserciti: Ecco un uomo che si chiama Germoglio: spunter\u00e0 da s\u00e9 e ricostruir\u00e0 il tempio del Signore."
                },
                "13": {
                    "verse_nr": "13",
                    "verse": "S\u00ec, egli ricostruir\u00e0 il tempio del Signore, egli ricever\u00e0 la gloria, egli sieder\u00e0 da sovrano sul suo trono. Un sacerdote sar\u00e0 alla sua destra e fra i due regner\u00e0 una pace perfetta."
                },
                "14": {
                    "verse_nr": "14",
                    "verse": "La corona per Cheld\u00e0i, Tobia, Iedai\u00e0 e Giosia, figlio di Sofon\u00eca, rester\u00e0 di ricordo nel tempio del Signore."
                },
                "15": {
                    "verse_nr": "15",
                    "verse": "Anche da lontano verranno a riedificare il tempio del Signore. Cos\u00ec riconoscerete che il Signore degli eserciti mi ha inviato a voi. Ci\u00f2 avverr\u00e0, se ascolterete la voce del Signore vostro Dio\u00bb."
                }
            }
        },
        "7": {
            "chapter_nr": "7",
            "chapter": {
                "1": {
                    "verse_nr": "1",
                    "verse": "Domanda sul digiuno -L&#39;anno quarto di Dario, il quarto giorno del nono mese, detto Casleu, la parola del Signore fu rivolta a Zaccaria."
                },
                "2": {
                    "verse_nr": "2",
                    "verse": "Betel aveva inviato Sar\u00e8zer alto ufficiale del re con i suoi uomini a supplicare il Signore"
                },
                "3": {
                    "verse_nr": "3",
                    "verse": "e a domandare ai sacerdoti addetti al tempio del Signore degli eserciti e ai profeti: \u00abDevo io continuare a far lutto e astinenza nel quinto mese, come ho fatto in questi anni passati?\u00bb."
                },
                "4": {
                    "verse_nr": "4",
                    "verse": "Ritorno sul passato nazionale -Allora mi fu rivolta questa parola del Signore:"
                },
                "5": {
                    "verse_nr": "5",
                    "verse": "\u00abParla a tutto il popolo del paese e a tutti i sacerdoti e d\u00ec loro: Quando avete fatto digiuni e lamenti nel quinto e nel settimo mese per questi settant&#39;anni, lo facevate forse per me?"
                },
                "6": {
                    "verse_nr": "6",
                    "verse": "Quando avete mangiato e bevuto non lo facevate forse per voi?"
                },
                "7": {
                    "verse_nr": "7",
                    "verse": "Non \u00e8 questa forse la parola che vi proclamava il Signore per mezzo dei profeti del passato, quando Gerusalemme era ancora abitata e in pace ed erano abitate le citt\u00e0 vicine e il Negheb e la pianura?\u00bb."
                },
                "8": {
                    "verse_nr": "8",
                    "verse": "Questa parola del Signore fu rivolta a Zaccaria:"
                },
                "9": {
                    "verse_nr": "9",
                    "verse": "\u00abEcco ci\u00f2 che dice il Signore degli eserciti: Praticate la giustizia e la fedelt\u00e0; esercitate la piet\u00e0 e la misericordia ciascuno verso il suo prossimo."
                },
                "10": {
                    "verse_nr": "10",
                    "verse": "Non frodate la vedova, l&#39;orfano, il pellegrino, il misero e nessuno nel cuore trami il male contro il proprio fratello\u00bb."
                },
                "11": {
                    "verse_nr": "11",
                    "verse": "Ma essi hanno rifiutato di ascoltarmi, mi hanno voltato le spalle, hanno indurito gli orecchi per non sentire."
                },
                "12": {
                    "verse_nr": "12",
                    "verse": "Indurirono il cuore come un diamante per non udire la legge e le parole che il Signore degli eserciti rivolgeva loro mediante il suo spirito, per mezzo dei profeti del passato. Cos\u00ec si accese un grande sdegno da parte del Signore degli eserciti."
                },
                "13": {
                    "verse_nr": "13",
                    "verse": "Come al suo chiamare essi non vollero dare ascolto, cos\u00ec quand&#39;essi grideranno, io non li ascolter\u00f2, dice il Signore degli eserciti."
                },
                "14": {
                    "verse_nr": "14",
                    "verse": "\u00abIo li ho dispersi fra tutte quelle nazioni che essi non conoscevano e il paese si \u00e8 desolato dietro di loro, senza che alcuno lo percorresse; la terra di delizie \u00e8 stata ridotta a desolazione\u00bb."
                }
            }
        },
        "8": {
            "chapter_nr": "8",
            "chapter": {
                "1": {
                    "verse_nr": "1",
                    "verse": "Prospettive di salvezza messianica -Questa parola del Signore degli eserciti mi fu rivolta:"
                },
                "2": {
                    "verse_nr": "2",
                    "verse": "\u00abCos\u00ec dice il Signore degli eserciti: Sono acceso di grande gelosia per Sion, un grande ardore m&#39;infiamma per lei."
                },
                "3": {
                    "verse_nr": "3",
                    "verse": "Dice il Signore: Torner\u00f2 a Sion e dimorer\u00f2 in Gerusalemme. Gerusalemme sar\u00e0 chiamata Citt\u00e0 della fedelt\u00e0 e il monte del Signore degli eserciti Monte santo\u00bb."
                },
                "4": {
                    "verse_nr": "4",
                    "verse": "Dice il Signore degli eserciti: \u00abVecchi e vecchie siederanno ancora nelle piazze di Gerusalemme, ognuno con il bastone in mano per la loro longevit\u00e0."
                },
                "5": {
                    "verse_nr": "5",
                    "verse": "Le piazze della citt\u00e0 formicoleranno di fanciulli e di fanciulle, che giocheranno sulle sue piazze\u00bb."
                },
                "6": {
                    "verse_nr": "6",
                    "verse": "Dice il Signore degli eserciti: \u00abSe questo sembra impossibile agli occhi del resto di questo popolo in quei giorni, sar\u00e0 forse impossibile anche ai miei occhi?\u00bb - dice il Signore degli eserciti -."
                },
                "7": {
                    "verse_nr": "7",
                    "verse": "Cos\u00ec dice il Signore degli eserciti: \u00abEcco, io salvo il mio popolo dalla terra d&#39;oriente e d&#39;occidente:"
                },
                "8": {
                    "verse_nr": "8",
                    "verse": "li ricondurr\u00f2 ad abitare in Gerusalemme; saranno il mio popolo e io sar\u00f2 il loro Dio, nella fedelt\u00e0 e nella giustizia\u00bb."
                },
                "9": {
                    "verse_nr": "9",
                    "verse": "Dice il Signore degli eserciti: \u00abRiprendano forza le vostre mani. Voi in questi giorni ascoltate queste parole dalla bocca dei profeti; oggi vien fondata la casa del Signore degli eserciti con la ricostruzione del tempio."
                },
                "10": {
                    "verse_nr": "10",
                    "verse": "Ma prima di questi giorni non c&#39;era salario per l&#39;uomo, n\u00e9 salario per l&#39;animale; non c&#39;era sicurezza alcuna per chi andava e per chi veniva a causa degli invasori: io stesso mettevo gli uomini l&#39;un contro l&#39;altro."
                },
                "11": {
                    "verse_nr": "11",
                    "verse": "Ora invece verso il resto di questo popolo io non sar\u00f2 pi\u00f9 come sono stato prima - dice il Signore degli eserciti -."
                },
                "12": {
                    "verse_nr": "12",
                    "verse": "E&#39; un seme di pace: la vite produrr\u00e0 il suo frutto, la terra dar\u00e0 i suoi prodotti, i cieli daranno la rugiada: dar\u00f2 tutto ci\u00f2 al resto di questo popolo."
                },
                "13": {
                    "verse_nr": "13",
                    "verse": "Come foste oggetto di maledizione fra le genti, o casa di Giuda e d&#39;Israele, cos\u00ec quando vi avr\u00f2 salvati, diverrete una benedizione. Non temete dunque: riprendano forza le vostre mani\u00bb."
                },
                "14": {
                    "verse_nr": "14",
                    "verse": "Cos\u00ec dice il Signore degli eserciti: \u00abCome decisi di affliggervi quando i vostri padri mi provocarono all&#39;ira - dice il Signore degli eserciti - e non mi lasciai commuovere,"
                },
                "15": {
                    "verse_nr": "15",
                    "verse": "cos\u00ec invece mi dar\u00f2 premura in questi giorni di fare del bene a Gerusalemme e alla casa di Giuda; non temete."
                },
                "16": {
                    "verse_nr": "16",
                    "verse": "Ecco ci\u00f2 che voi dovrete fare: parlate con sincerit\u00e0 ciascuno con il suo prossimo; veraci e sereni siano i giudizi che terrete alle porte delle vostre citt\u00e0."
                },
                "17": {
                    "verse_nr": "17",
                    "verse": "Nessuno trami nel cuore il male contro il proprio fratello; non amate il giuramento falso, poich\u00e9 io detesto tutto questo\u00bb - oracolo del Signore -."
                },
                "18": {
                    "verse_nr": "18",
                    "verse": "Risposta alla domanda del digiuno -Mi fu ancora rivolta questa parola del Signore degli eserciti:"
                },
                "19": {
                    "verse_nr": "19",
                    "verse": "\u00abCos\u00ec dice il Signore degli eserciti: Il digiuno del quarto, quinto, settimo e decimo mese si cambier\u00e0 per la casa di Giuda in gioia, in giubilo e in giorni di festa, purch\u00e9 amiate la verit\u00e0 e la pace\u00bb."
                },
                "20": {
                    "verse_nr": "20",
                    "verse": "Prospettive di salvezza messianica -Dice il Signore degli eserciti: \u00abAnche popoli e abitanti di numerose citt\u00e0 si raduneranno"
                },
                "21": {
                    "verse_nr": "21",
                    "verse": "e si diranno l&#39;un l&#39;altro: Su, andiamo a supplicare il Signore, a trovare il Signore degli eserciti; ci vado anch&#39;io."
                },
                "22": {
                    "verse_nr": "22",
                    "verse": "Cos\u00ec popoli numerosi e nazioni potenti verranno a Gerusalemme a consultare il Signore degli eserciti e a supplicare il Signore\u00bb."
                },
                "23": {
                    "verse_nr": "23",
                    "verse": "Dice il Signore degli eserciti: \u00abIn quei giorni, dieci uomini di tutte le lingue delle genti afferreranno un Giudeo per il lembo del mantello e gli diranno: Vogliamo venire con voi, perch\u00e9 abbiamo compreso che Dio \u00e8 con voi\u00bb."
                }
            }
        },
        "9": {
            "chapter_nr": "9",
            "chapter": {
                "1": {
                    "verse_nr": "1",
                    "verse": "SECONDA PARTE -Oracolo. La nuova terra - La parola del Signore \u00e8 sulla terra di Cadr\u00e0ch e si posa su Damasco, poich\u00e9 al Signore appartiene la perla di Aram e tutte le trib\u00f9 d&#39;Israele;"
                },
                "2": {
                    "verse_nr": "2",
                    "verse": "anche Amat sua confinante e Sid\u00f2ne, che \u00e8 tanto saggia."
                },
                "3": {
                    "verse_nr": "3",
                    "verse": "Tiro si \u00e8 costruita una fortezza e vi ha accumulato argento come polvere e oro come fango delle strade."
                },
                "4": {
                    "verse_nr": "4",
                    "verse": "Ecco, il Signore se ne impossesser\u00e0, sprofonder\u00e0 nel mare le sue ricchezze ed essa sar\u00e0 divorata dal fuoco."
                },
                "5": {
                    "verse_nr": "5",
                    "verse": "Ascal\u00f2na vedr\u00e0 e ne sar\u00e0 spaventata, Gaza sar\u00e0 in grandi dolori, come anche Ekr\u00f2n, perch\u00e9 svanir\u00e0 la sua fiducia; scomparir\u00e0 il re da Gaza e Ascal\u00f2na rimarr\u00e0 disabitata."
                },
                "6": {
                    "verse_nr": "6",
                    "verse": "Bastardi dimoreranno in Asd\u00f2d, abbatter\u00f2 l&#39;orgoglio del Filisteo."
                },
                "7": {
                    "verse_nr": "7",
                    "verse": "Toglier\u00f2 il sangue dalla sua bocca e i suoi abomini dai suoi denti. Diventer\u00e0 anche lui un resto per il nostro Dio, sar\u00e0 come una famiglia in Giuda ed Ekr\u00f2n sar\u00e0 simile al Gebuseo."
                },
                "8": {
                    "verse_nr": "8",
                    "verse": "Mi porr\u00f2 come sentinella per la mia casa contro chi va e chi viene, non vi passer\u00e0 pi\u00f9 l&#39;oppressore, perch\u00e9 ora io stesso sorveglio con i miei occhi."
                },
                "9": {
                    "verse_nr": "9",
                    "verse": "Il messia -Esulta grandemente figlia di Sion, giubila, figlia di Gerusalemme! Ecco, a te viene il tuo re. Egli \u00e8 giusto e vittorioso, umile, cavalca un asino, un puledro figlio d&#39;asina."
                },
                "10": {
                    "verse_nr": "10",
                    "verse": "Far\u00e0 sparire i carri da Efraim e i cavalli da Gerusalemme, l&#39;arco di guerra sar\u00e0 spezzato, annunzier\u00e0 la pace alle genti, il suo dominio sar\u00e0 da mare a mare e dal fiume ai confini della terra."
                },
                "11": {
                    "verse_nr": "11",
                    "verse": "Il ristabilimento di Israele -Quanto a te, per il sangue dell&#39;alleanza con te, estrarr\u00f2 i tuoi prigionieri dal pozzo senz&#39;acqua."
                },
                "12": {
                    "verse_nr": "12",
                    "verse": "Ritornate alla cittadella, prigionieri della speranza! Ve l&#39;annunzio fino da oggi: vi ripagher\u00f2 due volte."
                },
                "13": {
                    "verse_nr": "13",
                    "verse": "Tendo Giuda come mio arco, Efraim come un arco teso; ecciter\u00f2 i tuoi figli, Sion, contro i tuoi figli, Grecia, ti far\u00f2 come spada di un eroe."
                },
                "14": {
                    "verse_nr": "14",
                    "verse": "Allora il Signore comparir\u00e0 contro di loro, come fulmine guizzeranno le sue frecce; il Signore dar\u00e0 fiato alla tromba e marcer\u00e0 fra i turbini del mezzogiorno."
                },
                "15": {
                    "verse_nr": "15",
                    "verse": "Il Signore degli eserciti li protegger\u00e0: divoreranno e calpesteranno le pietre della fionda, berranno il loro sangue come vino, ne saranno pieni come bacini, come i corni dell&#39;altare."
                },
                "16": {
                    "verse_nr": "16",
                    "verse": "Il Signore loro Dio in quel giorno salver\u00e0 come un gregge il suo popolo, come gemme di un diadema brilleranno sulla sua terra."
                },
                "17": {
                    "verse_nr": "17",
                    "verse": "Quali beni, quale bellezza! Il grano dar\u00e0 vigore ai giovani e il vino nuovo alle fanciulle."
                }
            }
        },
        "10": {
            "chapter_nr": "10",
            "chapter": {
                "1": {
                    "verse_nr": "1",
                    "verse": "Essere fedeli al Signore -Chiedete al Signore la pioggia tardiva di primavera; \u00e8 il Signore che forma i nembi, egli riversa pioggia abbondante d\u00e0 il pane agli uomini, a ognuno l&#39;erba dei campi."
                },
                "2": {
                    "verse_nr": "2",
                    "verse": "Poich\u00e9 gli strumenti divinatori dicono menzogne, gli indovini vedono il falso, raccontano sogni fallaci, danno vane consolazioni: per questo vanno vagando come pecore, sono oppressi, perch\u00e9 senza pastore."
                },
                "3": {
                    "verse_nr": "3",
                    "verse": "Liberazione e ritorno in Israele -Contro i pastori divampa il mio sdegno e contro i montoni dirigo lo sguardo, poich\u00e9 il Signore visiter\u00e0 il suo gregge e ne far\u00e0 come un cavallo da parata."
                },
                "4": {
                    "verse_nr": "4",
                    "verse": "Da lui uscir\u00e0 la pietra d&#39;angolo, da lui il chiodo, da lui l&#39;arco di guerra, da lui tutti quanti i condottieri."
                },
                "5": {
                    "verse_nr": "5",
                    "verse": "Saranno come prodi che calpestano il fango delle strade in battaglia. Combatteranno perch\u00e9 il Signore \u00e8 con loro e rimarranno confusi coloro che cavalcano i destrieri."
                },
                "6": {
                    "verse_nr": "6",
                    "verse": "Io rafforzer\u00f2 la casa di Giuda e render\u00f2 vittoriosa la casa di Giuseppe: li ricondurr\u00f2 in patria, poich\u00e9 ne ho avuto piet\u00e0; saranno come se non li avessi mai ripudiati, poich\u00e9 io sono il Signore loro Dio e li esaudir\u00f2."
                },
                "7": {
                    "verse_nr": "7",
                    "verse": "Saranno come un eroe quelli di Efraim, gioir\u00e0 il loro cuore come inebriato dal vino, vedranno i loro figli e gioiranno e il loro cuore esulter\u00e0 nel Signore."
                },
                "8": {
                    "verse_nr": "8",
                    "verse": "Con un fischio li chiamer\u00f2 a raccolta quando li avr\u00f2 riscattati e saranno numerosi come prima."
                },
                "9": {
                    "verse_nr": "9",
                    "verse": "Dopo essere stati dispersi fra i popoli, nelle regioni remote, si ricorderanno di me, alleveranno i figli e torneranno."
                },
                "10": {
                    "verse_nr": "10",
                    "verse": "Li far\u00f2 ritornare dall&#39;Egitto, li raccoglier\u00f2 dall&#39;Assiria, per ricondurli nella terra di G\u00e0laad e del Libano e non baster\u00e0 per loro lo spazio."
                },
                "11": {
                    "verse_nr": "11",
                    "verse": "Attraverseranno il mare verso Tiro, percuoteranno le onde del mare, saranno inariditi i gorghi del Nilo. Sar\u00e0 abbattuto l&#39;orgoglio di Assur e rimosso lo scettro d&#39;Egitto."
                },
                "12": {
                    "verse_nr": "12",
                    "verse": "Li render\u00f2 forti nel Signore e del suo nome si glorieranno. Parola del Signore."
                }
            }
        },
        "11": {
            "chapter_nr": "11",
            "chapter": {
                "1": {
                    "verse_nr": "1",
                    "verse": "Apri, Libano, le tue porte, e il fuoco divori i tuoi cedri."
                },
                "2": {
                    "verse_nr": "2",
                    "verse": "Urla, cipresso, perch\u00e9 il cedro \u00e8 caduto, gli splendidi alberi sono distrutti. Urlate, querce di Bas\u00e0n, perch\u00e9 la foresta impenetrabile \u00e8 abbattuta!"
                },
                "3": {
                    "verse_nr": "3",
                    "verse": "Si ode il lamento dei pastori, perch\u00e9 la loro gloria \u00e8 distrutta! Si ode il ruggito dei leoncelli, perch\u00e9 \u00e8 devastata la magnificenza del Giordano!"
                },
                "4": {
                    "verse_nr": "4",
                    "verse": "I due pastori -Cos\u00ec parla il Signore mio Dio: \u00abPasci quelle pecore da macello"
                },
                "5": {
                    "verse_nr": "5",
                    "verse": "che i compratori sgozzano impunemente, e i venditori dicono: Sia benedetto il Signore, mi sono arricchito, e i pastori non se ne curano affatto."
                },
                "6": {
                    "verse_nr": "6",
                    "verse": "Neppur io perdoner\u00f2 agli abitanti del paese. Oracolo del Signore. Ecco, io abbandoner\u00f2 gli uomini l&#39;uno in bal\u00eca dell&#39;altro, in bal\u00eca del loro re, perch\u00e9 devastino il paese - non mi curer\u00f2 di liberarli dalle loro mani\u00bb."
                },
                "7": {
                    "verse_nr": "7",
                    "verse": "Io dunque mi misi a pascolare le pecore da macello da parte dei mercanti di pecore. Presi due bastoni: uno lo chiamai Benevolenza e l&#39;altro Unione e condussi al pascolo le pecore."
                },
                "8": {
                    "verse_nr": "8",
                    "verse": "Nel volgere d&#39;un sol mese eliminai tre pastori. Ma io mi irritai contro di esse, perch\u00e9 anch&#39;esse si erano tediate di me."
                },
                "9": {
                    "verse_nr": "9",
                    "verse": "Perci\u00f2 io dissi: \u00abNon sar\u00f2 pi\u00f9 il vostro pastore. Chi vuol morire, muoia; chi vuol perire, perisca; quelle che rimangono si divorino pure fra di loro!\u00bb."
                },
                "10": {
                    "verse_nr": "10",
                    "verse": "Presi il bastone chiamato Benevolenza e lo spezzai: ruppi cos\u00ec l&#39;alleanza da me stabilita con tutti i popoli."
                },
                "11": {
                    "verse_nr": "11",
                    "verse": "Lo ruppi in quel medesimo giorno; i mercanti di pecore che mi osservavano, riconobbero che quello era l&#39;ordine del Signore."
                },
                "12": {
                    "verse_nr": "12",
                    "verse": "Poi dissi loro: \u00abSe vi pare giusto, datemi la mia paga; se no, lasciate stare\u00bb. Essi allora pesarono trenta sicli d&#39;argento come mia paga."
                },
                "13": {
                    "verse_nr": "13",
                    "verse": "Ma il Signore mi disse: \u00abGetta nel tesoro questa bella somma, con cui sono stato da loro valutato!\u00bb. Io presi i trenta sicli d&#39;argento e li gettai nel tesoro della casa del Signore."
                },
                "14": {
                    "verse_nr": "14",
                    "verse": "Poi feci a pezzi il secondo bastone chiamato Unione per rompere cos\u00ec la fratellanza fra Giuda e Israele."
                },
                "15": {
                    "verse_nr": "15",
                    "verse": "Quindi il Signore mi disse: \u00abPrenditi gli attrezzi di un pastore insensato,"
                },
                "16": {
                    "verse_nr": "16",
                    "verse": "poich\u00e9 ecco, io susciter\u00f2 nel paese un pastore, che non avr\u00e0 cura di quelle che si perdono, non cercher\u00e0 le disperse, non curer\u00e0 le malate, non nutrir\u00e0 le affamate; manger\u00e0 invece le carni delle pi\u00f9 grasse e strapper\u00e0 loro perfino le unghie."
                },
                "17": {
                    "verse_nr": "17",
                    "verse": "Guai al pastore stolto che abbandona il gregge! Una spada sta sopra il suo braccio e sul suo occhio destro. Tutto il suo braccio si inaridisca e tutto il suo occhio destro resti accecato\u00bb."
                }
            }
        },
        "12": {
            "chapter_nr": "12",
            "chapter": {
                "1": {
                    "verse_nr": "1",
                    "verse": "Liberazione e rinnovamento di Gerusalemme -Oracolo. Parola del Signore su Israele. Dice il Signore che ha steso i cieli e fondato la terra, che ha formato lo spirito nell&#39;intimo dell&#39;uomo:"
                },
                "2": {
                    "verse_nr": "2",
                    "verse": "\u00abEcco, io far\u00f2 di Gerusalemme come una coppa che d\u00e0 le vertigini a tutti i popoli vicini e anche Giuda sar\u00e0 in angoscia nell&#39;assedio contro Gerusalemme."
                },
                "3": {
                    "verse_nr": "3",
                    "verse": "In quel giorno io far\u00f2 di Gerusalemme come una pietra da carico per tutti i popoli: quanti vorranno sollevarla ne resteranno sgraffiati; contro di essa si raduneranno tutte le genti della terra."
                },
                "4": {
                    "verse_nr": "4",
                    "verse": "In quel giorno - parola del Signore - colpir\u00f2 di terrore tutti i cavalli e i loro cavalieri di pazzia; mentre sulla casa di Giuda terr\u00f2 aperti i miei occhi, colpir\u00f2 di cecit\u00e0 tutti i cavalli delle genti."
                },
                "5": {
                    "verse_nr": "5",
                    "verse": "Allora i capi di Giuda penseranno: La forza dei cittadini di Gerusalemme sta nel Signore degli eserciti, loro Dio."
                },
                "6": {
                    "verse_nr": "6",
                    "verse": "In quel giorno far\u00f2 dei capi di Giuda come un braciere acceso in mezzo a una catasta di legna e come una torcia ardente fra i covoni; essi divoreranno a destra e a sinistra tutti i popoli vicini. Solo Gerusalemme rester\u00e0 al suo posto."
                },
                "7": {
                    "verse_nr": "7",
                    "verse": "Il Signore salver\u00e0 in primo luogo le tende di Giuda; perch\u00e9 la gloria della casa di Davide e la gloria degli abitanti di Gerusalemme non cresca pi\u00f9 di quella di Giuda."
                },
                "8": {
                    "verse_nr": "8",
                    "verse": "In quel giorno il Signore far\u00e0 da scudo agli abitanti di Gerusalemme e chi tra di loro vacilla diverr\u00e0 come Davide e la casa di Davide come Dio, come l&#39;angelo del Signore davanti a loro."
                },
                "9": {
                    "verse_nr": "9",
                    "verse": "In quel giorno io m&#39;impegner\u00f2 a distruggere tutte le genti che verranno contro Gerusalemme."
                },
                "10": {
                    "verse_nr": "10",
                    "verse": "Riverser\u00f2 sopra la casa di Davide e sopra gli abitanti di Gerusalemme uno spirito di grazia e di consolazione: guarderanno a colui che hanno trafitto. Ne faranno il lutto come si fa il lutto per un figlio unico, lo piangeranno come si piange il primogenito."
                },
                "11": {
                    "verse_nr": "11",
                    "verse": "In quel giorno grande sar\u00e0 il lamento in Gerusalemme simile al lamento di Adad-Rimm\u00f2n nella pianura di Megh\u00ecddo."
                },
                "12": {
                    "verse_nr": "12",
                    "verse": "Far\u00e0 il lutto il paese, famiglia per famiglia: la famiglia della casa di Davide a parte e le loro donne a parte; la famiglia della casa di Nat\u00e0n a parte e le loro donne a parte;"
                },
                "13": {
                    "verse_nr": "13",
                    "verse": "la famiglia della casa di Levi a parte e le loro donne a parte; la famiglia della casa di Sime\u00ec a parte e le loro donne a parte;"
                },
                "14": {
                    "verse_nr": "14",
                    "verse": "cos\u00ec tutte le altre famiglie a parte e le loro donne a parte\u00bb."
                }
            }
        },
        "13": {
            "chapter_nr": "13",
            "chapter": {
                "1": {
                    "verse_nr": "1",
                    "verse": "In quel giorno vi sar\u00e0 per la casa di Davide e per gli abitanti di Gerusalemme una sorgente zampillante per lavare il peccato e l&#39;impurit\u00e0."
                },
                "2": {
                    "verse_nr": "2",
                    "verse": "In quel giorno - dice il Signore degli eserciti - io estirper\u00f2 dal paese i nomi degli idoli, n\u00e9 pi\u00f9 saranno ricordati: anche i profeti e lo spirito immondo far\u00f2 sparire dal paese."
                },
                "3": {
                    "verse_nr": "3",
                    "verse": "Se qualcuno oser\u00e0 ancora fare il profeta, il padre e la madre che l&#39;hanno generato, gli diranno: \u00abTu morirai, perch\u00e9 proferisci menzogne nel nome del Signore\u00bb, e il padre e la madre che l&#39;hanno generato lo trafiggeranno perch\u00e9 fa il profeta."
                },
                "4": {
                    "verse_nr": "4",
                    "verse": "In quel giorno ogni profeta si vergogner\u00e0 della visione che avr\u00e0 annunziata, n\u00e9 indosser\u00e0 pi\u00f9 il mantello di pelo per raccontare bugie."
                },
                "5": {
                    "verse_nr": "5",
                    "verse": "Ma ognuno dir\u00e0: \u00abNon sono un profeta: sono un lavoratore della terra, ad essa mi sono dedicato fin dalla mia giovinezza\u00bb."
                },
                "6": {
                    "verse_nr": "6",
                    "verse": "E se gli si dir\u00e0: \u00abPerch\u00e9 quelle piaghe in mezzo alle tue mani?\u00bb, egli risponder\u00e0: \u00abQueste le ho ricevute in casa dei miei amici\u00bb."
                },
                "7": {
                    "verse_nr": "7",
                    "verse": "Personificazione della spada: il nuovo popolo -Insorgi, spada, contro il mio pastore, contro colui che \u00e8 mio compagno. Oracolo del Signore degli eserciti. Percuoti il pastore e sia disperso il gregge, allora volger\u00f2 la mano sopra i deboli."
                },
                "8": {
                    "verse_nr": "8",
                    "verse": "In tutto il paese, - oracolo del Signore - due terzi saranno sterminati e periranno; un terzo sar\u00e0 conservato."
                },
                "9": {
                    "verse_nr": "9",
                    "verse": "Far\u00f2 passare questo terzo per il fuoco e lo purificher\u00f2 come si purifica l&#39;argento; lo prover\u00f2 come si prova l&#39;oro. Invocher\u00e0 il mio nome e io l&#39;ascolter\u00f2; dir\u00f2: \u00abQuesto \u00e8 il mio popolo\u00bb. Esso dir\u00e0: \u00abIl Signore \u00e8 il mio Dio\u00bb."
                }
            }
        },
        "14": {
            "chapter_nr": "14",
            "chapter": {
                "1": {
                    "verse_nr": "1",
                    "verse": "Il combattimento escatologico: splendore di Gerusalemme -Ecco, viene un giorno per il Signore; allora le tue spoglie saranno spartite in mezzo a te."
                },
                "2": {
                    "verse_nr": "2",
                    "verse": "Il Signore raduner\u00e0 tutte le genti contro Gerusalemme per la battaglia; la citt\u00e0 sar\u00e0 presa, le case saccheggiate, le donne violate, una met\u00e0 della cittadinanza partir\u00e0 per l&#39;esilio, ma il resto del popolo non sar\u00e0 strappato dalla citt\u00e0."
                },
                "3": {
                    "verse_nr": "3",
                    "verse": "Il Signore uscir\u00e0 e combatter\u00e0 contro quelle nazioni, come quando combatt\u00e8 nel giorno della battaglia."
                },
                "4": {
                    "verse_nr": "4",
                    "verse": "In quel giorno i suoi piedi si poseranno sopra il monte degli Ulivi che sta di fronte a Gerusalemme verso oriente, e il monte degli Ulivi si fender\u00e0 in due, da oriente a occidente, formando una valle molto profonda; una met\u00e0 del monte si ritirer\u00e0 verso settentrione e l&#39;altra verso mezzogiorno."
                },
                "5": {
                    "verse_nr": "5",
                    "verse": "Sar\u00e0 ostruita la valle fra i monti, poich\u00e9 la nuova valle fra i monti giunger\u00e0 fino ad Asal; sar\u00e0 ostruita come fu ostruita durante il terremoto, avvenuto al tempo di Ozia re di Giuda. Verr\u00e0 allora il Signore mio Dio e con lui tutti i suoi santi."
                },
                "6": {
                    "verse_nr": "6",
                    "verse": "In quel giorno, non vi sar\u00e0 n\u00e9 luce n\u00e9 freddo, n\u00e9 gelo:"
                },
                "7": {
                    "verse_nr": "7",
                    "verse": "sar\u00e0 un unico giorno, il Signore lo conosce; non ci sar\u00e0 n\u00e9 giorno n\u00e9 notte; verso sera risplender\u00e0 la luce."
                },
                "8": {
                    "verse_nr": "8",
                    "verse": "In quel giorno acque vive sgorgheranno da Gerusalemme e scenderanno parte verso il mare orientale, parte verso il Mar Mediterraneo, sempre, estate e inverno."
                },
                "9": {
                    "verse_nr": "9",
                    "verse": "Il Signore sar\u00e0 re di tutta la terra e ci sar\u00e0 il Signore soltanto, e soltanto il suo nome."
                },
                "10": {
                    "verse_nr": "10",
                    "verse": "Tutto il paese si trasformer\u00e0 in pianura da G\u00e0baa fino a Rimm\u00f2n nel Negheb; Gerusalemme si elever\u00e0 e sar\u00e0 abitata nel luogo dov&#39;\u00e8, dalla porta di Beniamino fino al posto della prima porta, cio\u00e8 fino alla porta dell&#39;Angolo, e dalla torre di Canane\u00e8l fino ai torchi del re."
                },
                "11": {
                    "verse_nr": "11",
                    "verse": "Ivi abiteranno: non vi sar\u00e0 pi\u00f9 sterminio e Gerusalemme se ne star\u00e0 tranquilla e sicura."
                },
                "12": {
                    "verse_nr": "12",
                    "verse": "Questa sar\u00e0 la piaga con cui il Signore colpir\u00e0 tutti i popoli che avranno mosso guerra a Gerusalemme: imputridiranno le loro carni, mentre saranno ancora in piedi; i loro occhi marciranno nelle orbite; la lingua marcir\u00e0 loro in bocca."
                },
                "13": {
                    "verse_nr": "13",
                    "verse": "In quel giorno vi sar\u00e0 per opera del Signore un grande tumulto tra di loro: uno afferrer\u00e0 la mano dell&#39;altro e alzer\u00e0 la mano sopra la mano del suo amico."
                },
                "14": {
                    "verse_nr": "14",
                    "verse": "Anche Giuda combatter\u00e0 in Gerusalemme e l\u00e0 si ammasseranno le ricchezze di tutte le nazioni vicine: oro, argento e vesti in grande quantit\u00e0."
                },
                "15": {
                    "verse_nr": "15",
                    "verse": "Di piaga simile saranno colpiti i cavalli, i muli, i cammelli, gli asini e tutte le bestie degli accampamenti."
                },
                "16": {
                    "verse_nr": "16",
                    "verse": "Allora fra tutte le genti che avranno combattuto contro Gerusalemme, i superstiti andranno ogni anno per adorare il re, il Signore degli eserciti, e per celebrare la solennit\u00e0 delle capanne."
                },
                "17": {
                    "verse_nr": "17",
                    "verse": "Se qualche stirpe della terra non andr\u00e0 a Gerusalemme per adorare il re, il Signore degli eserciti, su di essa non ci sar\u00e0 pioggia."
                },
                "18": {
                    "verse_nr": "18",
                    "verse": "Se la stirpe d&#39;Egitto non salir\u00e0 e non vorr\u00e0 venire, sar\u00e0 colpita dalla stessa pena che il Signore ha inflitta alle genti che non sono salite a celebrare la festa delle capanne."
                },
                "19": {
                    "verse_nr": "19",
                    "verse": "Questo sar\u00e0 il castigo per l&#39;Egitto e per tutte le genti che non saliranno a celebrare la festa delle capanne."
                },
                "20": {
                    "verse_nr": "20",
                    "verse": "In quel tempo anche sopra i sonagli dei cavalli si trover\u00e0 scritto: \u00abSacro al Signore\u00bb, e le caldaie nel tempio del Signore saranno come i bacini che sono davanti all&#39;altare."
                },
                "21": {
                    "verse_nr": "21",
                    "verse": "Anzi, tutte le caldaie di Gerusalemme e di Giuda saranno sacre al Signore, re degli eserciti; quanti vorranno sacrificare verranno e le adopereranno per cuocere le carni. In quel giorno non vi sar\u00e0 neppure un Cananeo nella casa del Signore degli eserciti."
                }
            }
        }
    }
}