{
    "version": "CST",
    "book_name": "Nahum",
    "book_nr": "34",
    "book": {
        "1": {
            "chapter_nr": "1",
            "chapter": {
                "1": {
                    "verse_nr": "1",
                    "verse": "Profec\u00eda acerca de N\u00ednive. Libro de la visi\u00f3n que tuvo Nah\u00fam de Elc\u00f3s."
                },
                "2": {
                    "verse_nr": "2",
                    "verse": "Manifestaci\u00f3n del SE\u00f1OR - El SE\u00f1OR es un Dios celoso y vengador. \u00a1SE\u00f1OR de la venganza, Se\u00f1or de la ira! El SE\u00f1OR se venga de sus adversarios; es implacable con sus enemigos."
                },
                "3": {
                    "verse_nr": "3",
                    "verse": "El SE\u00f1OR es lento para la ira, imponente en su fuerza. El SE\u00f1OR no deja a nadie sin castigo. Camina en el hurac\u00e1n y en la tormenta; las nubes son el polvo de sus pies."
                },
                "4": {
                    "verse_nr": "4",
                    "verse": "Increpa al mar y lo seca; hace que todos los r\u00edos se evaporen. Los montes Bas\u00e1n y Carmelo pierden su lozan\u00eda; el verdor del L\u00edbano se marchita."
                },
                "5": {
                    "verse_nr": "5",
                    "verse": "Ante \u00e9l tiemblan las monta\u00f1as y se desmoronan las colinas. Ante \u00e9l se agita la tierra, el mundo y cuanto en \u00e9l habita."
                },
                "6": {
                    "verse_nr": "6",
                    "verse": "\u00bfQui\u00e9n podr\u00e1 enfrentarse a su indignaci\u00f3n? \u00bfQui\u00e9n resistir\u00e1 el ardor de su ira? Su furor se derrama como fuego; ante \u00e9l se resquebrajan las rocas."
                },
                "7": {
                    "verse_nr": "7",
                    "verse": "Destrucci\u00f3n de N\u00ednive - Bueno es el SE\u00f1OR; es refugio en el d\u00eda de la angustia, y protector de los que en \u00e9l conf\u00edan."
                },
                "8": {
                    "verse_nr": "8",
                    "verse": "Pero destruir\u00e1 a N\u00ednive con una inundaci\u00f3n arrasadora; \u00a1aun en las tinieblas perseguir\u00e1 a sus enemigos!"
                },
                "9": {
                    "verse_nr": "9",
                    "verse": "\u00bfQu\u00e9 tram\u00e1is contra el SE\u00f1OR? \u00a1\u00c9l desbaratar\u00e1 vuestros planes! \u00a1La calamidad no se repetir\u00e1!"
                },
                "10": {
                    "verse_nr": "10",
                    "verse": "Ser\u00e1n consumidos como paja seca, como espinos enmara\u00f1ados, como borrachos ahogados en vino."
                },
                "11": {
                    "verse_nr": "11",
                    "verse": "T\u00fa, N\u00ednive, engendraste al que trama el mal contra el SE\u00f1OR, al infame consejero."
                },
                "12": {
                    "verse_nr": "12",
                    "verse": "Liberaci\u00f3n del opresor - As\u00ed dice el SE\u00f1OR: \u00abAunque los asirios sean fuertes y numerosos, ser\u00e1n arrancados y morir\u00e1n. Y a ti, Jud\u00e1, aunque te he afligido, no volver\u00e9 a afligirte."
                },
                "13": {
                    "verse_nr": "13",
                    "verse": "Voy a quebrar el yugo que te oprime, voy a romper tus ataduras\u00bb."
                },
                "14": {
                    "verse_nr": "14",
                    "verse": "Pero acerca de ti, N\u00ednive, el SE\u00f1OR ha decretado: \u00abNo tendr\u00e1s m\u00e1s hijos que perpet\u00faen tu nombre; extirpar\u00e9 de la casa de tus dioses las im\u00e1genes talladas y los \u00eddolos fundidos. Te voy a preparar una tumba, porque eres una infame\u00bb."
                },
                "15": {
                    "verse_nr": "15",
                    "verse": "Anuncio de la victoria sobre N\u00ednive - \u00a1Mirad! Ya se acerca por los montes el que anuncia las buenas nuevas de victoria, el que proclama la paz. \u00a1Celebra tus peregrinaciones, Jud\u00e1! \u00a1Paga tus votos! Porque no volver\u00e1n a invadirte los malvados, pues han sido destruidos por completo."
                }
            }
        },
        "2": {
            "chapter_nr": "2",
            "chapter": {
                "1": {
                    "verse_nr": "1",
                    "verse": "La destrucci\u00f3n de N\u00ednive - N\u00ednive, un destructor avanza contra ti, as\u00ed que monta guardia en el terrapl\u00e9n, vigila el camino, renueva tus fuerzas, acrecienta tu poder."
                },
                "2": {
                    "verse_nr": "2",
                    "verse": "Porque el SE\u00f1OR restaura la majestad de Jacob, como la majestad de Israel, pues los destructores los han arrasado; han arruinado sus sarmientos."
                },
                "3": {
                    "verse_nr": "3",
                    "verse": "Rojo es el escudo de sus valientes; de p\u00farpura se visten los guerreros. El metal de sus carros brilla como fuego mientras se alistan para la batalla y los guerreros agitan sus lanzas."
                },
                "4": {
                    "verse_nr": "4",
                    "verse": "Desaforados corren los carros por las calles, irrumpen con violencia por las plazas. Son como antorchas de fuego, como rel\u00e1mpagos zigzagueantes."
                },
                "5": {
                    "verse_nr": "5",
                    "verse": "Ca\u00edda y saqueo de N\u00ednive - Convoca el rey de N\u00ednive a sus tropas escogidas, que en su carrera se atropellan. Se lanzan contra la muralla para levantar la barricada,"
                },
                "6": {
                    "verse_nr": "6",
                    "verse": "pero se abren las compuertas de los r\u00edos y el palacio se derrumba."
                },
                "7": {
                    "verse_nr": "7",
                    "verse": "Ya est\u00e1 decidido: la ciudad ser\u00e1 llevada al exilio. Gimen sus criadas como palomas, y se golpean el pecho."
                },
                "8": {
                    "verse_nr": "8",
                    "verse": "N\u00ednive es como un estanque roto cuyas aguas se derraman. \u00ab\u00a1Deteneos! \u00a1Deteneos!\u00bb, les gritan, pero nadie vuelve atr\u00e1s."
                },
                "9": {
                    "verse_nr": "9",
                    "verse": "\u00a1Saquead la plata! \u00a1Saquead el oro! El tesoro es inagotable, y abundan las riquezas y los objetos preciosos."
                },
                "10": {
                    "verse_nr": "10",
                    "verse": "\u00a1Destrucci\u00f3n, desolaci\u00f3n, devastaci\u00f3n! Desfallecen los corazones, tiemblan las rodillas, se estremecen los cuerpos, palidecen los rostros."
                },
                "11": {
                    "verse_nr": "11",
                    "verse": "La bestia salvaje morir\u00e1 - \u00bfQu\u00e9 fue de la guarida de los leones y de la cueva de los leoncillos, donde el le\u00f3n, la leona y sus cachorros se guarec\u00edan sin que nadie los perturbara?"
                },
                "12": {
                    "verse_nr": "12",
                    "verse": "\u00bfQu\u00e9 fue del le\u00f3n, que despedazaba para sus cr\u00edas y estrangulaba para sus leonas, que llenaba de presas su caverna y de carne su guarida?"
                },
                "13": {
                    "verse_nr": "13",
                    "verse": "\u00abPero ahora yo vengo contra ti \u2014afirma el SE\u00d1OR omnipotente\u2014. Reducir\u00e9 a cenizas tus carros de guerra y matar\u00e9 a filo de espada a tus leoncillos. Pondr\u00e9 fin en el pa\u00eds a tus rapi\u00f1as, y no volver\u00e1 a o\u00edrse la voz de tus mensajeros\u00bb."
                }
            }
        },
        "3": {
            "chapter_nr": "3",
            "chapter": {
                "1": {
                    "verse_nr": "1",
                    "verse": "Descripci\u00f3n del fin de N\u00ednive - \u00a1Ay de la ciudad sedienta de sangre, repleta de mentira, insaciable en su rapi\u00f1a, aferrada a la presa!"
                },
                "2": {
                    "verse_nr": "2",
                    "verse": "Se oye el chasquido de los l\u00e1tigos, el estr\u00e9pito de las ruedas, el galopar de los caballos, el chirrido de los carros,"
                },
                "3": {
                    "verse_nr": "3",
                    "verse": "la carga de la caballer\u00eda, el fulgor de las espadas, el centellear de las lanzas, la multitud de muertos, los cuerpos amontonados, los cad\u00e1veres por doquier, en los que todos tropiezan."
                },
                "4": {
                    "verse_nr": "4",
                    "verse": "\u00a1Y todo por las muchas prostituciones de esa ramera de encantos zalameros, de esa maestra de la seducci\u00f3n! Enga\u00f1\u00f3 a los pueblos con sus fornicaciones, y a los clanes con sus embrujos."
                },
                "5": {
                    "verse_nr": "5",
                    "verse": "\u00ab\u00a1Aqu\u00ed estoy contra ti! \u2014afirma el SE\u00d1OR Todopoderoso\u2014. Te levantar\u00e9 la falda hasta la cara, para que las naciones vean tu desnudez, y los reinos descubran tus verg\u00fcenzas."
                },
                "6": {
                    "verse_nr": "6",
                    "verse": "Te cubrir\u00e9 de inmundicias, te ultrajar\u00e9 y te exhibir\u00e9 en p\u00fablico."
                },
                "7": {
                    "verse_nr": "7",
                    "verse": "Todos los que te vean huir\u00e1n de ti, y dir\u00e1n: \u201c\u00a1N\u00ednive ha sido devastada! \u00bfQui\u00e9n har\u00e1 duelo por ella?\u201d \u00bfD\u00f3nde hallar\u00e9 quien la consuele?\u00bb"
                },
                "8": {
                    "verse_nr": "8",
                    "verse": "Destrucci\u00f3n total de N\u00ednive - \u00bfAcaso eres mejor que Tebas, ciudad rodeada de aguas, asentada junto a las corrientes del Nilo, que tiene al mar por terrapl\u00e9n y a las aguas por muralla?"
                },
                "9": {
                    "verse_nr": "9",
                    "verse": "Cus y Egipto eran su fuerza ilimitada, Fut y Libia eran sus aliados."
                },
                "10": {
                    "verse_nr": "10",
                    "verse": "Con todo, Tebas march\u00f3 al exilio; fue llevada al cautiverio. A sus hijos los estrellaron contra las esquinas de las calles. Sobre sus nobles echaron suertes, y encadenaron a su gente ilustre."
                },
                "11": {
                    "verse_nr": "11",
                    "verse": "Tambi\u00e9n t\u00fa, N\u00ednive, te embriagar\u00e1s, y se embotar\u00e1n tus sentidos. Tambi\u00e9n t\u00fa, por causa del enemigo, tendr\u00e1s que buscar refugio."
                },
                "12": {
                    "verse_nr": "12",
                    "verse": "Todas tus fortalezas son higueras cargadas de brevas maduras: si las sacuden, caen en la boca del que se las come."
                },
                "13": {
                    "verse_nr": "13",
                    "verse": "Mira, al enfrentarse al enemigo tus tropas se portan como mujeres. Las puertas de tu pa\u00eds quedar\u00e1n abiertas de par en par, porque el fuego consumir\u00e1 tus cerrojos."
                },
                "14": {
                    "verse_nr": "14",
                    "verse": "Defensa in\u00fatil - Abast\u00e9cete de agua para el asedio, refuerza tus fortificaciones. M\u00e9tete al barro, pisa la mezcla y moldea los ladrillos."
                },
                "15": {
                    "verse_nr": "15",
                    "verse": "Porque all\u00ed mismo te consumir\u00e1 el fuego y te exterminar\u00e1 la espada; \u00a1como larva de langosta te devorar\u00e1! Multipl\u00edcate como larva, reprod\u00facete como langosta."
                },
                "16": {
                    "verse_nr": "16",
                    "verse": "Aumentaste tus mercaderes m\u00e1s que las estrellas del cielo."
                },
                "17": {
                    "verse_nr": "17",
                    "verse": "Tus dignatarios son como langostas y tus oficiales, como insectos que en d\u00edas fr\u00edos se posan sobre los muros, pero que al salir el sol desaparecen, y nadie sabe d\u00f3nde hallarlos."
                },
                "18": {
                    "verse_nr": "18",
                    "verse": "Rey de Asiria, tus pastores est\u00e1n amodorrados, \u00a1tus tropas escogidas se echaron a dormir! Tu pueblo anda disperso por los montes, y no hay quien lo re\u00fana."
                },
                "19": {
                    "verse_nr": "19",
                    "verse": "Tu herida no tiene remedio; tu llaga es incurable. Todos los que sepan lo que te ha pasado celebrar\u00e1n tu desgracia. Pues \u00bfqui\u00e9n no fue v\u00edctima de tu constante maldad?"
                }
            }
        }
    }
}