{
    "version": "pyharaamattu1933",
    "book_name": "1 John",
    "book_nr": "62",
    "book": {
        "1": {
            "chapter_nr": 1,
            "chapter": {
                "1": {
                    "verse_nr": 1,
                    "verse": "Mik\u00e4 on alusta ollut, mink\u00e4 olemme kuulleet, mink\u00e4 omin silmin n\u00e4hneet, mit\u00e4 katselimme ja k\u00e4sin kosketimme, siit\u00e4 me puhumme: el\u00e4m\u00e4n Sanasta-\n"
                },
                "2": {
                    "verse_nr": 2,
                    "verse": "ja el\u00e4m\u00e4 ilmestyi, ja me olemme n\u00e4hneet sen ja todistamme siit\u00e4 ja julistamme teille sen iankaikkisen el\u00e4m\u00e4n, joka oli Is\u00e4n tyk\u00f6n\u00e4 ja ilmestyi meille-\n"
                },
                "3": {
                    "verse_nr": 3,
                    "verse": "mink\u00e4 olemme n\u00e4hneet ja kuulleet, sen me my\u00f6s teille julistamme, ett\u00e4 teill\u00e4kin olisi yhteys meid\u00e4n kanssamme; ja meill\u00e4 on yhteys Is\u00e4n ja h\u00e4nen Poikansa, Jeesuksen Kristuksen, kanssa.\n"
                },
                "4": {
                    "verse_nr": 4,
                    "verse": "Ja t\u00e4m\u00e4n me kirjoitamme, ett\u00e4 meid\u00e4n ilomme olisi t\u00e4ydellinen.\n"
                },
                "5": {
                    "verse_nr": 5,
                    "verse": "Ja t\u00e4m\u00e4 on se sanoma, jonka olemme h\u00e4nelt\u00e4 kuulleet ja jonka me teille julistamme: ett\u00e4 Jumala on valkeus ja ettei h\u00e4ness\u00e4 ole mit\u00e4\u00e4n pimeytt\u00e4.\n"
                },
                "6": {
                    "verse_nr": 6,
                    "verse": "Jos sanomme, ett\u00e4 meill\u00e4 on yhteys h\u00e4nen kanssaan, mutta vaellamme pimeydess\u00e4, niin me valhettelemme emmek\u00e4 tee totuutta.\n"
                },
                "7": {
                    "verse_nr": 7,
                    "verse": "Mutta jos me valkeudessa vaellamme, niinkuin h\u00e4n on valkeudessa, niin meill\u00e4 on yhteys kesken\u00e4mme, ja Jeesuksen Kristuksen, h\u00e4nen Poikansa, veri puhdistaa meid\u00e4t kaikesta synnist\u00e4.\n"
                },
                "8": {
                    "verse_nr": 8,
                    "verse": "Jos sanomme, ettei meill\u00e4 ole synti\u00e4, niin me eksyt\u00e4mme itsemme, ja totuus ei ole meiss\u00e4.\n"
                },
                "9": {
                    "verse_nr": 9,
                    "verse": "Jos me tunnustamme syntimme, on h\u00e4n uskollinen ja vanhurskas, niin ett\u00e4 h\u00e4n antaa meille synnit anteeksi ja puhdistaa meid\u00e4t kaikesta v\u00e4\u00e4ryydest\u00e4.\n"
                },
                "10": {
                    "verse_nr": 10,
                    "verse": "Jos sanomme, ettemme ole synti\u00e4 tehneet, niin me teemme h\u00e4net valhettelijaksi, ja h\u00e4nen sanansa ei ole meiss\u00e4.\n"
                }
            }
        },
        "2": {
            "chapter_nr": 2,
            "chapter": {
                "1": {
                    "verse_nr": 1,
                    "verse": "Lapsukaiseni, t\u00e4m\u00e4n min\u00e4 kirjoitan teille, ettette synti\u00e4 tekisi; mutta jos joku synti\u00e4 tekeekin, niin meill\u00e4 on puolustaja Is\u00e4n tyk\u00f6n\u00e4, Jeesus Kristus, joka on vanhurskas.\n"
                },
                "2": {
                    "verse_nr": 2,
                    "verse": "Ja h\u00e4n on meid\u00e4n syntiemme sovitus; eik\u00e4 ainoastaan meid\u00e4n, vaan my\u00f6s koko maailman syntien.\n"
                },
                "3": {
                    "verse_nr": 3,
                    "verse": "Ja siit\u00e4 me tied\u00e4mme h\u00e4net tuntevamme, ett\u00e4 pid\u00e4mme h\u00e4nen k\u00e4skyns\u00e4.\n"
                },
                "4": {
                    "verse_nr": 4,
                    "verse": "Joka sanoo: \"Min\u00e4 tunnen h\u00e4net\", eik\u00e4 pid\u00e4 h\u00e4nen k\u00e4skyj\u00e4ns\u00e4, se on valhettelija, ja totuus ei ole h\u00e4ness\u00e4.\n"
                },
                "5": {
                    "verse_nr": 5,
                    "verse": "Mutta joka pit\u00e4\u00e4 h\u00e4nen sanansa, h\u00e4ness\u00e4 on Jumalan rakkaus totisesti t\u00e4ydelliseksi tullut. Siit\u00e4 me tied\u00e4mme, ett\u00e4 me h\u00e4ness\u00e4 olemme.\n"
                },
                "6": {
                    "verse_nr": 6,
                    "verse": "Joka sanoo h\u00e4ness\u00e4 pysyv\u00e4ns\u00e4, on velvollinen vaeltamaan, niinkuin h\u00e4n vaelsi.\n"
                },
                "7": {
                    "verse_nr": 7,
                    "verse": "Rakkaani, en min\u00e4 kirjoita teille uutta k\u00e4sky\u00e4, vaan vanhan k\u00e4skyn, joka teill\u00e4 on alusta ollut; t\u00e4m\u00e4 vanha k\u00e4sky on se sana, jonka te olette kuulleet.\n"
                },
                "8": {
                    "verse_nr": 8,
                    "verse": "Ja kuitenkin min\u00e4 kirjoitan teille uuden k\u00e4skyn, sen, mik\u00e4 on totta h\u00e4ness\u00e4 ja teiss\u00e4; sill\u00e4 pimeys katoaa, ja totinen valkeus jo loistaa.\n"
                },
                "9": {
                    "verse_nr": 9,
                    "verse": "Joka sanoo valkeudessa olevansa, mutta vihaa velje\u00e4ns\u00e4, se on yh\u00e4 viel\u00e4 pimeydess\u00e4.\n"
                },
                "10": {
                    "verse_nr": 10,
                    "verse": "Joka rakastaa velje\u00e4ns\u00e4, se pysyy valkeudessa, ja h\u00e4ness\u00e4 ei ole pahennusta.\n"
                },
                "11": {
                    "verse_nr": 11,
                    "verse": "Mutta joka vihaa velje\u00e4ns\u00e4, se on pimeydess\u00e4 ja vaeltaa pimeydess\u00e4, eik\u00e4 h\u00e4n tied\u00e4, mihin menee; sill\u00e4 pimeys on sokaissut h\u00e4nen silm\u00e4ns\u00e4.\n"
                },
                "12": {
                    "verse_nr": 12,
                    "verse": "Min\u00e4 kirjoitan teille, lapsukaiset, sill\u00e4 synnit ovat teille anteeksi annetut h\u00e4nen nimens\u00e4 t\u00e4hden.\n"
                },
                "13": {
                    "verse_nr": 13,
                    "verse": "Min\u00e4 kirjoitan teille, is\u00e4t, sill\u00e4 te olette oppineet tuntemaan h\u00e4net, joka alusta on ollut. Min\u00e4 kirjoitan teille, nuorukaiset, sill\u00e4 te olette voittaneet sen, joka on paha. Min\u00e4 olen kirjoittanut teille, lapsukaiset, sill\u00e4 te olette oppineet tuntemaan Is\u00e4n.\n"
                },
                "14": {
                    "verse_nr": 14,
                    "verse": "Min\u00e4 olen kirjoittanut teille, is\u00e4t, sill\u00e4 te olette oppineet tuntemaan h\u00e4net, joka alusta on ollut. Min\u00e4 olen kirjoittanut teille, nuorukaiset, sill\u00e4 te olette v\u00e4kev\u00e4t, ja Jumalan sana pysyy teiss\u00e4, ja te olette voittaneet sen, joka on paha.\n"
                },
                "15": {
                    "verse_nr": 15,
                    "verse": "\u00c4lk\u00e4\u00e4 rakastako maailmaa \u00e4lk\u00e4\u00e4k\u00e4 sit\u00e4, mik\u00e4 maailmassa on. Jos joku maailmaa rakastaa, niin Is\u00e4n rakkaus ei ole h\u00e4ness\u00e4.\n"
                },
                "16": {
                    "verse_nr": 16,
                    "verse": "Sill\u00e4 kaikki, mik\u00e4 maailmassa on, lihan himo, silm\u00e4in pyynt\u00f6 ja el\u00e4m\u00e4n korskeus, se ei ole Is\u00e4st\u00e4, vaan maailmasta.\n"
                },
                "17": {
                    "verse_nr": 17,
                    "verse": "Ja maailma katoaa ja sen himo; mutta joka tekee Jumalan tahdon, se pysyy iankaikkisesti.\n"
                },
                "18": {
                    "verse_nr": 18,
                    "verse": "Lapsukaiset, nyt on viimeinen aika. Ja niinkuin te olette kuulleet, ett\u00e4 antikristus tulee, niin onkin nyt monta antikristusta ilmaantunut; siit\u00e4 me tied\u00e4mme, ett\u00e4 nyt on viimeinen aika.\n"
                },
                "19": {
                    "verse_nr": 19,
                    "verse": "Meist\u00e4 he ovat l\u00e4hteneet, mutta he eiv\u00e4t olleet yht\u00e4 meid\u00e4n kanssamme; sill\u00e4 jos he olisivat olleet yht\u00e4 meid\u00e4n kanssamme, niin he olisivat meid\u00e4n kanssamme pysyneet; mutta heiss\u00e4 oli tuleva ilmi, ett\u00e4 kaikki eiv\u00e4t ole yht\u00e4 meid\u00e4n kanssamme.\n"
                },
                "20": {
                    "verse_nr": 20,
                    "verse": "Teill\u00e4 on voitelu Pyh\u00e4lt\u00e4, ja kaikilla teill\u00e4 on tieto.\n"
                },
                "21": {
                    "verse_nr": 21,
                    "verse": "En min\u00e4 ole kirjoittanut teille sent\u00e4hden, ettette totuutta tied\u00e4, vaan sent\u00e4hden, ett\u00e4 te tied\u00e4tte sen ja ettei mik\u00e4\u00e4n valhe ole totuudesta.\n"
                },
                "22": {
                    "verse_nr": 22,
                    "verse": "Kuka on valhettelija, ellei se, joka kielt\u00e4\u00e4 sen, ett\u00e4 Jeesus on Kristus? H\u00e4n on antikristus, se, joka kielt\u00e4\u00e4 Is\u00e4n ja Pojan.\n"
                },
                "23": {
                    "verse_nr": 23,
                    "verse": "Kuka ikin\u00e4 kielt\u00e4\u00e4 Pojan, h\u00e4nell\u00e4 ei ole Is\u00e4\u00e4k\u00e4\u00e4n. Joka tunnustaa Pojan, h\u00e4nell\u00e4 on my\u00f6s Is\u00e4.\n"
                },
                "24": {
                    "verse_nr": 24,
                    "verse": "Mink\u00e4 te olette alusta asti kuulleet, se pysyk\u00f6\u00f6n teiss\u00e4. Jos teiss\u00e4 pysyy se, mink\u00e4 olette alusta asti kuulleet, niin tekin pysytte Pojassa ja Is\u00e4ss\u00e4.\n"
                },
                "25": {
                    "verse_nr": 25,
                    "verse": "Ja t\u00e4m\u00e4 on se lupaus, mink\u00e4 h\u00e4n on meille luvannut: iankaikkinen el\u00e4m\u00e4.\n"
                },
                "26": {
                    "verse_nr": 26,
                    "verse": "T\u00e4m\u00e4n min\u00e4 olen kirjoittanut teille niist\u00e4, jotka teit\u00e4 eksytt\u00e4v\u00e4t.\n"
                },
                "27": {
                    "verse_nr": 27,
                    "verse": "Mutta te-teiss\u00e4 pysyy se voitelu, jonka olette h\u00e4nelt\u00e4 saaneet, ja te ette ole kenenk\u00e4\u00e4n opetuksen tarpeessa; vaan niinkuin h\u00e4nen voitelunsa opettaa teit\u00e4 kaikessa, niin se opetus on my\u00f6s totta eik\u00e4 ole valhetta; ja niinkuin se on opettanut teit\u00e4, niin pysyk\u00e4\u00e4 h\u00e4ness\u00e4.\n"
                },
                "28": {
                    "verse_nr": 28,
                    "verse": "Ja nyt, lapsukaiset, pysyk\u00e4\u00e4 h\u00e4ness\u00e4, ett\u00e4 meill\u00e4 h\u00e4nen ilmestyess\u00e4\u00e4n olisi turva eik\u00e4 meit\u00e4 h\u00e4pe\u00e4ll\u00e4 karkoitettaisi pois h\u00e4nen tyk\u00f6\u00e4ns\u00e4 h\u00e4nen tulemuksessaan.\n"
                },
                "29": {
                    "verse_nr": 29,
                    "verse": "Jos tied\u00e4tte, ett\u00e4 h\u00e4n on vanhurskas, niin te ymm\u00e4rr\u00e4tte, ett\u00e4 my\u00f6s jokainen, joka vanhurskauden tekee, on h\u00e4nest\u00e4 syntynyt.\n"
                }
            }
        },
        "3": {
            "chapter_nr": 3,
            "chapter": {
                "1": {
                    "verse_nr": 1,
                    "verse": "Katsokaa, mink\u00e4kaltaisen rakkauden Is\u00e4 on meille antanut, ett\u00e4 meit\u00e4 kutsutaan Jumalan lapsiksi, joita me olemmekin. Sent\u00e4hden ei maailma tunne meit\u00e4, sill\u00e4 se ei tunne h\u00e4nt\u00e4.\n"
                },
                "2": {
                    "verse_nr": 2,
                    "verse": "Rakkaani, nyt me olemme Jumalan lapsia, eik\u00e4 ole viel\u00e4 k\u00e4ynyt ilmi, mit\u00e4 meist\u00e4 tulee. Me tied\u00e4mme tulevamme h\u00e4nen kaltaisikseen, kun h\u00e4n ilmestyy, sill\u00e4 me saamme n\u00e4hd\u00e4 h\u00e4net sellaisena, kuin h\u00e4n on.\n"
                },
                "3": {
                    "verse_nr": 3,
                    "verse": "Ja jokainen, joka panee h\u00e4neen t\u00e4m\u00e4n toivon, puhdistaa itsens\u00e4, niinkuin h\u00e4n on puhdas.\n"
                },
                "4": {
                    "verse_nr": 4,
                    "verse": "Jokainen, joka tekee synnin, tekee my\u00f6s laittomuuden; ja synti on laittomuus.\n"
                },
                "5": {
                    "verse_nr": 5,
                    "verse": "Ja te tied\u00e4tte h\u00e4nen ilmestyneen ottamaan pois synnit; ja h\u00e4ness\u00e4 ei ole synti\u00e4.\n"
                },
                "6": {
                    "verse_nr": 6,
                    "verse": "Kuka ikin\u00e4 h\u00e4ness\u00e4 pysyy, h\u00e4n ei tee synti\u00e4; kuka ikin\u00e4 synti\u00e4 tekee, h\u00e4n ei ole h\u00e4nt\u00e4 n\u00e4hnyt eik\u00e4 h\u00e4nt\u00e4 tuntenut.\n"
                },
                "7": {
                    "verse_nr": 7,
                    "verse": "Lapsukaiset, \u00e4lk\u00f6\u00f6n kukaan saako teit\u00e4 eksytt\u00e4\u00e4. Se, joka vanhurskauden tekee, on vanhurskas, niinkuin h\u00e4n on vanhurskas.\n"
                },
                "8": {
                    "verse_nr": 8,
                    "verse": "Joka synti\u00e4 tekee, se on perkeleest\u00e4, sill\u00e4 perkele on tehnyt synti\u00e4 alusta asti. Sit\u00e4 varten Jumalan Poika ilmestyi, ett\u00e4 h\u00e4n tekisi tyhj\u00e4ksi perkeleen teot.\n"
                },
                "9": {
                    "verse_nr": 9,
                    "verse": "Ei yksik\u00e4\u00e4n Jumalasta syntynyt tee synti\u00e4, sill\u00e4 Jumalan siemen pysyy h\u00e4ness\u00e4; eik\u00e4 h\u00e4n saata synti\u00e4 tehd\u00e4, sill\u00e4 h\u00e4n on Jumalasta syntynyt.\n"
                },
                "10": {
                    "verse_nr": 10,
                    "verse": "Siit\u00e4 k\u00e4y ilmi, ketk\u00e4 ovat Jumalan lapsia ja ketk\u00e4 perkeleen lapsia. Kuka ikin\u00e4 ei tee vanhurskautta, h\u00e4n ei ole Jumalasta, ei my\u00f6sk\u00e4\u00e4n se, joka ei velje\u00e4ns\u00e4 rakasta.\n"
                },
                "11": {
                    "verse_nr": 11,
                    "verse": "Sill\u00e4 t\u00e4m\u00e4 on se sanoma, jonka te olette alusta asti kuulleet, ett\u00e4 meid\u00e4n tulee rakastaa toinen toistamme\n"
                },
                "12": {
                    "verse_nr": 12,
                    "verse": "eik\u00e4 olla Kainin kaltaisia, joka oli pahasta ja tappoi veljens\u00e4. Ja mink\u00e4t\u00e4hden h\u00e4n tappoi h\u00e4net? Sent\u00e4hden, ett\u00e4 h\u00e4nen tekonsa olivat pahat, mutta h\u00e4nen veljens\u00e4 teot vanhurskaat.\n"
                },
                "13": {
                    "verse_nr": 13,
                    "verse": "\u00c4lk\u00e4\u00e4 ihmetelk\u00f6, veljeni, jos maailma teit\u00e4 vihaa.\n"
                },
                "14": {
                    "verse_nr": 14,
                    "verse": "Me tied\u00e4mme siirtyneemme kuolemasta el\u00e4m\u00e4\u00e4n, sill\u00e4 me rakastamme velji\u00e4. Joka ei rakasta, pysyy kuolemassa.\n"
                },
                "15": {
                    "verse_nr": 15,
                    "verse": "Jokainen, joka vihaa velje\u00e4ns\u00e4, on murhaaja; ja te tied\u00e4tte, ettei keness\u00e4k\u00e4\u00e4n murhaajassa ole iankaikkista el\u00e4m\u00e4\u00e4, joka h\u00e4ness\u00e4 pysyisi.\n"
                },
                "16": {
                    "verse_nr": 16,
                    "verse": "Siit\u00e4 me olemme oppineet tuntemaan rakkauden, ett\u00e4 h\u00e4n antoi henkens\u00e4 meid\u00e4n edest\u00e4mme; meid\u00e4nkin tulee antaa henkemme veljiemme edest\u00e4.\n"
                },
                "17": {
                    "verse_nr": 17,
                    "verse": "Jos nyt jollakin on t\u00e4m\u00e4n maailman hyvyytt\u00e4 ja h\u00e4n n\u00e4kee veljens\u00e4 olevan puutteessa, mutta sulkee h\u00e4nelt\u00e4 syd\u00e4mens\u00e4, kuinka Jumalan rakkaus saattaa pysy\u00e4 h\u00e4ness\u00e4?\n"
                },
                "18": {
                    "verse_nr": 18,
                    "verse": "Lapsukaiset, \u00e4lk\u00e4\u00e4mme rakastako sanalla tai kielell\u00e4, vaan teossa ja totuudessa.\n"
                },
                "19": {
                    "verse_nr": 19,
                    "verse": "Siit\u00e4 me tied\u00e4mme, ett\u00e4 olemme totuudesta, ja me saatamme h\u00e4nen edess\u00e4\u00e4n rauhoittaa syd\u00e4memme sill\u00e4,\n"
                },
                "20": {
                    "verse_nr": 20,
                    "verse": "ett\u00e4 jos syd\u00e4memme syytt\u00e4\u00e4 meit\u00e4, niin Jumala on suurempi kuin meid\u00e4n syd\u00e4memme ja tiet\u00e4\u00e4 kaikki.\n"
                },
                "21": {
                    "verse_nr": 21,
                    "verse": "Rakkaani, jos syd\u00e4memme ei syyt\u00e4 meit\u00e4, niin meill\u00e4 on uskallus Jumalaan,\n"
                },
                "22": {
                    "verse_nr": 22,
                    "verse": "ja mit\u00e4 ikin\u00e4 anomme, sen me h\u00e4nelt\u00e4 saamme, koska pid\u00e4mme h\u00e4nen k\u00e4skyns\u00e4 ja teemme sit\u00e4, mik\u00e4 on h\u00e4nelle otollista.\n"
                },
                "23": {
                    "verse_nr": 23,
                    "verse": "Ja t\u00e4m\u00e4 on h\u00e4nen k\u00e4skyns\u00e4, ett\u00e4 meid\u00e4n tulee uskoa h\u00e4nen Poikansa Jeesuksen Kristuksen nimeen ja rakastaa toinen toistamme, niinkuin h\u00e4n on meille k\u00e4skyn antanut.\n"
                },
                "24": {
                    "verse_nr": 24,
                    "verse": "Ja joka pit\u00e4\u00e4 h\u00e4nen k\u00e4skyns\u00e4, se pysyy Jumalassa ja Jumala h\u00e4ness\u00e4. Ja siit\u00e4 me tied\u00e4mme h\u00e4nen meiss\u00e4 pysyv\u00e4n, siit\u00e4 Hengest\u00e4, jonka h\u00e4n on meille antanut.\n"
                }
            }
        },
        "4": {
            "chapter_nr": 4,
            "chapter": {
                "1": {
                    "verse_nr": 1,
                    "verse": "Rakkaani, \u00e4lk\u00e4\u00e4 jokaista henke\u00e4 uskoko, vaan koetelkaa henget, ovatko ne Jumalasta; sill\u00e4 monta v\u00e4\u00e4r\u00e4\u00e4 profeettaa on l\u00e4htenyt maailmaan.\n"
                },
                "2": {
                    "verse_nr": 2,
                    "verse": "T\u00e4st\u00e4 te tunnette Jumalan Hengen: jokainen henki, joka tunnustaa Jeesuksen Kristukseksi, lihaan tulleeksi, on Jumalasta;\n"
                },
                "3": {
                    "verse_nr": 3,
                    "verse": "ja yksik\u00e4\u00e4n henki, joka ei tunnusta Jeesusta, ei ole Jumalasta; se on antikristuksen henki, jonka olette kuulleet olevan tulossa, ja se on jo nyt maailmassa.\n"
                },
                "4": {
                    "verse_nr": 4,
                    "verse": "Lapsukaiset, te olette Jumalasta ja olette voittaneet heid\u00e4t; sill\u00e4 h\u00e4n, joka teiss\u00e4 on, on suurempi kuin se, joka on maailmassa.\n"
                },
                "5": {
                    "verse_nr": 5,
                    "verse": "He ovat maailmasta; sent\u00e4hden he puhuvat, niinkuin maailma puhuu, ja maailma kuulee heit\u00e4.\n"
                },
                "6": {
                    "verse_nr": 6,
                    "verse": "Me olemme Jumalasta. Joka tuntee Jumalan, se kuulee meit\u00e4; joka ei ole Jumalasta, se ei kuule meit\u00e4. Siit\u00e4 me tunnemme totuuden hengen ja eksytyksen hengen.\n"
                },
                "7": {
                    "verse_nr": 7,
                    "verse": "Rakkaani, rakastakaamme toinen toistamme, sill\u00e4 rakkaus on Jumalasta; ja jokainen, joka rakastaa, on Jumalasta syntynyt ja tuntee Jumalan.\n"
                },
                "8": {
                    "verse_nr": 8,
                    "verse": "Joka ei rakasta, se ei tunne Jumalaa, sill\u00e4 Jumala on rakkaus.\n"
                },
                "9": {
                    "verse_nr": 9,
                    "verse": "Siin\u00e4 ilmestyi meille Jumalan rakkaus, ett\u00e4 Jumala l\u00e4hetti ainokaisen Poikansa maailmaan, ett\u00e4 me el\u00e4isimme h\u00e4nen kauttansa.\n"
                },
                "10": {
                    "verse_nr": 10,
                    "verse": "Siin\u00e4 on rakkaus-ei siin\u00e4, ett\u00e4 me rakastimme Jumalaa, vaan siin\u00e4, ett\u00e4 h\u00e4n rakasti meit\u00e4 ja l\u00e4hetti Poikansa meid\u00e4n syntiemme sovitukseksi.\n"
                },
                "11": {
                    "verse_nr": 11,
                    "verse": "Rakkaani, jos Jumala on n\u00e4in meit\u00e4 rakastanut, niin mekin olemme velvolliset rakastamaan toinen toistamme.\n"
                },
                "12": {
                    "verse_nr": 12,
                    "verse": "Jumalaa ei kukaan ole koskaan n\u00e4hnyt. Jos me rakastamme toinen toistamme, niin Jumala pysyy meiss\u00e4, ja h\u00e4nen rakkautensa on tullut t\u00e4ydelliseksi meiss\u00e4.\n"
                },
                "13": {
                    "verse_nr": 13,
                    "verse": "Siit\u00e4 me tied\u00e4mme pysyv\u00e4mme h\u00e4ness\u00e4 ja h\u00e4nen pysyv\u00e4n meiss\u00e4, ett\u00e4 h\u00e4n on antanut meille Henke\u00e4ns\u00e4.\n"
                },
                "14": {
                    "verse_nr": 14,
                    "verse": "Ja me olemme n\u00e4hneet ja todistamme, ett\u00e4 Is\u00e4 on l\u00e4hett\u00e4nyt Poikansa maailman Vapahtajaksi.\n"
                },
                "15": {
                    "verse_nr": 15,
                    "verse": "Joka tunnustaa, ett\u00e4 Jeesus on Jumalan Poika, h\u00e4ness\u00e4 Jumala pysyy, ja h\u00e4n Jumalassa.\n"
                },
                "16": {
                    "verse_nr": 16,
                    "verse": "Ja me olemme oppineet tuntemaan ja me uskomme sen rakkauden, mik\u00e4 Jumalalla on meihin. Jumala on rakkaus, ja joka pysyy rakkaudessa, se pysyy Jumalassa, ja Jumala pysyy h\u00e4ness\u00e4.\n"
                },
                "17": {
                    "verse_nr": 17,
                    "verse": "N\u00e4in on rakkaus tullut t\u00e4ydelliseksi meiss\u00e4, ett\u00e4 meill\u00e4 olisi turva tuomiop\u00e4iv\u00e4n\u00e4; sill\u00e4 sellainen kuin h\u00e4n on, sellaisia mekin olemme t\u00e4ss\u00e4 maailmassa.\n"
                },
                "18": {
                    "verse_nr": 18,
                    "verse": "Pelkoa ei rakkaudessa ole, vaan t\u00e4ydellinen rakkaus karkoittaa pelon, sill\u00e4 pelossa on rangaistusta; ja joka pelk\u00e4\u00e4, se ei ole p\u00e4\u00e4ssyt t\u00e4ydelliseksi rakkaudessa.\n"
                },
                "19": {
                    "verse_nr": 19,
                    "verse": "Me rakastamme, sill\u00e4 h\u00e4n on ensin rakastanut meit\u00e4.\n"
                },
                "20": {
                    "verse_nr": 20,
                    "verse": "Jos joku sanoo: \"Min\u00e4 rakastan Jumalaa\", mutta vihaa velje\u00e4ns\u00e4, niin h\u00e4n on valhettelija. Sill\u00e4 joka ei rakasta velje\u00e4ns\u00e4, jonka h\u00e4n on n\u00e4hnyt, se ei voi rakastaa Jumalaa, jota h\u00e4n ei ole n\u00e4hnyt.\n"
                },
                "21": {
                    "verse_nr": 21,
                    "verse": "Ja t\u00e4m\u00e4 k\u00e4sky meill\u00e4 on h\u00e4nelt\u00e4, ett\u00e4 joka rakastaa Jumalaa, se rakastakoon my\u00f6s velje\u00e4ns\u00e4.\n"
                }
            }
        },
        "5": {
            "chapter_nr": 5,
            "chapter": {
                "1": {
                    "verse_nr": 1,
                    "verse": "Jokainen, joka uskoo, ett\u00e4 Jeesus on Kristus, on Jumalasta syntynyt; ja jokainen, joka rakastaa h\u00e4nt\u00e4, joka on synnytt\u00e4nyt, rakastaa my\u00f6skin sit\u00e4, joka h\u00e4nest\u00e4 on syntynyt.\n"
                },
                "2": {
                    "verse_nr": 2,
                    "verse": "Siit\u00e4 me tied\u00e4mme, ett\u00e4 rakastamme Jumalan lapsia, kun rakastamme Jumalaa ja noudatamme h\u00e4nen k\u00e4skyj\u00e4ns\u00e4.\n"
                },
                "3": {
                    "verse_nr": 3,
                    "verse": "Sill\u00e4 rakkaus Jumalaan on se, ett\u00e4 pid\u00e4mme h\u00e4nen k\u00e4skyns\u00e4. Ja h\u00e4nen k\u00e4skyns\u00e4 eiv\u00e4t ole raskaat;\n"
                },
                "4": {
                    "verse_nr": 4,
                    "verse": "sill\u00e4 kaikki, mik\u00e4 on syntynyt Jumalasta, voittaa maailman; ja t\u00e4m\u00e4 on se voitto, joka on maailman voittanut, meid\u00e4n uskomme.\n"
                },
                "5": {
                    "verse_nr": 5,
                    "verse": "Kuka on se, joka voittaa maailman, ellei se, joka uskoo, ett\u00e4 Jeesus on Jumalan Poika?\n"
                },
                "6": {
                    "verse_nr": 6,
                    "verse": "H\u00e4n on se, joka on tullut veden ja veren kautta, Jeesus Kristus, ei ainoastaan vedess\u00e4, vaan vedess\u00e4 ja veress\u00e4; ja Henki on se, joka todistaa, sill\u00e4 Henki on totuus.\n"
                },
                "7": {
                    "verse_nr": 7,
                    "verse": "Sill\u00e4 kolme on, jotka todistavat:\n"
                },
                "8": {
                    "verse_nr": 8,
                    "verse": "Henki ja vesi ja veri, ja ne kolme pit\u00e4v\u00e4t yht\u00e4.\n"
                },
                "9": {
                    "verse_nr": 9,
                    "verse": "Jos me otamme vastaan ihmisten todistuksen, niin onhan Jumalan todistus suurempi. Ja t\u00e4m\u00e4 on Jumalan todistus, sill\u00e4 h\u00e4n on todistanut Pojastansa.\n"
                },
                "10": {
                    "verse_nr": 10,
                    "verse": "Joka uskoo Jumalan Poikaan, h\u00e4nell\u00e4 on todistus itsess\u00e4ns\u00e4; joka ei usko Jumalaa, tekee h\u00e4net valhettelijaksi, koska h\u00e4n ei usko sit\u00e4 todistusta, jonka Jumala on todistanut Pojastansa.\n"
                },
                "11": {
                    "verse_nr": 11,
                    "verse": "Ja t\u00e4m\u00e4 on se todistus: Jumala on antanut meille iankaikkisen el\u00e4m\u00e4n, ja t\u00e4m\u00e4 el\u00e4m\u00e4 on h\u00e4nen Pojassansa.\n"
                },
                "12": {
                    "verse_nr": 12,
                    "verse": "Jolla Poika on, sill\u00e4 on el\u00e4m\u00e4; jolla Jumalan Poikaa ei ole, sill\u00e4 ei ole el\u00e4m\u00e4\u00e4.\n"
                },
                "13": {
                    "verse_nr": 13,
                    "verse": "T\u00e4m\u00e4n min\u00e4 olen kirjoittanut teille, jotka uskotte Jumalan Pojan nimeen, tiet\u00e4\u00e4ksenne, ett\u00e4 teill\u00e4 on iankaikkinen el\u00e4m\u00e4.\n"
                },
                "14": {
                    "verse_nr": 14,
                    "verse": "Ja t\u00e4m\u00e4 on se uskallus, joka meill\u00e4 on h\u00e4neen, ett\u00e4 jos me jotakin anomme h\u00e4nen tahtonsa mukaan, niin h\u00e4n kuulee meit\u00e4.\n"
                },
                "15": {
                    "verse_nr": 15,
                    "verse": "Ja jos me tied\u00e4mme h\u00e4nen kuulevan meit\u00e4, mit\u00e4 ikin\u00e4 anommekin, niin tied\u00e4mme, ett\u00e4 meill\u00e4 my\u00f6s on kaikki se, mit\u00e4 olemme h\u00e4nelt\u00e4 anoneet.\n"
                },
                "16": {
                    "verse_nr": 16,
                    "verse": "Jos joku n\u00e4kee veljens\u00e4 tekev\u00e4n synti\u00e4, joka ei ole kuolemaksi, niin rukoilkoon, ja h\u00e4n on antava h\u00e4nelle el\u00e4m\u00e4n, niille nimitt\u00e4in, jotka eiv\u00e4t tee synti\u00e4 kuolemaksi. On synti\u00e4, joka on kuolemaksi; siit\u00e4 min\u00e4 en sano, ett\u00e4 olisi rukoiltava.\n"
                },
                "17": {
                    "verse_nr": 17,
                    "verse": "Kaikki v\u00e4\u00e4ryys on synti\u00e4. Ja on synti\u00e4, joka ei ole kuolemaksi.\n"
                },
                "18": {
                    "verse_nr": 18,
                    "verse": "Me tied\u00e4mme, ettei yksik\u00e4\u00e4n Jumalasta syntynyt tee synti\u00e4; vaan Jumalasta syntynyt pit\u00e4\u00e4 itsest\u00e4ns\u00e4 vaarin, eik\u00e4 h\u00e4neen ryhdy se paha.\n"
                },
                "19": {
                    "verse_nr": 19,
                    "verse": "Me tied\u00e4mme, ett\u00e4 olemme Jumalasta, ja koko maailma on pahan vallassa.\n"
                },
                "20": {
                    "verse_nr": 20,
                    "verse": "Mutta me tied\u00e4mme, ett\u00e4 Jumalan Poika on tullut ja antanut meille ymm\u00e4rryksen, tunteaksemme sen Totisen; ja me olemme siin\u00e4 Totisessa, h\u00e4nen Pojassansa, Jeesuksessa Kristuksessa. H\u00e4n on totinen Jumala ja iankaikkinen el\u00e4m\u00e4.\n"
                },
                "21": {
                    "verse_nr": 21,
                    "verse": "Lapsukaiset, kavahtakaa ep\u00e4jumalia.\n"
                }
            }
        }
    }
}