{
    "version": "pyharaamattu1933",
    "book_name": "Esther",
    "book_nr": "17",
    "book": {
        "1": {
            "chapter_nr": 1,
            "chapter": {
                "1": {
                    "verse_nr": 1,
                    "verse": "Ahasveroksen aikana-sen Ahasveroksen, joka hallitsi Intiasta Etiopiaan saakka, sataa kahtakymment\u00e4 seitsem\u00e4\u00e4 maakuntaa-siihen aikaan,\n"
                },
                "2": {
                    "verse_nr": 2,
                    "verse": "kun kuningas Ahasveros istui kuninkaallisella valtaistuimellansa, joka oli Suusanin linnassa, tapahtui t\u00e4m\u00e4.\n"
                },
                "3": {
                    "verse_nr": 3,
                    "verse": "Kolmantena hallitusvuotenaan h\u00e4n laittoi pidot kaikille ruhtinaillensa ja palvelijoillensa. Persian ja Meedian voima, ylimykset ja maaherrat olivat h\u00e4nen luonansa,\n"
                },
                "4": {
                    "verse_nr": 4,
                    "verse": "ja h\u00e4n n\u00e4ytti heille kuninkaallisen kunniansa rikkautta ja suuruutensa loistavaa komeutta monta p\u00e4iv\u00e4\u00e4, sata kahdeksankymment\u00e4 p\u00e4iv\u00e4\u00e4.\n"
                },
                "5": {
                    "verse_nr": 5,
                    "verse": "Ja kun ne p\u00e4iv\u00e4t olivat kuluneet, laittoi kuningas kaikelle Suusanin linnan v\u00e4elle, niin pienille kuin suurillekin, kuninkaan palatsin puutarhan esipihaan seitsenp\u00e4iv\u00e4iset pidot.\n"
                },
                "6": {
                    "verse_nr": 6,
                    "verse": "Pellava-,puuvilla-ja punasiniverhoja oli kiinnitetty valkoisilla pellavanauhoilla ja purppuranpunaisilla nauhoilla hopeatankoihin ja valkomarmoripylv\u00e4isiin. Kultaisia ja hopeaisia lepovuoteita oli pihalla, joka oli laskettu vihre\u00e4ll\u00e4 ja valkoisella marmorilla, helmi\u00e4isell\u00e4 ja kirjavalla marmorilla.\n"
                },
                "7": {
                    "verse_nr": 7,
                    "verse": "Juotavaa tarjottiin kulta-astioissa, ja astiat olivat erimuotoiset, ja kuninkaan viini\u00e4 oli viljalti, kuninkaalliseen tapaan.\n"
                },
                "8": {
                    "verse_nr": 8,
                    "verse": "Ja juomisessa oli lakina, ettei saanut olla mit\u00e4\u00e4n pakkoa, sill\u00e4 niin oli kuningas k\u00e4skenyt kaikkia hovimestareitansa, ett\u00e4 oli teht\u00e4v\u00e4 kunkin oman halun mukaan.\n"
                },
                "9": {
                    "verse_nr": 9,
                    "verse": "My\u00f6skin kuningatar Vasti laittoi naisille pidot kuningas Ahasveroksen kuninkaalliseen palatsiin.\n"
                },
                "10": {
                    "verse_nr": 10,
                    "verse": "Seitsem\u00e4nten\u00e4 p\u00e4iv\u00e4n\u00e4, kun kuninkaan syd\u00e4n oli viinist\u00e4 iloinen, k\u00e4ski h\u00e4n Mehumanin, Bistan, Harbonan, Bigtan, Abagtan, Seetarin ja Karkaan, niiden seitsem\u00e4n hoviherran, jotka toimittivat palvelusta kuningas Ahasveroksen luona,\n"
                },
                "11": {
                    "verse_nr": 11,
                    "verse": "tuoda kuningatar Vastin, kuninkaallinen kruunu p\u00e4\u00e4ss\u00e4, kuninkaan eteen, ett\u00e4 h\u00e4n saisi n\u00e4ytt\u00e4\u00e4 kansoille ja ruhtinaille h\u00e4nen kauneutensa, sill\u00e4 h\u00e4n oli n\u00e4\u00f6lt\u00e4\u00e4n ihana.\n"
                },
                "12": {
                    "verse_nr": 12,
                    "verse": "Mutta kuningatar Vasti kielt\u00e4ytyi tulemasta, vaikka kuningas hoviherrojen kautta oli k\u00e4skenyt. Silloin kuningas suuttui kovin, ja h\u00e4ness\u00e4 syttyi viha.\n"
                },
                "13": {
                    "verse_nr": 13,
                    "verse": "Ja kuningas puhui viisaille, ajantiet\u00e4jille-sill\u00e4 n\u00e4in oli tapana esitt\u00e4\u00e4 kuninkaan sana kaikille lain ja oikeuden tuntijoille,\n"
                },
                "14": {
                    "verse_nr": 14,
                    "verse": "ja h\u00e4nen l\u00e4himp\u00e4ns\u00e4 olivat Karsena, Seetar, Admata, Tarsis, Meres, Marsena ja Memukan, seitsem\u00e4n Persian ja Meedian ruhtinasta, jotka n\u00e4kiv\u00e4t kuninkaan kasvot ja istuivat valtakunnan ensimm\u00e4isin\u00e4-:\n"
                },
                "15": {
                    "verse_nr": 15,
                    "verse": "\"Mit\u00e4 on lain mukaan teht\u00e4v\u00e4 kuningatar Vastille, koska h\u00e4n ei ole noudattanut k\u00e4sky\u00e4, jonka kuningas Ahasveros on antanut hoviherrojen kautta?\"\n"
                },
                "16": {
                    "verse_nr": 16,
                    "verse": "Niin Memukan sanoi kuninkaan ja ruhtinasten edess\u00e4: \"Kuningatar Vasti ei ole rikkonut ainoastaan kuningasta vastaan, vaan my\u00f6s kaikkia ruhtinaita vastaan ja kaikkia kansoja vastaan kuningas Ahasveroksen kaikissa maakunnissa.\n"
                },
                "17": {
                    "verse_nr": 17,
                    "verse": "Kun kuningattaren teko tulee kaikkien vaimojen tietoon, saattaa se heid\u00e4t halveksimaan aviomiehi\u00e4ns\u00e4, he kun voivat sanoa: 'Kuningas Ahasveros k\u00e4ski tuoda kuningatar Vastin eteens\u00e4, mutta t\u00e4m\u00e4 ei tullut'.\n"
                },
                "18": {
                    "verse_nr": 18,
                    "verse": "Jo t\u00e4n\u00e4 p\u00e4iv\u00e4n\u00e4 voivat Persian ja Meedian ruhtinattaret, jotka kuulevat kuningattaren teon, puhua siit\u00e4 kaikille kuninkaan ruhtinaille, ja siit\u00e4 tulee halveksimista ja suuttumusta riitt\u00e4m\u00e4\u00e4n asti.\n"
                },
                "19": {
                    "verse_nr": 19,
                    "verse": "Jos kuningas hyv\u00e4ksi n\u00e4kee, julkaistakoon kuninkaallinen k\u00e4sky ja kirjoitettakoon muuttumatonna Persian ja Meedian lakeihin, ettei Vasti en\u00e4\u00e4 saa tulla kuningas Ahasveroksen eteen ja ett\u00e4 kuningas antaa h\u00e4nen kuninkaallisen arvonsa toiselle, h\u00e4nt\u00e4 paremmalle.\n"
                },
                "20": {
                    "verse_nr": 20,
                    "verse": "Kuninkaan antama s\u00e4\u00e4d\u00f6s tulee tunnetuksi koko h\u00e4nen valtakunnassansa, vaikka se onkin suuri, ja kaikki vaimot, niin suuret kuin pienetkin, antavat kunnian aviomiehillens\u00e4.\"\n"
                },
                "21": {
                    "verse_nr": 21,
                    "verse": "T\u00e4m\u00e4 puhe miellytti kuningasta ja ruhtinaita, ja kuningas teki Memukanin sanan mukaan.\n"
                },
                "22": {
                    "verse_nr": 22,
                    "verse": "H\u00e4n l\u00e4hetti kaikkiin kuninkaan maakuntiin-kuhunkin maakuntaan sen omalla kirjoituksella ja kullekin kansalle sen omalla kielell\u00e4-kirjeet, ett\u00e4 joka mies olkoon herra talossaan ja saakoon puhua oman kansansa kielt\u00e4.\n"
                }
            }
        },
        "2": {
            "chapter_nr": 2,
            "chapter": {
                "1": {
                    "verse_nr": 1,
                    "verse": "N\u00e4iden tapausten j\u00e4lkeen, kun kuningas Ahasveroksen viha oli asettunut, muisti h\u00e4n Vastia ja mit\u00e4 t\u00e4m\u00e4 oli tehnyt ja mit\u00e4 h\u00e4nest\u00e4 oli p\u00e4\u00e4tetty.\n"
                },
                "2": {
                    "verse_nr": 2,
                    "verse": "Niin kuninkaan palvelijat, jotka toimittivat h\u00e4nelle palvelusta, sanoivat: \"Etsitt\u00e4k\u00f6\u00f6n kuninkaalle nuoria neitsyit\u00e4, n\u00e4\u00f6lt\u00e4\u00e4n ihania.\n"
                },
                "3": {
                    "verse_nr": 3,
                    "verse": "Ja asettakoon kuningas kaikkiin valtakuntansa maakuntiin k\u00e4skyl\u00e4iset ker\u00e4\u00e4m\u00e4\u00e4n kaikki nuoret neitsyet, n\u00e4\u00f6lt\u00e4\u00e4n ihanat, Suusanin linnaan, vaimolaan, Heegain, kuninkaan hoviherran ja vaimojen vartijan, huostaan, ja annettakoon heille heid\u00e4n kauneudenhoitonsa.\n"
                },
                "4": {
                    "verse_nr": 4,
                    "verse": "Ja neitsyt, johon kuningas mieltyy, tulkoon kuningattareksi Vastin sijaan.\" Ja t\u00e4m\u00e4 puhe miellytti kuningasta, ja h\u00e4n teki niin.\n"
                },
                "5": {
                    "verse_nr": 5,
                    "verse": "Suusanin linnassa oli juutalainen mies, nimelt\u00e4 Mordokai, Jaairin poika, joka oli Siimein poika, joka Kiisin poika, benjaminilainen.\n"
                },
                "6": {
                    "verse_nr": 6,
                    "verse": "H\u00e4net oli viety Jerusalemista pakkosiirtolaisuuteen niiden pakkosiirtolaisten joukossa, jotka vietiin samalla kuin Jekonja, Juudan kuningas, jonka Nebukadnessar, Baabelin kuningas, vei pakkosiirtolaisuuteen.\n"
                },
                "7": {
                    "verse_nr": 7,
                    "verse": "H\u00e4n oli set\u00e4ns\u00e4 tytt\u00e4ren Hadassan, se on Esterin, kasvatusis\u00e4, sill\u00e4 t\u00e4m\u00e4 oli is\u00e4t\u00f6n ja \u00e4idit\u00f6n. Tytt\u00f6 oli vartaloltaan kaunis ja n\u00e4\u00f6lt\u00e4\u00e4n ihana, ja h\u00e4nen is\u00e4ns\u00e4 ja \u00e4itins\u00e4 kuoltua oli Mordokai ottanut h\u00e4net tytt\u00e4reksens\u00e4.\n"
                },
                "8": {
                    "verse_nr": 8,
                    "verse": "Ja kun kuninkaan k\u00e4sky ja laki tuli tunnetuksi ja kun ker\u00e4ttiin paljon tytt\u00f6j\u00e4 Suusanin linnaan Heegain huostaan, otettiin Esterkin kuninkaan palatsiin Heegain, vaimojen vartijan, huostaan.\n"
                },
                "9": {
                    "verse_nr": 9,
                    "verse": "Tytt\u00f6 miellytti h\u00e4nt\u00e4 ja sai armon h\u00e4nen edess\u00e4\u00e4n, ja h\u00e4n antoi h\u00e4nelle joutuin h\u00e4nen kauneudenhoitonsa ja m\u00e4\u00e4r\u00e4tyn ravinto-osansa sek\u00e4 seitsem\u00e4n valiopalvelijatarta kuninkaan palatsista ja siirsi h\u00e4net palvelijattarineen vaimolan parhaaseen paikkaan.\n"
                },
                "10": {
                    "verse_nr": 10,
                    "verse": "Ester ei ilmaissut kansaansa eik\u00e4 syntyper\u00e4\u00e4ns\u00e4, sill\u00e4 Mordokai oli h\u00e4nt\u00e4 kielt\u00e4nyt sit\u00e4 ilmaisemasta.\n"
                },
                "11": {
                    "verse_nr": 11,
                    "verse": "Mutta Mordokai k\u00e4yskenteli joka p\u00e4iv\u00e4 vaimolan esipihan edustalla saadakseen tiet\u00e4\u00e4, voiko Ester hyvin ja mit\u00e4 h\u00e4nelle tapahtui.\n"
                },
                "12": {
                    "verse_nr": 12,
                    "verse": "Kun jonkun tyt\u00f6n vuoro tuli menn\u00e4 kuningas Ahasveroksen tyk\u00f6, sittenkuin h\u00e4nelle oli kaksitoista kuukautta tehty, niinkuin vaimoista oli m\u00e4\u00e4r\u00e4tty-sill\u00e4 niin pitk\u00e4 aika kului heid\u00e4n kauneudenhoitoonsa: kuusi kuukautta mirha\u00f6ljyll\u00e4, toiset kuusi kuukautta hajuaineilla sek\u00e4 muilla naisten kauneudenhoitokeinoilla-meni tytt\u00f6 kuninkaan tyk\u00f6.\n"
                },
                "13": {
                    "verse_nr": 13,
                    "verse": "Kaikki, mit\u00e4 h\u00e4n pyysi, annettiin h\u00e4nelle mukaan vaimolasta kuninkaan palatsiin.\n"
                },
                "14": {
                    "verse_nr": 14,
                    "verse": "Illalla h\u00e4n meni, ja aamulla h\u00e4n palasi toiseen vaimolaan kuninkaan hoviherran Saasgaan, sivuvaimojen vartijan, huostaan; ei h\u00e4n en\u00e4\u00e4 mennyt kuninkaan tyk\u00f6, paitsi jos kuningas oli h\u00e4neen mieltynyt ja h\u00e4net nimelt\u00e4\u00e4n kutsuttiin.\n"
                },
                "15": {
                    "verse_nr": 15,
                    "verse": "Kun Esterille, Mordokain sed\u00e4n Abihailin tytt\u00e4relle, jonka Mordokai oli ottanut tytt\u00e4rekseen, tuli vuoro menn\u00e4 kuninkaan tyk\u00f6, ei h\u00e4n halunnut mukaansa muuta, kuin mit\u00e4 Heegai, kuninkaan hoviherra, vaimojen vartija, neuvoi. Ja Ester sai armon kaikkien niiden edess\u00e4, jotka n\u00e4kiv\u00e4t h\u00e4net.\n"
                },
                "16": {
                    "verse_nr": 16,
                    "verse": "Ester vietiin kuningas Ahasveroksen tyk\u00f6 h\u00e4nen kuninkaalliseen palatsiinsa kymmenenness\u00e4 kuussa, se on teebet-kuussa, h\u00e4nen seitsem\u00e4nten\u00e4 hallitusvuotenansa.\n"
                },
                "17": {
                    "verse_nr": 17,
                    "verse": "Ja Ester tuli kuninkaalle kaikkia muita naisia rakkaammaksi ja sai h\u00e4nen edess\u00e4\u00e4n armon ja suosion ennen kaikkia muita neitsyit\u00e4, niin ett\u00e4 t\u00e4m\u00e4 pani kuninkaallisen kruunun h\u00e4nen p\u00e4\u00e4h\u00e4ns\u00e4 ja teki h\u00e4net kuningattareksi Vastin sijaan.\n"
                },
                "18": {
                    "verse_nr": 18,
                    "verse": "Ja kuningas laittoi suuret pidot kaikille ruhtinailleen ja palvelijoilleen, pidot Esterin kunniaksi, ja my\u00f6nsi maakunnille veronhuojennusta ja jakelutti lahjoja, kuninkaalliseen tapaan.\n"
                },
                "19": {
                    "verse_nr": 19,
                    "verse": "Kun neitsyit\u00e4 koottiin toinen kerta ja Mordokai istuskeli kuninkaan portissa\n"
                },
                "20": {
                    "verse_nr": 20,
                    "verse": "-eik\u00e4 Ester ollut ilmaissut syntyper\u00e4\u00e4ns\u00e4 eik\u00e4 kansaansa, sill\u00e4 Mordokai oli h\u00e4nt\u00e4 siit\u00e4 kielt\u00e4nyt; Ester n\u00e4et teki, mit\u00e4 Mordokai k\u00e4ski, samoin kuin ollessaan h\u00e4nen kasvattinansa-\n"
                },
                "21": {
                    "verse_nr": 21,
                    "verse": "niin siihen aikaan, Mordokain istuskellessa kuninkaan portissa, Bigtan ja Teres, kaksi kuninkaan hoviherraa, ovenvartijoita, suuttuivat ja etsiv\u00e4t tilaisuutta k\u00e4yd\u00e4kseen k\u00e4siksi kuningas Ahasverokseen.\n"
                },
                "22": {
                    "verse_nr": 22,
                    "verse": "Mutta se tuli Mordokain tietoon, ja h\u00e4n ilmaisi sen kuningatar Esterille, ja Ester sanoi sen Mordokain nimess\u00e4 kuninkaalle.\n"
                },
                "23": {
                    "verse_nr": 23,
                    "verse": "Ja asia tutkittiin, ja kun se havaittiin todeksi, ripustettiin ne molemmat hirsipuuhun. Ja se kirjoitettiin aikakirjaan kuningasta varten.\n"
                }
            }
        },
        "3": {
            "chapter_nr": 3,
            "chapter": {
                "1": {
                    "verse_nr": 1,
                    "verse": "N\u00e4iden tapausten j\u00e4lkeen kuningas Ahasveros korotti agagilaisen Haamanin, Hammedatan pojan, ylensi h\u00e4net ja antoi h\u00e4nelle ylimm\u00e4n sijan kaikkien ruhtinasten joukossa, jotka olivat h\u00e4nen luonansa.\n"
                },
                "2": {
                    "verse_nr": 2,
                    "verse": "Ja kaikki kuninkaan palvelijat, jotka olivat kuninkaan portissa, polvistuivat ja heitt\u00e4ytyiv\u00e4t maahan Haamanin edess\u00e4, sill\u00e4 niin oli kuningas k\u00e4skenyt h\u00e4nt\u00e4 kohdella. Mutta Mordokai ei polvistunut eik\u00e4 heitt\u00e4ytynyt maahan.\n"
                },
                "3": {
                    "verse_nr": 3,
                    "verse": "Niin kuninkaan palvelijat, jotka olivat kuninkaan portissa, sanoivat Mordokaille: \"Miksi sin\u00e4 rikot kuninkaan k\u00e4skyn?\"\n"
                },
                "4": {
                    "verse_nr": 4,
                    "verse": "Ja kun he joka p\u00e4iv\u00e4 sanoivat h\u00e4nelle n\u00e4in, mutta h\u00e4n ei heit\u00e4 totellut, ilmoittivat he t\u00e4m\u00e4n Haamanille, n\u00e4hd\u00e4ksens\u00e4, oliko Mordokain sanoma syy p\u00e4tev\u00e4; sill\u00e4 h\u00e4n oli ilmoittanut heille olevansa juutalainen.\n"
                },
                "5": {
                    "verse_nr": 5,
                    "verse": "Kun Haaman n\u00e4ki, ettei Mordokai polvistunut eik\u00e4 heitt\u00e4ytynyt maahan h\u00e4nen edess\u00e4\u00e4n, tuli Haaman kiukkua t\u00e4yteen.\n"
                },
                "6": {
                    "verse_nr": 6,
                    "verse": "Kun h\u00e4nelle oli ilmoitettu, mit\u00e4 kansaa Mordokai oli, v\u00e4h\u00e4ksyi h\u00e4n k\u00e4yd\u00e4 k\u00e4siksi yksin Mordokaihin: Haaman etsi tilaisuutta h\u00e4vitt\u00e4\u00e4kseen kaikki juutalaiset, Mordokain kansan, Ahasveroksen koko valtakunnasta.\n"
                },
                "7": {
                    "verse_nr": 7,
                    "verse": "Ensimm\u00e4isess\u00e4 kuussa, se on niisan-kuussa, kuningas Ahasveroksen kahdentenatoista vuotena, heitettiin Haamanin edess\u00e4 puur'ia, se on arpaa, jokaisesta p\u00e4iv\u00e4st\u00e4 ja jokaisesta kuukaudesta, kahdenteentoista kuukauteen, se on adar-kuuhun, asti.\n"
                },
                "8": {
                    "verse_nr": 8,
                    "verse": "Ja Haaman sanoi kuningas Ahasverokselle: \"On yksi kansa hajallaan ja erill\u00e4\u00e4n muiden kansojen seassa sinun valtakuntasi kaikissa maakunnissa. Heid\u00e4n lakinsa ovat toisenlaiset kuin kaikkien muiden kansojen, he eiv\u00e4t noudata kuninkaan lakeja, eik\u00e4 kuninkaan sovi j\u00e4tt\u00e4\u00e4 heit\u00e4 rauhaan.\n"
                },
                "9": {
                    "verse_nr": 9,
                    "verse": "Jos kuningas hyv\u00e4ksi n\u00e4kee, kirjoitettakoon m\u00e4\u00e4r\u00e4ys, ett\u00e4 heid\u00e4t on tuhottava; ja min\u00e4 punnitsen kymmenentuhatta talenttia hopeata virkamiehille, viet\u00e4v\u00e4ksi kuninkaan aarrekammioihin.\"\n"
                },
                "10": {
                    "verse_nr": 10,
                    "verse": "Niin kuningas otti k\u00e4dest\u00e4\u00e4n sinettisormuksensa ja antoi sen agagilaiselle Haamanille, Hammedatan pojalle, juutalaisten vastustajalle.\n"
                },
                "11": {
                    "verse_nr": 11,
                    "verse": "Ja kuningas sanoi Haamanille: \"Hopea olkoon annettu sinulle, ja samoin se kansa, tehd\u00e4ksesi sille, mit\u00e4 hyv\u00e4ksi n\u00e4et\".\n"
                },
                "12": {
                    "verse_nr": 12,
                    "verse": "Niin kutsuttiin kuninkaan kirjurit ensimm\u00e4isess\u00e4 kuussa, sen kolmantenatoista p\u00e4iv\u00e4n\u00e4, ja kirjoitettiin, aivan niinkuin Haaman k\u00e4ski, m\u00e4\u00e4r\u00e4ys kuninkaan satraapeille ja jokaisen maakunnan k\u00e4skynhaltijoille ja jokaisen kansan ruhtinaille, kuhunkin maakuntaan sen omalla kirjoituksella ja kullekin kansalle sen omalla kielell\u00e4. Kuningas Ahasveroksen nimess\u00e4 se kirjoitettiin ja sinet\u00f6itiin kuninkaan sinettisormuksella.\n"
                },
                "13": {
                    "verse_nr": 13,
                    "verse": "Ja juoksijain mukana l\u00e4hetettiin kaikkiin kuninkaan maakuntiin kirjeet, ett\u00e4 oli h\u00e4vitett\u00e4v\u00e4, tapettava ja tuhottava kaikki juutalaiset, nuoret ja vanhat, lapset ja vaimot, samana p\u00e4iv\u00e4n\u00e4, kahdennentoista kuun, se on adar-kuun, kolmantenatoista p\u00e4iv\u00e4n\u00e4, ja ett\u00e4 oli ry\u00f6stett\u00e4v\u00e4, mit\u00e4 heilt\u00e4 oli saatavana saalista.\n"
                },
                "14": {
                    "verse_nr": 14,
                    "verse": "Kirjeen j\u00e4ljenn\u00f6s oli julkaistava lakina jokaisessa maakunnassa, tiedoksi kaikille kansoille, ett\u00e4 olisivat valmiit tuona p\u00e4iv\u00e4n\u00e4.\n"
                },
                "15": {
                    "verse_nr": 15,
                    "verse": "Juoksijat l\u00e4htiv\u00e4t kuninkaan k\u00e4skyst\u00e4 kiiruusti matkaan kohta, kun laki oli annettu Suusanin linnassa. Kuningas ja Haaman istuivat juomaan, mutta Suusanin kaupunki oli h\u00e4mm\u00e4styksiss\u00e4\u00e4n.\n"
                }
            }
        },
        "4": {
            "chapter_nr": 4,
            "chapter": {
                "1": {
                    "verse_nr": 1,
                    "verse": "Kun Mordokai sai tiet\u00e4\u00e4 kaiken, mit\u00e4 oli tapahtunut, rep\u00e4isi Mordokai vaatteensa, pukeutui s\u00e4kkiin ja tuhkaan ja meni keskelle kaupunkia ja huuteli kovia ja katkeria valitushuutoja.\n"
                },
                "2": {
                    "verse_nr": 2,
                    "verse": "Ja h\u00e4n meni kuninkaan portin edustalle asti, sill\u00e4 sis\u00e4lle kuninkaan porttiin ei saanut menn\u00e4 s\u00e4kkiin puettuna.\n"
                },
                "3": {
                    "verse_nr": 3,
                    "verse": "Jokaisessa maakunnassa, joka paikassa, mihin kuninkaan k\u00e4sky ja h\u00e4nen lakinsa tuli, syntyi juutalaisten keskuudessa suuri suru: paastottiin, itkettiin ja valitettiin; monet levittiv\u00e4t allensa s\u00e4kin ja tuhkaa.\n"
                },
                "4": {
                    "verse_nr": 4,
                    "verse": "Kun Esterin palvelijattaret ja h\u00e4nen hoviherransa tulivat ja kertoivat h\u00e4nelle t\u00e4m\u00e4n, joutui kuningatar suureen tuskaan, ja h\u00e4n l\u00e4hetti vaatteita, ett\u00e4 Mordokai puettaisiin niihin ja ett\u00e4 h\u00e4n riisuisi s\u00e4kin ylt\u00e4\u00e4n, mutta h\u00e4n ei ottanut niit\u00e4 vastaan.\n"
                },
                "5": {
                    "verse_nr": 5,
                    "verse": "Niin Ester kutsui Hatakin, joka oli kuninkaan hoviherroja ja jonka t\u00e4m\u00e4 oli asettanut h\u00e4nt\u00e4 palvelemaan, ja k\u00e4ski h\u00e4net Mordokain luo, saadakseen tiet\u00e4\u00e4, mit\u00e4 ja mist\u00e4 syyst\u00e4 t\u00e4m\u00e4 kaikki oli.\n"
                },
                "6": {
                    "verse_nr": 6,
                    "verse": "Niin Hatak meni Mordokain luo kaupungin torille, joka on kuninkaan portin edustalla,\n"
                },
                "7": {
                    "verse_nr": 7,
                    "verse": "ja Mordokai ilmoitti h\u00e4nelle kaikki, mit\u00e4 h\u00e4nelle oli tapahtunut, ja my\u00f6s tarkalleen, kuinka paljon hopeata Haaman oli luvannut punnita kuninkaan aarrekammioihin juutalaisten tuhoamisesta.\n"
                },
                "8": {
                    "verse_nr": 8,
                    "verse": "My\u00f6s j\u00e4ljenn\u00f6ksen sen lain sanamuodosta, joka Suusanissa oli annettu heid\u00e4n h\u00e4vitt\u00e4misekseen, h\u00e4n antoi h\u00e4nelle, ett\u00e4 h\u00e4n n\u00e4ytt\u00e4isi sen Esterille ja ilmoittaisi t\u00e4lle asian sek\u00e4 velvoittaisi h\u00e4nt\u00e4 menem\u00e4\u00e4n kuninkaan luo anomaan armoa ja rukoilemaan h\u00e4nt\u00e4 kansansa puolesta.\n"
                },
                "9": {
                    "verse_nr": 9,
                    "verse": "Niin Hatak meni ja kertoi Esterille Mordokain sanat.\n"
                },
                "10": {
                    "verse_nr": 10,
                    "verse": "Mutta Ester puhui Hatakille ja k\u00e4ski h\u00e4nen sanoa Mordokaille:\n"
                },
                "11": {
                    "verse_nr": 11,
                    "verse": "\"Kaikki kuninkaan palvelijat ja kuninkaan maakuntien kansa tiet\u00e4v\u00e4t, ett\u00e4 kuka ikin\u00e4, mies tai nainen, kutsumatta menee kuninkaan luo sisemp\u00e4\u00e4n esipihaan, on laki sama jokaiselle: h\u00e4net surmataan; ainoastaan se, jota kohti kuningas ojentaa kultavaltikkansa, j\u00e4\u00e4 eloon. Mutta minua ei ole kolmeenkymmeneen p\u00e4iv\u00e4\u00e4n kutsuttu tulemaan kuninkaan tyk\u00f6.\"\n"
                },
                "12": {
                    "verse_nr": 12,
                    "verse": "Kun Mordokaille kerrottiin Esterin sanat,\n"
                },
                "13": {
                    "verse_nr": 13,
                    "verse": "k\u00e4ski Mordokai vastata Esterille: \"\u00c4l\u00e4 luulekaan, ett\u00e4 sin\u00e4, kun olet kuninkaan linnassa, yksin kaikista juutalaisista pelastut.\n"
                },
                "14": {
                    "verse_nr": 14,
                    "verse": "Jos sin\u00e4 t\u00e4n\u00e4 aikana olet vaiti, tulee apu ja pelastus juutalaisille muualta, mutta sin\u00e4 ja sinun is\u00e4si perhe tuhoudutte. Kuka tiet\u00e4\u00e4, etk\u00f6 sin\u00e4 juuri t\u00e4llaista aikaa varten ole p\u00e4\u00e4ssyt kuninkaalliseen arvoon?\"\n"
                },
                "15": {
                    "verse_nr": 15,
                    "verse": "Niin Ester k\u00e4ski vastata Mordokaille:\n"
                },
                "16": {
                    "verse_nr": 16,
                    "verse": "\"Mene ja kokoa kaikki Suusanin juutalaiset, ja paastotkaa minun puolestani; olkaa sy\u00f6m\u00e4tt\u00e4 ja juomatta kolme vuorokautta, y\u00f6t ja p\u00e4iv\u00e4t. My\u00f6s min\u00e4 palvelijattarineni samoin paastoan. Sitten min\u00e4 menen kuninkaan tyk\u00f6, vaikka se on vastoin lakia; ja jos tuhoudun, niin tuhoudun.\"\n"
                },
                "17": {
                    "verse_nr": 17,
                    "verse": "Niin Mordokai meni ja teki, aivan niinkuin Ester oli h\u00e4nt\u00e4 k\u00e4skenyt.\n"
                }
            }
        },
        "5": {
            "chapter_nr": 5,
            "chapter": {
                "1": {
                    "verse_nr": 1,
                    "verse": "Kolmantena p\u00e4iv\u00e4n\u00e4 Ester pukeutui kuninkaallisesti ja astui kuninkaan linnan sisemp\u00e4\u00e4n esipihaan, vastap\u00e4\u00e4t\u00e4 kuninkaan linnaa; ja kuningas istui kuninkaallisella valtaistuimellaan kuninkaallisessa linnassa vastap\u00e4\u00e4t\u00e4 linnan ovea.\n"
                },
                "2": {
                    "verse_nr": 2,
                    "verse": "Kun kuningas n\u00e4ki kuningatar Esterin seisovan esipihassa, sai t\u00e4m\u00e4 armon h\u00e4nen silmiens\u00e4 edess\u00e4, ja kuningas ojensi Esteri\u00e4 kohti kultavaltikan, joka h\u00e4nell\u00e4 oli k\u00e4dess\u00e4. Ja Ester astui esiin ja kosketti valtikan p\u00e4\u00e4t\u00e4.\n"
                },
                "3": {
                    "verse_nr": 3,
                    "verse": "Kuningas sanoi h\u00e4nelle: \"Mik\u00e4 sinun on, kuningatar Ester, ja mit\u00e4 pyyd\u00e4t? Se sinulle annetaan, olkoon vaikka puoli valtakuntaa.\"\n"
                },
                "4": {
                    "verse_nr": 4,
                    "verse": "Niin Ester vastasi: \"Jos kuningas hyv\u00e4ksi n\u00e4kee, tulkoon kuningas ja my\u00f6s Haaman t\u00e4n\u00e4 p\u00e4iv\u00e4n\u00e4 pitoihin, jotka min\u00e4 olen h\u00e4nelle laittanut\".\n"
                },
                "5": {
                    "verse_nr": 5,
                    "verse": "Kuningas sanoi: \"Noutakaa kiiruusti Haaman tehd\u00e4ksemme Esterin toivomuksen mukaan\". Ja kun kuningas ja Haaman olivat tulleet pitoihin, jotka Ester oli laittanut,\n"
                },
                "6": {
                    "verse_nr": 6,
                    "verse": "kysyi kuningas juominkien aikana Esterilt\u00e4: \"Mit\u00e4 pyyd\u00e4t? Se sinulle annetaan. Ja mit\u00e4 haluat? Se t\u00e4ytet\u00e4\u00e4n, olkoon vaikka puoli valtakuntaa.\"\n"
                },
                "7": {
                    "verse_nr": 7,
                    "verse": "Niin Ester vastasi sanoen: \"T\u00e4t\u00e4 min\u00e4 pyyd\u00e4n ja haluan:\n"
                },
                "8": {
                    "verse_nr": 8,
                    "verse": "jos olen saanut armon kuninkaan silmien edess\u00e4 ja jos kuningas n\u00e4kee hyv\u00e4ksi antaa minulle, mit\u00e4 pyyd\u00e4n, ja t\u00e4ytt\u00e4\u00e4, mit\u00e4 haluan, niin tulkoot kuningas ja Haaman viel\u00e4 pitoihin, jotka min\u00e4 heille laitan; huomenna min\u00e4 teen kuninkaan toivomuksen mukaan\".\n"
                },
                "9": {
                    "verse_nr": 9,
                    "verse": "Haaman l\u00e4hti sielt\u00e4 sin\u00e4 p\u00e4iv\u00e4n\u00e4 iloisena ja hyvill\u00e4 mielin; ja kun Haaman n\u00e4ki Mordokain kuninkaan portissa eik\u00e4 t\u00e4m\u00e4 noussut yl\u00f6s eik\u00e4 n\u00e4ytt\u00e4nyt pelk\u00e4\u00e4v\u00e4n h\u00e4nt\u00e4, t\u00e4ytti viha Mordokaita kohtaan Haamanin.\n"
                },
                "10": {
                    "verse_nr": 10,
                    "verse": "Mutta Haaman hillitsi itsens\u00e4 ja meni kotiinsa. Sitten h\u00e4n l\u00e4hetti noutamaan yst\u00e4v\u00e4ns\u00e4 ja vaimonsa Sereksen.\n"
                },
                "11": {
                    "verse_nr": 11,
                    "verse": "Ja Haaman kehuskeli heille rikkautensa loistoa ja poikiensa paljoutta, ja kuinka kuningas kaikessa oli korottanut h\u00e4net ja ylent\u00e4nyt h\u00e4net ylemm\u00e4ksi ruhtinaita ja kuninkaan palvelijoita.\n"
                },
                "12": {
                    "verse_nr": 12,
                    "verse": "Ja Haaman sanoi: \"Eip\u00e4 kuningatar Esterk\u00e4\u00e4n antanut laittamiinsa pitoihin kuninkaan kanssa tulla kenenk\u00e4\u00e4n muun kuin minun. Ja huomiseksikin min\u00e4 olen kuninkaan kanssa kutsuttu h\u00e4nen luoksensa.\n"
                },
                "13": {
                    "verse_nr": 13,
                    "verse": "Mutta t\u00e4m\u00e4 kaikki ei minua tyydyt\u00e4, niin kauan kuin min\u00e4 n\u00e4en juutalaisen Mordokain istuvan kuninkaan portissa.\"\n"
                },
                "14": {
                    "verse_nr": 14,
                    "verse": "Niin h\u00e4nen vaimonsa Seres ja kaikki h\u00e4nen yst\u00e4v\u00e4ns\u00e4 sanoivat h\u00e4nelle: \"Teht\u00e4k\u00f6\u00f6n hirsipuu, viitt\u00e4kymment\u00e4 kyyn\u00e4r\u00e4\u00e4 korkea, ja pyyd\u00e4 huomenaamuna kuninkaalta, ett\u00e4 Mordokai ripustetaan siihen, niin voit menn\u00e4 kuninkaan kanssa pitoihin iloisena\". T\u00e4m\u00e4 puhe miellytti Haamania, ja h\u00e4n teetti hirsipuun.\n"
                }
            }
        },
        "6": {
            "chapter_nr": 6,
            "chapter": {
                "1": {
                    "verse_nr": 1,
                    "verse": "Sin\u00e4 y\u00f6n\u00e4 uni pakeni kuningasta. Niin h\u00e4n k\u00e4ski tuoda muistettavain tapahtumain kirjan, aikakirjan.\n"
                },
                "2": {
                    "verse_nr": 2,
                    "verse": "Ja kun sit\u00e4 luettiin kuninkaalle, huomattiin kirjoitetun, kuinka Mordokai oli ilmaissut, ett\u00e4 Bigtan ja Teres, kaksi kuninkaan hoviherraa, ovenvartijoita, oli etsinyt tilaisuutta k\u00e4yd\u00e4kseen k\u00e4siksi kuningas Ahasverokseen.\n"
                },
                "3": {
                    "verse_nr": 3,
                    "verse": "Niin kuningas kysyi: \"Mit\u00e4 kunniaa ja korotusta on Mordokai t\u00e4st\u00e4 saanut?\" Kuninkaan palvelijat, jotka toimittivat h\u00e4nelle palvelusta, vastasivat: \"Ei h\u00e4n ole saanut mit\u00e4\u00e4n\".\n"
                },
                "4": {
                    "verse_nr": 4,
                    "verse": "Kuningas kysyi: \"Kuka on esipihassa?\" Mutta Haaman oli tullut kuninkaan palatsin ulompaan esipihaan pyyt\u00e4m\u00e4\u00e4n kuninkaalta, ett\u00e4 Mordokai ripustettaisiin hirsipuuhun, jonka h\u00e4n oli pystytt\u00e4nyt Mordokain varalle.\n"
                },
                "5": {
                    "verse_nr": 5,
                    "verse": "Niin kuninkaan palvelijat vastasivat h\u00e4nelle: \"Katso, esipihassa seisoo Haaman\".\n"
                },
                "6": {
                    "verse_nr": 6,
                    "verse": "Kuningas sanoi: \"Tulkoon sis\u00e4\u00e4n\". Kun Haaman oli tullut, kysyi kuningas h\u00e4nelt\u00e4: \"Mit\u00e4 on teht\u00e4v\u00e4 miehelle, jota kuningas tahtoo kunnioittaa?\" Niin Haaman ajatteli syd\u00e4mess\u00e4\u00e4n: \"Kenellep\u00e4 muulle kuningas tahtoisi osoittaa kunniaa kuin minulle?\"\n"
                },
                "7": {
                    "verse_nr": 7,
                    "verse": "Ja Haaman vastasi kuninkaalle: \"Miehelle, jota kuningas tahtoo kunnioittaa,\n"
                },
                "8": {
                    "verse_nr": 8,
                    "verse": "tuotakoon kuninkaallinen puku, johon kuningas on ollut puettuna, ja hevonen, jolla kuningas on ratsastanut ja jonka p\u00e4\u00e4h\u00e4n on pantu kuninkaallinen kruunu.\n"
                },
                "9": {
                    "verse_nr": 9,
                    "verse": "Puku ja hevonen annettakoon jollekin kuninkaan ruhtinaista, ylimyksist\u00e4. Puettakoon siihen mies, jota kuningas tahtoo kunnioittaa, ja kuljetettakoon h\u00e4nt\u00e4 sen hevosen sel\u00e4ss\u00e4 kaupungin torilla ja huudettakoon h\u00e4nen edell\u00e4ns\u00e4: 'N\u00e4in tehd\u00e4\u00e4n miehelle, jota kuningas tahtoo kunnioittaa'.\"\n"
                },
                "10": {
                    "verse_nr": 10,
                    "verse": "Kuningas sanoi Haamanille: \"Hae joutuin puku ja hevonen, niinkuin sanoit, ja tee n\u00e4in juutalaiselle Mordokaille, joka istuu kuninkaan portissa. \u00c4l\u00e4 j\u00e4t\u00e4 tekem\u00e4tt\u00e4 mit\u00e4\u00e4n kaikesta, mit\u00e4 olet puhunut.\"\n"
                },
                "11": {
                    "verse_nr": 11,
                    "verse": "Niin Haaman otti puvun ja hevosen, puki Mordokain ja kuljetti h\u00e4nt\u00e4 hevosen sel\u00e4ss\u00e4 kaupungin torilla ja huusi h\u00e4nen edell\u00e4ns\u00e4: \"N\u00e4in tehd\u00e4\u00e4n miehelle, jota kuningas tahtoo kunnioittaa\".\n"
                },
                "12": {
                    "verse_nr": 12,
                    "verse": "Sitten Mordokai palasi takaisin kuninkaan porttiin, mutta Haaman kiiruhti kotiinsa murehtien ja p\u00e4\u00e4 peitettyn\u00e4.\n"
                },
                "13": {
                    "verse_nr": 13,
                    "verse": "Kun Haaman kertoi vaimollensa Serekselle ja kaikille yst\u00e4villeen kaiken, mit\u00e4 h\u00e4nelle oli tapahtunut, sanoivat h\u00e4nelle h\u00e4nen viisaansa ja h\u00e4nen vaimonsa Seres: \"Jos Mordokai, jonka edess\u00e4 olet alkanut kaatua, on syntyj\u00e4\u00e4n juutalainen, et sin\u00e4 voi h\u00e4nelle mit\u00e4\u00e4n, vaan kaadut h\u00e4nen eteens\u00e4 maahan asti\".\n"
                },
                "14": {
                    "verse_nr": 14,
                    "verse": "Heid\u00e4n viel\u00e4 puhuessaan h\u00e4nen kanssansa, tulivat kuninkaan hoviherrat ja veiv\u00e4t kiiruusti Haamanin pitoihin, jotka Ester oli laittanut.\n"
                }
            }
        },
        "7": {
            "chapter_nr": 7,
            "chapter": {
                "1": {
                    "verse_nr": 1,
                    "verse": "Kun kuningas ja Haaman olivat tulleet kuningatar Esterin luo juomaan,\n"
                },
                "2": {
                    "verse_nr": 2,
                    "verse": "sanoi kuningas juominkien aikana Esterille nytkin, toisena p\u00e4iv\u00e4n\u00e4: \"Mit\u00e4 pyyd\u00e4t, kuningatar Ester? Se sinulle annetaan. Ja mit\u00e4 haluat? Se t\u00e4ytet\u00e4\u00e4n, olkoon vaikka puoli valtakuntaa.\"\n"
                },
                "3": {
                    "verse_nr": 3,
                    "verse": "Niin kuningatar Ester vastasi ja sanoi: \"Jos olen saanut armon sinun silmiesi edess\u00e4, kuningas, ja jos kuningas hyv\u00e4ksi n\u00e4kee, niin annettakoon minulle oma henkeni, kun sit\u00e4 pyyd\u00e4n, ja kansani, kun sit\u00e4 haluan.\n"
                },
                "4": {
                    "verse_nr": 4,
                    "verse": "Sill\u00e4 meid\u00e4t on myyty, minut ja kansani, h\u00e4vitett\u00e4viksi, tapettaviksi ja tuhottaviksi. Jos meid\u00e4t olisi myyty vain orjiksi ja orjattariksi, olisin siit\u00e4 vaiti, sill\u00e4 sen vaivan takia ei kannattaisi kuningasta vaivata.\"\n"
                },
                "5": {
                    "verse_nr": 5,
                    "verse": "Niin sanoi kuningas Ahasveros ja kysyi kuningatar Esterilt\u00e4: \"Kuka se on, ja miss\u00e4 se on, joka on rohjennut tehd\u00e4 sellaista?\"\n"
                },
                "6": {
                    "verse_nr": 6,
                    "verse": "Ester vastasi: \"Se vastustaja ja vihamies on tuo paha Haaman\". Niin Haaman pelj\u00e4styi kuningasta ja kuningatarta.\n"
                },
                "7": {
                    "verse_nr": 7,
                    "verse": "Kuningas nousi vihoissaan juomingeista ja meni linnan puutarhaan, mutta Haaman j\u00e4i siihen pyyt\u00e4\u00e4kseen henke\u00e4ns\u00e4 kuningatar Esterilt\u00e4, sill\u00e4 h\u00e4n n\u00e4ki, ett\u00e4 kuninkaalla oli paha mieless\u00e4 h\u00e4nt\u00e4 vastaan.\n"
                },
                "8": {
                    "verse_nr": 8,
                    "verse": "Kun kuningas tuli linnan puutarhasta takaisin linnaan, jossa juomingit olivat, oli Haaman juuri heitt\u00e4ytym\u00e4ss\u00e4 lepovuoteelle, jolla kuningatar Ester lep\u00e4si. Niin kuningas sanoi: \"Vai tekee h\u00e4n viel\u00e4 v\u00e4kivaltaa kuningattarelle linnassa, minun l\u00e4sn\u00e4ollessani!\" Tuskin oli t\u00e4m\u00e4 sana p\u00e4\u00e4ssyt kuninkaan suusta, kun jo Haamanin kasvot peitettiin.\n"
                },
                "9": {
                    "verse_nr": 9,
                    "verse": "Ja Harbona, yksi kuningasta palvelevista hoviherroista, sanoi: \"Katso, seisoohan Haamanin talon edess\u00e4 hirsipuu, viitt\u00e4kymment\u00e4 kyyn\u00e4r\u00e4\u00e4 korkea, se, mink\u00e4 Haaman on teett\u00e4nyt Mordokain varalle, jonka puhe kerran koitui kuninkaan hyv\u00e4ksi\". Kuningas sanoi: \"Ripustakaa h\u00e4net siihen\".\n"
                },
                "10": {
                    "verse_nr": 10,
                    "verse": "Niin ripustettiin Haaman hirsipuuhun, jonka h\u00e4n oli pystytt\u00e4nyt Mordokain varalle. Sitten kuninkaan viha asettui.\n"
                }
            }
        },
        "8": {
            "chapter_nr": 8,
            "chapter": {
                "1": {
                    "verse_nr": 1,
                    "verse": "Sin\u00e4 p\u00e4iv\u00e4n\u00e4 kuningas Ahasveros lahjoitti kuningatar Esterille Haamanin, juutalaisten vastustajan, talon. Ja Mordokai p\u00e4\u00e4si kuninkaan eteen, sill\u00e4 Ester oli ilmoittanut, mik\u00e4 Mordokai oli h\u00e4nelle.\n"
                },
                "2": {
                    "verse_nr": 2,
                    "verse": "Ja kuningas otti k\u00e4dest\u00e4\u00e4n sinettisormuksensa, jonka h\u00e4n oli otattanut pois Haamanilta, ja antoi sen Mordokaille; ja Ester pani Mordokain Haamanin talon hoitajaksi.\n"
                },
                "3": {
                    "verse_nr": 3,
                    "verse": "Mutta Ester puhui viel\u00e4 kuninkaan edess\u00e4 ja lankesi h\u00e4nen jalkainsa juureen, itki ja rukoili h\u00e4nt\u00e4 torjumaan agagilaisen Haamanin pahuuden ja sen juonen, jonka t\u00e4m\u00e4 oli punonut juutalaisia vastaan.\n"
                },
                "4": {
                    "verse_nr": 4,
                    "verse": "Niin kuningas ojensi Esteri\u00e4 kohti kultavaltikan, ja Ester nousi ja seisoi kuninkaan edess\u00e4.\n"
                },
                "5": {
                    "verse_nr": 5,
                    "verse": "Ja h\u00e4n sanoi: \"Jos kuningas hyv\u00e4ksi n\u00e4kee ja jos min\u00e4 olen saanut armon h\u00e4nen edess\u00e4ns\u00e4 ja kuningas sen soveliaaksi katsoo ja min\u00e4 olen h\u00e4nen silmiss\u00e4ns\u00e4 otollinen, niin kirjoitettakoon m\u00e4\u00e4r\u00e4ys ja peruutettakoon agagilaisen Haamanin, Hammedatan pojan, juoni, ne kirjeet, jotka h\u00e4n kirjoitutti tuhotaksensa juutalaiset kaikissa kuninkaan maakunnissa.\n"
                },
                "6": {
                    "verse_nr": 6,
                    "verse": "Sill\u00e4 kuinka min\u00e4 jaksaisin n\u00e4hd\u00e4 kansaani kohtaavan onnettomuuden, kuinka jaksaisin n\u00e4hd\u00e4 sukuni surman!\"\n"
                },
                "7": {
                    "verse_nr": 7,
                    "verse": "Niin kuningas Ahasveros sanoi kuningatar Esterille ja juutalaiselle Mordokaille: \"Katso, Haamanin talon min\u00e4 olen lahjoittanut Esterille, ja h\u00e4n itse on ripustettu hirsipuuhun, koska h\u00e4n oli k\u00e4ynyt k\u00e4siksi juutalaisiin.\n"
                },
                "8": {
                    "verse_nr": 8,
                    "verse": "Ja nyt kirjoittakaa kuninkaan nimess\u00e4 sellainen juutalaisia koskeva m\u00e4\u00e4r\u00e4ys, kuin hyv\u00e4ksi n\u00e4ette, ja sinet\u00f6ik\u00e4\u00e4 se kuninkaan sinettisormuksella; sill\u00e4 kirjelm\u00e4, joka on kirjoitettu kuninkaan nimess\u00e4 ja sinet\u00f6ity kuninkaan sinettisormuksella, on peruuttamaton.\"\n"
                },
                "9": {
                    "verse_nr": 9,
                    "verse": "Niin kutsuttiin kuninkaan kirjurit silloin, kolmannessa kuussa, se on siivan-kuussa, sen kahdentenakymmenenten\u00e4 kolmantena p\u00e4iv\u00e4n\u00e4, ja kirjoitettiin, aivan niinkuin Mordokai k\u00e4ski, m\u00e4\u00e4r\u00e4ys juutalaisille sek\u00e4 satraapeille, k\u00e4skynhaltijoille ja maaherroille sataan kahteenkymmeneen seitsem\u00e4\u00e4n maakuntaan, Intiasta Etiopiaan saakka, kuhunkin maakuntaan sen omalla kirjoituksella ja kullekin kansalle sen omalla kielell\u00e4; my\u00f6s juutalaisille heid\u00e4n kirjoituksellaan ja kielell\u00e4\u00e4n.\n"
                },
                "10": {
                    "verse_nr": 10,
                    "verse": "H\u00e4n kirjoitutti kuningas Ahasveroksen nimess\u00e4 ja sinet\u00f6i kuninkaan sinettisormuksella. Ja h\u00e4n l\u00e4hetti ratsul\u00e4hettien mukana, jotka ratsastivat tammatarhoissa kasvatetuilla hovin hevosilla, kirjeet:\n"
                },
                "11": {
                    "verse_nr": 11,
                    "verse": "ett\u00e4 kuningas sallii juutalaisten jokaisessa kaupungissa, miss\u00e4 heit\u00e4 onkin, kokoontua puolustamaan henke\u00e4ns\u00e4 h\u00e4vitt\u00e4m\u00e4ll\u00e4, tappamalla ja tuhoamalla kansan ja maakunnan kaiken asev\u00e4en, joka heit\u00e4 ahdistaa, sek\u00e4 my\u00f6s lapset ja vaimot, ja ry\u00f6st\u00e4m\u00e4\u00e4n, mit\u00e4 heilt\u00e4 on saatavana saalista,\n"
                },
                "12": {
                    "verse_nr": 12,
                    "verse": "samana p\u00e4iv\u00e4n\u00e4 kaikissa kuningas Ahasveroksen maakunnissa, kahdennentoista kuun, se on adar-kuun, kolmantenatoista p\u00e4iv\u00e4n\u00e4.\n"
                },
                "13": {
                    "verse_nr": 13,
                    "verse": "Kirjeen j\u00e4ljenn\u00f6s oli julkaistava lakina jokaisessa maakunnassa, tiedoksi kaikille kansoille, ja ett\u00e4 juutalaiset olisivat valmiit sin\u00e4 p\u00e4iv\u00e4n\u00e4 kostamaan vihollisillensa.\n"
                },
                "14": {
                    "verse_nr": 14,
                    "verse": "Hovin hevosilla ratsastavat l\u00e4hetit l\u00e4htiv\u00e4t kuninkaan k\u00e4skyst\u00e4 kiiruusti ja nopeasti matkaan kohta, kun laki oli annettu Suusanin linnassa.\n"
                },
                "15": {
                    "verse_nr": 15,
                    "verse": "Mutta Mordokai l\u00e4hti kuninkaan luota puettuna kuninkaalliseen punasiniseen purppuraan ja pellavapukuun, ja h\u00e4nell\u00e4 oli suuri kultakruunu ja viitta, tehty valkoisesta pellavakankaasta ja purppuranpunaisesta kankaasta. Ja Suusanin kaupunki riemuitsi ja oli iloissaan.\n"
                },
                "16": {
                    "verse_nr": 16,
                    "verse": "Juutalaisille oli tullut onni, ilo, riemu ja kunnia,\n"
                },
                "17": {
                    "verse_nr": 17,
                    "verse": "ja jokaisessa maakunnassa ja kaupungissa, joka paikassa, mihin kuninkaan k\u00e4sky ja h\u00e4nen lakinsa tuli, oli juutalaisilla ilo ja riemu, pidot ja juhlat. Ja paljon oli maan kansoista niit\u00e4, jotka k\u00e4\u00e4ntyiv\u00e4t juutalaisiksi, sill\u00e4 kauhu juutalaisia kohtaan oli vallannut heid\u00e4t.\n"
                }
            }
        },
        "9": {
            "chapter_nr": 9,
            "chapter": {
                "1": {
                    "verse_nr": 1,
                    "verse": "Kahdennessatoista kuussa, se on adar-kuussa, sen kolmantenatoista p\u00e4iv\u00e4n\u00e4, jona kuninkaan k\u00e4sky ja h\u00e4nen lakinsa oli toimeenpantava, sin\u00e4 p\u00e4iv\u00e4n\u00e4, jona juutalaisten viholliset olivat toivoneet saavansa heid\u00e4t valtaansa, mutta jona p\u00e4invastoin juutalaiset saivat valtaansa vihamiehens\u00e4,\n"
                },
                "2": {
                    "verse_nr": 2,
                    "verse": "kokoontuivat juutalaiset kaupungeissansa kaikissa kuningas Ahasveroksen maakunnissa k\u00e4yd\u00e4kseen k\u00e4siksi niihin, jotka hankkivat heille onnettomuutta, eik\u00e4 kukaan kest\u00e4nyt heid\u00e4n edess\u00e4ns\u00e4, sill\u00e4 kauhu heit\u00e4 kohtaan oli vallannut kaikki kansat.\n"
                },
                "3": {
                    "verse_nr": 3,
                    "verse": "Ja kaikki maaherrat, satraapit ja k\u00e4skynhaltijat ja kuninkaan virkamiehet kannattivat juutalaisia, sill\u00e4 kauhu Mordokaita kohtaan oli vallannut heid\u00e4t.\n"
                },
                "4": {
                    "verse_nr": 4,
                    "verse": "Sill\u00e4 Mordokai oli mahtava kuninkaan palatsissa, ja h\u00e4nen maineensa levisi kaikkiin maakuntiin, sill\u00e4 se mies, Mordokai, tuli yh\u00e4 mahtavammaksi.\n"
                },
                "5": {
                    "verse_nr": 5,
                    "verse": "Ja juutalaiset voittivat kaikki vihollisensa ly\u00f6den miekoilla, surmaten ja tuhoten, ja tekiv\u00e4t vihamiehillens\u00e4, mit\u00e4 tahtoivat.\n"
                },
                "6": {
                    "verse_nr": 6,
                    "verse": "Suusanin linnassa juutalaiset tappoivat ja tuhosivat viisisataa miest\u00e4.\n"
                },
                "7": {
                    "verse_nr": 7,
                    "verse": "Ja Parsandatan, Dalfonin, Aspatan,\n"
                },
                "8": {
                    "verse_nr": 8,
                    "verse": "Pooratan, Adaljan, Aridatan,\n"
                },
                "9": {
                    "verse_nr": 9,
                    "verse": "Parmastan, Arisain, Aridain ja Vaisatan,\n"
                },
                "10": {
                    "verse_nr": 10,
                    "verse": "kymmenen Haamanin, Hammedatan pojan, juutalaisten vastustajan, poikaa, he tappoivat; mutta saaliiseen he eiv\u00e4t k\u00e4yneet k\u00e4siksi.\n"
                },
                "11": {
                    "verse_nr": 11,
                    "verse": "Sin\u00e4 p\u00e4iv\u00e4n\u00e4 tuli Suusanin linnassa tapettujen luku kuninkaan tietoon.\n"
                },
                "12": {
                    "verse_nr": 12,
                    "verse": "Ja kuningas sanoi kuningatar Esterille: \"Suusanin linnassa juutalaiset ovat tappaneet ja tuhonneet viisisataa miest\u00e4 ja Haamanin kymmenen poikaa; muissa kuninkaan maakunnissa mit\u00e4 lienev\u00e4tk\u00e4\u00e4n tehneet! Mit\u00e4 nyt pyyd\u00e4t? Se sinulle annetaan. Ja mit\u00e4 viel\u00e4 haluat? Se t\u00e4ytet\u00e4\u00e4n.\"\n"
                },
                "13": {
                    "verse_nr": 13,
                    "verse": "Niin Ester sanoi: \"Jos kuningas hyv\u00e4ksi n\u00e4kee, sallittakoon Suusanin juutalaisten huomennakin tehd\u00e4 saman lain mukaan kuin t\u00e4n\u00e4 p\u00e4iv\u00e4n\u00e4. Ja ripustettakoon Haamanin kymmenen poikaa hirsipuuhun.\"\n"
                },
                "14": {
                    "verse_nr": 14,
                    "verse": "Kuningas k\u00e4ski tehd\u00e4 niin. Ja siit\u00e4 annettiin laki Suusanissa. Ja Haamanin kymmenen poikaa ripustettiin.\n"
                },
                "15": {
                    "verse_nr": 15,
                    "verse": "Ja Suusanin juutalaiset kokoontuivat my\u00f6s adar-kuun nelj\u00e4nten\u00e4toista p\u00e4iv\u00e4n\u00e4 ja tappoivat Suusanissa kolmesataa miest\u00e4; mutta saaliiseen he eiv\u00e4t k\u00e4yneet k\u00e4siksi.\n"
                },
                "16": {
                    "verse_nr": 16,
                    "verse": "My\u00f6s muut juutalaiset, jotka olivat kuninkaan maakunnissa, olivat kokoontuneet puolustamaan henke\u00e4ns\u00e4 ja p\u00e4\u00e4sseet rauhaan vihollisistansa, tapettuaan vihamiehi\u00e4\u00e4n seitsem\u00e4nkymment\u00e4viisi tuhatta-k\u00e4ym\u00e4tt\u00e4 k\u00e4siksi saaliiseen-\n"
                },
                "17": {
                    "verse_nr": 17,
                    "verse": "adar-kuun kolmantenatoista p\u00e4iv\u00e4n\u00e4; ja he lep\u00e4siv\u00e4t sen kuun nelj\u00e4nnentoista p\u00e4iv\u00e4n viett\u00e4en sen pito-ja ilop\u00e4iv\u00e4n\u00e4.\n"
                },
                "18": {
                    "verse_nr": 18,
                    "verse": "Mutta Suusanin juutalaiset olivat kokoontuneet sen kuun kolmantenatoista ja nelj\u00e4nten\u00e4toista p\u00e4iv\u00e4n\u00e4, ja he lep\u00e4siv\u00e4t sen kuun viidennentoista p\u00e4iv\u00e4n viett\u00e4en sen pito-ja ilop\u00e4iv\u00e4n\u00e4.\n"
                },
                "19": {
                    "verse_nr": 19,
                    "verse": "Sent\u00e4hden maaseudun juutalaiset, jotka asuvat maaseutukaupungeissa, viett\u00e4v\u00e4t adar-kuun nelj\u00e4nnentoista p\u00e4iv\u00e4n ilo-,pito-ja juhlap\u00e4iv\u00e4n\u00e4 ja l\u00e4hett\u00e4v\u00e4t toisilleen maistiaisia.\n"
                },
                "20": {
                    "verse_nr": 20,
                    "verse": "Ja Mordokai pani kirjaan n\u00e4m\u00e4 tapaukset. Ja h\u00e4n l\u00e4hetti kirjeet kaikille juutalaisille kuningas Ahasveroksen kaikkiin maakuntiin, l\u00e4hell\u00e4 ja kaukana oleville,\n"
                },
                "21": {
                    "verse_nr": 21,
                    "verse": "s\u00e4\u00e4t\u00e4en heille, ett\u00e4 heid\u00e4n oli vietett\u00e4v\u00e4 adar-kuun nelj\u00e4tt\u00e4toista p\u00e4iv\u00e4\u00e4 ja saman kuun viidett\u00e4toista p\u00e4iv\u00e4\u00e4 joka vuosi,\n"
                },
                "22": {
                    "verse_nr": 22,
                    "verse": "koska juutalaiset niin\u00e4 p\u00e4ivin\u00e4 olivat p\u00e4\u00e4sseet rauhaan vihollisistansa ja heille siin\u00e4 kuussa murhe oli k\u00e4\u00e4ntynyt iloksi ja suru juhlaksi-ett\u00e4 heid\u00e4n oli vietett\u00e4v\u00e4 ne p\u00e4iv\u00e4t pito-ja ilop\u00e4ivin\u00e4 ja l\u00e4hetett\u00e4v\u00e4 toisilleen maistiaisia ja k\u00f6yhille lahjoja.\n"
                },
                "23": {
                    "verse_nr": 23,
                    "verse": "Ja juutalaiset ottivat pysyv\u00e4ksi tavaksi, mit\u00e4 jo olivat alkaneet tehd\u00e4 ja mit\u00e4 Mordokai oli heille kirjoittanut.\n"
                },
                "24": {
                    "verse_nr": 24,
                    "verse": "Koska agagilainen Haaman, Hammedatan poika, kaikkien juutalaisten vastustaja, oli punonut juonen juutalaisia vastaan tuhotakseen heid\u00e4t ja oli heitt\u00e4nyt puur'in, se on arvan, h\u00e4vitt\u00e4\u00e4kseen ja tuhotakseen heid\u00e4t,\n"
                },
                "25": {
                    "verse_nr": 25,
                    "verse": "ja koska sen tultua kuninkaan tietoon t\u00e4m\u00e4 oli kirjeellisesti m\u00e4\u00e4r\u00e4nnyt, ett\u00e4 Haamanin pahan juonen, jonka h\u00e4n oli punonut juutalaisia vastaan, tuli k\u00e4\u00e4nty\u00e4 h\u00e4nen omaan p\u00e4\u00e4h\u00e4ns\u00e4 ja ett\u00e4 h\u00e4net ja h\u00e4nen poikansa oli ripustettava hirsipuuhun,\n"
                },
                "26": {
                    "verse_nr": 26,
                    "verse": "sent\u00e4hden antoivat he n\u00e4ille p\u00e4iville nimeksi puurim, puur-sanan mukaan. Sent\u00e4hden, tuon k\u00e4skykirjeen koko sis\u00e4llyksen johdosta ja sen johdosta, mit\u00e4 he itse olivat n\u00e4in n\u00e4hneet ja mit\u00e4 heille oli tapahtunut,\n"
                },
                "27": {
                    "verse_nr": 27,
                    "verse": "juutalaiset s\u00e4\u00e4tiv\u00e4t ja ottivat itsellens\u00e4 ja j\u00e4lkel\u00e4isillens\u00e4 ja kaikille heihin liittyville muuttumattomaksi ja pysyv\u00e4ksi tavaksi, ett\u00e4 n\u00e4it\u00e4 kahta p\u00e4iv\u00e4\u00e4 oli vietett\u00e4v\u00e4 m\u00e4\u00e4r\u00e4yksen mukaisesti ja m\u00e4\u00e4r\u00e4aikana joka vuosi\n"
                },
                "28": {
                    "verse_nr": 28,
                    "verse": "ja ett\u00e4 jokaisen sukupolven ja suvun oli n\u00e4it\u00e4 p\u00e4ivi\u00e4 muistettava ja vietett\u00e4v\u00e4 joka maakunnassa ja kaupungissa sek\u00e4 ett\u00e4 n\u00e4iden puurim-p\u00e4ivien tuli s\u00e4ily\u00e4 muuttumattomina juutalaisten keskuudessa eik\u00e4 niiden muisto saanut h\u00e4vit\u00e4 heid\u00e4n j\u00e4lkel\u00e4isist\u00e4ns\u00e4.\n"
                },
                "29": {
                    "verse_nr": 29,
                    "verse": "Ja kuningatar Ester, Abihailin tyt\u00e4r, ja juutalainen Mordokai kirjoittivat kaiken valtansa nojalla kirjoituksia saattaakseen s\u00e4\u00e4d\u00f6ksen\u00e4 voimaan t\u00e4m\u00e4n toisen puurim-k\u00e4skykirjeen.\n"
                },
                "30": {
                    "verse_nr": 30,
                    "verse": "Mordokai l\u00e4hetti kirjeet, yst\u00e4v\u00e4llisin ja vilpitt\u00f6min sanoin, kaikille juutalaisille Ahasveroksen valtakunnan sataan kahteenkymmeneen seitsem\u00e4\u00e4n maakuntaan,\n"
                },
                "31": {
                    "verse_nr": 31,
                    "verse": "saattaakseen s\u00e4\u00e4d\u00f6ksen\u00e4 voimaan n\u00e4m\u00e4 puurim-p\u00e4iv\u00e4t niiden m\u00e4\u00e4r\u00e4aikoina, niinkuin juutalainen Mordokai ja kuningatar Ester olivat niist\u00e4 s\u00e4\u00e4t\u00e4neet ja niinkuin juutalaiset itse olivat s\u00e4\u00e4t\u00e4neet itselleen ja j\u00e4lkel\u00e4isilleen m\u00e4\u00e4r\u00e4ykset niihin kuuluvista paastoista ja valitushuudoista.\n"
                },
                "32": {
                    "verse_nr": 32,
                    "verse": "N\u00e4in s\u00e4\u00e4dettiin Esterin k\u00e4skyst\u00e4 n\u00e4m\u00e4 puurim-m\u00e4\u00e4r\u00e4ykset ja kirjoitettiin kirjaan.\n"
                }
            }
        },
        "10": {
            "chapter_nr": 10,
            "chapter": {
                "1": {
                    "verse_nr": 1,
                    "verse": "Kuningas Ahasveros saattoi ty\u00f6veron alaisiksi sek\u00e4 mannermaan ett\u00e4 merensaaret.\n"
                },
                "2": {
                    "verse_nr": 2,
                    "verse": "Ja kaikki h\u00e4nen valta-ja uroty\u00f6ns\u00e4 ja kertomus Mordokain suuruudesta, johon kuningas h\u00e4net korotti, ne ovat kirjoitettuina Meedian ja Persian kuningasten aikakirjassa.\n"
                },
                "3": {
                    "verse_nr": 3,
                    "verse": "Sill\u00e4 juutalainen Mordokai oli kuningas Ahasveroksen l\u00e4hin mies ja oli suuri juutalaisten keskuudessa ja rakas lukuisille veljillens\u00e4, koska h\u00e4n harrasti kansansa parasta ja puhui koko heimonsa onnen puolesta.\n"
                }
            }
        }
    }
}