{
    "version": "pyharaamattu1933",
    "book_name": "Philemon",
    "book_nr": "57",
    "book": {
        "1": {
            "chapter_nr": 1,
            "chapter": {
                "1": {
                    "verse_nr": 1,
                    "verse": "Paavali, Kristuksen Jeesuksen vanki, ja veli Timoteus rakkaalle Filemonille, ty\u00f6toverillemme,\n"
                },
                "2": {
                    "verse_nr": 2,
                    "verse": "ja Appialle, sisarellemme, ja Arkippukselle, taistelutoverillemme, ja sinun kodissasi kokoontuvalle seurakunnalle.\n"
                },
                "3": {
                    "verse_nr": 3,
                    "verse": "Armo teille ja rauha Jumalalta, meid\u00e4n Is\u00e4lt\u00e4mme, ja Herralta Jeesukselta Kristukselta!\n"
                },
                "4": {
                    "verse_nr": 4,
                    "verse": "Min\u00e4 kiit\u00e4n Jumalaani aina, muistaessani sinua rukouksissani,\n"
                },
                "5": {
                    "verse_nr": 5,
                    "verse": "sill\u00e4 min\u00e4 olen kuullut sinun rakkaudestasi ja uskostasi, joka sinulla on Herraan Jeesukseen ja kaikkia pyhi\u00e4 kohtaan;\n"
                },
                "6": {
                    "verse_nr": 6,
                    "verse": "ja rukoukseni on, ett\u00e4 sinun uskosi, se usko, joka on meille yhteinen, olisi v\u00e4kev\u00e4 kaiken hyv\u00e4n tuntemisessa, mik\u00e4 meill\u00e4 Kristuksessa on.\n"
                },
                "7": {
                    "verse_nr": 7,
                    "verse": "Sill\u00e4 min\u00e4 olen saanut paljon iloa ja lohdutusta sinun rakkaudestasi, koska pyhien syd\u00e4met ovat virvoittuneet sinun kauttasi, veljeni.\n"
                },
                "8": {
                    "verse_nr": 8,
                    "verse": "Sent\u00e4hden, vaikka minulla Kristuksessa on paljon rohkeutta k\u00e4ske\u00e4 sinua tekem\u00e4\u00e4n, mit\u00e4 tehd\u00e4 tulee,\n"
                },
                "9": {
                    "verse_nr": 9,
                    "verse": "niin rakkauden t\u00e4hden min\u00e4 kuitenkin mieluummin pyyd\u00e4n, ollen t\u00e4mm\u00f6inen kuin olen, min\u00e4 vanha Paavali, ja nyt my\u00f6s Kristuksen Jeesuksen vanki-\n"
                },
                "10": {
                    "verse_nr": 10,
                    "verse": "pyyd\u00e4n sinua poikani puolesta, jonka min\u00e4 kahleissani synnytin, Onesimuksen puolesta,\n"
                },
                "11": {
                    "verse_nr": 11,
                    "verse": "sinulle ennen hy\u00f6dytt\u00f6m\u00e4n, mutta nyt sek\u00e4 sinulle ett\u00e4 minulle hy\u00f6dyllisen;\n"
                },
                "12": {
                    "verse_nr": 12,
                    "verse": "h\u00e4net min\u00e4 l\u00e4het\u00e4n sinulle takaisin, h\u00e4net, se on: oman syd\u00e4meni.\n"
                },
                "13": {
                    "verse_nr": 13,
                    "verse": "Olisin tahtonut pid\u00e4tt\u00e4\u00e4 h\u00e4net tyk\u00f6n\u00e4ni, ett\u00e4 h\u00e4n sinun sijassasi olisi palvellut minua, joka olen evankeliumin t\u00e4hden kahleissa;\n"
                },
                "14": {
                    "verse_nr": 14,
                    "verse": "mutta ilman sinun suostumustasi en tahtonut tehd\u00e4 mit\u00e4\u00e4n, ettei hyvyytesi olisi ik\u00e4\u00e4nkuin pakollinen, vaan vapaaehtoinen.\n"
                },
                "15": {
                    "verse_nr": 15,
                    "verse": "Sill\u00e4 ehk\u00e4p\u00e4 h\u00e4n sent\u00e4hden joutui eroamaan sinusta ajaksi, ett\u00e4 saisit h\u00e4net takaisin i\u00e4ksi,\n"
                },
                "16": {
                    "verse_nr": 16,
                    "verse": "ei en\u00e4\u00e4 orjana, vaan orjaa enemp\u00e4n\u00e4: rakkaana veljen\u00e4, ylen rakkaana jo minulle, kuinka paljoa enemm\u00e4n sitten sinulle, sek\u00e4 ihmisen\u00e4 ett\u00e4 Herran omana!\n"
                },
                "17": {
                    "verse_nr": 17,
                    "verse": "Jos siis pid\u00e4t minua toverinasi, niin ota h\u00e4net luoksesi niinkuin minut;\n"
                },
                "18": {
                    "verse_nr": 18,
                    "verse": "mutta jos h\u00e4n on tehnyt sinulle jotakin v\u00e4\u00e4ryytt\u00e4 tai on sinulle jotakin velkaa, niin pane se minun laskuuni.\n"
                },
                "19": {
                    "verse_nr": 19,
                    "verse": "Min\u00e4, Paavali, kirjoitan omalla k\u00e4dell\u00e4ni: \"Min\u00e4 sen maksan\"; saattaisinpa sanoa: pane se omaan laskuusi; sill\u00e4 sin\u00e4 olet minulle velkaa oman itsesikin.\n"
                },
                "20": {
                    "verse_nr": 20,
                    "verse": "Niin, veljeni, jospa saisin sinusta hy\u00f6ty\u00e4 Herrassa; virvoita syd\u00e4nt\u00e4ni Kristuksessa.\n"
                },
                "21": {
                    "verse_nr": 21,
                    "verse": "Luottaen kuuliaisuuteesi min\u00e4 kirjoitan sinulle, ja min\u00e4 tied\u00e4n, ett\u00e4 sin\u00e4 teet enemm\u00e4nkin, kuin mit\u00e4 sanon.\n"
                },
                "22": {
                    "verse_nr": 22,
                    "verse": "Lis\u00e4ksi viel\u00e4: valmista minulle maja luonasi; toivon n\u00e4et, ett\u00e4 minut rukoustenne kautta lahjoitetaan teille.\n"
                },
                "23": {
                    "verse_nr": 23,
                    "verse": "Tervehdyksen l\u00e4hett\u00e4v\u00e4t sinulle Epafras, minun vankitoverini Kristuksessa Jeesuksessa,\n"
                },
                "24": {
                    "verse_nr": 24,
                    "verse": "Markus, Aristarkus, Deemas ja Luukas, jotka ovat minun ty\u00f6tovereitani.\n"
                },
                "25": {
                    "verse_nr": 25,
                    "verse": "Herran Jeesuksen Kristuksen armo olkoon teid\u00e4n henkenne kanssa.\n"
                }
            }
        }
    }
}