{
    "version": "pyharaamattu1933",
    "book_name": "Ruth",
    "book_nr": "8",
    "book": {
        "1": {
            "chapter_nr": 1,
            "chapter": {
                "1": {
                    "verse_nr": 1,
                    "verse": "Siihen aikaan kun tuomarit hallitsivat, tuli n\u00e4l\u00e4nh\u00e4t\u00e4 maahan. Silloin muuan Juudan Beetlehemin mies l\u00e4hti sielt\u00e4 ja asettui vaimonsa ja kahden poikansa kanssa muukalaisena asumaan Mooabin maahan.\n"
                },
                "2": {
                    "verse_nr": 2,
                    "verse": "Miehen nimi oli Elimelek, h\u00e4nen vaimonsa nimi oli Noomi ja h\u00e4nen kahden poikansa nimet Mahlon ja Kiljon; he olivat efratilaisia Juudan Beetlehemist\u00e4. Niin he tulivat Mooabin maahan ja oleskelivat siell\u00e4.\n"
                },
                "3": {
                    "verse_nr": 3,
                    "verse": "Ja Elimelek, Noomin mies, kuoli, ja Noomi j\u00e4i j\u00e4lkeen kahden poikansa kanssa.\n"
                },
                "4": {
                    "verse_nr": 4,
                    "verse": "N\u00e4m\u00e4 ottivat itselleen mooabilaiset vaimot; toisen nimi oli Orpa ja toisen nimi Ruut. Ja he asuivat siell\u00e4 noin kymmenen vuotta.\n"
                },
                "5": {
                    "verse_nr": 5,
                    "verse": "Ja my\u00f6s nuo molemmat, Mahlon ja Kiljon, kuolivat, niin ett\u00e4 vaimo j\u00e4i yksin j\u00e4lkeen kahdesta pojastaan ja miehest\u00e4\u00e4n.\n"
                },
                "6": {
                    "verse_nr": 6,
                    "verse": "Silloin h\u00e4n nousi mini\u00f6ineen palataksensa takaisin Mooabin maasta, sill\u00e4 h\u00e4n oli kuullut Mooabin maassa, ett\u00e4 Herra oli pit\u00e4nyt kansastansa huolen ja antanut sille leip\u00e4\u00e4.\n"
                },
                "7": {
                    "verse_nr": 7,
                    "verse": "Niin h\u00e4n l\u00e4hti yhdess\u00e4 molempien mini\u00e4ins\u00e4 kanssa siit\u00e4 paikasta, jossa oli oleskellut. Ja heid\u00e4n tiet\u00e4 k\u00e4ydess\u00e4\u00e4n matkalla Juudan maahan\n"
                },
                "8": {
                    "verse_nr": 8,
                    "verse": "sanoi Noomi molemmille mini\u00f6illens\u00e4: \"Menk\u00e4\u00e4, palatkaa kumpikin \u00e4itinne kotiin. Herra tehk\u00f6\u00f6n teille laupeuden, niinkuin te olette vainajille ja minulle tehneet.\n"
                },
                "9": {
                    "verse_nr": 9,
                    "verse": "Herra suokoon, ett\u00e4 saisitte turvan kumpikin miehenne kodissa.\" Ja h\u00e4n suuteli heit\u00e4. Mutta he korottivat \u00e4\u00e4nens\u00e4 ja itkiv\u00e4t\n"
                },
                "10": {
                    "verse_nr": 10,
                    "verse": "ja sanoivat h\u00e4nelle: \"Me seuraamme sinua sinun kansasi luo\".\n"
                },
                "11": {
                    "verse_nr": 11,
                    "verse": "Mutta Noomi vastasi: \"K\u00e4\u00e4ntyk\u00e4\u00e4 takaisin, tytt\u00e4reni; miksi te l\u00e4htisitte minun kanssani? Voinko min\u00e4 en\u00e4\u00e4 saada poikia miehiksi teille?\n"
                },
                "12": {
                    "verse_nr": 12,
                    "verse": "K\u00e4\u00e4ntyk\u00e4\u00e4 takaisin, tytt\u00e4reni, menk\u00e4\u00e4, sill\u00e4 min\u00e4 olen liian vanha joutuakseni miehel\u00e4\u00e4n. Vaikka ajattelisinkin: 'Minulla on viel\u00e4 toivoa', ja vaikka viel\u00e4 t\u00e4n\u00e4 y\u00f6n\u00e4 joutuisin miehel\u00e4\u00e4n ja synnytt\u00e4isin poikia,\n"
                },
                "13": {
                    "verse_nr": 13,
                    "verse": "ette kai te kuitenkaan odottaisi, kunnes he kasvaisivat suuriksi, ette kai te kuitenkaan sulkeutuisi huoneeseen ja olisi miehel\u00e4\u00e4n menem\u00e4tt\u00e4. Ei, tytt\u00e4reni; min\u00e4 olen hyvin murheissani teid\u00e4n t\u00e4htenne, sill\u00e4 Herran k\u00e4si on sattunut minuun.\"\n"
                },
                "14": {
                    "verse_nr": 14,
                    "verse": "Niin he korottivat viel\u00e4 \u00e4\u00e4nens\u00e4 ja itkiv\u00e4t. Silloin Orpa suuteli anoppiaan j\u00e4\u00e4hyv\u00e4isiksi, mutta Ruut riippui kiinni h\u00e4ness\u00e4.\n"
                },
                "15": {
                    "verse_nr": 15,
                    "verse": "Ja Noomi sanoi: \"Katso, k\u00e4lysi on k\u00e4\u00e4ntynyt takaisin oman kansansa ja jumalansa luo, k\u00e4\u00e4nny sin\u00e4kin k\u00e4lysi kanssa\".\n"
                },
                "16": {
                    "verse_nr": 16,
                    "verse": "Mutta Ruut vastasi: \"\u00c4l\u00e4 vaadi minua j\u00e4tt\u00e4m\u00e4\u00e4n sinua ja k\u00e4\u00e4ntym\u00e4\u00e4n takaisin, pois sinun tyk\u00f6\u00e4si. Sill\u00e4 mihin sin\u00e4 menet, sinne min\u00e4kin menen, ja mihin sin\u00e4 j\u00e4\u00e4t, sinne min\u00e4kin j\u00e4\u00e4n; sinun kansasi on minun kansani, sinun Jumalasi on minun Jumalani.\n"
                },
                "17": {
                    "verse_nr": 17,
                    "verse": "Miss\u00e4 sin\u00e4 kuolet, siell\u00e4 min\u00e4kin tahdon kuolla ja sinne tulla haudatuksi. Herra rangaiskoon minua nyt ja vasta, jos muu kuin kuolema erottaa meid\u00e4t.\"\n"
                },
                "18": {
                    "verse_nr": 18,
                    "verse": "Kun Noomi n\u00e4ki, ett\u00e4 h\u00e4n oli lujasti p\u00e4\u00e4tt\u00e4nyt seurata h\u00e4nt\u00e4, ei h\u00e4n en\u00e4\u00e4 puhunut siit\u00e4 h\u00e4nen kanssansa.\n"
                },
                "19": {
                    "verse_nr": 19,
                    "verse": "Niin he kulkivat molemmat yhdess\u00e4, kunnes tulivat Beetlehemiin. Ja kun he tulivat Beetlehemiin, joutui koko kaupunki liikkeelle heid\u00e4n t\u00e4htens\u00e4, ja vaimot sanoivat: \"Onko t\u00e4m\u00e4 Noomi?\"\n"
                },
                "20": {
                    "verse_nr": 20,
                    "verse": "Mutta h\u00e4n vastasi heille: \"\u00c4lk\u00e4\u00e4 kutsuko minua Noomiksi, kutsukaa minua Maaraksi, sill\u00e4 Kaikkivaltias on antanut minulle paljon katkerata murhetta.\n"
                },
                "21": {
                    "verse_nr": 21,
                    "verse": "Rikkaana min\u00e4 l\u00e4hdin, mutta tyhj\u00e4n\u00e4 Herra antaa minun palata. Miksi siis kutsutte minua Noomiksi, kun Herra on minua vastaan todistanut ja Kaikkivaltias on tuottanut minulle onnettomuutta?\"\n"
                },
                "22": {
                    "verse_nr": 22,
                    "verse": "Niin Noomi palasi mini\u00e4ns\u00e4, mooabilaisen Ruutin, kanssa, joka tuli Mooabin maasta; ja he saapuivat Beetlehemiin ohranleikkuun alussa.\n"
                }
            }
        },
        "2": {
            "chapter_nr": 2,
            "chapter": {
                "1": {
                    "verse_nr": 1,
                    "verse": "Noomilla oli miehens\u00e4 puolelta sukulainen, hyvin varakas mies, Elimelekin sukua, nimelt\u00e4 Booas.\n"
                },
                "2": {
                    "verse_nr": 2,
                    "verse": "Ja mooabilainen Ruut sanoi Noomille: \"Anna minun menn\u00e4 pellolle poimimaan t\u00e4hki\u00e4 jonkun j\u00e4ljess\u00e4, jonka silmien edess\u00e4 saan armon\". Noomi vastasi h\u00e4nelle: \"Mene, tytt\u00e4reni!\"\n"
                },
                "3": {
                    "verse_nr": 3,
                    "verse": "Niin h\u00e4n l\u00e4hti ja meni poimimaan er\u00e4\u00e4lle pellolle leikkuuv\u00e4en j\u00e4ljess\u00e4; ja h\u00e4nelle sattui niin, ett\u00e4 se peltopalsta oli Booaan, joka oli Elimelekin sukua.\n"
                },
                "4": {
                    "verse_nr": 4,
                    "verse": "Ja katso, Booas tuli Beetlehemist\u00e4, ja h\u00e4n sanoi leikkuuv\u00e4elle: \"Herra olkoon teid\u00e4n kanssanne!\" He vastasivat h\u00e4nelle: \"Herra siunatkoon sinua!\"\n"
                },
                "5": {
                    "verse_nr": 5,
                    "verse": "Sitten Booas sanoi palvelijallensa, joka oli leikkuuv\u00e4en p\u00e4\u00e4llysmiehen\u00e4: \"Kenen tuo nuori nainen on?\"\n"
                },
                "6": {
                    "verse_nr": 6,
                    "verse": "Palvelija, joka oli leikkuuv\u00e4en p\u00e4\u00e4llysmiehen\u00e4, vastasi ja sanoi: \"Se on se nuori mooabitar, joka tuli Noomin mukana Mooabin maasta.\n"
                },
                "7": {
                    "verse_nr": 7,
                    "verse": "H\u00e4n sanoi: 'Salli minun poimia ja koota t\u00e4hki\u00e4 lyhteiden v\u00e4lilt\u00e4 leikkuuv\u00e4en j\u00e4ljess\u00e4'. Niin h\u00e4n tuli ja on ahertanut aamusta varhain t\u00e4h\u00e4n saakka; vasta \u00e4sken h\u00e4n hiukan lev\u00e4hti tuolla majassa.\"\n"
                },
                "8": {
                    "verse_nr": 8,
                    "verse": "Niin Booas sanoi Ruutille: \"Kuules, tytt\u00e4reni! \u00c4l\u00e4 mene muiden pelloille poimimaan \u00e4l\u00e4k\u00e4 l\u00e4hde pois t\u00e4\u00e4lt\u00e4, vaan pysyttele t\u00e4\u00e4ll\u00e4 minun palvelijattarieni mukana.\n"
                },
                "9": {
                    "verse_nr": 9,
                    "verse": "Pid\u00e4 silm\u00e4ll\u00e4, mill\u00e4 pellolla leikataan, ja kulje heid\u00e4n j\u00e4ljess\u00e4\u00e4n. Min\u00e4 olen kielt\u00e4nyt palvelijoitani koskemasta sinuun. Jos sinun tulee jano, niin mene astioille ja juo vett\u00e4, jota palvelijat ammentavat.\"\n"
                },
                "10": {
                    "verse_nr": 10,
                    "verse": "Silloin Ruut heitt\u00e4ytyi kasvoilleen, kumartui maahan ja sanoi h\u00e4nelle: \"Miten olen saanut armon sinun silmiesi edess\u00e4, niin ett\u00e4 huolehdit minusta, vaikka olen vieras?\"\n"
                },
                "11": {
                    "verse_nr": 11,
                    "verse": "Booas vastasi ja sanoi h\u00e4nelle: \"Minulle on kerrottu kaikki, mit\u00e4 sin\u00e4 olet tehnyt anopillesi miehesi kuoltua, kuinka j\u00e4tit is\u00e4si ja \u00e4itisi ja synnyinmaasi ja l\u00e4hdit kansan luo, jota et ennen tuntenut.\n"
                },
                "12": {
                    "verse_nr": 12,
                    "verse": "Herra palkitkoon sinulle tekosi; tulkoon sinulle t\u00e4ysi palkka Herralta, Israelin Jumalalta, jonka siipien alta olet tullut turvaa etsim\u00e4\u00e4n.\"\n"
                },
                "13": {
                    "verse_nr": 13,
                    "verse": "Ruut sanoi: \"Min\u00e4 olen saanut armon sinun silmiesi edess\u00e4, herrani, sill\u00e4 sin\u00e4 olet lohduttanut minua ja puhutellut palvelijatartasi yst\u00e4v\u00e4llisesti, vaikka en ole yhdenk\u00e4\u00e4n sinun palvelijattaresi vertainen\".\n"
                },
                "14": {
                    "verse_nr": 14,
                    "verse": "Ruoka-ajan tultua Booas sanoi h\u00e4nelle: \"K\u00e4y t\u00e4nne ruualle ja kasta palasesi hapanviiniin\". Niin Ruut istui leikkuuv\u00e4en viereen; ja Booas pani h\u00e4nen eteens\u00e4 paahdettuja jyvi\u00e4, niin ett\u00e4 h\u00e4n s\u00f6i tarpeeksensa ja j\u00e4i t\u00e4hteeksikin.\n"
                },
                "15": {
                    "verse_nr": 15,
                    "verse": "Kun h\u00e4n sitten nousi poimimaan, k\u00e4ski Booas palvelijoitaan sanoen: \"H\u00e4n saa poimia my\u00f6skin lyhteiden v\u00e4lilt\u00e4; ja te ette saa loukata h\u00e4nt\u00e4.\n"
                },
                "16": {
                    "verse_nr": 16,
                    "verse": "Voittepa vet\u00e4\u00e4 sitomistakin joitakin t\u00e4hki\u00e4 ja j\u00e4tt\u00e4\u00e4 ne h\u00e4nen poimittavikseen; ja te ette saa nuhdella h\u00e4nt\u00e4.\"\n"
                },
                "17": {
                    "verse_nr": 17,
                    "verse": "Niin Ruut poimi pellolla iltaan asti; sitten h\u00e4n pui, mit\u00e4 oli saanut poimituksi, ja siit\u00e4 tuli noin eefa-mitan verta ohria.\n"
                },
                "18": {
                    "verse_nr": 18,
                    "verse": "Ja h\u00e4n otti ne ja tuli kaupunkiin ja n\u00e4ytti anopillensa, mit\u00e4 oli poiminut. Sen j\u00e4lkeen Ruut otti esille t\u00e4hteet ruuasta, josta oli sy\u00f6nyt tarpeekseen, ja antoi ne h\u00e4nelle.\n"
                },
                "19": {
                    "verse_nr": 19,
                    "verse": "Silloin h\u00e4nen anoppinsa sanoi h\u00e4nelle: \"Miss\u00e4 olet t\u00e4n\u00e4\u00e4n poiminut ja miss\u00e4 olet tehnyt ty\u00f6t\u00e4? Siunattu olkoon se, joka on sinusta huolehtinut.\" Sitten h\u00e4n ilmoitti anopillensa, kenen luona h\u00e4n oli ollut ty\u00f6ss\u00e4, sanoen: \"Se mies, jonka luona olin t\u00e4n\u00e4 p\u00e4iv\u00e4n\u00e4 ty\u00f6ss\u00e4, on nimelt\u00e4\u00e4n Booas\".\n"
                },
                "20": {
                    "verse_nr": 20,
                    "verse": "Noomi sanoi mini\u00e4llens\u00e4: \"Siunatkoon h\u00e4nt\u00e4 Herra, joka on osoittanut laupeutta el\u00e4vi\u00e4 ja kuolleita kohtaan\". Ja Noomi sanoi viel\u00e4: \"H\u00e4n on sukulaisemme ja meid\u00e4n sukulunastajiamme\".\n"
                },
                "21": {
                    "verse_nr": 21,
                    "verse": "Silloin mooabilainen Ruut sanoi: \"Viel\u00e4 h\u00e4n sanoi minulle: 'Pysyttele vain minun palvelijaini mukana siihen asti, ett\u00e4 he saavat kaiken minun leikkuuni lopetetuksi'\".\n"
                },
                "22": {
                    "verse_nr": 22,
                    "verse": "Niin Noomi sanoi mini\u00e4llens\u00e4 Ruutille: \"Hyv\u00e4 on, tytt\u00e4reni, l\u00e4hde h\u00e4nen palvelijattariensa mukana, niin et joudu sysitt\u00e4v\u00e4ksi muiden pelloilla\".\n"
                },
                "23": {
                    "verse_nr": 23,
                    "verse": "Ja h\u00e4n pysytteli Booaan palvelijattarien seurassa poimien t\u00e4hki\u00e4, kunnes ohran-ja nisunleikkuu oli lopussa. Sitten h\u00e4n j\u00e4i olemaan anoppinsa luo.\n"
                }
            }
        },
        "3": {
            "chapter_nr": 3,
            "chapter": {
                "1": {
                    "verse_nr": 1,
                    "verse": "Niin Noomi, h\u00e4nen anoppinsa, sanoi h\u00e4nelle: \"Tytt\u00e4reni, min\u00e4p\u00e4 hankin sinulle turvapaikan, ett\u00e4 sinun k\u00e4visi hyvin.\n"
                },
                "2": {
                    "verse_nr": 2,
                    "verse": "Onhan Booas, jonka palvelijattarien kanssa olit, sukulaisemme; katso, h\u00e4n viskaa t\u00e4n\u00e4 y\u00f6n\u00e4 ohria puimatantereella.\n"
                },
                "3": {
                    "verse_nr": 3,
                    "verse": "Niin peseydy nyt ja voitele itsesi ja pukeudu ja mene puimatantereelle; mutta \u00e4l\u00e4 n\u00e4ytt\u00e4ydy h\u00e4nelle, ennenkuin h\u00e4n on sy\u00f6nyt ja juonut.\n"
                },
                "4": {
                    "verse_nr": 4,
                    "verse": "Kun h\u00e4n panee maata, niin katso, mihin paikkaan h\u00e4n panee maata, ja mene ja nosta peitett\u00e4 h\u00e4nen jalkojensa kohdalta ja pane siihen maata; h\u00e4n sanoo sitten sinulle, mit\u00e4 sinun on teht\u00e4v\u00e4.\"\n"
                },
                "5": {
                    "verse_nr": 5,
                    "verse": "Ruut vastasi h\u00e4nelle: \"Min\u00e4 teen kaiken, mit\u00e4 sanot\".\n"
                },
                "6": {
                    "verse_nr": 6,
                    "verse": "Niin h\u00e4n meni alas puimatantereelle ja teki aivan niin, kuin h\u00e4nen anoppinsa oli h\u00e4nt\u00e4 k\u00e4skenyt.\n"
                },
                "7": {
                    "verse_nr": 7,
                    "verse": "Ja kun Booas oli sy\u00f6nyt ja juonut, tuli h\u00e4nen syd\u00e4mens\u00e4 iloiseksi, ja h\u00e4n meni maata viljakasan \u00e4\u00e4reen. Ja Ruut tuli hiljaa ja nosti peitett\u00e4 h\u00e4nen jalkojensa kohdalta ja pani siihen maata.\n"
                },
                "8": {
                    "verse_nr": 8,
                    "verse": "Puoliy\u00f6n aikana mies s\u00e4ik\u00e4hti ja kumartui eteenp\u00e4in; ja katso, nainen makasi h\u00e4nen jalkapohjissaan.\n"
                },
                "9": {
                    "verse_nr": 9,
                    "verse": "Ja h\u00e4n kysyi: \"Kuka sin\u00e4 olet?\" H\u00e4n vastasi: \"Min\u00e4 olen Ruut, palvelijattaresi. Levit\u00e4 liepeesi palvelijattaresi yli, sill\u00e4 sin\u00e4 olet minun sukulunastajani.\"\n"
                },
                "10": {
                    "verse_nr": 10,
                    "verse": "H\u00e4n sanoi: \"Herra siunatkoon sinua, tytt\u00e4reni! Sin\u00e4 olet osoittanut sukurakkauttasi nyt viimeksi viel\u00e4 kauniimmin kuin aikaisemmin, kun et ole kulkenut nuorten miesten j\u00e4ljess\u00e4, et k\u00f6yhien etk\u00e4 rikkaitten.\n"
                },
                "11": {
                    "verse_nr": 11,
                    "verse": "Ja nyt, tytt\u00e4reni, \u00e4l\u00e4 pelk\u00e4\u00e4; kaiken, mit\u00e4 sanot, teen min\u00e4 sinulle. Sill\u00e4 minun kansani portissa jokainen tiet\u00e4\u00e4 sinut kunnialliseksi naiseksi.\n"
                },
                "12": {
                    "verse_nr": 12,
                    "verse": "Totta on, ett\u00e4 min\u00e4 olen sinun sukulunastajasi, mutta on viel\u00e4 toinen sukulunastaja, joka on l\u00e4heisempi kuin min\u00e4.\n"
                },
                "13": {
                    "verse_nr": 13,
                    "verse": "J\u00e4\u00e4 t\u00e4h\u00e4n y\u00f6ksi; jos h\u00e4n huomenna lunastaa sinut, niin hyv\u00e4; lunastakoon. Mutta jollei h\u00e4n halua lunastaa sinua, niin min\u00e4 lunastan sinut, niin totta kuin Herra el\u00e4\u00e4. Lep\u00e4\u00e4 siin\u00e4 aamuun asti.\"\n"
                },
                "14": {
                    "verse_nr": 14,
                    "verse": "Niin h\u00e4n lep\u00e4si h\u00e4nen jalkapohjissaan aamuun asti, mutta nousi, ennenkuin kukaan viel\u00e4 voi tuntea toisensa. Ja Booas ajatteli: \"\u00c4lk\u00f6\u00f6n tulko tunnetuksi, ett\u00e4 tuo nainen on tullut t\u00e4nne puimatantereelle\".\n"
                },
                "15": {
                    "verse_nr": 15,
                    "verse": "Ja h\u00e4n sanoi: \"Anna t\u00e4nne vaippa, joka on yll\u00e4si, ja pid\u00e4 sit\u00e4\". Ja Ruut piti sit\u00e4. Silloin h\u00e4n mittasi siihen kuusi mittaa ohria ja pani ne h\u00e4nen selk\u00e4\u00e4ns\u00e4. Ja h\u00e4n meni kaupunkiin.\n"
                },
                "16": {
                    "verse_nr": 16,
                    "verse": "Ja Ruut tuli anoppinsa luo, joka sanoi: \"Kuinka k\u00e4vi, tytt\u00e4reni?\" Niin h\u00e4n kertoi h\u00e4nelle kaikki, mit\u00e4 mies oli h\u00e4nelle tehnyt;\n"
                },
                "17": {
                    "verse_nr": 17,
                    "verse": "ja h\u00e4n sanoi: \"N\u00e4m\u00e4 kuusi mittaa ohria h\u00e4n antoi minulle, sanoen: 'Et saa menn\u00e4 tyhjin k\u00e4sin anoppisi luo'\".\n"
                },
                "18": {
                    "verse_nr": 18,
                    "verse": "Silloin Noomi sanoi: \"Pysy alallasi, tytt\u00e4reni, kunnes saat tiet\u00e4\u00e4, kuinka asia p\u00e4\u00e4ttyy; sill\u00e4 mies ei suo itselleen lepoa, ennenkuin h\u00e4n t\u00e4n\u00e4 p\u00e4iv\u00e4n\u00e4 saattaa asian p\u00e4\u00e4t\u00f6kseen\".\n"
                }
            }
        },
        "4": {
            "chapter_nr": 4,
            "chapter": {
                "1": {
                    "verse_nr": 1,
                    "verse": "Mutta Booas meni kaupungin porttiin ja istuutui sinne. Ja katso, sukulunastaja, josta Booas oli puhunut, kulki siit\u00e4 ohitse; ja Booas sanoi: \"Sin\u00e4 siell\u00e4, poikkea t\u00e4nne istumaan\". H\u00e4n poikkesi ja istui siihen.\n"
                },
                "2": {
                    "verse_nr": 2,
                    "verse": "Senj\u00e4lkeen Booas otti kaupungin vanhimpia kymmenen miest\u00e4 ja sanoi: \"Istukaa t\u00e4h\u00e4n\". Ja he istuivat.\n"
                },
                "3": {
                    "verse_nr": 3,
                    "verse": "Sitten Booas sanoi sukulunastajalle: \"Sen peltopalstan, joka oli veljell\u00e4mme Elimelekill\u00e4, on Noomi, joka on palannut Mooabin maasta, myynyt.\n"
                },
                "4": {
                    "verse_nr": 4,
                    "verse": "Sent\u00e4hden ajattelin: min\u00e4 ilmoitan siit\u00e4 sinulle ja sanon: osta se t\u00e4ss\u00e4 saapuvilla olevien ja minun kansani vanhimpien l\u00e4sn\u00e4ollessa. Jos tahdot sen lunastaa sukuun, niin lunasta. Mutta ellet tahdo sit\u00e4 lunastaa, niin ilmoita minulle, ett\u00e4 saan sen tiet\u00e4\u00e4; sill\u00e4 ei ole ket\u00e4\u00e4n muuta sukulunastajaa kuin sin\u00e4, ja sinun j\u00e4lkeesi min\u00e4.\" H\u00e4n sanoi: \"Min\u00e4 lunastan sen\".\n"
                },
                "5": {
                    "verse_nr": 5,
                    "verse": "Niin Booas sanoi: \"Ostaessasi pellon Noomilta ostat sen my\u00f6skin mooabilaiselta Ruutilta, vainajan leskelt\u00e4, ja sinun on pysytett\u00e4v\u00e4 vainajan nimi h\u00e4nen perint\u00f6osassaan\".\n"
                },
                "6": {
                    "verse_nr": 6,
                    "verse": "Silloin sanoi sukulunastaja: \"En voi lunastaa sit\u00e4 itselleni, sill\u00e4 siten min\u00e4 turmelisin oman perint\u00f6osani. Lunasta sin\u00e4 itsellesi, mit\u00e4 minun olisi lunastettava; min\u00e4 en voi sit\u00e4 tehd\u00e4.\"\n"
                },
                "7": {
                    "verse_nr": 7,
                    "verse": "Muinoin oli Israelissa lunastus-ja vaihtokauppoja vahvistettaessa tapa t\u00e4llainen: riisuttiin kenk\u00e4 ja annettiin toiselle; t\u00e4t\u00e4 k\u00e4ytettiin Israelissa todistuksena.\n"
                },
                "8": {
                    "verse_nr": 8,
                    "verse": "Niin sukulunastaja sanoi Booaalle: \"Osta sin\u00e4 se itsellesi\". Ja h\u00e4n veti keng\u00e4n jalastaan.\n"
                },
                "9": {
                    "verse_nr": 9,
                    "verse": "Silloin sanoi Booas vanhimmille ja kaikelle kansalle: \"Te olette t\u00e4n\u00e4\u00e4n todistajina, ett\u00e4 min\u00e4 ostan Noomilta kaiken Elimelekin ja kaiken Kiljonin ja Mahlonin omaisuuden.\n"
                },
                "10": {
                    "verse_nr": 10,
                    "verse": "Samalla min\u00e4 olen ostanut my\u00f6s mooabilaisen Ruutin, Mahlonin lesken, vaimokseni, pysytt\u00e4\u00e4kseni vainajan nimen h\u00e4nen perint\u00f6osassaan, ettei vainajan nimi h\u00e4vi\u00e4isi h\u00e4nen veljiens\u00e4 keskuudesta eik\u00e4 h\u00e4nen kotipaikkansa portista; sen todistajat te olette t\u00e4n\u00e4 p\u00e4iv\u00e4n\u00e4.\"\n"
                },
                "11": {
                    "verse_nr": 11,
                    "verse": "Niin kaikki kansa, joka oli portissa saapuvilla, ja vanhimmat sanoivat: \"Me olemme sen todistajat. Suokoon Herra, ett\u00e4 vaimo, joka tulee taloosi, tulisi Raakelin ja Leean kaltaiseksi, jotka molemmat rakensivat Israelin huoneen. Tee v\u00e4kevi\u00e4 tekoja Efratassa ja saata nimesi kuuluisaksi Beetlehemiss\u00e4.\n"
                },
                "12": {
                    "verse_nr": 12,
                    "verse": "Ja tulkoon niist\u00e4 j\u00e4lkel\u00e4isist\u00e4, jotka Herra antaa sinulle t\u00e4st\u00e4 nuoresta naisesta, sinulle suku, Pereksen suvun kaltainen, h\u00e4nen, jonka Taamar synnytti Juudalle.\"\n"
                },
                "13": {
                    "verse_nr": 13,
                    "verse": "Niin Booas otti Ruutin, ja t\u00e4m\u00e4 tuli h\u00e4nen vaimokseen. Ja h\u00e4n yhtyi h\u00e4neen; ja Herra antoi h\u00e4nen tulla raskaaksi, ja h\u00e4n synnytti pojan.\n"
                },
                "14": {
                    "verse_nr": 14,
                    "verse": "Silloin vaimot sanoivat Noomille: \"Kiitetty olkoon Herra, joka t\u00e4n\u00e4 p\u00e4iv\u00e4n\u00e4 salli sinun saada sukulunastajan. H\u00e4nen nimens\u00e4 tulee kuuluisaksi Israelissa.\n"
                },
                "15": {
                    "verse_nr": 15,
                    "verse": "H\u00e4n on virvoittava sinua, ja h\u00e4nest\u00e4 on tuleva sinun vanhuutesi tuki, sill\u00e4 mini\u00e4si, joka rakastaa sinua, on h\u00e4net synnytt\u00e4nyt, h\u00e4n, joka on sinulle parempi kuin seitsem\u00e4n poikaa.\"\n"
                },
                "16": {
                    "verse_nr": 16,
                    "verse": "Niin Noomi otti lapsen, pani sen helmaansa ja rupesi sen hoitajaksi.\n"
                },
                "17": {
                    "verse_nr": 17,
                    "verse": "Ja naapurivaimot antoivat lapselle nimen, sanoen: \"Noomille on syntynyt poika\". Ja he panivat h\u00e4nen nimekseen Oobed. H\u00e4nest\u00e4 tuli Iisain, Daavidin is\u00e4n, is\u00e4.\n"
                },
                "18": {
                    "verse_nr": 18,
                    "verse": "T\u00e4m\u00e4 on Pereksen sukuluettelo: Perekselle syntyi Hesron.\n"
                },
                "19": {
                    "verse_nr": 19,
                    "verse": "Hesronille syntyi Raam, ja Raamille syntyi Amminadab.\n"
                },
                "20": {
                    "verse_nr": 20,
                    "verse": "Amminadabille syntyi Nahson, ja Nahsonille syntyi Salma.\n"
                },
                "21": {
                    "verse_nr": 21,
                    "verse": "Salmalle syntyi Booas, ja Booaalle syntyi Oobed.\n"
                },
                "22": {
                    "verse_nr": 22,
                    "verse": "Oobedille syntyi Iisai, ja Iisaille syntyi Daavid.\n"
                }
            }
        }
    }
}