{
    "version": "JUB",
    "book_name": "Hebrews",
    "book_nr": "58",
    "book": {
        "1": {
            "chapter_nr": "1",
            "chapter": {
                "1": {
                    "verse_nr": "1",
                    "verse": "\u00b6 God, having spoken many times and in many ways in time past unto the fathers by the prophets,"
                },
                "2": {
                    "verse_nr": "2",
                    "verse": "has in these last times spoken unto us by his Son, whom he has appointed heir of all things, by whom also he made the ages;"
                },
                "3": {
                    "verse_nr": "3",
                    "verse": "who being the brightness of his glory and the express image of his substance and upholding all things by the word of his power, when he had by himself purged our sins, sat down on the right hand of the Majesty on high;"
                },
                "4": {
                    "verse_nr": "4",
                    "verse": "\u00b6 being made so much better than the angels, as he has by inheritance obtained a more excellent name than they."
                },
                "5": {
                    "verse_nr": "5",
                    "verse": "For unto which of the angels did he say at any time, Thou art my Son, this day I have begotten thee? And again, I will be to him a Father, and he shall be to me a Son?"
                },
                "6": {
                    "verse_nr": "6",
                    "verse": "And again, when he brought in the firstbegotten into the world, he said, And let all the angels of God worship him."
                },
                "7": {
                    "verse_nr": "7",
                    "verse": "And of the angels he said, Who makes his angels spirits and his ministers a flame of fire."
                },
                "8": {
                    "verse_nr": "8",
                    "verse": "But unto the Son he said, Thy throne, O God, is for ever and ever: a rod of equity is the sceptre of thy kingdom."
                },
                "9": {
                    "verse_nr": "9",
                    "verse": "Thou hast loved righteousness and hated iniquity; therefore, God, even thy God, has anointed thee with the oil of gladness above thy fellows."
                },
                "10": {
                    "verse_nr": "10",
                    "verse": "And Thou, Lord, in the beginning hast laid the foundation of the earth; and the heavens are the works of thine hands:"
                },
                "11": {
                    "verse_nr": "11",
                    "verse": "they shall perish; but thou dost remain; and they all shall wax old as doth a garment;"
                },
                "12": {
                    "verse_nr": "12",
                    "verse": "and as a vesture shalt thou fold them up, and they shall be changed; but thou art the same, and thy years shall never fail."
                },
                "13": {
                    "verse_nr": "13",
                    "verse": "But to which of the angels did he say at any time, Sit on my right hand until I make thine enemies thy footstool?"
                },
                "14": {
                    "verse_nr": "14",
                    "verse": "Are they not all ministering spirits, sent forth in service for the love of those who are the heirs of saving health?"
                }
            }
        },
        "2": {
            "chapter_nr": "2",
            "chapter": {
                "1": {
                    "verse_nr": "1",
                    "verse": "\u00b6 Therefore, it is necessary that we with more diligence keep the things which we have heard, so that we do not fall."
                },
                "2": {
                    "verse_nr": "2",
                    "verse": "For if the word spoken by the ministry of angels was steadfast and every rebellion and disobedience received a just recompense of reward,"
                },
                "3": {
                    "verse_nr": "3",
                    "verse": "how shall we escape, if we belittle such great saving health? Which, having begun to be published by the Lord, has been confirmed unto us by those that heard him,"
                },
                "4": {
                    "verse_nr": "4",
                    "verse": "God also bearing them witness, both with signs and wonders and with diverse miracles and gifts of the Holy Spirit, distributing them according to his own will?"
                },
                "5": {
                    "verse_nr": "5",
                    "verse": "\u00b6 For unto the angels he has not subjected the world to come, of which we speak."
                },
                "6": {
                    "verse_nr": "6",
                    "verse": "But one in a certain place testified, saying, What is man, that thou art mindful of him? or the son of man, that thou dost visit him?"
                },
                "7": {
                    "verse_nr": "7",
                    "verse": "Thou didst make him a little lower than the angels; thou didst crown him with glory and honour and didst set him over the works of thy hands."
                },
                "8": {
                    "verse_nr": "8",
                    "verse": "Thou hast put all things in subjection under his feet. For in that he put all in subjection under him, he left nothing that is not put under him. But now we do not see yet that all things are put under him."
                },
                "9": {
                    "verse_nr": "9",
                    "verse": "But we see this same Jesus, crowned with glory and honour, who was made a little lower than the angels for the suffering of death, that he by the grace of God should taste death for every man."
                },
                "10": {
                    "verse_nr": "10",
                    "verse": "\u00b6 For it was expedient that he, for whom are all things and by whom are all things, preparing to bring forth many sons in his glory, should perfect the author of their saving health through sufferings."
                },
                "11": {
                    "verse_nr": "11",
                    "verse": "For both he that sanctifies and those who are sanctified are all of one, for which cause he is not ashamed to call them brethren,"
                },
                "12": {
                    "verse_nr": "12",
                    "verse": "saying, I will declare thy name unto my brethren; in the midst of the congregation I will praise thee."
                },
                "13": {
                    "verse_nr": "13",
                    "verse": "And again, I will put my trust in him. And again, Behold I and the children which God has given me."
                },
                "14": {
                    "verse_nr": "14",
                    "verse": "\u00b6 Forasmuch then as the children are partakers of flesh and blood, he also himself likewise took part of the same, that through death he might destroy him that had the empire of death, that is, the devil,"
                },
                "15": {
                    "verse_nr": "15",
                    "verse": "and deliver those who through fear of death were all their lifetime subject to slavery."
                },
                "16": {
                    "verse_nr": "16",
                    "verse": "For verily he did not take the angels, but he took the seed of Abraham."
                },
                "17": {
                    "verse_nr": "17",
                    "verse": "Therefore in all things he should be made like unto his brethren, that he might be a merciful and faithful high priest in things pertaining to God, to make atonement for the sins of the people."
                },
                "18": {
                    "verse_nr": "18",
                    "verse": "For in that he himself has suffered and was tempted, he is also powerful to help those that are tempted."
                }
            }
        },
        "3": {
            "chapter_nr": "3",
            "chapter": {
                "1": {
                    "verse_nr": "1",
                    "verse": "\u00b6 Therefore, brethren, saints, partakers of the heavenly calling, consider the Apostle and High Priest of our profession, Christ Jesus,"
                },
                "2": {
                    "verse_nr": "2",
                    "verse": "who was faithful to him that appointed him over all his house, as also Moses was faithful."
                },
                "3": {
                    "verse_nr": "3",
                    "verse": "For this man was counted worthy of more glory than Moses, inasmuch as he who has built the house has more honour than the house."
                },
                "4": {
                    "verse_nr": "4",
                    "verse": "For every house is built by someone, but he that created all things is God."
                },
                "5": {
                    "verse_nr": "5",
                    "verse": "And Moses verily was faithful over all his house, as a servant, for a testimony of those things which were to be spoken after,"
                },
                "6": {
                    "verse_nr": "6",
                    "verse": "but Christ as a son over his own house, which house we are, if we hold fast the confidence and the glorious hope firmly until the end."
                },
                "7": {
                    "verse_nr": "7",
                    "verse": "\u00b6 Therefore, as the Holy Spirit saith, Today if ye will hear his voice,"
                },
                "8": {
                    "verse_nr": "8",
                    "verse": "harden not your hearts, as in the provocation, in the day of temptation in the wilderness:"
                },
                "9": {
                    "verse_nr": "9",
                    "verse": "Where your fathers tempted me, proved me, and saw my works forty years."
                },
                "10": {
                    "verse_nr": "10",
                    "verse": "Therefore, I was indignant with that generation and said, They do always err from their heart, and they have not known my ways."
                },
                "11": {
                    "verse_nr": "11",
                    "verse": "So I swore in my wrath, They shall not enter into my rest."
                },
                "12": {
                    "verse_nr": "12",
                    "verse": "Take heed, brethren, lest there be in any of you an evil heart of unfaithfulness, to depart from the living God."
                },
                "13": {
                    "verse_nr": "13",
                    "verse": "But exhort one another daily, while it is called Today, lest any of you be hardened through the deceitfulness of sin."
                },
                "14": {
                    "verse_nr": "14",
                    "verse": "For we are made partakers of Christ, if we hold the beginning of our confidence steadfast unto the end;"
                },
                "15": {
                    "verse_nr": "15",
                    "verse": "while it is said, Today if ye will hear his voice, harden not your hearts, as in the provocation."
                },
                "16": {
                    "verse_nr": "16",
                    "verse": "For some of those that came out of Egypt with Moses, when they had heard, did provoke; howbeit not all."
                },
                "17": {
                    "verse_nr": "17",
                    "verse": "But with whom was he indignant forty years? Was it not with those that had sinned, whose carcasses fell in the wilderness?"
                },
                "18": {
                    "verse_nr": "18",
                    "verse": "And to whom he swore that they should not enter into his rest, but to those that disobeyed?"
                },
                "19": {
                    "verse_nr": "19",
                    "verse": "So we see that they could not enter in because of their unbelief."
                }
            }
        },
        "4": {
            "chapter_nr": "4",
            "chapter": {
                "1": {
                    "verse_nr": "1",
                    "verse": "\u00b6 Let us, therefore, fear, lest a promise being left us of entering into his rest, any of you should seem to come short of it."
                },
                "2": {
                    "verse_nr": "2",
                    "verse": "For unto us was the gospel preached, as well as unto them, but it did not profit those that heard the word without mixing it with faith."
                },
                "3": {
                    "verse_nr": "3",
                    "verse": "(For we who have believed do enter into the rest) as he said, As I have sworn in my wrath, they shall not enter into my rest although the works were finished from the foundation of the world."
                },
                "4": {
                    "verse_nr": "4",
                    "verse": "For he spoke in a certain place of the seventh day like this, And God rested the seventh day from all his works."
                },
                "5": {
                    "verse_nr": "5",
                    "verse": "And in this place again, They shall not enter into my rest."
                },
                "6": {
                    "verse_nr": "6",
                    "verse": "Seeing, therefore, it remains that some must enter therein, and those to whom it was first preached did not enter in because of disobedience;"
                },
                "7": {
                    "verse_nr": "7",
                    "verse": "Again, he determines a certain day, saying, Today, by David so long a time afterward; as it is said, Today if ye will hear his voice, harden not your hearts."
                },
                "8": {
                    "verse_nr": "8",
                    "verse": "For if Jesus had given them rest, then he would not afterward have spoken of another day."
                },
                "9": {
                    "verse_nr": "9",
                    "verse": "There remains therefore a rest for the people of God."
                },
                "10": {
                    "verse_nr": "10",
                    "verse": "For he that is entered into his rest, he also has ceased from his own works, as God did from his."
                },
                "11": {
                    "verse_nr": "11",
                    "verse": "\u00b6 Let us therefore make haste to enter into that rest, lest anyone fall after the same example of disobedience."
                },
                "12": {
                    "verse_nr": "12",
                    "verse": "For the word of God is alive and efficient and sharper than any two-edged sword, piercing even to the dividing asunder of soul and spirit, and of the joints and marrow, and is a discerner of the thoughts and intents of the heart."
                },
                "13": {
                    "verse_nr": "13",
                    "verse": "Neither is there any created thing that is not manifested in his presence, but all things are naked and opened unto the eyes of him of whom we speak."
                },
                "14": {
                    "verse_nr": "14",
                    "verse": "Having, therefore, a great high priest who penetrated the heavens, Jesus the Son of God, let us hold fast this profession of our hope."
                },
                "15": {
                    "verse_nr": "15",
                    "verse": "For we do not have a high priest who cannot sympathize with our weaknesses, but was in all points tempted like as we are, yet without sin."
                },
                "16": {
                    "verse_nr": "16",
                    "verse": "Let us, therefore, come boldly unto the throne of his grace, that we may obtain mercy and find grace to help in time of need."
                }
            }
        },
        "5": {
            "chapter_nr": "5",
            "chapter": {
                "1": {
                    "verse_nr": "1",
                    "verse": "\u00b6 For every high priest is taken from among men, constituted on behalf of men in things relating to God, that he may offer both gifts and sacrifices for sins,"
                },
                "2": {
                    "verse_nr": "2",
                    "verse": "who can have compassion on the ignorant and on those that are in error; for he himself is also compassed with weakness."
                },
                "3": {
                    "verse_nr": "3",
                    "verse": "And by reason of this he ought, as for the people so also for himself, to offer for sins."
                },
                "4": {
                    "verse_nr": "4",
                    "verse": "And no one takes this honour unto himself, but he that is called of God, as was Aaron."
                },
                "5": {
                    "verse_nr": "5",
                    "verse": "So also the Christ did not glorify himself to make himself high priest; but he that said unto him, Thou art my Son; today have I begotten thee."
                },
                "6": {
                    "verse_nr": "6",
                    "verse": "As he said also in another place, Thou art a priest for ever after the order of Melchisedec."
                },
                "7": {
                    "verse_nr": "7",
                    "verse": "Who in the days of his flesh, when he had offered up prayers and supplications with strong crying and tears unto him that was able to save him from death, was heard because of his reverent fear;"
                },
                "8": {
                    "verse_nr": "8",
                    "verse": "although he was the Son of God, yet he learned obedience by the things which he suffered;"
                },
                "9": {
                    "verse_nr": "9",
                    "verse": "and being made perfect, he became the author of eternal saving health unto all those that hearken unto him,"
                },
                "10": {
                    "verse_nr": "10",
                    "verse": "\u00b6 named by God high priest after the order of Melchisedec."
                },
                "11": {
                    "verse_nr": "11",
                    "verse": "Of whom we have many things to say and difficult to declare, seeing ye are hard of hearing."
                },
                "12": {
                    "verse_nr": "12",
                    "verse": "For you should now be teaching others, if we look at the time, yet you need to be taught again which are the first elements of the oracles of God and are become such as have need of milk, and not of strong food."
                },
                "13": {
                    "verse_nr": "13",
                    "verse": "For any one that uses milk is not qualified in the word of righteousness, for he is a babe."
                },
                "14": {
                    "verse_nr": "14",
                    "verse": "But strong food belongs to those that are perfect, even those who by reason of use have their senses exercised to discern both good and evil."
                }
            }
        },
        "6": {
            "chapter_nr": "6",
            "chapter": {
                "1": {
                    "verse_nr": "1",
                    "verse": "\u00b6 Therefore, leaving now the word of the beginning of the establishment of the Christ, let us go on unto perfection, not laying again the foundation of repentance from works of death, and of faith in God,"
                },
                "2": {
                    "verse_nr": "2",
                    "verse": "of the doctrine of the baptisms, and of the laying on of hands, and of the resurrection of the dead, and of eternal judgment."
                },
                "3": {
                    "verse_nr": "3",
                    "verse": "And this we will indeed do, if God permits."
                },
                "4": {
                    "verse_nr": "4",
                    "verse": "For it is impossible that those who once received the light and tasted of that heavenly gift and were made partakers of the Holy Spirit"
                },
                "5": {
                    "verse_nr": "5",
                    "verse": "and likewise have tasted the good word of God and the virtue of the age to come,"
                },
                "6": {
                    "verse_nr": "6",
                    "verse": "and have backslidden, be renewed again by repentance, crucifying again for themselves the Son of God and putting him to an open shame."
                },
                "7": {
                    "verse_nr": "7",
                    "verse": "For the earth which drinks in the rain that comes often upon it and brings forth herbs in season for those by whom it is dressed receives blessing from God;"
                },
                "8": {
                    "verse_nr": "8",
                    "verse": "but that which bears thorns and briers is rejected and is near unto cursing, whose end shall be by fire."
                },
                "9": {
                    "verse_nr": "9",
                    "verse": "\u00b6 But, beloved, we expect better things than these of you, things near unto saving health, though we thus speak."
                },
                "10": {
                    "verse_nr": "10",
                    "verse": "For God is not unjust to forget your work and labour of charity which ye have showed in his name, having helped the saints and helping them."
                },
                "11": {
                    "verse_nr": "11",
                    "verse": "But we desire that each one of you show the same diligence until the end for the fulfillment of your hope,"
                },
                "12": {
                    "verse_nr": "12",
                    "verse": "that ye not become slothful, but imitators of those who by faith and patience inherit the promises."
                },
                "13": {
                    "verse_nr": "13",
                    "verse": "For when God promised unto Abraham, because he could swear by no greater, he swore by himself,"
                },
                "14": {
                    "verse_nr": "14",
                    "verse": "saying, Surely blessing I will bless thee and multiplying I will multiply thee."
                },
                "15": {
                    "verse_nr": "15",
                    "verse": "And so, after he had patiently endured, he obtained the promise."
                },
                "16": {
                    "verse_nr": "16",
                    "verse": "For men verily swear by the greater, and an oath for confirmation is to them an end of all controversy."
                },
                "17": {
                    "verse_nr": "17",
                    "verse": "In which God, desiring to show more abundantly unto the heirs of promise the immutability of his counsel, confirmed it by an oath,"
                },
                "18": {
                    "verse_nr": "18",
                    "verse": "that by two immutable things, in which it is impossible for God to lie, we might have a strong consolation, who have fled for refuge to lay hold upon the hope set before us,"
                },
                "19": {
                    "verse_nr": "19",
                    "verse": "which we have as an anchor of the soul, both sure and steadfast, and which enters even into that which is within the veil,"
                },
                "20": {
                    "verse_nr": "20",
                    "verse": "where our precursor, Jesus, has entered for us and is made high priest for ever after the order of Melchisedec."
                }
            }
        },
        "7": {
            "chapter_nr": "7",
            "chapter": {
                "1": {
                    "verse_nr": "1",
                    "verse": "\u00b6 For this Melchisedec, king of Salem, priest of the most high God, who met Abraham returning from the slaughter of the kings and blessed him,"
                },
                "2": {
                    "verse_nr": "2",
                    "verse": "to whom Abraham also gave a tenth part of all; first being by interpretation King of righteousness, and after that also King of Salem, which is King of peace;"
                },
                "3": {
                    "verse_nr": "3",
                    "verse": "without father, without mother, without lineage, having neither beginning of days, nor end of life, but made like unto the Son of God; abides a priest continually."
                },
                "4": {
                    "verse_nr": "4",
                    "verse": "Now consider how great this one was, unto whom even the patriarch Abraham gave the tenth of the spoils."
                },
                "5": {
                    "verse_nr": "5",
                    "verse": "And verily those that are of the sons of Levi, who receive the priesthood, have a commandment to take tithes of the people according to the law, that is, of their brethren, though they also have come out of the loins of Abraham;"
                },
                "6": {
                    "verse_nr": "6",
                    "verse": "but he whose descent is not counted in those took tithes from Abraham and blessed him that had the promises."
                },
                "7": {
                    "verse_nr": "7",
                    "verse": "And without any contradiction the less is blessed of the better."
                },
                "8": {
                    "verse_nr": "8",
                    "verse": "In the same manner, here men that die take tithes; but there he received them, of whom it is witnessed that he lives."
                },
                "9": {
                    "verse_nr": "9",
                    "verse": "And as I may so say, Levi also, who received tithes, paid tithes in Abraham."
                },
                "10": {
                    "verse_nr": "10",
                    "verse": "For he was yet in the loins of his father, when Melchisedec met him."
                },
                "11": {
                    "verse_nr": "11",
                    "verse": "\u00b6 If therefore perfection were by the Levitical priesthood (for under it the people received the law), what further need was there that another priest should rise after the order of Melchisedec and not be called after the order of Aaron?"
                },
                "12": {
                    "verse_nr": "12",
                    "verse": "For the priesthood being transposed, there is made of necessity a translation also of the law."
                },
                "13": {
                    "verse_nr": "13",
                    "verse": "For he of whom these things are spoken pertains to another tribe, of which no one presided at the altar."
                },
                "14": {
                    "verse_nr": "14",
                    "verse": "For it is manifest that our Lord sprang out of Juda, of which tribe Moses spoke nothing concerning priesthood."
                },
                "15": {
                    "verse_nr": "15",
                    "verse": "And it is yet far more manifest: if there arises another priest who is like unto Melchisedec,"
                },
                "16": {
                    "verse_nr": "16",
                    "verse": "who is not made according to the law of a carnal commandment, but by the virtue of an indissoluble life;"
                },
                "17": {
                    "verse_nr": "17",
                    "verse": "for the testimony is of this manner, Thou art a priest for ever after the order of Melchisedec."
                },
                "18": {
                    "verse_nr": "18",
                    "verse": "For there is verily a disannulling of the commandment going before for the weakness and unprofitableness of it;"
                },
                "19": {
                    "verse_nr": "19",
                    "verse": "for the law made nothing perfect, but the bringing in of a better hope did, by which we draw near unto God."
                },
                "20": {
                    "verse_nr": "20",
                    "verse": "And even more, inasmuch as it is not without an oath"
                },
                "21": {
                    "verse_nr": "21",
                    "verse": "(for the others indeed without an oath were made priests, but this one with an oath by him that said unto him, The Lord swore and will not repent, Thou art a priest for ever after the order of Melchisedec);"
                },
                "22": {
                    "verse_nr": "22",
                    "verse": "by so much better testament is Jesus made surety."
                },
                "23": {
                    "verse_nr": "23",
                    "verse": "And the others, truly, were many priests because they were not able to continue by reason of death:"
                },
                "24": {
                    "verse_nr": "24",
                    "verse": "but this man, because he continues forever, has the intransmissible priesthood."
                },
                "25": {
                    "verse_nr": "25",
                    "verse": "Therefore he is able also to save to the uttermost those that come unto God by him, seeing he ever lives to make intercession for them."
                },
                "26": {
                    "verse_nr": "26",
                    "verse": "For it was expedient that we have such a high priest, who is holy, innocent, undefiled, separate from sinners, and made higher than the heavens,"
                },
                "27": {
                    "verse_nr": "27",
                    "verse": "who needs not daily, as those high priests, to offer up sacrifice, first for his own sins and then for the people\u2019s; for this he did once, when he offered up himself."
                },
                "28": {
                    "verse_nr": "28",
                    "verse": "For the law makes men high priests who have weakness; but the word of the oath, which was after the law, has made perfect a Son forever."
                }
            }
        },
        "8": {
            "chapter_nr": "8",
            "chapter": {
                "1": {
                    "verse_nr": "1",
                    "verse": "\u00b6 Now of the things which we have spoken, this is the sum: We have such a high priest who sat down at the right hand of the throne of the Majesty in the heavens,"
                },
                "2": {
                    "verse_nr": "2",
                    "verse": "a minister of the sanctuary and of the true tabernacle, which the Lord pitched, and not man."
                },
                "3": {
                    "verse_nr": "3",
                    "verse": "For every high priest is ordained to offer gifts and sacrifices; therefore, it is also necessary that this one have something to offer."
                },
                "4": {
                    "verse_nr": "4",
                    "verse": "For if he were on earth, he should not even be a priest, being present still the other priests that offer gifts according to the law,"
                },
                "5": {
                    "verse_nr": "5",
                    "verse": "(who serve as an example and shadow of the heavenly things, as Moses was admonished of God when he was about to make the tabernacle: for, See, saith he, that thou make all things according to the pattern showed unto thee in the mount);"
                },
                "6": {
                    "verse_nr": "6",
                    "verse": "\u00b6 but now a more excellent ministry is his, in that he is the mediator of a better testament, which was established upon better promises."
                },
                "7": {
                    "verse_nr": "7",
                    "verse": "For if that first covenant had been faultless, then no place should have been sought for the second."
                },
                "8": {
                    "verse_nr": "8",
                    "verse": "For finding fault with them, he said, Behold, the days come, saith the Lord, when I will make a new testament with the house of Israel and with the house of Judah,"
                },
                "9": {
                    "verse_nr": "9",
                    "verse": "not according to the testament that I made with their fathers in the day when I took them by the hand to lead them out of the land of Egypt, because they did not continue in my testament, and I regarded them not, saith the Lord."
                },
                "10": {
                    "verse_nr": "10",
                    "verse": "For this is the testament that I will ordain to the house of Israel after those days, saith the Lord: I will give my laws into their soul and write them upon their hearts, and I will be to them a God, and they shall be to me a people:"
                },
                "11": {
                    "verse_nr": "11",
                    "verse": "and no one shall teach his neighbour nor anyone his brother, saying, Know the Lord, for all shall know me, from the least to the greatest."
                },
                "12": {
                    "verse_nr": "12",
                    "verse": "For I will reconcile their iniquities and their sins, and their iniquities I will remember no more."
                },
                "13": {
                    "verse_nr": "13",
                    "verse": "In that he says, New, he has made the first old. Now that which decays and waxes old is ready to vanish away."
                }
            }
        },
        "9": {
            "chapter_nr": "9",
            "chapter": {
                "1": {
                    "verse_nr": "1",
                    "verse": "\u00b6 Nevertheless the first had its justifications of worship and its worldly sanctuary."
                },
                "2": {
                    "verse_nr": "2",
                    "verse": "For there was a tabernacle made: the first, in which was the lampstand and the table and the showbread, which is called the sanctuary."
                },
                "3": {
                    "verse_nr": "3",
                    "verse": "And after the second veil was the tabernacle which is called the Holy of Holies,"
                },
                "4": {
                    "verse_nr": "4",
                    "verse": "which had a golden censer and the ark of the covenant overlaid round about with gold, in which was the golden urn that had the manna, and Aaron\u2019s rod that budded, and the tables of the testament,"
                },
                "5": {
                    "verse_nr": "5",
                    "verse": "and over it the cherubim of glory shadowing the seat of reconciliation, of which we cannot now speak particularly."
                },
                "6": {
                    "verse_nr": "6",
                    "verse": "Now when these things were thus ordained, the priests went always into the first tabernacle, accomplishing the service of God."
                },
                "7": {
                    "verse_nr": "7",
                    "verse": "But into the second the high priest went alone once every year, not without blood, which he offered for his own ignorance, and for that of the people:"
                },
                "8": {
                    "verse_nr": "8",
                    "verse": "\u00b6 The Holy Spirit signifying in this, that the way into the sanctuary was not yet made manifest, as long as the first tabernacle was yet standing:"
                },
                "9": {
                    "verse_nr": "9",
                    "verse": "Which was a figure of that time present, in which were offered both gifts and sacrifices, that could not make him that did the service perfect, as pertaining to the conscience,"
                },
                "10": {
                    "verse_nr": "10",
                    "verse": "but in foods and drinks and different washings and carnal ordinances, imposed on them until the time of correction."
                },
                "11": {
                    "verse_nr": "11",
                    "verse": "But Christ being now come, high priest of the good things to come, by a greater and more perfect tabernacle, not made with hands, that is to say, not of this creation,"
                },
                "12": {
                    "verse_nr": "12",
                    "verse": "neither by the blood of goats and calves, but by his own blood he entered in once into the sanctuary designed for eternal redemption."
                },
                "13": {
                    "verse_nr": "13",
                    "verse": "For if the blood of bulls and of goats and the ashes of a heifer sprinkling the unclean, sanctified to the purifying of the flesh,"
                },
                "14": {
                    "verse_nr": "14",
                    "verse": "how much more shall the blood of the Christ, who through the eternal Spirit offered himself without spot to God, purge your conscience from the works of death to serve the living God?"
                },
                "15": {
                    "verse_nr": "15",
                    "verse": "\u00b6 And for this cause he is the mediator of the new testament, so that death intervening for the redemption of the rebellions that took place under the first testament, those who are called might receive the promise of the eternal inheritance."
                },
                "16": {
                    "verse_nr": "16",
                    "verse": "For where a testament is, there must also of necessity intervene the death of the testator."
                },
                "17": {
                    "verse_nr": "17",
                    "verse": "For a testament is confirmed by the death: otherwise it is not valid as long as the testator lives."
                },
                "18": {
                    "verse_nr": "18",
                    "verse": "From which came that not even the first one was dedicated without blood."
                },
                "19": {
                    "verse_nr": "19",
                    "verse": "For when Moses had read every commandment of the law to all the people, taking the blood of calves and of goats, with water, and scarlet wool, and hyssop, he sprinkled both the book and all the people,"
                },
                "20": {
                    "verse_nr": "20",
                    "verse": "saying, This is the blood of the testament which God has commanded unto you."
                },
                "21": {
                    "verse_nr": "21",
                    "verse": "Moreover he sprinkled with blood both the tabernacle and all the vessels of the ministry."
                },
                "22": {
                    "verse_nr": "22",
                    "verse": "And almost all things are by the law purged with blood, and without shedding of blood there is no remission."
                },
                "23": {
                    "verse_nr": "23",
                    "verse": "\u00b6 So that it was necessary that the figures of the heavenly things should be purified with these, but the heavenly things themselves with better sacrifices than these."
                },
                "24": {
                    "verse_nr": "24",
                    "verse": "For Christ is not entered into the sanctuary made with hands (which is a figure of the true), but into the heaven itself, now to appear in the presence of God for us,"
                },
                "25": {
                    "verse_nr": "25",
                    "verse": "nor yet that he should offer himself many times (as the high priest enters into the sanctuary each year with blood that is not his own);"
                },
                "26": {
                    "verse_nr": "26",
                    "verse": "otherwise it would have been necessary for him to suffer many times since the foundation of the world; but now once in the consummation of the ages he has appeared to abolish sin by the sacrifice of himself."
                },
                "27": {
                    "verse_nr": "27",
                    "verse": "And as it is appointed unto men to die once, and after this the judgment;"
                },
                "28": {
                    "verse_nr": "28",
                    "verse": "so also the Christ is offered once to take away the sins of many; and unto those that wait for him without sin he shall appear the second time unto saving health."
                }
            }
        },
        "10": {
            "chapter_nr": "10",
            "chapter": {
                "1": {
                    "verse_nr": "1",
                    "verse": "\u00b6 For the law having a shadow of good things to come, and not the very image of the things, can never make perfect those who come by the same sacrifices which they offer year by year continually."
                },
                "2": {
                    "verse_nr": "2",
                    "verse": "Otherwise, they would cease to offer them, because those that sacrifice, once purged, would have no more conscience of sin."
                },
                "3": {
                    "verse_nr": "3",
                    "verse": "But in these sacrifices each year the same remembrance of sins is made."
                },
                "4": {
                    "verse_nr": "4",
                    "verse": "For the blood of bulls and of goats cannot take away sins."
                },
                "5": {
                    "verse_nr": "5",
                    "verse": "Therefore when he came into the world, he said, Sacrifice and offering thou dost not desire, but a body hast thou prepared me;"
                },
                "6": {
                    "verse_nr": "6",
                    "verse": "in burnt offerings and sacrifices for sin thou hast had no pleasure."
                },
                "7": {
                    "verse_nr": "7",
                    "verse": "\u00b6 Then said I, Behold, I come (in the volume of the book it is written of me) to do thy will, O God."
                },
                "8": {
                    "verse_nr": "8",
                    "verse": "Above when he said, Sacrifice and offering and burnt offerings and offering for sin thou dost not desire, neither hadst pleasure therein, which are offered by the law;"
                },
                "9": {
                    "verse_nr": "9",
                    "verse": "then he said, Behold, I come to do thy will, O God. He took away the first, that he may establish the second."
                },
                "10": {
                    "verse_nr": "10",
                    "verse": "In this will, we are sanctified through the offering of the body of Jesus, the Christ, once for all."
                },
                "11": {
                    "verse_nr": "11",
                    "verse": "And so every priest stands daily ministering and offering many times the same sacrifices, which can never take away sins,"
                },
                "12": {
                    "verse_nr": "12",
                    "verse": "but this man, after he had offered one sacrifice for sins for ever, is seated at the right hand of God,"
                },
                "13": {
                    "verse_nr": "13",
                    "verse": "waiting for that which follows, that is, until his enemies are made his footstool."
                },
                "14": {
                    "verse_nr": "14",
                    "verse": "For by one offering he has perfected for ever those that are sanctified."
                },
                "15": {
                    "verse_nr": "15",
                    "verse": "Likewise the Holy Spirit gives us the same witness, who afterwards said,"
                },
                "16": {
                    "verse_nr": "16",
                    "verse": "This is the testament that I will make with them after those days, saith the Lord, I will give my laws in their hearts, and in their souls will I write them;"
                },
                "17": {
                    "verse_nr": "17",
                    "verse": "and their sins and iniquities will I remember no more."
                },
                "18": {
                    "verse_nr": "18",
                    "verse": "Now where remission of these is, there is no more offering for sin."
                },
                "19": {
                    "verse_nr": "19",
                    "verse": "\u00b6 Having therefore, brethren, boldness to enter into the sanctuary by the blood of Jesus,"
                },
                "20": {
                    "verse_nr": "20",
                    "verse": "by a new and living way, which he has consecrated for us, through the veil, that is to say, his flesh;"
                },
                "21": {
                    "verse_nr": "21",
                    "verse": "and having that great priest over the house of God,"
                },
                "22": {
                    "verse_nr": "22",
                    "verse": "let us draw near with a true heart in full assurance of faith, having our hearts purified from an evil conscience and our bodies washed with pure water;"
                },
                "23": {
                    "verse_nr": "23",
                    "verse": "let us hold fast the profession of our hope without wavering (for he is faithful that promised)."
                },
                "24": {
                    "verse_nr": "24",
                    "verse": "And let us consider one another to provoke unto charity and unto good works,"
                },
                "25": {
                    "verse_nr": "25",
                    "verse": "not forsaking our gathering together, as the manner of some is, but exhorting one another and so much the more, when ye see that day approaching."
                },
                "26": {
                    "verse_nr": "26",
                    "verse": "For if we sin wilfully after we have received the knowledge of the truth, there remains no more sacrifice for sins,"
                },
                "27": {
                    "verse_nr": "27",
                    "verse": "but a certain fearful hope of judgment and fiery indignation, which shall devour the adversaries."
                },
                "28": {
                    "verse_nr": "28",
                    "verse": "He that despised the law of Moses died without mercy under two or three witnesses:"
                },
                "29": {
                    "verse_nr": "29",
                    "verse": "Of how much greater punishment, suppose ye, shall he be thought worthy, who has trodden underfoot the Son of God and has counted the blood of the covenant, with which he was sanctified, an unholy thing and has done despite unto the Spirit of grace?"
                },
                "30": {
                    "verse_nr": "30",
                    "verse": "For we know who he is that has said, Vengeance belongs to me, I will recompense, saith the Lord. And again, The Lord shall judge his people."
                },
                "31": {
                    "verse_nr": "31",
                    "verse": "It is a fearful thing to fall into the hands of the living God."
                },
                "32": {
                    "verse_nr": "32",
                    "verse": "But bring to memory the former days, in which, after ye received the light, ye endured a great fight of afflictions;"
                },
                "33": {
                    "verse_nr": "33",
                    "verse": "on the one hand ye were made a spectacle both by reproaches and tribulations, and on the other ye became companions of those that were so used."
                },
                "34": {
                    "verse_nr": "34",
                    "verse": "For ye had compassion of me in my bonds and took joyfully the spoiling of your goods, knowing that in yourselves ye have a better substance in the heavens, and that abides."
                },
                "35": {
                    "verse_nr": "35",
                    "verse": "Do not lose, therefore, this your confidence, which has great recompense of reward;"
                },
                "36": {
                    "verse_nr": "36",
                    "verse": "for patience is necessary, so that after ye have done the will of God, ye might receive the promise."
                },
                "37": {
                    "verse_nr": "37",
                    "verse": "For yet a little while, and he that shall come will come and will not tarry."
                },
                "38": {
                    "verse_nr": "38",
                    "verse": "Now the just shall live by faith, but if any man draws back, my soul shall have no pleasure in him."
                },
                "39": {
                    "verse_nr": "39",
                    "verse": "But we are not of those who draw back unto perdition, but faithful unto the saving of the soul."
                }
            }
        },
        "11": {
            "chapter_nr": "11",
            "chapter": {
                "1": {
                    "verse_nr": "1",
                    "verse": "\u00b6 Faith, therefore, is the substance of things waited for, the evidence of things not seen."
                },
                "2": {
                    "verse_nr": "2",
                    "verse": "For by it the elders obtained a good report."
                },
                "3": {
                    "verse_nr": "3",
                    "verse": "Through faith we understand that the ages were framed by the word of God, that which is seen being made of that which was not seen."
                },
                "4": {
                    "verse_nr": "4",
                    "verse": "\u00b6 By faith Abel offered unto God a more excellent sacrifice than Cain, by which he obtained witness that he was righteous, God testifying of his gifts, and by it he being dead yet speaks."
                },
                "5": {
                    "verse_nr": "5",
                    "verse": "By faith Enoch was translated that he should not see death, and was not found because God had translated him, for before his translation he had this testimony, that he pleased God."
                },
                "6": {
                    "verse_nr": "6",
                    "verse": "But without faith it is impossible to please God; for he that comes to God must believe that he is and that he is a rewarder of those that diligently seek him."
                },
                "7": {
                    "verse_nr": "7",
                    "verse": "By faith Noah, having received revelation of things not seen as yet, with great care prepared an ark to the saving of his house, by which he condemned the world and was made heir of the righteousness which is by faith."
                },
                "8": {
                    "verse_nr": "8",
                    "verse": "By faith Abraham, being called, hearkened to go out into the place which he should afterwards receive for an inheritance; and he went out, not knowing where he went."
                },
                "9": {
                    "verse_nr": "9",
                    "verse": "By faith he sojourned in the promised land, as in a strange country, dwelling in booths with Isaac and Jacob, the heirs with him of the same promise;"
                },
                "10": {
                    "verse_nr": "10",
                    "verse": "for he looked for a city which has foundations, whose builder and maker is God."
                },
                "11": {
                    "verse_nr": "11",
                    "verse": "By faith also Sara herself being sterile received strength to conceive seed and was delivered of a child when she was past age, because she believed him to be faithful who had promised."
                },
                "12": {
                    "verse_nr": "12",
                    "verse": "Therefore there sprang even of one, and him as good as dead, so many as the stars of the sky in multitude and as the sand which is by the sea shore innumerable."
                },
                "13": {
                    "verse_nr": "13",
                    "verse": "These all died in faith, not having received the promises, but seeing them afar off and believing them and embracing them and confessing that they were strangers and pilgrims on the earth."
                },
                "14": {
                    "verse_nr": "14",
                    "verse": "For those that say such things declare plainly that they seek their native country."
                },
                "15": {
                    "verse_nr": "15",
                    "verse": "And truly, if they had been mindful of that country from which they came out, they might have had time to have returned."
                },
                "16": {
                    "verse_nr": "16",
                    "verse": "But now they desire a better country, that is, a heavenly one; therefore, God is not ashamed to be called their God, for he has prepared for them a city."
                },
                "17": {
                    "verse_nr": "17",
                    "verse": "By faith Abraham, when he was tried, offered up Isaac, and he that had received the promises offered up his only begotten son,"
                },
                "18": {
                    "verse_nr": "18",
                    "verse": "of whom it was said, That in Isaac shall thy seed be called,"
                },
                "19": {
                    "verse_nr": "19",
                    "verse": "accounting that God was able to raise him up, even from the dead; from whence he also received him in a figure."
                },
                "20": {
                    "verse_nr": "20",
                    "verse": "By faith Isaac blessed Jacob and Esau concerning what they should become."
                },
                "21": {
                    "verse_nr": "21",
                    "verse": "By faith Jacob, when he was dying, blessed both the sons of Joseph, and worshipped, leaning upon the top of his staff."
                },
                "22": {
                    "verse_nr": "22",
                    "verse": "By faith Joseph, as he died, made mention of the departing of the sons of Israel, and gave a commandment concerning his bones."
                },
                "23": {
                    "verse_nr": "23",
                    "verse": "By faith Moses, when he was born, was hid three months by his parents because they saw he was a beautiful child, and they were not afraid of the king\u2019s commandment."
                },
                "24": {
                    "verse_nr": "24",
                    "verse": "By faith Moses, when he was come to years, refused to be called the son of Pharaoh\u2019s daughter,"
                },
                "25": {
                    "verse_nr": "25",
                    "verse": "choosing rather to suffer affliction with the people of God than to enjoy the pleasures of sin for a season,"
                },
                "26": {
                    "verse_nr": "26",
                    "verse": "esteeming the reproach of the Christ greater riches than the treasures in Egypt, for he had respect unto the recompense of the reward."
                },
                "27": {
                    "verse_nr": "27",
                    "verse": "By faith he forsook Egypt, not fearing the wrath of the king; for he endured, as seeing him who is invisible."
                },
                "28": {
                    "verse_nr": "28",
                    "verse": "By faith he kept the passover and the sprinkling of the blood lest he that destroyed the firstborn should touch them."
                },
                "29": {
                    "verse_nr": "29",
                    "verse": "By faith they passed through the Red Sea as by dry land, which the Egyptians attempted to do and were drowned."
                },
                "30": {
                    "verse_nr": "30",
                    "verse": "By faith the walls of Jericho fell down after they were compassed about seven days."
                },
                "31": {
                    "verse_nr": "31",
                    "verse": "By faith the harlot Rahab did not perish together with the disobedient, having received the spies with peace."
                },
                "32": {
                    "verse_nr": "32",
                    "verse": "\u00b6 And what shall I more say? For the time would fail me to tell of Gedeon and of Barak and of Samson and of Jephthae, of David also and Samuel and of the prophets,"
                },
                "33": {
                    "verse_nr": "33",
                    "verse": "who by faith won kingdoms, wrought righteousness, obtained promises, stopped the mouths of lions,"
                },
                "34": {
                    "verse_nr": "34",
                    "verse": "quenched the violence of fire, escaped the edge of the sword, recovered from infirmities, were made valiant in battle, turned to flight the armies of foreign enemies;"
                },
                "35": {
                    "verse_nr": "35",
                    "verse": "women received their dead raised to life again, and others were tortured, not accepting deliverance that they might obtain a better resurrection;"
                },
                "36": {
                    "verse_nr": "36",
                    "verse": "and others experienced cruel mockings and scourgings, and added to this, bonds and imprisonment;"
                },
                "37": {
                    "verse_nr": "37",
                    "verse": "they were stoned; they were sawn asunder, were tempted, were slain with the sword; they wandered about in sheepskins and goatskins; poor, afflicted, mistreated,"
                },
                "38": {
                    "verse_nr": "38",
                    "verse": "(of whom the world was not worthy); they wandered in deserts and in mountains and in dens and caves of the earth."
                },
                "39": {
                    "verse_nr": "39",
                    "verse": "And these all, approved by testimony of faith, received not the promise,"
                },
                "40": {
                    "verse_nr": "40",
                    "verse": "God having provided some better thing for us, that they without us should not be made perfect."
                }
            }
        },
        "12": {
            "chapter_nr": "12",
            "chapter": {
                "1": {
                    "verse_nr": "1",
                    "verse": "\u00b6 Therefore, seeing we also are compassed about with so great a cloud of witnesses, leaving behind all the weight of the sin which surrounds us, let us run with patience the race that is set before us,"
                },
                "2": {
                    "verse_nr": "2",
                    "verse": "with our eyes fixed on Jesus, the author and finisher of our faith, who having been offered joy, endured the cross, despising the shame and was seated at the right hand of the throne of God."
                },
                "3": {
                    "verse_nr": "3",
                    "verse": "For consider him that endured such contradiction of sinners against himself lest ye be wearied in your souls and faint."
                },
                "4": {
                    "verse_nr": "4",
                    "verse": "\u00b6 Ye have not yet resisted unto blood, fighting against sin."
                },
                "5": {
                    "verse_nr": "5",
                    "verse": "And ye have quite forgotten the consolation which speaks unto you as unto sons, My son, despise not thou the chastening of the Lord, nor faint when thou art reproved of him:"
                },
                "6": {
                    "verse_nr": "6",
                    "verse": "for whom the Lord loves, he chastens and scourges everyone whom he receives as a son."
                },
                "7": {
                    "verse_nr": "7",
                    "verse": "If ye endure chastening, God deals with you as with sons; for what son is he whom the father does not chasten?"
                },
                "8": {
                    "verse_nr": "8",
                    "verse": "But if ye are without chastisement, of which all the sons are partakers, then ye are bastards, and not sons."
                },
                "9": {
                    "verse_nr": "9",
                    "verse": "Furthermore, we have had fathers of our flesh who corrected us, and we gave them reverence; is it not much better to be in subjection to the Father of spirits, and we shall live?"
                },
                "10": {
                    "verse_nr": "10",
                    "verse": "For they verily for a few days chastened us as it seemed good unto them, but he for our profit, that we might be partakers of his holiness."
                },
                "11": {
                    "verse_nr": "11",
                    "verse": "It is true that no chastening at present seems to be cause for joy, but rather for grief; nevertheless, afterward it yields the peaceable fruit of righteousness unto those who are exercised by it."
                },
                "12": {
                    "verse_nr": "12",
                    "verse": "Therefore, lift up the hands which hang down, and the feeble knees,"
                },
                "13": {
                    "verse_nr": "13",
                    "verse": "and make straight steps unto your feet, so that which is lame will not turn out of the way, but let it rather be healed."
                },
                "14": {
                    "verse_nr": "14",
                    "verse": "Follow peace with everyone and holiness, without which no one shall see the Lord:"
                },
                "15": {
                    "verse_nr": "15",
                    "verse": "looking diligently that no one deviate from the grace of God, lest any root of bitterness springing up impede you, and thereby many be defiled,"
                },
                "16": {
                    "verse_nr": "16",
                    "verse": "lest there be any fornicator or profane person as Esau, who for one morsel of food sold his birthright."
                },
                "17": {
                    "verse_nr": "17",
                    "verse": "For ye know how that afterward, desiring to inherit the blessing, he was rejected; for he found no place of repentance, though he sought it carefully with tears."
                },
                "18": {
                    "verse_nr": "18",
                    "verse": "\u00b6 For ye are not come unto the mount that might be touched and that burned with fire nor unto blackness and darkness and tempest"
                },
                "19": {
                    "verse_nr": "19",
                    "verse": "and the sound of a trumpet and the voice of words, which voice those that heard intreated that the word should not be spoken to them any more;"
                },
                "20": {
                    "verse_nr": "20",
                    "verse": "(for they could not endure that which was commanded, and if so much as a beast should touch the mountain, it shall be stoned or thrust through with a dart:"
                },
                "21": {
                    "verse_nr": "21",
                    "verse": "and so terrible was the sight that Moses said, I exceedingly fear and quake);"
                },
                "22": {
                    "verse_nr": "22",
                    "verse": "but ye are come unto Mount Sion and unto the city of the living God, the heavenly Jerusalem, and to an innumerable company of angels,"
                },
                "23": {
                    "verse_nr": "23",
                    "verse": "to the congregation of the called out ones of the firstborn, who are registered in the heavens and to God the Judge of all and to the spirits of just men made perfect"
                },
                "24": {
                    "verse_nr": "24",
                    "verse": "and to Jesus, the mediator of the new testament and to the blood of sprinkling, that speaks better than that of Abel."
                },
                "25": {
                    "verse_nr": "25",
                    "verse": "See that you do not refuse him that speaks. For if those who refused him that spoke on earth did not escape, much less shall we escape, if we turn away from him that speaks from the heavens,"
                },
                "26": {
                    "verse_nr": "26",
                    "verse": "whose voice then shook the earth; but now he has promised, saying, Yet even once, I shall shake not the earth only, but also the heaven."
                },
                "27": {
                    "verse_nr": "27",
                    "verse": "And this word, Yet even once, signifies the removing of those things that are shaken, as of things that are made, that those things which cannot be shaken may remain."
                },
                "28": {
                    "verse_nr": "28",
                    "verse": "Therefore, receiving a kingdom which cannot be moved, let us hold fast to the grace, by which we serve God, pleasing him with reverence and godly fear:"
                },
                "29": {
                    "verse_nr": "29",
                    "verse": "for our God is a consuming fire."
                }
            }
        },
        "13": {
            "chapter_nr": "13",
            "chapter": {
                "1": {
                    "verse_nr": "1",
                    "verse": "\u00b6 Let brotherly love continue."
                },
                "2": {
                    "verse_nr": "2",
                    "verse": "Do not forget to show hospitality; for thereby some, having entertained angels, were kept."
                },
                "3": {
                    "verse_nr": "3",
                    "verse": "Remember those that are in bonds as bound with them and those who suffer adversity as being yourselves also in the body."
                },
                "4": {
                    "verse_nr": "4",
                    "verse": "Let marriage be honourable in all and the bed undefiled; but the fornicators and adulterers God will judge."
                },
                "5": {
                    "verse_nr": "5",
                    "verse": "Let your conversation be without covetousness, and be content with such things as ye have; for he has said, I will never leave thee, nor forsake thee."
                },
                "6": {
                    "verse_nr": "6",
                    "verse": "So that we may boldly say, The Lord is my helper, and I will not fear what man shall do unto me."
                },
                "7": {
                    "verse_nr": "7",
                    "verse": "Remember your pastors, who have spoken unto you the word of God, whose faith follow, considering the end of their conversation:"
                },
                "8": {
                    "verse_nr": "8",
                    "verse": "Jesus Christ the same yesterday and today and for the ages."
                },
                "9": {
                    "verse_nr": "9",
                    "verse": "Be not taken out of the way with diverse and strange doctrines. For it is a good thing that the heart be established with grace, not with foods which have not profited those that have been occupied with them."
                },
                "10": {
                    "verse_nr": "10",
                    "verse": "We have an altar, of which those who serve the tabernacle have no faculty to eat."
                },
                "11": {
                    "verse_nr": "11",
                    "verse": "For the bodies of those animals, whose blood is brought into the sanctuary by the high priest for sin, are burned outside the camp."
                },
                "12": {
                    "verse_nr": "12",
                    "verse": "Therefore, Jesus also, that he might sanctify the people with his own blood, suffered outside the gate."
                },
                "13": {
                    "verse_nr": "13",
                    "verse": "Let us go forth, therefore, unto him outside the camp, bearing his reproach."
                },
                "14": {
                    "verse_nr": "14",
                    "verse": "For here we have no continuing city, but we seek the one that is coming."
                },
                "15": {
                    "verse_nr": "15",
                    "verse": "By him therefore let us offer the sacrifice of praise to God continually, that is, the fruit of our lips confessing his name."
                },
                "16": {
                    "verse_nr": "16",
                    "verse": "Do not forget to do good and to fellowship; for with such sacrifices God is well pleased."
                },
                "17": {
                    "verse_nr": "17",
                    "verse": "Listen to your pastors, and do not resist them, for they watch for your souls as those that must give account, that they may do it with joy, and not with grief; for that is unprofitable for you."
                },
                "18": {
                    "verse_nr": "18",
                    "verse": "\u00b6 Pray for us: for we trust we have a good conscience in all things desiring to conduct ourselves well."
                },
                "19": {
                    "verse_nr": "19",
                    "verse": "And I beseech you all the more to do this, that I may be restored unto you sooner."
                },
                "20": {
                    "verse_nr": "20",
                    "verse": "Now the God of peace, that brought again from the dead our Lord Jesus, that great shepherd of the sheep, through the blood of the eternal testament,"
                },
                "21": {
                    "verse_nr": "21",
                    "verse": "make you perfect in every good work to do his will, working in you that which is wellpleasing in his sight, through Jesus Christ, to whom be glory for the ages of the ages. Amen."
                },
                "22": {
                    "verse_nr": "22",
                    "verse": "And I beseech you, brethren, that ye receive this word of exhortation, that I have written unto you briefly."
                },
                "23": {
                    "verse_nr": "23",
                    "verse": "Know ye that our brother Timothy is set at liberty; with whom, if he comes shortly, I will see you."
                },
                "24": {
                    "verse_nr": "24",
                    "verse": "Salute all thy pastors and all the saints. The brethren of Italy salute you."
                },
                "25": {
                    "verse_nr": "25",
                    "verse": "Grace be with you all. Amen."
                }
            }
        }
    }
}